<?xml version="1.0"?>
<COLLADA xmlns="http://www.collada.org/2005/11/COLLADASchema" version="1.4.1">
 <asset>
  <contributor>
   <author></author>
   <authoring_tool>FBX COLLADA exporter</authoring_tool>
   <comments></comments>
  </contributor>
  <created>2026-09-10T21:45:16Z</created>
  <keywords></keywords>
  <modified>2026-09-10T21:45:16Z</modified>
  <revision></revision>
  <subject></subject>
  <title></title>
  <unit meter="0.010000" name="centimeter"></unit>
  <up_axis>Y_UP</up_axis>
 </asset>
 <library_animations>
  <animation id="Character-anim" name="Character">
   <animation>
    <source id="Character-Matrix-animation-input">
     <float_array id="Character-Matrix-animation-input-array" count="15">

0.000000 0.033333 0.066667 0.100000 0.133333 0.166667 0.200000 0.233333 0.266667 0.300000 0.333333 0.366667 0.400000 0.433333 0.466667</float_array>
     <technique_common>
      <accessor source="#Character-Matrix-animation-input-array" count="15">
       <param name="TIME" type="float"></param>
      </accessor>
     </technique_common>
    </source>
    <source id="Character-Matrix-animation-output-transform">
     <float_array id="Character-Matrix-animation-output-transform-array" count="240">

1.000000 0.000000 0.000000 0.000000 0.000000 1.000000 -0.000000 0.000000 0.000000 0.000000 1.000000 0.000000 0.000000 0.000000 0.000000 1.000000
1.000000 0.000000 0.000000 0.000000 0.000000 1.000000 -0.000000 0.000000 0.000000 0.000000 1.000000 0.000000 0.000000 0.000000 0.000000 1.000000
1.000000 0.000000 0.000000 0.000000 0.000000 1.000000 -0.000000 0.000000 0.000000 0.000000 1.000000 0.000000 0.000000 0.000000 0.000000 1.000000
1.000000 0.000000 0.000000 0.000000 0.000000 1.000000 -0.000000 0.000000 0.000000 0.000000 1.000000 0.000000 0.000000 0.000000 0.000000 1.000000
1.000000 0.000000 0.000000 0.000000 0.000000 1.000000 -0.000000 0.000000 0.000000 0.000000 1.000000 0.000000 0.000000 0.000000 0.000000 1.000000
1.000000 0.000000 0.000000 0.000000 0.000000 1.000000 -0.000000 0.000000 0.000000 0.000000 1.000000 0.000000 0.000000 0.000000 0.000000 1.000000
1.000000 0.000000 0.000000 0.000000 0.000000 1.000000 -0.000000 0.000000 0.000000 0.000000 1.000000 0.000000 0.000000 0.000000 0.000000 1.000000
1.000000 0.000000 0.000000 0.000000 0.000000 1.000000 -0.000000 0.000000 0.000000 0.000000 1.000000 0.000000 0.000000 0.000000 0.000000 1.000000
1.000000 0.000000 0.000000 0.000000 0.000000 1.000000 -0.000000 0.000000 0.000000 0.000000 1.000000 0.000000 0.000000 0.000000 0.000000 1.000000
1.000000 0.000000 0.000000 0.000000 0.000000 1.000000 -0.000000 0.000000 0.000000 0.000000 1.000000 0.000000 0.000000 0.000000 0.000000 1.000000
1.000000 0.000000 0.000000 0.000000 0.000000 1.000000 -0.000000 0.000000 0.000000 0.000000 1.000000 0.000000 0.000000 0.000000 0.000000 1.000000
1.000000 0.000000 0.000000 0.000000 0.000000 1.000000 -0.000000 0.000000 0.000000 0.000000 1.000000 0.000000 0.000000 0.000000 0.000000 1.000000
1.000000 0.000000 0.000000 0.000000 0.000000 1.000000 -0.000000 0.000000 0.000000 0.000000 1.000000 0.000000 0.000000 0.000000 0.000000 1.000000
1.000000 0.000000 0.000000 0.000000 0.000000 1.000000 -0.000000 0.000000 0.000000 0.000000 1.000000 0.000000 0.000000 0.000000 0.000000 1.000000
1.000000 0.000000 0.000000 0.000000 0.000000 1.000000 -0.000000 0.000000 0.000000 0.000000 1.000000 0.000000 0.000000 0.000000 0.000000 1.000000</float_array>
     <technique_common>
      <accessor source="#Character-Matrix-animation-output-transform-array" count="15" stride="16">
       <param type="float4x4"></param>
      </accessor>
     </technique_common>
    </source>
    <source id="Character-Interpolations">
     <Name_array id="Character-Interpolations-array" count="15">
 LINEAR LINEAR LINEAR LINEAR LINEAR LINEAR LINEAR LINEAR LINEAR LINEAR LINEAR
LINEAR LINEAR LINEAR LINEAR</Name_array>
     <technique_common>
      <accessor source="#Character-Interpolations-array" count="15">
       <param type="name"></param>
      </accessor>
     </technique_common>
    </source>
    <sampler id="Character-Matrix-animation-transform">
     <input semantic="INPUT" source="#Character-Matrix-animation-input"></input>
     <input semantic="OUTPUT" source="#Character-Matrix-animation-output-transform"></input>
     <input semantic="INTERPOLATION" source="#Character-Interpolations"></input>
    </sampler>
    <channel source="#Character-Matrix-animation-transform" target="Character/matrix"></channel>
   </animation>
  </animation>
  <animation id="HIK_root_jnt-anim" name="HIK_root_jnt">
   <animation>
    <source id="HIK_root_jnt-Matrix-animation-input">
     <float_array id="HIK_root_jnt-Matrix-animation-input-array" count="15">

0.000000 0.033333 0.066667 0.100000 0.133333 0.166667 0.200000 0.233333 0.266667 0.300000 0.333333 0.366667 0.400000 0.433333 0.466667</float_array>
     <technique_common>
      <accessor source="#HIK_root_jnt-Matrix-animation-input-array" count="15">
       <param name="TIME" type="float"></param>
      </accessor>
     </technique_common>
    </source>
    <source id="HIK_root_jnt-Matrix-animation-output-transform">
     <float_array id="HIK_root_jnt-Matrix-animation-output-transform-array" count="240">

1.000000 0.000000 0.000000 0.000000 0.000000 1.000000 -0.000000 0.000000 0.000000 0.000000 1.000000 0.000000 0.000000 0.000000 0.000000 1.000000
1.000000 0.000000 0.000000 0.000000 0.000000 1.000000 -0.000000 0.000000 0.000000 0.000000 1.000000 0.000000 0.000000 0.000000 0.000000 1.000000
1.000000 0.000000 0.000000 0.000000 0.000000 1.000000 -0.000000 0.000000 0.000000 0.000000 1.000000 0.000000 0.000000 0.000000 0.000000 1.000000
1.000000 0.000000 0.000000 0.000000 0.000000 1.000000 -0.000000 0.000000 0.000000 0.000000 1.000000 0.000000 0.000000 0.000000 0.000000 1.000000
1.000000 0.000000 0.000000 0.000000 0.000000 1.000000 -0.000000 0.000000 0.000000 0.000000 1.000000 0.000000 0.000000 0.000000 0.000000 1.000000
1.000000 0.000000 0.000000 0.000000 0.000000 1.000000 -0.000000 0.000000 0.000000 0.000000 1.000000 0.000000 0.000000 0.000000 0.000000 1.000000
1.000000 0.000000 0.000000 0.000000 0.000000 1.000000 -0.000000 0.000000 0.000000 0.000000 1.000000 0.000000 0.000000 0.000000 0.000000 1.000000
1.000000 0.000000 0.000000 0.000000 0.000000 1.000000 -0.000000 0.000000 0.000000 0.000000 1.000000 0.000000 0.000000 0.000000 0.000000 1.000000
1.000000 0.000000 0.000000 0.000000 0.000000 1.000000 -0.000000 0.000000 0.000000 0.000000 1.000000 0.000000 0.000000 0.000000 0.000000 1.000000
1.000000 0.000000 0.000000 0.000000 0.000000 1.000000 -0.000000 0.000000 0.000000 0.000000 1.000000 0.000000 0.000000 0.000000 0.000000 1.000000
1.000000 0.000000 0.000000 0.000000 0.000000 1.000000 -0.000000 0.000000 0.000000 0.000000 1.000000 0.000000 0.000000 0.000000 0.000000 1.000000
1.000000 0.000000 0.000000 0.000000 0.000000 1.000000 -0.000000 0.000000 0.000000 0.000000 1.000000 0.000000 0.000000 0.000000 0.000000 1.000000
1.000000 0.000000 0.000000 0.000000 0.000000 1.000000 -0.000000 0.000000 0.000000 0.000000 1.000000 0.000000 0.000000 0.000000 0.000000 1.000000
1.000000 0.000000 0.000000 0.000000 0.000000 1.000000 -0.000000 0.000000 0.000000 0.000000 1.000000 0.000000 0.000000 0.000000 0.000000 1.000000
1.000000 0.000000 0.000000 0.000000 0.000000 1.000000 -0.000000 0.000000 0.000000 0.000000 1.000000 0.000000 0.000000 0.000000 0.000000 1.000000</float_array>
     <technique_common>
      <accessor source="#HIK_root_jnt-Matrix-animation-output-transform-array" count="15" stride="16">
       <param type="float4x4"></param>
      </accessor>
     </technique_common>
    </source>
    <source id="HIK_root_jnt-Interpolations">
     <Name_array id="HIK_root_jnt-Interpolations-array" count="15">
 LINEAR LINEAR LINEAR LINEAR LINEAR LINEAR LINEAR LINEAR LINEAR LINEAR LINEAR
LINEAR LINEAR LINEAR LINEAR</Name_array>
     <technique_common>
      <accessor source="#HIK_root_jnt-Interpolations-array" count="15">
       <param type="name"></param>
      </accessor>
     </technique_common>
    </source>
    <sampler id="HIK_root_jnt-Matrix-animation-transform">
     <input semantic="INPUT" source="#HIK_root_jnt-Matrix-animation-input"></input>
     <input semantic="OUTPUT" source="#HIK_root_jnt-Matrix-animation-output-transform"></input>
     <input semantic="INTERPOLATION" source="#HIK_root_jnt-Interpolations"></input>
    </sampler>
    <channel source="#HIK_root_jnt-Matrix-animation-transform" target="HIK_root_jnt/matrix"></channel>
   </animation>
  </animation>
  <animation id="root_jnt-anim" name="root_jnt">
   <animation>
    <source id="root_jnt-Matrix-animation-input">
     <float_array id="root_jnt-Matrix-animation-input-array" count="15">

0.000000 0.033333 0.066667 0.100000 0.133333 0.166667 0.200000 0.233333 0.266667 0.300000 0.333333 0.366667 0.400000 0.433333 0.466667</float_array>
     <technique_common>
      <accessor source="#root_jnt-Matrix-animation-input-array" count="15">
       <param name="TIME" type="float"></param>
      </accessor>
     </technique_common>
    </source>
    <source id="root_jnt-Matrix-animation-output-transform">
     <float_array id="root_jnt-Matrix-animation-output-transform-array" count="240">

1.000000 0.000000 0.000000 0.000000 0.000000 1.000000 -0.000000 0.000000 0.000000 0.000000 1.000000 0.000000 0.000000 0.000000 0.000000 1.000000
1.000000 0.000000 0.000000 0.000000 0.000000 1.000000 -0.000000 0.000000 0.000000 0.000000 1.000000 0.000000 0.000000 0.000000 0.000000 1.000000
1.000000 0.000000 0.000000 0.000000 0.000000 1.000000 -0.000000 0.000000 0.000000 0.000000 1.000000 0.000000 0.000000 0.000000 0.000000 1.000000
1.000000 0.000000 0.000000 0.000000 0.000000 1.000000 -0.000000 0.000000 0.000000 0.000000 1.000000 0.000000 0.000000 0.000000 0.000000 1.000000
1.000000 0.000000 0.000000 0.000000 0.000000 1.000000 -0.000000 0.000000 0.000000 0.000000 1.000000 0.000000 0.000000 0.000000 0.000000 1.000000
1.000000 0.000000 0.000000 0.000000 0.000000 1.000000 -0.000000 0.000000 0.000000 0.000000 1.000000 0.000000 0.000000 0.000000 0.000000 1.000000
1.000000 0.000000 0.000000 0.000000 0.000000 1.000000 -0.000000 0.000000 0.000000 0.000000 1.000000 0.000000 0.000000 0.000000 0.000000 1.000000
1.000000 0.000000 0.000000 0.000000 0.000000 1.000000 -0.000000 0.000000 0.000000 0.000000 1.000000 0.000000 0.000000 0.000000 0.000000 1.000000
1.000000 0.000000 0.000000 0.000000 0.000000 1.000000 -0.000000 0.000000 0.000000 0.000000 1.000000 0.000000 0.000000 0.000000 0.000000 1.000000
1.000000 0.000000 0.000000 0.000000 0.000000 1.000000 -0.000000 0.000000 0.000000 0.000000 1.000000 0.000000 0.000000 0.000000 0.000000 1.000000
1.000000 0.000000 0.000000 0.000000 0.000000 1.000000 -0.000000 0.000000 0.000000 0.000000 1.000000 0.000000 0.000000 0.000000 0.000000 1.000000
1.000000 0.000000 0.000000 0.000000 0.000000 1.000000 -0.000000 0.000000 0.000000 0.000000 1.000000 0.000000 0.000000 0.000000 0.000000 1.000000
1.000000 0.000000 0.000000 0.000000 0.000000 1.000000 -0.000000 0.000000 0.000000 0.000000 1.000000 0.000000 0.000000 0.000000 0.000000 1.000000
1.000000 0.000000 0.000000 0.000000 0.000000 1.000000 -0.000000 0.000000 0.000000 0.000000 1.000000 0.000000 0.000000 0.000000 0.000000 1.000000
1.000000 0.000000 0.000000 0.000000 0.000000 1.000000 -0.000000 0.000000 0.000000 0.000000 1.000000 0.000000 0.000000 0.000000 0.000000 1.000000</float_array>
     <technique_common>
      <accessor source="#root_jnt-Matrix-animation-output-transform-array" count="15" stride="16">
       <param type="float4x4"></param>
      </accessor>
     </technique_common>
    </source>
    <source id="root_jnt-Interpolations">
     <Name_array id="root_jnt-Interpolations-array" count="15">
 LINEAR LINEAR LINEAR LINEAR LINEAR LINEAR LINEAR LINEAR LINEAR LINEAR LINEAR
LINEAR LINEAR LINEAR LINEAR</Name_array>
     <technique_common>
      <accessor source="#root_jnt-Interpolations-array" count="15">
       <param type="name"></param>
      </accessor>
     </technique_common>
    </source>
    <sampler id="root_jnt-Matrix-animation-transform">
     <input semantic="INPUT" source="#root_jnt-Matrix-animation-input"></input>
     <input semantic="OUTPUT" source="#root_jnt-Matrix-animation-output-transform"></input>
     <input semantic="INTERPOLATION" source="#root_jnt-Interpolations"></input>
    </sampler>
    <channel source="#root_jnt-Matrix-animation-transform" target="root_jnt/matrix"></channel>
   </animation>
  </animation>
  <animation id="jnt_hips-anim" name="jnt_hips">
   <animation>
    <source id="jnt_hips-Matrix-animation-input">
     <float_array id="jnt_hips-Matrix-animation-input-array" count="15">

0.000000 0.033333 0.066667 0.100000 0.133333 0.166667 0.200000 0.233333 0.266667 0.300000 0.333333 0.366667 0.400000 0.433333 0.466667</float_array>
     <technique_common>
      <accessor source="#jnt_hips-Matrix-animation-input-array" count="15">
       <param name="TIME" type="float"></param>
      </accessor>
     </technique_common>
    </source>
    <source id="jnt_hips-Matrix-animation-output-transform">
     <float_array id="jnt_hips-Matrix-animation-output-transform-array" count="240">

1.000000 0.000000 0.000000 0.000000 -0.000000 0.999997 -0.002456 2.061423 -0.000000 0.002456 0.999997 -0.094053 0.000000 0.000000 0.000000 1.000000
1.000000 0.000000 0.000000 0.000000 -0.000000 0.999997 -0.002456 2.061423 -0.000000 0.002456 0.999997 -0.094053 0.000000 0.000000 0.000000 1.000000
1.000000 0.000000 0.000000 0.000000 -0.000000 0.999997 -0.002456 2.061423 -0.000000 0.002456 0.999997 -0.094053 0.000000 0.000000 0.000000 1.000000
1.000000 0.000000 0.000000 0.000000 -0.000000 0.999997 -0.002456 2.061423 -0.000000 0.002456 0.999997 -0.094053 0.000000 0.000000 0.000000 1.000000
1.000000 0.000000 0.000000 0.000000 -0.000000 0.999997 -0.002456 2.061423 -0.000000 0.002456 0.999997 -0.094053 0.000000 0.000000 0.000000 1.000000
1.000000 0.000000 0.000000 0.000000 -0.000000 0.999997 -0.002456 2.061423 -0.000000 0.002456 0.999997 -0.094053 0.000000 0.000000 0.000000 1.000000
1.000000 0.000000 0.000000 0.000000 -0.000000 0.999997 -0.002456 2.061423 -0.000000 0.002456 0.999997 -0.094053 0.000000 0.000000 0.000000 1.000000
1.000000 0.000000 0.000000 0.000000 -0.000000 0.999997 -0.002456 2.061423 -0.000000 0.002456 0.999997 -0.094053 0.000000 0.000000 0.000000 1.000000
1.000000 0.000000 0.000000 0.000000 -0.000000 0.999997 -0.002456 2.061423 -0.000000 0.002456 0.999997 -0.094053 0.000000 0.000000 0.000000 1.000000
1.000000 0.000000 0.000000 0.000000 -0.000000 0.999997 -0.002456 2.061423 -0.000000 0.002456 0.999997 -0.094053 0.000000 0.000000 0.000000 1.000000
1.000000 0.000000 0.000000 0.000000 -0.000000 0.999997 -0.002456 2.061423 -0.000000 0.002456 0.999997 -0.094053 0.000000 0.000000 0.000000 1.000000
1.000000 0.000000 0.000000 0.000000 -0.000000 0.999997 -0.002456 2.061423 -0.000000 0.002456 0.999997 -0.094053 0.000000 0.000000 0.000000 1.000000
1.000000 0.000000 0.000000 0.000000 -0.000000 0.999997 -0.002456 2.061423 -0.000000 0.002456 0.999997 -0.094053 0.000000 0.000000 0.000000 1.000000
1.000000 0.000000 0.000000 0.000000 -0.000000 0.999997 -0.002456 2.061423 -0.000000 0.002456 0.999997 -0.094053 0.000000 0.000000 0.000000 1.000000
1.000000 0.000000 0.000000 0.000000 -0.000000 0.999997 -0.002456 2.061423 -0.000000 0.002456 0.999997 -0.094053 0.000000 0.000000 0.000000 1.000000</float_array>
     <technique_common>
      <accessor source="#jnt_hips-Matrix-animation-output-transform-array" count="15" stride="16">
       <param type="float4x4"></param>
      </accessor>
     </technique_common>
    </source>
    <source id="jnt_hips-Interpolations">
     <Name_array id="jnt_hips-Interpolations-array" count="15">
 LINEAR LINEAR LINEAR LINEAR LINEAR LINEAR LINEAR LINEAR LINEAR LINEAR LINEAR
LINEAR LINEAR LINEAR LINEAR</Name_array>
     <technique_common>
      <accessor source="#jnt_hips-Interpolations-array" count="15">
       <param type="name"></param>
      </accessor>
     </technique_common>
    </source>
    <sampler id="jnt_hips-Matrix-animation-transform">
     <input semantic="INPUT" source="#jnt_hips-Matrix-animation-input"></input>
     <input semantic="OUTPUT" source="#jnt_hips-Matrix-animation-output-transform"></input>
     <input semantic="INTERPOLATION" source="#jnt_hips-Interpolations"></input>
    </sampler>
    <channel source="#jnt_hips-Matrix-animation-transform" target="jnt_hips/matrix"></channel>
   </animation>
  </animation>
  <animation id="jnt_height-anim" name="jnt_height">
   <animation>
    <source id="jnt_height-Matrix-animation-input">
     <float_array id="jnt_height-Matrix-animation-input-array" count="15">

0.000000 0.033333 0.066667 0.100000 0.133333 0.166667 0.200000 0.233333 0.266667 0.300000 0.333333 0.366667 0.400000 0.433333 0.466667</float_array>
     <technique_common>
      <accessor source="#jnt_height-Matrix-animation-input-array" count="15">
       <param name="TIME" type="float"></param>
      </accessor>
     </technique_common>
    </source>
    <source id="jnt_height-Matrix-animation-output-transform">
     <float_array id="jnt_height-Matrix-animation-output-transform-array" count="240">

1.000000 0.000000 0.000000 -0.000000 -0.000000 0.999997 -0.002456 -0.000000 -0.000000 0.002456 0.999997 0.000000 0.000000 0.000000 0.000000 1.000000
1.000000 0.000000 0.000000 -0.000000 -0.000000 0.999997 -0.002456 -0.000000 -0.000000 0.002456 0.999997 0.000000 0.000000 0.000000 0.000000 1.000000
1.000000 0.000000 0.000000 -0.000000 -0.000000 0.999997 -0.002456 -0.000000 -0.000000 0.002456 0.999997 0.000000 0.000000 0.000000 0.000000 1.000000
1.000000 0.000000 0.000000 -0.000000 -0.000000 0.999997 -0.002456 -0.000000 -0.000000 0.002456 0.999997 0.000000 0.000000 0.000000 0.000000 1.000000
1.000000 0.000000 0.000000 -0.000000 -0.000000 0.999997 -0.002456 -0.000000 -0.000000 0.002456 0.999997 0.000000 0.000000 0.000000 0.000000 1.000000
1.000000 0.000000 0.000000 -0.000000 -0.000000 0.999997 -0.002456 -0.000000 -0.000000 0.002456 0.999997 0.000000 0.000000 0.000000 0.000000 1.000000
1.000000 0.000000 0.000000 -0.000000 -0.000000 0.999997 -0.002456 -0.000000 -0.000000 0.002456 0.999997 0.000000 0.000000 0.000000 0.000000 1.000000
1.000000 0.000000 0.000000 -0.000000 -0.000000 0.999997 -0.002456 -0.000000 -0.000000 0.002456 0.999997 0.000000 0.000000 0.000000 0.000000 1.000000
1.000000 0.000000 0.000000 -0.000000 -0.000000 0.999997 -0.002456 -0.000000 -0.000000 0.002456 0.999997 0.000000 0.000000 0.000000 0.000000 1.000000
1.000000 0.000000 0.000000 -0.000000 -0.000000 0.999997 -0.002456 -0.000000 -0.000000 0.002456 0.999997 0.000000 0.000000 0.000000 0.000000 1.000000
1.000000 0.000000 0.000000 -0.000000 -0.000000 0.999997 -0.002456 -0.000000 -0.000000 0.002456 0.999997 0.000000 0.000000 0.000000 0.000000 1.000000
1.000000 0.000000 0.000000 -0.000000 -0.000000 0.999997 -0.002456 -0.000000 -0.000000 0.002456 0.999997 0.000000 0.000000 0.000000 0.000000 1.000000
1.000000 0.000000 0.000000 -0.000000 -0.000000 0.999997 -0.002456 -0.000000 -0.000000 0.002456 0.999997 0.000000 0.000000 0.000000 0.000000 1.000000
1.000000 0.000000 0.000000 -0.000000 -0.000000 0.999997 -0.002456 -0.000000 -0.000000 0.002456 0.999997 0.000000 0.000000 0.000000 0.000000 1.000000
1.000000 0.000000 0.000000 -0.000000 -0.000000 0.999997 -0.002456 -0.000000 -0.000000 0.002456 0.999997 0.000000 0.000000 0.000000 0.000000 1.000000</float_array>
     <technique_common>
      <accessor source="#jnt_height-Matrix-animation-output-transform-array" count="15" stride="16">
       <param type="float4x4"></param>
      </accessor>
     </technique_common>
    </source>
    <source id="jnt_height-Interpolations">
     <Name_array id="jnt_height-Interpolations-array" count="15">
 LINEAR LINEAR LINEAR LINEAR LINEAR LINEAR LINEAR LINEAR LINEAR LINEAR LINEAR
LINEAR LINEAR LINEAR LINEAR</Name_array>
     <technique_common>
      <accessor source="#jnt_height-Interpolations-array" count="15">
       <param type="name"></param>
      </accessor>
     </technique_common>
    </source>
    <sampler id="jnt_height-Matrix-animation-transform">
     <input semantic="INPUT" source="#jnt_height-Matrix-animation-input"></input>
     <input semantic="OUTPUT" source="#jnt_height-Matrix-animation-output-transform"></input>
     <input semantic="INTERPOLATION" source="#jnt_height-Interpolations"></input>
    </sampler>
    <channel source="#jnt_height-Matrix-animation-transform" target="jnt_height/matrix"></channel>
   </animation>
  </animation>
  <animation id="jnt_spine1-anim" name="jnt_spine1">
   <animation>
    <source id="jnt_spine1-Matrix-animation-input">
     <float_array id="jnt_spine1-Matrix-animation-input-array" count="15">

0.000000 0.033333 0.066667 0.100000 0.133333 0.166667 0.200000 0.233333 0.266667 0.300000 0.333333 0.366667 0.400000 0.433333 0.466667</float_array>
     <technique_common>
      <accessor source="#jnt_spine1-Matrix-animation-input-array" count="15">
       <param name="TIME" type="float"></param>
      </accessor>
     </technique_common>
    </source>
    <source id="jnt_spine1-Matrix-animation-output-transform">
     <float_array id="jnt_spine1-Matrix-animation-output-transform-array" count="240">

0.000000 0.000000 1.000000 0.000000 0.999914 -0.013155 -0.000000 0.212132 0.013155 0.999914 -0.000000 0.023482 0.000000 0.000000 0.000000 1.000000
0.000000 0.000000 1.000000 0.000000 0.999914 -0.013155 -0.000000 0.212132 0.013155 0.999914 -0.000000 0.023482 0.000000 0.000000 0.000000 1.000000
0.000000 0.000000 1.000000 0.000000 0.999914 -0.013155 -0.000000 0.212132 0.013155 0.999914 -0.000000 0.023482 0.000000 0.000000 0.000000 1.000000
0.000000 0.000000 1.000000 0.000000 0.999914 -0.013155 -0.000000 0.212132 0.013155 0.999914 -0.000000 0.023482 0.000000 0.000000 0.000000 1.000000
0.000000 0.000000 1.000000 0.000000 0.999914 -0.013155 -0.000000 0.212132 0.013155 0.999914 -0.000000 0.023482 0.000000 0.000000 0.000000 1.000000
0.000000 0.000000 1.000000 0.000000 0.999914 -0.013155 -0.000000 0.212132 0.013155 0.999914 -0.000000 0.023482 0.000000 0.000000 0.000000 1.000000
0.000000 0.000000 1.000000 0.000000 0.999914 -0.013155 -0.000000 0.212132 0.013155 0.999914 -0.000000 0.023482 0.000000 0.000000 0.000000 1.000000
0.000000 0.000000 1.000000 0.000000 0.999914 -0.013155 -0.000000 0.212132 0.013155 0.999914 -0.000000 0.023482 0.000000 0.000000 0.000000 1.000000
0.000000 0.000000 1.000000 0.000000 0.999914 -0.013155 -0.000000 0.212132 0.013155 0.999914 -0.000000 0.023482 0.000000 0.000000 0.000000 1.000000
0.000000 0.000000 1.000000 0.000000 0.999914 -0.013155 -0.000000 0.212132 0.013155 0.999914 -0.000000 0.023482 0.000000 0.000000 0.000000 1.000000
0.000000 0.000000 1.000000 0.000000 0.999914 -0.013155 -0.000000 0.212132 0.013155 0.999914 -0.000000 0.023482 0.000000 0.000000 0.000000 1.000000
0.000000 0.000000 1.000000 0.000000 0.999914 -0.013155 -0.000000 0.212132 0.013155 0.999914 -0.000000 0.023482 0.000000 0.000000 0.000000 1.000000
0.000000 0.000000 1.000000 0.000000 0.999914 -0.013155 -0.000000 0.212132 0.013155 0.999914 -0.000000 0.023482 0.000000 0.000000 0.000000 1.000000
0.000000 0.000000 1.000000 0.000000 0.999914 -0.013155 -0.000000 0.212132 0.013155 0.999914 -0.000000 0.023482 0.000000 0.000000 0.000000 1.000000
0.000000 0.000000 1.000000 0.000000 0.999914 -0.013155 -0.000000 0.212132 0.013155 0.999914 -0.000000 0.023482 0.000000 0.000000 0.000000 1.000000</float_array>
     <technique_common>
      <accessor source="#jnt_spine1-Matrix-animation-output-transform-array" count="15" stride="16">
       <param type="float4x4"></param>
      </accessor>
     </technique_common>
    </source>
    <source id="jnt_spine1-Interpolations">
     <Name_array id="jnt_spine1-Interpolations-array" count="15">
 LINEAR LINEAR LINEAR LINEAR LINEAR LINEAR LINEAR LINEAR LINEAR LINEAR LINEAR
LINEAR LINEAR LINEAR LINEAR</Name_array>
     <technique_common>
      <accessor source="#jnt_spine1-Interpolations-array" count="15">
       <param type="name"></param>
      </accessor>
     </technique_common>
    </source>
    <sampler id="jnt_spine1-Matrix-animation-transform">
     <input semantic="INPUT" source="#jnt_spine1-Matrix-animation-input"></input>
     <input semantic="OUTPUT" source="#jnt_spine1-Matrix-animation-output-transform"></input>
     <input semantic="INTERPOLATION" source="#jnt_spine1-Interpolations"></input>
    </sampler>
    <channel source="#jnt_spine1-Matrix-animation-transform" target="jnt_spine1/matrix"></channel>
   </animation>
  </animation>
  <animation id="jnt_spine2-anim" name="jnt_spine2">
   <animation>
    <source id="jnt_spine2-Matrix-animation-input">
     <float_array id="jnt_spine2-Matrix-animation-input-array" count="15">

0.000000 0.033333 0.066667 0.100000 0.133333 0.166667 0.200000 0.233333 0.266667 0.300000 0.333333 0.366667 0.400000 0.433333 0.466667</float_array>
     <technique_common>
      <accessor source="#jnt_spine2-Matrix-animation-input-array" count="15">
       <param name="TIME" type="float"></param>
      </accessor>
     </technique_common>
    </source>
    <source id="jnt_spine2-Matrix-animation-output-transform">
     <float_array id="jnt_spine2-Matrix-animation-output-transform-array" count="240">

0.998580 0.053271 -0.000000 0.426848 -0.053271 0.998580 -0.000000 0.000003 0.000000 0.000000 1.000000 -0.000000 0.000000 0.000000 0.000000 1.000000
0.998580 0.053271 -0.000000 0.426848 -0.053271 0.998580 -0.000000 0.000003 0.000000 0.000000 1.000000 -0.000000 0.000000 0.000000 0.000000 1.000000
0.998580 0.053271 -0.000000 0.426848 -0.053271 0.998580 -0.000000 0.000003 0.000000 0.000000 1.000000 -0.000000 0.000000 0.000000 0.000000 1.000000
0.998580 0.053271 -0.000000 0.426848 -0.053271 0.998580 -0.000000 0.000003 0.000000 0.000000 1.000000 -0.000000 0.000000 0.000000 0.000000 1.000000
0.998580 0.053271 -0.000000 0.426848 -0.053271 0.998580 -0.000000 0.000003 0.000000 0.000000 1.000000 -0.000000 0.000000 0.000000 0.000000 1.000000
0.998580 0.053271 -0.000000 0.426848 -0.053271 0.998580 -0.000000 0.000003 0.000000 0.000000 1.000000 -0.000000 0.000000 0.000000 0.000000 1.000000
0.998580 0.053271 -0.000000 0.426848 -0.053271 0.998580 -0.000000 0.000003 0.000000 0.000000 1.000000 -0.000000 0.000000 0.000000 0.000000 1.000000
0.998580 0.053271 -0.000000 0.426848 -0.053271 0.998580 -0.000000 0.000003 0.000000 0.000000 1.000000 -0.000000 0.000000 0.000000 0.000000 1.000000
0.998580 0.053271 -0.000000 0.426848 -0.053271 0.998580 -0.000000 0.000003 0.000000 0.000000 1.000000 -0.000000 0.000000 0.000000 0.000000 1.000000
0.998580 0.053271 -0.000000 0.426848 -0.053271 0.998580 -0.000000 0.000003 0.000000 0.000000 1.000000 -0.000000 0.000000 0.000000 0.000000 1.000000
0.998580 0.053271 -0.000000 0.426848 -0.053271 0.998580 -0.000000 0.000003 0.000000 0.000000 1.000000 -0.000000 0.000000 0.000000 0.000000 1.000000
0.998580 0.053271 -0.000000 0.426848 -0.053271 0.998580 -0.000000 0.000003 0.000000 0.000000 1.000000 -0.000000 0.000000 0.000000 0.000000 1.000000
0.998580 0.053271 -0.000000 0.426848 -0.053271 0.998580 -0.000000 0.000003 0.000000 0.000000 1.000000 -0.000000 0.000000 0.000000 0.000000 1.000000
0.998580 0.053271 -0.000000 0.426848 -0.053271 0.998580 -0.000000 0.000003 0.000000 0.000000 1.000000 -0.000000 0.000000 0.000000 0.000000 1.000000
0.998580 0.053271 -0.000000 0.426848 -0.053271 0.998580 -0.000000 0.000003 0.000000 0.000000 1.000000 -0.000000 0.000000 0.000000 0.000000 1.000000</float_array>
     <technique_common>
      <accessor source="#jnt_spine2-Matrix-animation-output-transform-array" count="15" stride="16">
       <param type="float4x4"></param>
      </accessor>
     </technique_common>
    </source>
    <source id="jnt_spine2-Interpolations">
     <Name_array id="jnt_spine2-Interpolations-array" count="15">
 LINEAR LINEAR LINEAR LINEAR LINEAR LINEAR LINEAR LINEAR LINEAR LINEAR LINEAR
LINEAR LINEAR LINEAR LINEAR</Name_array>
     <technique_common>
      <accessor source="#jnt_spine2-Interpolations-array" count="15">
       <param type="name"></param>
      </accessor>
     </technique_common>
    </source>
    <sampler id="jnt_spine2-Matrix-animation-transform">
     <input semantic="INPUT" source="#jnt_spine2-Matrix-animation-input"></input>
     <input semantic="OUTPUT" source="#jnt_spine2-Matrix-animation-output-transform"></input>
     <input semantic="INTERPOLATION" source="#jnt_spine2-Interpolations"></input>
    </sampler>
    <channel source="#jnt_spine2-Matrix-animation-transform" target="jnt_spine2/matrix"></channel>
   </animation>
  </animation>
  <animation id="jnt_spine3-anim" name="jnt_spine3">
   <animation>
    <source id="jnt_spine3-Matrix-animation-input">
     <float_array id="jnt_spine3-Matrix-animation-input-array" count="15">

0.000000 0.033333 0.066667 0.100000 0.133333 0.166667 0.200000 0.233333 0.266667 0.300000 0.333333 0.366667 0.400000 0.433333 0.466667</float_array>
     <technique_common>
      <accessor source="#jnt_spine3-Matrix-animation-input-array" count="15">
       <param name="TIME" type="float"></param>
      </accessor>
     </technique_common>
    </source>
    <source id="jnt_spine3-Matrix-animation-output-transform">
     <float_array id="jnt_spine3-Matrix-animation-output-transform-array" count="240">

0.997528 0.070262 -0.000000 0.555067 -0.070262 0.997528 -0.000000 0.000000 0.000000 0.000000 1.000000 -0.000000 0.000000 0.000000 0.000000 1.000000
0.997528 0.070262 -0.000000 0.555067 -0.070262 0.997528 -0.000000 0.000000 0.000000 0.000000 1.000000 -0.000000 0.000000 0.000000 0.000000 1.000000
0.997528 0.070262 -0.000000 0.555067 -0.070262 0.997528 -0.000000 0.000000 0.000000 0.000000 1.000000 -0.000000 0.000000 0.000000 0.000000 1.000000
0.997528 0.070262 -0.000000 0.555067 -0.070262 0.997528 -0.000000 0.000000 0.000000 0.000000 1.000000 -0.000000 0.000000 0.000000 0.000000 1.000000
0.997528 0.070262 -0.000000 0.555067 -0.070262 0.997528 -0.000000 0.000000 0.000000 0.000000 1.000000 -0.000000 0.000000 0.000000 0.000000 1.000000
0.997528 0.070262 -0.000000 0.555067 -0.070262 0.997528 -0.000000 0.000000 0.000000 0.000000 1.000000 -0.000000 0.000000 0.000000 0.000000 1.000000
0.997528 0.070262 -0.000000 0.555067 -0.070262 0.997528 -0.000000 0.000000 0.000000 0.000000 1.000000 -0.000000 0.000000 0.000000 0.000000 1.000000
0.997528 0.070262 -0.000000 0.555067 -0.070262 0.997528 -0.000000 0.000000 0.000000 0.000000 1.000000 -0.000000 0.000000 0.000000 0.000000 1.000000
0.997528 0.070262 -0.000000 0.555067 -0.070262 0.997528 -0.000000 0.000000 0.000000 0.000000 1.000000 -0.000000 0.000000 0.000000 0.000000 1.000000
0.997528 0.070262 -0.000000 0.555067 -0.070262 0.997528 -0.000000 0.000000 0.000000 0.000000 1.000000 -0.000000 0.000000 0.000000 0.000000 1.000000
0.997528 0.070262 -0.000000 0.555067 -0.070262 0.997528 -0.000000 0.000000 0.000000 0.000000 1.000000 -0.000000 0.000000 0.000000 0.000000 1.000000
0.997528 0.070262 -0.000000 0.555067 -0.070262 0.997528 -0.000000 0.000000 0.000000 0.000000 1.000000 -0.000000 0.000000 0.000000 0.000000 1.000000
0.997528 0.070262 -0.000000 0.555067 -0.070262 0.997528 -0.000000 0.000000 0.000000 0.000000 1.000000 -0.000000 0.000000 0.000000 0.000000 1.000000
0.997528 0.070262 -0.000000 0.555067 -0.070262 0.997528 -0.000000 0.000000 0.000000 0.000000 1.000000 -0.000000 0.000000 0.000000 0.000000 1.000000
0.997528 0.070262 -0.000000 0.555067 -0.070262 0.997528 -0.000000 0.000000 0.000000 0.000000 1.000000 -0.000000 0.000000 0.000000 0.000000 1.000000</float_array>
     <technique_common>
      <accessor source="#jnt_spine3-Matrix-animation-output-transform-array" count="15" stride="16">
       <param type="float4x4"></param>
      </accessor>
     </technique_common>
    </source>
    <source id="jnt_spine3-Interpolations">
     <Name_array id="jnt_spine3-Interpolations-array" count="15">
 LINEAR LINEAR LINEAR LINEAR LINEAR LINEAR LINEAR LINEAR LINEAR LINEAR LINEAR
LINEAR LINEAR LINEAR LINEAR</Name_array>
     <technique_common>
      <accessor source="#jnt_spine3-Interpolations-array" count="15">
       <param type="name"></param>
      </accessor>
     </technique_common>
    </source>
    <sampler id="jnt_spine3-Matrix-animation-transform">
     <input semantic="INPUT" source="#jnt_spine3-Matrix-animation-input"></input>
     <input semantic="OUTPUT" source="#jnt_spine3-Matrix-animation-output-transform"></input>
     <input semantic="INTERPOLATION" source="#jnt_spine3-Interpolations"></input>
    </sampler>
    <channel source="#jnt_spine3-Matrix-animation-transform" target="jnt_spine3/matrix"></channel>
   </animation>
  </animation>
  <animation id="jnt_neck-anim" name="jnt_neck">
   <animation>
    <source id="jnt_neck-Matrix-animation-input">
     <float_array id="jnt_neck-Matrix-animation-input-array" count="15">

0.000000 0.033333 0.066667 0.100000 0.133333 0.166667 0.200000 0.233333 0.266667 0.300000 0.333333 0.366667 0.400000 0.433333 0.466667</float_array>
     <technique_common>
      <accessor source="#jnt_neck-Matrix-animation-input-array" count="15">
       <param name="TIME" type="float"></param>
      </accessor>
     </technique_common>
    </source>
    <source id="jnt_neck-Matrix-animation-output-transform">
     <float_array id="jnt_neck-Matrix-animation-output-transform-array" count="240">

0.999409 -0.034365 -0.000000 0.867450 0.034365 0.999409 -0.000000 0.171573 0.000000 0.000000 1.000000 -0.000000 0.000000 0.000000 0.000000 1.000000
0.999409 -0.034365 -0.000000 0.867450 0.034365 0.999409 -0.000000 0.171573 0.000000 0.000000 1.000000 -0.000000 0.000000 0.000000 0.000000 1.000000
0.999409 -0.034365 -0.000000 0.867450 0.034365 0.999409 -0.000000 0.171573 0.000000 0.000000 1.000000 -0.000000 0.000000 0.000000 0.000000 1.000000
0.999409 -0.034365 -0.000000 0.867450 0.034365 0.999409 -0.000000 0.171573 0.000000 0.000000 1.000000 -0.000000 0.000000 0.000000 0.000000 1.000000
0.999409 -0.034365 -0.000000 0.867450 0.034365 0.999409 -0.000000 0.171573 0.000000 0.000000 1.000000 -0.000000 0.000000 0.000000 0.000000 1.000000
0.999409 -0.034365 -0.000000 0.867450 0.034365 0.999409 -0.000000 0.171573 0.000000 0.000000 1.000000 -0.000000 0.000000 0.000000 0.000000 1.000000
0.999409 -0.034365 -0.000000 0.867450 0.034365 0.999409 -0.000000 0.171573 0.000000 0.000000 1.000000 -0.000000 0.000000 0.000000 0.000000 1.000000
0.999409 -0.034365 -0.000000 0.867450 0.034365 0.999409 -0.000000 0.171573 0.000000 0.000000 1.000000 -0.000000 0.000000 0.000000 0.000000 1.000000
0.999409 -0.034365 -0.000000 0.867450 0.034365 0.999409 -0.000000 0.171573 0.000000 0.000000 1.000000 -0.000000 0.000000 0.000000 0.000000 1.000000
0.999409 -0.034365 -0.000000 0.867450 0.034365 0.999409 -0.000000 0.171573 0.000000 0.000000 1.000000 -0.000000 0.000000 0.000000 0.000000 1.000000
0.999409 -0.034365 -0.000000 0.867450 0.034365 0.999409 -0.000000 0.171573 0.000000 0.000000 1.000000 -0.000000 0.000000 0.000000 0.000000 1.000000
0.999409 -0.034365 -0.000000 0.867450 0.034365 0.999409 -0.000000 0.171573 0.000000 0.000000 1.000000 -0.000000 0.000000 0.000000 0.000000 1.000000
0.999409 -0.034365 -0.000000 0.867450 0.034365 0.999409 -0.000000 0.171573 0.000000 0.000000 1.000000 -0.000000 0.000000 0.000000 0.000000 1.000000
0.999409 -0.034365 -0.000000 0.867450 0.034365 0.999409 -0.000000 0.171573 0.000000 0.000000 1.000000 -0.000000 0.000000 0.000000 0.000000 1.000000
0.999409 -0.034365 -0.000000 0.867450 0.034365 0.999409 -0.000000 0.171573 0.000000 0.000000 1.000000 -0.000000 0.000000 0.000000 0.000000 1.000000</float_array>
     <technique_common>
      <accessor source="#jnt_neck-Matrix-animation-output-transform-array" count="15" stride="16">
       <param type="float4x4"></param>
      </accessor>
     </technique_common>
    </source>
    <source id="jnt_neck-Interpolations">
     <Name_array id="jnt_neck-Interpolations-array" count="15">
 LINEAR LINEAR LINEAR LINEAR LINEAR LINEAR LINEAR LINEAR LINEAR LINEAR LINEAR
LINEAR LINEAR LINEAR LINEAR</Name_array>
     <technique_common>
      <accessor source="#jnt_neck-Interpolations-array" count="15">
       <param type="name"></param>
      </accessor>
     </technique_common>
    </source>
    <sampler id="jnt_neck-Matrix-animation-transform">
     <input semantic="INPUT" source="#jnt_neck-Matrix-animation-input"></input>
     <input semantic="OUTPUT" source="#jnt_neck-Matrix-animation-output-transform"></input>
     <input semantic="INTERPOLATION" source="#jnt_neck-Interpolations"></input>
    </sampler>
    <channel source="#jnt_neck-Matrix-animation-transform" target="jnt_neck/matrix"></channel>
   </animation>
  </animation>
  <animation id="jnt_head-anim" name="jnt_head">
   <animation>
    <source id="jnt_head-Matrix-animation-input">
     <float_array id="jnt_head-Matrix-animation-input-array" count="15">

0.000000 0.033333 0.066667 0.100000 0.133333 0.166667 0.200000 0.233333 0.266667 0.300000 0.333333 0.366667 0.400000 0.433333 0.466667</float_array>
     <technique_common>
      <accessor source="#jnt_head-Matrix-animation-input-array" count="15">
       <param name="TIME" type="float"></param>
      </accessor>
     </technique_common>
    </source>
    <source id="jnt_head-Matrix-animation-output-transform">
     <float_array id="jnt_head-Matrix-animation-output-transform-array" count="240">

0.999537 -0.030417 -0.000001 0.273591 0.030417 0.999537 0.000000 0.000002 0.000001 -0.000000 1.000000 -0.000000 0.000000 0.000000 0.000000 1.000000
0.999537 -0.030417 -0.000001 0.273591 0.030417 0.999537 0.000000 0.000002 0.000001 -0.000000 1.000000 -0.000000 0.000000 0.000000 0.000000 1.000000
0.999537 -0.030417 -0.000001 0.273591 0.030417 0.999537 0.000000 0.000002 0.000001 -0.000000 1.000000 -0.000000 0.000000 0.000000 0.000000 1.000000
0.999537 -0.030417 -0.000001 0.273591 0.030417 0.999537 0.000000 0.000002 0.000001 -0.000000 1.000000 -0.000000 0.000000 0.000000 0.000000 1.000000
0.999537 -0.030417 -0.000001 0.273591 0.030417 0.999537 0.000000 0.000002 0.000001 -0.000000 1.000000 -0.000000 0.000000 0.000000 0.000000 1.000000
0.999537 -0.030417 -0.000001 0.273591 0.030417 0.999537 0.000000 0.000002 0.000001 -0.000000 1.000000 -0.000000 0.000000 0.000000 0.000000 1.000000
0.999537 -0.030417 -0.000001 0.273591 0.030417 0.999537 0.000000 0.000002 0.000001 -0.000000 1.000000 -0.000000 0.000000 0.000000 0.000000 1.000000
0.999537 -0.030417 -0.000001 0.273591 0.030417 0.999537 0.000000 0.000002 0.000001 -0.000000 1.000000 -0.000000 0.000000 0.000000 0.000000 1.000000
0.999537 -0.030417 -0.000001 0.273591 0.030417 0.999537 0.000000 0.000002 0.000001 -0.000000 1.000000 -0.000000 0.000000 0.000000 0.000000 1.000000
0.999537 -0.030417 -0.000001 0.273591 0.030417 0.999537 0.000000 0.000002 0.000001 -0.000000 1.000000 -0.000000 0.000000 0.000000 0.000000 1.000000
0.999537 -0.030417 -0.000001 0.273591 0.030417 0.999537 0.000000 0.000002 0.000001 -0.000000 1.000000 -0.000000 0.000000 0.000000 0.000000 1.000000
0.999537 -0.030417 -0.000001 0.273591 0.030417 0.999537 0.000000 0.000002 0.000001 -0.000000 1.000000 -0.000000 0.000000 0.000000 0.000000 1.000000
0.999537 -0.030417 -0.000001 0.273591 0.030417 0.999537 0.000000 0.000002 0.000001 -0.000000 1.000000 -0.000000 0.000000 0.000000 0.000000 1.000000
0.999537 -0.030417 -0.000001 0.273591 0.030417 0.999537 0.000000 0.000002 0.000001 -0.000000 1.000000 -0.000000 0.000000 0.000000 0.000000 1.000000
0.999537 -0.030417 -0.000001 0.273591 0.030417 0.999537 0.000000 0.000002 0.000001 -0.000000 1.000000 -0.000000 0.000000 0.000000 0.000000 1.000000</float_array>
     <technique_common>
      <accessor source="#jnt_head-Matrix-animation-output-transform-array" count="15" stride="16">
       <param type="float4x4"></param>
      </accessor>
     </technique_common>
    </source>
    <source id="jnt_head-Interpolations">
     <Name_array id="jnt_head-Interpolations-array" count="15">
 LINEAR LINEAR LINEAR LINEAR LINEAR LINEAR LINEAR LINEAR LINEAR LINEAR LINEAR
LINEAR LINEAR LINEAR LINEAR</Name_array>
     <technique_common>
      <accessor source="#jnt_head-Interpolations-array" count="15">
       <param type="name"></param>
      </accessor>
     </technique_common>
    </source>
    <sampler id="jnt_head-Matrix-animation-transform">
     <input semantic="INPUT" source="#jnt_head-Matrix-animation-input"></input>
     <input semantic="OUTPUT" source="#jnt_head-Matrix-animation-output-transform"></input>
     <input semantic="INTERPOLATION" source="#jnt_head-Interpolations"></input>
    </sampler>
    <channel source="#jnt_head-Matrix-animation-transform" target="jnt_head/matrix"></channel>
   </animation>
  </animation>
  <animation id="jnt_headappend-anim" name="jnt_headappend">
   <animation>
    <source id="jnt_headappend-Matrix-animation-input">
     <float_array id="jnt_headappend-Matrix-animation-input-array" count="15">

0.000000 0.033333 0.066667 0.100000 0.133333 0.166667 0.200000 0.233333 0.266667 0.300000 0.333333 0.366667 0.400000 0.433333 0.466667</float_array>
     <technique_common>
      <accessor source="#jnt_headappend-Matrix-animation-input-array" count="15">
       <param name="TIME" type="float"></param>
      </accessor>
     </technique_common>
    </source>
    <source id="jnt_headappend-Matrix-animation-output-transform">
     <float_array id="jnt_headappend-Matrix-animation-output-transform-array" count="240">

1.000000 0.000000 -0.000000 0.000000 -0.000000 1.000000 0.000000 0.000000 0.000000 -0.000000 1.000000 0.000000 0.000000 0.000000 0.000000 1.000000
1.000000 0.000000 -0.000000 0.000000 -0.000000 1.000000 0.000000 0.000000 0.000000 -0.000000 1.000000 0.000000 0.000000 0.000000 0.000000 1.000000
1.000000 0.000000 -0.000000 0.000000 -0.000000 1.000000 0.000000 0.000000 0.000000 -0.000000 1.000000 0.000000 0.000000 0.000000 0.000000 1.000000
1.000000 0.000000 -0.000000 0.000000 -0.000000 1.000000 0.000000 0.000000 0.000000 -0.000000 1.000000 0.000000 0.000000 0.000000 0.000000 1.000000
1.000000 0.000000 -0.000000 0.000000 -0.000000 1.000000 0.000000 0.000000 0.000000 -0.000000 1.000000 0.000000 0.000000 0.000000 0.000000 1.000000
1.000000 0.000000 -0.000000 0.000000 -0.000000 1.000000 0.000000 0.000000 0.000000 -0.000000 1.000000 0.000000 0.000000 0.000000 0.000000 1.000000
1.000000 0.000000 -0.000000 0.000000 -0.000000 1.000000 0.000000 0.000000 0.000000 -0.000000 1.000000 0.000000 0.000000 0.000000 0.000000 1.000000
1.000000 0.000000 -0.000000 0.000000 -0.000000 1.000000 0.000000 0.000000 0.000000 -0.000000 1.000000 0.000000 0.000000 0.000000 0.000000 1.000000
1.000000 0.000000 -0.000000 0.000000 -0.000000 1.000000 0.000000 0.000000 0.000000 -0.000000 1.000000 0.000000 0.000000 0.000000 0.000000 1.000000
1.000000 0.000000 -0.000000 0.000000 -0.000000 1.000000 0.000000 0.000000 0.000000 -0.000000 1.000000 0.000000 0.000000 0.000000 0.000000 1.000000
1.000000 0.000000 -0.000000 0.000000 -0.000000 1.000000 0.000000 0.000000 0.000000 -0.000000 1.000000 0.000000 0.000000 0.000000 0.000000 1.000000
1.000000 0.000000 -0.000000 0.000000 -0.000000 1.000000 0.000000 0.000000 0.000000 -0.000000 1.000000 0.000000 0.000000 0.000000 0.000000 1.000000
1.000000 0.000000 -0.000000 0.000000 -0.000000 1.000000 0.000000 0.000000 0.000000 -0.000000 1.000000 0.000000 0.000000 0.000000 0.000000 1.000000
1.000000 0.000000 -0.000000 0.000000 -0.000000 1.000000 0.000000 0.000000 0.000000 -0.000000 1.000000 0.000000 0.000000 0.000000 0.000000 1.000000
1.000000 0.000000 -0.000000 0.000000 -0.000000 1.000000 0.000000 0.000000 0.000000 -0.000000 1.000000 0.000000 0.000000 0.000000 0.000000 1.000000</float_array>
     <technique_common>
      <accessor source="#jnt_headappend-Matrix-animation-output-transform-array" count="15" stride="16">
       <param type="float4x4"></param>
      </accessor>
     </technique_common>
    </source>
    <source id="jnt_headappend-Interpolations">
     <Name_array id="jnt_headappend-Interpolations-array" count="15">
 LINEAR LINEAR LINEAR LINEAR LINEAR LINEAR LINEAR LINEAR LINEAR LINEAR LINEAR
LINEAR LINEAR LINEAR LINEAR</Name_array>
     <technique_common>
      <accessor source="#jnt_headappend-Interpolations-array" count="15">
       <param type="name"></param>
      </accessor>
     </technique_common>
    </source>
    <sampler id="jnt_headappend-Matrix-animation-transform">
     <input semantic="INPUT" source="#jnt_headappend-Matrix-animation-input"></input>
     <input semantic="OUTPUT" source="#jnt_headappend-Matrix-animation-output-transform"></input>
     <input semantic="INTERPOLATION" source="#jnt_headappend-Interpolations"></input>
    </sampler>
    <channel source="#jnt_headappend-Matrix-animation-transform" target="jnt_headappend/matrix"></channel>
   </animation>
  </animation>
  <animation id="jnt_left_armroot-anim" name="jnt_left_armroot">
   <animation>
    <source id="jnt_left_armroot-Matrix-animation-input">
     <float_array id="jnt_left_armroot-Matrix-animation-input-array" count="15">

0.000000 0.033333 0.066667 0.100000 0.133333 0.166667 0.200000 0.233333 0.266667 0.300000 0.333333 0.366667 0.400000 0.433333 0.466667</float_array>
     <technique_common>
      <accessor source="#jnt_left_armroot-Matrix-animation-input-array" count="15">
       <param name="TIME" type="float"></param>
      </accessor>
     </technique_common>
    </source>
    <source id="jnt_left_armroot-Matrix-animation-output-transform">
     <float_array id="jnt_left_armroot-Matrix-animation-output-transform-array" count="240">

1.000000 -0.000004 -0.000000 0.000000 0.000004 1.000000 -0.000000 0.000000 0.000000 0.000000 1.000000 -0.000000 0.000000 0.000000 0.000000 1.000000
1.000000 -0.000004 -0.000000 0.000000 0.000004 1.000000 -0.000000 0.000000 0.000000 0.000000 1.000000 -0.000000 0.000000 0.000000 0.000000 1.000000
1.000000 -0.000004 -0.000000 0.000000 0.000004 1.000000 -0.000000 0.000000 0.000000 0.000000 1.000000 -0.000000 0.000000 0.000000 0.000000 1.000000
1.000000 -0.000004 -0.000000 0.000000 0.000004 1.000000 -0.000000 0.000000 0.000000 0.000000 1.000000 -0.000000 0.000000 0.000000 0.000000 1.000000
1.000000 -0.000004 -0.000000 0.000000 0.000004 1.000000 -0.000000 0.000000 0.000000 0.000000 1.000000 -0.000000 0.000000 0.000000 0.000000 1.000000
1.000000 -0.000004 -0.000000 0.000000 0.000004 1.000000 -0.000000 0.000000 0.000000 0.000000 1.000000 -0.000000 0.000000 0.000000 0.000000 1.000000
1.000000 -0.000004 -0.000000 0.000000 0.000004 1.000000 -0.000000 0.000000 0.000000 0.000000 1.000000 -0.000000 0.000000 0.000000 0.000000 1.000000
1.000000 -0.000004 -0.000000 0.000000 0.000004 1.000000 -0.000000 0.000000 0.000000 0.000000 1.000000 -0.000000 0.000000 0.000000 0.000000 1.000000
1.000000 -0.000004 -0.000000 0.000000 0.000004 1.000000 -0.000000 0.000000 0.000000 0.000000 1.000000 -0.000000 0.000000 0.000000 0.000000 1.000000
1.000000 -0.000004 -0.000000 0.000000 0.000004 1.000000 -0.000000 0.000000 0.000000 0.000000 1.000000 -0.000000 0.000000 0.000000 0.000000 1.000000
1.000000 -0.000004 -0.000000 0.000000 0.000004 1.000000 -0.000000 0.000000 0.000000 0.000000 1.000000 -0.000000 0.000000 0.000000 0.000000 1.000000
1.000000 -0.000004 -0.000000 0.000000 0.000004 1.000000 -0.000000 0.000000 0.000000 0.000000 1.000000 -0.000000 0.000000 0.000000 0.000000 1.000000
1.000000 -0.000004 -0.000000 0.000000 0.000004 1.000000 -0.000000 0.000000 0.000000 0.000000 1.000000 -0.000000 0.000000 0.000000 0.000000 1.000000
1.000000 -0.000004 -0.000000 0.000000 0.000004 1.000000 -0.000000 0.000000 0.000000 0.000000 1.000000 -0.000000 0.000000 0.000000 0.000000 1.000000
1.000000 -0.000004 -0.000000 0.000000 0.000004 1.000000 -0.000000 0.000000 0.000000 0.000000 1.000000 -0.000000 0.000000 0.000000 0.000000 1.000000</float_array>
     <technique_common>
      <accessor source="#jnt_left_armroot-Matrix-animation-output-transform-array" count="15" stride="16">
       <param type="float4x4"></param>
      </accessor>
     </technique_common>
    </source>
    <source id="jnt_left_armroot-Interpolations">
     <Name_array id="jnt_left_armroot-Interpolations-array" count="15">
 LINEAR LINEAR LINEAR LINEAR LINEAR LINEAR LINEAR LINEAR LINEAR LINEAR LINEAR
LINEAR LINEAR LINEAR LINEAR</Name_array>
     <technique_common>
      <accessor source="#jnt_left_armroot-Interpolations-array" count="15">
       <param type="name"></param>
      </accessor>
     </technique_common>
    </source>
    <sampler id="jnt_left_armroot-Matrix-animation-transform">
     <input semantic="INPUT" source="#jnt_left_armroot-Matrix-animation-input"></input>
     <input semantic="OUTPUT" source="#jnt_left_armroot-Matrix-animation-output-transform"></input>
     <input semantic="INTERPOLATION" source="#jnt_left_armroot-Interpolations"></input>
    </sampler>
    <channel source="#jnt_left_armroot-Matrix-animation-transform" target="jnt_left_armroot/matrix"></channel>
   </animation>
  </animation>
  <animation id="jnt_left_shoulder-anim" name="jnt_left_shoulder">
   <animation>
    <source id="jnt_left_shoulder-Matrix-animation-input">
     <float_array id="jnt_left_shoulder-Matrix-animation-input-array" count="15">

0.000000 0.033333 0.066667 0.100000 0.133333 0.166667 0.200000 0.233333 0.266667 0.300000 0.333333 0.366667 0.400000 0.433333 0.466667</float_array>
     <technique_common>
      <accessor source="#jnt_left_shoulder-Matrix-animation-input-array" count="15">
       <param name="TIME" type="float"></param>
      </accessor>
     </technique_common>
    </source>
    <source id="jnt_left_shoulder-Matrix-animation-output-transform">
     <float_array id="jnt_left_shoulder-Matrix-animation-output-transform-array" count="240">

-0.019289 0.092831 -0.995495 0.337657 0.352002 -0.931301 -0.093665 0.082785 -0.935800 -0.352223 -0.014713 0.166187 0.000000 0.000000 0.000000 1.000000
-0.019289 0.092831 -0.995495 0.337657 0.352002 -0.931301 -0.093665 0.082785 -0.935800 -0.352223 -0.014713 0.166187 0.000000 0.000000 0.000000 1.000000
-0.019289 0.092831 -0.995495 0.337657 0.352002 -0.931301 -0.093665 0.082785 -0.935800 -0.352223 -0.014713 0.166187 0.000000 0.000000 0.000000 1.000000
-0.019289 0.092831 -0.995495 0.337657 0.352002 -0.931301 -0.093665 0.082785 -0.935800 -0.352223 -0.014713 0.166187 0.000000 0.000000 0.000000 1.000000
-0.019289 0.092831 -0.995495 0.337657 0.352002 -0.931301 -0.093665 0.082785 -0.935800 -0.352223 -0.014713 0.166187 0.000000 0.000000 0.000000 1.000000
-0.019289 0.092831 -0.995495 0.337657 0.352002 -0.931301 -0.093665 0.082785 -0.935800 -0.352223 -0.014713 0.166187 0.000000 0.000000 0.000000 1.000000
-0.019289 0.092831 -0.995495 0.337657 0.352002 -0.931301 -0.093665 0.082785 -0.935800 -0.352223 -0.014713 0.166187 0.000000 0.000000 0.000000 1.000000
-0.019289 0.092831 -0.995495 0.337657 0.352002 -0.931301 -0.093665 0.082785 -0.935800 -0.352223 -0.014713 0.166187 0.000000 0.000000 0.000000 1.000000
-0.019289 0.092831 -0.995495 0.337657 0.352002 -0.931301 -0.093665 0.082785 -0.935800 -0.352223 -0.014713 0.166187 0.000000 0.000000 0.000000 1.000000
-0.019289 0.092831 -0.995495 0.337657 0.352002 -0.931301 -0.093665 0.082785 -0.935800 -0.352223 -0.014713 0.166187 0.000000 0.000000 0.000000 1.000000
-0.019289 0.092831 -0.995495 0.337657 0.352002 -0.931301 -0.093665 0.082785 -0.935800 -0.352223 -0.014713 0.166187 0.000000 0.000000 0.000000 1.000000
-0.019289 0.092831 -0.995495 0.337657 0.352002 -0.931301 -0.093665 0.082785 -0.935800 -0.352223 -0.014713 0.166187 0.000000 0.000000 0.000000 1.000000
-0.019289 0.092831 -0.995495 0.337657 0.352002 -0.931301 -0.093665 0.082785 -0.935800 -0.352223 -0.014713 0.166187 0.000000 0.000000 0.000000 1.000000
-0.019289 0.092831 -0.995495 0.337657 0.352002 -0.931301 -0.093665 0.082785 -0.935800 -0.352223 -0.014713 0.166187 0.000000 0.000000 0.000000 1.000000
-0.019289 0.092831 -0.995495 0.337657 0.352002 -0.931301 -0.093665 0.082785 -0.935800 -0.352223 -0.014713 0.166187 0.000000 0.000000 0.000000 1.000000</float_array>
     <technique_common>
      <accessor source="#jnt_left_shoulder-Matrix-animation-output-transform-array" count="15" stride="16">
       <param type="float4x4"></param>
      </accessor>
     </technique_common>
    </source>
    <source id="jnt_left_shoulder-Interpolations">
     <Name_array id="jnt_left_shoulder-Interpolations-array" count="15">
 LINEAR LINEAR LINEAR LINEAR LINEAR LINEAR LINEAR LINEAR LINEAR LINEAR LINEAR
LINEAR LINEAR LINEAR LINEAR</Name_array>
     <technique_common>
      <accessor source="#jnt_left_shoulder-Interpolations-array" count="15">
       <param type="name"></param>
      </accessor>
     </technique_common>
    </source>
    <sampler id="jnt_left_shoulder-Matrix-animation-transform">
     <input semantic="INPUT" source="#jnt_left_shoulder-Matrix-animation-input"></input>
     <input semantic="OUTPUT" source="#jnt_left_shoulder-Matrix-animation-output-transform"></input>
     <input semantic="INTERPOLATION" source="#jnt_left_shoulder-Interpolations"></input>
    </sampler>
    <channel source="#jnt_left_shoulder-Matrix-animation-transform" target="jnt_left_shoulder/matrix"></channel>
   </animation>
  </animation>
  <animation id="jnt_left_arm-anim" name="jnt_left_arm">
   <animation>
    <source id="jnt_left_arm-Matrix-animation-input">
     <float_array id="jnt_left_arm-Matrix-animation-input-array" count="15">

0.000000 0.033333 0.066667 0.100000 0.133333 0.166667 0.200000 0.233333 0.266667 0.300000 0.333333 0.366667 0.400000 0.433333 0.466667</float_array>
     <technique_common>
      <accessor source="#jnt_left_arm-Matrix-animation-input-array" count="15">
       <param name="TIME" type="float"></param>
      </accessor>
     </technique_common>
    </source>
    <source id="jnt_left_arm-Matrix-animation-output-transform">
     <float_array id="jnt_left_arm-Matrix-animation-output-transform-array" count="240">

-0.258151 -0.888322 0.379790 -0.525417 0.912787 -0.095476 0.397122 -0.032447 -0.316512 0.449184 0.835496 0.009491 0.000000 0.000000 0.000000 1.000000
-0.150379 -0.914123 0.376515 -0.525417 0.926091 0.003052 0.377289 -0.032447 -0.346039 0.405423 0.846102 0.009491 0.000000 0.000000 0.000000 1.000000
0.039185 -0.927236 0.372420 -0.525417 0.926265 0.173516 0.334555 -0.032447 -0.374832 0.331849 0.865665 0.009491 0.000000 0.000000 0.000000 1.000000
0.188174 -0.910759 0.367570 -0.525417 0.904067 0.306856 0.297494 -0.032447 -0.383737 0.276327 0.881130 0.009491 0.000000 0.000000 0.000000 1.000000
0.315253 -0.879826 0.355699 -0.525417 0.872709 0.416019 0.255554 -0.032447 -0.372820 0.229858 0.898983 0.009491 0.000000 0.000000 0.000000 1.000000
0.442986 -0.832900 0.331724 -0.525417 0.833002 0.519186 0.191189 -0.032447 -0.331468 0.191632 0.923800 0.009491 0.000000 0.000000 0.000000 1.000000
0.576892 -0.761998 0.294201 -0.525417 0.783603 0.617956 0.063997 -0.032447 -0.230570 0.193618 0.953598 0.009491 0.000000 0.000000 0.000000 1.000000
0.699521 -0.666146 0.258689 -0.525417 0.709779 0.689699 -0.143278 -0.032447 -0.082974 0.283838 0.955276 0.009491 0.000000 0.000000 0.000000 1.000000
0.801673 -0.546591 0.241990 -0.525417 0.596503 0.705224 -0.383200 -0.032447 0.038797 0.451549 0.891402 0.009491 0.000000 0.000000 0.000000 1.000000
0.887761 -0.391312 0.242393 -0.525417 0.456236 0.678174 -0.576132 -0.032447 0.061063 0.622056 0.780588 0.009491 0.000000 0.000000 0.000000 1.000000
0.946952 -0.237717 0.216268 -0.525417 0.316717 0.576159 -0.753479 -0.032447 0.054510 0.782005 0.620884 0.009491 0.000000 0.000000 0.000000 1.000000
0.979099 -0.123402 0.161667 -0.525417 0.199826 0.435675 -0.877643 -0.032447 0.037869 0.891605 0.451228 0.009491 0.000000 0.000000 0.000000 1.000000
0.990382 -0.066838 0.121146 -0.525417 0.136766 0.340383 -0.930287 -0.032447 0.020943 0.937908 0.346250 0.009491 0.000000 0.000000 0.000000 1.000000
0.991505 -0.059718 0.115551 -0.525417 0.128807 0.327292 -0.936103 -0.032447 0.018083 0.943034 0.332204 0.009491 0.000000 0.000000 0.000000 1.000000
0.991505 -0.059718 0.115551 -0.525417 0.128807 0.327292 -0.936103 -0.032447 0.018083 0.943034 0.332204 0.009491 0.000000 0.000000 0.000000 1.000000</float_array>
     <technique_common>
      <accessor source="#jnt_left_arm-Matrix-animation-output-transform-array" count="15" stride="16">
       <param type="float4x4"></param>
      </accessor>
     </technique_common>
    </source>
    <source id="jnt_left_arm-Interpolations">
     <Name_array id="jnt_left_arm-Interpolations-array" count="15">
 LINEAR LINEAR LINEAR LINEAR LINEAR LINEAR LINEAR LINEAR LINEAR LINEAR LINEAR
LINEAR LINEAR LINEAR LINEAR</Name_array>
     <technique_common>
      <accessor source="#jnt_left_arm-Interpolations-array" count="15">
       <param type="name"></param>
      </accessor>
     </technique_common>
    </source>
    <sampler id="jnt_left_arm-Matrix-animation-transform">
     <input semantic="INPUT" source="#jnt_left_arm-Matrix-animation-input"></input>
     <input semantic="OUTPUT" source="#jnt_left_arm-Matrix-animation-output-transform"></input>
     <input semantic="INTERPOLATION" source="#jnt_left_arm-Interpolations"></input>
    </sampler>
    <channel source="#jnt_left_arm-Matrix-animation-transform" target="jnt_left_arm/matrix"></channel>
   </animation>
  </animation>
  <animation id="jnt_left_armroll-anim" name="jnt_left_armroll">
   <animation>
    <source id="jnt_left_armroll-Matrix-animation-input">
     <float_array id="jnt_left_armroll-Matrix-animation-input-array" count="15">

0.000000 0.033333 0.066667 0.100000 0.133333 0.166667 0.200000 0.233333 0.266667 0.300000 0.333333 0.366667 0.400000 0.433333 0.466667</float_array>
     <technique_common>
      <accessor source="#jnt_left_armroll-Matrix-animation-input-array" count="15">
       <param name="TIME" type="float"></param>
      </accessor>
     </technique_common>
    </source>
    <source id="jnt_left_armroll-Matrix-animation-output-transform">
     <float_array id="jnt_left_armroll-Matrix-animation-output-transform-array" count="240">

1.000000 -0.000000 0.000000 -0.421995 0.000000 1.000000 0.000000 0.000002 -0.000000 -0.000000 1.000000 -0.000004 0.000000 0.000000 0.000000 1.000000
1.000000 -0.000000 0.000000 -0.421995 0.000000 1.000000 0.000000 0.000002 -0.000000 -0.000000 1.000000 -0.000004 0.000000 0.000000 0.000000 1.000000
1.000000 -0.000000 -0.000000 -0.421995 0.000000 1.000000 0.000000 0.000002 0.000000 -0.000000 1.000000 -0.000004 0.000000 0.000000 0.000000 1.000000
1.000000 -0.000000 0.000000 -0.421995 0.000000 1.000000 0.000000 0.000002 -0.000000 -0.000000 1.000000 -0.000003 0.000000 0.000000 0.000000 1.000000
1.000000 -0.000000 0.000000 -0.421995 0.000000 1.000000 -0.000000 0.000002 -0.000000 0.000000 1.000000 -0.000004 0.000000 0.000000 0.000000 1.000000
1.000000 -0.000000 0.000000 -0.421995 0.000000 1.000000 0.000000 0.000002 -0.000000 -0.000000 1.000000 -0.000004 0.000000 0.000000 0.000000 1.000000
1.000000 -0.000000 0.000000 -0.421995 0.000000 1.000000 0.000000 0.000002 -0.000000 -0.000000 1.000000 -0.000004 0.000000 0.000000 0.000000 1.000000
1.000000 -0.000000 0.000000 -0.421995 0.000000 1.000000 -0.000000 0.000002 -0.000000 0.000000 1.000000 -0.000004 0.000000 0.000000 0.000000 1.000000
1.000000 -0.000000 0.000000 -0.421995 0.000000 1.000000 0.000000 0.000002 -0.000000 -0.000000 1.000000 -0.000004 0.000000 0.000000 0.000000 1.000000
1.000000 -0.000000 0.000000 -0.421995 0.000000 1.000000 0.000000 0.000002 -0.000000 -0.000000 1.000000 -0.000004 0.000000 0.000000 0.000000 1.000000
1.000000 -0.000000 0.000000 -0.421995 0.000000 1.000000 -0.000000 0.000001 -0.000000 0.000000 1.000000 -0.000004 0.000000 0.000000 0.000000 1.000000
1.000000 -0.000000 0.000000 -0.421995 0.000000 1.000000 0.000000 0.000002 -0.000000 -0.000000 1.000000 -0.000004 0.000000 0.000000 0.000000 1.000000
1.000000 -0.000000 0.000000 -0.421995 0.000000 1.000000 0.000000 0.000002 -0.000000 -0.000000 1.000000 -0.000004 0.000000 0.000000 0.000000 1.000000
1.000000 -0.000000 0.000000 -0.421995 0.000000 1.000000 0.000000 0.000003 -0.000000 -0.000000 1.000000 -0.000004 0.000000 0.000000 0.000000 1.000000
1.000000 -0.000000 0.000000 -0.421995 0.000000 1.000000 0.000000 0.000003 -0.000000 -0.000000 1.000000 -0.000004 0.000000 0.000000 0.000000 1.000000</float_array>
     <technique_common>
      <accessor source="#jnt_left_armroll-Matrix-animation-output-transform-array" count="15" stride="16">
       <param type="float4x4"></param>
      </accessor>
     </technique_common>
    </source>
    <source id="jnt_left_armroll-Interpolations">
     <Name_array id="jnt_left_armroll-Interpolations-array" count="15">
 LINEAR LINEAR LINEAR LINEAR LINEAR LINEAR LINEAR LINEAR LINEAR LINEAR LINEAR
LINEAR LINEAR LINEAR LINEAR</Name_array>
     <technique_common>
      <accessor source="#jnt_left_armroll-Interpolations-array" count="15">
       <param type="name"></param>
      </accessor>
     </technique_common>
    </source>
    <sampler id="jnt_left_armroll-Matrix-animation-transform">
     <input semantic="INPUT" source="#jnt_left_armroll-Matrix-animation-input"></input>
     <input semantic="OUTPUT" source="#jnt_left_armroll-Matrix-animation-output-transform"></input>
     <input semantic="INTERPOLATION" source="#jnt_left_armroll-Interpolations"></input>
    </sampler>
    <channel source="#jnt_left_armroll-Matrix-animation-transform" target="jnt_left_armroll/matrix"></channel>
   </animation>
  </animation>
  <animation id="jnt_left_forearm-anim" name="jnt_left_forearm">
   <animation>
    <source id="jnt_left_forearm-Matrix-animation-input">
     <float_array id="jnt_left_forearm-Matrix-animation-input-array" count="15">

0.000000 0.033333 0.066667 0.100000 0.133333 0.166667 0.200000 0.233333 0.266667 0.300000 0.333333 0.366667 0.400000 0.433333 0.466667</float_array>
     <technique_common>
      <accessor source="#jnt_left_forearm-Matrix-animation-input-array" count="15">
       <param name="TIME" type="float"></param>
      </accessor>
     </technique_common>
    </source>
    <source id="jnt_left_forearm-Matrix-animation-output-transform">
     <float_array id="jnt_left_forearm-Matrix-animation-output-transform-array" count="240">

0.845578 -0.527094 0.084672 -0.843981 0.525200 0.792905 -0.308976 0.000001 0.095723 0.305732 0.947293 0.000004 0.000000 0.000000 0.000000 1.000000
0.769851 -0.627509 0.116455 -0.843981 0.631052 0.721145 -0.285873 0.000001 0.095406 0.293569 0.951165 0.000004 0.000000 0.000000 0.000000 1.000000
0.635498 -0.754687 0.163064 -0.843981 0.767147 0.593289 -0.243912 0.000001 0.087333 0.280100 0.955990 0.000004 0.000000 0.000000 0.000000 1.000000
0.514432 -0.837247 0.185408 -0.843981 0.852286 0.475317 -0.218362 0.000001 0.094695 0.270353 0.958093 0.000004 0.000000 0.000000 0.000000 1.000000
0.359581 -0.912540 0.194865 -0.843981 0.925615 0.322406 -0.198218 0.000001 0.118056 0.251645 0.960592 0.000004 0.000000 0.000000 0.000000 1.000000
0.133750 -0.972037 0.193012 -0.843981 0.978737 0.099001 -0.179644 0.000001 0.155512 0.212935 0.964611 0.000004 0.000000 0.000000 0.000000 1.000000
-0.132862 -0.972554 0.191010 -0.843981 0.972222 -0.165352 -0.165657 0.000001 0.192694 0.163695 0.967509 0.000003 0.000000 0.000000 0.000000 1.000000
-0.349467 -0.912651 0.211993 -0.843981 0.913573 -0.382136 -0.139125 0.000001 0.207982 0.145052 0.967317 0.000003 0.000000 0.000000 0.000000 1.000000
-0.498136 -0.828201 0.256792 -0.843981 0.845810 -0.529329 -0.066447 0.000001 0.190959 0.184098 0.964179 0.000004 0.000000 0.000000 0.000000 1.000000
-0.623458 -0.723502 0.296385 -0.843981 0.767848 -0.638027 0.057713 0.000001 0.147347 0.263560 0.953323 0.000004 0.000000 0.000000 0.000000 1.000000
-0.697978 -0.628491 0.343258 -0.843981 0.710324 -0.668472 0.220420 0.000001 0.090927 0.397672 0.913010 0.000003 0.000000 0.000000 0.000000 1.000000
-0.733144 -0.558747 0.387688 -0.843981 0.678996 -0.633480 0.371034 0.000001 0.038279 0.535260 0.843819 0.000004 0.000000 0.000000 0.000000 1.000000
-0.746338 -0.522226 0.412625 -0.843981 0.665506 -0.593991 0.451969 0.000001 0.009065 0.611926 0.790862 0.000004 0.000000 0.000000 0.000000 1.000000
-0.747829 -0.517524 0.415837 -0.843981 0.663871 -0.587975 0.462126 0.000001 0.005341 0.621653 0.783274 0.000004 0.000000 0.000000 0.000000 1.000000
-0.747829 -0.517524 0.415837 -0.843981 0.663871 -0.587975 0.462126 0.000001 0.005341 0.621653 0.783274 0.000004 0.000000 0.000000 0.000000 1.000000</float_array>
     <technique_common>
      <accessor source="#jnt_left_forearm-Matrix-animation-output-transform-array" count="15" stride="16">
       <param type="float4x4"></param>
      </accessor>
     </technique_common>
    </source>
    <source id="jnt_left_forearm-Interpolations">
     <Name_array id="jnt_left_forearm-Interpolations-array" count="15">
 LINEAR LINEAR LINEAR LINEAR LINEAR LINEAR LINEAR LINEAR LINEAR LINEAR LINEAR
LINEAR LINEAR LINEAR LINEAR</Name_array>
     <technique_common>
      <accessor source="#jnt_left_forearm-Interpolations-array" count="15">
       <param type="name"></param>
      </accessor>
     </technique_common>
    </source>
    <sampler id="jnt_left_forearm-Matrix-animation-transform">
     <input semantic="INPUT" source="#jnt_left_forearm-Matrix-animation-input"></input>
     <input semantic="OUTPUT" source="#jnt_left_forearm-Matrix-animation-output-transform"></input>
     <input semantic="INTERPOLATION" source="#jnt_left_forearm-Interpolations"></input>
    </sampler>
    <channel source="#jnt_left_forearm-Matrix-animation-transform" target="jnt_left_forearm/matrix"></channel>
   </animation>
  </animation>
  <animation id="jnt_left_forearmroll-anim" name="jnt_left_forearmroll">
   <animation>
    <source id="jnt_left_forearmroll-Matrix-animation-input">
     <float_array id="jnt_left_forearmroll-Matrix-animation-input-array" count="15">

0.000000 0.033333 0.066667 0.100000 0.133333 0.166667 0.200000 0.233333 0.266667 0.300000 0.333333 0.366667 0.400000 0.433333 0.466667</float_array>
     <technique_common>
      <accessor source="#jnt_left_forearmroll-Matrix-animation-input-array" count="15">
       <param name="TIME" type="float"></param>
      </accessor>
     </technique_common>
    </source>
    <source id="jnt_left_forearmroll-Matrix-animation-output-transform">
     <float_array id="jnt_left_forearmroll-Matrix-animation-output-transform-array" count="240">

1.000000 0.000001 -0.000000 -0.487001 -0.000001 1.000000 -0.000000 -0.000001 0.000000 0.000000 1.000000 -0.000004 0.000000 0.000000 0.000000 1.000000
1.000000 0.000001 -0.000000 -0.487001 -0.000001 1.000000 -0.000000 -0.000000 0.000000 0.000000 1.000000 -0.000004 0.000000 0.000000 0.000000 1.000000
1.000000 0.000001 -0.000000 -0.487001 -0.000001 1.000000 -0.000000 0.000000 0.000000 0.000000 1.000000 -0.000004 0.000000 0.000000 0.000000 1.000000
1.000000 0.000001 -0.000000 -0.487001 -0.000001 1.000000 -0.000000 -0.000000 0.000000 0.000000 1.000000 -0.000004 0.000000 0.000000 0.000000 1.000000
1.000000 0.000001 -0.000000 -0.487001 -0.000001 1.000000 -0.000000 -0.000000 0.000000 0.000000 1.000000 -0.000004 0.000000 0.000000 0.000000 1.000000
1.000000 0.000001 -0.000000 -0.487001 -0.000001 1.000000 -0.000000 -0.000001 0.000000 0.000000 1.000000 -0.000004 0.000000 0.000000 0.000000 1.000000
1.000000 0.000001 -0.000000 -0.487001 -0.000001 1.000000 -0.000000 -0.000001 0.000000 0.000000 1.000000 -0.000005 0.000000 0.000000 0.000000 1.000000
1.000000 0.000001 -0.000000 -0.487001 -0.000001 1.000000 -0.000000 -0.000000 0.000000 0.000000 1.000000 -0.000004 0.000000 0.000000 0.000000 1.000000
1.000000 0.000001 -0.000000 -0.487001 -0.000001 1.000000 -0.000000 -0.000000 0.000000 0.000000 1.000000 -0.000004 0.000000 0.000000 0.000000 1.000000
1.000000 0.000001 -0.000000 -0.487001 -0.000001 1.000000 -0.000000 -0.000001 0.000000 0.000000 1.000000 -0.000004 0.000000 0.000000 0.000000 1.000000
1.000000 0.000001 -0.000000 -0.487001 -0.000001 1.000000 -0.000000 -0.000000 0.000000 0.000000 1.000000 -0.000004 0.000000 0.000000 0.000000 1.000000
1.000000 0.000001 -0.000000 -0.487001 -0.000001 1.000000 -0.000000 -0.000000 0.000000 0.000000 1.000000 -0.000004 0.000000 0.000000 0.000000 1.000000
1.000000 0.000001 -0.000000 -0.487001 -0.000001 1.000000 -0.000000 -0.000001 0.000000 0.000000 1.000000 -0.000004 0.000000 0.000000 0.000000 1.000000
1.000000 0.000001 -0.000000 -0.487001 -0.000001 1.000000 -0.000000 -0.000001 0.000000 0.000000 1.000000 -0.000003 0.000000 0.000000 0.000000 1.000000
1.000000 0.000001 -0.000000 -0.487001 -0.000001 1.000000 -0.000000 -0.000001 0.000000 0.000000 1.000000 -0.000003 0.000000 0.000000 0.000000 1.000000</float_array>
     <technique_common>
      <accessor source="#jnt_left_forearmroll-Matrix-animation-output-transform-array" count="15" stride="16">
       <param type="float4x4"></param>
      </accessor>
     </technique_common>
    </source>
    <source id="jnt_left_forearmroll-Interpolations">
     <Name_array id="jnt_left_forearmroll-Interpolations-array" count="15">
 LINEAR LINEAR LINEAR LINEAR LINEAR LINEAR LINEAR LINEAR LINEAR LINEAR LINEAR
LINEAR LINEAR LINEAR LINEAR</Name_array>
     <technique_common>
      <accessor source="#jnt_left_forearmroll-Interpolations-array" count="15">
       <param type="name"></param>
      </accessor>
     </technique_common>
    </source>
    <sampler id="jnt_left_forearmroll-Matrix-animation-transform">
     <input semantic="INPUT" source="#jnt_left_forearmroll-Matrix-animation-input"></input>
     <input semantic="OUTPUT" source="#jnt_left_forearmroll-Matrix-animation-output-transform"></input>
     <input semantic="INTERPOLATION" source="#jnt_left_forearmroll-Interpolations"></input>
    </sampler>
    <channel source="#jnt_left_forearmroll-Matrix-animation-transform" target="jnt_left_forearmroll/matrix"></channel>
   </animation>
  </animation>
  <animation id="jnt_left_hand-anim" name="jnt_left_hand">
   <animation>
    <source id="jnt_left_hand-Matrix-animation-input">
     <float_array id="jnt_left_hand-Matrix-animation-input-array" count="15">

0.000000 0.033333 0.066667 0.100000 0.133333 0.166667 0.200000 0.233333 0.266667 0.300000 0.333333 0.366667 0.400000 0.433333 0.466667</float_array>
     <technique_common>
      <accessor source="#jnt_left_hand-Matrix-animation-input-array" count="15">
       <param name="TIME" type="float"></param>
      </accessor>
     </technique_common>
    </source>
    <source id="jnt_left_hand-Matrix-animation-output-transform">
     <float_array id="jnt_left_hand-Matrix-animation-output-transform-array" count="240">

0.783529 -0.606334 0.135802 -0.975262 0.607806 0.702517 -0.370191 -0.000001 0.129056 0.372596 0.918976 -0.000000 0.000000 0.000000 0.000000 1.000000
0.806714 -0.573523 0.142425 -0.975262 0.581997 0.729305 -0.359714 -0.000001 0.102433 0.373076 0.922129 -0.000000 0.000000 0.000000 0.000000 1.000000
0.818322 -0.551955 0.160298 -0.975262 0.570264 0.744883 -0.346336 -0.000000 0.071759 0.374826 0.924314 -0.000000 0.000000 0.000000 0.000000 1.000000
0.810583 -0.561421 0.166620 -0.975262 0.581056 0.735549 -0.348340 -0.000001 0.073008 0.379174 0.922441 -0.000000 0.000000 0.000000 0.000000 1.000000
0.814789 -0.560531 0.148068 -0.975262 0.571880 0.735106 -0.364104 -0.000001 0.095246 0.381345 0.919513 -0.000001 0.000000 0.000000 0.000000 1.000000
0.839017 -0.535171 0.098201 -0.975262 0.526347 0.752570 -0.395723 -0.000001 0.137876 0.383706 0.913104 -0.000000 0.000000 0.000000 0.000000 1.000000
0.872352 -0.487729 0.033495 -0.975262 0.450264 0.774873 -0.443660 -0.000001 0.190432 0.402109 0.895569 -0.000001 0.000000 0.000000 0.000000 1.000000
0.897552 -0.440491 -0.019152 -0.975262 0.371445 0.778839 -0.505409 -0.000001 0.237545 0.446517 0.862667 -0.000000 0.000000 0.000000 0.000000 1.000000
0.913448 -0.403435 -0.053420 -0.975261 0.305325 0.766184 -0.565454 -0.000001 0.269053 0.500202 0.823048 0.000000 0.000000 0.000000 0.000000 1.000000
0.924696 -0.372591 -0.078183 -0.975262 0.251245 0.751536 -0.609975 -0.000001 0.286029 0.544399 0.788554 -0.000000 0.000000 0.000000 0.000000 1.000000
0.929624 -0.359619 -0.080456 -0.975262 0.224255 0.725320 -0.650861 -0.000001 0.292418 0.587013 0.754922 -0.000000 0.000000 0.000000 0.000000 1.000000
0.930535 -0.360347 -0.065221 -0.975262 0.221680 0.696053 -0.682911 -0.000000 0.291483 0.621014 0.727585 -0.000000 0.000000 0.000000 0.000000 1.000000
0.932005 -0.359158 -0.048715 -0.975262 0.224438 0.677426 -0.700516 -0.000001 0.284597 0.641950 0.711973 -0.000000 0.000000 0.000000 0.000000 1.000000
0.932369 -0.358570 -0.045997 -0.975262 0.224867 0.674868 -0.702843 -0.000001 0.283060 0.644965 0.709858 -0.000000 0.000000 0.000000 0.000000 1.000000
0.932369 -0.358570 -0.045997 -0.975262 0.224867 0.674868 -0.702843 -0.000001 0.283060 0.644965 0.709858 -0.000000 0.000000 0.000000 0.000000 1.000000</float_array>
     <technique_common>
      <accessor source="#jnt_left_hand-Matrix-animation-output-transform-array" count="15" stride="16">
       <param type="float4x4"></param>
      </accessor>
     </technique_common>
    </source>
    <source id="jnt_left_hand-Interpolations">
     <Name_array id="jnt_left_hand-Interpolations-array" count="15">
 LINEAR LINEAR LINEAR LINEAR LINEAR LINEAR LINEAR LINEAR LINEAR LINEAR LINEAR
LINEAR LINEAR LINEAR LINEAR</Name_array>
     <technique_common>
      <accessor source="#jnt_left_hand-Interpolations-array" count="15">
       <param type="name"></param>
      </accessor>
     </technique_common>
    </source>
    <sampler id="jnt_left_hand-Matrix-animation-transform">
     <input semantic="INPUT" source="#jnt_left_hand-Matrix-animation-input"></input>
     <input semantic="OUTPUT" source="#jnt_left_hand-Matrix-animation-output-transform"></input>
     <input semantic="INTERPOLATION" source="#jnt_left_hand-Interpolations"></input>
    </sampler>
    <channel source="#jnt_left_hand-Matrix-animation-transform" target="jnt_left_hand/matrix"></channel>
   </animation>
  </animation>
  <animation id="jnt_left_handthumb1-anim" name="jnt_left_handthumb1">
   <animation>
    <source id="jnt_left_handthumb1-Matrix-animation-input">
     <float_array id="jnt_left_handthumb1-Matrix-animation-input-array" count="15">

0.000000 0.033333 0.066667 0.100000 0.133333 0.166667 0.200000 0.233333 0.266667 0.300000 0.333333 0.366667 0.400000 0.433333 0.466667</float_array>
     <technique_common>
      <accessor source="#jnt_left_handthumb1-Matrix-animation-input-array" count="15">
       <param name="TIME" type="float"></param>
      </accessor>
     </technique_common>
    </source>
    <source id="jnt_left_handthumb1-Matrix-animation-output-transform">
     <float_array id="jnt_left_handthumb1-Matrix-animation-output-transform-array" count="240">

0.813615 -0.267172 0.516382 -0.060229 -0.008346 0.882704 0.469854 -0.203940 -0.581345 -0.386590 0.715951 0.155677 0.000000 0.000000 0.000000 1.000000
0.813615 -0.267172 0.516382 -0.060230 -0.008346 0.882705 0.469855 -0.203940 -0.581345 -0.386590 0.715951 0.155678 0.000000 0.000000 0.000000 1.000000
0.813614 -0.267172 0.516382 -0.060229 -0.008346 0.882704 0.469854 -0.203940 -0.581345 -0.386590 0.715951 0.155678 0.000000 0.000000 0.000000 1.000000
0.813614 -0.267172 0.516382 -0.060229 -0.008346 0.882704 0.469854 -0.203939 -0.581345 -0.386590 0.715951 0.155679 0.000000 0.000000 0.000000 1.000000
0.813614 -0.267172 0.516382 -0.060229 -0.008346 0.882704 0.469855 -0.203940 -0.581345 -0.386590 0.715951 0.155678 0.000000 0.000000 0.000000 1.000000
0.813615 -0.267172 0.516382 -0.060229 -0.008346 0.882704 0.469855 -0.203939 -0.581345 -0.386590 0.715951 0.155678 0.000000 0.000000 0.000000 1.000000
0.813615 -0.267172 0.516382 -0.060229 -0.008346 0.882704 0.469854 -0.203939 -0.581345 -0.386590 0.715951 0.155678 0.000000 0.000000 0.000000 1.000000
0.813614 -0.267172 0.516382 -0.060229 -0.008346 0.882704 0.469854 -0.203940 -0.581345 -0.386590 0.715951 0.155678 0.000000 0.000000 0.000000 1.000000
0.813614 -0.267172 0.516382 -0.060230 -0.008346 0.882704 0.469855 -0.203938 -0.581345 -0.386590 0.715951 0.155677 0.000000 0.000000 0.000000 1.000000
0.813615 -0.267172 0.516382 -0.060230 -0.008346 0.882705 0.469855 -0.203939 -0.581345 -0.386590 0.715951 0.155678 0.000000 0.000000 0.000000 1.000000
0.813615 -0.267172 0.516382 -0.060229 -0.008346 0.882705 0.469855 -0.203939 -0.581345 -0.386590 0.715951 0.155677 0.000000 0.000000 0.000000 1.000000
0.813614 -0.267172 0.516382 -0.060229 -0.008346 0.882704 0.469854 -0.203940 -0.581345 -0.386590 0.715951 0.155679 0.000000 0.000000 0.000000 1.000000
0.813614 -0.267172 0.516382 -0.060228 -0.008346 0.882704 0.469854 -0.203939 -0.581345 -0.386590 0.715951 0.155678 0.000000 0.000000 0.000000 1.000000
0.813615 -0.267172 0.516382 -0.060230 -0.008346 0.882705 0.469855 -0.203939 -0.581345 -0.386590 0.715951 0.155677 0.000000 0.000000 0.000000 1.000000
0.813615 -0.267172 0.516382 -0.060230 -0.008346 0.882705 0.469855 -0.203939 -0.581345 -0.386590 0.715951 0.155677 0.000000 0.000000 0.000000 1.000000</float_array>
     <technique_common>
      <accessor source="#jnt_left_handthumb1-Matrix-animation-output-transform-array" count="15" stride="16">
       <param type="float4x4"></param>
      </accessor>
     </technique_common>
    </source>
    <source id="jnt_left_handthumb1-Interpolations">
     <Name_array id="jnt_left_handthumb1-Interpolations-array" count="15">
 LINEAR LINEAR LINEAR LINEAR LINEAR LINEAR LINEAR LINEAR LINEAR LINEAR LINEAR
LINEAR LINEAR LINEAR LINEAR</Name_array>
     <technique_common>
      <accessor source="#jnt_left_handthumb1-Interpolations-array" count="15">
       <param type="name"></param>
      </accessor>
     </technique_common>
    </source>
    <sampler id="jnt_left_handthumb1-Matrix-animation-transform">
     <input semantic="INPUT" source="#jnt_left_handthumb1-Matrix-animation-input"></input>
     <input semantic="OUTPUT" source="#jnt_left_handthumb1-Matrix-animation-output-transform"></input>
     <input semantic="INTERPOLATION" source="#jnt_left_handthumb1-Interpolations"></input>
    </sampler>
    <channel source="#jnt_left_handthumb1-Matrix-animation-transform" target="jnt_left_handthumb1/matrix"></channel>
   </animation>
  </animation>
  <animation id="jnt_left_handthumb2-anim" name="jnt_left_handthumb2">
   <animation>
    <source id="jnt_left_handthumb2-Matrix-animation-input">
     <float_array id="jnt_left_handthumb2-Matrix-animation-input-array" count="15">

0.000000 0.033333 0.066667 0.100000 0.133333 0.166667 0.200000 0.233333 0.266667 0.300000 0.333333 0.366667 0.400000 0.433333 0.466667</float_array>
     <technique_common>
      <accessor source="#jnt_left_handthumb2-Matrix-animation-input-array" count="15">
       <param name="TIME" type="float"></param>
      </accessor>
     </technique_common>
    </source>
    <source id="jnt_left_handthumb2-Matrix-animation-output-transform">
     <float_array id="jnt_left_handthumb2-Matrix-animation-output-transform-array" count="240">

0.891779 0.452471 -0.000001 -0.213227 -0.452471 0.891779 -0.000003 -0.000002 -0.000001 0.000003 1.000000 0.000003 0.000000 0.000000 0.000000 1.000000
0.891779 0.452471 -0.000001 -0.213227 -0.452471 0.891779 -0.000003 -0.000002 -0.000001 0.000003 1.000000 0.000004 0.000000 0.000000 0.000000 1.000000
0.891779 0.452471 -0.000001 -0.213227 -0.452471 0.891779 -0.000003 -0.000002 -0.000001 0.000003 1.000000 0.000004 0.000000 0.000000 0.000000 1.000000
0.891779 0.452471 -0.000001 -0.213227 -0.452471 0.891779 -0.000003 -0.000002 -0.000001 0.000003 1.000000 0.000004 0.000000 0.000000 0.000000 1.000000
0.891779 0.452471 -0.000001 -0.213227 -0.452471 0.891779 -0.000003 -0.000002 -0.000001 0.000003 1.000000 0.000004 0.000000 0.000000 0.000000 1.000000
0.891779 0.452471 -0.000001 -0.213227 -0.452471 0.891779 -0.000003 -0.000002 -0.000001 0.000003 1.000000 0.000003 0.000000 0.000000 0.000000 1.000000
0.891779 0.452471 -0.000001 -0.213227 -0.452471 0.891779 -0.000003 -0.000002 -0.000001 0.000003 1.000000 0.000004 0.000000 0.000000 0.000000 1.000000
0.891779 0.452471 -0.000001 -0.213227 -0.452471 0.891779 -0.000003 -0.000002 -0.000001 0.000003 1.000000 0.000004 0.000000 0.000000 0.000000 1.000000
0.891779 0.452471 -0.000001 -0.213227 -0.452471 0.891779 -0.000003 -0.000002 -0.000001 0.000003 1.000000 0.000004 0.000000 0.000000 0.000000 1.000000
0.891779 0.452471 -0.000000 -0.213227 -0.452471 0.891779 -0.000003 -0.000002 -0.000001 0.000003 1.000000 0.000004 0.000000 0.000000 0.000000 1.000000
0.891779 0.452471 -0.000001 -0.213227 -0.452471 0.891779 -0.000003 -0.000002 -0.000001 0.000003 1.000000 0.000004 0.000000 0.000000 0.000000 1.000000
0.891779 0.452471 -0.000001 -0.213227 -0.452471 0.891779 -0.000003 -0.000002 -0.000001 0.000003 1.000000 0.000004 0.000000 0.000000 0.000000 1.000000
0.891779 0.452471 -0.000001 -0.213227 -0.452471 0.891779 -0.000003 -0.000002 -0.000001 0.000003 1.000000 0.000004 0.000000 0.000000 0.000000 1.000000
0.891779 0.452471 -0.000001 -0.213227 -0.452471 0.891779 -0.000003 -0.000002 -0.000001 0.000003 1.000000 0.000003 0.000000 0.000000 0.000000 1.000000
0.891779 0.452471 -0.000001 -0.213227 -0.452471 0.891779 -0.000003 -0.000002 -0.000001 0.000003 1.000000 0.000003 0.000000 0.000000 0.000000 1.000000</float_array>
     <technique_common>
      <accessor source="#jnt_left_handthumb2-Matrix-animation-output-transform-array" count="15" stride="16">
       <param type="float4x4"></param>
      </accessor>
     </technique_common>
    </source>
    <source id="jnt_left_handthumb2-Interpolations">
     <Name_array id="jnt_left_handthumb2-Interpolations-array" count="15">
 LINEAR LINEAR LINEAR LINEAR LINEAR LINEAR LINEAR LINEAR LINEAR LINEAR LINEAR
LINEAR LINEAR LINEAR LINEAR</Name_array>
     <technique_common>
      <accessor source="#jnt_left_handthumb2-Interpolations-array" count="15">
       <param type="name"></param>
      </accessor>
     </technique_common>
    </source>
    <sampler id="jnt_left_handthumb2-Matrix-animation-transform">
     <input semantic="INPUT" source="#jnt_left_handthumb2-Matrix-animation-input"></input>
     <input semantic="OUTPUT" source="#jnt_left_handthumb2-Matrix-animation-output-transform"></input>
     <input semantic="INTERPOLATION" source="#jnt_left_handthumb2-Interpolations"></input>
    </sampler>
    <channel source="#jnt_left_handthumb2-Matrix-animation-transform" target="jnt_left_handthumb2/matrix"></channel>
   </animation>
  </animation>
  <animation id="jnt_left_handthumb3-anim" name="jnt_left_handthumb3">
   <animation>
    <source id="jnt_left_handthumb3-Matrix-animation-input">
     <float_array id="jnt_left_handthumb3-Matrix-animation-input-array" count="15">

0.000000 0.033333 0.066667 0.100000 0.133333 0.166667 0.200000 0.233333 0.266667 0.300000 0.333333 0.366667 0.400000 0.433333 0.466667</float_array>
     <technique_common>
      <accessor source="#jnt_left_handthumb3-Matrix-animation-input-array" count="15">
       <param name="TIME" type="float"></param>
      </accessor>
     </technique_common>
    </source>
    <source id="jnt_left_handthumb3-Matrix-animation-output-transform">
     <float_array id="jnt_left_handthumb3-Matrix-animation-output-transform-array" count="240">

0.919114 0.393992 -0.000001 -0.141879 -0.393992 0.919114 -0.000003 0.000003 -0.000000 0.000003 1.000000 -0.000027 0.000000 0.000000 0.000000 1.000000
0.919114 0.393992 -0.000001 -0.141879 -0.393992 0.919114 -0.000003 0.000003 -0.000000 0.000003 1.000000 -0.000027 0.000000 0.000000 0.000000 1.000000
0.919114 0.393992 -0.000001 -0.141879 -0.393992 0.919114 -0.000003 0.000003 -0.000000 0.000003 1.000000 -0.000027 0.000000 0.000000 0.000000 1.000000
0.919114 0.393992 -0.000001 -0.141879 -0.393992 0.919114 -0.000003 0.000003 -0.000000 0.000003 1.000000 -0.000027 0.000000 0.000000 0.000000 1.000000
0.919114 0.393992 -0.000001 -0.141879 -0.393992 0.919114 -0.000003 0.000003 -0.000000 0.000003 1.000000 -0.000027 0.000000 0.000000 0.000000 1.000000
0.919114 0.393992 -0.000001 -0.141879 -0.393991 0.919114 -0.000003 0.000003 -0.000000 0.000003 1.000000 -0.000027 0.000000 0.000000 0.000000 1.000000
0.919114 0.393991 -0.000001 -0.141879 -0.393991 0.919114 -0.000003 0.000003 -0.000000 0.000003 1.000000 -0.000026 0.000000 0.000000 0.000000 1.000000
0.919114 0.393992 -0.000001 -0.141879 -0.393992 0.919114 -0.000003 0.000003 -0.000000 0.000003 1.000000 -0.000027 0.000000 0.000000 0.000000 1.000000
0.919114 0.393992 -0.000001 -0.141879 -0.393991 0.919114 -0.000003 0.000003 -0.000000 0.000003 1.000000 -0.000027 0.000000 0.000000 0.000000 1.000000
0.919114 0.393992 -0.000001 -0.141879 -0.393992 0.919114 -0.000003 0.000003 -0.000000 0.000003 1.000000 -0.000027 0.000000 0.000000 0.000000 1.000000
0.919114 0.393992 -0.000001 -0.141879 -0.393992 0.919114 -0.000003 0.000004 -0.000000 0.000003 1.000000 -0.000027 0.000000 0.000000 0.000000 1.000000
0.919114 0.393991 -0.000001 -0.141879 -0.393992 0.919114 -0.000003 0.000003 -0.000000 0.000003 1.000000 -0.000027 0.000000 0.000000 0.000000 1.000000
0.919114 0.393992 -0.000001 -0.141879 -0.393992 0.919114 -0.000003 0.000003 -0.000000 0.000003 1.000000 -0.000027 0.000000 0.000000 0.000000 1.000000
0.919114 0.393992 -0.000001 -0.141880 -0.393991 0.919114 -0.000003 0.000003 -0.000000 0.000003 1.000000 -0.000027 0.000000 0.000000 0.000000 1.000000
0.919114 0.393992 -0.000001 -0.141880 -0.393991 0.919114 -0.000003 0.000003 -0.000000 0.000003 1.000000 -0.000027 0.000000 0.000000 0.000000 1.000000</float_array>
     <technique_common>
      <accessor source="#jnt_left_handthumb3-Matrix-animation-output-transform-array" count="15" stride="16">
       <param type="float4x4"></param>
      </accessor>
     </technique_common>
    </source>
    <source id="jnt_left_handthumb3-Interpolations">
     <Name_array id="jnt_left_handthumb3-Interpolations-array" count="15">
 LINEAR LINEAR LINEAR LINEAR LINEAR LINEAR LINEAR LINEAR LINEAR LINEAR LINEAR
LINEAR LINEAR LINEAR LINEAR</Name_array>
     <technique_common>
      <accessor source="#jnt_left_handthumb3-Interpolations-array" count="15">
       <param type="name"></param>
      </accessor>
     </technique_common>
    </source>
    <sampler id="jnt_left_handthumb3-Matrix-animation-transform">
     <input semantic="INPUT" source="#jnt_left_handthumb3-Matrix-animation-input"></input>
     <input semantic="OUTPUT" source="#jnt_left_handthumb3-Matrix-animation-output-transform"></input>
     <input semantic="INTERPOLATION" source="#jnt_left_handthumb3-Interpolations"></input>
    </sampler>
    <channel source="#jnt_left_handthumb3-Matrix-animation-transform" target="jnt_left_handthumb3/matrix"></channel>
   </animation>
  </animation>
  <animation id="jnt_left_handthumb4-anim" name="jnt_left_handthumb4">
   <animation>
    <source id="jnt_left_handthumb4-Matrix-animation-input">
     <float_array id="jnt_left_handthumb4-Matrix-animation-input-array" count="15">

0.000000 0.033333 0.066667 0.100000 0.133333 0.166667 0.200000 0.233333 0.266667 0.300000 0.333333 0.366667 0.400000 0.433333 0.466667</float_array>
     <technique_common>
      <accessor source="#jnt_left_handthumb4-Matrix-animation-input-array" count="15">
       <param name="TIME" type="float"></param>
      </accessor>
     </technique_common>
    </source>
    <source id="jnt_left_handthumb4-Matrix-animation-output-transform">
     <float_array id="jnt_left_handthumb4-Matrix-animation-output-transform-array" count="240">

1.000000 -0.000000 0.000000 -0.122601 0.000000 1.000000 0.000000 -0.000006 -0.000000 -0.000000 1.000000 0.000004 0.000000 0.000000 0.000000 1.000000
1.000000 -0.000000 0.000000 -0.122601 0.000000 1.000000 0.000000 -0.000006 -0.000000 -0.000000 1.000000 0.000004 0.000000 0.000000 0.000000 1.000000
1.000000 -0.000000 0.000000 -0.122601 0.000000 1.000000 0.000000 -0.000006 -0.000000 -0.000000 1.000000 0.000005 0.000000 0.000000 0.000000 1.000000
1.000000 -0.000000 0.000000 -0.122601 0.000000 1.000000 0.000000 -0.000006 -0.000000 -0.000000 1.000000 0.000004 0.000000 0.000000 0.000000 1.000000
1.000000 -0.000000 0.000000 -0.122601 0.000000 1.000000 0.000000 -0.000006 -0.000000 -0.000000 1.000000 0.000005 0.000000 0.000000 0.000000 1.000000
1.000000 -0.000000 0.000000 -0.122601 0.000000 1.000000 0.000000 -0.000006 -0.000000 -0.000000 1.000000 0.000005 0.000000 0.000000 0.000000 1.000000
1.000000 -0.000000 0.000000 -0.122601 0.000000 1.000000 0.000000 -0.000006 -0.000000 -0.000000 1.000000 0.000005 0.000000 0.000000 0.000000 1.000000
1.000000 -0.000000 -0.000000 -0.122601 0.000000 1.000000 0.000000 -0.000006 0.000000 -0.000000 1.000000 0.000005 0.000000 0.000000 0.000000 1.000000
1.000000 -0.000000 0.000000 -0.122601 0.000000 1.000000 0.000000 -0.000006 -0.000000 -0.000000 1.000000 0.000005 0.000000 0.000000 0.000000 1.000000
1.000000 -0.000000 -0.000000 -0.122601 0.000000 1.000000 0.000000 -0.000006 0.000000 -0.000000 1.000000 0.000004 0.000000 0.000000 0.000000 1.000000
1.000000 -0.000000 -0.000000 -0.122601 0.000000 1.000000 0.000000 -0.000006 0.000000 -0.000000 1.000000 0.000005 0.000000 0.000000 0.000000 1.000000
1.000000 -0.000000 0.000000 -0.122601 0.000000 1.000000 0.000000 -0.000006 -0.000000 -0.000000 1.000000 0.000005 0.000000 0.000000 0.000000 1.000000
1.000000 -0.000000 0.000000 -0.122601 0.000000 1.000000 0.000000 -0.000006 -0.000000 -0.000000 1.000000 0.000004 0.000000 0.000000 0.000000 1.000000
1.000000 -0.000000 0.000000 -0.122601 0.000000 1.000000 0.000000 -0.000006 -0.000000 -0.000000 1.000000 0.000005 0.000000 0.000000 0.000000 1.000000
1.000000 -0.000000 0.000000 -0.122601 0.000000 1.000000 0.000000 -0.000006 -0.000000 -0.000000 1.000000 0.000005 0.000000 0.000000 0.000000 1.000000</float_array>
     <technique_common>
      <accessor source="#jnt_left_handthumb4-Matrix-animation-output-transform-array" count="15" stride="16">
       <param type="float4x4"></param>
      </accessor>
     </technique_common>
    </source>
    <source id="jnt_left_handthumb4-Interpolations">
     <Name_array id="jnt_left_handthumb4-Interpolations-array" count="15">
 LINEAR LINEAR LINEAR LINEAR LINEAR LINEAR LINEAR LINEAR LINEAR LINEAR LINEAR
LINEAR LINEAR LINEAR LINEAR</Name_array>
     <technique_common>
      <accessor source="#jnt_left_handthumb4-Interpolations-array" count="15">
       <param type="name"></param>
      </accessor>
     </technique_common>
    </source>
    <sampler id="jnt_left_handthumb4-Matrix-animation-transform">
     <input semantic="INPUT" source="#jnt_left_handthumb4-Matrix-animation-input"></input>
     <input semantic="OUTPUT" source="#jnt_left_handthumb4-Matrix-animation-output-transform"></input>
     <input semantic="INTERPOLATION" source="#jnt_left_handthumb4-Interpolations"></input>
    </sampler>
    <channel source="#jnt_left_handthumb4-Matrix-animation-transform" target="jnt_left_handthumb4/matrix"></channel>
   </animation>
  </animation>
  <animation id="jnt_left_handindex1-anim" name="jnt_left_handindex1">
   <animation>
    <source id="jnt_left_handindex1-Matrix-animation-input">
     <float_array id="jnt_left_handindex1-Matrix-animation-input-array" count="15">

0.000000 0.033333 0.066667 0.100000 0.133333 0.166667 0.200000 0.233333 0.266667 0.300000 0.333333 0.366667 0.400000 0.433333 0.466667</float_array>
     <technique_common>
      <accessor source="#jnt_left_handindex1-Matrix-animation-input-array" count="15">
       <param name="TIME" type="float"></param>
      </accessor>
     </technique_common>
    </source>
    <source id="jnt_left_handindex1-Matrix-animation-output-transform">
     <float_array id="jnt_left_handindex1-Matrix-animation-output-transform-array" count="240">

0.649735 0.749596 0.126290 -0.494375 0.141400 0.044057 -0.988972 -0.203977 -0.746893 0.660428 -0.077368 -0.029847 0.000000 0.000000 0.000000 1.000000
0.649735 0.749596 0.126290 -0.494375 0.141400 0.044057 -0.988972 -0.203977 -0.746893 0.660427 -0.077368 -0.029848 0.000000 0.000000 0.000000 1.000000
0.649735 0.749596 0.126290 -0.494376 0.141400 0.044057 -0.988971 -0.203977 -0.746893 0.660427 -0.077368 -0.029848 0.000000 0.000000 0.000000 1.000000
0.649736 0.749596 0.126290 -0.494375 0.141400 0.044057 -0.988972 -0.203977 -0.746893 0.660428 -0.077368 -0.029847 0.000000 0.000000 0.000000 1.000000
0.649735 0.749596 0.126290 -0.494375 0.141400 0.044057 -0.988972 -0.203977 -0.746893 0.660427 -0.077368 -0.029847 0.000000 0.000000 0.000000 1.000000
0.649735 0.749596 0.126290 -0.494375 0.141400 0.044057 -0.988971 -0.203977 -0.746893 0.660428 -0.077368 -0.029848 0.000000 0.000000 0.000000 1.000000
0.649736 0.749596 0.126290 -0.494375 0.141400 0.044057 -0.988972 -0.203977 -0.746894 0.660428 -0.077368 -0.029847 0.000000 0.000000 0.000000 1.000000
0.649735 0.749596 0.126290 -0.494374 0.141400 0.044057 -0.988971 -0.203977 -0.746893 0.660428 -0.077368 -0.029847 0.000000 0.000000 0.000000 1.000000
0.649735 0.749596 0.126290 -0.494375 0.141400 0.044057 -0.988972 -0.203977 -0.746893 0.660428 -0.077368 -0.029847 0.000000 0.000000 0.000000 1.000000
0.649735 0.749596 0.126290 -0.494375 0.141400 0.044057 -0.988972 -0.203977 -0.746893 0.660428 -0.077368 -0.029847 0.000000 0.000000 0.000000 1.000000
0.649735 0.749596 0.126290 -0.494374 0.141400 0.044057 -0.988971 -0.203977 -0.746893 0.660427 -0.077368 -0.029847 0.000000 0.000000 0.000000 1.000000
0.649735 0.749596 0.126290 -0.494375 0.141400 0.044057 -0.988972 -0.203977 -0.746893 0.660428 -0.077368 -0.029847 0.000000 0.000000 0.000000 1.000000
0.649735 0.749596 0.126290 -0.494375 0.141400 0.044057 -0.988972 -0.203977 -0.746893 0.660427 -0.077368 -0.029848 0.000000 0.000000 0.000000 1.000000
0.649735 0.749596 0.126290 -0.494376 0.141400 0.044057 -0.988972 -0.203977 -0.746893 0.660428 -0.077368 -0.029848 0.000000 0.000000 0.000000 1.000000
0.649735 0.749596 0.126290 -0.494376 0.141400 0.044057 -0.988972 -0.203977 -0.746893 0.660428 -0.077368 -0.029848 0.000000 0.000000 0.000000 1.000000</float_array>
     <technique_common>
      <accessor source="#jnt_left_handindex1-Matrix-animation-output-transform-array" count="15" stride="16">
       <param type="float4x4"></param>
      </accessor>
     </technique_common>
    </source>
    <source id="jnt_left_handindex1-Interpolations">
     <Name_array id="jnt_left_handindex1-Interpolations-array" count="15">
 LINEAR LINEAR LINEAR LINEAR LINEAR LINEAR LINEAR LINEAR LINEAR LINEAR LINEAR
LINEAR LINEAR LINEAR LINEAR</Name_array>
     <technique_common>
      <accessor source="#jnt_left_handindex1-Interpolations-array" count="15">
       <param type="name"></param>
      </accessor>
     </technique_common>
    </source>
    <sampler id="jnt_left_handindex1-Matrix-animation-transform">
     <input semantic="INPUT" source="#jnt_left_handindex1-Matrix-animation-input"></input>
     <input semantic="OUTPUT" source="#jnt_left_handindex1-Matrix-animation-output-transform"></input>
     <input semantic="INTERPOLATION" source="#jnt_left_handindex1-Interpolations"></input>
    </sampler>
    <channel source="#jnt_left_handindex1-Matrix-animation-transform" target="jnt_left_handindex1/matrix"></channel>
   </animation>
  </animation>
  <animation id="jnt_left_handindex2-anim" name="jnt_left_handindex2">
   <animation>
    <source id="jnt_left_handindex2-Matrix-animation-input">
     <float_array id="jnt_left_handindex2-Matrix-animation-input-array" count="15">

0.000000 0.033333 0.066667 0.100000 0.133333 0.166667 0.200000 0.233333 0.266667 0.300000 0.333333 0.366667 0.400000 0.433333 0.466667</float_array>
     <technique_common>
      <accessor source="#jnt_left_handindex2-Matrix-animation-input-array" count="15">
       <param name="TIME" type="float"></param>
      </accessor>
     </technique_common>
    </source>
    <source id="jnt_left_handindex2-Matrix-animation-output-transform">
     <float_array id="jnt_left_handindex2-Matrix-animation-output-transform-array" count="240">

0.911301 0.411741 -0.000000 -0.145432 -0.411741 0.911301 -0.000000 0.001125 0.000000 0.000001 1.000000 0.000040 0.000000 0.000000 0.000000 1.000000
0.911300 0.411741 -0.000000 -0.145432 -0.411741 0.911301 -0.000000 0.001125 0.000000 0.000001 1.000000 0.000040 0.000000 0.000000 0.000000 1.000000
0.911301 0.411741 -0.000000 -0.145432 -0.411741 0.911301 -0.000000 0.001124 0.000000 0.000001 1.000000 0.000040 0.000000 0.000000 0.000000 1.000000
0.911301 0.411741 -0.000000 -0.145432 -0.411741 0.911301 -0.000001 0.001124 0.000000 0.000001 1.000000 0.000041 0.000000 0.000000 0.000000 1.000000
0.911301 0.411742 -0.000000 -0.145432 -0.411742 0.911301 -0.000000 0.001125 0.000000 0.000001 1.000000 0.000040 0.000000 0.000000 0.000000 1.000000
0.911301 0.411741 -0.000000 -0.145432 -0.411741 0.911301 -0.000000 0.001124 0.000000 0.000001 1.000000 0.000040 0.000000 0.000000 0.000000 1.000000
0.911301 0.411742 -0.000000 -0.145432 -0.411741 0.911301 -0.000000 0.001125 0.000000 0.000001 1.000000 0.000040 0.000000 0.000000 0.000000 1.000000
0.911301 0.411742 -0.000000 -0.145432 -0.411741 0.911301 -0.000000 0.001123 0.000000 0.000001 1.000000 0.000040 0.000000 0.000000 0.000000 1.000000
0.911301 0.411741 -0.000000 -0.145432 -0.411741 0.911301 -0.000000 0.001124 0.000000 0.000001 1.000000 0.000040 0.000000 0.000000 0.000000 1.000000
0.911301 0.411742 -0.000000 -0.145432 -0.411741 0.911301 -0.000000 0.001125 0.000000 0.000001 1.000000 0.000040 0.000000 0.000000 0.000000 1.000000
0.911301 0.411741 -0.000000 -0.145431 -0.411742 0.911300 -0.000000 0.001126 0.000000 0.000001 1.000000 0.000040 0.000000 0.000000 0.000000 1.000000
0.911301 0.411741 -0.000000 -0.145432 -0.411741 0.911301 -0.000000 0.001125 0.000000 0.000001 1.000000 0.000040 0.000000 0.000000 0.000000 1.000000
0.911301 0.411741 -0.000000 -0.145432 -0.411741 0.911301 -0.000000 0.001125 0.000000 0.000001 1.000000 0.000040 0.000000 0.000000 0.000000 1.000000
0.911301 0.411742 -0.000000 -0.145432 -0.411742 0.911301 -0.000000 0.001124 0.000000 0.000001 1.000000 0.000040 0.000000 0.000000 0.000000 1.000000
0.911301 0.411742 -0.000000 -0.145432 -0.411742 0.911301 -0.000000 0.001124 0.000000 0.000001 1.000000 0.000040 0.000000 0.000000 0.000000 1.000000</float_array>
     <technique_common>
      <accessor source="#jnt_left_handindex2-Matrix-animation-output-transform-array" count="15" stride="16">
       <param type="float4x4"></param>
      </accessor>
     </technique_common>
    </source>
    <source id="jnt_left_handindex2-Interpolations">
     <Name_array id="jnt_left_handindex2-Interpolations-array" count="15">
 LINEAR LINEAR LINEAR LINEAR LINEAR LINEAR LINEAR LINEAR LINEAR LINEAR LINEAR
LINEAR LINEAR LINEAR LINEAR</Name_array>
     <technique_common>
      <accessor source="#jnt_left_handindex2-Interpolations-array" count="15">
       <param type="name"></param>
      </accessor>
     </technique_common>
    </source>
    <sampler id="jnt_left_handindex2-Matrix-animation-transform">
     <input semantic="INPUT" source="#jnt_left_handindex2-Matrix-animation-input"></input>
     <input semantic="OUTPUT" source="#jnt_left_handindex2-Matrix-animation-output-transform"></input>
     <input semantic="INTERPOLATION" source="#jnt_left_handindex2-Interpolations"></input>
    </sampler>
    <channel source="#jnt_left_handindex2-Matrix-animation-transform" target="jnt_left_handindex2/matrix"></channel>
   </animation>
  </animation>
  <animation id="jnt_left_handindex3-anim" name="jnt_left_handindex3">
   <animation>
    <source id="jnt_left_handindex3-Matrix-animation-input">
     <float_array id="jnt_left_handindex3-Matrix-animation-input-array" count="15">

0.000000 0.033333 0.066667 0.100000 0.133333 0.166667 0.200000 0.233333 0.266667 0.300000 0.333333 0.366667 0.400000 0.433333 0.466667</float_array>
     <technique_common>
      <accessor source="#jnt_left_handindex3-Matrix-animation-input-array" count="15">
       <param name="TIME" type="float"></param>
      </accessor>
     </technique_common>
    </source>
    <source id="jnt_left_handindex3-Matrix-animation-output-transform">
     <float_array id="jnt_left_handindex3-Matrix-animation-output-transform-array" count="240">

0.968134 0.250434 -0.000000 -0.093752 -0.250434 0.968134 0.000001 0.000002 0.000000 -0.000001 1.000000 0.000000 0.000000 0.000000 0.000000 1.000000
0.968134 0.250434 -0.000000 -0.093752 -0.250434 0.968134 0.000001 0.000003 0.000000 -0.000001 1.000000 0.000000 0.000000 0.000000 0.000000 1.000000
0.968134 0.250434 -0.000000 -0.093752 -0.250434 0.968134 0.000001 0.000003 0.000000 -0.000001 1.000000 -0.000000 0.000000 0.000000 0.000000 1.000000
0.968134 0.250434 -0.000000 -0.093752 -0.250434 0.968134 0.000001 0.000003 0.000000 -0.000001 1.000000 -0.000000 0.000000 0.000000 0.000000 1.000000
0.968134 0.250434 -0.000000 -0.093753 -0.250434 0.968134 0.000001 0.000003 0.000000 -0.000001 1.000000 -0.000000 0.000000 0.000000 0.000000 1.000000
0.968134 0.250434 -0.000000 -0.093752 -0.250434 0.968134 0.000001 0.000003 0.000000 -0.000001 1.000000 0.000000 0.000000 0.000000 0.000000 1.000000
0.968134 0.250434 -0.000000 -0.093752 -0.250434 0.968134 0.000001 0.000003 0.000000 -0.000001 1.000000 0.000001 0.000000 0.000000 0.000000 1.000000
0.968134 0.250434 -0.000000 -0.093752 -0.250434 0.968134 0.000001 0.000003 0.000000 -0.000001 1.000000 -0.000000 0.000000 0.000000 0.000000 1.000000
0.968134 0.250434 -0.000000 -0.093753 -0.250434 0.968134 0.000001 0.000003 0.000000 -0.000001 1.000000 -0.000000 0.000000 0.000000 0.000000 1.000000
0.968134 0.250434 -0.000000 -0.093752 -0.250434 0.968134 0.000001 0.000003 0.000000 -0.000001 1.000000 -0.000000 0.000000 0.000000 0.000000 1.000000
0.968134 0.250434 -0.000000 -0.093753 -0.250434 0.968134 0.000001 0.000003 0.000000 -0.000001 1.000000 -0.000000 0.000000 0.000000 0.000000 1.000000
0.968134 0.250434 -0.000000 -0.093752 -0.250434 0.968134 0.000001 0.000002 0.000000 -0.000001 1.000000 -0.000000 0.000000 0.000000 0.000000 1.000000
0.968134 0.250434 -0.000000 -0.093752 -0.250434 0.968134 0.000001 0.000004 0.000000 -0.000001 1.000000 0.000000 0.000000 0.000000 0.000000 1.000000
0.968134 0.250434 -0.000000 -0.093752 -0.250434 0.968134 0.000001 0.000003 0.000000 -0.000001 1.000000 0.000000 0.000000 0.000000 0.000000 1.000000
0.968134 0.250434 -0.000000 -0.093752 -0.250434 0.968134 0.000001 0.000003 0.000000 -0.000001 1.000000 0.000000 0.000000 0.000000 0.000000 1.000000</float_array>
     <technique_common>
      <accessor source="#jnt_left_handindex3-Matrix-animation-output-transform-array" count="15" stride="16">
       <param type="float4x4"></param>
      </accessor>
     </technique_common>
    </source>
    <source id="jnt_left_handindex3-Interpolations">
     <Name_array id="jnt_left_handindex3-Interpolations-array" count="15">
 LINEAR LINEAR LINEAR LINEAR LINEAR LINEAR LINEAR LINEAR LINEAR LINEAR LINEAR
LINEAR LINEAR LINEAR LINEAR</Name_array>
     <technique_common>
      <accessor source="#jnt_left_handindex3-Interpolations-array" count="15">
       <param type="name"></param>
      </accessor>
     </technique_common>
    </source>
    <sampler id="jnt_left_handindex3-Matrix-animation-transform">
     <input semantic="INPUT" source="#jnt_left_handindex3-Matrix-animation-input"></input>
     <input semantic="OUTPUT" source="#jnt_left_handindex3-Matrix-animation-output-transform"></input>
     <input semantic="INTERPOLATION" source="#jnt_left_handindex3-Interpolations"></input>
    </sampler>
    <channel source="#jnt_left_handindex3-Matrix-animation-transform" target="jnt_left_handindex3/matrix"></channel>
   </animation>
  </animation>
  <animation id="jnt_left_handindex4-anim" name="jnt_left_handindex4">
   <animation>
    <source id="jnt_left_handindex4-Matrix-animation-input">
     <float_array id="jnt_left_handindex4-Matrix-animation-input-array" count="15">

0.000000 0.033333 0.066667 0.100000 0.133333 0.166667 0.200000 0.233333 0.266667 0.300000 0.333333 0.366667 0.400000 0.433333 0.466667</float_array>
     <technique_common>
      <accessor source="#jnt_left_handindex4-Matrix-animation-input-array" count="15">
       <param name="TIME" type="float"></param>
      </accessor>
     </technique_common>
    </source>
    <source id="jnt_left_handindex4-Matrix-animation-output-transform">
     <float_array id="jnt_left_handindex4-Matrix-animation-output-transform-array" count="240">

1.000000 -0.000000 0.000000 -0.107084 0.000000 1.000000 0.000000 0.000049 -0.000000 -0.000000 1.000000 -0.001504 0.000000 0.000000 0.000000 1.000000
1.000000 0.000000 0.000000 -0.107084 -0.000000 1.000000 0.000000 0.000048 -0.000000 -0.000000 1.000000 -0.001504 0.000000 0.000000 0.000000 1.000000
1.000000 0.000000 -0.000000 -0.107084 -0.000000 1.000000 0.000000 0.000049 0.000000 -0.000000 1.000000 -0.001504 0.000000 0.000000 0.000000 1.000000
1.000000 -0.000000 -0.000000 -0.107084 0.000000 1.000000 0.000000 0.000048 0.000000 -0.000000 1.000000 -0.001504 0.000000 0.000000 0.000000 1.000000
1.000000 0.000000 -0.000000 -0.107084 -0.000000 1.000000 -0.000000 0.000048 0.000000 0.000000 1.000000 -0.001504 0.000000 0.000000 0.000000 1.000000
1.000000 -0.000000 -0.000000 -0.107084 0.000000 1.000000 -0.000000 0.000048 0.000000 0.000000 1.000000 -0.001504 0.000000 0.000000 0.000000 1.000000
1.000000 -0.000000 -0.000000 -0.107084 0.000000 1.000000 0.000000 0.000049 0.000000 -0.000000 1.000000 -0.001504 0.000000 0.000000 0.000000 1.000000
1.000000 -0.000000 0.000000 -0.107084 0.000000 1.000000 -0.000000 0.000049 -0.000000 0.000000 1.000000 -0.001504 0.000000 0.000000 0.000000 1.000000
1.000000 -0.000000 -0.000000 -0.107084 0.000000 1.000000 0.000000 0.000048 0.000000 -0.000000 1.000000 -0.001504 0.000000 0.000000 0.000000 1.000000
1.000000 -0.000000 -0.000000 -0.107084 0.000000 1.000000 -0.000000 0.000049 0.000000 0.000000 1.000000 -0.001504 0.000000 0.000000 0.000000 1.000000
1.000000 0.000000 0.000000 -0.107085 -0.000000 1.000000 0.000000 0.000049 -0.000000 -0.000000 1.000000 -0.001504 0.000000 0.000000 0.000000 1.000000
1.000000 0.000000 -0.000000 -0.107084 -0.000000 1.000000 -0.000000 0.000049 0.000000 0.000000 1.000000 -0.001504 0.000000 0.000000 0.000000 1.000000
1.000000 -0.000000 0.000000 -0.107084 0.000000 1.000000 0.000000 0.000049 -0.000000 -0.000000 1.000000 -0.001504 0.000000 0.000000 0.000000 1.000000
1.000000 -0.000000 -0.000000 -0.107084 0.000000 1.000000 0.000000 0.000048 0.000000 -0.000000 1.000000 -0.001504 0.000000 0.000000 0.000000 1.000000
1.000000 -0.000000 -0.000000 -0.107084 0.000000 1.000000 0.000000 0.000048 0.000000 -0.000000 1.000000 -0.001504 0.000000 0.000000 0.000000 1.000000</float_array>
     <technique_common>
      <accessor source="#jnt_left_handindex4-Matrix-animation-output-transform-array" count="15" stride="16">
       <param type="float4x4"></param>
      </accessor>
     </technique_common>
    </source>
    <source id="jnt_left_handindex4-Interpolations">
     <Name_array id="jnt_left_handindex4-Interpolations-array" count="15">
 LINEAR LINEAR LINEAR LINEAR LINEAR LINEAR LINEAR LINEAR LINEAR LINEAR LINEAR
LINEAR LINEAR LINEAR LINEAR</Name_array>
     <technique_common>
      <accessor source="#jnt_left_handindex4-Interpolations-array" count="15">
       <param type="name"></param>
      </accessor>
     </technique_common>
    </source>
    <sampler id="jnt_left_handindex4-Matrix-animation-transform">
     <input semantic="INPUT" source="#jnt_left_handindex4-Matrix-animation-input"></input>
     <input semantic="OUTPUT" source="#jnt_left_handindex4-Matrix-animation-output-transform"></input>
     <input semantic="INTERPOLATION" source="#jnt_left_handindex4-Interpolations"></input>
    </sampler>
    <channel source="#jnt_left_handindex4-Matrix-animation-transform" target="jnt_left_handindex4/matrix"></channel>
   </animation>
  </animation>
  <animation id="jnt_left_weapon-anim" name="jnt_left_weapon">
   <animation>
    <source id="jnt_left_weapon-Matrix-animation-input">
     <float_array id="jnt_left_weapon-Matrix-animation-input-array" count="15">

0.000000 0.033333 0.066667 0.100000 0.133333 0.166667 0.200000 0.233333 0.266667 0.300000 0.333333 0.366667 0.400000 0.433333 0.466667</float_array>
     <technique_common>
      <accessor source="#jnt_left_weapon-Matrix-animation-input-array" count="15">
       <param name="TIME" type="float"></param>
      </accessor>
     </technique_common>
    </source>
    <source id="jnt_left_weapon-Matrix-animation-output-transform">
     <float_array id="jnt_left_weapon-Matrix-animation-output-transform-array" count="240">

-0.068652 -0.108939 -0.991679 -0.369354 0.108715 -0.988918 0.101111 -0.054074 -0.991705 -0.100868 0.079734 0.296616 0.000000 0.000000 0.000000 1.000000
-0.068652 -0.108939 -0.991679 -0.369354 0.108715 -0.988918 0.101111 -0.054074 -0.991705 -0.100868 0.079734 0.296616 0.000000 0.000000 0.000000 1.000000
-0.068652 -0.108938 -0.991679 -0.369354 0.108715 -0.988918 0.101110 -0.054074 -0.991705 -0.100868 0.079734 0.296616 0.000000 0.000000 0.000000 1.000000
-0.068652 -0.108938 -0.991680 -0.369354 0.108715 -0.988918 0.101110 -0.054074 -0.991705 -0.100868 0.079734 0.296616 0.000000 0.000000 0.000000 1.000000
-0.068652 -0.108938 -0.991680 -0.369354 0.108715 -0.988918 0.101110 -0.054074 -0.991705 -0.100868 0.079734 0.296616 0.000000 0.000000 0.000000 1.000000
-0.068652 -0.108939 -0.991679 -0.369354 0.108715 -0.988918 0.101111 -0.054074 -0.991705 -0.100868 0.079734 0.296616 0.000000 0.000000 0.000000 1.000000
-0.068652 -0.108939 -0.991679 -0.369354 0.108715 -0.988918 0.101111 -0.054074 -0.991705 -0.100868 0.079734 0.296616 0.000000 0.000000 0.000000 1.000000
-0.068652 -0.108939 -0.991679 -0.369354 0.108715 -0.988918 0.101111 -0.054074 -0.991705 -0.100868 0.079734 0.296616 0.000000 0.000000 0.000000 1.000000
-0.068652 -0.108939 -0.991679 -0.369354 0.108715 -0.988918 0.101111 -0.054074 -0.991705 -0.100868 0.079734 0.296616 0.000000 0.000000 0.000000 1.000000
-0.068652 -0.108938 -0.991680 -0.369354 0.108715 -0.988918 0.101110 -0.054074 -0.991705 -0.100868 0.079734 0.296616 0.000000 0.000000 0.000000 1.000000
-0.068652 -0.108938 -0.991679 -0.369354 0.108715 -0.988918 0.101110 -0.054074 -0.991705 -0.100868 0.079734 0.296616 0.000000 0.000000 0.000000 1.000000
-0.068652 -0.108939 -0.991679 -0.369354 0.108715 -0.988918 0.101111 -0.054074 -0.991705 -0.100868 0.079734 0.296617 0.000000 0.000000 0.000000 1.000000
-0.068652 -0.108938 -0.991680 -0.369353 0.108715 -0.988918 0.101110 -0.054074 -0.991705 -0.100868 0.079734 0.296616 0.000000 0.000000 0.000000 1.000000
-0.068652 -0.108939 -0.991679 -0.369354 0.108715 -0.988918 0.101111 -0.054074 -0.991705 -0.100868 0.079734 0.296616 0.000000 0.000000 0.000000 1.000000
-0.068652 -0.108939 -0.991679 -0.369354 0.108715 -0.988918 0.101111 -0.054074 -0.991705 -0.100868 0.079734 0.296616 0.000000 0.000000 0.000000 1.000000</float_array>
     <technique_common>
      <accessor source="#jnt_left_weapon-Matrix-animation-output-transform-array" count="15" stride="16">
       <param type="float4x4"></param>
      </accessor>
     </technique_common>
    </source>
    <source id="jnt_left_weapon-Interpolations">
     <Name_array id="jnt_left_weapon-Interpolations-array" count="15">
 LINEAR LINEAR LINEAR LINEAR LINEAR LINEAR LINEAR LINEAR LINEAR LINEAR LINEAR
LINEAR LINEAR LINEAR LINEAR</Name_array>
     <technique_common>
      <accessor source="#jnt_left_weapon-Interpolations-array" count="15">
       <param type="name"></param>
      </accessor>
     </technique_common>
    </source>
    <sampler id="jnt_left_weapon-Matrix-animation-transform">
     <input semantic="INPUT" source="#jnt_left_weapon-Matrix-animation-input"></input>
     <input semantic="OUTPUT" source="#jnt_left_weapon-Matrix-animation-output-transform"></input>
     <input semantic="INTERPOLATION" source="#jnt_left_weapon-Interpolations"></input>
    </sampler>
    <channel source="#jnt_left_weapon-Matrix-animation-transform" target="jnt_left_weapon/matrix"></channel>
   </animation>
  </animation>
  <animation id="jnt_left_handmiddle1-anim" name="jnt_left_handmiddle1">
   <animation>
    <source id="jnt_left_handmiddle1-Matrix-animation-input">
     <float_array id="jnt_left_handmiddle1-Matrix-animation-input-array" count="15">

0.000000 0.033333 0.066667 0.100000 0.133333 0.166667 0.200000 0.233333 0.266667 0.300000 0.333333 0.366667 0.400000 0.433333 0.466667</float_array>
     <technique_common>
      <accessor source="#jnt_left_handmiddle1-Matrix-animation-input-array" count="15">
       <param name="TIME" type="float"></param>
      </accessor>
     </technique_common>
    </source>
    <source id="jnt_left_handmiddle1-Matrix-animation-output-transform">
     <float_array id="jnt_left_handmiddle1-Matrix-animation-output-transform-array" count="240">

0.589326 0.805986 0.055505 -0.489248 0.167788 -0.054900 -0.984293 -0.062066 -0.790280 0.589383 -0.167589 -0.036308 0.000000 0.000000 0.000000 1.000000
0.589326 0.805987 0.055505 -0.489247 0.167788 -0.054900 -0.984293 -0.062066 -0.790280 0.589383 -0.167589 -0.036308 0.000000 0.000000 0.000000 1.000000
0.589326 0.805987 0.055505 -0.489248 0.167788 -0.054900 -0.984293 -0.062066 -0.790280 0.589382 -0.167589 -0.036308 0.000000 0.000000 0.000000 1.000000
0.589326 0.805986 0.055505 -0.489248 0.167788 -0.054900 -0.984293 -0.062066 -0.790280 0.589383 -0.167589 -0.036308 0.000000 0.000000 0.000000 1.000000
0.589326 0.805987 0.055505 -0.489248 0.167788 -0.054900 -0.984293 -0.062066 -0.790280 0.589383 -0.167589 -0.036308 0.000000 0.000000 0.000000 1.000000
0.589326 0.805987 0.055505 -0.489248 0.167788 -0.054900 -0.984293 -0.062066 -0.790280 0.589382 -0.167589 -0.036308 0.000000 0.000000 0.000000 1.000000
0.589326 0.805986 0.055505 -0.489248 0.167788 -0.054900 -0.984293 -0.062066 -0.790280 0.589383 -0.167589 -0.036309 0.000000 0.000000 0.000000 1.000000
0.589326 0.805986 0.055505 -0.489248 0.167788 -0.054900 -0.984293 -0.062066 -0.790280 0.589383 -0.167589 -0.036308 0.000000 0.000000 0.000000 1.000000
0.589326 0.805986 0.055505 -0.489249 0.167788 -0.054900 -0.984293 -0.062066 -0.790280 0.589383 -0.167589 -0.036308 0.000000 0.000000 0.000000 1.000000
0.589326 0.805987 0.055505 -0.489249 0.167788 -0.054900 -0.984293 -0.062066 -0.790280 0.589383 -0.167589 -0.036309 0.000000 0.000000 0.000000 1.000000
0.589326 0.805987 0.055505 -0.489249 0.167788 -0.054900 -0.984293 -0.062066 -0.790280 0.589382 -0.167589 -0.036309 0.000000 0.000000 0.000000 1.000000
0.589326 0.805986 0.055505 -0.489248 0.167788 -0.054900 -0.984293 -0.062066 -0.790280 0.589382 -0.167589 -0.036308 0.000000 0.000000 0.000000 1.000000
0.589326 0.805986 0.055505 -0.489249 0.167788 -0.054900 -0.984293 -0.062066 -0.790280 0.589383 -0.167589 -0.036309 0.000000 0.000000 0.000000 1.000000
0.589326 0.805986 0.055505 -0.489248 0.167788 -0.054900 -0.984293 -0.062066 -0.790280 0.589382 -0.167589 -0.036308 0.000000 0.000000 0.000000 1.000000
0.589326 0.805986 0.055505 -0.489248 0.167788 -0.054900 -0.984293 -0.062066 -0.790280 0.589382 -0.167589 -0.036308 0.000000 0.000000 0.000000 1.000000</float_array>
     <technique_common>
      <accessor source="#jnt_left_handmiddle1-Matrix-animation-output-transform-array" count="15" stride="16">
       <param type="float4x4"></param>
      </accessor>
     </technique_common>
    </source>
    <source id="jnt_left_handmiddle1-Interpolations">
     <Name_array id="jnt_left_handmiddle1-Interpolations-array" count="15">
 LINEAR LINEAR LINEAR LINEAR LINEAR LINEAR LINEAR LINEAR LINEAR LINEAR LINEAR
LINEAR LINEAR LINEAR LINEAR</Name_array>
     <technique_common>
      <accessor source="#jnt_left_handmiddle1-Interpolations-array" count="15">
       <param type="name"></param>
      </accessor>
     </technique_common>
    </source>
    <sampler id="jnt_left_handmiddle1-Matrix-animation-transform">
     <input semantic="INPUT" source="#jnt_left_handmiddle1-Matrix-animation-input"></input>
     <input semantic="OUTPUT" source="#jnt_left_handmiddle1-Matrix-animation-output-transform"></input>
     <input semantic="INTERPOLATION" source="#jnt_left_handmiddle1-Interpolations"></input>
    </sampler>
    <channel source="#jnt_left_handmiddle1-Matrix-animation-transform" target="jnt_left_handmiddle1/matrix"></channel>
   </animation>
  </animation>
  <animation id="jnt_left_handmiddle2-anim" name="jnt_left_handmiddle2">
   <animation>
    <source id="jnt_left_handmiddle2-Matrix-animation-input">
     <float_array id="jnt_left_handmiddle2-Matrix-animation-input-array" count="15">

0.000000 0.033333 0.066667 0.100000 0.133333 0.166667 0.200000 0.233333 0.266667 0.300000 0.333333 0.366667 0.400000 0.433333 0.466667</float_array>
     <technique_common>
      <accessor source="#jnt_left_handmiddle2-Matrix-animation-input-array" count="15">
       <param name="TIME" type="float"></param>
      </accessor>
     </technique_common>
    </source>
    <source id="jnt_left_handmiddle2-Matrix-animation-output-transform">
     <float_array id="jnt_left_handmiddle2-Matrix-animation-output-transform-array" count="240">

0.882669 0.469995 -0.000000 -0.176688 -0.469995 0.882669 0.000000 0.000004 0.000000 0.000000 1.000000 0.000000 0.000000 0.000000 0.000000 1.000000
0.882669 0.469995 -0.000000 -0.176688 -0.469995 0.882669 0.000000 0.000003 0.000000 0.000000 1.000000 -0.000000 0.000000 0.000000 0.000000 1.000000
0.882669 0.469996 -0.000000 -0.176688 -0.469996 0.882669 0.000000 0.000004 0.000000 0.000000 1.000000 -0.000000 0.000000 0.000000 0.000000 1.000000
0.882669 0.469995 -0.000000 -0.176688 -0.469995 0.882669 0.000000 0.000003 0.000000 -0.000000 1.000000 0.000001 0.000000 0.000000 0.000000 1.000000
0.882669 0.469995 -0.000000 -0.176688 -0.469995 0.882669 0.000000 0.000003 0.000000 0.000000 1.000000 -0.000000 0.000000 0.000000 0.000000 1.000000
0.882669 0.469995 -0.000000 -0.176688 -0.469995 0.882669 0.000000 0.000003 0.000000 0.000000 1.000000 0.000000 0.000000 0.000000 0.000000 1.000000
0.882669 0.469995 -0.000000 -0.176688 -0.469995 0.882669 0.000000 0.000003 0.000000 0.000000 1.000000 0.000000 0.000000 0.000000 0.000000 1.000000
0.882669 0.469996 -0.000000 -0.176687 -0.469995 0.882669 0.000000 0.000003 0.000000 0.000000 1.000000 0.000000 0.000000 0.000000 0.000000 1.000000
0.882669 0.469995 -0.000000 -0.176688 -0.469995 0.882669 0.000000 0.000003 0.000000 0.000000 1.000000 0.000000 0.000000 0.000000 0.000000 1.000000
0.882669 0.469995 -0.000000 -0.176688 -0.469995 0.882669 0.000000 0.000003 0.000000 0.000000 1.000000 -0.000000 0.000000 0.000000 0.000000 1.000000
0.882669 0.469995 -0.000000 -0.176689 -0.469995 0.882669 0.000000 0.000004 0.000000 0.000000 1.000000 -0.000000 0.000000 0.000000 0.000000 1.000000
0.882669 0.469995 -0.000000 -0.176689 -0.469995 0.882669 0.000000 0.000005 0.000000 0.000000 1.000000 -0.000000 0.000000 0.000000 0.000000 1.000000
0.882669 0.469996 -0.000000 -0.176687 -0.469995 0.882669 0.000000 0.000003 0.000000 0.000000 1.000000 -0.000000 0.000000 0.000000 0.000000 1.000000
0.882669 0.469995 -0.000000 -0.176687 -0.469995 0.882669 0.000000 0.000002 0.000000 0.000000 1.000000 -0.000000 0.000000 0.000000 0.000000 1.000000
0.882669 0.469995 -0.000000 -0.176687 -0.469995 0.882669 0.000000 0.000002 0.000000 0.000000 1.000000 -0.000000 0.000000 0.000000 0.000000 1.000000</float_array>
     <technique_common>
      <accessor source="#jnt_left_handmiddle2-Matrix-animation-output-transform-array" count="15" stride="16">
       <param type="float4x4"></param>
      </accessor>
     </technique_common>
    </source>
    <source id="jnt_left_handmiddle2-Interpolations">
     <Name_array id="jnt_left_handmiddle2-Interpolations-array" count="15">
 LINEAR LINEAR LINEAR LINEAR LINEAR LINEAR LINEAR LINEAR LINEAR LINEAR LINEAR
LINEAR LINEAR LINEAR LINEAR</Name_array>
     <technique_common>
      <accessor source="#jnt_left_handmiddle2-Interpolations-array" count="15">
       <param type="name"></param>
      </accessor>
     </technique_common>
    </source>
    <sampler id="jnt_left_handmiddle2-Matrix-animation-transform">
     <input semantic="INPUT" source="#jnt_left_handmiddle2-Matrix-animation-input"></input>
     <input semantic="OUTPUT" source="#jnt_left_handmiddle2-Matrix-animation-output-transform"></input>
     <input semantic="INTERPOLATION" source="#jnt_left_handmiddle2-Interpolations"></input>
    </sampler>
    <channel source="#jnt_left_handmiddle2-Matrix-animation-transform" target="jnt_left_handmiddle2/matrix"></channel>
   </animation>
  </animation>
  <animation id="jnt_left_handmiddle3-anim" name="jnt_left_handmiddle3">
   <animation>
    <source id="jnt_left_handmiddle3-Matrix-animation-input">
     <float_array id="jnt_left_handmiddle3-Matrix-animation-input-array" count="15">

0.000000 0.033333 0.066667 0.100000 0.133333 0.166667 0.200000 0.233333 0.266667 0.300000 0.333333 0.366667 0.400000 0.433333 0.466667</float_array>
     <technique_common>
      <accessor source="#jnt_left_handmiddle3-Matrix-animation-input-array" count="15">
       <param name="TIME" type="float"></param>
      </accessor>
     </technique_common>
    </source>
    <source id="jnt_left_handmiddle3-Matrix-animation-output-transform">
     <float_array id="jnt_left_handmiddle3-Matrix-animation-output-transform-array" count="240">

0.964292 0.264842 0.000000 -0.108367 -0.264843 0.964292 0.000000 0.000002 -0.000000 -0.000000 1.000000 0.000000 0.000000 0.000000 0.000000 1.000000
0.964292 0.264842 0.000000 -0.108367 -0.264843 0.964292 0.000000 0.000001 -0.000000 -0.000000 1.000000 -0.000000 0.000000 0.000000 0.000000 1.000000
0.964291 0.264843 0.000000 -0.108367 -0.264843 0.964292 0.000000 0.000001 -0.000000 -0.000000 1.000000 -0.000000 0.000000 0.000000 0.000000 1.000000
0.964292 0.264842 0.000000 -0.108367 -0.264843 0.964291 0.000000 0.000001 -0.000000 -0.000000 1.000000 0.000000 0.000000 0.000000 0.000000 1.000000
0.964292 0.264842 0.000000 -0.108367 -0.264842 0.964291 0.000000 0.000002 -0.000000 -0.000000 1.000000 -0.000000 0.000000 0.000000 0.000000 1.000000
0.964292 0.264843 0.000000 -0.108367 -0.264843 0.964292 0.000000 0.000002 -0.000000 -0.000000 1.000000 0.000000 0.000000 0.000000 0.000000 1.000000
0.964292 0.264843 0.000000 -0.108368 -0.264843 0.964292 0.000000 0.000002 -0.000000 -0.000000 1.000000 0.000000 0.000000 0.000000 0.000000 1.000000
0.964292 0.264843 0.000000 -0.108367 -0.264843 0.964292 0.000000 0.000001 -0.000000 -0.000000 1.000000 -0.000000 0.000000 0.000000 0.000000 1.000000
0.964292 0.264842 0.000000 -0.108366 -0.264842 0.964291 0.000000 0.000001 -0.000000 -0.000000 1.000000 -0.000000 0.000000 0.000000 0.000000 1.000000
0.964292 0.264843 0.000000 -0.108367 -0.264843 0.964292 0.000000 0.000001 -0.000000 -0.000000 1.000000 -0.000000 0.000000 0.000000 0.000000 1.000000
0.964292 0.264843 0.000000 -0.108367 -0.264843 0.964292 0.000000 0.000001 -0.000000 -0.000000 1.000000 0.000000 0.000000 0.000000 0.000000 1.000000
0.964292 0.264843 0.000000 -0.108367 -0.264843 0.964292 0.000000 0.000001 -0.000000 -0.000000 1.000000 0.000000 0.000000 0.000000 0.000000 1.000000
0.964292 0.264843 0.000000 -0.108366 -0.264843 0.964292 0.000000 0.000001 -0.000000 -0.000000 1.000000 0.000000 0.000000 0.000000 0.000000 1.000000
0.964292 0.264843 0.000000 -0.108367 -0.264843 0.964292 0.000000 0.000002 -0.000000 -0.000000 1.000000 0.000000 0.000000 0.000000 0.000000 1.000000
0.964292 0.264843 0.000000 -0.108367 -0.264843 0.964292 0.000000 0.000002 -0.000000 -0.000000 1.000000 0.000000 0.000000 0.000000 0.000000 1.000000</float_array>
     <technique_common>
      <accessor source="#jnt_left_handmiddle3-Matrix-animation-output-transform-array" count="15" stride="16">
       <param type="float4x4"></param>
      </accessor>
     </technique_common>
    </source>
    <source id="jnt_left_handmiddle3-Interpolations">
     <Name_array id="jnt_left_handmiddle3-Interpolations-array" count="15">
 LINEAR LINEAR LINEAR LINEAR LINEAR LINEAR LINEAR LINEAR LINEAR LINEAR LINEAR
LINEAR LINEAR LINEAR LINEAR</Name_array>
     <technique_common>
      <accessor source="#jnt_left_handmiddle3-Interpolations-array" count="15">
       <param type="name"></param>
      </accessor>
     </technique_common>
    </source>
    <sampler id="jnt_left_handmiddle3-Matrix-animation-transform">
     <input semantic="INPUT" source="#jnt_left_handmiddle3-Matrix-animation-input"></input>
     <input semantic="OUTPUT" source="#jnt_left_handmiddle3-Matrix-animation-output-transform"></input>
     <input semantic="INTERPOLATION" source="#jnt_left_handmiddle3-Interpolations"></input>
    </sampler>
    <channel source="#jnt_left_handmiddle3-Matrix-animation-transform" target="jnt_left_handmiddle3/matrix"></channel>
   </animation>
  </animation>
  <animation id="jnt_left_handmiddle4-anim" name="jnt_left_handmiddle4">
   <animation>
    <source id="jnt_left_handmiddle4-Matrix-animation-input">
     <float_array id="jnt_left_handmiddle4-Matrix-animation-input-array" count="15">

0.000000 0.033333 0.066667 0.100000 0.133333 0.166667 0.200000 0.233333 0.266667 0.300000 0.333333 0.366667 0.400000 0.433333 0.466667</float_array>
     <technique_common>
      <accessor source="#jnt_left_handmiddle4-Matrix-animation-input-array" count="15">
       <param name="TIME" type="float"></param>
      </accessor>
     </technique_common>
    </source>
    <source id="jnt_left_handmiddle4-Matrix-animation-output-transform">
     <float_array id="jnt_left_handmiddle4-Matrix-animation-output-transform-array" count="240">

1.000000 -0.000000 -0.000000 -0.119193 0.000000 1.000000 0.000000 -0.000106 0.000000 -0.000000 1.000000 0.000005 0.000000 0.000000 0.000000 1.000000
1.000000 0.000000 -0.000000 -0.119193 -0.000000 1.000000 0.000000 -0.000107 0.000000 -0.000000 1.000000 0.000005 0.000000 0.000000 0.000000 1.000000
1.000000 -0.000000 0.000000 -0.119193 0.000000 1.000000 -0.000000 -0.000106 -0.000000 0.000000 1.000000 0.000005 0.000000 0.000000 0.000000 1.000000
1.000000 -0.000000 -0.000000 -0.119193 0.000000 1.000000 -0.000000 -0.000107 0.000000 0.000000 1.000000 0.000005 0.000000 0.000000 0.000000 1.000000
1.000000 0.000000 0.000000 -0.119193 -0.000000 1.000000 0.000000 -0.000106 -0.000000 -0.000000 1.000000 0.000005 0.000000 0.000000 0.000000 1.000000
1.000000 0.000000 0.000000 -0.119193 -0.000000 1.000000 0.000000 -0.000106 -0.000000 -0.000000 1.000000 0.000005 0.000000 0.000000 0.000000 1.000000
1.000000 0.000000 0.000000 -0.119193 -0.000000 1.000000 -0.000000 -0.000107 -0.000000 0.000000 1.000000 0.000005 0.000000 0.000000 0.000000 1.000000
1.000000 -0.000000 -0.000000 -0.119193 0.000000 1.000000 -0.000000 -0.000106 0.000000 0.000000 1.000000 0.000005 0.000000 0.000000 0.000000 1.000000
1.000000 0.000000 0.000000 -0.119192 -0.000000 1.000000 0.000000 -0.000107 -0.000000 -0.000000 1.000000 0.000005 0.000000 0.000000 0.000000 1.000000
1.000000 -0.000000 -0.000000 -0.119193 0.000000 1.000000 0.000000 -0.000107 0.000000 -0.000000 1.000000 0.000005 0.000000 0.000000 0.000000 1.000000
1.000000 0.000000 0.000000 -0.119193 -0.000000 1.000000 0.000000 -0.000107 -0.000000 -0.000000 1.000000 0.000005 0.000000 0.000000 0.000000 1.000000
1.000000 0.000000 0.000000 -0.119193 -0.000000 1.000000 0.000000 -0.000107 0.000000 -0.000000 1.000000 0.000005 0.000000 0.000000 0.000000 1.000000
1.000000 -0.000000 0.000000 -0.119193 0.000000 1.000000 0.000000 -0.000107 -0.000000 -0.000000 1.000000 0.000005 0.000000 0.000000 0.000000 1.000000
1.000000 -0.000000 -0.000000 -0.119193 0.000000 1.000000 0.000000 -0.000107 -0.000000 -0.000000 1.000000 0.000005 0.000000 0.000000 0.000000 1.000000
1.000000 -0.000000 -0.000000 -0.119193 0.000000 1.000000 0.000000 -0.000107 -0.000000 -0.000000 1.000000 0.000005 0.000000 0.000000 0.000000 1.000000</float_array>
     <technique_common>
      <accessor source="#jnt_left_handmiddle4-Matrix-animation-output-transform-array" count="15" stride="16">
       <param type="float4x4"></param>
      </accessor>
     </technique_common>
    </source>
    <source id="jnt_left_handmiddle4-Interpolations">
     <Name_array id="jnt_left_handmiddle4-Interpolations-array" count="15">
 LINEAR LINEAR LINEAR LINEAR LINEAR LINEAR LINEAR LINEAR LINEAR LINEAR LINEAR
LINEAR LINEAR LINEAR LINEAR</Name_array>
     <technique_common>
      <accessor source="#jnt_left_handmiddle4-Interpolations-array" count="15">
       <param type="name"></param>
      </accessor>
     </technique_common>
    </source>
    <sampler id="jnt_left_handmiddle4-Matrix-animation-transform">
     <input semantic="INPUT" source="#jnt_left_handmiddle4-Matrix-animation-input"></input>
     <input semantic="OUTPUT" source="#jnt_left_handmiddle4-Matrix-animation-output-transform"></input>
     <input semantic="INTERPOLATION" source="#jnt_left_handmiddle4-Interpolations"></input>
    </sampler>
    <channel source="#jnt_left_handmiddle4-Matrix-animation-transform" target="jnt_left_handmiddle4/matrix"></channel>
   </animation>
  </animation>
  <animation id="jnt_left_handring1-anim" name="jnt_left_handring1">
   <animation>
    <source id="jnt_left_handring1-Matrix-animation-input">
     <float_array id="jnt_left_handring1-Matrix-animation-input-array" count="15">

0.000000 0.033333 0.066667 0.100000 0.133333 0.166667 0.200000 0.233333 0.266667 0.300000 0.333333 0.366667 0.400000 0.433333 0.466667</float_array>
     <technique_common>
      <accessor source="#jnt_left_handring1-Matrix-animation-input-array" count="15">
       <param name="TIME" type="float"></param>
      </accessor>
     </technique_common>
    </source>
    <source id="jnt_left_handring1-Matrix-animation-output-transform">
     <float_array id="jnt_left_handring1-Matrix-animation-output-transform-array" count="240">

0.607009 0.788827 -0.096399 -0.469964 0.133184 -0.220566 -0.966236 0.076797 -0.783455 0.573675 -0.238944 -0.036647 0.000000 0.000000 0.000000 1.000000
0.607009 0.788827 -0.096399 -0.469963 0.133184 -0.220566 -0.966237 0.076797 -0.783456 0.573675 -0.238944 -0.036647 0.000000 0.000000 0.000000 1.000000
0.607008 0.788827 -0.096399 -0.469964 0.133184 -0.220566 -0.966236 0.076799 -0.783455 0.573675 -0.238944 -0.036647 0.000000 0.000000 0.000000 1.000000
0.607009 0.788827 -0.096399 -0.469963 0.133184 -0.220566 -0.966236 0.076798 -0.783456 0.573675 -0.238944 -0.036647 0.000000 0.000000 0.000000 1.000000
0.607009 0.788827 -0.096399 -0.469964 0.133184 -0.220566 -0.966237 0.076797 -0.783456 0.573675 -0.238944 -0.036647 0.000000 0.000000 0.000000 1.000000
0.607009 0.788827 -0.096399 -0.469963 0.133184 -0.220566 -0.966236 0.076797 -0.783456 0.573675 -0.238944 -0.036647 0.000000 0.000000 0.000000 1.000000
0.607009 0.788827 -0.096399 -0.469963 0.133184 -0.220566 -0.966236 0.076798 -0.783455 0.573675 -0.238944 -0.036648 0.000000 0.000000 0.000000 1.000000
0.607009 0.788827 -0.096399 -0.469963 0.133184 -0.220566 -0.966237 0.076797 -0.783456 0.573675 -0.238944 -0.036647 0.000000 0.000000 0.000000 1.000000
0.607009 0.788827 -0.096399 -0.469964 0.133184 -0.220566 -0.966237 0.076797 -0.783455 0.573675 -0.238944 -0.036647 0.000000 0.000000 0.000000 1.000000
0.607009 0.788827 -0.096399 -0.469962 0.133184 -0.220566 -0.966237 0.076797 -0.783455 0.573675 -0.238944 -0.036646 0.000000 0.000000 0.000000 1.000000
0.607009 0.788827 -0.096399 -0.469963 0.133184 -0.220565 -0.966237 0.076797 -0.783455 0.573675 -0.238944 -0.036647 0.000000 0.000000 0.000000 1.000000
0.607009 0.788827 -0.096399 -0.469964 0.133184 -0.220566 -0.966236 0.076798 -0.783456 0.573675 -0.238944 -0.036648 0.000000 0.000000 0.000000 1.000000
0.607009 0.788827 -0.096399 -0.469963 0.133184 -0.220565 -0.966236 0.076797 -0.783456 0.573675 -0.238944 -0.036647 0.000000 0.000000 0.000000 1.000000
0.607009 0.788827 -0.096399 -0.469964 0.133184 -0.220566 -0.966236 0.076798 -0.783456 0.573675 -0.238944 -0.036648 0.000000 0.000000 0.000000 1.000000
0.607009 0.788827 -0.096399 -0.469964 0.133184 -0.220566 -0.966236 0.076798 -0.783456 0.573675 -0.238944 -0.036648 0.000000 0.000000 0.000000 1.000000</float_array>
     <technique_common>
      <accessor source="#jnt_left_handring1-Matrix-animation-output-transform-array" count="15" stride="16">
       <param type="float4x4"></param>
      </accessor>
     </technique_common>
    </source>
    <source id="jnt_left_handring1-Interpolations">
     <Name_array id="jnt_left_handring1-Interpolations-array" count="15">
 LINEAR LINEAR LINEAR LINEAR LINEAR LINEAR LINEAR LINEAR LINEAR LINEAR LINEAR
LINEAR LINEAR LINEAR LINEAR</Name_array>
     <technique_common>
      <accessor source="#jnt_left_handring1-Interpolations-array" count="15">
       <param type="name"></param>
      </accessor>
     </technique_common>
    </source>
    <sampler id="jnt_left_handring1-Matrix-animation-transform">
     <input semantic="INPUT" source="#jnt_left_handring1-Matrix-animation-input"></input>
     <input semantic="OUTPUT" source="#jnt_left_handring1-Matrix-animation-output-transform"></input>
     <input semantic="INTERPOLATION" source="#jnt_left_handring1-Interpolations"></input>
    </sampler>
    <channel source="#jnt_left_handring1-Matrix-animation-transform" target="jnt_left_handring1/matrix"></channel>
   </animation>
  </animation>
  <animation id="jnt_left_handring2-anim" name="jnt_left_handring2">
   <animation>
    <source id="jnt_left_handring2-Matrix-animation-input">
     <float_array id="jnt_left_handring2-Matrix-animation-input-array" count="15">

0.000000 0.033333 0.066667 0.100000 0.133333 0.166667 0.200000 0.233333 0.266667 0.300000 0.333333 0.366667 0.400000 0.433333 0.466667</float_array>
     <technique_common>
      <accessor source="#jnt_left_handring2-Matrix-animation-input-array" count="15">
       <param name="TIME" type="float"></param>
      </accessor>
     </technique_common>
    </source>
    <source id="jnt_left_handring2-Matrix-animation-output-transform">
     <float_array id="jnt_left_handring2-Matrix-animation-output-transform-array" count="240">

0.873034 0.487660 0.000000 -0.184233 -0.487660 0.873034 -0.000001 -0.000001 -0.000001 0.000001 1.000000 -0.000001 0.000000 0.000000 0.000000 1.000000
0.873034 0.487660 0.000000 -0.184233 -0.487660 0.873034 -0.000001 -0.000001 -0.000001 0.000001 1.000000 -0.000001 0.000000 0.000000 0.000000 1.000000
0.873034 0.487660 0.000000 -0.184233 -0.487660 0.873034 -0.000001 -0.000000 -0.000001 0.000001 1.000000 -0.000001 0.000000 0.000000 0.000000 1.000000
0.873034 0.487660 0.000000 -0.184233 -0.487660 0.873034 -0.000001 -0.000001 -0.000001 0.000001 1.000000 0.000000 0.000000 0.000000 0.000000 1.000000
0.873034 0.487660 0.000000 -0.184233 -0.487660 0.873034 -0.000001 -0.000002 -0.000001 0.000001 1.000000 -0.000001 0.000000 0.000000 0.000000 1.000000
0.873034 0.487660 0.000000 -0.184233 -0.487660 0.873034 -0.000001 -0.000001 -0.000001 0.000001 1.000000 -0.000001 0.000000 0.000000 0.000000 1.000000
0.873034 0.487660 0.000000 -0.184233 -0.487660 0.873034 -0.000001 -0.000001 -0.000001 0.000001 1.000000 0.000000 0.000000 0.000000 0.000000 1.000000
0.873034 0.487660 0.000000 -0.184233 -0.487660 0.873034 -0.000001 -0.000001 -0.000001 0.000001 1.000000 -0.000001 0.000000 0.000000 0.000000 1.000000
0.873034 0.487660 0.000000 -0.184233 -0.487660 0.873034 -0.000001 -0.000000 -0.000001 0.000001 1.000000 -0.000001 0.000000 0.000000 0.000000 1.000000
0.873034 0.487660 0.000000 -0.184233 -0.487660 0.873034 -0.000001 -0.000002 -0.000001 0.000001 1.000000 -0.000001 0.000000 0.000000 0.000000 1.000000
0.873034 0.487660 0.000000 -0.184233 -0.487660 0.873034 -0.000001 -0.000001 -0.000001 0.000001 1.000000 -0.000001 0.000000 0.000000 0.000000 1.000000
0.873034 0.487660 0.000000 -0.184232 -0.487660 0.873034 -0.000001 -0.000002 -0.000001 0.000001 1.000000 -0.000001 0.000000 0.000000 0.000000 1.000000
0.873034 0.487660 0.000000 -0.184233 -0.487660 0.873034 -0.000001 -0.000001 -0.000001 0.000001 1.000000 -0.000001 0.000000 0.000000 0.000000 1.000000
0.873034 0.487660 0.000000 -0.184233 -0.487660 0.873034 -0.000001 -0.000002 -0.000001 0.000001 1.000000 -0.000001 0.000000 0.000000 0.000000 1.000000
0.873034 0.487660 0.000000 -0.184233 -0.487660 0.873034 -0.000001 -0.000002 -0.000001 0.000001 1.000000 -0.000001 0.000000 0.000000 0.000000 1.000000</float_array>
     <technique_common>
      <accessor source="#jnt_left_handring2-Matrix-animation-output-transform-array" count="15" stride="16">
       <param type="float4x4"></param>
      </accessor>
     </technique_common>
    </source>
    <source id="jnt_left_handring2-Interpolations">
     <Name_array id="jnt_left_handring2-Interpolations-array" count="15">
 LINEAR LINEAR LINEAR LINEAR LINEAR LINEAR LINEAR LINEAR LINEAR LINEAR LINEAR
LINEAR LINEAR LINEAR LINEAR</Name_array>
     <technique_common>
      <accessor source="#jnt_left_handring2-Interpolations-array" count="15">
       <param type="name"></param>
      </accessor>
     </technique_common>
    </source>
    <sampler id="jnt_left_handring2-Matrix-animation-transform">
     <input semantic="INPUT" source="#jnt_left_handring2-Matrix-animation-input"></input>
     <input semantic="OUTPUT" source="#jnt_left_handring2-Matrix-animation-output-transform"></input>
     <input semantic="INTERPOLATION" source="#jnt_left_handring2-Interpolations"></input>
    </sampler>
    <channel source="#jnt_left_handring2-Matrix-animation-transform" target="jnt_left_handring2/matrix"></channel>
   </animation>
  </animation>
  <animation id="jnt_left_handring3-anim" name="jnt_left_handring3">
   <animation>
    <source id="jnt_left_handring3-Matrix-animation-input">
     <float_array id="jnt_left_handring3-Matrix-animation-input-array" count="15">

0.000000 0.033333 0.066667 0.100000 0.133333 0.166667 0.200000 0.233333 0.266667 0.300000 0.333333 0.366667 0.400000 0.433333 0.466667</float_array>
     <technique_common>
      <accessor source="#jnt_left_handring3-Matrix-animation-input-array" count="15">
       <param name="TIME" type="float"></param>
      </accessor>
     </technique_common>
    </source>
    <source id="jnt_left_handring3-Matrix-animation-output-transform">
     <float_array id="jnt_left_handring3-Matrix-animation-output-transform-array" count="240">

0.963383 0.268129 0.000000 -0.103958 -0.268129 0.963383 0.000001 0.000003 0.000000 -0.000001 1.000000 -0.000000 0.000000 0.000000 0.000000 1.000000
0.963383 0.268129 0.000000 -0.103958 -0.268129 0.963383 0.000001 0.000004 0.000000 -0.000001 1.000000 -0.000000 0.000000 0.000000 0.000000 1.000000
0.963383 0.268129 0.000000 -0.103958 -0.268129 0.963383 0.000001 0.000003 0.000000 -0.000001 1.000000 0.000000 0.000000 0.000000 0.000000 1.000000
0.963383 0.268129 0.000000 -0.103958 -0.268129 0.963383 0.000001 0.000002 0.000000 -0.000001 1.000000 0.000000 0.000000 0.000000 0.000000 1.000000
0.963383 0.268130 0.000000 -0.103958 -0.268130 0.963383 0.000001 0.000002 0.000000 -0.000001 1.000000 0.000000 0.000000 0.000000 0.000000 1.000000
0.963383 0.268129 0.000000 -0.103958 -0.268129 0.963383 0.000001 0.000003 0.000000 -0.000001 1.000000 -0.000000 0.000000 0.000000 0.000000 1.000000
0.963383 0.268129 -0.000000 -0.103957 -0.268129 0.963383 0.000001 0.000002 0.000000 -0.000001 1.000000 0.000001 0.000000 0.000000 0.000000 1.000000
0.963383 0.268129 0.000000 -0.103957 -0.268129 0.963383 0.000001 0.000003 0.000000 -0.000001 1.000000 -0.000000 0.000000 0.000000 0.000000 1.000000
0.963383 0.268129 0.000000 -0.103957 -0.268129 0.963383 0.000001 0.000003 0.000000 -0.000001 1.000000 0.000000 0.000000 0.000000 0.000000 1.000000
0.963383 0.268129 0.000000 -0.103959 -0.268129 0.963383 0.000001 0.000004 0.000000 -0.000001 1.000000 -0.000000 0.000000 0.000000 0.000000 1.000000
0.963383 0.268129 0.000000 -0.103958 -0.268129 0.963383 0.000001 0.000003 0.000000 -0.000001 1.000000 0.000000 0.000000 0.000000 0.000000 1.000000
0.963383 0.268129 0.000000 -0.103957 -0.268129 0.963383 0.000001 0.000002 0.000000 -0.000001 1.000000 -0.000000 0.000000 0.000000 0.000000 1.000000
0.963383 0.268129 0.000000 -0.103958 -0.268129 0.963383 0.000001 0.000003 0.000000 -0.000001 1.000000 -0.000000 0.000000 0.000000 0.000000 1.000000
0.963383 0.268129 0.000000 -0.103956 -0.268129 0.963383 0.000001 0.000003 0.000000 -0.000001 1.000000 0.000000 0.000000 0.000000 0.000000 1.000000
0.963383 0.268129 0.000000 -0.103956 -0.268129 0.963383 0.000001 0.000003 0.000000 -0.000001 1.000000 0.000000 0.000000 0.000000 0.000000 1.000000</float_array>
     <technique_common>
      <accessor source="#jnt_left_handring3-Matrix-animation-output-transform-array" count="15" stride="16">
       <param type="float4x4"></param>
      </accessor>
     </technique_common>
    </source>
    <source id="jnt_left_handring3-Interpolations">
     <Name_array id="jnt_left_handring3-Interpolations-array" count="15">
 LINEAR LINEAR LINEAR LINEAR LINEAR LINEAR LINEAR LINEAR LINEAR LINEAR LINEAR
LINEAR LINEAR LINEAR LINEAR</Name_array>
     <technique_common>
      <accessor source="#jnt_left_handring3-Interpolations-array" count="15">
       <param type="name"></param>
      </accessor>
     </technique_common>
    </source>
    <sampler id="jnt_left_handring3-Matrix-animation-transform">
     <input semantic="INPUT" source="#jnt_left_handring3-Matrix-animation-input"></input>
     <input semantic="OUTPUT" source="#jnt_left_handring3-Matrix-animation-output-transform"></input>
     <input semantic="INTERPOLATION" source="#jnt_left_handring3-Interpolations"></input>
    </sampler>
    <channel source="#jnt_left_handring3-Matrix-animation-transform" target="jnt_left_handring3/matrix"></channel>
   </animation>
  </animation>
  <animation id="jnt_left_handring4-anim" name="jnt_left_handring4">
   <animation>
    <source id="jnt_left_handring4-Matrix-animation-input">
     <float_array id="jnt_left_handring4-Matrix-animation-input-array" count="15">

0.000000 0.033333 0.066667 0.100000 0.133333 0.166667 0.200000 0.233333 0.266667 0.300000 0.333333 0.366667 0.400000 0.433333 0.466667</float_array>
     <technique_common>
      <accessor source="#jnt_left_handring4-Matrix-animation-input-array" count="15">
       <param name="TIME" type="float"></param>
      </accessor>
     </technique_common>
    </source>
    <source id="jnt_left_handring4-Matrix-animation-output-transform">
     <float_array id="jnt_left_handring4-Matrix-animation-output-transform-array" count="240">

1.000000 0.000000 -0.000000 -0.120246 -0.000000 1.000000 0.000000 -0.000105 0.000000 -0.000000 1.000000 0.000017 0.000000 0.000000 0.000000 1.000000
1.000000 0.000000 -0.000000 -0.120246 -0.000000 1.000000 0.000000 -0.000105 0.000000 -0.000000 1.000000 0.000017 0.000000 0.000000 0.000000 1.000000
1.000000 0.000000 -0.000000 -0.120246 -0.000000 1.000000 0.000000 -0.000105 0.000000 0.000000 1.000000 0.000017 0.000000 0.000000 0.000000 1.000000
1.000000 0.000000 -0.000000 -0.120246 -0.000000 1.000000 0.000000 -0.000105 0.000000 -0.000000 1.000000 0.000017 0.000000 0.000000 0.000000 1.000000
1.000000 0.000000 0.000000 -0.120246 -0.000000 1.000000 0.000000 -0.000105 -0.000000 -0.000000 1.000000 0.000017 0.000000 0.000000 0.000000 1.000000
1.000000 0.000000 0.000000 -0.120246 -0.000000 1.000000 -0.000000 -0.000105 -0.000000 0.000000 1.000000 0.000017 0.000000 0.000000 0.000000 1.000000
1.000000 0.000000 -0.000000 -0.120246 -0.000000 1.000000 -0.000000 -0.000105 0.000000 0.000000 1.000000 0.000017 0.000000 0.000000 0.000000 1.000000
1.000000 0.000000 0.000000 -0.120246 -0.000000 1.000000 -0.000000 -0.000105 -0.000000 0.000000 1.000000 0.000017 0.000000 0.000000 0.000000 1.000000
1.000000 0.000000 0.000000 -0.120246 -0.000000 1.000000 -0.000000 -0.000104 -0.000000 0.000000 1.000000 0.000017 0.000000 0.000000 0.000000 1.000000
1.000000 0.000000 0.000000 -0.120246 -0.000000 1.000000 0.000000 -0.000106 -0.000000 -0.000000 1.000000 0.000017 0.000000 0.000000 0.000000 1.000000
1.000000 0.000000 0.000000 -0.120246 -0.000000 1.000000 0.000000 -0.000105 -0.000000 -0.000000 1.000000 0.000017 0.000000 0.000000 0.000000 1.000000
1.000000 0.000000 -0.000000 -0.120247 -0.000000 1.000000 0.000000 -0.000105 0.000000 -0.000000 1.000000 0.000017 0.000000 0.000000 0.000000 1.000000
1.000000 0.000000 -0.000000 -0.120246 -0.000000 1.000000 0.000000 -0.000105 0.000000 -0.000000 1.000000 0.000017 0.000000 0.000000 0.000000 1.000000
1.000000 0.000000 -0.000000 -0.120246 -0.000000 1.000000 0.000000 -0.000105 0.000000 -0.000000 1.000000 0.000017 0.000000 0.000000 0.000000 1.000000
1.000000 0.000000 -0.000000 -0.120246 -0.000000 1.000000 0.000000 -0.000105 0.000000 -0.000000 1.000000 0.000017 0.000000 0.000000 0.000000 1.000000</float_array>
     <technique_common>
      <accessor source="#jnt_left_handring4-Matrix-animation-output-transform-array" count="15" stride="16">
       <param type="float4x4"></param>
      </accessor>
     </technique_common>
    </source>
    <source id="jnt_left_handring4-Interpolations">
     <Name_array id="jnt_left_handring4-Interpolations-array" count="15">
 LINEAR LINEAR LINEAR LINEAR LINEAR LINEAR LINEAR LINEAR LINEAR LINEAR LINEAR
LINEAR LINEAR LINEAR LINEAR</Name_array>
     <technique_common>
      <accessor source="#jnt_left_handring4-Interpolations-array" count="15">
       <param type="name"></param>
      </accessor>
     </technique_common>
    </source>
    <sampler id="jnt_left_handring4-Matrix-animation-transform">
     <input semantic="INPUT" source="#jnt_left_handring4-Matrix-animation-input"></input>
     <input semantic="OUTPUT" source="#jnt_left_handring4-Matrix-animation-output-transform"></input>
     <input semantic="INTERPOLATION" source="#jnt_left_handring4-Interpolations"></input>
    </sampler>
    <channel source="#jnt_left_handring4-Matrix-animation-transform" target="jnt_left_handring4/matrix"></channel>
   </animation>
  </animation>
  <animation id="jnt_left_handpinky1-anim" name="jnt_left_handpinky1">
   <animation>
    <source id="jnt_left_handpinky1-Matrix-animation-input">
     <float_array id="jnt_left_handpinky1-Matrix-animation-input-array" count="15">

0.000000 0.033333 0.066667 0.100000 0.133333 0.166667 0.200000 0.233333 0.266667 0.300000 0.333333 0.366667 0.400000 0.433333 0.466667</float_array>
     <technique_common>
      <accessor source="#jnt_left_handpinky1-Matrix-animation-input-array" count="15">
       <param name="TIME" type="float"></param>
      </accessor>
     </technique_common>
    </source>
    <source id="jnt_left_handpinky1-Matrix-animation-output-transform">
     <float_array id="jnt_left_handpinky1-Matrix-animation-output-transform-array" count="240">

0.664912 0.744959 -0.054112 -0.407612 0.079658 -0.142759 -0.986547 0.208155 -0.742662 0.651656 -0.154265 0.012224 0.000000 0.000000 0.000000 1.000000
0.664912 0.744959 -0.054112 -0.407613 0.079659 -0.142759 -0.986547 0.208155 -0.742661 0.651656 -0.154265 0.012223 0.000000 0.000000 0.000000 1.000000
0.664912 0.744959 -0.054112 -0.407612 0.079659 -0.142759 -0.986547 0.208156 -0.742661 0.651657 -0.154265 0.012224 0.000000 0.000000 0.000000 1.000000
0.664912 0.744959 -0.054112 -0.407612 0.079658 -0.142759 -0.986547 0.208156 -0.742662 0.651657 -0.154265 0.012224 0.000000 0.000000 0.000000 1.000000
0.664912 0.744959 -0.054112 -0.407613 0.079659 -0.142759 -0.986547 0.208156 -0.742662 0.651657 -0.154265 0.012222 0.000000 0.000000 0.000000 1.000000
0.664912 0.744959 -0.054112 -0.407612 0.079659 -0.142759 -0.986547 0.208156 -0.742662 0.651656 -0.154265 0.012224 0.000000 0.000000 0.000000 1.000000
0.664912 0.744959 -0.054112 -0.407612 0.079659 -0.142759 -0.986547 0.208155 -0.742662 0.651657 -0.154265 0.012223 0.000000 0.000000 0.000000 1.000000
0.664912 0.744959 -0.054112 -0.407612 0.079659 -0.142759 -0.986547 0.208156 -0.742662 0.651657 -0.154265 0.012224 0.000000 0.000000 0.000000 1.000000
0.664912 0.744959 -0.054112 -0.407613 0.079659 -0.142759 -0.986547 0.208156 -0.742662 0.651656 -0.154265 0.012223 0.000000 0.000000 0.000000 1.000000
0.664912 0.744959 -0.054112 -0.407612 0.079659 -0.142759 -0.986547 0.208156 -0.742662 0.651656 -0.154265 0.012224 0.000000 0.000000 0.000000 1.000000
0.664912 0.744959 -0.054112 -0.407613 0.079659 -0.142760 -0.986547 0.208156 -0.742662 0.651657 -0.154265 0.012222 0.000000 0.000000 0.000000 1.000000
0.664912 0.744959 -0.054112 -0.407612 0.079659 -0.142760 -0.986547 0.208155 -0.742662 0.651656 -0.154265 0.012224 0.000000 0.000000 0.000000 1.000000
0.664912 0.744959 -0.054112 -0.407612 0.079658 -0.142759 -0.986547 0.208156 -0.742662 0.651656 -0.154265 0.012224 0.000000 0.000000 0.000000 1.000000
0.664912 0.744959 -0.054112 -0.407613 0.079659 -0.142759 -0.986547 0.208156 -0.742662 0.651657 -0.154265 0.012223 0.000000 0.000000 0.000000 1.000000
0.664912 0.744959 -0.054112 -0.407613 0.079659 -0.142759 -0.986547 0.208156 -0.742662 0.651657 -0.154265 0.012223 0.000000 0.000000 0.000000 1.000000</float_array>
     <technique_common>
      <accessor source="#jnt_left_handpinky1-Matrix-animation-output-transform-array" count="15" stride="16">
       <param type="float4x4"></param>
      </accessor>
     </technique_common>
    </source>
    <source id="jnt_left_handpinky1-Interpolations">
     <Name_array id="jnt_left_handpinky1-Interpolations-array" count="15">
 LINEAR LINEAR LINEAR LINEAR LINEAR LINEAR LINEAR LINEAR LINEAR LINEAR LINEAR
LINEAR LINEAR LINEAR LINEAR</Name_array>
     <technique_common>
      <accessor source="#jnt_left_handpinky1-Interpolations-array" count="15">
       <param type="name"></param>
      </accessor>
     </technique_common>
    </source>
    <sampler id="jnt_left_handpinky1-Matrix-animation-transform">
     <input semantic="INPUT" source="#jnt_left_handpinky1-Matrix-animation-input"></input>
     <input semantic="OUTPUT" source="#jnt_left_handpinky1-Matrix-animation-output-transform"></input>
     <input semantic="INTERPOLATION" source="#jnt_left_handpinky1-Interpolations"></input>
    </sampler>
    <channel source="#jnt_left_handpinky1-Matrix-animation-transform" target="jnt_left_handpinky1/matrix"></channel>
   </animation>
  </animation>
  <animation id="jnt_left_handpinky2-anim" name="jnt_left_handpinky2">
   <animation>
    <source id="jnt_left_handpinky2-Matrix-animation-input">
     <float_array id="jnt_left_handpinky2-Matrix-animation-input-array" count="15">

0.000000 0.033333 0.066667 0.100000 0.133333 0.166667 0.200000 0.233333 0.266667 0.300000 0.333333 0.366667 0.400000 0.433333 0.466667</float_array>
     <technique_common>
      <accessor source="#jnt_left_handpinky2-Matrix-animation-input-array" count="15">
       <param name="TIME" type="float"></param>
      </accessor>
     </technique_common>
    </source>
    <source id="jnt_left_handpinky2-Matrix-animation-output-transform">
     <float_array id="jnt_left_handpinky2-Matrix-animation-output-transform-array" count="240">

0.903992 0.427549 0.000001 -0.148503 -0.427549 0.903992 -0.000000 0.000001 -0.000001 -0.000000 1.000000 -0.000001 0.000000 0.000000 0.000000 1.000000
0.903992 0.427549 0.000001 -0.148503 -0.427549 0.903992 -0.000000 0.000001 -0.000001 -0.000000 1.000000 -0.000001 0.000000 0.000000 0.000000 1.000000
0.903992 0.427549 0.000001 -0.148503 -0.427549 0.903992 -0.000000 0.000001 -0.000001 -0.000000 1.000000 -0.000001 0.000000 0.000000 0.000000 1.000000
0.903992 0.427549 0.000001 -0.148503 -0.427549 0.903992 -0.000000 0.000000 -0.000001 -0.000000 1.000000 -0.000001 0.000000 0.000000 0.000000 1.000000
0.903992 0.427549 0.000001 -0.148503 -0.427549 0.903992 -0.000000 0.000001 -0.000001 -0.000000 1.000000 -0.000002 0.000000 0.000000 0.000000 1.000000
0.903992 0.427549 0.000001 -0.148503 -0.427549 0.903992 -0.000000 0.000002 -0.000001 -0.000000 1.000000 -0.000001 0.000000 0.000000 0.000000 1.000000
0.903992 0.427549 0.000001 -0.148503 -0.427549 0.903992 -0.000000 0.000001 -0.000001 -0.000000 1.000000 -0.000001 0.000000 0.000000 0.000000 1.000000
0.903992 0.427549 0.000001 -0.148503 -0.427549 0.903992 -0.000000 0.000001 -0.000001 -0.000000 1.000000 -0.000001 0.000000 0.000000 0.000000 1.000000
0.903992 0.427549 0.000001 -0.148503 -0.427549 0.903992 -0.000000 0.000002 -0.000001 -0.000000 1.000000 -0.000002 0.000000 0.000000 0.000000 1.000000
0.903992 0.427549 0.000001 -0.148503 -0.427549 0.903992 -0.000000 0.000000 -0.000001 -0.000000 1.000000 -0.000001 0.000000 0.000000 0.000000 1.000000
0.903992 0.427549 0.000001 -0.148503 -0.427549 0.903992 -0.000000 0.000001 -0.000001 -0.000000 1.000000 -0.000001 0.000000 0.000000 0.000000 1.000000
0.903992 0.427549 0.000001 -0.148503 -0.427549 0.903992 -0.000000 0.000002 -0.000001 -0.000000 1.000000 -0.000001 0.000000 0.000000 0.000000 1.000000
0.903992 0.427549 0.000001 -0.148503 -0.427549 0.903992 -0.000000 0.000001 -0.000001 -0.000000 1.000000 -0.000001 0.000000 0.000000 0.000000 1.000000
0.903992 0.427549 0.000001 -0.148503 -0.427549 0.903992 -0.000000 0.000002 -0.000001 -0.000000 1.000000 -0.000001 0.000000 0.000000 0.000000 1.000000
0.903992 0.427549 0.000001 -0.148503 -0.427549 0.903992 -0.000000 0.000002 -0.000001 -0.000000 1.000000 -0.000001 0.000000 0.000000 0.000000 1.000000</float_array>
     <technique_common>
      <accessor source="#jnt_left_handpinky2-Matrix-animation-output-transform-array" count="15" stride="16">
       <param type="float4x4"></param>
      </accessor>
     </technique_common>
    </source>
    <source id="jnt_left_handpinky2-Interpolations">
     <Name_array id="jnt_left_handpinky2-Interpolations-array" count="15">
 LINEAR LINEAR LINEAR LINEAR LINEAR LINEAR LINEAR LINEAR LINEAR LINEAR LINEAR
LINEAR LINEAR LINEAR LINEAR</Name_array>
     <technique_common>
      <accessor source="#jnt_left_handpinky2-Interpolations-array" count="15">
       <param type="name"></param>
      </accessor>
     </technique_common>
    </source>
    <sampler id="jnt_left_handpinky2-Matrix-animation-transform">
     <input semantic="INPUT" source="#jnt_left_handpinky2-Matrix-animation-input"></input>
     <input semantic="OUTPUT" source="#jnt_left_handpinky2-Matrix-animation-output-transform"></input>
     <input semantic="INTERPOLATION" source="#jnt_left_handpinky2-Interpolations"></input>
    </sampler>
    <channel source="#jnt_left_handpinky2-Matrix-animation-transform" target="jnt_left_handpinky2/matrix"></channel>
   </animation>
  </animation>
  <animation id="jnt_left_handpinky3-anim" name="jnt_left_handpinky3">
   <animation>
    <source id="jnt_left_handpinky3-Matrix-animation-input">
     <float_array id="jnt_left_handpinky3-Matrix-animation-input-array" count="15">

0.000000 0.033333 0.066667 0.100000 0.133333 0.166667 0.200000 0.233333 0.266667 0.300000 0.333333 0.366667 0.400000 0.433333 0.466667</float_array>
     <technique_common>
      <accessor source="#jnt_left_handpinky3-Matrix-animation-input-array" count="15">
       <param name="TIME" type="float"></param>
      </accessor>
     </technique_common>
    </source>
    <source id="jnt_left_handpinky3-Matrix-animation-output-transform">
     <float_array id="jnt_left_handpinky3-Matrix-animation-output-transform-array" count="240">

0.981321 0.192374 -0.000000 -0.075474 -0.192374 0.981321 -0.000001 0.000001 0.000000 0.000001 1.000000 -0.000000 0.000000 0.000000 0.000000 1.000000
0.981322 0.192374 -0.000000 -0.075474 -0.192374 0.981321 -0.000001 0.000001 0.000000 0.000001 1.000000 -0.000000 0.000000 0.000000 0.000000 1.000000
0.981322 0.192374 -0.000000 -0.075474 -0.192374 0.981322 -0.000001 0.000003 0.000000 0.000001 1.000000 -0.000000 0.000000 0.000000 0.000000 1.000000
0.981322 0.192374 -0.000000 -0.075473 -0.192374 0.981322 -0.000001 0.000002 0.000000 0.000001 1.000000 0.000000 0.000000 0.000000 0.000000 1.000000
0.981321 0.192374 -0.000000 -0.075474 -0.192374 0.981321 -0.000001 0.000002 0.000000 0.000001 1.000000 0.000000 0.000000 0.000000 0.000000 1.000000
0.981321 0.192374 -0.000000 -0.075474 -0.192374 0.981321 -0.000001 0.000002 0.000000 0.000001 1.000000 0.000000 0.000000 0.000000 0.000000 1.000000
0.981322 0.192375 -0.000000 -0.075474 -0.192374 0.981322 -0.000001 0.000001 0.000000 0.000001 1.000000 -0.000000 0.000000 0.000000 0.000000 1.000000
0.981322 0.192374 -0.000000 -0.075474 -0.192374 0.981322 -0.000001 0.000003 0.000000 0.000001 1.000000 -0.000000 0.000000 0.000000 0.000000 1.000000
0.981322 0.192374 -0.000000 -0.075474 -0.192374 0.981322 -0.000001 0.000002 0.000000 0.000001 1.000000 0.000000 0.000000 0.000000 0.000000 1.000000
0.981321 0.192374 -0.000000 -0.075473 -0.192374 0.981321 -0.000001 0.000002 0.000000 0.000001 1.000000 0.000000 0.000000 0.000000 0.000000 1.000000
0.981322 0.192374 -0.000000 -0.075474 -0.192374 0.981322 -0.000001 0.000001 0.000000 0.000001 1.000000 -0.000000 0.000000 0.000000 0.000000 1.000000
0.981322 0.192374 -0.000000 -0.075473 -0.192374 0.981322 -0.000001 0.000002 0.000000 0.000001 1.000000 0.000000 0.000000 0.000000 0.000000 1.000000
0.981322 0.192375 -0.000000 -0.075473 -0.192375 0.981322 -0.000001 0.000001 0.000000 0.000001 1.000000 -0.000000 0.000000 0.000000 0.000000 1.000000
0.981321 0.192375 -0.000000 -0.075474 -0.192375 0.981321 -0.000001 0.000002 0.000000 0.000001 1.000000 -0.000000 0.000000 0.000000 0.000000 1.000000
0.981321 0.192375 -0.000000 -0.075474 -0.192375 0.981321 -0.000001 0.000002 0.000000 0.000001 1.000000 -0.000000 0.000000 0.000000 0.000000 1.000000</float_array>
     <technique_common>
      <accessor source="#jnt_left_handpinky3-Matrix-animation-output-transform-array" count="15" stride="16">
       <param type="float4x4"></param>
      </accessor>
     </technique_common>
    </source>
    <source id="jnt_left_handpinky3-Interpolations">
     <Name_array id="jnt_left_handpinky3-Interpolations-array" count="15">
 LINEAR LINEAR LINEAR LINEAR LINEAR LINEAR LINEAR LINEAR LINEAR LINEAR LINEAR
LINEAR LINEAR LINEAR LINEAR</Name_array>
     <technique_common>
      <accessor source="#jnt_left_handpinky3-Interpolations-array" count="15">
       <param type="name"></param>
      </accessor>
     </technique_common>
    </source>
    <sampler id="jnt_left_handpinky3-Matrix-animation-transform">
     <input semantic="INPUT" source="#jnt_left_handpinky3-Matrix-animation-input"></input>
     <input semantic="OUTPUT" source="#jnt_left_handpinky3-Matrix-animation-output-transform"></input>
     <input semantic="INTERPOLATION" source="#jnt_left_handpinky3-Interpolations"></input>
    </sampler>
    <channel source="#jnt_left_handpinky3-Matrix-animation-transform" target="jnt_left_handpinky3/matrix"></channel>
   </animation>
  </animation>
  <animation id="jnt_left_handpinky4-anim" name="jnt_left_handpinky4">
   <animation>
    <source id="jnt_left_handpinky4-Matrix-animation-input">
     <float_array id="jnt_left_handpinky4-Matrix-animation-input-array" count="15">

0.000000 0.033333 0.066667 0.100000 0.133333 0.166667 0.200000 0.233333 0.266667 0.300000 0.333333 0.366667 0.400000 0.433333 0.466667</float_array>
     <technique_common>
      <accessor source="#jnt_left_handpinky4-Matrix-animation-input-array" count="15">
       <param name="TIME" type="float"></param>
      </accessor>
     </technique_common>
    </source>
    <source id="jnt_left_handpinky4-Matrix-animation-output-transform">
     <float_array id="jnt_left_handpinky4-Matrix-animation-output-transform-array" count="240">

1.000000 0.000000 0.000000 -0.101158 -0.000000 1.000000 -0.000000 -0.000003 -0.000000 0.000000 1.000000 -0.000000 0.000000 0.000000 0.000000 1.000000
1.000000 0.000000 -0.000000 -0.101158 -0.000000 1.000000 0.000000 -0.000003 0.000000 -0.000000 1.000000 -0.000000 0.000000 0.000000 0.000000 1.000000
1.000000 0.000001 -0.000000 -0.101158 -0.000001 1.000000 0.000000 -0.000003 0.000000 -0.000000 1.000000 0.000000 0.000000 0.000000 0.000000 1.000000
1.000000 0.000000 -0.000000 -0.101158 -0.000000 1.000000 -0.000000 -0.000003 0.000000 0.000000 1.000000 -0.000000 0.000000 0.000000 0.000000 1.000000
1.000000 0.000001 -0.000000 -0.101158 -0.000001 1.000000 0.000000 -0.000003 0.000000 -0.000000 1.000000 0.000000 0.000000 0.000000 0.000000 1.000000
1.000000 0.000001 -0.000000 -0.101158 -0.000001 1.000000 0.000000 -0.000003 0.000000 -0.000000 1.000000 -0.000000 0.000000 0.000000 0.000000 1.000000
1.000000 0.000001 -0.000000 -0.101158 -0.000001 1.000000 0.000000 -0.000003 0.000000 -0.000000 1.000000 -0.000000 0.000000 0.000000 0.000000 1.000000
1.000000 0.000000 -0.000000 -0.101158 -0.000000 1.000000 -0.000000 -0.000003 0.000000 0.000000 1.000000 -0.000000 0.000000 0.000000 0.000000 1.000000
1.000000 0.000000 -0.000000 -0.101158 -0.000000 1.000000 -0.000000 -0.000003 0.000000 0.000000 1.000000 -0.000000 0.000000 0.000000 0.000000 1.000000
1.000000 0.000000 0.000000 -0.101158 -0.000000 1.000000 -0.000000 -0.000003 -0.000000 0.000000 1.000000 0.000000 0.000000 0.000000 0.000000 1.000000
1.000000 0.000000 -0.000000 -0.101158 -0.000000 1.000000 -0.000000 -0.000004 0.000000 0.000000 1.000000 -0.000000 0.000000 0.000000 0.000000 1.000000
1.000000 0.000000 0.000000 -0.101158 -0.000000 1.000000 -0.000000 -0.000003 -0.000000 0.000000 1.000000 0.000000 0.000000 0.000000 0.000000 1.000000
1.000000 0.000000 -0.000000 -0.101158 -0.000000 1.000000 0.000000 -0.000003 0.000000 -0.000000 1.000000 0.000000 0.000000 0.000000 0.000000 1.000000
1.000000 0.000000 -0.000000 -0.101158 -0.000000 1.000000 -0.000000 -0.000003 0.000000 0.000000 1.000000 0.000000 0.000000 0.000000 0.000000 1.000000
1.000000 0.000000 -0.000000 -0.101158 -0.000000 1.000000 -0.000000 -0.000003 0.000000 0.000000 1.000000 0.000000 0.000000 0.000000 0.000000 1.000000</float_array>
     <technique_common>
      <accessor source="#jnt_left_handpinky4-Matrix-animation-output-transform-array" count="15" stride="16">
       <param type="float4x4"></param>
      </accessor>
     </technique_common>
    </source>
    <source id="jnt_left_handpinky4-Interpolations">
     <Name_array id="jnt_left_handpinky4-Interpolations-array" count="15">
 LINEAR LINEAR LINEAR LINEAR LINEAR LINEAR LINEAR LINEAR LINEAR LINEAR LINEAR
LINEAR LINEAR LINEAR LINEAR</Name_array>
     <technique_common>
      <accessor source="#jnt_left_handpinky4-Interpolations-array" count="15">
       <param type="name"></param>
      </accessor>
     </technique_common>
    </source>
    <sampler id="jnt_left_handpinky4-Matrix-animation-transform">
     <input semantic="INPUT" source="#jnt_left_handpinky4-Matrix-animation-input"></input>
     <input semantic="OUTPUT" source="#jnt_left_handpinky4-Matrix-animation-output-transform"></input>
     <input semantic="INTERPOLATION" source="#jnt_left_handpinky4-Interpolations"></input>
    </sampler>
    <channel source="#jnt_left_handpinky4-Matrix-animation-transform" target="jnt_left_handpinky4/matrix"></channel>
   </animation>
  </animation>
  <animation id="jnt_right_armroot-anim" name="jnt_right_armroot">
   <animation>
    <source id="jnt_right_armroot-Matrix-animation-input">
     <float_array id="jnt_right_armroot-Matrix-animation-input-array" count="15">

0.000000 0.033333 0.066667 0.100000 0.133333 0.166667 0.200000 0.233333 0.266667 0.300000 0.333333 0.366667 0.400000 0.433333 0.466667</float_array>
     <technique_common>
      <accessor source="#jnt_right_armroot-Matrix-animation-input-array" count="15">
       <param name="TIME" type="float"></param>
      </accessor>
     </technique_common>
    </source>
    <source id="jnt_right_armroot-Matrix-animation-output-transform">
     <float_array id="jnt_right_armroot-Matrix-animation-output-transform-array" count="240">

1.000000 -0.000004 -0.000000 0.000000 0.000004 1.000000 -0.000000 0.000000 0.000000 0.000000 1.000000 -0.000000 0.000000 0.000000 0.000000 1.000000
1.000000 -0.000004 -0.000000 0.000000 0.000004 1.000000 -0.000000 0.000000 0.000000 0.000000 1.000000 -0.000000 0.000000 0.000000 0.000000 1.000000
1.000000 -0.000004 -0.000000 0.000000 0.000004 1.000000 -0.000000 0.000000 0.000000 0.000000 1.000000 -0.000000 0.000000 0.000000 0.000000 1.000000
1.000000 -0.000004 -0.000000 0.000000 0.000004 1.000000 -0.000000 0.000000 0.000000 0.000000 1.000000 -0.000000 0.000000 0.000000 0.000000 1.000000
1.000000 -0.000004 -0.000000 0.000000 0.000004 1.000000 -0.000000 0.000000 0.000000 0.000000 1.000000 -0.000000 0.000000 0.000000 0.000000 1.000000
1.000000 -0.000004 -0.000000 0.000000 0.000004 1.000000 -0.000000 0.000000 0.000000 0.000000 1.000000 -0.000000 0.000000 0.000000 0.000000 1.000000
1.000000 -0.000004 -0.000000 0.000000 0.000004 1.000000 -0.000000 0.000000 0.000000 0.000000 1.000000 -0.000000 0.000000 0.000000 0.000000 1.000000
1.000000 -0.000004 -0.000000 0.000000 0.000004 1.000000 -0.000000 0.000000 0.000000 0.000000 1.000000 -0.000000 0.000000 0.000000 0.000000 1.000000
1.000000 -0.000004 -0.000000 0.000000 0.000004 1.000000 -0.000000 0.000000 0.000000 0.000000 1.000000 -0.000000 0.000000 0.000000 0.000000 1.000000
1.000000 -0.000004 -0.000000 0.000000 0.000004 1.000000 -0.000000 0.000000 0.000000 0.000000 1.000000 -0.000000 0.000000 0.000000 0.000000 1.000000
1.000000 -0.000004 -0.000000 0.000000 0.000004 1.000000 -0.000000 0.000000 0.000000 0.000000 1.000000 -0.000000 0.000000 0.000000 0.000000 1.000000
1.000000 -0.000004 -0.000000 0.000000 0.000004 1.000000 -0.000000 0.000000 0.000000 0.000000 1.000000 -0.000000 0.000000 0.000000 0.000000 1.000000
1.000000 -0.000004 -0.000000 0.000000 0.000004 1.000000 -0.000000 0.000000 0.000000 0.000000 1.000000 -0.000000 0.000000 0.000000 0.000000 1.000000
1.000000 -0.000004 -0.000000 0.000000 0.000004 1.000000 -0.000000 0.000000 0.000000 0.000000 1.000000 -0.000000 0.000000 0.000000 0.000000 1.000000
1.000000 -0.000004 -0.000000 0.000000 0.000004 1.000000 -0.000000 0.000000 0.000000 0.000000 1.000000 -0.000000 0.000000 0.000000 0.000000 1.000000</float_array>
     <technique_common>
      <accessor source="#jnt_right_armroot-Matrix-animation-output-transform-array" count="15" stride="16">
       <param type="float4x4"></param>
      </accessor>
     </technique_common>
    </source>
    <source id="jnt_right_armroot-Interpolations">
     <Name_array id="jnt_right_armroot-Interpolations-array" count="15">
 LINEAR LINEAR LINEAR LINEAR LINEAR LINEAR LINEAR LINEAR LINEAR LINEAR LINEAR
LINEAR LINEAR LINEAR LINEAR</Name_array>
     <technique_common>
      <accessor source="#jnt_right_armroot-Interpolations-array" count="15">
       <param type="name"></param>
      </accessor>
     </technique_common>
    </source>
    <sampler id="jnt_right_armroot-Matrix-animation-transform">
     <input semantic="INPUT" source="#jnt_right_armroot-Matrix-animation-input"></input>
     <input semantic="OUTPUT" source="#jnt_right_armroot-Matrix-animation-output-transform"></input>
     <input semantic="INTERPOLATION" source="#jnt_right_armroot-Interpolations"></input>
    </sampler>
    <channel source="#jnt_right_armroot-Matrix-animation-transform" target="jnt_right_armroot/matrix"></channel>
   </animation>
  </animation>
  <animation id="jnt_right_shoulder-anim" name="jnt_right_shoulder">
   <animation>
    <source id="jnt_right_shoulder-Matrix-animation-input">
     <float_array id="jnt_right_shoulder-Matrix-animation-input-array" count="15">

0.000000 0.033333 0.066667 0.100000 0.133333 0.166667 0.200000 0.233333 0.266667 0.300000 0.333333 0.366667 0.400000 0.433333 0.466667</float_array>
     <technique_common>
      <accessor source="#jnt_right_shoulder-Matrix-animation-input-array" count="15">
       <param name="TIME" type="float"></param>
      </accessor>
     </technique_common>
    </source>
    <source id="jnt_right_shoulder-Matrix-animation-output-transform">
     <float_array id="jnt_right_shoulder-Matrix-animation-output-transform-array" count="240">

0.019288 -0.092831 0.995495 0.635987 -0.352003 0.931300 0.093665 0.114390 -0.935800 -0.352224 -0.014713 -0.266187 0.000000 0.000000 0.000000 1.000000
0.019288 -0.092831 0.995495 0.635987 -0.352003 0.931300 0.093665 0.114390 -0.935800 -0.352224 -0.014713 -0.266187 0.000000 0.000000 0.000000 1.000000
0.019288 -0.092831 0.995495 0.635987 -0.352003 0.931300 0.093665 0.114390 -0.935800 -0.352224 -0.014713 -0.266187 0.000000 0.000000 0.000000 1.000000
0.019288 -0.092831 0.995495 0.635987 -0.352003 0.931300 0.093665 0.114390 -0.935800 -0.352224 -0.014713 -0.266187 0.000000 0.000000 0.000000 1.000000
0.019288 -0.092831 0.995495 0.635987 -0.352003 0.931300 0.093665 0.114390 -0.935800 -0.352224 -0.014713 -0.266187 0.000000 0.000000 0.000000 1.000000
0.019288 -0.092831 0.995495 0.635987 -0.352003 0.931300 0.093665 0.114390 -0.935800 -0.352224 -0.014713 -0.266187 0.000000 0.000000 0.000000 1.000000
0.019288 -0.092831 0.995495 0.635987 -0.352003 0.931300 0.093665 0.114390 -0.935800 -0.352224 -0.014713 -0.266187 0.000000 0.000000 0.000000 1.000000
0.019288 -0.092831 0.995495 0.635987 -0.352003 0.931300 0.093665 0.114390 -0.935800 -0.352224 -0.014713 -0.266187 0.000000 0.000000 0.000000 1.000000
0.019288 -0.092831 0.995495 0.635987 -0.352003 0.931300 0.093665 0.114390 -0.935800 -0.352224 -0.014713 -0.266187 0.000000 0.000000 0.000000 1.000000
0.019288 -0.092831 0.995495 0.635987 -0.352003 0.931300 0.093665 0.114390 -0.935800 -0.352224 -0.014713 -0.266187 0.000000 0.000000 0.000000 1.000000
0.019288 -0.092831 0.995495 0.635987 -0.352003 0.931300 0.093665 0.114390 -0.935800 -0.352224 -0.014713 -0.266187 0.000000 0.000000 0.000000 1.000000
0.019288 -0.092831 0.995495 0.635987 -0.352003 0.931300 0.093665 0.114390 -0.935800 -0.352224 -0.014713 -0.266187 0.000000 0.000000 0.000000 1.000000
0.019288 -0.092831 0.995495 0.635987 -0.352003 0.931300 0.093665 0.114390 -0.935800 -0.352224 -0.014713 -0.266187 0.000000 0.000000 0.000000 1.000000
0.019288 -0.092831 0.995495 0.635987 -0.352003 0.931300 0.093665 0.114390 -0.935800 -0.352224 -0.014713 -0.266187 0.000000 0.000000 0.000000 1.000000
0.019288 -0.092831 0.995495 0.635987 -0.352003 0.931300 0.093665 0.114390 -0.935800 -0.352224 -0.014713 -0.266187 0.000000 0.000000 0.000000 1.000000</float_array>
     <technique_common>
      <accessor source="#jnt_right_shoulder-Matrix-animation-output-transform-array" count="15" stride="16">
       <param type="float4x4"></param>
      </accessor>
     </technique_common>
    </source>
    <source id="jnt_right_shoulder-Interpolations">
     <Name_array id="jnt_right_shoulder-Interpolations-array" count="15">
 LINEAR LINEAR LINEAR LINEAR LINEAR LINEAR LINEAR LINEAR LINEAR LINEAR LINEAR
LINEAR LINEAR LINEAR LINEAR</Name_array>
     <technique_common>
      <accessor source="#jnt_right_shoulder-Interpolations-array" count="15">
       <param type="name"></param>
      </accessor>
     </technique_common>
    </source>
    <sampler id="jnt_right_shoulder-Matrix-animation-transform">
     <input semantic="INPUT" source="#jnt_right_shoulder-Matrix-animation-input"></input>
     <input semantic="OUTPUT" source="#jnt_right_shoulder-Matrix-animation-output-transform"></input>
     <input semantic="INTERPOLATION" source="#jnt_right_shoulder-Interpolations"></input>
    </sampler>
    <channel source="#jnt_right_shoulder-Matrix-animation-transform" target="jnt_right_shoulder/matrix"></channel>
   </animation>
  </animation>
  <animation id="jnt_right_arm-anim" name="jnt_right_arm">
   <animation>
    <source id="jnt_right_arm-Matrix-animation-input">
     <float_array id="jnt_right_arm-Matrix-animation-input-array" count="15">

0.000000 0.033333 0.066667 0.100000 0.133333 0.166667 0.200000 0.233333 0.266667 0.300000 0.333333 0.366667 0.400000 0.433333 0.466667</float_array>
     <technique_common>
      <accessor source="#jnt_right_arm-Matrix-animation-input-array" count="15">
       <param name="TIME" type="float"></param>
      </accessor>
     </technique_common>
    </source>
    <source id="jnt_right_arm-Matrix-animation-output-transform">
     <float_array id="jnt_right_arm-Matrix-animation-output-transform-array" count="240">

0.527663 -0.688465 0.497581 0.525417 0.704783 0.681814 0.195984 0.032447 -0.474187 0.247273 0.844987 -0.009491 0.000000 0.000000 0.000000 1.000000
0.477320 -0.710461 0.517117 0.525417 0.693169 0.666111 0.275340 0.032447 -0.540076 0.227024 0.810418 -0.009491 0.000000 0.000000 0.000000 1.000000
0.384812 -0.752023 0.535145 0.525417 0.681272 0.622594 0.385025 0.032447 -0.622727 0.216417 0.751914 -0.009491 0.000000 0.000000 0.000000 1.000000
0.332169 -0.777620 0.533826 0.525417 0.679806 0.589706 0.436017 0.032447 -0.653856 0.218067 0.724513 -0.009491 0.000000 0.000000 0.000000 1.000000
0.336678 -0.780979 0.526041 0.525417 0.664770 0.592794 0.454616 0.032447 -0.666879 0.196637 0.718752 -0.009491 0.000000 0.000000 0.000000 1.000000
0.402861 -0.755583 0.516524 0.525417 0.637259 0.636642 0.434267 0.032447 -0.656966 0.154210 0.737980 -0.009491 0.000000 0.000000 0.000000 1.000000
0.517233 -0.691485 0.504299 0.525417 0.602616 0.712662 0.359117 0.032447 -0.607720 0.118152 0.785313 -0.009491 0.000000 0.000000 0.000000 1.000000
0.652562 -0.586526 0.479738 0.525417 0.563227 0.798985 0.210709 0.032447 -0.506890 0.132700 0.851735 -0.009491 0.000000 0.000000 0.000000 1.000000
0.793176 -0.423068 0.438046 0.525417 0.484133 0.874404 -0.032119 0.032447 -0.369441 0.237548 0.898378 -0.009491 0.000000 0.000000 0.000000 1.000000
0.907434 -0.185840 0.376865 0.525417 0.323719 0.881000 -0.345028 0.032447 -0.267898 0.435089 0.859609 -0.009491 0.000000 0.000000 0.000000 1.000000
0.972919 0.095341 0.210568 0.525417 0.096018 0.661956 -0.743367 0.032447 -0.210260 0.743454 0.634876 -0.009491 0.000000 0.000000 0.000000 1.000000
0.964572 0.260777 -0.039961 0.525417 -0.107084 0.248567 -0.962677 0.032447 -0.241111 0.932850 0.267686 -0.009491 0.000000 0.000000 0.000000 1.000000
0.934517 0.298428 -0.193957 0.525417 -0.198787 -0.014395 -0.979937 0.032447 -0.295233 0.954323 0.045871 -0.009491 0.000000 0.000000 0.000000 1.000000
0.929346 0.300105 -0.215067 0.525417 -0.209995 -0.049462 -0.976450 0.032447 -0.303676 0.952622 0.017054 -0.009491 0.000000 0.000000 0.000000 1.000000
0.929346 0.300105 -0.215067 0.525417 -0.209995 -0.049462 -0.976450 0.032447 -0.303676 0.952622 0.017054 -0.009491 0.000000 0.000000 0.000000 1.000000</float_array>
     <technique_common>
      <accessor source="#jnt_right_arm-Matrix-animation-output-transform-array" count="15" stride="16">
       <param type="float4x4"></param>
      </accessor>
     </technique_common>
    </source>
    <source id="jnt_right_arm-Interpolations">
     <Name_array id="jnt_right_arm-Interpolations-array" count="15">
 LINEAR LINEAR LINEAR LINEAR LINEAR LINEAR LINEAR LINEAR LINEAR LINEAR LINEAR
LINEAR LINEAR LINEAR LINEAR</Name_array>
     <technique_common>
      <accessor source="#jnt_right_arm-Interpolations-array" count="15">
       <param type="name"></param>
      </accessor>
     </technique_common>
    </source>
    <sampler id="jnt_right_arm-Matrix-animation-transform">
     <input semantic="INPUT" source="#jnt_right_arm-Matrix-animation-input"></input>
     <input semantic="OUTPUT" source="#jnt_right_arm-Matrix-animation-output-transform"></input>
     <input semantic="INTERPOLATION" source="#jnt_right_arm-Interpolations"></input>
    </sampler>
    <channel source="#jnt_right_arm-Matrix-animation-transform" target="jnt_right_arm/matrix"></channel>
   </animation>
  </animation>
  <animation id="jnt_right_armroll-anim" name="jnt_right_armroll">
   <animation>
    <source id="jnt_right_armroll-Matrix-animation-input">
     <float_array id="jnt_right_armroll-Matrix-animation-input-array" count="15">

0.000000 0.033333 0.066667 0.100000 0.133333 0.166667 0.200000 0.233333 0.266667 0.300000 0.333333 0.366667 0.400000 0.433333 0.466667</float_array>
     <technique_common>
      <accessor source="#jnt_right_armroll-Matrix-animation-input-array" count="15">
       <param name="TIME" type="float"></param>
      </accessor>
     </technique_common>
    </source>
    <source id="jnt_right_armroll-Matrix-animation-output-transform">
     <float_array id="jnt_right_armroll-Matrix-animation-output-transform-array" count="240">

1.000000 0.000000 -0.000000 0.421995 -0.000000 1.000000 0.000000 -0.000002 0.000000 -0.000000 1.000000 0.000004 0.000000 0.000000 0.000000 1.000000
1.000000 0.000000 -0.000000 0.421995 -0.000000 1.000000 0.000000 -0.000002 0.000000 -0.000000 1.000000 0.000004 0.000000 0.000000 0.000000 1.000000
1.000000 0.000000 -0.000000 0.421995 -0.000000 1.000000 -0.000000 -0.000002 0.000000 0.000000 1.000000 0.000004 0.000000 0.000000 0.000000 1.000000
1.000000 0.000000 -0.000000 0.421995 -0.000000 1.000000 0.000000 -0.000002 0.000000 -0.000000 1.000000 0.000004 0.000000 0.000000 0.000000 1.000000
1.000000 0.000000 -0.000000 0.421995 -0.000000 1.000000 -0.000000 -0.000002 0.000000 0.000000 1.000000 0.000004 0.000000 0.000000 0.000000 1.000000
1.000000 0.000000 -0.000000 0.421995 -0.000000 1.000000 0.000000 -0.000002 0.000000 -0.000000 1.000000 0.000004 0.000000 0.000000 0.000000 1.000000
1.000000 0.000000 -0.000000 0.421995 -0.000000 1.000000 0.000000 -0.000002 0.000000 -0.000000 1.000000 0.000004 0.000000 0.000000 0.000000 1.000000
1.000000 0.000000 -0.000000 0.421995 -0.000000 1.000000 0.000000 -0.000002 0.000000 -0.000000 1.000000 0.000004 0.000000 0.000000 0.000000 1.000000
1.000000 0.000000 -0.000000 0.421995 -0.000000 1.000000 -0.000000 -0.000002 0.000000 0.000000 1.000000 0.000004 0.000000 0.000000 0.000000 1.000000
1.000000 0.000000 -0.000000 0.421995 -0.000000 1.000000 -0.000000 -0.000002 0.000000 0.000000 1.000000 0.000004 0.000000 0.000000 0.000000 1.000000
1.000000 0.000000 -0.000000 0.421995 -0.000000 1.000000 -0.000000 -0.000002 0.000000 0.000000 1.000000 0.000004 0.000000 0.000000 0.000000 1.000000
1.000000 0.000000 -0.000000 0.421995 -0.000000 1.000000 0.000000 -0.000003 0.000000 -0.000000 1.000000 0.000004 0.000000 0.000000 0.000000 1.000000
1.000000 0.000000 -0.000000 0.421995 -0.000000 1.000000 -0.000000 -0.000003 0.000000 0.000000 1.000000 0.000004 0.000000 0.000000 0.000000 1.000000
1.000000 0.000000 -0.000000 0.421995 -0.000000 1.000000 -0.000000 -0.000003 0.000000 0.000000 1.000000 0.000004 0.000000 0.000000 0.000000 1.000000
1.000000 0.000000 -0.000000 0.421995 -0.000000 1.000000 -0.000000 -0.000003 0.000000 0.000000 1.000000 0.000004 0.000000 0.000000 0.000000 1.000000</float_array>
     <technique_common>
      <accessor source="#jnt_right_armroll-Matrix-animation-output-transform-array" count="15" stride="16">
       <param type="float4x4"></param>
      </accessor>
     </technique_common>
    </source>
    <source id="jnt_right_armroll-Interpolations">
     <Name_array id="jnt_right_armroll-Interpolations-array" count="15">
 LINEAR LINEAR LINEAR LINEAR LINEAR LINEAR LINEAR LINEAR LINEAR LINEAR LINEAR
LINEAR LINEAR LINEAR LINEAR</Name_array>
     <technique_common>
      <accessor source="#jnt_right_armroll-Interpolations-array" count="15">
       <param type="name"></param>
      </accessor>
     </technique_common>
    </source>
    <sampler id="jnt_right_armroll-Matrix-animation-transform">
     <input semantic="INPUT" source="#jnt_right_armroll-Matrix-animation-input"></input>
     <input semantic="OUTPUT" source="#jnt_right_armroll-Matrix-animation-output-transform"></input>
     <input semantic="INTERPOLATION" source="#jnt_right_armroll-Interpolations"></input>
    </sampler>
    <channel source="#jnt_right_armroll-Matrix-animation-transform" target="jnt_right_armroll/matrix"></channel>
   </animation>
  </animation>
  <animation id="jnt_right_forearm-anim" name="jnt_right_forearm">
   <animation>
    <source id="jnt_right_forearm-Matrix-animation-input">
     <float_array id="jnt_right_forearm-Matrix-animation-input-array" count="15">

0.000000 0.033333 0.066667 0.100000 0.133333 0.166667 0.200000 0.233333 0.266667 0.300000 0.333333 0.366667 0.400000 0.433333 0.466667</float_array>
     <technique_common>
      <accessor source="#jnt_right_forearm-Matrix-animation-input-array" count="15">
       <param name="TIME" type="float"></param>
      </accessor>
     </technique_common>
    </source>
    <source id="jnt_right_forearm-Matrix-animation-output-transform">
     <float_array id="jnt_right_forearm-Matrix-animation-output-transform-array" count="240">

0.249202 -0.958783 0.136498 0.843981 0.968436 0.247530 -0.029368 -0.000001 -0.005630 0.139508 0.990205 -0.000002 0.000000 0.000000 0.000000 1.000000
0.249968 -0.962839 0.102255 0.843981 0.968116 0.246751 -0.043188 -0.000002 0.016352 0.109791 0.993820 -0.000002 0.000000 0.000000 0.000000 1.000000
0.244368 -0.968308 0.051597 0.843981 0.968503 0.241101 -0.062230 -0.000001 0.047818 0.065179 0.996727 -0.000003 0.000000 0.000000 0.000000 1.000000
0.189794 -0.981611 0.020395 0.843981 0.979634 0.187943 -0.070688 -0.000002 0.065556 0.033396 0.997290 -0.000003 0.000000 0.000000 0.000000 1.000000
0.066543 -0.997779 -0.002514 0.843981 0.994695 0.066534 -0.078465 -0.000002 0.078458 0.002720 0.996914 -0.000003 0.000000 0.000000 0.000000 1.000000
-0.140506 -0.990015 -0.011190 0.843981 0.985990 -0.138890 -0.092384 -0.000002 0.089908 -0.024014 0.995660 -0.000003 0.000000 0.000000 0.000000 1.000000
-0.400185 -0.916430 0.002593 0.843981 0.910638 -0.397969 -0.111177 -0.000002 0.102918 -0.042130 0.993797 -0.000003 0.000000 0.000000 0.000000 1.000000
-0.628501 -0.776794 0.039708 0.843981 0.769347 -0.628361 -0.115184 -0.000002 0.114426 -0.041844 0.992550 -0.000003 0.000000 0.000000 0.000000 1.000000
-0.783688 -0.614001 0.093995 0.843981 0.611888 -0.789147 -0.053289 -0.000002 0.106896 0.015752 0.994145 -0.000003 0.000000 0.000000 0.000000 1.000000
-0.879693 -0.453542 0.142971 0.843981 0.471470 -0.871073 0.137650 -0.000001 0.062108 0.188496 0.980108 -0.000003 0.000000 0.000000 0.000000 1.000000
-0.927297 -0.321190 0.192242 0.843981 0.374205 -0.782358 0.497882 -0.000001 -0.009513 0.533622 0.845669 -0.000003 0.000000 0.000000 0.000000 1.000000
-0.946259 -0.232780 0.224516 0.843981 0.315995 -0.517660 0.795095 -0.000002 -0.068859 0.823311 0.563398 -0.000003 0.000000 0.000000 0.000000 1.000000
-0.952124 -0.189534 0.239868 0.843981 0.290948 -0.320904 0.901316 -0.000002 -0.093855 0.927953 0.360685 -0.000003 0.000000 0.000000 0.000000 1.000000
-0.952730 -0.184046 0.241728 0.843981 0.287894 -0.292696 0.911837 -0.000002 -0.097067 0.938326 0.331846 -0.000003 0.000000 0.000000 0.000000 1.000000
-0.952730 -0.184046 0.241728 0.843981 0.287894 -0.292696 0.911837 -0.000002 -0.097067 0.938326 0.331846 -0.000003 0.000000 0.000000 0.000000 1.000000</float_array>
     <technique_common>
      <accessor source="#jnt_right_forearm-Matrix-animation-output-transform-array" count="15" stride="16">
       <param type="float4x4"></param>
      </accessor>
     </technique_common>
    </source>
    <source id="jnt_right_forearm-Interpolations">
     <Name_array id="jnt_right_forearm-Interpolations-array" count="15">
 LINEAR LINEAR LINEAR LINEAR LINEAR LINEAR LINEAR LINEAR LINEAR LINEAR LINEAR
LINEAR LINEAR LINEAR LINEAR</Name_array>
     <technique_common>
      <accessor source="#jnt_right_forearm-Interpolations-array" count="15">
       <param type="name"></param>
      </accessor>
     </technique_common>
    </source>
    <sampler id="jnt_right_forearm-Matrix-animation-transform">
     <input semantic="INPUT" source="#jnt_right_forearm-Matrix-animation-input"></input>
     <input semantic="OUTPUT" source="#jnt_right_forearm-Matrix-animation-output-transform"></input>
     <input semantic="INTERPOLATION" source="#jnt_right_forearm-Interpolations"></input>
    </sampler>
    <channel source="#jnt_right_forearm-Matrix-animation-transform" target="jnt_right_forearm/matrix"></channel>
   </animation>
  </animation>
  <animation id="jnt_right_forearmroll-anim" name="jnt_right_forearmroll">
   <animation>
    <source id="jnt_right_forearmroll-Matrix-animation-input">
     <float_array id="jnt_right_forearmroll-Matrix-animation-input-array" count="15">

0.000000 0.033333 0.066667 0.100000 0.133333 0.166667 0.200000 0.233333 0.266667 0.300000 0.333333 0.366667 0.400000 0.433333 0.466667</float_array>
     <technique_common>
      <accessor source="#jnt_right_forearmroll-Matrix-animation-input-array" count="15">
       <param name="TIME" type="float"></param>
      </accessor>
     </technique_common>
    </source>
    <source id="jnt_right_forearmroll-Matrix-animation-output-transform">
     <float_array id="jnt_right_forearmroll-Matrix-animation-output-transform-array" count="240">

1.000000 0.000001 0.000000 0.487001 -0.000001 1.000000 -0.000000 -0.000001 -0.000000 0.000000 1.000000 0.000004 0.000000 0.000000 0.000000 1.000000
1.000000 0.000001 0.000000 0.487001 -0.000001 1.000000 -0.000000 -0.000000 -0.000000 0.000000 1.000000 0.000003 0.000000 0.000000 0.000000 1.000000
1.000000 0.000001 0.000000 0.487001 -0.000001 1.000000 -0.000000 -0.000000 -0.000000 0.000000 1.000000 0.000004 0.000000 0.000000 0.000000 1.000000
1.000000 0.000001 0.000000 0.487001 -0.000001 1.000000 -0.000000 0.000000 -0.000000 0.000000 1.000000 0.000004 0.000000 0.000000 0.000000 1.000000
1.000000 0.000001 0.000000 0.487001 -0.000001 1.000000 -0.000000 -0.000000 -0.000000 0.000000 1.000000 0.000004 0.000000 0.000000 0.000000 1.000000
1.000000 0.000001 0.000000 0.487001 -0.000001 1.000000 -0.000000 -0.000000 -0.000000 0.000000 1.000000 0.000003 0.000000 0.000000 0.000000 1.000000
1.000000 0.000001 0.000000 0.487001 -0.000001 1.000000 -0.000000 -0.000000 -0.000000 0.000000 1.000000 0.000004 0.000000 0.000000 0.000000 1.000000
1.000000 0.000001 0.000000 0.487001 -0.000001 1.000000 -0.000000 0.000000 -0.000000 0.000000 1.000000 0.000004 0.000000 0.000000 0.000000 1.000000
1.000000 0.000001 0.000000 0.487001 -0.000001 1.000000 -0.000000 -0.000000 -0.000000 0.000000 1.000000 0.000004 0.000000 0.000000 0.000000 1.000000
1.000000 0.000001 0.000000 0.487001 -0.000001 1.000000 -0.000000 -0.000000 -0.000000 0.000000 1.000000 0.000004 0.000000 0.000000 0.000000 1.000000
1.000000 0.000001 0.000000 0.487001 -0.000001 1.000000 -0.000000 -0.000000 -0.000000 0.000000 1.000000 0.000004 0.000000 0.000000 0.000000 1.000000
1.000000 0.000001 0.000000 0.487001 -0.000001 1.000000 -0.000000 -0.000000 -0.000000 0.000000 1.000000 0.000004 0.000000 0.000000 0.000000 1.000000
1.000000 0.000001 0.000000 0.487001 -0.000001 1.000000 -0.000000 -0.000000 -0.000000 0.000000 1.000000 0.000004 0.000000 0.000000 0.000000 1.000000
1.000000 0.000001 0.000000 0.487001 -0.000001 1.000000 -0.000000 -0.000000 -0.000000 0.000000 1.000000 0.000003 0.000000 0.000000 0.000000 1.000000
1.000000 0.000001 0.000000 0.487001 -0.000001 1.000000 -0.000000 -0.000000 -0.000000 0.000000 1.000000 0.000003 0.000000 0.000000 0.000000 1.000000</float_array>
     <technique_common>
      <accessor source="#jnt_right_forearmroll-Matrix-animation-output-transform-array" count="15" stride="16">
       <param type="float4x4"></param>
      </accessor>
     </technique_common>
    </source>
    <source id="jnt_right_forearmroll-Interpolations">
     <Name_array id="jnt_right_forearmroll-Interpolations-array" count="15">
 LINEAR LINEAR LINEAR LINEAR LINEAR LINEAR LINEAR LINEAR LINEAR LINEAR LINEAR
LINEAR LINEAR LINEAR LINEAR</Name_array>
     <technique_common>
      <accessor source="#jnt_right_forearmroll-Interpolations-array" count="15">
       <param type="name"></param>
      </accessor>
     </technique_common>
    </source>
    <sampler id="jnt_right_forearmroll-Matrix-animation-transform">
     <input semantic="INPUT" source="#jnt_right_forearmroll-Matrix-animation-input"></input>
     <input semantic="OUTPUT" source="#jnt_right_forearmroll-Matrix-animation-output-transform"></input>
     <input semantic="INTERPOLATION" source="#jnt_right_forearmroll-Interpolations"></input>
    </sampler>
    <channel source="#jnt_right_forearmroll-Matrix-animation-transform" target="jnt_right_forearmroll/matrix"></channel>
   </animation>
  </animation>
  <animation id="jnt_right_hand-anim" name="jnt_right_hand">
   <animation>
    <source id="jnt_right_hand-Matrix-animation-input">
     <float_array id="jnt_right_hand-Matrix-animation-input-array" count="15">

0.000000 0.033333 0.066667 0.100000 0.133333 0.166667 0.200000 0.233333 0.266667 0.300000 0.333333 0.366667 0.400000 0.433333 0.466667</float_array>
     <technique_common>
      <accessor source="#jnt_right_hand-Matrix-animation-input-array" count="15">
       <param name="TIME" type="float"></param>
      </accessor>
     </technique_common>
    </source>
    <source id="jnt_right_hand-Matrix-animation-output-transform">
     <float_array id="jnt_right_hand-Matrix-animation-output-transform-array" count="240">

0.882282 -0.468315 0.047534 0.975261 0.469594 0.868686 -0.157690 -0.000000 0.032556 0.161449 0.986344 0.000003 0.000000 0.000000 0.000000 1.000000
0.879258 -0.475863 0.021456 0.975261 0.473419 0.867983 -0.149930 -0.000001 0.052723 0.141984 0.988464 0.000002 0.000000 0.000000 0.000000 1.000000
0.878447 -0.477446 -0.019383 0.975261 0.470617 0.871484 -0.137967 -0.000001 0.082763 0.112074 0.990247 0.000003 0.000000 0.000000 0.000000 1.000000
0.890129 -0.453224 -0.047526 0.975261 0.444751 0.886720 -0.126193 -0.000000 0.099336 0.091191 0.990867 0.000003 0.000000 0.000000 0.000000 1.000000
0.904687 -0.420622 -0.067962 0.975261 0.411737 0.904079 -0.114510 -0.000000 0.109609 0.075614 0.991094 0.000003 0.000000 0.000000 0.000000 1.000000
0.922687 -0.376368 -0.083634 0.975261 0.366207 0.923375 -0.115204 -0.000001 0.120585 0.075670 0.989815 0.000003 0.000000 0.000000 0.000000 1.000000
0.940618 -0.322901 -0.104751 0.975261 0.306471 0.940455 -0.147036 -0.000000 0.145992 0.106201 0.983569 0.000003 0.000000 0.000000 0.000000 1.000000
0.951371 -0.269645 -0.148948 0.975261 0.233500 0.946615 -0.222256 -0.000000 0.200927 0.176669 0.963544 0.000003 0.000000 0.000000 0.000000 1.000000
0.944966 -0.241277 -0.220963 0.975261 0.161074 0.930953 -0.327693 -0.000001 0.284771 0.274067 0.918582 0.000003 0.000000 0.000000 0.000000 1.000000
0.922978 -0.261111 -0.282724 0.975261 0.125976 0.899138 -0.419143 -0.000000 0.363651 0.351243 0.862778 0.000003 0.000000 0.000000 0.000000 1.000000
0.892044 -0.344252 -0.292828 0.975261 0.154027 0.840704 -0.519127 -0.000001 0.424892 0.417981 0.802969 0.000002 0.000000 0.000000 0.000000 1.000000
0.879571 -0.421590 -0.220491 0.975261 0.214001 0.764495 -0.608072 -0.000001 0.424921 0.487657 0.762649 0.000002 0.000000 0.000000 0.000000 1.000000
0.884495 -0.442260 -0.148576 0.975261 0.252526 0.721594 -0.644618 -0.000001 0.392300 0.532642 0.749929 0.000003 0.000000 0.000000 0.000000 1.000000
0.885390 -0.443951 -0.137811 0.975261 0.257989 0.715910 -0.648779 -0.000001 0.386686 0.538869 0.748395 0.000003 0.000000 0.000000 0.000000 1.000000
0.885390 -0.443951 -0.137811 0.975261 0.257989 0.715910 -0.648779 -0.000001 0.386686 0.538869 0.748395 0.000003 0.000000 0.000000 0.000000 1.000000</float_array>
     <technique_common>
      <accessor source="#jnt_right_hand-Matrix-animation-output-transform-array" count="15" stride="16">
       <param type="float4x4"></param>
      </accessor>
     </technique_common>
    </source>
    <source id="jnt_right_hand-Interpolations">
     <Name_array id="jnt_right_hand-Interpolations-array" count="15">
 LINEAR LINEAR LINEAR LINEAR LINEAR LINEAR LINEAR LINEAR LINEAR LINEAR LINEAR
LINEAR LINEAR LINEAR LINEAR</Name_array>
     <technique_common>
      <accessor source="#jnt_right_hand-Interpolations-array" count="15">
       <param type="name"></param>
      </accessor>
     </technique_common>
    </source>
    <sampler id="jnt_right_hand-Matrix-animation-transform">
     <input semantic="INPUT" source="#jnt_right_hand-Matrix-animation-input"></input>
     <input semantic="OUTPUT" source="#jnt_right_hand-Matrix-animation-output-transform"></input>
     <input semantic="INTERPOLATION" source="#jnt_right_hand-Interpolations"></input>
    </sampler>
    <channel source="#jnt_right_hand-Matrix-animation-transform" target="jnt_right_hand/matrix"></channel>
   </animation>
  </animation>
  <animation id="jnt_right_handthumb1-anim" name="jnt_right_handthumb1">
   <animation>
    <source id="jnt_right_handthumb1-Matrix-animation-input">
     <float_array id="jnt_right_handthumb1-Matrix-animation-input-array" count="15">

0.000000 0.033333 0.066667 0.100000 0.133333 0.166667 0.200000 0.233333 0.266667 0.300000 0.333333 0.366667 0.400000 0.433333 0.466667</float_array>
     <technique_common>
      <accessor source="#jnt_right_handthumb1-Matrix-animation-input-array" count="15">
       <param name="TIME" type="float"></param>
      </accessor>
     </technique_common>
    </source>
    <source id="jnt_right_handthumb1-Matrix-animation-output-transform">
     <float_array id="jnt_right_handthumb1-Matrix-animation-output-transform-array" count="240">

0.735200 -0.542191 0.406828 0.060226 0.320228 0.806790 0.496532 0.203940 -0.597440 -0.234773 0.766777 -0.155682 0.000000 0.000000 0.000000 1.000000
0.735200 -0.542191 0.406828 0.060227 0.320228 0.806790 0.496532 0.203940 -0.597440 -0.234773 0.766777 -0.155682 0.000000 0.000000 0.000000 1.000000
0.735201 -0.542191 0.406828 0.060227 0.320228 0.806790 0.496532 0.203939 -0.597440 -0.234773 0.766777 -0.155682 0.000000 0.000000 0.000000 1.000000
0.735201 -0.542191 0.406828 0.060226 0.320228 0.806790 0.496532 0.203940 -0.597440 -0.234773 0.766777 -0.155682 0.000000 0.000000 0.000000 1.000000
0.735201 -0.542191 0.406828 0.060227 0.320228 0.806790 0.496532 0.203939 -0.597440 -0.234773 0.766777 -0.155682 0.000000 0.000000 0.000000 1.000000
0.735200 -0.542191 0.406828 0.060226 0.320228 0.806790 0.496532 0.203940 -0.597440 -0.234773 0.766777 -0.155682 0.000000 0.000000 0.000000 1.000000
0.735200 -0.542191 0.406828 0.060227 0.320228 0.806790 0.496532 0.203939 -0.597440 -0.234773 0.766777 -0.155682 0.000000 0.000000 0.000000 1.000000
0.735201 -0.542191 0.406828 0.060227 0.320228 0.806790 0.496532 0.203939 -0.597440 -0.234773 0.766777 -0.155681 0.000000 0.000000 0.000000 1.000000
0.735201 -0.542191 0.406828 0.060226 0.320228 0.806790 0.496532 0.203940 -0.597440 -0.234773 0.766777 -0.155682 0.000000 0.000000 0.000000 1.000000
0.735201 -0.542191 0.406828 0.060226 0.320228 0.806790 0.496532 0.203939 -0.597440 -0.234773 0.766777 -0.155682 0.000000 0.000000 0.000000 1.000000
0.735200 -0.542191 0.406828 0.060227 0.320228 0.806790 0.496532 0.203939 -0.597440 -0.234773 0.766777 -0.155682 0.000000 0.000000 0.000000 1.000000
0.735200 -0.542191 0.406828 0.060226 0.320228 0.806790 0.496532 0.203940 -0.597440 -0.234773 0.766777 -0.155681 0.000000 0.000000 0.000000 1.000000
0.735201 -0.542191 0.406828 0.060226 0.320228 0.806790 0.496532 0.203940 -0.597440 -0.234773 0.766777 -0.155682 0.000000 0.000000 0.000000 1.000000
0.735200 -0.542191 0.406828 0.060227 0.320228 0.806790 0.496532 0.203939 -0.597440 -0.234773 0.766777 -0.155681 0.000000 0.000000 0.000000 1.000000
0.735200 -0.542191 0.406828 0.060227 0.320228 0.806790 0.496532 0.203939 -0.597440 -0.234773 0.766777 -0.155681 0.000000 0.000000 0.000000 1.000000</float_array>
     <technique_common>
      <accessor source="#jnt_right_handthumb1-Matrix-animation-output-transform-array" count="15" stride="16">
       <param type="float4x4"></param>
      </accessor>
     </technique_common>
    </source>
    <source id="jnt_right_handthumb1-Interpolations">
     <Name_array id="jnt_right_handthumb1-Interpolations-array" count="15">
 LINEAR LINEAR LINEAR LINEAR LINEAR LINEAR LINEAR LINEAR LINEAR LINEAR LINEAR
LINEAR LINEAR LINEAR LINEAR</Name_array>
     <technique_common>
      <accessor source="#jnt_right_handthumb1-Interpolations-array" count="15">
       <param type="name"></param>
      </accessor>
     </technique_common>
    </source>
    <sampler id="jnt_right_handthumb1-Matrix-animation-transform">
     <input semantic="INPUT" source="#jnt_right_handthumb1-Matrix-animation-input"></input>
     <input semantic="OUTPUT" source="#jnt_right_handthumb1-Matrix-animation-output-transform"></input>
     <input semantic="INTERPOLATION" source="#jnt_right_handthumb1-Interpolations"></input>
    </sampler>
    <channel source="#jnt_right_handthumb1-Matrix-animation-transform" target="jnt_right_handthumb1/matrix"></channel>
   </animation>
  </animation>
  <animation id="jnt_right_handthumb2-anim" name="jnt_right_handthumb2">
   <animation>
    <source id="jnt_right_handthumb2-Matrix-animation-input">
     <float_array id="jnt_right_handthumb2-Matrix-animation-input-array" count="15">

0.000000 0.033333 0.066667 0.100000 0.133333 0.166667 0.200000 0.233333 0.266667 0.300000 0.333333 0.366667 0.400000 0.433333 0.466667</float_array>
     <technique_common>
      <accessor source="#jnt_right_handthumb2-Matrix-animation-input-array" count="15">
       <param name="TIME" type="float"></param>
      </accessor>
     </technique_common>
    </source>
    <source id="jnt_right_handthumb2-Matrix-animation-output-transform">
     <float_array id="jnt_right_handthumb2-Matrix-animation-output-transform-array" count="240">

0.979609 0.200916 -0.000001 0.213224 -0.200916 0.979609 -0.000003 -0.000001 0.000000 0.000004 1.000000 0.000000 0.000000 0.000000 0.000000 1.000000
0.979608 0.200916 -0.000001 0.213224 -0.200916 0.979608 -0.000003 -0.000001 0.000000 0.000004 1.000000 0.000000 0.000000 0.000000 0.000000 1.000000
0.979608 0.200916 -0.000001 0.213224 -0.200916 0.979608 -0.000003 -0.000000 0.000000 0.000003 1.000000 0.000000 0.000000 0.000000 0.000000 1.000000
0.979608 0.200916 -0.000001 0.213224 -0.200916 0.979608 -0.000003 -0.000000 0.000000 0.000004 1.000000 -0.000000 0.000000 0.000000 0.000000 1.000000
0.979608 0.200916 -0.000001 0.213224 -0.200916 0.979608 -0.000003 -0.000001 0.000000 0.000004 1.000000 -0.000001 0.000000 0.000000 0.000000 1.000000
0.979608 0.200916 -0.000001 0.213224 -0.200916 0.979608 -0.000003 -0.000000 0.000000 0.000004 1.000000 -0.000000 0.000000 0.000000 0.000000 1.000000
0.979608 0.200916 -0.000001 0.213224 -0.200916 0.979608 -0.000003 -0.000001 0.000000 0.000003 1.000000 0.000001 0.000000 0.000000 0.000000 1.000000
0.979608 0.200916 -0.000001 0.213225 -0.200916 0.979609 -0.000003 -0.000001 0.000000 0.000004 1.000000 -0.000000 0.000000 0.000000 0.000000 1.000000
0.979609 0.200916 -0.000001 0.213224 -0.200916 0.979608 -0.000003 -0.000001 0.000000 0.000003 1.000000 -0.000001 0.000000 0.000000 0.000000 1.000000
0.979608 0.200916 -0.000001 0.213224 -0.200916 0.979608 -0.000003 -0.000001 0.000000 0.000004 1.000000 -0.000000 0.000000 0.000000 0.000000 1.000000
0.979608 0.200916 -0.000001 0.213224 -0.200916 0.979608 -0.000003 -0.000001 0.000000 0.000004 1.000000 -0.000000 0.000000 0.000000 0.000000 1.000000
0.979609 0.200916 -0.000001 0.213224 -0.200916 0.979608 -0.000003 -0.000001 0.000000 0.000004 1.000000 0.000000 0.000000 0.000000 0.000000 1.000000
0.979608 0.200916 -0.000001 0.213224 -0.200916 0.979608 -0.000003 -0.000001 0.000000 0.000004 1.000000 0.000000 0.000000 0.000000 0.000000 1.000000
0.979608 0.200916 -0.000001 0.213224 -0.200916 0.979608 -0.000003 -0.000001 0.000000 0.000003 1.000000 -0.000000 0.000000 0.000000 0.000000 1.000000
0.979608 0.200916 -0.000001 0.213224 -0.200916 0.979608 -0.000003 -0.000001 0.000000 0.000003 1.000000 -0.000000 0.000000 0.000000 0.000000 1.000000</float_array>
     <technique_common>
      <accessor source="#jnt_right_handthumb2-Matrix-animation-output-transform-array" count="15" stride="16">
       <param type="float4x4"></param>
      </accessor>
     </technique_common>
    </source>
    <source id="jnt_right_handthumb2-Interpolations">
     <Name_array id="jnt_right_handthumb2-Interpolations-array" count="15">
 LINEAR LINEAR LINEAR LINEAR LINEAR LINEAR LINEAR LINEAR LINEAR LINEAR LINEAR
LINEAR LINEAR LINEAR LINEAR</Name_array>
     <technique_common>
      <accessor source="#jnt_right_handthumb2-Interpolations-array" count="15">
       <param type="name"></param>
      </accessor>
     </technique_common>
    </source>
    <sampler id="jnt_right_handthumb2-Matrix-animation-transform">
     <input semantic="INPUT" source="#jnt_right_handthumb2-Matrix-animation-input"></input>
     <input semantic="OUTPUT" source="#jnt_right_handthumb2-Matrix-animation-output-transform"></input>
     <input semantic="INTERPOLATION" source="#jnt_right_handthumb2-Interpolations"></input>
    </sampler>
    <channel source="#jnt_right_handthumb2-Matrix-animation-transform" target="jnt_right_handthumb2/matrix"></channel>
   </animation>
  </animation>
  <animation id="jnt_right_handthumb3-anim" name="jnt_right_handthumb3">
   <animation>
    <source id="jnt_right_handthumb3-Matrix-animation-input">
     <float_array id="jnt_right_handthumb3-Matrix-animation-input-array" count="15">

0.000000 0.033333 0.066667 0.100000 0.133333 0.166667 0.200000 0.233333 0.266667 0.300000 0.333333 0.366667 0.400000 0.433333 0.466667</float_array>
     <technique_common>
      <accessor source="#jnt_right_handthumb3-Matrix-animation-input-array" count="15">
       <param name="TIME" type="float"></param>
      </accessor>
     </technique_common>
    </source>
    <source id="jnt_right_handthumb3-Matrix-animation-output-transform">
     <float_array id="jnt_right_handthumb3-Matrix-animation-output-transform-array" count="240">

0.990529 0.137300 0.000001 0.141882 -0.137300 0.990529 0.000006 -0.000001 -0.000000 -0.000006 1.000000 0.000023 0.000000 0.000000 0.000000 1.000000
0.990529 0.137300 0.000001 0.141882 -0.137300 0.990529 0.000006 -0.000000 -0.000000 -0.000006 1.000000 0.000022 0.000000 0.000000 0.000000 1.000000
0.990530 0.137300 0.000001 0.141882 -0.137300 0.990530 0.000006 -0.000001 -0.000000 -0.000006 1.000000 0.000022 0.000000 0.000000 0.000000 1.000000
0.990530 0.137300 0.000001 0.141882 -0.137300 0.990529 0.000006 -0.000001 -0.000000 -0.000006 1.000000 0.000023 0.000000 0.000000 0.000000 1.000000
0.990530 0.137300 0.000001 0.141882 -0.137300 0.990530 0.000006 -0.000001 -0.000000 -0.000006 1.000000 0.000023 0.000000 0.000000 0.000000 1.000000
0.990529 0.137300 0.000001 0.141882 -0.137300 0.990529 0.000006 -0.000000 -0.000000 -0.000006 1.000000 0.000023 0.000000 0.000000 0.000000 1.000000
0.990530 0.137300 0.000001 0.141882 -0.137300 0.990530 0.000006 -0.000001 -0.000000 -0.000006 1.000000 0.000023 0.000000 0.000000 0.000000 1.000000
0.990529 0.137300 0.000001 0.141882 -0.137300 0.990529 0.000006 -0.000001 -0.000000 -0.000006 1.000000 0.000023 0.000000 0.000000 0.000000 1.000000
0.990530 0.137300 0.000001 0.141882 -0.137300 0.990529 0.000006 -0.000001 -0.000000 -0.000006 1.000000 0.000023 0.000000 0.000000 0.000000 1.000000
0.990529 0.137300 0.000001 0.141882 -0.137300 0.990529 0.000006 -0.000001 -0.000000 -0.000006 1.000000 0.000023 0.000000 0.000000 0.000000 1.000000
0.990529 0.137300 0.000001 0.141882 -0.137300 0.990529 0.000006 -0.000000 -0.000000 -0.000006 1.000000 0.000023 0.000000 0.000000 0.000000 1.000000
0.990530 0.137300 0.000001 0.141882 -0.137300 0.990529 0.000006 0.000000 -0.000000 -0.000006 1.000000 0.000022 0.000000 0.000000 0.000000 1.000000
0.990529 0.137300 0.000001 0.141882 -0.137300 0.990529 0.000006 -0.000000 -0.000000 -0.000006 1.000000 0.000023 0.000000 0.000000 0.000000 1.000000
0.990530 0.137300 0.000001 0.141882 -0.137300 0.990529 0.000006 -0.000001 -0.000000 -0.000006 1.000000 0.000023 0.000000 0.000000 0.000000 1.000000
0.990530 0.137300 0.000001 0.141882 -0.137300 0.990529 0.000006 -0.000001 -0.000000 -0.000006 1.000000 0.000023 0.000000 0.000000 0.000000 1.000000</float_array>
     <technique_common>
      <accessor source="#jnt_right_handthumb3-Matrix-animation-output-transform-array" count="15" stride="16">
       <param type="float4x4"></param>
      </accessor>
     </technique_common>
    </source>
    <source id="jnt_right_handthumb3-Interpolations">
     <Name_array id="jnt_right_handthumb3-Interpolations-array" count="15">
 LINEAR LINEAR LINEAR LINEAR LINEAR LINEAR LINEAR LINEAR LINEAR LINEAR LINEAR
LINEAR LINEAR LINEAR LINEAR</Name_array>
     <technique_common>
      <accessor source="#jnt_right_handthumb3-Interpolations-array" count="15">
       <param type="name"></param>
      </accessor>
     </technique_common>
    </source>
    <sampler id="jnt_right_handthumb3-Matrix-animation-transform">
     <input semantic="INPUT" source="#jnt_right_handthumb3-Matrix-animation-input"></input>
     <input semantic="OUTPUT" source="#jnt_right_handthumb3-Matrix-animation-output-transform"></input>
     <input semantic="INTERPOLATION" source="#jnt_right_handthumb3-Interpolations"></input>
    </sampler>
    <channel source="#jnt_right_handthumb3-Matrix-animation-transform" target="jnt_right_handthumb3/matrix"></channel>
   </animation>
  </animation>
  <animation id="jnt_right_handthumb4-anim" name="jnt_right_handthumb4">
   <animation>
    <source id="jnt_right_handthumb4-Matrix-animation-input">
     <float_array id="jnt_right_handthumb4-Matrix-animation-input-array" count="15">

0.000000 0.033333 0.066667 0.100000 0.133333 0.166667 0.200000 0.233333 0.266667 0.300000 0.333333 0.366667 0.400000 0.433333 0.466667</float_array>
     <technique_common>
      <accessor source="#jnt_right_handthumb4-Matrix-animation-input-array" count="15">
       <param name="TIME" type="float"></param>
      </accessor>
     </technique_common>
    </source>
    <source id="jnt_right_handthumb4-Matrix-animation-output-transform">
     <float_array id="jnt_right_handthumb4-Matrix-animation-output-transform-array" count="240">

1.000000 -0.000002 -0.000000 0.122606 0.000002 1.000000 -0.000000 0.000000 0.000000 0.000000 1.000000 0.000000 0.000000 0.000000 0.000000 1.000000
1.000000 -0.000002 -0.000000 0.122606 0.000002 1.000000 -0.000000 0.000001 0.000000 0.000000 1.000000 -0.000000 0.000000 0.000000 0.000000 1.000000
1.000000 -0.000002 -0.000000 0.122606 0.000002 1.000000 -0.000000 0.000001 0.000000 0.000000 1.000000 0.000000 0.000000 0.000000 0.000000 1.000000
1.000000 -0.000002 -0.000000 0.122606 0.000002 1.000000 -0.000000 0.000000 0.000000 0.000000 1.000000 0.000000 0.000000 0.000000 0.000000 1.000000
1.000000 -0.000002 -0.000000 0.122606 0.000002 1.000000 -0.000000 0.000001 0.000000 0.000000 1.000000 -0.000000 0.000000 0.000000 0.000000 1.000000
1.000000 -0.000002 -0.000000 0.122606 0.000002 1.000000 -0.000000 0.000000 0.000000 0.000000 1.000000 -0.000000 0.000000 0.000000 0.000000 1.000000
1.000000 -0.000002 -0.000000 0.122606 0.000002 1.000000 -0.000000 0.000001 0.000000 0.000000 1.000000 0.000000 0.000000 0.000000 0.000000 1.000000
1.000000 -0.000002 -0.000000 0.122606 0.000002 1.000000 -0.000000 0.000001 0.000000 0.000000 1.000000 -0.000000 0.000000 0.000000 0.000000 1.000000
1.000000 -0.000002 -0.000000 0.122606 0.000002 1.000000 -0.000000 0.000000 0.000000 0.000000 1.000000 0.000000 0.000000 0.000000 0.000000 1.000000
1.000000 -0.000002 -0.000000 0.122606 0.000002 1.000000 -0.000000 0.000000 0.000000 0.000000 1.000000 0.000000 0.000000 0.000000 0.000000 1.000000
1.000000 -0.000002 -0.000000 0.122606 0.000002 1.000000 -0.000000 0.000001 0.000000 0.000000 1.000000 -0.000000 0.000000 0.000000 0.000000 1.000000
1.000000 -0.000002 -0.000000 0.122606 0.000002 1.000000 -0.000000 0.000000 0.000000 0.000000 1.000000 -0.000000 0.000000 0.000000 0.000000 1.000000
1.000000 -0.000002 -0.000000 0.122606 0.000002 1.000000 -0.000000 0.000000 0.000000 0.000000 1.000000 0.000000 0.000000 0.000000 0.000000 1.000000
1.000000 -0.000002 -0.000000 0.122606 0.000002 1.000000 -0.000000 0.000000 0.000000 0.000000 1.000000 0.000001 0.000000 0.000000 0.000000 1.000000
1.000000 -0.000002 -0.000000 0.122606 0.000002 1.000000 -0.000000 0.000000 0.000000 0.000000 1.000000 0.000001 0.000000 0.000000 0.000000 1.000000</float_array>
     <technique_common>
      <accessor source="#jnt_right_handthumb4-Matrix-animation-output-transform-array" count="15" stride="16">
       <param type="float4x4"></param>
      </accessor>
     </technique_common>
    </source>
    <source id="jnt_right_handthumb4-Interpolations">
     <Name_array id="jnt_right_handthumb4-Interpolations-array" count="15">
 LINEAR LINEAR LINEAR LINEAR LINEAR LINEAR LINEAR LINEAR LINEAR LINEAR LINEAR
LINEAR LINEAR LINEAR LINEAR</Name_array>
     <technique_common>
      <accessor source="#jnt_right_handthumb4-Interpolations-array" count="15">
       <param type="name"></param>
      </accessor>
     </technique_common>
    </source>
    <sampler id="jnt_right_handthumb4-Matrix-animation-transform">
     <input semantic="INPUT" source="#jnt_right_handthumb4-Matrix-animation-input"></input>
     <input semantic="OUTPUT" source="#jnt_right_handthumb4-Matrix-animation-output-transform"></input>
     <input semantic="INTERPOLATION" source="#jnt_right_handthumb4-Interpolations"></input>
    </sampler>
    <channel source="#jnt_right_handthumb4-Matrix-animation-transform" target="jnt_right_handthumb4/matrix"></channel>
   </animation>
  </animation>
  <animation id="jnt_right_handindex1-anim" name="jnt_right_handindex1">
   <animation>
    <source id="jnt_right_handindex1-Matrix-animation-input">
     <float_array id="jnt_right_handindex1-Matrix-animation-input-array" count="15">

0.000000 0.033333 0.066667 0.100000 0.133333 0.166667 0.200000 0.233333 0.266667 0.300000 0.333333 0.366667 0.400000 0.433333 0.466667</float_array>
     <technique_common>
      <accessor source="#jnt_right_handindex1-Matrix-animation-input-array" count="15">
       <param name="TIME" type="float"></param>
      </accessor>
     </technique_common>
    </source>
    <source id="jnt_right_handindex1-Matrix-animation-output-transform">
     <float_array id="jnt_right_handindex1-Matrix-animation-output-transform-array" count="240">

0.785412 0.597545 0.161458 0.494373 0.169879 0.042736 -0.984538 0.203977 -0.595205 0.800696 -0.067945 0.029845 0.000000 0.000000 0.000000 1.000000
0.785412 0.597545 0.161458 0.494373 0.169879 0.042736 -0.984538 0.203977 -0.595205 0.800696 -0.067945 0.029845 0.000000 0.000000 0.000000 1.000000
0.785412 0.597545 0.161458 0.494373 0.169879 0.042736 -0.984538 0.203978 -0.595206 0.800696 -0.067945 0.029845 0.000000 0.000000 0.000000 1.000000
0.785412 0.597545 0.161458 0.494372 0.169879 0.042736 -0.984538 0.203977 -0.595205 0.800696 -0.067945 0.029844 0.000000 0.000000 0.000000 1.000000
0.785412 0.597545 0.161458 0.494372 0.169879 0.042736 -0.984538 0.203977 -0.595206 0.800696 -0.067945 0.029844 0.000000 0.000000 0.000000 1.000000
0.785412 0.597545 0.161458 0.494373 0.169879 0.042736 -0.984538 0.203977 -0.595206 0.800696 -0.067945 0.029845 0.000000 0.000000 0.000000 1.000000
0.785412 0.597545 0.161458 0.494373 0.169879 0.042736 -0.984538 0.203977 -0.595206 0.800696 -0.067945 0.029845 0.000000 0.000000 0.000000 1.000000
0.785412 0.597545 0.161458 0.494374 0.169879 0.042736 -0.984538 0.203977 -0.595205 0.800696 -0.067945 0.029846 0.000000 0.000000 0.000000 1.000000
0.785412 0.597545 0.161458 0.494373 0.169879 0.042736 -0.984538 0.203977 -0.595206 0.800696 -0.067945 0.029845 0.000000 0.000000 0.000000 1.000000
0.785412 0.597545 0.161458 0.494373 0.169879 0.042736 -0.984538 0.203977 -0.595206 0.800696 -0.067945 0.029845 0.000000 0.000000 0.000000 1.000000
0.785412 0.597545 0.161458 0.494373 0.169879 0.042736 -0.984538 0.203977 -0.595206 0.800696 -0.067945 0.029845 0.000000 0.000000 0.000000 1.000000
0.785412 0.597545 0.161458 0.494372 0.169879 0.042736 -0.984538 0.203977 -0.595205 0.800696 -0.067945 0.029844 0.000000 0.000000 0.000000 1.000000
0.785412 0.597545 0.161458 0.494372 0.169879 0.042736 -0.984538 0.203977 -0.595206 0.800696 -0.067945 0.029844 0.000000 0.000000 0.000000 1.000000
0.785412 0.597545 0.161458 0.494372 0.169879 0.042736 -0.984538 0.203977 -0.595206 0.800696 -0.067945 0.029845 0.000000 0.000000 0.000000 1.000000
0.785412 0.597545 0.161458 0.494372 0.169879 0.042736 -0.984538 0.203977 -0.595206 0.800696 -0.067945 0.029845 0.000000 0.000000 0.000000 1.000000</float_array>
     <technique_common>
      <accessor source="#jnt_right_handindex1-Matrix-animation-output-transform-array" count="15" stride="16">
       <param type="float4x4"></param>
      </accessor>
     </technique_common>
    </source>
    <source id="jnt_right_handindex1-Interpolations">
     <Name_array id="jnt_right_handindex1-Interpolations-array" count="15">
 LINEAR LINEAR LINEAR LINEAR LINEAR LINEAR LINEAR LINEAR LINEAR LINEAR LINEAR
LINEAR LINEAR LINEAR LINEAR</Name_array>
     <technique_common>
      <accessor source="#jnt_right_handindex1-Interpolations-array" count="15">
       <param type="name"></param>
      </accessor>
     </technique_common>
    </source>
    <sampler id="jnt_right_handindex1-Matrix-animation-transform">
     <input semantic="INPUT" source="#jnt_right_handindex1-Matrix-animation-input"></input>
     <input semantic="OUTPUT" source="#jnt_right_handindex1-Matrix-animation-output-transform"></input>
     <input semantic="INTERPOLATION" source="#jnt_right_handindex1-Interpolations"></input>
    </sampler>
    <channel source="#jnt_right_handindex1-Matrix-animation-transform" target="jnt_right_handindex1/matrix"></channel>
   </animation>
  </animation>
  <animation id="jnt_right_handindex2-anim" name="jnt_right_handindex2">
   <animation>
    <source id="jnt_right_handindex2-Matrix-animation-input">
     <float_array id="jnt_right_handindex2-Matrix-animation-input-array" count="15">

0.000000 0.033333 0.066667 0.100000 0.133333 0.166667 0.200000 0.233333 0.266667 0.300000 0.333333 0.366667 0.400000 0.433333 0.466667</float_array>
     <technique_common>
      <accessor source="#jnt_right_handindex2-Matrix-animation-input-array" count="15">
       <param name="TIME" type="float"></param>
      </accessor>
     </technique_common>
    </source>
    <source id="jnt_right_handindex2-Matrix-animation-output-transform">
     <float_array id="jnt_right_handindex2-Matrix-animation-output-transform-array" count="240">

0.976530 0.215382 -0.000000 0.145440 -0.215382 0.976530 -0.000000 -0.001122 0.000000 0.000001 1.000000 -0.000039 0.000000 0.000000 0.000000 1.000000
0.976530 0.215382 -0.000000 0.145440 -0.215382 0.976530 -0.000000 -0.001121 0.000000 0.000000 1.000000 -0.000039 0.000000 0.000000 0.000000 1.000000
0.976530 0.215382 -0.000000 0.145440 -0.215382 0.976530 -0.000000 -0.001120 0.000000 0.000000 1.000000 -0.000039 0.000000 0.000000 0.000000 1.000000
0.976530 0.215382 -0.000000 0.145440 -0.215382 0.976530 -0.000000 -0.001120 0.000000 0.000000 1.000000 -0.000039 0.000000 0.000000 0.000000 1.000000
0.976530 0.215382 -0.000000 0.145440 -0.215382 0.976530 -0.000000 -0.001120 0.000000 0.000000 1.000000 -0.000039 0.000000 0.000000 0.000000 1.000000
0.976530 0.215382 -0.000000 0.145440 -0.215382 0.976530 -0.000000 -0.001119 0.000000 0.000000 1.000000 -0.000039 0.000000 0.000000 0.000000 1.000000
0.976530 0.215382 -0.000000 0.145440 -0.215382 0.976530 -0.000000 -0.001120 0.000000 0.000000 1.000000 -0.000039 0.000000 0.000000 0.000000 1.000000
0.976530 0.215382 -0.000000 0.145440 -0.215382 0.976530 -0.000000 -0.001119 0.000000 0.000000 1.000000 -0.000039 0.000000 0.000000 0.000000 1.000000
0.976530 0.215382 -0.000000 0.145440 -0.215382 0.976530 -0.000000 -0.001120 0.000000 0.000000 1.000000 -0.000039 0.000000 0.000000 0.000000 1.000000
0.976530 0.215382 -0.000000 0.145440 -0.215382 0.976530 -0.000000 -0.001120 0.000000 0.000000 1.000000 -0.000039 0.000000 0.000000 0.000000 1.000000
0.976530 0.215382 -0.000000 0.145440 -0.215382 0.976530 -0.000000 -0.001120 0.000000 0.000000 1.000000 -0.000039 0.000000 0.000000 0.000000 1.000000
0.976530 0.215382 -0.000000 0.145440 -0.215382 0.976530 -0.000000 -0.001121 0.000000 0.000000 1.000000 -0.000039 0.000000 0.000000 0.000000 1.000000
0.976530 0.215382 -0.000000 0.145440 -0.215382 0.976530 -0.000000 -0.001120 0.000000 0.000000 1.000000 -0.000039 0.000000 0.000000 0.000000 1.000000
0.976530 0.215382 -0.000000 0.145440 -0.215382 0.976530 -0.000000 -0.001121 0.000000 0.000000 1.000000 -0.000039 0.000000 0.000000 0.000000 1.000000
0.976530 0.215382 -0.000000 0.145440 -0.215382 0.976530 -0.000000 -0.001121 0.000000 0.000000 1.000000 -0.000039 0.000000 0.000000 0.000000 1.000000</float_array>
     <technique_common>
      <accessor source="#jnt_right_handindex2-Matrix-animation-output-transform-array" count="15" stride="16">
       <param type="float4x4"></param>
      </accessor>
     </technique_common>
    </source>
    <source id="jnt_right_handindex2-Interpolations">
     <Name_array id="jnt_right_handindex2-Interpolations-array" count="15">
 LINEAR LINEAR LINEAR LINEAR LINEAR LINEAR LINEAR LINEAR LINEAR LINEAR LINEAR
LINEAR LINEAR LINEAR LINEAR</Name_array>
     <technique_common>
      <accessor source="#jnt_right_handindex2-Interpolations-array" count="15">
       <param type="name"></param>
      </accessor>
     </technique_common>
    </source>
    <sampler id="jnt_right_handindex2-Matrix-animation-transform">
     <input semantic="INPUT" source="#jnt_right_handindex2-Matrix-animation-input"></input>
     <input semantic="OUTPUT" source="#jnt_right_handindex2-Matrix-animation-output-transform"></input>
     <input semantic="INTERPOLATION" source="#jnt_right_handindex2-Interpolations"></input>
    </sampler>
    <channel source="#jnt_right_handindex2-Matrix-animation-transform" target="jnt_right_handindex2/matrix"></channel>
   </animation>
  </animation>
  <animation id="jnt_right_handindex3-anim" name="jnt_right_handindex3">
   <animation>
    <source id="jnt_right_handindex3-Matrix-animation-input">
     <float_array id="jnt_right_handindex3-Matrix-animation-input-array" count="15">

0.000000 0.033333 0.066667 0.100000 0.133333 0.166667 0.200000 0.233333 0.266667 0.300000 0.333333 0.366667 0.400000 0.433333 0.466667</float_array>
     <technique_common>
      <accessor source="#jnt_right_handindex3-Matrix-animation-input-array" count="15">
       <param name="TIME" type="float"></param>
      </accessor>
     </technique_common>
    </source>
    <source id="jnt_right_handindex3-Matrix-animation-output-transform">
     <float_array id="jnt_right_handindex3-Matrix-animation-output-transform-array" count="240">

0.921232 0.389015 -0.000000 0.093746 -0.389015 0.921232 0.000000 0.000001 0.000000 -0.000000 1.000000 -0.000000 0.000000 0.000000 0.000000 1.000000
0.921232 0.389015 -0.000000 0.093746 -0.389015 0.921232 0.000000 -0.000000 0.000000 -0.000000 1.000000 -0.000000 0.000000 0.000000 0.000000 1.000000
0.921232 0.389015 -0.000000 0.093746 -0.389015 0.921232 0.000000 0.000001 0.000000 -0.000000 1.000000 -0.000001 0.000000 0.000000 0.000000 1.000000
0.921232 0.389015 -0.000000 0.093746 -0.389015 0.921232 0.000000 0.000000 0.000000 -0.000000 1.000000 -0.000000 0.000000 0.000000 0.000000 1.000000
0.921232 0.389015 -0.000000 0.093746 -0.389015 0.921232 0.000000 0.000001 0.000000 -0.000000 1.000000 0.000001 0.000000 0.000000 0.000000 1.000000
0.921232 0.389015 -0.000000 0.093746 -0.389015 0.921232 0.000000 -0.000000 0.000000 -0.000000 1.000000 0.000000 0.000000 0.000000 0.000000 1.000000
0.921232 0.389015 -0.000000 0.093746 -0.389015 0.921232 0.000000 0.000001 0.000000 -0.000000 1.000000 0.000000 0.000000 0.000000 0.000000 1.000000
0.921232 0.389015 -0.000000 0.093746 -0.389015 0.921232 0.000000 0.000000 0.000000 -0.000000 1.000000 -0.000000 0.000000 0.000000 0.000000 1.000000
0.921232 0.389015 -0.000000 0.093746 -0.389015 0.921232 0.000000 0.000000 0.000000 -0.000000 1.000000 -0.000000 0.000000 0.000000 0.000000 1.000000
0.921232 0.389015 -0.000000 0.093746 -0.389015 0.921232 0.000000 0.000002 0.000000 -0.000000 1.000000 -0.000000 0.000000 0.000000 0.000000 1.000000
0.921231 0.389015 -0.000000 0.093746 -0.389015 0.921231 0.000000 0.000001 0.000000 -0.000000 1.000000 -0.000000 0.000000 0.000000 0.000000 1.000000
0.921232 0.389015 -0.000000 0.093746 -0.389015 0.921232 0.000000 -0.000001 0.000000 -0.000000 1.000000 -0.000000 0.000000 0.000000 0.000000 1.000000
0.921232 0.389015 -0.000000 0.093746 -0.389015 0.921232 0.000000 -0.000002 0.000000 -0.000000 1.000000 -0.000000 0.000000 0.000000 0.000000 1.000000
0.921232 0.389015 -0.000000 0.093746 -0.389015 0.921232 0.000000 -0.000001 0.000000 -0.000000 1.000000 -0.000000 0.000000 0.000000 0.000000 1.000000
0.921232 0.389015 -0.000000 0.093746 -0.389015 0.921232 0.000000 -0.000001 0.000000 -0.000000 1.000000 -0.000000 0.000000 0.000000 0.000000 1.000000</float_array>
     <technique_common>
      <accessor source="#jnt_right_handindex3-Matrix-animation-output-transform-array" count="15" stride="16">
       <param type="float4x4"></param>
      </accessor>
     </technique_common>
    </source>
    <source id="jnt_right_handindex3-Interpolations">
     <Name_array id="jnt_right_handindex3-Interpolations-array" count="15">
 LINEAR LINEAR LINEAR LINEAR LINEAR LINEAR LINEAR LINEAR LINEAR LINEAR LINEAR
LINEAR LINEAR LINEAR LINEAR</Name_array>
     <technique_common>
      <accessor source="#jnt_right_handindex3-Interpolations-array" count="15">
       <param type="name"></param>
      </accessor>
     </technique_common>
    </source>
    <sampler id="jnt_right_handindex3-Matrix-animation-transform">
     <input semantic="INPUT" source="#jnt_right_handindex3-Matrix-animation-input"></input>
     <input semantic="OUTPUT" source="#jnt_right_handindex3-Matrix-animation-output-transform"></input>
     <input semantic="INTERPOLATION" source="#jnt_right_handindex3-Interpolations"></input>
    </sampler>
    <channel source="#jnt_right_handindex3-Matrix-animation-transform" target="jnt_right_handindex3/matrix"></channel>
   </animation>
  </animation>
  <animation id="jnt_right_handindex4-anim" name="jnt_right_handindex4">
   <animation>
    <source id="jnt_right_handindex4-Matrix-animation-input">
     <float_array id="jnt_right_handindex4-Matrix-animation-input-array" count="15">

0.000000 0.033333 0.066667 0.100000 0.133333 0.166667 0.200000 0.233333 0.266667 0.300000 0.333333 0.366667 0.400000 0.433333 0.466667</float_array>
     <technique_common>
      <accessor source="#jnt_right_handindex4-Matrix-animation-input-array" count="15">
       <param name="TIME" type="float"></param>
      </accessor>
     </technique_common>
    </source>
    <source id="jnt_right_handindex4-Matrix-animation-output-transform">
     <float_array id="jnt_right_handindex4-Matrix-animation-output-transform-array" count="240">

1.000000 -0.000000 0.000000 0.107088 0.000000 1.000000 -0.000000 -0.000052 -0.000000 0.000000 1.000000 0.001503 0.000000 0.000000 0.000000 1.000000
1.000000 0.000000 -0.000000 0.107088 -0.000000 1.000000 -0.000000 -0.000052 0.000000 0.000000 1.000000 0.001503 0.000000 0.000000 0.000000 1.000000
1.000000 0.000000 0.000000 0.107088 -0.000000 1.000000 -0.000000 -0.000052 -0.000000 0.000000 1.000000 0.001503 0.000000 0.000000 0.000000 1.000000
1.000000 -0.000000 -0.000000 0.107088 0.000000 1.000000 0.000000 -0.000052 0.000000 -0.000000 1.000000 0.001503 0.000000 0.000000 0.000000 1.000000
1.000000 0.000000 -0.000000 0.107088 -0.000000 1.000000 0.000000 -0.000052 0.000000 -0.000000 1.000000 0.001503 0.000000 0.000000 0.000000 1.000000
1.000000 -0.000000 0.000000 0.107088 0.000000 1.000000 -0.000000 -0.000052 -0.000000 0.000000 1.000000 0.001503 0.000000 0.000000 0.000000 1.000000
1.000000 -0.000000 -0.000000 0.107088 0.000000 1.000000 0.000000 -0.000052 0.000000 -0.000000 1.000000 0.001503 0.000000 0.000000 0.000000 1.000000
1.000000 -0.000000 0.000000 0.107088 0.000000 1.000000 0.000000 -0.000052 -0.000000 -0.000000 1.000000 0.001503 0.000000 0.000000 0.000000 1.000000
1.000000 0.000000 -0.000000 0.107088 -0.000000 1.000000 -0.000000 -0.000052 0.000000 0.000000 1.000000 0.001503 0.000000 0.000000 0.000000 1.000000
1.000000 -0.000000 0.000000 0.107088 0.000000 1.000000 -0.000000 -0.000052 -0.000000 0.000000 1.000000 0.001503 0.000000 0.000000 0.000000 1.000000
1.000000 -0.000000 0.000000 0.107088 0.000000 1.000000 -0.000000 -0.000052 -0.000000 0.000000 1.000000 0.001503 0.000000 0.000000 0.000000 1.000000
1.000000 -0.000000 0.000000 0.107088 0.000000 1.000000 -0.000000 -0.000052 -0.000000 0.000000 1.000000 0.001503 0.000000 0.000000 0.000000 1.000000
1.000000 -0.000000 0.000000 0.107088 0.000000 1.000000 -0.000000 -0.000052 -0.000000 0.000000 1.000000 0.001503 0.000000 0.000000 0.000000 1.000000
1.000000 -0.000000 0.000000 0.107088 0.000000 1.000000 -0.000000 -0.000052 -0.000000 0.000000 1.000000 0.001503 0.000000 0.000000 0.000000 1.000000
1.000000 -0.000000 0.000000 0.107088 0.000000 1.000000 -0.000000 -0.000052 -0.000000 0.000000 1.000000 0.001503 0.000000 0.000000 0.000000 1.000000</float_array>
     <technique_common>
      <accessor source="#jnt_right_handindex4-Matrix-animation-output-transform-array" count="15" stride="16">
       <param type="float4x4"></param>
      </accessor>
     </technique_common>
    </source>
    <source id="jnt_right_handindex4-Interpolations">
     <Name_array id="jnt_right_handindex4-Interpolations-array" count="15">
 LINEAR LINEAR LINEAR LINEAR LINEAR LINEAR LINEAR LINEAR LINEAR LINEAR LINEAR
LINEAR LINEAR LINEAR LINEAR</Name_array>
     <technique_common>
      <accessor source="#jnt_right_handindex4-Interpolations-array" count="15">
       <param type="name"></param>
      </accessor>
     </technique_common>
    </source>
    <sampler id="jnt_right_handindex4-Matrix-animation-transform">
     <input semantic="INPUT" source="#jnt_right_handindex4-Matrix-animation-input"></input>
     <input semantic="OUTPUT" source="#jnt_right_handindex4-Matrix-animation-output-transform"></input>
     <input semantic="INTERPOLATION" source="#jnt_right_handindex4-Interpolations"></input>
    </sampler>
    <channel source="#jnt_right_handindex4-Matrix-animation-transform" target="jnt_right_handindex4/matrix"></channel>
   </animation>
  </animation>
  <animation id="jnt_right_weapon-anim" name="jnt_right_weapon">
   <animation>
    <source id="jnt_right_weapon-Matrix-animation-input">
     <float_array id="jnt_right_weapon-Matrix-animation-input-array" count="15">

0.000000 0.033333 0.066667 0.100000 0.133333 0.166667 0.200000 0.233333 0.266667 0.300000 0.333333 0.366667 0.400000 0.433333 0.466667</float_array>
     <technique_common>
      <accessor source="#jnt_right_weapon-Matrix-animation-input-array" count="15">
       <param name="TIME" type="float"></param>
      </accessor>
     </technique_common>
    </source>
    <source id="jnt_right_weapon-Matrix-animation-output-transform">
     <float_array id="jnt_right_weapon-Matrix-animation-output-transform-array" count="240">

0.662669 0.747914 0.038657 0.749518 0.126001 -0.060460 -0.990186 0.136329 -0.738237 0.661037 -0.134302 -0.477803 0.000000 0.000000 0.000000 1.000000
0.662669 0.747914 0.038657 0.749519 0.126001 -0.060460 -0.990186 0.136329 -0.738237 0.661037 -0.134302 -0.477803 0.000000 0.000000 0.000000 1.000000
0.662669 0.747914 0.038657 0.749519 0.126001 -0.060460 -0.990186 0.136329 -0.738237 0.661037 -0.134302 -0.477803 0.000000 0.000000 0.000000 1.000000
0.662669 0.747914 0.038657 0.749519 0.126001 -0.060460 -0.990186 0.136328 -0.738237 0.661037 -0.134302 -0.477803 0.000000 0.000000 0.000000 1.000000
0.662669 0.747914 0.038657 0.749519 0.126001 -0.060460 -0.990186 0.136329 -0.738237 0.661037 -0.134302 -0.477803 0.000000 0.000000 0.000000 1.000000
0.662669 0.747914 0.038657 0.749519 0.126001 -0.060460 -0.990186 0.136329 -0.738237 0.661037 -0.134302 -0.477803 0.000000 0.000000 0.000000 1.000000
0.662669 0.747914 0.038657 0.749519 0.126001 -0.060460 -0.990186 0.136329 -0.738237 0.661037 -0.134302 -0.477803 0.000000 0.000000 0.000000 1.000000
0.662669 0.747914 0.038657 0.749519 0.126001 -0.060460 -0.990186 0.136329 -0.738237 0.661037 -0.134302 -0.477803 0.000000 0.000000 0.000000 1.000000
0.662669 0.747914 0.038658 0.749519 0.126001 -0.060460 -0.990186 0.136329 -0.738237 0.661037 -0.134302 -0.477803 0.000000 0.000000 0.000000 1.000000
0.662669 0.747914 0.038657 0.749518 0.126001 -0.060460 -0.990186 0.136329 -0.738237 0.661037 -0.134302 -0.477803 0.000000 0.000000 0.000000 1.000000
0.662669 0.747914 0.038658 0.749519 0.126001 -0.060460 -0.990186 0.136329 -0.738237 0.661037 -0.134302 -0.477803 0.000000 0.000000 0.000000 1.000000
0.662669 0.747914 0.038657 0.749519 0.126001 -0.060460 -0.990186 0.136329 -0.738237 0.661037 -0.134302 -0.477802 0.000000 0.000000 0.000000 1.000000
0.662669 0.747914 0.038657 0.749519 0.126001 -0.060460 -0.990186 0.136329 -0.738237 0.661037 -0.134302 -0.477803 0.000000 0.000000 0.000000 1.000000
0.662669 0.747914 0.038657 0.749519 0.126001 -0.060460 -0.990186 0.136329 -0.738237 0.661037 -0.134302 -0.477803 0.000000 0.000000 0.000000 1.000000
0.662669 0.747914 0.038657 0.749519 0.126001 -0.060460 -0.990186 0.136329 -0.738237 0.661037 -0.134302 -0.477803 0.000000 0.000000 0.000000 1.000000</float_array>
     <technique_common>
      <accessor source="#jnt_right_weapon-Matrix-animation-output-transform-array" count="15" stride="16">
       <param type="float4x4"></param>
      </accessor>
     </technique_common>
    </source>
    <source id="jnt_right_weapon-Interpolations">
     <Name_array id="jnt_right_weapon-Interpolations-array" count="15">
 LINEAR LINEAR LINEAR LINEAR LINEAR LINEAR LINEAR LINEAR LINEAR LINEAR LINEAR
LINEAR LINEAR LINEAR LINEAR</Name_array>
     <technique_common>
      <accessor source="#jnt_right_weapon-Interpolations-array" count="15">
       <param type="name"></param>
      </accessor>
     </technique_common>
    </source>
    <sampler id="jnt_right_weapon-Matrix-animation-transform">
     <input semantic="INPUT" source="#jnt_right_weapon-Matrix-animation-input"></input>
     <input semantic="OUTPUT" source="#jnt_right_weapon-Matrix-animation-output-transform"></input>
     <input semantic="INTERPOLATION" source="#jnt_right_weapon-Interpolations"></input>
    </sampler>
    <channel source="#jnt_right_weapon-Matrix-animation-transform" target="jnt_right_weapon/matrix"></channel>
   </animation>
  </animation>
  <animation id="jnt_right_handmiddle1-anim" name="jnt_right_handmiddle1">
   <animation>
    <source id="jnt_right_handmiddle1-Matrix-animation-input">
     <float_array id="jnt_right_handmiddle1-Matrix-animation-input-array" count="15">

0.000000 0.033333 0.066667 0.100000 0.133333 0.166667 0.200000 0.233333 0.266667 0.300000 0.333333 0.366667 0.400000 0.433333 0.466667</float_array>
     <technique_common>
      <accessor source="#jnt_right_handmiddle1-Matrix-animation-input-array" count="15">
       <param name="TIME" type="float"></param>
      </accessor>
     </technique_common>
    </source>
    <source id="jnt_right_handmiddle1-Matrix-animation-output-transform">
     <float_array id="jnt_right_handmiddle1-Matrix-animation-output-transform-array" count="240">

0.695592 0.718214 0.017903 0.489245 0.076091 -0.048870 -0.995903 0.062066 -0.714396 0.694105 -0.088644 0.036303 0.000000 0.000000 0.000000 1.000000
0.695593 0.718214 0.017903 0.489245 0.076091 -0.048870 -0.995903 0.062066 -0.714396 0.694104 -0.088644 0.036302 0.000000 0.000000 0.000000 1.000000
0.695592 0.718214 0.017903 0.489245 0.076091 -0.048870 -0.995902 0.062066 -0.714396 0.694104 -0.088643 0.036303 0.000000 0.000000 0.000000 1.000000
0.695592 0.718214 0.017902 0.489245 0.076091 -0.048871 -0.995902 0.062065 -0.714396 0.694104 -0.088644 0.036303 0.000000 0.000000 0.000000 1.000000
0.695592 0.718214 0.017903 0.489245 0.076091 -0.048870 -0.995902 0.062066 -0.714396 0.694105 -0.088643 0.036302 0.000000 0.000000 0.000000 1.000000
0.695592 0.718214 0.017903 0.489245 0.076091 -0.048870 -0.995903 0.062066 -0.714396 0.694105 -0.088644 0.036302 0.000000 0.000000 0.000000 1.000000
0.695592 0.718213 0.017902 0.489244 0.076091 -0.048870 -0.995903 0.062066 -0.714396 0.694104 -0.088644 0.036302 0.000000 0.000000 0.000000 1.000000
0.695592 0.718214 0.017902 0.489245 0.076091 -0.048870 -0.995902 0.062066 -0.714396 0.694104 -0.088644 0.036303 0.000000 0.000000 0.000000 1.000000
0.695593 0.718214 0.017903 0.489245 0.076091 -0.048870 -0.995902 0.062066 -0.714396 0.694105 -0.088644 0.036303 0.000000 0.000000 0.000000 1.000000
0.695593 0.718213 0.017902 0.489245 0.076091 -0.048871 -0.995903 0.062066 -0.714396 0.694104 -0.088644 0.036302 0.000000 0.000000 0.000000 1.000000
0.695592 0.718213 0.017903 0.489246 0.076091 -0.048870 -0.995902 0.062066 -0.714396 0.694104 -0.088644 0.036303 0.000000 0.000000 0.000000 1.000000
0.695593 0.718213 0.017902 0.489246 0.076091 -0.048870 -0.995902 0.062066 -0.714396 0.694105 -0.088644 0.036304 0.000000 0.000000 0.000000 1.000000
0.695592 0.718214 0.017903 0.489246 0.076091 -0.048870 -0.995903 0.062066 -0.714396 0.694104 -0.088644 0.036303 0.000000 0.000000 0.000000 1.000000
0.695592 0.718214 0.017902 0.489245 0.076091 -0.048870 -0.995902 0.062066 -0.714396 0.694105 -0.088644 0.036303 0.000000 0.000000 0.000000 1.000000
0.695592 0.718214 0.017902 0.489245 0.076091 -0.048870 -0.995902 0.062066 -0.714396 0.694105 -0.088644 0.036303 0.000000 0.000000 0.000000 1.000000</float_array>
     <technique_common>
      <accessor source="#jnt_right_handmiddle1-Matrix-animation-output-transform-array" count="15" stride="16">
       <param type="float4x4"></param>
      </accessor>
     </technique_common>
    </source>
    <source id="jnt_right_handmiddle1-Interpolations">
     <Name_array id="jnt_right_handmiddle1-Interpolations-array" count="15">
 LINEAR LINEAR LINEAR LINEAR LINEAR LINEAR LINEAR LINEAR LINEAR LINEAR LINEAR
LINEAR LINEAR LINEAR LINEAR</Name_array>
     <technique_common>
      <accessor source="#jnt_right_handmiddle1-Interpolations-array" count="15">
       <param type="name"></param>
      </accessor>
     </technique_common>
    </source>
    <sampler id="jnt_right_handmiddle1-Matrix-animation-transform">
     <input semantic="INPUT" source="#jnt_right_handmiddle1-Matrix-animation-input"></input>
     <input semantic="OUTPUT" source="#jnt_right_handmiddle1-Matrix-animation-output-transform"></input>
     <input semantic="INTERPOLATION" source="#jnt_right_handmiddle1-Interpolations"></input>
    </sampler>
    <channel source="#jnt_right_handmiddle1-Matrix-animation-transform" target="jnt_right_handmiddle1/matrix"></channel>
   </animation>
  </animation>
  <animation id="jnt_right_handmiddle2-anim" name="jnt_right_handmiddle2">
   <animation>
    <source id="jnt_right_handmiddle2-Matrix-animation-input">
     <float_array id="jnt_right_handmiddle2-Matrix-animation-input-array" count="15">

0.000000 0.033333 0.066667 0.100000 0.133333 0.166667 0.200000 0.233333 0.266667 0.300000 0.333333 0.366667 0.400000 0.433333 0.466667</float_array>
     <technique_common>
      <accessor source="#jnt_right_handmiddle2-Matrix-animation-input-array" count="15">
       <param name="TIME" type="float"></param>
      </accessor>
     </technique_common>
    </source>
    <source id="jnt_right_handmiddle2-Matrix-animation-output-transform">
     <float_array id="jnt_right_handmiddle2-Matrix-animation-output-transform-array" count="240">

0.938547 0.345151 -0.000000 0.176685 -0.345151 0.938547 -0.000000 -0.000000 0.000000 0.000000 1.000000 0.000000 0.000000 0.000000 0.000000 1.000000
0.938547 0.345151 -0.000000 0.176685 -0.345152 0.938547 -0.000000 0.000001 0.000000 0.000000 1.000000 -0.000000 0.000000 0.000000 0.000000 1.000000
0.938547 0.345151 -0.000000 0.176685 -0.345151 0.938547 -0.000000 0.000000 0.000000 0.000000 1.000000 -0.000000 0.000000 0.000000 0.000000 1.000000
0.938547 0.345151 -0.000000 0.176685 -0.345151 0.938547 -0.000000 0.000000 0.000000 0.000000 1.000000 0.000000 0.000000 0.000000 0.000000 1.000000
0.938547 0.345152 -0.000000 0.176686 -0.345151 0.938547 -0.000000 0.000001 0.000000 0.000000 1.000000 -0.000001 0.000000 0.000000 0.000000 1.000000
0.938547 0.345151 -0.000000 0.176685 -0.345151 0.938547 -0.000000 0.000001 0.000000 0.000000 1.000000 0.000000 0.000000 0.000000 0.000000 1.000000
0.938547 0.345151 -0.000000 0.176686 -0.345151 0.938547 -0.000000 0.000001 0.000000 0.000000 1.000000 -0.000000 0.000000 0.000000 0.000000 1.000000
0.938547 0.345151 -0.000000 0.176685 -0.345151 0.938547 -0.000000 0.000002 0.000000 0.000000 1.000000 0.000000 0.000000 0.000000 0.000000 1.000000
0.938547 0.345152 -0.000000 0.176685 -0.345152 0.938547 -0.000000 0.000000 0.000000 0.000000 1.000000 0.000000 0.000000 0.000000 0.000000 1.000000
0.938547 0.345151 -0.000000 0.176685 -0.345151 0.938547 -0.000000 0.000001 0.000000 0.000000 1.000000 0.000000 0.000000 0.000000 0.000000 1.000000
0.938547 0.345152 -0.000000 0.176686 -0.345152 0.938547 -0.000000 0.000002 0.000000 0.000000 1.000000 -0.000000 0.000000 0.000000 0.000000 1.000000
0.938547 0.345151 -0.000000 0.176686 -0.345151 0.938547 -0.000000 0.000001 0.000000 0.000000 1.000000 0.000000 0.000000 0.000000 0.000000 1.000000
0.938547 0.345151 -0.000000 0.176685 -0.345151 0.938547 -0.000000 0.000000 0.000000 0.000000 1.000000 -0.000000 0.000000 0.000000 0.000000 1.000000
0.938547 0.345151 -0.000000 0.176685 -0.345151 0.938547 -0.000000 -0.000001 0.000000 0.000000 1.000000 0.000000 0.000000 0.000000 0.000000 1.000000
0.938547 0.345151 -0.000000 0.176685 -0.345151 0.938547 -0.000000 -0.000001 0.000000 0.000000 1.000000 0.000000 0.000000 0.000000 0.000000 1.000000</float_array>
     <technique_common>
      <accessor source="#jnt_right_handmiddle2-Matrix-animation-output-transform-array" count="15" stride="16">
       <param type="float4x4"></param>
      </accessor>
     </technique_common>
    </source>
    <source id="jnt_right_handmiddle2-Interpolations">
     <Name_array id="jnt_right_handmiddle2-Interpolations-array" count="15">
 LINEAR LINEAR LINEAR LINEAR LINEAR LINEAR LINEAR LINEAR LINEAR LINEAR LINEAR
LINEAR LINEAR LINEAR LINEAR</Name_array>
     <technique_common>
      <accessor source="#jnt_right_handmiddle2-Interpolations-array" count="15">
       <param type="name"></param>
      </accessor>
     </technique_common>
    </source>
    <sampler id="jnt_right_handmiddle2-Matrix-animation-transform">
     <input semantic="INPUT" source="#jnt_right_handmiddle2-Matrix-animation-input"></input>
     <input semantic="OUTPUT" source="#jnt_right_handmiddle2-Matrix-animation-output-transform"></input>
     <input semantic="INTERPOLATION" source="#jnt_right_handmiddle2-Interpolations"></input>
    </sampler>
    <channel source="#jnt_right_handmiddle2-Matrix-animation-transform" target="jnt_right_handmiddle2/matrix"></channel>
   </animation>
  </animation>
  <animation id="jnt_right_handmiddle3-anim" name="jnt_right_handmiddle3">
   <animation>
    <source id="jnt_right_handmiddle3-Matrix-animation-input">
     <float_array id="jnt_right_handmiddle3-Matrix-animation-input-array" count="15">

0.000000 0.033333 0.066667 0.100000 0.133333 0.166667 0.200000 0.233333 0.266667 0.300000 0.333333 0.366667 0.400000 0.433333 0.466667</float_array>
     <technique_common>
      <accessor source="#jnt_right_handmiddle3-Matrix-animation-input-array" count="15">
       <param name="TIME" type="float"></param>
      </accessor>
     </technique_common>
    </source>
    <source id="jnt_right_handmiddle3-Matrix-animation-output-transform">
     <float_array id="jnt_right_handmiddle3-Matrix-animation-output-transform-array" count="240">

0.991410 0.130790 -0.000000 0.108374 -0.130790 0.991410 0.000000 0.000001 0.000000 -0.000000 1.000000 -0.000000 0.000000 0.000000 0.000000 1.000000
0.991410 0.130790 -0.000000 0.108374 -0.130790 0.991410 0.000000 0.000000 0.000000 -0.000000 1.000000 -0.000001 0.000000 0.000000 0.000000 1.000000
0.991410 0.130790 -0.000000 0.108374 -0.130790 0.991410 0.000000 -0.000000 0.000000 -0.000000 1.000000 -0.000000 0.000000 0.000000 0.000000 1.000000
0.991410 0.130790 0.000000 0.108374 -0.130790 0.991410 0.000000 0.000000 0.000000 -0.000000 1.000000 -0.000000 0.000000 0.000000 0.000000 1.000000
0.991410 0.130790 0.000000 0.108374 -0.130790 0.991410 0.000000 0.000000 0.000000 -0.000000 1.000000 0.000000 0.000000 0.000000 0.000000 1.000000
0.991410 0.130790 -0.000000 0.108374 -0.130790 0.991410 0.000000 0.000001 0.000000 -0.000000 1.000000 -0.000000 0.000000 0.000000 0.000000 1.000000
0.991410 0.130790 -0.000000 0.108374 -0.130790 0.991410 0.000000 0.000001 0.000000 -0.000000 1.000000 0.000000 0.000000 0.000000 0.000000 1.000000
0.991410 0.130790 -0.000000 0.108374 -0.130790 0.991410 0.000000 0.000000 0.000000 -0.000000 1.000000 0.000000 0.000000 0.000000 0.000000 1.000000
0.991410 0.130790 -0.000000 0.108374 -0.130790 0.991410 0.000000 0.000002 0.000000 -0.000000 1.000000 -0.000000 0.000000 0.000000 0.000000 1.000000
0.991410 0.130790 -0.000000 0.108375 -0.130790 0.991410 0.000000 -0.000000 0.000000 -0.000000 1.000000 0.000000 0.000000 0.000000 0.000000 1.000000
0.991410 0.130790 -0.000000 0.108374 -0.130790 0.991410 0.000000 0.000002 0.000000 -0.000000 1.000000 -0.000000 0.000000 0.000000 0.000000 1.000000
0.991410 0.130790 -0.000000 0.108374 -0.130790 0.991410 0.000000 0.000000 0.000000 -0.000000 1.000000 -0.000000 0.000000 0.000000 0.000000 1.000000
0.991410 0.130790 -0.000000 0.108374 -0.130790 0.991410 0.000000 0.000002 0.000000 -0.000000 1.000000 -0.000000 0.000000 0.000000 0.000000 1.000000
0.991410 0.130790 -0.000000 0.108374 -0.130790 0.991410 0.000000 -0.000001 0.000000 -0.000000 1.000000 -0.000000 0.000000 0.000000 0.000000 1.000000
0.991410 0.130790 -0.000000 0.108374 -0.130790 0.991410 0.000000 -0.000001 0.000000 -0.000000 1.000000 -0.000000 0.000000 0.000000 0.000000 1.000000</float_array>
     <technique_common>
      <accessor source="#jnt_right_handmiddle3-Matrix-animation-output-transform-array" count="15" stride="16">
       <param type="float4x4"></param>
      </accessor>
     </technique_common>
    </source>
    <source id="jnt_right_handmiddle3-Interpolations">
     <Name_array id="jnt_right_handmiddle3-Interpolations-array" count="15">
 LINEAR LINEAR LINEAR LINEAR LINEAR LINEAR LINEAR LINEAR LINEAR LINEAR LINEAR
LINEAR LINEAR LINEAR LINEAR</Name_array>
     <technique_common>
      <accessor source="#jnt_right_handmiddle3-Interpolations-array" count="15">
       <param type="name"></param>
      </accessor>
     </technique_common>
    </source>
    <sampler id="jnt_right_handmiddle3-Matrix-animation-transform">
     <input semantic="INPUT" source="#jnt_right_handmiddle3-Matrix-animation-input"></input>
     <input semantic="OUTPUT" source="#jnt_right_handmiddle3-Matrix-animation-output-transform"></input>
     <input semantic="INTERPOLATION" source="#jnt_right_handmiddle3-Interpolations"></input>
    </sampler>
    <channel source="#jnt_right_handmiddle3-Matrix-animation-transform" target="jnt_right_handmiddle3/matrix"></channel>
   </animation>
  </animation>
  <animation id="jnt_right_handmiddle4-anim" name="jnt_right_handmiddle4">
   <animation>
    <source id="jnt_right_handmiddle4-Matrix-animation-input">
     <float_array id="jnt_right_handmiddle4-Matrix-animation-input-array" count="15">

0.000000 0.033333 0.066667 0.100000 0.133333 0.166667 0.200000 0.233333 0.266667 0.300000 0.333333 0.366667 0.400000 0.433333 0.466667</float_array>
     <technique_common>
      <accessor source="#jnt_right_handmiddle4-Matrix-animation-input-array" count="15">
       <param name="TIME" type="float"></param>
      </accessor>
     </technique_common>
    </source>
    <source id="jnt_right_handmiddle4-Matrix-animation-output-transform">
     <float_array id="jnt_right_handmiddle4-Matrix-animation-output-transform-array" count="240">

1.000000 0.000000 0.000000 0.119191 -0.000000 1.000000 0.000000 0.000105 -0.000000 -0.000000 1.000000 -0.000005 0.000000 0.000000 0.000000 1.000000
1.000000 0.000000 -0.000000 0.119191 -0.000000 1.000000 -0.000000 0.000105 0.000000 0.000000 1.000000 -0.000005 0.000000 0.000000 0.000000 1.000000
1.000000 0.000000 0.000000 0.119191 -0.000000 1.000000 -0.000000 0.000105 -0.000000 0.000000 1.000000 -0.000005 0.000000 0.000000 0.000000 1.000000
1.000000 0.000000 -0.000000 0.119191 -0.000000 1.000000 -0.000000 0.000105 0.000000 0.000000 1.000000 -0.000005 0.000000 0.000000 0.000000 1.000000
1.000000 0.000000 -0.000000 0.119191 -0.000000 1.000000 0.000000 0.000105 0.000000 -0.000000 1.000000 -0.000005 0.000000 0.000000 0.000000 1.000000
1.000000 0.000000 -0.000000 0.119191 -0.000000 1.000000 -0.000000 0.000105 0.000000 0.000000 1.000000 -0.000005 0.000000 0.000000 0.000000 1.000000
1.000000 0.000000 -0.000000 0.119191 -0.000000 1.000000 -0.000000 0.000105 0.000000 0.000000 1.000000 -0.000005 0.000000 0.000000 0.000000 1.000000
1.000000 0.000000 0.000000 0.119191 -0.000000 1.000000 -0.000000 0.000105 -0.000000 0.000000 1.000000 -0.000005 0.000000 0.000000 0.000000 1.000000
1.000000 0.000000 -0.000000 0.119191 -0.000000 1.000000 0.000000 0.000105 0.000000 -0.000000 1.000000 -0.000005 0.000000 0.000000 0.000000 1.000000
1.000000 0.000000 -0.000000 0.119191 -0.000000 1.000000 0.000000 0.000105 0.000000 -0.000000 1.000000 -0.000005 0.000000 0.000000 0.000000 1.000000
1.000000 0.000000 -0.000000 0.119191 -0.000000 1.000000 0.000000 0.000105 0.000000 -0.000000 1.000000 -0.000005 0.000000 0.000000 0.000000 1.000000
1.000000 0.000000 0.000000 0.119191 -0.000000 1.000000 0.000000 0.000105 -0.000000 -0.000000 1.000000 -0.000005 0.000000 0.000000 0.000000 1.000000
1.000000 0.000000 0.000000 0.119191 -0.000000 1.000000 0.000000 0.000105 -0.000000 -0.000000 1.000000 -0.000005 0.000000 0.000000 0.000000 1.000000
1.000000 0.000000 0.000000 0.119191 -0.000000 1.000000 0.000000 0.000106 -0.000000 -0.000000 1.000000 -0.000005 0.000000 0.000000 0.000000 1.000000
1.000000 0.000000 0.000000 0.119191 -0.000000 1.000000 0.000000 0.000106 -0.000000 -0.000000 1.000000 -0.000005 0.000000 0.000000 0.000000 1.000000</float_array>
     <technique_common>
      <accessor source="#jnt_right_handmiddle4-Matrix-animation-output-transform-array" count="15" stride="16">
       <param type="float4x4"></param>
      </accessor>
     </technique_common>
    </source>
    <source id="jnt_right_handmiddle4-Interpolations">
     <Name_array id="jnt_right_handmiddle4-Interpolations-array" count="15">
 LINEAR LINEAR LINEAR LINEAR LINEAR LINEAR LINEAR LINEAR LINEAR LINEAR LINEAR
LINEAR LINEAR LINEAR LINEAR</Name_array>
     <technique_common>
      <accessor source="#jnt_right_handmiddle4-Interpolations-array" count="15">
       <param type="name"></param>
      </accessor>
     </technique_common>
    </source>
    <sampler id="jnt_right_handmiddle4-Matrix-animation-transform">
     <input semantic="INPUT" source="#jnt_right_handmiddle4-Matrix-animation-input"></input>
     <input semantic="OUTPUT" source="#jnt_right_handmiddle4-Matrix-animation-output-transform"></input>
     <input semantic="INTERPOLATION" source="#jnt_right_handmiddle4-Interpolations"></input>
    </sampler>
    <channel source="#jnt_right_handmiddle4-Matrix-animation-transform" target="jnt_right_handmiddle4/matrix"></channel>
   </animation>
  </animation>
  <animation id="jnt_right_handring1-anim" name="jnt_right_handring1">
   <animation>
    <source id="jnt_right_handring1-Matrix-animation-input">
     <float_array id="jnt_right_handring1-Matrix-animation-input-array" count="15">

0.000000 0.033333 0.066667 0.100000 0.133333 0.166667 0.200000 0.233333 0.266667 0.300000 0.333333 0.366667 0.400000 0.433333 0.466667</float_array>
     <technique_common>
      <accessor source="#jnt_right_handring1-Matrix-animation-input-array" count="15">
       <param name="TIME" type="float"></param>
      </accessor>
     </technique_common>
    </source>
    <source id="jnt_right_handring1-Matrix-animation-output-transform">
     <float_array id="jnt_right_handring1-Matrix-animation-output-transform-array" count="240">

0.696140 0.698819 -0.164442 0.469962 -0.022725 -0.207492 -0.977973 -0.076798 -0.717547 0.684543 -0.128563 0.036645 0.000000 0.000000 0.000000 1.000000
0.696140 0.698819 -0.164441 0.469962 -0.022725 -0.207492 -0.977973 -0.076798 -0.717547 0.684543 -0.128562 0.036646 0.000000 0.000000 0.000000 1.000000
0.696140 0.698820 -0.164442 0.469963 -0.022725 -0.207492 -0.977973 -0.076798 -0.717547 0.684543 -0.128562 0.036646 0.000000 0.000000 0.000000 1.000000
0.696140 0.698820 -0.164441 0.469963 -0.022725 -0.207492 -0.977973 -0.076798 -0.717547 0.684543 -0.128562 0.036646 0.000000 0.000000 0.000000 1.000000
0.696140 0.698819 -0.164441 0.469963 -0.022725 -0.207492 -0.977973 -0.076798 -0.717547 0.684543 -0.128562 0.036646 0.000000 0.000000 0.000000 1.000000
0.696140 0.698819 -0.164441 0.469962 -0.022725 -0.207492 -0.977973 -0.076798 -0.717547 0.684543 -0.128562 0.036645 0.000000 0.000000 0.000000 1.000000
0.696140 0.698819 -0.164442 0.469962 -0.022725 -0.207492 -0.977973 -0.076798 -0.717547 0.684543 -0.128562 0.036646 0.000000 0.000000 0.000000 1.000000
0.696140 0.698819 -0.164441 0.469961 -0.022725 -0.207492 -0.977973 -0.076798 -0.717547 0.684543 -0.128562 0.036645 0.000000 0.000000 0.000000 1.000000
0.696140 0.698819 -0.164441 0.469961 -0.022725 -0.207492 -0.977973 -0.076798 -0.717547 0.684543 -0.128562 0.036645 0.000000 0.000000 0.000000 1.000000
0.696140 0.698819 -0.164442 0.469962 -0.022725 -0.207492 -0.977973 -0.076798 -0.717547 0.684542 -0.128562 0.036645 0.000000 0.000000 0.000000 1.000000
0.696140 0.698820 -0.164442 0.469962 -0.022725 -0.207492 -0.977973 -0.076798 -0.717547 0.684543 -0.128562 0.036645 0.000000 0.000000 0.000000 1.000000
0.696140 0.698819 -0.164441 0.469962 -0.022725 -0.207492 -0.977973 -0.076798 -0.717546 0.684543 -0.128562 0.036646 0.000000 0.000000 0.000000 1.000000
0.696140 0.698819 -0.164441 0.469962 -0.022725 -0.207492 -0.977973 -0.076798 -0.717547 0.684543 -0.128562 0.036646 0.000000 0.000000 0.000000 1.000000
0.696140 0.698819 -0.164442 0.469963 -0.022725 -0.207492 -0.977973 -0.076798 -0.717547 0.684543 -0.128562 0.036647 0.000000 0.000000 0.000000 1.000000
0.696140 0.698819 -0.164442 0.469963 -0.022725 -0.207492 -0.977973 -0.076798 -0.717547 0.684543 -0.128562 0.036647 0.000000 0.000000 0.000000 1.000000</float_array>
     <technique_common>
      <accessor source="#jnt_right_handring1-Matrix-animation-output-transform-array" count="15" stride="16">
       <param type="float4x4"></param>
      </accessor>
     </technique_common>
    </source>
    <source id="jnt_right_handring1-Interpolations">
     <Name_array id="jnt_right_handring1-Interpolations-array" count="15">
 LINEAR LINEAR LINEAR LINEAR LINEAR LINEAR LINEAR LINEAR LINEAR LINEAR LINEAR
LINEAR LINEAR LINEAR LINEAR</Name_array>
     <technique_common>
      <accessor source="#jnt_right_handring1-Interpolations-array" count="15">
       <param type="name"></param>
      </accessor>
     </technique_common>
    </source>
    <sampler id="jnt_right_handring1-Matrix-animation-transform">
     <input semantic="INPUT" source="#jnt_right_handring1-Matrix-animation-input"></input>
     <input semantic="OUTPUT" source="#jnt_right_handring1-Matrix-animation-output-transform"></input>
     <input semantic="INTERPOLATION" source="#jnt_right_handring1-Interpolations"></input>
    </sampler>
    <channel source="#jnt_right_handring1-Matrix-animation-transform" target="jnt_right_handring1/matrix"></channel>
   </animation>
  </animation>
  <animation id="jnt_right_handring2-anim" name="jnt_right_handring2">
   <animation>
    <source id="jnt_right_handring2-Matrix-animation-input">
     <float_array id="jnt_right_handring2-Matrix-animation-input-array" count="15">

0.000000 0.033333 0.066667 0.100000 0.133333 0.166667 0.200000 0.233333 0.266667 0.300000 0.333333 0.366667 0.400000 0.433333 0.466667</float_array>
     <technique_common>
      <accessor source="#jnt_right_handring2-Matrix-animation-input-array" count="15">
       <param name="TIME" type="float"></param>
      </accessor>
     </technique_common>
    </source>
    <source id="jnt_right_handring2-Matrix-animation-output-transform">
     <float_array id="jnt_right_handring2-Matrix-animation-output-transform-array" count="240">

0.933806 0.357780 -0.000001 0.184241 -0.357780 0.933806 -0.000001 0.000001 0.000000 0.000001 1.000000 0.000000 0.000000 0.000000 0.000000 1.000000
0.933806 0.357780 -0.000001 0.184241 -0.357780 0.933806 -0.000001 0.000000 0.000000 0.000001 1.000000 -0.000001 0.000000 0.000000 0.000000 1.000000
0.933806 0.357780 -0.000001 0.184241 -0.357780 0.933806 -0.000001 0.000001 0.000000 0.000001 1.000000 0.000000 0.000000 0.000000 0.000000 1.000000
0.933806 0.357780 -0.000001 0.184241 -0.357780 0.933806 -0.000001 0.000000 0.000000 0.000001 1.000000 -0.000001 0.000000 0.000000 0.000000 1.000000
0.933806 0.357780 -0.000001 0.184241 -0.357780 0.933806 -0.000001 -0.000001 0.000000 0.000001 1.000000 0.000000 0.000000 0.000000 0.000000 1.000000
0.933806 0.357780 -0.000001 0.184241 -0.357780 0.933806 -0.000001 0.000000 0.000000 0.000001 1.000000 -0.000000 0.000000 0.000000 0.000000 1.000000
0.933806 0.357780 -0.000001 0.184241 -0.357780 0.933806 -0.000001 0.000001 0.000000 0.000001 1.000000 0.000000 0.000000 0.000000 0.000000 1.000000
0.933806 0.357780 -0.000001 0.184241 -0.357780 0.933806 -0.000001 0.000000 0.000000 0.000001 1.000000 0.000000 0.000000 0.000000 0.000000 1.000000
0.933806 0.357780 -0.000001 0.184241 -0.357780 0.933806 -0.000001 0.000002 0.000000 0.000001 1.000000 0.000000 0.000000 0.000000 0.000000 1.000000
0.933806 0.357780 -0.000001 0.184241 -0.357780 0.933806 -0.000001 -0.000000 0.000000 0.000001 1.000000 0.000000 0.000000 0.000000 0.000000 1.000000
0.933806 0.357780 -0.000001 0.184241 -0.357780 0.933806 -0.000001 -0.000000 0.000000 0.000001 1.000000 -0.000000 0.000000 0.000000 0.000000 1.000000
0.933806 0.357780 -0.000001 0.184241 -0.357780 0.933806 -0.000001 0.000000 0.000000 0.000001 1.000000 0.000000 0.000000 0.000000 0.000000 1.000000
0.933806 0.357780 -0.000001 0.184241 -0.357780 0.933806 -0.000001 0.000002 0.000000 0.000001 1.000000 0.000000 0.000000 0.000000 0.000000 1.000000
0.933806 0.357780 -0.000001 0.184241 -0.357780 0.933806 -0.000001 0.000000 0.000000 0.000001 1.000000 0.000000 0.000000 0.000000 0.000000 1.000000
0.933806 0.357780 -0.000001 0.184241 -0.357780 0.933806 -0.000001 0.000000 0.000000 0.000001 1.000000 0.000000 0.000000 0.000000 0.000000 1.000000</float_array>
     <technique_common>
      <accessor source="#jnt_right_handring2-Matrix-animation-output-transform-array" count="15" stride="16">
       <param type="float4x4"></param>
      </accessor>
     </technique_common>
    </source>
    <source id="jnt_right_handring2-Interpolations">
     <Name_array id="jnt_right_handring2-Interpolations-array" count="15">
 LINEAR LINEAR LINEAR LINEAR LINEAR LINEAR LINEAR LINEAR LINEAR LINEAR LINEAR
LINEAR LINEAR LINEAR LINEAR</Name_array>
     <technique_common>
      <accessor source="#jnt_right_handring2-Interpolations-array" count="15">
       <param type="name"></param>
      </accessor>
     </technique_common>
    </source>
    <sampler id="jnt_right_handring2-Matrix-animation-transform">
     <input semantic="INPUT" source="#jnt_right_handring2-Matrix-animation-input"></input>
     <input semantic="OUTPUT" source="#jnt_right_handring2-Matrix-animation-output-transform"></input>
     <input semantic="INTERPOLATION" source="#jnt_right_handring2-Interpolations"></input>
    </sampler>
    <channel source="#jnt_right_handring2-Matrix-animation-transform" target="jnt_right_handring2/matrix"></channel>
   </animation>
  </animation>
  <animation id="jnt_right_handring3-anim" name="jnt_right_handring3">
   <animation>
    <source id="jnt_right_handring3-Matrix-animation-input">
     <float_array id="jnt_right_handring3-Matrix-animation-input-array" count="15">

0.000000 0.033333 0.066667 0.100000 0.133333 0.166667 0.200000 0.233333 0.266667 0.300000 0.333333 0.366667 0.400000 0.433333 0.466667</float_array>
     <technique_common>
      <accessor source="#jnt_right_handring3-Matrix-animation-input-array" count="15">
       <param name="TIME" type="float"></param>
      </accessor>
     </technique_common>
    </source>
    <source id="jnt_right_handring3-Matrix-animation-output-transform">
     <float_array id="jnt_right_handring3-Matrix-animation-output-transform-array" count="240">

0.991829 0.127574 0.000000 0.103951 -0.127574 0.991829 0.000001 0.000001 0.000000 -0.000001 1.000000 0.000000 0.000000 0.000000 0.000000 1.000000
0.991829 0.127574 0.000000 0.103951 -0.127574 0.991829 0.000001 0.000001 0.000000 -0.000001 1.000000 -0.000001 0.000000 0.000000 0.000000 1.000000
0.991829 0.127574 0.000000 0.103951 -0.127574 0.991829 0.000001 0.000001 0.000000 -0.000001 1.000000 0.000000 0.000000 0.000000 0.000000 1.000000
0.991829 0.127574 0.000000 0.103951 -0.127574 0.991829 0.000001 0.000001 0.000000 -0.000001 1.000000 -0.000001 0.000000 0.000000 0.000000 1.000000
0.991829 0.127574 0.000000 0.103951 -0.127574 0.991829 0.000001 0.000001 0.000000 -0.000001 1.000000 -0.000000 0.000000 0.000000 0.000000 1.000000
0.991829 0.127574 0.000000 0.103951 -0.127574 0.991829 0.000001 0.000001 0.000000 -0.000001 1.000000 0.000001 0.000000 0.000000 0.000000 1.000000
0.991829 0.127574 0.000000 0.103951 -0.127574 0.991829 0.000001 0.000001 0.000000 -0.000001 1.000000 -0.000000 0.000000 0.000000 0.000000 1.000000
0.991829 0.127574 0.000000 0.103951 -0.127574 0.991829 0.000001 0.000001 0.000000 -0.000001 1.000000 -0.000000 0.000000 0.000000 0.000000 1.000000
0.991829 0.127574 0.000000 0.103952 -0.127574 0.991829 0.000001 0.000001 0.000000 -0.000001 1.000000 0.000000 0.000000 0.000000 0.000000 1.000000
0.991829 0.127574 0.000000 0.103951 -0.127574 0.991829 0.000001 0.000001 0.000000 -0.000001 1.000000 -0.000000 0.000000 0.000000 0.000000 1.000000
0.991829 0.127574 0.000000 0.103951 -0.127574 0.991829 0.000001 0.000003 0.000000 -0.000001 1.000000 -0.000000 0.000000 0.000000 0.000000 1.000000
0.991829 0.127574 0.000000 0.103951 -0.127574 0.991829 0.000001 0.000001 0.000000 -0.000001 1.000000 0.000000 0.000000 0.000000 0.000000 1.000000
0.991829 0.127574 0.000000 0.103951 -0.127574 0.991829 0.000001 0.000001 0.000000 -0.000001 1.000000 -0.000000 0.000000 0.000000 0.000000 1.000000
0.991829 0.127574 0.000000 0.103951 -0.127574 0.991829 0.000001 0.000000 0.000000 -0.000001 1.000000 0.000000 0.000000 0.000000 0.000000 1.000000
0.991829 0.127574 0.000000 0.103951 -0.127574 0.991829 0.000001 0.000000 0.000000 -0.000001 1.000000 0.000000 0.000000 0.000000 0.000000 1.000000</float_array>
     <technique_common>
      <accessor source="#jnt_right_handring3-Matrix-animation-output-transform-array" count="15" stride="16">
       <param type="float4x4"></param>
      </accessor>
     </technique_common>
    </source>
    <source id="jnt_right_handring3-Interpolations">
     <Name_array id="jnt_right_handring3-Interpolations-array" count="15">
 LINEAR LINEAR LINEAR LINEAR LINEAR LINEAR LINEAR LINEAR LINEAR LINEAR LINEAR
LINEAR LINEAR LINEAR LINEAR</Name_array>
     <technique_common>
      <accessor source="#jnt_right_handring3-Interpolations-array" count="15">
       <param type="name"></param>
      </accessor>
     </technique_common>
    </source>
    <sampler id="jnt_right_handring3-Matrix-animation-transform">
     <input semantic="INPUT" source="#jnt_right_handring3-Matrix-animation-input"></input>
     <input semantic="OUTPUT" source="#jnt_right_handring3-Matrix-animation-output-transform"></input>
     <input semantic="INTERPOLATION" source="#jnt_right_handring3-Interpolations"></input>
    </sampler>
    <channel source="#jnt_right_handring3-Matrix-animation-transform" target="jnt_right_handring3/matrix"></channel>
   </animation>
  </animation>
  <animation id="jnt_right_handring4-anim" name="jnt_right_handring4">
   <animation>
    <source id="jnt_right_handring4-Matrix-animation-input">
     <float_array id="jnt_right_handring4-Matrix-animation-input-array" count="15">

0.000000 0.033333 0.066667 0.100000 0.133333 0.166667 0.200000 0.233333 0.266667 0.300000 0.333333 0.366667 0.400000 0.433333 0.466667</float_array>
     <technique_common>
      <accessor source="#jnt_right_handring4-Matrix-animation-input-array" count="15">
       <param name="TIME" type="float"></param>
      </accessor>
     </technique_common>
    </source>
    <source id="jnt_right_handring4-Matrix-animation-output-transform">
     <float_array id="jnt_right_handring4-Matrix-animation-output-transform-array" count="240">

1.000000 0.000000 -0.000000 0.120247 -0.000000 1.000000 0.000000 0.000103 0.000000 -0.000000 1.000000 -0.000016 0.000000 0.000000 0.000000 1.000000
1.000000 -0.000000 -0.000000 0.120247 0.000000 1.000000 0.000000 0.000103 0.000000 -0.000000 1.000000 -0.000016 0.000000 0.000000 0.000000 1.000000
1.000000 0.000000 -0.000000 0.120247 -0.000000 1.000000 0.000000 0.000103 0.000000 -0.000000 1.000000 -0.000016 0.000000 0.000000 0.000000 1.000000
1.000000 -0.000000 0.000000 0.120247 0.000000 1.000000 0.000000 0.000103 -0.000000 -0.000000 1.000000 -0.000016 0.000000 0.000000 0.000000 1.000000
1.000000 -0.000000 0.000000 0.120247 0.000000 1.000000 0.000000 0.000103 -0.000000 -0.000000 1.000000 -0.000016 0.000000 0.000000 0.000000 1.000000
1.000000 -0.000000 0.000000 0.120247 0.000000 1.000000 0.000000 0.000103 -0.000000 -0.000000 1.000000 -0.000016 0.000000 0.000000 0.000000 1.000000
1.000000 -0.000000 0.000000 0.120247 0.000000 1.000000 0.000000 0.000103 -0.000000 -0.000000 1.000000 -0.000016 0.000000 0.000000 0.000000 1.000000
1.000000 -0.000000 -0.000000 0.120247 0.000000 1.000000 0.000000 0.000103 0.000000 -0.000000 1.000000 -0.000016 0.000000 0.000000 0.000000 1.000000
1.000000 0.000000 0.000000 0.120247 -0.000000 1.000000 0.000000 0.000103 -0.000000 -0.000000 1.000000 -0.000016 0.000000 0.000000 0.000000 1.000000
1.000000 0.000000 -0.000000 0.120247 -0.000000 1.000000 0.000000 0.000104 0.000000 -0.000000 1.000000 -0.000016 0.000000 0.000000 0.000000 1.000000
1.000000 0.000000 0.000000 0.120247 -0.000000 1.000000 0.000000 0.000103 -0.000000 -0.000000 1.000000 -0.000016 0.000000 0.000000 0.000000 1.000000
1.000000 0.000000 -0.000000 0.120247 -0.000000 1.000000 0.000000 0.000103 0.000000 -0.000000 1.000000 -0.000016 0.000000 0.000000 0.000000 1.000000
1.000000 -0.000000 -0.000000 0.120247 0.000000 1.000000 0.000000 0.000103 0.000000 -0.000000 1.000000 -0.000016 0.000000 0.000000 0.000000 1.000000
1.000000 -0.000000 0.000000 0.120247 0.000000 1.000000 0.000000 0.000103 -0.000000 -0.000000 1.000000 -0.000016 0.000000 0.000000 0.000000 1.000000
1.000000 -0.000000 0.000000 0.120247 0.000000 1.000000 0.000000 0.000103 -0.000000 -0.000000 1.000000 -0.000016 0.000000 0.000000 0.000000 1.000000</float_array>
     <technique_common>
      <accessor source="#jnt_right_handring4-Matrix-animation-output-transform-array" count="15" stride="16">
       <param type="float4x4"></param>
      </accessor>
     </technique_common>
    </source>
    <source id="jnt_right_handring4-Interpolations">
     <Name_array id="jnt_right_handring4-Interpolations-array" count="15">
 LINEAR LINEAR LINEAR LINEAR LINEAR LINEAR LINEAR LINEAR LINEAR LINEAR LINEAR
LINEAR LINEAR LINEAR LINEAR</Name_array>
     <technique_common>
      <accessor source="#jnt_right_handring4-Interpolations-array" count="15">
       <param type="name"></param>
      </accessor>
     </technique_common>
    </source>
    <sampler id="jnt_right_handring4-Matrix-animation-transform">
     <input semantic="INPUT" source="#jnt_right_handring4-Matrix-animation-input"></input>
     <input semantic="OUTPUT" source="#jnt_right_handring4-Matrix-animation-output-transform"></input>
     <input semantic="INTERPOLATION" source="#jnt_right_handring4-Interpolations"></input>
    </sampler>
    <channel source="#jnt_right_handring4-Matrix-animation-transform" target="jnt_right_handring4/matrix"></channel>
   </animation>
  </animation>
  <animation id="jnt_right_handpinky1-anim" name="jnt_right_handpinky1">
   <animation>
    <source id="jnt_right_handpinky1-Matrix-animation-input">
     <float_array id="jnt_right_handpinky1-Matrix-animation-input-array" count="15">

0.000000 0.033333 0.066667 0.100000 0.133333 0.166667 0.200000 0.233333 0.266667 0.300000 0.333333 0.366667 0.400000 0.433333 0.466667</float_array>
     <technique_common>
      <accessor source="#jnt_right_handpinky1-Matrix-animation-input-array" count="15">
       <param name="TIME" type="float"></param>
      </accessor>
     </technique_common>
    </source>
    <source id="jnt_right_handpinky1-Matrix-animation-output-transform">
     <float_array id="jnt_right_handpinky1-Matrix-animation-output-transform-array" count="240">

0.779329 0.624700 -0.048950 0.407609 0.037878 -0.124941 -0.991441 -0.208155 -0.625469 0.770805 -0.121032 -0.012229 0.000000 0.000000 0.000000 1.000000
0.779329 0.624700 -0.048950 0.407608 0.037878 -0.124941 -0.991441 -0.208155 -0.625469 0.770805 -0.121032 -0.012229 0.000000 0.000000 0.000000 1.000000
0.779329 0.624700 -0.048950 0.407609 0.037878 -0.124941 -0.991441 -0.208156 -0.625469 0.770804 -0.121032 -0.012229 0.000000 0.000000 0.000000 1.000000
0.779329 0.624700 -0.048950 0.407609 0.037878 -0.124941 -0.991441 -0.208155 -0.625469 0.770804 -0.121033 -0.012229 0.000000 0.000000 0.000000 1.000000
0.779329 0.624700 -0.048950 0.407609 0.037878 -0.124941 -0.991441 -0.208154 -0.625469 0.770804 -0.121033 -0.012230 0.000000 0.000000 0.000000 1.000000
0.779329 0.624700 -0.048950 0.407609 0.037878 -0.124941 -0.991441 -0.208155 -0.625469 0.770805 -0.121033 -0.012230 0.000000 0.000000 0.000000 1.000000
0.779329 0.624700 -0.048950 0.407609 0.037878 -0.124941 -0.991441 -0.208155 -0.625469 0.770804 -0.121032 -0.012230 0.000000 0.000000 0.000000 1.000000
0.779329 0.624700 -0.048950 0.407609 0.037878 -0.124941 -0.991441 -0.208155 -0.625469 0.770805 -0.121032 -0.012229 0.000000 0.000000 0.000000 1.000000
0.779329 0.624700 -0.048950 0.407609 0.037878 -0.124941 -0.991441 -0.208155 -0.625469 0.770805 -0.121033 -0.012230 0.000000 0.000000 0.000000 1.000000
0.779329 0.624700 -0.048950 0.407608 0.037878 -0.124941 -0.991441 -0.208155 -0.625469 0.770805 -0.121032 -0.012230 0.000000 0.000000 0.000000 1.000000
0.779329 0.624700 -0.048950 0.407608 0.037878 -0.124941 -0.991441 -0.208155 -0.625469 0.770804 -0.121033 -0.012230 0.000000 0.000000 0.000000 1.000000
0.779329 0.624700 -0.048950 0.407608 0.037878 -0.124941 -0.991441 -0.208155 -0.625469 0.770805 -0.121032 -0.012230 0.000000 0.000000 0.000000 1.000000
0.779329 0.624700 -0.048950 0.407609 0.037878 -0.124941 -0.991441 -0.208155 -0.625469 0.770805 -0.121033 -0.012229 0.000000 0.000000 0.000000 1.000000
0.779329 0.624700 -0.048950 0.407609 0.037878 -0.124941 -0.991441 -0.208155 -0.625469 0.770805 -0.121033 -0.012229 0.000000 0.000000 0.000000 1.000000
0.779329 0.624700 -0.048950 0.407609 0.037878 -0.124941 -0.991441 -0.208155 -0.625469 0.770805 -0.121033 -0.012229 0.000000 0.000000 0.000000 1.000000</float_array>
     <technique_common>
      <accessor source="#jnt_right_handpinky1-Matrix-animation-output-transform-array" count="15" stride="16">
       <param type="float4x4"></param>
      </accessor>
     </technique_common>
    </source>
    <source id="jnt_right_handpinky1-Interpolations">
     <Name_array id="jnt_right_handpinky1-Interpolations-array" count="15">
 LINEAR LINEAR LINEAR LINEAR LINEAR LINEAR LINEAR LINEAR LINEAR LINEAR LINEAR
LINEAR LINEAR LINEAR LINEAR</Name_array>
     <technique_common>
      <accessor source="#jnt_right_handpinky1-Interpolations-array" count="15">
       <param type="name"></param>
      </accessor>
     </technique_common>
    </source>
    <sampler id="jnt_right_handpinky1-Matrix-animation-transform">
     <input semantic="INPUT" source="#jnt_right_handpinky1-Matrix-animation-input"></input>
     <input semantic="OUTPUT" source="#jnt_right_handpinky1-Matrix-animation-output-transform"></input>
     <input semantic="INTERPOLATION" source="#jnt_right_handpinky1-Interpolations"></input>
    </sampler>
    <channel source="#jnt_right_handpinky1-Matrix-animation-transform" target="jnt_right_handpinky1/matrix"></channel>
   </animation>
  </animation>
  <animation id="jnt_right_handpinky2-anim" name="jnt_right_handpinky2">
   <animation>
    <source id="jnt_right_handpinky2-Matrix-animation-input">
     <float_array id="jnt_right_handpinky2-Matrix-animation-input-array" count="15">

0.000000 0.033333 0.066667 0.100000 0.133333 0.166667 0.200000 0.233333 0.266667 0.300000 0.333333 0.366667 0.400000 0.433333 0.466667</float_array>
     <technique_common>
      <accessor source="#jnt_right_handpinky2-Matrix-animation-input-array" count="15">
       <param name="TIME" type="float"></param>
      </accessor>
     </technique_common>
    </source>
    <source id="jnt_right_handpinky2-Matrix-animation-output-transform">
     <float_array id="jnt_right_handpinky2-Matrix-animation-output-transform-array" count="240">

0.963419 0.267999 -0.000001 0.148507 -0.267999 0.963419 -0.000001 0.000001 0.000000 0.000001 1.000000 0.000000 0.000000 0.000000 0.000000 1.000000
0.963419 0.267999 -0.000001 0.148507 -0.267999 0.963419 -0.000001 0.000000 0.000000 0.000001 1.000000 -0.000000 0.000000 0.000000 0.000000 1.000000
0.963419 0.267999 -0.000001 0.148506 -0.267999 0.963419 -0.000001 0.000001 0.000000 0.000001 1.000000 -0.000000 0.000000 0.000000 0.000000 1.000000
0.963419 0.267999 -0.000001 0.148507 -0.267999 0.963419 -0.000001 0.000001 0.000000 0.000001 1.000000 -0.000000 0.000000 0.000000 0.000000 1.000000
0.963419 0.267999 -0.000001 0.148507 -0.267999 0.963419 -0.000001 0.000001 0.000000 0.000001 1.000000 0.000000 0.000000 0.000000 0.000000 1.000000
0.963419 0.267999 -0.000001 0.148507 -0.267999 0.963419 -0.000001 0.000002 0.000000 0.000001 1.000000 0.000000 0.000000 0.000000 0.000000 1.000000
0.963419 0.267999 -0.000001 0.148507 -0.267999 0.963419 -0.000001 0.000000 0.000000 0.000001 1.000000 0.000000 0.000000 0.000000 0.000000 1.000000
0.963419 0.267999 -0.000001 0.148507 -0.267999 0.963419 -0.000001 0.000001 0.000000 0.000001 1.000000 -0.000000 0.000000 0.000000 0.000000 1.000000
0.963419 0.267999 -0.000001 0.148507 -0.267999 0.963419 -0.000001 0.000001 0.000000 0.000001 1.000000 -0.000000 0.000000 0.000000 0.000000 1.000000
0.963419 0.267999 -0.000001 0.148506 -0.267999 0.963419 -0.000001 -0.000000 0.000000 0.000001 1.000000 0.000000 0.000000 0.000000 0.000000 1.000000
0.963420 0.267999 -0.000001 0.148507 -0.267999 0.963419 -0.000001 0.000001 0.000000 0.000001 1.000000 0.000000 0.000000 0.000000 0.000000 1.000000
0.963419 0.267999 -0.000001 0.148507 -0.267999 0.963419 -0.000001 0.000000 0.000000 0.000001 1.000000 0.000000 0.000000 0.000000 0.000000 1.000000
0.963419 0.267999 -0.000001 0.148507 -0.267999 0.963419 -0.000001 0.000001 0.000000 0.000001 1.000000 0.000000 0.000000 0.000000 0.000000 1.000000
0.963419 0.267999 -0.000001 0.148507 -0.267999 0.963419 -0.000001 0.000001 0.000000 0.000001 1.000000 -0.000000 0.000000 0.000000 0.000000 1.000000
0.963419 0.267999 -0.000001 0.148507 -0.267999 0.963419 -0.000001 0.000001 0.000000 0.000001 1.000000 -0.000000 0.000000 0.000000 0.000000 1.000000</float_array>
     <technique_common>
      <accessor source="#jnt_right_handpinky2-Matrix-animation-output-transform-array" count="15" stride="16">
       <param type="float4x4"></param>
      </accessor>
     </technique_common>
    </source>
    <source id="jnt_right_handpinky2-Interpolations">
     <Name_array id="jnt_right_handpinky2-Interpolations-array" count="15">
 LINEAR LINEAR LINEAR LINEAR LINEAR LINEAR LINEAR LINEAR LINEAR LINEAR LINEAR
LINEAR LINEAR LINEAR LINEAR</Name_array>
     <technique_common>
      <accessor source="#jnt_right_handpinky2-Interpolations-array" count="15">
       <param type="name"></param>
      </accessor>
     </technique_common>
    </source>
    <sampler id="jnt_right_handpinky2-Matrix-animation-transform">
     <input semantic="INPUT" source="#jnt_right_handpinky2-Matrix-animation-input"></input>
     <input semantic="OUTPUT" source="#jnt_right_handpinky2-Matrix-animation-output-transform"></input>
     <input semantic="INTERPOLATION" source="#jnt_right_handpinky2-Interpolations"></input>
    </sampler>
    <channel source="#jnt_right_handpinky2-Matrix-animation-transform" target="jnt_right_handpinky2/matrix"></channel>
   </animation>
  </animation>
  <animation id="jnt_right_handpinky3-anim" name="jnt_right_handpinky3">
   <animation>
    <source id="jnt_right_handpinky3-Matrix-animation-input">
     <float_array id="jnt_right_handpinky3-Matrix-animation-input-array" count="15">

0.000000 0.033333 0.066667 0.100000 0.133333 0.166667 0.200000 0.233333 0.266667 0.300000 0.333333 0.366667 0.400000 0.433333 0.466667</float_array>
     <technique_common>
      <accessor source="#jnt_right_handpinky3-Matrix-animation-input-array" count="15">
       <param name="TIME" type="float"></param>
      </accessor>
     </technique_common>
    </source>
    <source id="jnt_right_handpinky3-Matrix-animation-output-transform">
     <float_array id="jnt_right_handpinky3-Matrix-animation-output-transform-array" count="240">

0.999732 0.023161 -0.000000 0.075471 -0.023161 0.999732 0.000002 -0.000002 0.000000 -0.000002 1.000000 -0.000000 0.000000 0.000000 0.000000 1.000000
0.999732 0.023161 -0.000000 0.075471 -0.023161 0.999732 0.000002 -0.000001 0.000000 -0.000002 1.000000 0.000001 0.000000 0.000000 0.000000 1.000000
0.999732 0.023161 -0.000000 0.075471 -0.023161 0.999732 0.000002 -0.000002 0.000000 -0.000002 1.000000 -0.000000 0.000000 0.000000 0.000000 1.000000
0.999732 0.023161 -0.000000 0.075471 -0.023161 0.999732 0.000002 -0.000000 0.000000 -0.000002 1.000000 -0.000000 0.000000 0.000000 0.000000 1.000000
0.999732 0.023161 -0.000000 0.075471 -0.023161 0.999732 0.000002 -0.000001 0.000000 -0.000002 1.000000 0.000000 0.000000 0.000000 0.000000 1.000000
0.999732 0.023161 -0.000000 0.075471 -0.023161 0.999732 0.000002 -0.000001 0.000000 -0.000002 1.000000 -0.000000 0.000000 0.000000 0.000000 1.000000
0.999732 0.023161 -0.000000 0.075471 -0.023161 0.999732 0.000002 -0.000001 0.000000 -0.000002 1.000000 -0.000000 0.000000 0.000000 0.000000 1.000000
0.999732 0.023161 -0.000000 0.075471 -0.023161 0.999732 0.000002 -0.000002 0.000000 -0.000002 1.000000 0.000000 0.000000 0.000000 0.000000 1.000000
0.999732 0.023161 -0.000000 0.075471 -0.023161 0.999732 0.000002 -0.000001 0.000000 -0.000002 1.000000 0.000000 0.000000 0.000000 0.000000 1.000000
0.999732 0.023161 -0.000000 0.075471 -0.023161 0.999732 0.000002 -0.000001 0.000000 -0.000002 1.000000 0.000000 0.000000 0.000000 0.000000 1.000000
0.999732 0.023161 -0.000000 0.075471 -0.023161 0.999732 0.000002 -0.000000 0.000000 -0.000002 1.000000 0.000000 0.000000 0.000000 0.000000 1.000000
0.999732 0.023161 -0.000000 0.075471 -0.023161 0.999732 0.000002 -0.000002 0.000000 -0.000002 1.000000 -0.000000 0.000000 0.000000 0.000000 1.000000
0.999732 0.023161 -0.000000 0.075471 -0.023161 0.999732 0.000002 -0.000001 0.000000 -0.000002 1.000000 -0.000000 0.000000 0.000000 0.000000 1.000000
0.999732 0.023161 -0.000000 0.075471 -0.023161 0.999732 0.000002 -0.000002 0.000000 -0.000002 1.000000 0.000000 0.000000 0.000000 0.000000 1.000000
0.999732 0.023161 -0.000000 0.075471 -0.023161 0.999732 0.000002 -0.000002 0.000000 -0.000002 1.000000 0.000000 0.000000 0.000000 0.000000 1.000000</float_array>
     <technique_common>
      <accessor source="#jnt_right_handpinky3-Matrix-animation-output-transform-array" count="15" stride="16">
       <param type="float4x4"></param>
      </accessor>
     </technique_common>
    </source>
    <source id="jnt_right_handpinky3-Interpolations">
     <Name_array id="jnt_right_handpinky3-Interpolations-array" count="15">
 LINEAR LINEAR LINEAR LINEAR LINEAR LINEAR LINEAR LINEAR LINEAR LINEAR LINEAR
LINEAR LINEAR LINEAR LINEAR</Name_array>
     <technique_common>
      <accessor source="#jnt_right_handpinky3-Interpolations-array" count="15">
       <param type="name"></param>
      </accessor>
     </technique_common>
    </source>
    <sampler id="jnt_right_handpinky3-Matrix-animation-transform">
     <input semantic="INPUT" source="#jnt_right_handpinky3-Matrix-animation-input"></input>
     <input semantic="OUTPUT" source="#jnt_right_handpinky3-Matrix-animation-output-transform"></input>
     <input semantic="INTERPOLATION" source="#jnt_right_handpinky3-Interpolations"></input>
    </sampler>
    <channel source="#jnt_right_handpinky3-Matrix-animation-transform" target="jnt_right_handpinky3/matrix"></channel>
   </animation>
  </animation>
  <animation id="jnt_right_handpinky4-anim" name="jnt_right_handpinky4">
   <animation>
    <source id="jnt_right_handpinky4-Matrix-animation-input">
     <float_array id="jnt_right_handpinky4-Matrix-animation-input-array" count="15">

0.000000 0.033333 0.066667 0.100000 0.133333 0.166667 0.200000 0.233333 0.266667 0.300000 0.333333 0.366667 0.400000 0.433333 0.466667</float_array>
     <technique_common>
      <accessor source="#jnt_right_handpinky4-Matrix-animation-input-array" count="15">
       <param name="TIME" type="float"></param>
      </accessor>
     </technique_common>
    </source>
    <source id="jnt_right_handpinky4-Matrix-animation-output-transform">
     <float_array id="jnt_right_handpinky4-Matrix-animation-output-transform-array" count="240">

1.000000 -0.000000 -0.000000 0.101152 0.000000 1.000000 0.000000 0.000000 0.000000 -0.000000 1.000000 -0.000000 0.000000 0.000000 0.000000 1.000000
1.000000 0.000000 -0.000000 0.101152 -0.000000 1.000000 -0.000000 0.000000 0.000000 0.000000 1.000000 -0.000000 0.000000 0.000000 0.000000 1.000000
1.000000 0.000000 -0.000000 0.101152 -0.000000 1.000000 0.000000 0.000000 0.000000 -0.000000 1.000000 0.000000 0.000000 0.000000 0.000000 1.000000
1.000000 -0.000000 -0.000000 0.101152 0.000000 1.000000 -0.000000 -0.000000 0.000000 0.000000 1.000000 0.000000 0.000000 0.000000 0.000000 1.000000
1.000000 -0.000000 -0.000000 0.101152 0.000000 1.000000 0.000000 0.000000 0.000000 -0.000000 1.000000 0.000000 0.000000 0.000000 0.000000 1.000000
1.000000 -0.000000 0.000000 0.101152 0.000000 1.000000 -0.000000 0.000000 -0.000000 0.000000 1.000000 0.000000 0.000000 0.000000 0.000000 1.000000
1.000000 -0.000000 -0.000000 0.101152 0.000000 1.000000 0.000000 0.000001 0.000000 -0.000000 1.000000 -0.000000 0.000000 0.000000 0.000000 1.000000
1.000000 0.000000 0.000000 0.101152 -0.000000 1.000000 0.000000 0.000000 -0.000000 -0.000000 1.000000 0.000000 0.000000 0.000000 0.000000 1.000000
1.000000 0.000000 0.000000 0.101152 -0.000000 1.000000 0.000000 -0.000000 -0.000000 -0.000000 1.000000 -0.000000 0.000000 0.000000 0.000000 1.000000
1.000000 -0.000000 0.000000 0.101152 0.000000 1.000000 -0.000000 -0.000001 -0.000000 0.000000 1.000000 -0.000000 0.000000 0.000000 0.000000 1.000000
1.000000 0.000000 0.000000 0.101152 -0.000000 1.000000 -0.000000 -0.000000 -0.000000 0.000000 1.000000 -0.000000 0.000000 0.000000 0.000000 1.000000
1.000000 0.000000 0.000000 0.101152 -0.000000 1.000000 -0.000000 0.000001 -0.000000 0.000000 1.000000 -0.000000 0.000000 0.000000 0.000000 1.000000
1.000000 -0.000000 0.000000 0.101152 0.000000 1.000000 -0.000000 -0.000001 -0.000000 0.000000 1.000000 0.000000 0.000000 0.000000 0.000000 1.000000
1.000000 -0.000000 0.000000 0.101152 0.000000 1.000000 -0.000000 -0.000000 -0.000000 0.000000 1.000000 0.000000 0.000000 0.000000 0.000000 1.000000
1.000000 -0.000000 0.000000 0.101152 0.000000 1.000000 -0.000000 -0.000000 -0.000000 0.000000 1.000000 0.000000 0.000000 0.000000 0.000000 1.000000</float_array>
     <technique_common>
      <accessor source="#jnt_right_handpinky4-Matrix-animation-output-transform-array" count="15" stride="16">
       <param type="float4x4"></param>
      </accessor>
     </technique_common>
    </source>
    <source id="jnt_right_handpinky4-Interpolations">
     <Name_array id="jnt_right_handpinky4-Interpolations-array" count="15">
 LINEAR LINEAR LINEAR LINEAR LINEAR LINEAR LINEAR LINEAR LINEAR LINEAR LINEAR
LINEAR LINEAR LINEAR LINEAR</Name_array>
     <technique_common>
      <accessor source="#jnt_right_handpinky4-Interpolations-array" count="15">
       <param type="name"></param>
      </accessor>
     </technique_common>
    </source>
    <sampler id="jnt_right_handpinky4-Matrix-animation-transform">
     <input semantic="INPUT" source="#jnt_right_handpinky4-Matrix-animation-input"></input>
     <input semantic="OUTPUT" source="#jnt_right_handpinky4-Matrix-animation-output-transform"></input>
     <input semantic="INTERPOLATION" source="#jnt_right_handpinky4-Interpolations"></input>
    </sampler>
    <channel source="#jnt_right_handpinky4-Matrix-animation-transform" target="jnt_right_handpinky4/matrix"></channel>
   </animation>
  </animation>
  <animation id="jnt_backpack-anim" name="jnt_backpack">
   <animation>
    <source id="jnt_backpack-Matrix-animation-input">
     <float_array id="jnt_backpack-Matrix-animation-input-array" count="15">

0.000000 0.033333 0.066667 0.100000 0.133333 0.166667 0.200000 0.233333 0.266667 0.300000 0.333333 0.366667 0.400000 0.433333 0.466667</float_array>
     <technique_common>
      <accessor source="#jnt_backpack-Matrix-animation-input-array" count="15">
       <param name="TIME" type="float"></param>
      </accessor>
     </technique_common>
    </source>
    <source id="jnt_backpack-Matrix-animation-output-transform">
     <float_array id="jnt_backpack-Matrix-animation-output-transform-array" count="240">

0.000000 0.995068 -0.099191 0.682545 0.000000 0.099191 0.995068 -0.705658 1.000000 -0.000000 0.000000 -0.000000 0.000000 0.000000 0.000000 1.000000
0.000000 0.995068 -0.099191 0.682545 0.000000 0.099191 0.995068 -0.705658 1.000000 -0.000000 0.000000 -0.000000 0.000000 0.000000 0.000000 1.000000
0.000000 0.995068 -0.099191 0.682545 0.000000 0.099191 0.995068 -0.705658 1.000000 -0.000000 0.000000 -0.000000 0.000000 0.000000 0.000000 1.000000
0.000000 0.995068 -0.099191 0.682545 0.000000 0.099191 0.995068 -0.705658 1.000000 -0.000000 0.000000 -0.000000 0.000000 0.000000 0.000000 1.000000
0.000000 0.995068 -0.099191 0.682545 0.000000 0.099191 0.995068 -0.705658 1.000000 -0.000000 0.000000 -0.000000 0.000000 0.000000 0.000000 1.000000
0.000000 0.995068 -0.099191 0.682545 0.000000 0.099191 0.995068 -0.705658 1.000000 -0.000000 0.000000 -0.000000 0.000000 0.000000 0.000000 1.000000
0.000000 0.995068 -0.099191 0.682545 0.000000 0.099191 0.995068 -0.705658 1.000000 -0.000000 0.000000 -0.000000 0.000000 0.000000 0.000000 1.000000
0.000000 0.995068 -0.099191 0.682545 0.000000 0.099191 0.995068 -0.705658 1.000000 -0.000000 0.000000 -0.000000 0.000000 0.000000 0.000000 1.000000
0.000000 0.995068 -0.099191 0.682545 0.000000 0.099191 0.995068 -0.705658 1.000000 -0.000000 0.000000 -0.000000 0.000000 0.000000 0.000000 1.000000
0.000000 0.995068 -0.099191 0.682545 0.000000 0.099191 0.995068 -0.705658 1.000000 -0.000000 0.000000 -0.000000 0.000000 0.000000 0.000000 1.000000
0.000000 0.995068 -0.099191 0.682545 0.000000 0.099191 0.995068 -0.705658 1.000000 -0.000000 0.000000 -0.000000 0.000000 0.000000 0.000000 1.000000
0.000000 0.995068 -0.099191 0.682545 0.000000 0.099191 0.995068 -0.705658 1.000000 -0.000000 0.000000 -0.000000 0.000000 0.000000 0.000000 1.000000
0.000000 0.995068 -0.099191 0.682545 0.000000 0.099191 0.995068 -0.705658 1.000000 -0.000000 0.000000 -0.000000 0.000000 0.000000 0.000000 1.000000
0.000000 0.995068 -0.099191 0.682545 0.000000 0.099191 0.995068 -0.705658 1.000000 -0.000000 0.000000 -0.000000 0.000000 0.000000 0.000000 1.000000
0.000000 0.995068 -0.099191 0.682545 0.000000 0.099191 0.995068 -0.705658 1.000000 -0.000000 0.000000 -0.000000 0.000000 0.000000 0.000000 1.000000</float_array>
     <technique_common>
      <accessor source="#jnt_backpack-Matrix-animation-output-transform-array" count="15" stride="16">
       <param type="float4x4"></param>
      </accessor>
     </technique_common>
    </source>
    <source id="jnt_backpack-Interpolations">
     <Name_array id="jnt_backpack-Interpolations-array" count="15">
 LINEAR LINEAR LINEAR LINEAR LINEAR LINEAR LINEAR LINEAR LINEAR LINEAR LINEAR
LINEAR LINEAR LINEAR LINEAR</Name_array>
     <technique_common>
      <accessor source="#jnt_backpack-Interpolations-array" count="15">
       <param type="name"></param>
      </accessor>
     </technique_common>
    </source>
    <sampler id="jnt_backpack-Matrix-animation-transform">
     <input semantic="INPUT" source="#jnt_backpack-Matrix-animation-input"></input>
     <input semantic="OUTPUT" source="#jnt_backpack-Matrix-animation-output-transform"></input>
     <input semantic="INTERPOLATION" source="#jnt_backpack-Interpolations"></input>
    </sampler>
    <channel source="#jnt_backpack-Matrix-animation-transform" target="jnt_backpack/matrix"></channel>
   </animation>
  </animation>
  <animation id="jnt_camera-anim" name="jnt_camera">
   <animation>
    <source id="jnt_camera-Matrix-animation-input">
     <float_array id="jnt_camera-Matrix-animation-input-array" count="15">

0.000000 0.033333 0.066667 0.100000 0.133333 0.166667 0.200000 0.233333 0.266667 0.300000 0.333333 0.366667 0.400000 0.433333 0.466667</float_array>
     <technique_common>
      <accessor source="#jnt_camera-Matrix-animation-input-array" count="15">
       <param name="TIME" type="float"></param>
      </accessor>
     </technique_common>
    </source>
    <source id="jnt_camera-Matrix-animation-output-transform">
     <float_array id="jnt_camera-Matrix-animation-output-transform-array" count="240">

1.000000 -0.000000 -0.000000 0.000000 0.000000 0.999988 0.004911 1.193611 0.000000 -0.004911 0.999988 0.007402 0.000000 0.000000 0.000000 1.000000
1.000000 -0.000000 -0.000000 0.000000 0.000000 0.999988 0.004911 1.193611 0.000000 -0.004911 0.999988 0.007402 0.000000 0.000000 0.000000 1.000000
1.000000 -0.000000 -0.000000 0.000000 0.000000 0.999988 0.004911 1.193611 0.000000 -0.004911 0.999988 0.007402 0.000000 0.000000 0.000000 1.000000
1.000000 -0.000000 -0.000000 0.000000 0.000000 0.999988 0.004911 1.193611 0.000000 -0.004911 0.999988 0.007402 0.000000 0.000000 0.000000 1.000000
1.000000 -0.000000 -0.000000 0.000000 0.000000 0.999988 0.004911 1.193611 0.000000 -0.004911 0.999988 0.007402 0.000000 0.000000 0.000000 1.000000
1.000000 -0.000000 -0.000000 0.000000 0.000000 0.999988 0.004911 1.193611 0.000000 -0.004911 0.999988 0.007402 0.000000 0.000000 0.000000 1.000000
1.000000 -0.000000 -0.000000 0.000000 0.000000 0.999988 0.004911 1.193611 0.000000 -0.004911 0.999988 0.007402 0.000000 0.000000 0.000000 1.000000
1.000000 -0.000000 -0.000000 0.000000 0.000000 0.999988 0.004911 1.193611 0.000000 -0.004911 0.999988 0.007402 0.000000 0.000000 0.000000 1.000000
1.000000 -0.000000 -0.000000 0.000000 0.000000 0.999988 0.004911 1.193611 0.000000 -0.004911 0.999988 0.007402 0.000000 0.000000 0.000000 1.000000
1.000000 -0.000000 -0.000000 0.000000 0.000000 0.999988 0.004911 1.193611 0.000000 -0.004911 0.999988 0.007402 0.000000 0.000000 0.000000 1.000000
1.000000 -0.000000 -0.000000 0.000000 0.000000 0.999988 0.004911 1.193611 0.000000 -0.004911 0.999988 0.007402 0.000000 0.000000 0.000000 1.000000
1.000000 -0.000000 -0.000000 0.000000 0.000000 0.999988 0.004911 1.193611 0.000000 -0.004911 0.999988 0.007402 0.000000 0.000000 0.000000 1.000000
1.000000 -0.000000 -0.000000 0.000000 0.000000 0.999988 0.004911 1.193611 0.000000 -0.004911 0.999988 0.007402 0.000000 0.000000 0.000000 1.000000
1.000000 -0.000000 -0.000000 0.000000 0.000000 0.999988 0.004911 1.193611 0.000000 -0.004911 0.999988 0.007402 0.000000 0.000000 0.000000 1.000000
1.000000 -0.000000 -0.000000 0.000000 0.000000 0.999988 0.004911 1.193611 0.000000 -0.004911 0.999988 0.007402 0.000000 0.000000 0.000000 1.000000</float_array>
     <technique_common>
      <accessor source="#jnt_camera-Matrix-animation-output-transform-array" count="15" stride="16">
       <param type="float4x4"></param>
      </accessor>
     </technique_common>
    </source>
    <source id="jnt_camera-Interpolations">
     <Name_array id="jnt_camera-Interpolations-array" count="15">
 LINEAR LINEAR LINEAR LINEAR LINEAR LINEAR LINEAR LINEAR LINEAR LINEAR LINEAR
LINEAR LINEAR LINEAR LINEAR</Name_array>
     <technique_common>
      <accessor source="#jnt_camera-Interpolations-array" count="15">
       <param type="name"></param>
      </accessor>
     </technique_common>
    </source>
    <sampler id="jnt_camera-Matrix-animation-transform">
     <input semantic="INPUT" source="#jnt_camera-Matrix-animation-input"></input>
     <input semantic="OUTPUT" source="#jnt_camera-Matrix-animation-output-transform"></input>
     <input semantic="INTERPOLATION" source="#jnt_camera-Interpolations"></input>
    </sampler>
    <channel source="#jnt_camera-Matrix-animation-transform" target="jnt_camera/matrix"></channel>
   </animation>
  </animation>
  <animation id="jnt_right_upleg-anim" name="jnt_right_upleg">
   <animation>
    <source id="jnt_right_upleg-Matrix-animation-input">
     <float_array id="jnt_right_upleg-Matrix-animation-input-array" count="15">

0.000000 0.033333 0.066667 0.100000 0.133333 0.166667 0.200000 0.233333 0.266667 0.300000 0.333333 0.366667 0.400000 0.433333 0.466667</float_array>
     <technique_common>
      <accessor source="#jnt_right_upleg-Matrix-animation-input-array" count="15">
       <param name="TIME" type="float"></param>
      </accessor>
     </technique_common>
    </source>
    <source id="jnt_right_upleg-Matrix-animation-output-transform">
     <float_array id="jnt_right_upleg-Matrix-animation-output-transform-array" count="240">

-0.112562 -0.332887 -0.936224 -0.446779 -0.993503 0.053585 0.100396 -0.111214 0.016747 0.941443 -0.336756 0.043020 0.000000 0.000000 0.000000 1.000000
-0.112562 -0.332887 -0.936224 -0.446779 -0.993503 0.053585 0.100396 -0.111214 0.016747 0.941443 -0.336756 0.043020 0.000000 0.000000 0.000000 1.000000
-0.112562 -0.332887 -0.936224 -0.446779 -0.993503 0.053585 0.100396 -0.111214 0.016747 0.941443 -0.336756 0.043020 0.000000 0.000000 0.000000 1.000000
-0.112562 -0.332887 -0.936224 -0.446779 -0.993503 0.053585 0.100396 -0.111214 0.016747 0.941443 -0.336756 0.043020 0.000000 0.000000 0.000000 1.000000
-0.112562 -0.332887 -0.936224 -0.446779 -0.993503 0.053585 0.100396 -0.111214 0.016747 0.941443 -0.336756 0.043020 0.000000 0.000000 0.000000 1.000000
-0.112562 -0.332887 -0.936224 -0.446779 -0.993503 0.053585 0.100396 -0.111214 0.016747 0.941443 -0.336756 0.043020 0.000000 0.000000 0.000000 1.000000
-0.112562 -0.332887 -0.936224 -0.446779 -0.993503 0.053585 0.100396 -0.111214 0.016747 0.941443 -0.336756 0.043020 0.000000 0.000000 0.000000 1.000000
-0.112562 -0.332887 -0.936224 -0.446779 -0.993503 0.053585 0.100396 -0.111214 0.016747 0.941443 -0.336756 0.043020 0.000000 0.000000 0.000000 1.000000
-0.112562 -0.332887 -0.936224 -0.446779 -0.993503 0.053585 0.100396 -0.111214 0.016747 0.941443 -0.336756 0.043020 0.000000 0.000000 0.000000 1.000000
-0.112562 -0.332887 -0.936224 -0.446779 -0.993503 0.053585 0.100396 -0.111214 0.016747 0.941443 -0.336756 0.043020 0.000000 0.000000 0.000000 1.000000
-0.112562 -0.332887 -0.936224 -0.446779 -0.993503 0.053585 0.100396 -0.111214 0.016747 0.941443 -0.336756 0.043020 0.000000 0.000000 0.000000 1.000000
-0.112562 -0.332887 -0.936224 -0.446779 -0.993503 0.053585 0.100396 -0.111214 0.016747 0.941443 -0.336756 0.043020 0.000000 0.000000 0.000000 1.000000
-0.112562 -0.332887 -0.936224 -0.446779 -0.993503 0.053585 0.100396 -0.111214 0.016747 0.941443 -0.336756 0.043020 0.000000 0.000000 0.000000 1.000000
-0.112562 -0.332887 -0.936224 -0.446779 -0.993503 0.053585 0.100396 -0.111214 0.016747 0.941443 -0.336756 0.043020 0.000000 0.000000 0.000000 1.000000
-0.112562 -0.332887 -0.936224 -0.446779 -0.993503 0.053585 0.100396 -0.111214 0.016747 0.941443 -0.336756 0.043020 0.000000 0.000000 0.000000 1.000000</float_array>
     <technique_common>
      <accessor source="#jnt_right_upleg-Matrix-animation-output-transform-array" count="15" stride="16">
       <param type="float4x4"></param>
      </accessor>
     </technique_common>
    </source>
    <source id="jnt_right_upleg-Interpolations">
     <Name_array id="jnt_right_upleg-Interpolations-array" count="15">
 LINEAR LINEAR LINEAR LINEAR LINEAR LINEAR LINEAR LINEAR LINEAR LINEAR LINEAR
LINEAR LINEAR LINEAR LINEAR</Name_array>
     <technique_common>
      <accessor source="#jnt_right_upleg-Interpolations-array" count="15">
       <param type="name"></param>
      </accessor>
     </technique_common>
    </source>
    <sampler id="jnt_right_upleg-Matrix-animation-transform">
     <input semantic="INPUT" source="#jnt_right_upleg-Matrix-animation-input"></input>
     <input semantic="OUTPUT" source="#jnt_right_upleg-Matrix-animation-output-transform"></input>
     <input semantic="INTERPOLATION" source="#jnt_right_upleg-Interpolations"></input>
    </sampler>
    <channel source="#jnt_right_upleg-Matrix-animation-transform" target="jnt_right_upleg/matrix"></channel>
   </animation>
  </animation>
  <animation id="jnt_right_uplegroll-anim" name="jnt_right_uplegroll">
   <animation>
    <source id="jnt_right_uplegroll-Matrix-animation-input">
     <float_array id="jnt_right_uplegroll-Matrix-animation-input-array" count="15">

0.000000 0.033333 0.066667 0.100000 0.133333 0.166667 0.200000 0.233333 0.266667 0.300000 0.333333 0.366667 0.400000 0.433333 0.466667</float_array>
     <technique_common>
      <accessor source="#jnt_right_uplegroll-Matrix-animation-input-array" count="15">
       <param name="TIME" type="float"></param>
      </accessor>
     </technique_common>
    </source>
    <source id="jnt_right_uplegroll-Matrix-animation-output-transform">
     <float_array id="jnt_right_uplegroll-Matrix-animation-output-transform-array" count="240">

1.000000 -0.000000 0.000000 0.430000 0.000000 1.000000 0.000000 0.000000 -0.000000 -0.000000 1.000000 -0.000000 0.000000 0.000000 0.000000 1.000000
1.000000 -0.000000 0.000000 0.430000 0.000000 1.000000 0.000000 0.000000 -0.000000 -0.000000 1.000000 -0.000000 0.000000 0.000000 0.000000 1.000000
1.000000 -0.000000 0.000000 0.430000 0.000000 1.000000 0.000000 0.000000 -0.000000 -0.000000 1.000000 -0.000000 0.000000 0.000000 0.000000 1.000000
1.000000 -0.000000 0.000000 0.430000 0.000000 1.000000 0.000000 0.000000 -0.000000 -0.000000 1.000000 -0.000000 0.000000 0.000000 0.000000 1.000000
1.000000 -0.000000 0.000000 0.430000 0.000000 1.000000 0.000000 0.000000 -0.000000 -0.000000 1.000000 -0.000000 0.000000 0.000000 0.000000 1.000000
1.000000 -0.000000 0.000000 0.430000 0.000000 1.000000 0.000000 0.000000 -0.000000 -0.000000 1.000000 -0.000000 0.000000 0.000000 0.000000 1.000000
1.000000 -0.000000 0.000000 0.430000 0.000000 1.000000 0.000000 0.000000 -0.000000 -0.000000 1.000000 -0.000000 0.000000 0.000000 0.000000 1.000000
1.000000 -0.000000 0.000000 0.430000 0.000000 1.000000 0.000000 0.000000 -0.000000 -0.000000 1.000000 -0.000000 0.000000 0.000000 0.000000 1.000000
1.000000 -0.000000 0.000000 0.430000 0.000000 1.000000 0.000000 0.000000 -0.000000 -0.000000 1.000000 -0.000000 0.000000 0.000000 0.000000 1.000000
1.000000 -0.000000 0.000000 0.430000 0.000000 1.000000 0.000000 0.000000 -0.000000 -0.000000 1.000000 -0.000000 0.000000 0.000000 0.000000 1.000000
1.000000 -0.000000 0.000000 0.430000 0.000000 1.000000 0.000000 0.000000 -0.000000 -0.000000 1.000000 -0.000000 0.000000 0.000000 0.000000 1.000000
1.000000 -0.000000 0.000000 0.430000 0.000000 1.000000 0.000000 0.000000 -0.000000 -0.000000 1.000000 -0.000000 0.000000 0.000000 0.000000 1.000000
1.000000 -0.000000 0.000000 0.430000 0.000000 1.000000 0.000000 0.000000 -0.000000 -0.000000 1.000000 -0.000000 0.000000 0.000000 0.000000 1.000000
1.000000 -0.000000 0.000000 0.430000 0.000000 1.000000 0.000000 0.000000 -0.000000 -0.000000 1.000000 -0.000000 0.000000 0.000000 0.000000 1.000000
1.000000 -0.000000 0.000000 0.430000 0.000000 1.000000 0.000000 0.000000 -0.000000 -0.000000 1.000000 -0.000000 0.000000 0.000000 0.000000 1.000000</float_array>
     <technique_common>
      <accessor source="#jnt_right_uplegroll-Matrix-animation-output-transform-array" count="15" stride="16">
       <param type="float4x4"></param>
      </accessor>
     </technique_common>
    </source>
    <source id="jnt_right_uplegroll-Interpolations">
     <Name_array id="jnt_right_uplegroll-Interpolations-array" count="15">
 LINEAR LINEAR LINEAR LINEAR LINEAR LINEAR LINEAR LINEAR LINEAR LINEAR LINEAR
LINEAR LINEAR LINEAR LINEAR</Name_array>
     <technique_common>
      <accessor source="#jnt_right_uplegroll-Interpolations-array" count="15">
       <param type="name"></param>
      </accessor>
     </technique_common>
    </source>
    <sampler id="jnt_right_uplegroll-Matrix-animation-transform">
     <input semantic="INPUT" source="#jnt_right_uplegroll-Matrix-animation-input"></input>
     <input semantic="OUTPUT" source="#jnt_right_uplegroll-Matrix-animation-output-transform"></input>
     <input semantic="INTERPOLATION" source="#jnt_right_uplegroll-Interpolations"></input>
    </sampler>
    <channel source="#jnt_right_uplegroll-Matrix-animation-transform" target="jnt_right_uplegroll/matrix"></channel>
   </animation>
  </animation>
  <animation id="jnt_right_leg-anim" name="jnt_right_leg">
   <animation>
    <source id="jnt_right_leg-Matrix-animation-input">
     <float_array id="jnt_right_leg-Matrix-animation-input-array" count="15">

0.000000 0.033333 0.066667 0.100000 0.133333 0.166667 0.200000 0.233333 0.266667 0.300000 0.333333 0.366667 0.400000 0.433333 0.466667</float_array>
     <technique_common>
      <accessor source="#jnt_right_leg-Matrix-animation-input-array" count="15">
       <param name="TIME" type="float"></param>
      </accessor>
     </technique_common>
    </source>
    <source id="jnt_right_leg-Matrix-animation-output-transform">
     <float_array id="jnt_right_leg-Matrix-animation-output-transform-array" count="240">

0.968055 0.250271 -0.015278 0.860324 -0.240257 0.943301 0.229042 0.000000 0.071735 -0.218055 0.973296 -0.000000 0.000000 0.000000 0.000000 1.000000
0.968055 0.250271 -0.015278 0.860324 -0.240257 0.943301 0.229042 0.000000 0.071735 -0.218055 0.973296 -0.000000 0.000000 0.000000 0.000000 1.000000
0.968055 0.250271 -0.015278 0.860324 -0.240257 0.943301 0.229042 0.000000 0.071735 -0.218055 0.973296 -0.000000 0.000000 0.000000 0.000000 1.000000
0.968055 0.250271 -0.015278 0.860324 -0.240257 0.943301 0.229042 0.000000 0.071735 -0.218055 0.973296 -0.000000 0.000000 0.000000 0.000000 1.000000
0.968055 0.250271 -0.015278 0.860324 -0.240257 0.943301 0.229042 0.000000 0.071735 -0.218055 0.973296 -0.000000 0.000000 0.000000 0.000000 1.000000
0.968055 0.250271 -0.015278 0.860324 -0.240257 0.943301 0.229042 0.000000 0.071735 -0.218055 0.973296 -0.000000 0.000000 0.000000 0.000000 1.000000
0.968055 0.250271 -0.015278 0.860324 -0.240257 0.943301 0.229042 0.000000 0.071735 -0.218055 0.973296 -0.000000 0.000000 0.000000 0.000000 1.000000
0.968055 0.250271 -0.015278 0.860324 -0.240257 0.943301 0.229042 0.000000 0.071735 -0.218055 0.973296 -0.000000 0.000000 0.000000 0.000000 1.000000
0.968055 0.250271 -0.015278 0.860324 -0.240257 0.943301 0.229042 0.000000 0.071735 -0.218055 0.973296 -0.000000 0.000000 0.000000 0.000000 1.000000
0.968055 0.250271 -0.015278 0.860324 -0.240257 0.943301 0.229042 0.000000 0.071735 -0.218055 0.973296 -0.000000 0.000000 0.000000 0.000000 1.000000
0.968055 0.250271 -0.015278 0.860324 -0.240257 0.943301 0.229042 0.000000 0.071735 -0.218055 0.973296 -0.000000 0.000000 0.000000 0.000000 1.000000
0.968055 0.250271 -0.015278 0.860324 -0.240257 0.943301 0.229042 0.000000 0.071735 -0.218055 0.973296 -0.000000 0.000000 0.000000 0.000000 1.000000
0.968055 0.250271 -0.015278 0.860324 -0.240257 0.943301 0.229042 0.000000 0.071735 -0.218055 0.973296 -0.000000 0.000000 0.000000 0.000000 1.000000
0.968055 0.250271 -0.015278 0.860324 -0.240257 0.943301 0.229042 0.000000 0.071735 -0.218055 0.973296 -0.000000 0.000000 0.000000 0.000000 1.000000
0.968055 0.250271 -0.015278 0.860324 -0.240257 0.943301 0.229042 0.000000 0.071735 -0.218055 0.973296 -0.000000 0.000000 0.000000 0.000000 1.000000</float_array>
     <technique_common>
      <accessor source="#jnt_right_leg-Matrix-animation-output-transform-array" count="15" stride="16">
       <param type="float4x4"></param>
      </accessor>
     </technique_common>
    </source>
    <source id="jnt_right_leg-Interpolations">
     <Name_array id="jnt_right_leg-Interpolations-array" count="15">
 LINEAR LINEAR LINEAR LINEAR LINEAR LINEAR LINEAR LINEAR LINEAR LINEAR LINEAR
LINEAR LINEAR LINEAR LINEAR</Name_array>
     <technique_common>
      <accessor source="#jnt_right_leg-Interpolations-array" count="15">
       <param type="name"></param>
      </accessor>
     </technique_common>
    </source>
    <sampler id="jnt_right_leg-Matrix-animation-transform">
     <input semantic="INPUT" source="#jnt_right_leg-Matrix-animation-input"></input>
     <input semantic="OUTPUT" source="#jnt_right_leg-Matrix-animation-output-transform"></input>
     <input semantic="INTERPOLATION" source="#jnt_right_leg-Interpolations"></input>
    </sampler>
    <channel source="#jnt_right_leg-Matrix-animation-transform" target="jnt_right_leg/matrix"></channel>
   </animation>
  </animation>
  <animation id="jnt_right_legroll-anim" name="jnt_right_legroll">
   <animation>
    <source id="jnt_right_legroll-Matrix-animation-input">
     <float_array id="jnt_right_legroll-Matrix-animation-input-array" count="15">

0.000000 0.033333 0.066667 0.100000 0.133333 0.166667 0.200000 0.233333 0.266667 0.300000 0.333333 0.366667 0.400000 0.433333 0.466667</float_array>
     <technique_common>
      <accessor source="#jnt_right_legroll-Matrix-animation-input-array" count="15">
       <param name="TIME" type="float"></param>
      </accessor>
     </technique_common>
    </source>
    <source id="jnt_right_legroll-Matrix-animation-output-transform">
     <float_array id="jnt_right_legroll-Matrix-animation-output-transform-array" count="240">

1.000000 0.000000 0.000000 0.384000 -0.000000 1.000000 0.000000 -0.000000 -0.000000 -0.000000 1.000000 0.000000 0.000000 0.000000 0.000000 1.000000
1.000000 0.000000 0.000000 0.384000 -0.000000 1.000000 0.000000 -0.000000 -0.000000 -0.000000 1.000000 0.000000 0.000000 0.000000 0.000000 1.000000
1.000000 0.000000 0.000000 0.384000 -0.000000 1.000000 0.000000 -0.000000 -0.000000 -0.000000 1.000000 0.000000 0.000000 0.000000 0.000000 1.000000
1.000000 0.000000 0.000000 0.384000 -0.000000 1.000000 0.000000 -0.000000 -0.000000 -0.000000 1.000000 0.000000 0.000000 0.000000 0.000000 1.000000
1.000000 0.000000 0.000000 0.384000 -0.000000 1.000000 0.000000 -0.000000 -0.000000 -0.000000 1.000000 0.000000 0.000000 0.000000 0.000000 1.000000
1.000000 0.000000 0.000000 0.384000 -0.000000 1.000000 0.000000 -0.000000 -0.000000 -0.000000 1.000000 0.000000 0.000000 0.000000 0.000000 1.000000
1.000000 0.000000 0.000000 0.384000 -0.000000 1.000000 0.000000 -0.000000 -0.000000 -0.000000 1.000000 0.000000 0.000000 0.000000 0.000000 1.000000
1.000000 0.000000 0.000000 0.384000 -0.000000 1.000000 0.000000 -0.000000 -0.000000 -0.000000 1.000000 0.000000 0.000000 0.000000 0.000000 1.000000
1.000000 0.000000 0.000000 0.384000 -0.000000 1.000000 0.000000 -0.000000 -0.000000 -0.000000 1.000000 0.000000 0.000000 0.000000 0.000000 1.000000
1.000000 0.000000 0.000000 0.384000 -0.000000 1.000000 0.000000 -0.000000 -0.000000 -0.000000 1.000000 0.000000 0.000000 0.000000 0.000000 1.000000
1.000000 0.000000 0.000000 0.384000 -0.000000 1.000000 0.000000 -0.000000 -0.000000 -0.000000 1.000000 0.000000 0.000000 0.000000 0.000000 1.000000
1.000000 0.000000 0.000000 0.384000 -0.000000 1.000000 0.000000 -0.000000 -0.000000 -0.000000 1.000000 0.000000 0.000000 0.000000 0.000000 1.000000
1.000000 0.000000 0.000000 0.384000 -0.000000 1.000000 0.000000 -0.000000 -0.000000 -0.000000 1.000000 0.000000 0.000000 0.000000 0.000000 1.000000
1.000000 0.000000 0.000000 0.384000 -0.000000 1.000000 0.000000 -0.000000 -0.000000 -0.000000 1.000000 0.000000 0.000000 0.000000 0.000000 1.000000
1.000000 0.000000 0.000000 0.384000 -0.000000 1.000000 0.000000 -0.000000 -0.000000 -0.000000 1.000000 0.000000 0.000000 0.000000 0.000000 1.000000</float_array>
     <technique_common>
      <accessor source="#jnt_right_legroll-Matrix-animation-output-transform-array" count="15" stride="16">
       <param type="float4x4"></param>
      </accessor>
     </technique_common>
    </source>
    <source id="jnt_right_legroll-Interpolations">
     <Name_array id="jnt_right_legroll-Interpolations-array" count="15">
 LINEAR LINEAR LINEAR LINEAR LINEAR LINEAR LINEAR LINEAR LINEAR LINEAR LINEAR
LINEAR LINEAR LINEAR LINEAR</Name_array>
     <technique_common>
      <accessor source="#jnt_right_legroll-Interpolations-array" count="15">
       <param type="name"></param>
      </accessor>
     </technique_common>
    </source>
    <sampler id="jnt_right_legroll-Matrix-animation-transform">
     <input semantic="INPUT" source="#jnt_right_legroll-Matrix-animation-input"></input>
     <input semantic="OUTPUT" source="#jnt_right_legroll-Matrix-animation-output-transform"></input>
     <input semantic="INTERPOLATION" source="#jnt_right_legroll-Interpolations"></input>
    </sampler>
    <channel source="#jnt_right_legroll-Matrix-animation-transform" target="jnt_right_legroll/matrix"></channel>
   </animation>
  </animation>
  <animation id="jnt_right_foot-anim" name="jnt_right_foot">
   <animation>
    <source id="jnt_right_foot-Matrix-animation-input">
     <float_array id="jnt_right_foot-Matrix-animation-input-array" count="15">

0.000000 0.033333 0.066667 0.100000 0.133333 0.166667 0.200000 0.233333 0.266667 0.300000 0.333333 0.366667 0.400000 0.433333 0.466667</float_array>
     <technique_common>
      <accessor source="#jnt_right_foot-Matrix-animation-input-array" count="15">
       <param name="TIME" type="float"></param>
      </accessor>
     </technique_common>
    </source>
    <source id="jnt_right_foot-Matrix-animation-output-transform">
     <float_array id="jnt_right_foot-Matrix-animation-output-transform-array" count="240">

0.278762 -0.954826 0.102952 0.768144 0.945567 0.291630 0.144415 -0.000001 -0.167916 0.057091 0.984147 0.000000 0.000000 0.000000 0.000000 1.000000
0.278762 -0.954826 0.102952 0.768144 0.945567 0.291630 0.144415 -0.000001 -0.167916 0.057091 0.984147 0.000000 0.000000 0.000000 0.000000 1.000000
0.278762 -0.954826 0.102952 0.768144 0.945567 0.291630 0.144415 -0.000001 -0.167916 0.057091 0.984147 0.000000 0.000000 0.000000 0.000000 1.000000
0.278762 -0.954826 0.102952 0.768144 0.945567 0.291630 0.144415 -0.000001 -0.167916 0.057091 0.984147 0.000000 0.000000 0.000000 0.000000 1.000000
0.278762 -0.954826 0.102952 0.768144 0.945567 0.291630 0.144415 -0.000001 -0.167916 0.057091 0.984147 0.000000 0.000000 0.000000 0.000000 1.000000
0.278762 -0.954826 0.102952 0.768144 0.945567 0.291630 0.144415 -0.000001 -0.167916 0.057091 0.984147 0.000000 0.000000 0.000000 0.000000 1.000000
0.278762 -0.954826 0.102952 0.768144 0.945567 0.291630 0.144415 -0.000001 -0.167916 0.057091 0.984147 0.000000 0.000000 0.000000 0.000000 1.000000
0.278762 -0.954826 0.102952 0.768144 0.945567 0.291630 0.144415 -0.000001 -0.167916 0.057091 0.984147 0.000000 0.000000 0.000000 0.000000 1.000000
0.278762 -0.954826 0.102952 0.768144 0.945567 0.291630 0.144415 -0.000001 -0.167916 0.057091 0.984147 0.000000 0.000000 0.000000 0.000000 1.000000
0.278762 -0.954826 0.102952 0.768144 0.945567 0.291630 0.144415 -0.000001 -0.167916 0.057091 0.984147 0.000000 0.000000 0.000000 0.000000 1.000000
0.278762 -0.954826 0.102952 0.768144 0.945567 0.291630 0.144415 -0.000001 -0.167916 0.057091 0.984147 0.000000 0.000000 0.000000 0.000000 1.000000
0.278762 -0.954826 0.102952 0.768144 0.945567 0.291630 0.144415 -0.000001 -0.167916 0.057091 0.984147 0.000000 0.000000 0.000000 0.000000 1.000000
0.278762 -0.954826 0.102952 0.768144 0.945567 0.291630 0.144415 -0.000001 -0.167916 0.057091 0.984147 0.000000 0.000000 0.000000 0.000000 1.000000
0.278762 -0.954826 0.102952 0.768144 0.945567 0.291630 0.144415 -0.000001 -0.167916 0.057091 0.984147 0.000000 0.000000 0.000000 0.000000 1.000000
0.278762 -0.954826 0.102952 0.768144 0.945567 0.291630 0.144415 -0.000001 -0.167916 0.057091 0.984147 0.000000 0.000000 0.000000 0.000000 1.000000</float_array>
     <technique_common>
      <accessor source="#jnt_right_foot-Matrix-animation-output-transform-array" count="15" stride="16">
       <param type="float4x4"></param>
      </accessor>
     </technique_common>
    </source>
    <source id="jnt_right_foot-Interpolations">
     <Name_array id="jnt_right_foot-Interpolations-array" count="15">
 LINEAR LINEAR LINEAR LINEAR LINEAR LINEAR LINEAR LINEAR LINEAR LINEAR LINEAR
LINEAR LINEAR LINEAR LINEAR</Name_array>
     <technique_common>
      <accessor source="#jnt_right_foot-Interpolations-array" count="15">
       <param type="name"></param>
      </accessor>
     </technique_common>
    </source>
    <sampler id="jnt_right_foot-Matrix-animation-transform">
     <input semantic="INPUT" source="#jnt_right_foot-Matrix-animation-input"></input>
     <input semantic="OUTPUT" source="#jnt_right_foot-Matrix-animation-output-transform"></input>
     <input semantic="INTERPOLATION" source="#jnt_right_foot-Interpolations"></input>
    </sampler>
    <channel source="#jnt_right_foot-Matrix-animation-transform" target="jnt_right_foot/matrix"></channel>
   </animation>
  </animation>
  <animation id="jnt_right_toebase-anim" name="jnt_right_toebase">
   <animation>
    <source id="jnt_right_toebase-Matrix-animation-input">
     <float_array id="jnt_right_toebase-Matrix-animation-input-array" count="15">

0.000000 0.033333 0.066667 0.100000 0.133333 0.166667 0.200000 0.233333 0.266667 0.300000 0.333333 0.366667 0.400000 0.433333 0.466667</float_array>
     <technique_common>
      <accessor source="#jnt_right_toebase-Matrix-animation-input-array" count="15">
       <param name="TIME" type="float"></param>
      </accessor>
     </technique_common>
    </source>
    <source id="jnt_right_toebase-Matrix-animation-output-transform">
     <float_array id="jnt_right_toebase-Matrix-animation-output-transform-array" count="240">

0.918936 -0.394407 -0.000000 0.441847 0.394407 0.918936 0.000000 0.000000 0.000000 -0.000000 1.000000 0.000000 0.000000 0.000000 0.000000 1.000000
0.918936 -0.394407 -0.000000 0.441847 0.394407 0.918936 0.000000 0.000000 0.000000 -0.000000 1.000000 0.000000 0.000000 0.000000 0.000000 1.000000
0.918936 -0.394407 -0.000000 0.441847 0.394407 0.918936 0.000000 0.000000 0.000000 -0.000000 1.000000 0.000000 0.000000 0.000000 0.000000 1.000000
0.918936 -0.394407 -0.000000 0.441847 0.394407 0.918936 0.000000 0.000000 0.000000 -0.000000 1.000000 0.000000 0.000000 0.000000 0.000000 1.000000
0.918936 -0.394407 -0.000000 0.441847 0.394407 0.918936 0.000000 0.000000 0.000000 -0.000000 1.000000 0.000000 0.000000 0.000000 0.000000 1.000000
0.918936 -0.394407 -0.000000 0.441847 0.394407 0.918936 0.000000 0.000000 0.000000 -0.000000 1.000000 0.000000 0.000000 0.000000 0.000000 1.000000
0.918936 -0.394407 -0.000000 0.441847 0.394407 0.918936 0.000000 0.000000 0.000000 -0.000000 1.000000 0.000000 0.000000 0.000000 0.000000 1.000000
0.918936 -0.394407 -0.000000 0.441847 0.394407 0.918936 0.000000 0.000000 0.000000 -0.000000 1.000000 0.000000 0.000000 0.000000 0.000000 1.000000
0.918936 -0.394407 -0.000000 0.441847 0.394407 0.918936 0.000000 0.000000 0.000000 -0.000000 1.000000 0.000000 0.000000 0.000000 0.000000 1.000000
0.918936 -0.394407 -0.000000 0.441847 0.394407 0.918936 0.000000 0.000000 0.000000 -0.000000 1.000000 0.000000 0.000000 0.000000 0.000000 1.000000
0.918936 -0.394407 -0.000000 0.441847 0.394407 0.918936 0.000000 0.000000 0.000000 -0.000000 1.000000 0.000000 0.000000 0.000000 0.000000 1.000000
0.918936 -0.394407 -0.000000 0.441847 0.394407 0.918936 0.000000 0.000000 0.000000 -0.000000 1.000000 0.000000 0.000000 0.000000 0.000000 1.000000
0.918936 -0.394407 -0.000000 0.441847 0.394407 0.918936 0.000000 0.000000 0.000000 -0.000000 1.000000 0.000000 0.000000 0.000000 0.000000 1.000000
0.918936 -0.394407 -0.000000 0.441847 0.394407 0.918936 0.000000 0.000000 0.000000 -0.000000 1.000000 0.000000 0.000000 0.000000 0.000000 1.000000
0.918936 -0.394407 -0.000000 0.441847 0.394407 0.918936 0.000000 0.000000 0.000000 -0.000000 1.000000 0.000000 0.000000 0.000000 0.000000 1.000000</float_array>
     <technique_common>
      <accessor source="#jnt_right_toebase-Matrix-animation-output-transform-array" count="15" stride="16">
       <param type="float4x4"></param>
      </accessor>
     </technique_common>
    </source>
    <source id="jnt_right_toebase-Interpolations">
     <Name_array id="jnt_right_toebase-Interpolations-array" count="15">
 LINEAR LINEAR LINEAR LINEAR LINEAR LINEAR LINEAR LINEAR LINEAR LINEAR LINEAR
LINEAR LINEAR LINEAR LINEAR</Name_array>
     <technique_common>
      <accessor source="#jnt_right_toebase-Interpolations-array" count="15">
       <param type="name"></param>
      </accessor>
     </technique_common>
    </source>
    <sampler id="jnt_right_toebase-Matrix-animation-transform">
     <input semantic="INPUT" source="#jnt_right_toebase-Matrix-animation-input"></input>
     <input semantic="OUTPUT" source="#jnt_right_toebase-Matrix-animation-output-transform"></input>
     <input semantic="INTERPOLATION" source="#jnt_right_toebase-Interpolations"></input>
    </sampler>
    <channel source="#jnt_right_toebase-Matrix-animation-transform" target="jnt_right_toebase/matrix"></channel>
   </animation>
  </animation>
  <animation id="jnt_right_toeend-anim" name="jnt_right_toeend">
   <animation>
    <source id="jnt_right_toeend-Matrix-animation-input">
     <float_array id="jnt_right_toeend-Matrix-animation-input-array" count="15">

0.000000 0.033333 0.066667 0.100000 0.133333 0.166667 0.200000 0.233333 0.266667 0.300000 0.333333 0.366667 0.400000 0.433333 0.466667</float_array>
     <technique_common>
      <accessor source="#jnt_right_toeend-Matrix-animation-input-array" count="15">
       <param name="TIME" type="float"></param>
      </accessor>
     </technique_common>
    </source>
    <source id="jnt_right_toeend-Matrix-animation-output-transform">
     <float_array id="jnt_right_toeend-Matrix-animation-output-transform-array" count="240">

1.000000 -0.000001 -0.000000 0.379397 0.000001 1.000000 -0.000000 0.000000 0.000000 0.000000 1.000000 0.000000 0.000000 0.000000 0.000000 1.000000
1.000000 -0.000001 -0.000000 0.379397 0.000001 1.000000 -0.000000 0.000000 0.000000 0.000000 1.000000 0.000000 0.000000 0.000000 0.000000 1.000000
1.000000 -0.000001 -0.000000 0.379397 0.000001 1.000000 -0.000000 0.000000 0.000000 0.000000 1.000000 0.000000 0.000000 0.000000 0.000000 1.000000
1.000000 -0.000001 -0.000000 0.379397 0.000001 1.000000 -0.000000 0.000000 0.000000 0.000000 1.000000 0.000000 0.000000 0.000000 0.000000 1.000000
1.000000 -0.000001 -0.000000 0.379397 0.000001 1.000000 -0.000000 0.000000 0.000000 0.000000 1.000000 0.000000 0.000000 0.000000 0.000000 1.000000
1.000000 -0.000001 -0.000000 0.379397 0.000001 1.000000 -0.000000 0.000000 0.000000 0.000000 1.000000 0.000000 0.000000 0.000000 0.000000 1.000000
1.000000 -0.000001 -0.000000 0.379397 0.000001 1.000000 -0.000000 0.000000 0.000000 0.000000 1.000000 0.000000 0.000000 0.000000 0.000000 1.000000
1.000000 -0.000001 -0.000000 0.379397 0.000001 1.000000 -0.000000 0.000000 0.000000 0.000000 1.000000 0.000000 0.000000 0.000000 0.000000 1.000000
1.000000 -0.000001 -0.000000 0.379397 0.000001 1.000000 -0.000000 0.000000 0.000000 0.000000 1.000000 0.000000 0.000000 0.000000 0.000000 1.000000
1.000000 -0.000001 -0.000000 0.379397 0.000001 1.000000 -0.000000 0.000000 0.000000 0.000000 1.000000 0.000000 0.000000 0.000000 0.000000 1.000000
1.000000 -0.000001 -0.000000 0.379397 0.000001 1.000000 -0.000000 0.000000 0.000000 0.000000 1.000000 0.000000 0.000000 0.000000 0.000000 1.000000
1.000000 -0.000001 -0.000000 0.379397 0.000001 1.000000 -0.000000 0.000000 0.000000 0.000000 1.000000 0.000000 0.000000 0.000000 0.000000 1.000000
1.000000 -0.000001 -0.000000 0.379397 0.000001 1.000000 -0.000000 0.000000 0.000000 0.000000 1.000000 0.000000 0.000000 0.000000 0.000000 1.000000
1.000000 -0.000001 -0.000000 0.379397 0.000001 1.000000 -0.000000 0.000000 0.000000 0.000000 1.000000 0.000000 0.000000 0.000000 0.000000 1.000000
1.000000 -0.000001 -0.000000 0.379397 0.000001 1.000000 -0.000000 0.000000 0.000000 0.000000 1.000000 0.000000 0.000000 0.000000 0.000000 1.000000</float_array>
     <technique_common>
      <accessor source="#jnt_right_toeend-Matrix-animation-output-transform-array" count="15" stride="16">
       <param type="float4x4"></param>
      </accessor>
     </technique_common>
    </source>
    <source id="jnt_right_toeend-Interpolations">
     <Name_array id="jnt_right_toeend-Interpolations-array" count="15">
 LINEAR LINEAR LINEAR LINEAR LINEAR LINEAR LINEAR LINEAR LINEAR LINEAR LINEAR
LINEAR LINEAR LINEAR LINEAR</Name_array>
     <technique_common>
      <accessor source="#jnt_right_toeend-Interpolations-array" count="15">
       <param type="name"></param>
      </accessor>
     </technique_common>
    </source>
    <sampler id="jnt_right_toeend-Matrix-animation-transform">
     <input semantic="INPUT" source="#jnt_right_toeend-Matrix-animation-input"></input>
     <input semantic="OUTPUT" source="#jnt_right_toeend-Matrix-animation-output-transform"></input>
     <input semantic="INTERPOLATION" source="#jnt_right_toeend-Interpolations"></input>
    </sampler>
    <channel source="#jnt_right_toeend-Matrix-animation-transform" target="jnt_right_toeend/matrix"></channel>
   </animation>
  </animation>
  <animation id="jnt_left_upleg-anim" name="jnt_left_upleg">
   <animation>
    <source id="jnt_left_upleg-Matrix-animation-input">
     <float_array id="jnt_left_upleg-Matrix-animation-input-array" count="15">

0.000000 0.033333 0.066667 0.100000 0.133333 0.166667 0.200000 0.233333 0.266667 0.300000 0.333333 0.366667 0.400000 0.433333 0.466667</float_array>
     <technique_common>
      <accessor source="#jnt_left_upleg-Matrix-animation-input-array" count="15">
       <param name="TIME" type="float"></param>
      </accessor>
     </technique_common>
    </source>
    <source id="jnt_left_upleg-Matrix-animation-output-transform">
     <float_array id="jnt_left_upleg-Matrix-animation-output-transform-array" count="240">

0.112561 0.332886 -0.936224 0.446779 -0.993504 0.053590 -0.100393 -0.111213 0.016753 0.941443 0.336756 0.043020 0.000000 0.000000 0.000000 1.000000
0.112561 0.332886 -0.936224 0.446779 -0.993504 0.053590 -0.100393 -0.111213 0.016753 0.941443 0.336756 0.043020 0.000000 0.000000 0.000000 1.000000
0.112561 0.332886 -0.936224 0.446779 -0.993504 0.053590 -0.100393 -0.111213 0.016753 0.941443 0.336756 0.043020 0.000000 0.000000 0.000000 1.000000
0.112561 0.332886 -0.936224 0.446779 -0.993504 0.053590 -0.100393 -0.111213 0.016753 0.941443 0.336756 0.043020 0.000000 0.000000 0.000000 1.000000
0.112561 0.332886 -0.936224 0.446779 -0.993504 0.053590 -0.100393 -0.111213 0.016753 0.941443 0.336756 0.043020 0.000000 0.000000 0.000000 1.000000
0.112561 0.332886 -0.936224 0.446779 -0.993504 0.053590 -0.100393 -0.111213 0.016753 0.941443 0.336756 0.043020 0.000000 0.000000 0.000000 1.000000
0.112561 0.332886 -0.936224 0.446779 -0.993504 0.053590 -0.100393 -0.111213 0.016753 0.941443 0.336756 0.043020 0.000000 0.000000 0.000000 1.000000
0.112561 0.332886 -0.936224 0.446779 -0.993504 0.053590 -0.100393 -0.111213 0.016753 0.941443 0.336756 0.043020 0.000000 0.000000 0.000000 1.000000
0.112561 0.332886 -0.936224 0.446779 -0.993504 0.053590 -0.100393 -0.111213 0.016753 0.941443 0.336756 0.043020 0.000000 0.000000 0.000000 1.000000
0.112561 0.332886 -0.936224 0.446779 -0.993504 0.053590 -0.100393 -0.111213 0.016753 0.941443 0.336756 0.043020 0.000000 0.000000 0.000000 1.000000
0.112561 0.332886 -0.936224 0.446779 -0.993504 0.053590 -0.100393 -0.111213 0.016753 0.941443 0.336756 0.043020 0.000000 0.000000 0.000000 1.000000
0.112561 0.332886 -0.936224 0.446779 -0.993504 0.053590 -0.100393 -0.111213 0.016753 0.941443 0.336756 0.043020 0.000000 0.000000 0.000000 1.000000
0.112561 0.332886 -0.936224 0.446779 -0.993504 0.053590 -0.100393 -0.111213 0.016753 0.941443 0.336756 0.043020 0.000000 0.000000 0.000000 1.000000
0.112561 0.332886 -0.936224 0.446779 -0.993504 0.053590 -0.100393 -0.111213 0.016753 0.941443 0.336756 0.043020 0.000000 0.000000 0.000000 1.000000
0.112561 0.332886 -0.936224 0.446779 -0.993504 0.053590 -0.100393 -0.111213 0.016753 0.941443 0.336756 0.043020 0.000000 0.000000 0.000000 1.000000</float_array>
     <technique_common>
      <accessor source="#jnt_left_upleg-Matrix-animation-output-transform-array" count="15" stride="16">
       <param type="float4x4"></param>
      </accessor>
     </technique_common>
    </source>
    <source id="jnt_left_upleg-Interpolations">
     <Name_array id="jnt_left_upleg-Interpolations-array" count="15">
 LINEAR LINEAR LINEAR LINEAR LINEAR LINEAR LINEAR LINEAR LINEAR LINEAR LINEAR
LINEAR LINEAR LINEAR LINEAR</Name_array>
     <technique_common>
      <accessor source="#jnt_left_upleg-Interpolations-array" count="15">
       <param type="name"></param>
      </accessor>
     </technique_common>
    </source>
    <sampler id="jnt_left_upleg-Matrix-animation-transform">
     <input semantic="INPUT" source="#jnt_left_upleg-Matrix-animation-input"></input>
     <input semantic="OUTPUT" source="#jnt_left_upleg-Matrix-animation-output-transform"></input>
     <input semantic="INTERPOLATION" source="#jnt_left_upleg-Interpolations"></input>
    </sampler>
    <channel source="#jnt_left_upleg-Matrix-animation-transform" target="jnt_left_upleg/matrix"></channel>
   </animation>
  </animation>
  <animation id="jnt_left_uplegroll-anim" name="jnt_left_uplegroll">
   <animation>
    <source id="jnt_left_uplegroll-Matrix-animation-input">
     <float_array id="jnt_left_uplegroll-Matrix-animation-input-array" count="15">

0.000000 0.033333 0.066667 0.100000 0.133333 0.166667 0.200000 0.233333 0.266667 0.300000 0.333333 0.366667 0.400000 0.433333 0.466667</float_array>
     <technique_common>
      <accessor source="#jnt_left_uplegroll-Matrix-animation-input-array" count="15">
       <param name="TIME" type="float"></param>
      </accessor>
     </technique_common>
    </source>
    <source id="jnt_left_uplegroll-Matrix-animation-output-transform">
     <float_array id="jnt_left_uplegroll-Matrix-animation-output-transform-array" count="240">

1.000000 -0.000000 -0.000000 0.430000 0.000000 1.000000 -0.000000 -0.000000 0.000000 0.000000 1.000000 0.000000 0.000000 0.000000 0.000000 1.000000
1.000000 -0.000000 -0.000000 0.430000 0.000000 1.000000 -0.000000 -0.000000 0.000000 0.000000 1.000000 0.000000 0.000000 0.000000 0.000000 1.000000
1.000000 -0.000000 -0.000000 0.430000 0.000000 1.000000 -0.000000 -0.000000 0.000000 0.000000 1.000000 0.000000 0.000000 0.000000 0.000000 1.000000
1.000000 -0.000000 -0.000000 0.430000 0.000000 1.000000 -0.000000 -0.000000 0.000000 0.000000 1.000000 0.000000 0.000000 0.000000 0.000000 1.000000
1.000000 -0.000000 -0.000000 0.430000 0.000000 1.000000 -0.000000 -0.000000 0.000000 0.000000 1.000000 0.000000 0.000000 0.000000 0.000000 1.000000
1.000000 -0.000000 -0.000000 0.430000 0.000000 1.000000 -0.000000 -0.000000 0.000000 0.000000 1.000000 0.000000 0.000000 0.000000 0.000000 1.000000
1.000000 -0.000000 -0.000000 0.430000 0.000000 1.000000 -0.000000 -0.000000 0.000000 0.000000 1.000000 0.000000 0.000000 0.000000 0.000000 1.000000
1.000000 -0.000000 -0.000000 0.430000 0.000000 1.000000 -0.000000 -0.000000 0.000000 0.000000 1.000000 0.000000 0.000000 0.000000 0.000000 1.000000
1.000000 -0.000000 -0.000000 0.430000 0.000000 1.000000 -0.000000 -0.000000 0.000000 0.000000 1.000000 0.000000 0.000000 0.000000 0.000000 1.000000
1.000000 -0.000000 -0.000000 0.430000 0.000000 1.000000 -0.000000 -0.000000 0.000000 0.000000 1.000000 0.000000 0.000000 0.000000 0.000000 1.000000
1.000000 -0.000000 -0.000000 0.430000 0.000000 1.000000 -0.000000 -0.000000 0.000000 0.000000 1.000000 0.000000 0.000000 0.000000 0.000000 1.000000
1.000000 -0.000000 -0.000000 0.430000 0.000000 1.000000 -0.000000 -0.000000 0.000000 0.000000 1.000000 0.000000 0.000000 0.000000 0.000000 1.000000
1.000000 -0.000000 -0.000000 0.430000 0.000000 1.000000 -0.000000 -0.000000 0.000000 0.000000 1.000000 0.000000 0.000000 0.000000 0.000000 1.000000
1.000000 -0.000000 -0.000000 0.430000 0.000000 1.000000 -0.000000 -0.000000 0.000000 0.000000 1.000000 0.000000 0.000000 0.000000 0.000000 1.000000
1.000000 -0.000000 -0.000000 0.430000 0.000000 1.000000 -0.000000 -0.000000 0.000000 0.000000 1.000000 0.000000 0.000000 0.000000 0.000000 1.000000</float_array>
     <technique_common>
      <accessor source="#jnt_left_uplegroll-Matrix-animation-output-transform-array" count="15" stride="16">
       <param type="float4x4"></param>
      </accessor>
     </technique_common>
    </source>
    <source id="jnt_left_uplegroll-Interpolations">
     <Name_array id="jnt_left_uplegroll-Interpolations-array" count="15">
 LINEAR LINEAR LINEAR LINEAR LINEAR LINEAR LINEAR LINEAR LINEAR LINEAR LINEAR
LINEAR LINEAR LINEAR LINEAR</Name_array>
     <technique_common>
      <accessor source="#jnt_left_uplegroll-Interpolations-array" count="15">
       <param type="name"></param>
      </accessor>
     </technique_common>
    </source>
    <sampler id="jnt_left_uplegroll-Matrix-animation-transform">
     <input semantic="INPUT" source="#jnt_left_uplegroll-Matrix-animation-input"></input>
     <input semantic="OUTPUT" source="#jnt_left_uplegroll-Matrix-animation-output-transform"></input>
     <input semantic="INTERPOLATION" source="#jnt_left_uplegroll-Interpolations"></input>
    </sampler>
    <channel source="#jnt_left_uplegroll-Matrix-animation-transform" target="jnt_left_uplegroll/matrix"></channel>
   </animation>
  </animation>
  <animation id="jnt_left_leg-anim" name="jnt_left_leg">
   <animation>
    <source id="jnt_left_leg-Matrix-animation-input">
     <float_array id="jnt_left_leg-Matrix-animation-input-array" count="15">

0.000000 0.033333 0.066667 0.100000 0.133333 0.166667 0.200000 0.233333 0.266667 0.300000 0.333333 0.366667 0.400000 0.433333 0.466667</float_array>
     <technique_common>
      <accessor source="#jnt_left_leg-Matrix-animation-input-array" count="15">
       <param name="TIME" type="float"></param>
      </accessor>
     </technique_common>
    </source>
    <source id="jnt_left_leg-Matrix-animation-output-transform">
     <float_array id="jnt_left_leg-Matrix-animation-output-transform-array" count="240">

0.968052 0.250285 0.015281 0.860328 -0.240269 0.943297 -0.229044 -0.000000 -0.071741 0.218054 0.973297 0.000001 0.000000 0.000000 0.000000 1.000000
0.968052 0.250285 0.015281 0.860328 -0.240269 0.943297 -0.229044 -0.000000 -0.071741 0.218054 0.973297 0.000001 0.000000 0.000000 0.000000 1.000000
0.968052 0.250285 0.015281 0.860328 -0.240269 0.943297 -0.229044 -0.000000 -0.071741 0.218054 0.973297 0.000001 0.000000 0.000000 0.000000 1.000000
0.968052 0.250285 0.015281 0.860328 -0.240269 0.943297 -0.229044 -0.000000 -0.071741 0.218054 0.973297 0.000001 0.000000 0.000000 0.000000 1.000000
0.968052 0.250285 0.015281 0.860328 -0.240269 0.943297 -0.229044 -0.000000 -0.071741 0.218054 0.973297 0.000001 0.000000 0.000000 0.000000 1.000000
0.968052 0.250285 0.015281 0.860328 -0.240269 0.943297 -0.229044 -0.000000 -0.071741 0.218054 0.973297 0.000001 0.000000 0.000000 0.000000 1.000000
0.968052 0.250285 0.015281 0.860328 -0.240269 0.943297 -0.229044 -0.000000 -0.071741 0.218054 0.973297 0.000001 0.000000 0.000000 0.000000 1.000000
0.968052 0.250285 0.015281 0.860328 -0.240269 0.943297 -0.229044 -0.000000 -0.071741 0.218054 0.973297 0.000001 0.000000 0.000000 0.000000 1.000000
0.968052 0.250285 0.015281 0.860328 -0.240269 0.943297 -0.229044 -0.000000 -0.071741 0.218054 0.973297 0.000001 0.000000 0.000000 0.000000 1.000000
0.968052 0.250285 0.015281 0.860328 -0.240269 0.943297 -0.229044 -0.000000 -0.071741 0.218054 0.973297 0.000001 0.000000 0.000000 0.000000 1.000000
0.968052 0.250285 0.015281 0.860328 -0.240269 0.943297 -0.229044 -0.000000 -0.071741 0.218054 0.973297 0.000001 0.000000 0.000000 0.000000 1.000000
0.968052 0.250285 0.015281 0.860328 -0.240269 0.943297 -0.229044 -0.000000 -0.071741 0.218054 0.973297 0.000001 0.000000 0.000000 0.000000 1.000000
0.968052 0.250285 0.015281 0.860328 -0.240269 0.943297 -0.229044 -0.000000 -0.071741 0.218054 0.973297 0.000001 0.000000 0.000000 0.000000 1.000000
0.968052 0.250285 0.015281 0.860328 -0.240269 0.943297 -0.229044 -0.000000 -0.071741 0.218054 0.973297 0.000001 0.000000 0.000000 0.000000 1.000000
0.968052 0.250285 0.015281 0.860328 -0.240269 0.943297 -0.229044 -0.000000 -0.071741 0.218054 0.973297 0.000001 0.000000 0.000000 0.000000 1.000000</float_array>
     <technique_common>
      <accessor source="#jnt_left_leg-Matrix-animation-output-transform-array" count="15" stride="16">
       <param type="float4x4"></param>
      </accessor>
     </technique_common>
    </source>
    <source id="jnt_left_leg-Interpolations">
     <Name_array id="jnt_left_leg-Interpolations-array" count="15">
 LINEAR LINEAR LINEAR LINEAR LINEAR LINEAR LINEAR LINEAR LINEAR LINEAR LINEAR
LINEAR LINEAR LINEAR LINEAR</Name_array>
     <technique_common>
      <accessor source="#jnt_left_leg-Interpolations-array" count="15">
       <param type="name"></param>
      </accessor>
     </technique_common>
    </source>
    <sampler id="jnt_left_leg-Matrix-animation-transform">
     <input semantic="INPUT" source="#jnt_left_leg-Matrix-animation-input"></input>
     <input semantic="OUTPUT" source="#jnt_left_leg-Matrix-animation-output-transform"></input>
     <input semantic="INTERPOLATION" source="#jnt_left_leg-Interpolations"></input>
    </sampler>
    <channel source="#jnt_left_leg-Matrix-animation-transform" target="jnt_left_leg/matrix"></channel>
   </animation>
  </animation>
  <animation id="jnt_left_legroll-anim" name="jnt_left_legroll">
   <animation>
    <source id="jnt_left_legroll-Matrix-animation-input">
     <float_array id="jnt_left_legroll-Matrix-animation-input-array" count="15">

0.000000 0.033333 0.066667 0.100000 0.133333 0.166667 0.200000 0.233333 0.266667 0.300000 0.333333 0.366667 0.400000 0.433333 0.466667</float_array>
     <technique_common>
      <accessor source="#jnt_left_legroll-Matrix-animation-input-array" count="15">
       <param name="TIME" type="float"></param>
      </accessor>
     </technique_common>
    </source>
    <source id="jnt_left_legroll-Matrix-animation-output-transform">
     <float_array id="jnt_left_legroll-Matrix-animation-output-transform-array" count="240">

1.000000 0.000000 -0.000000 0.384000 -0.000000 1.000000 -0.000000 0.000000 0.000000 0.000000 1.000000 -0.000000 0.000000 0.000000 0.000000 1.000000
1.000000 0.000000 -0.000000 0.384000 -0.000000 1.000000 -0.000000 0.000000 0.000000 0.000000 1.000000 -0.000000 0.000000 0.000000 0.000000 1.000000
1.000000 0.000000 -0.000000 0.384000 -0.000000 1.000000 -0.000000 0.000000 0.000000 0.000000 1.000000 -0.000000 0.000000 0.000000 0.000000 1.000000
1.000000 0.000000 -0.000000 0.384000 -0.000000 1.000000 -0.000000 0.000000 0.000000 0.000000 1.000000 -0.000000 0.000000 0.000000 0.000000 1.000000
1.000000 0.000000 -0.000000 0.384000 -0.000000 1.000000 -0.000000 0.000000 0.000000 0.000000 1.000000 -0.000000 0.000000 0.000000 0.000000 1.000000
1.000000 0.000000 -0.000000 0.384000 -0.000000 1.000000 -0.000000 0.000000 0.000000 0.000000 1.000000 -0.000000 0.000000 0.000000 0.000000 1.000000
1.000000 0.000000 -0.000000 0.384000 -0.000000 1.000000 -0.000000 0.000000 0.000000 0.000000 1.000000 -0.000000 0.000000 0.000000 0.000000 1.000000
1.000000 0.000000 -0.000000 0.384000 -0.000000 1.000000 -0.000000 0.000000 0.000000 0.000000 1.000000 -0.000000 0.000000 0.000000 0.000000 1.000000
1.000000 0.000000 -0.000000 0.384000 -0.000000 1.000000 -0.000000 0.000000 0.000000 0.000000 1.000000 -0.000000 0.000000 0.000000 0.000000 1.000000
1.000000 0.000000 -0.000000 0.384000 -0.000000 1.000000 -0.000000 0.000000 0.000000 0.000000 1.000000 -0.000000 0.000000 0.000000 0.000000 1.000000
1.000000 0.000000 -0.000000 0.384000 -0.000000 1.000000 -0.000000 0.000000 0.000000 0.000000 1.000000 -0.000000 0.000000 0.000000 0.000000 1.000000
1.000000 0.000000 -0.000000 0.384000 -0.000000 1.000000 -0.000000 0.000000 0.000000 0.000000 1.000000 -0.000000 0.000000 0.000000 0.000000 1.000000
1.000000 0.000000 -0.000000 0.384000 -0.000000 1.000000 -0.000000 0.000000 0.000000 0.000000 1.000000 -0.000000 0.000000 0.000000 0.000000 1.000000
1.000000 0.000000 -0.000000 0.384000 -0.000000 1.000000 -0.000000 0.000000 0.000000 0.000000 1.000000 -0.000000 0.000000 0.000000 0.000000 1.000000
1.000000 0.000000 -0.000000 0.384000 -0.000000 1.000000 -0.000000 0.000000 0.000000 0.000000 1.000000 -0.000000 0.000000 0.000000 0.000000 1.000000</float_array>
     <technique_common>
      <accessor source="#jnt_left_legroll-Matrix-animation-output-transform-array" count="15" stride="16">
       <param type="float4x4"></param>
      </accessor>
     </technique_common>
    </source>
    <source id="jnt_left_legroll-Interpolations">
     <Name_array id="jnt_left_legroll-Interpolations-array" count="15">
 LINEAR LINEAR LINEAR LINEAR LINEAR LINEAR LINEAR LINEAR LINEAR LINEAR LINEAR
LINEAR LINEAR LINEAR LINEAR</Name_array>
     <technique_common>
      <accessor source="#jnt_left_legroll-Interpolations-array" count="15">
       <param type="name"></param>
      </accessor>
     </technique_common>
    </source>
    <sampler id="jnt_left_legroll-Matrix-animation-transform">
     <input semantic="INPUT" source="#jnt_left_legroll-Matrix-animation-input"></input>
     <input semantic="OUTPUT" source="#jnt_left_legroll-Matrix-animation-output-transform"></input>
     <input semantic="INTERPOLATION" source="#jnt_left_legroll-Interpolations"></input>
    </sampler>
    <channel source="#jnt_left_legroll-Matrix-animation-transform" target="jnt_left_legroll/matrix"></channel>
   </animation>
  </animation>
  <animation id="jnt_left_foot-anim" name="jnt_left_foot">
   <animation>
    <source id="jnt_left_foot-Matrix-animation-input">
     <float_array id="jnt_left_foot-Matrix-animation-input-array" count="15">

0.000000 0.033333 0.066667 0.100000 0.133333 0.166667 0.200000 0.233333 0.266667 0.300000 0.333333 0.366667 0.400000 0.433333 0.466667</float_array>
     <technique_common>
      <accessor source="#jnt_left_foot-Matrix-animation-input-array" count="15">
       <param name="TIME" type="float"></param>
      </accessor>
     </technique_common>
    </source>
    <source id="jnt_left_foot-Matrix-animation-output-transform">
     <float_array id="jnt_left_foot-Matrix-animation-output-transform-array" count="240">

0.278754 -0.954828 -0.102953 0.768142 0.945569 0.291622 -0.144416 0.000000 0.167916 -0.057093 0.984147 -0.000001 0.000000 0.000000 0.000000 1.000000
0.278754 -0.954828 -0.102953 0.768142 0.945569 0.291622 -0.144416 0.000000 0.167916 -0.057093 0.984147 -0.000001 0.000000 0.000000 0.000000 1.000000
0.278754 -0.954828 -0.102953 0.768142 0.945569 0.291622 -0.144416 0.000000 0.167916 -0.057093 0.984147 -0.000001 0.000000 0.000000 0.000000 1.000000
0.278754 -0.954828 -0.102953 0.768142 0.945569 0.291622 -0.144416 0.000000 0.167916 -0.057093 0.984147 -0.000001 0.000000 0.000000 0.000000 1.000000
0.278754 -0.954828 -0.102953 0.768142 0.945569 0.291622 -0.144416 0.000000 0.167916 -0.057093 0.984147 -0.000001 0.000000 0.000000 0.000000 1.000000
0.278754 -0.954828 -0.102953 0.768142 0.945569 0.291622 -0.144416 0.000000 0.167916 -0.057093 0.984147 -0.000001 0.000000 0.000000 0.000000 1.000000
0.278754 -0.954828 -0.102953 0.768142 0.945569 0.291622 -0.144416 0.000000 0.167916 -0.057093 0.984147 -0.000001 0.000000 0.000000 0.000000 1.000000
0.278754 -0.954828 -0.102953 0.768142 0.945569 0.291622 -0.144416 0.000000 0.167916 -0.057093 0.984147 -0.000001 0.000000 0.000000 0.000000 1.000000
0.278754 -0.954828 -0.102953 0.768142 0.945569 0.291622 -0.144416 0.000000 0.167916 -0.057093 0.984147 -0.000001 0.000000 0.000000 0.000000 1.000000
0.278754 -0.954828 -0.102953 0.768142 0.945569 0.291622 -0.144416 0.000000 0.167916 -0.057093 0.984147 -0.000001 0.000000 0.000000 0.000000 1.000000
0.278754 -0.954828 -0.102953 0.768142 0.945569 0.291622 -0.144416 0.000000 0.167916 -0.057093 0.984147 -0.000001 0.000000 0.000000 0.000000 1.000000
0.278754 -0.954828 -0.102953 0.768142 0.945569 0.291622 -0.144416 0.000000 0.167916 -0.057093 0.984147 -0.000001 0.000000 0.000000 0.000000 1.000000
0.278754 -0.954828 -0.102953 0.768142 0.945569 0.291622 -0.144416 0.000000 0.167916 -0.057093 0.984147 -0.000001 0.000000 0.000000 0.000000 1.000000
0.278754 -0.954828 -0.102953 0.768142 0.945569 0.291622 -0.144416 0.000000 0.167916 -0.057093 0.984147 -0.000001 0.000000 0.000000 0.000000 1.000000
0.278754 -0.954828 -0.102953 0.768142 0.945569 0.291622 -0.144416 0.000000 0.167916 -0.057093 0.984147 -0.000001 0.000000 0.000000 0.000000 1.000000</float_array>
     <technique_common>
      <accessor source="#jnt_left_foot-Matrix-animation-output-transform-array" count="15" stride="16">
       <param type="float4x4"></param>
      </accessor>
     </technique_common>
    </source>
    <source id="jnt_left_foot-Interpolations">
     <Name_array id="jnt_left_foot-Interpolations-array" count="15">
 LINEAR LINEAR LINEAR LINEAR LINEAR LINEAR LINEAR LINEAR LINEAR LINEAR LINEAR
LINEAR LINEAR LINEAR LINEAR</Name_array>
     <technique_common>
      <accessor source="#jnt_left_foot-Interpolations-array" count="15">
       <param type="name"></param>
      </accessor>
     </technique_common>
    </source>
    <sampler id="jnt_left_foot-Matrix-animation-transform">
     <input semantic="INPUT" source="#jnt_left_foot-Matrix-animation-input"></input>
     <input semantic="OUTPUT" source="#jnt_left_foot-Matrix-animation-output-transform"></input>
     <input semantic="INTERPOLATION" source="#jnt_left_foot-Interpolations"></input>
    </sampler>
    <channel source="#jnt_left_foot-Matrix-animation-transform" target="jnt_left_foot/matrix"></channel>
   </animation>
  </animation>
  <animation id="jnt_left_toebase-anim" name="jnt_left_toebase">
   <animation>
    <source id="jnt_left_toebase-Matrix-animation-input">
     <float_array id="jnt_left_toebase-Matrix-animation-input-array" count="15">

0.000000 0.033333 0.066667 0.100000 0.133333 0.166667 0.200000 0.233333 0.266667 0.300000 0.333333 0.366667 0.400000 0.433333 0.466667</float_array>
     <technique_common>
      <accessor source="#jnt_left_toebase-Matrix-animation-input-array" count="15">
       <param name="TIME" type="float"></param>
      </accessor>
     </technique_common>
    </source>
    <source id="jnt_left_toebase-Matrix-animation-output-transform">
     <float_array id="jnt_left_toebase-Matrix-animation-output-transform-array" count="240">

0.918936 -0.394407 0.000000 0.441847 0.394407 0.918936 -0.000000 0.000000 0.000000 0.000000 1.000000 -0.000000 0.000000 0.000000 0.000000 1.000000
0.918936 -0.394407 0.000000 0.441847 0.394407 0.918936 -0.000000 0.000000 0.000000 0.000000 1.000000 -0.000000 0.000000 0.000000 0.000000 1.000000
0.918936 -0.394407 0.000000 0.441847 0.394407 0.918936 -0.000000 0.000000 0.000000 0.000000 1.000000 -0.000000 0.000000 0.000000 0.000000 1.000000
0.918936 -0.394407 0.000000 0.441847 0.394407 0.918936 -0.000000 0.000000 0.000000 0.000000 1.000000 -0.000000 0.000000 0.000000 0.000000 1.000000
0.918936 -0.394407 0.000000 0.441847 0.394407 0.918936 -0.000000 0.000000 0.000000 0.000000 1.000000 -0.000000 0.000000 0.000000 0.000000 1.000000
0.918936 -0.394407 0.000000 0.441847 0.394407 0.918936 -0.000000 0.000000 0.000000 0.000000 1.000000 -0.000000 0.000000 0.000000 0.000000 1.000000
0.918936 -0.394407 0.000000 0.441847 0.394407 0.918936 -0.000000 0.000000 0.000000 0.000000 1.000000 -0.000000 0.000000 0.000000 0.000000 1.000000
0.918936 -0.394407 0.000000 0.441847 0.394407 0.918936 -0.000000 0.000000 0.000000 0.000000 1.000000 -0.000000 0.000000 0.000000 0.000000 1.000000
0.918936 -0.394407 0.000000 0.441847 0.394407 0.918936 -0.000000 0.000000 0.000000 0.000000 1.000000 -0.000000 0.000000 0.000000 0.000000 1.000000
0.918936 -0.394407 0.000000 0.441847 0.394407 0.918936 -0.000000 0.000000 0.000000 0.000000 1.000000 -0.000000 0.000000 0.000000 0.000000 1.000000
0.918936 -0.394407 0.000000 0.441847 0.394407 0.918936 -0.000000 0.000000 0.000000 0.000000 1.000000 -0.000000 0.000000 0.000000 0.000000 1.000000
0.918936 -0.394407 0.000000 0.441847 0.394407 0.918936 -0.000000 0.000000 0.000000 0.000000 1.000000 -0.000000 0.000000 0.000000 0.000000 1.000000
0.918936 -0.394407 0.000000 0.441847 0.394407 0.918936 -0.000000 0.000000 0.000000 0.000000 1.000000 -0.000000 0.000000 0.000000 0.000000 1.000000
0.918936 -0.394407 0.000000 0.441847 0.394407 0.918936 -0.000000 0.000000 0.000000 0.000000 1.000000 -0.000000 0.000000 0.000000 0.000000 1.000000
0.918936 -0.394407 0.000000 0.441847 0.394407 0.918936 -0.000000 0.000000 0.000000 0.000000 1.000000 -0.000000 0.000000 0.000000 0.000000 1.000000</float_array>
     <technique_common>
      <accessor source="#jnt_left_toebase-Matrix-animation-output-transform-array" count="15" stride="16">
       <param type="float4x4"></param>
      </accessor>
     </technique_common>
    </source>
    <source id="jnt_left_toebase-Interpolations">
     <Name_array id="jnt_left_toebase-Interpolations-array" count="15">
 LINEAR LINEAR LINEAR LINEAR LINEAR LINEAR LINEAR LINEAR LINEAR LINEAR LINEAR
LINEAR LINEAR LINEAR LINEAR</Name_array>
     <technique_common>
      <accessor source="#jnt_left_toebase-Interpolations-array" count="15">
       <param type="name"></param>
      </accessor>
     </technique_common>
    </source>
    <sampler id="jnt_left_toebase-Matrix-animation-transform">
     <input semantic="INPUT" source="#jnt_left_toebase-Matrix-animation-input"></input>
     <input semantic="OUTPUT" source="#jnt_left_toebase-Matrix-animation-output-transform"></input>
     <input semantic="INTERPOLATION" source="#jnt_left_toebase-Interpolations"></input>
    </sampler>
    <channel source="#jnt_left_toebase-Matrix-animation-transform" target="jnt_left_toebase/matrix"></channel>
   </animation>
  </animation>
  <animation id="jnt_left_toeend-anim" name="jnt_left_toeend">
   <animation>
    <source id="jnt_left_toeend-Matrix-animation-input">
     <float_array id="jnt_left_toeend-Matrix-animation-input-array" count="15">

0.000000 0.033333 0.066667 0.100000 0.133333 0.166667 0.200000 0.233333 0.266667 0.300000 0.333333 0.366667 0.400000 0.433333 0.466667</float_array>
     <technique_common>
      <accessor source="#jnt_left_toeend-Matrix-animation-input-array" count="15">
       <param name="TIME" type="float"></param>
      </accessor>
     </technique_common>
    </source>
    <source id="jnt_left_toeend-Matrix-animation-output-transform">
     <float_array id="jnt_left_toeend-Matrix-animation-output-transform-array" count="240">

1.000000 -0.000001 -0.000000 0.379397 0.000001 1.000000 -0.000000 -0.000000 0.000000 0.000000 1.000000 -0.000000 0.000000 0.000000 0.000000 1.000000
1.000000 -0.000001 -0.000000 0.379397 0.000001 1.000000 -0.000000 -0.000000 0.000000 0.000000 1.000000 -0.000000 0.000000 0.000000 0.000000 1.000000
1.000000 -0.000001 -0.000000 0.379397 0.000001 1.000000 -0.000000 -0.000000 0.000000 0.000000 1.000000 -0.000000 0.000000 0.000000 0.000000 1.000000
1.000000 -0.000001 -0.000000 0.379397 0.000001 1.000000 -0.000000 -0.000000 0.000000 0.000000 1.000000 -0.000000 0.000000 0.000000 0.000000 1.000000
1.000000 -0.000001 -0.000000 0.379397 0.000001 1.000000 -0.000000 -0.000000 0.000000 0.000000 1.000000 -0.000000 0.000000 0.000000 0.000000 1.000000
1.000000 -0.000001 -0.000000 0.379397 0.000001 1.000000 -0.000000 -0.000000 0.000000 0.000000 1.000000 -0.000000 0.000000 0.000000 0.000000 1.000000
1.000000 -0.000001 -0.000000 0.379397 0.000001 1.000000 -0.000000 -0.000000 0.000000 0.000000 1.000000 -0.000000 0.000000 0.000000 0.000000 1.000000
1.000000 -0.000001 -0.000000 0.379397 0.000001 1.000000 -0.000000 -0.000000 0.000000 0.000000 1.000000 -0.000000 0.000000 0.000000 0.000000 1.000000
1.000000 -0.000001 -0.000000 0.379397 0.000001 1.000000 -0.000000 -0.000000 0.000000 0.000000 1.000000 -0.000000 0.000000 0.000000 0.000000 1.000000
1.000000 -0.000001 -0.000000 0.379397 0.000001 1.000000 -0.000000 -0.000000 0.000000 0.000000 1.000000 -0.000000 0.000000 0.000000 0.000000 1.000000
1.000000 -0.000001 -0.000000 0.379397 0.000001 1.000000 -0.000000 -0.000000 0.000000 0.000000 1.000000 -0.000000 0.000000 0.000000 0.000000 1.000000
1.000000 -0.000001 -0.000000 0.379397 0.000001 1.000000 -0.000000 -0.000000 0.000000 0.000000 1.000000 -0.000000 0.000000 0.000000 0.000000 1.000000
1.000000 -0.000001 -0.000000 0.379397 0.000001 1.000000 -0.000000 -0.000000 0.000000 0.000000 1.000000 -0.000000 0.000000 0.000000 0.000000 1.000000
1.000000 -0.000001 -0.000000 0.379397 0.000001 1.000000 -0.000000 -0.000000 0.000000 0.000000 1.000000 -0.000000 0.000000 0.000000 0.000000 1.000000
1.000000 -0.000001 -0.000000 0.379397 0.000001 1.000000 -0.000000 -0.000000 0.000000 0.000000 1.000000 -0.000000 0.000000 0.000000 0.000000 1.000000</float_array>
     <technique_common>
      <accessor source="#jnt_left_toeend-Matrix-animation-output-transform-array" count="15" stride="16">
       <param type="float4x4"></param>
      </accessor>
     </technique_common>
    </source>
    <source id="jnt_left_toeend-Interpolations">
     <Name_array id="jnt_left_toeend-Interpolations-array" count="15">
 LINEAR LINEAR LINEAR LINEAR LINEAR LINEAR LINEAR LINEAR LINEAR LINEAR LINEAR
LINEAR LINEAR LINEAR LINEAR</Name_array>
     <technique_common>
      <accessor source="#jnt_left_toeend-Interpolations-array" count="15">
       <param type="name"></param>
      </accessor>
     </technique_common>
    </source>
    <sampler id="jnt_left_toeend-Matrix-animation-transform">
     <input semantic="INPUT" source="#jnt_left_toeend-Matrix-animation-input"></input>
     <input semantic="OUTPUT" source="#jnt_left_toeend-Matrix-animation-output-transform"></input>
     <input semantic="INTERPOLATION" source="#jnt_left_toeend-Interpolations"></input>
    </sampler>
    <channel source="#jnt_left_toeend-Matrix-animation-transform" target="jnt_left_toeend/matrix"></channel>
   </animation>
  </animation>
 </library_animations>
 <library_visual_scenes>
  <visual_scene id="Scene" name="Scene">
   <node name="HIK_root_jnt" id="HIK_root_jnt" sid="HIK_root_jnt" type="JOINT">
    <matrix sid="matrix">1.000000 0.000000 0.000000 0.000000 0.000000 1.000000 -0.000000 0.000000 0.000000 0.000000 1.000000 0.000000 0.000000 0.000000 0.000000 1.000000</matrix>
    <extra>
     <technique profile="FCOLLADA">
      <visibility>1.000000</visibility>
     </technique>
    </extra>
   </node>
   <node name="root_jnt" id="root_jnt" sid="root_jnt" type="JOINT">
    <matrix sid="matrix">1.000000 0.000000 0.000000 0.000000 0.000000 1.000000 -0.000000 0.000000 0.000000 0.000000 1.000000 0.000000 0.000000 0.000000 0.000000 1.000000</matrix>
    <extra>
     <technique profile="FCOLLADA">
      <visibility>1.000000</visibility>
     </technique>
    </extra>
    <node name="jnt_hips" id="jnt_hips" sid="jnt_hips" type="JOINT">
     <matrix sid="matrix">1.000000 0.000000 0.000000 0.000000 -0.000000 0.999997 -0.002456 2.061423 -0.000000 0.002456 0.999997 -0.094053 0.000000 0.000000 0.000000 1.000000</matrix>
     <extra>
      <technique profile="FCOLLADA">
       <visibility>1.000000</visibility>
      </technique>
     </extra>
     <node name="jnt_height" id="jnt_height" sid="jnt_height" type="JOINT">
      <matrix sid="matrix">1.000000 0.000000 0.000000 -0.000000 -0.000000 0.999997 -0.002456 -0.000000 -0.000000 0.002456 0.999997 0.000000 0.000000 0.000000 0.000000 1.000000</matrix>
      <extra>
       <technique profile="FCOLLADA">
        <visibility>1.000000</visibility>
       </technique>
      </extra>
      <node name="jnt_spine1" id="jnt_spine1" sid="jnt_spine1" type="JOINT">
       <matrix sid="matrix">0.000000 0.000000 1.000000 0.000000 0.999914 -0.013155 -0.000000 0.212132 0.013155 0.999914 -0.000000 0.023482 0.000000 0.000000 0.000000 1.000000</matrix>
       <extra>
        <technique profile="FCOLLADA">
         <visibility>1.000000</visibility>
        </technique>
       </extra>
       <node name="jnt_spine2" id="jnt_spine2" sid="jnt_spine2" type="JOINT">
        <matrix sid="matrix">0.998580 0.053271 -0.000000 0.426848 -0.053271 0.998580 -0.000000 0.000003 0.000000 0.000000 1.000000 -0.000000 0.000000 0.000000 0.000000 1.000000</matrix>
        <extra>
         <technique profile="FCOLLADA">
          <visibility>1.000000</visibility>
         </technique>
        </extra>
        <node name="jnt_spine3" id="jnt_spine3" sid="jnt_spine3" type="JOINT">
         <matrix sid="matrix">0.997528 0.070262 -0.000000 0.555067 -0.070262 0.997528 -0.000000 0.000000 0.000000 0.000000 1.000000 -0.000000 0.000000 0.000000 0.000000 1.000000</matrix>
         <extra>
          <technique profile="FCOLLADA">
           <visibility>1.000000</visibility>
          </technique>
         </extra>
         <node name="jnt_neck" id="jnt_neck" sid="jnt_neck" type="JOINT">
          <matrix sid="matrix">0.999409 -0.034365 -0.000000 0.867450 0.034365 0.999409 -0.000000 0.171573 0.000000 0.000000 1.000000 -0.000000 0.000000 0.000000 0.000000 1.000000</matrix>
          <extra>
           <technique profile="FCOLLADA">
            <visibility>1.000000</visibility>
           </technique>
          </extra>
          <node name="jnt_head" id="jnt_head" sid="jnt_head" type="JOINT">
           <matrix sid="matrix">0.999537 -0.030417 -0.000001 0.273591 0.030417 0.999537 0.000000 0.000002 0.000001 -0.000000 1.000000 -0.000000 0.000000 0.000000 0.000000 1.000000</matrix>
           <extra>
            <technique profile="FCOLLADA">
             <visibility>1.000000</visibility>
            </technique>
           </extra>
           <node name="jnt_headappend" id="jnt_headappend" sid="jnt_headappend" type="JOINT">
            <matrix sid="matrix">1.000000 0.000000 -0.000000 0.000000 -0.000000 1.000000 0.000000 0.000000 0.000000 -0.000000 1.000000 0.000000 0.000000 0.000000 0.000000 1.000000</matrix>
            <extra>
             <technique profile="FCOLLADA">
              <visibility>1.000000</visibility>
             </technique>
            </extra>
           </node>
          </node>
         </node>
         <node name="jnt_left_armroot" id="jnt_left_armroot" sid="jnt_left_armroot" type="JOINT">
          <matrix sid="matrix">1.000000 -0.000004 -0.000000 0.000000 0.000004 1.000000 -0.000000 0.000000 0.000000 0.000000 1.000000 -0.000000 0.000000 0.000000 0.000000 1.000000</matrix>
          <extra>
           <technique profile="FCOLLADA">
            <visibility>1.000000</visibility>
           </technique>
          </extra>
          <node name="jnt_left_shoulder" id="jnt_left_shoulder" sid="jnt_left_shoulder" type="JOINT">
           <matrix sid="matrix">-0.019289 0.092831 -0.995495 0.337657 0.352002 -0.931301 -0.093665 0.082785 -0.935800 -0.352223 -0.014713 0.166187 0.000000 0.000000 0.000000 1.000000</matrix>
           <extra>
            <technique profile="FCOLLADA">
             <visibility>1.000000</visibility>
            </technique>
           </extra>
           <node name="jnt_left_arm" id="jnt_left_arm" sid="jnt_left_arm" type="JOINT">
            <matrix sid="matrix">-0.258151 -0.888322 0.379790 -0.525417 0.912787 -0.095476 0.397122 -0.032447 -0.316512 0.449184 0.835496 0.009491 0.000000 0.000000 0.000000 1.000000</matrix>
            <extra>
             <technique profile="FCOLLADA">
              <visibility>1.000000</visibility>
             </technique>
            </extra>
            <node name="jnt_left_armroll" id="jnt_left_armroll" sid="jnt_left_armroll" type="JOINT">
             <matrix sid="matrix">1.000000 -0.000000 0.000000 -0.421995 0.000000 1.000000 0.000000 0.000002 -0.000000 -0.000000 1.000000 -0.000004 0.000000 0.000000 0.000000 1.000000</matrix>
             <extra>
              <technique profile="FCOLLADA">
               <visibility>1.000000</visibility>
              </technique>
             </extra>
            </node>
            <node name="jnt_left_forearm" id="jnt_left_forearm" sid="jnt_left_forearm" type="JOINT">
             <matrix sid="matrix">0.845578 -0.527094 0.084672 -0.843981 0.525200 0.792905 -0.308976 0.000001 0.095723 0.305732 0.947293 0.000004 0.000000 0.000000 0.000000 1.000000</matrix>
             <extra>
              <technique profile="FCOLLADA">
               <visibility>1.000000</visibility>
              </technique>
             </extra>
             <node name="jnt_left_forearmroll" id="jnt_left_forearmroll" sid="jnt_left_forearmroll" type="JOINT">
              <matrix sid="matrix">1.000000 0.000001 -0.000000 -0.487001 -0.000001 1.000000 -0.000000 -0.000001 0.000000 0.000000 1.000000 -0.000004 0.000000 0.000000 0.000000 1.000000</matrix>
              <extra>
               <technique profile="FCOLLADA">
                <visibility>1.000000</visibility>
               </technique>
              </extra>
             </node>
             <node name="jnt_left_hand" id="jnt_left_hand" sid="jnt_left_hand" type="JOINT">
              <matrix sid="matrix">0.783529 -0.606334 0.135802 -0.975262 0.607806 0.702517 -0.370191 -0.000001 0.129056 0.372596 0.918976 -0.000000 0.000000 0.000000 0.000000 1.000000</matrix>
              <extra>
               <technique profile="FCOLLADA">
                <visibility>1.000000</visibility>
               </technique>
              </extra>
              <node name="jnt_left_handthumb1" id="jnt_left_handthumb1" sid="jnt_left_handthumb1" type="JOINT">
               <matrix sid="matrix">0.813615 -0.267172 0.516382 -0.060229 -0.008346 0.882704 0.469854 -0.203940 -0.581345 -0.386590 0.715951 0.155677 0.000000 0.000000 0.000000 1.000000</matrix>
               <extra>
                <technique profile="FCOLLADA">
                 <visibility>1.000000</visibility>
                </technique>
               </extra>
               <node name="jnt_left_handthumb2" id="jnt_left_handthumb2" sid="jnt_left_handthumb2" type="JOINT">
                <matrix sid="matrix">0.891779 0.452471 -0.000001 -0.213227 -0.452471 0.891779 -0.000003 -0.000002 -0.000001 0.000003 1.000000 0.000003 0.000000 0.000000 0.000000 1.000000</matrix>
                <extra>
                 <technique profile="FCOLLADA">
                  <visibility>1.000000</visibility>
                 </technique>
                </extra>
                <node name="jnt_left_handthumb3" id="jnt_left_handthumb3" sid="jnt_left_handthumb3" type="JOINT">
                 <matrix sid="matrix">0.919114 0.393992 -0.000001 -0.141879 -0.393992 0.919114 -0.000003 0.000003 -0.000000 0.000003 1.000000 -0.000027 0.000000 0.000000 0.000000 1.000000</matrix>
                 <extra>
                  <technique profile="FCOLLADA">
                   <visibility>1.000000</visibility>
                  </technique>
                 </extra>
                 <node name="jnt_left_handthumb4" id="jnt_left_handthumb4" sid="jnt_left_handthumb4" type="JOINT">
                  <matrix sid="matrix">1.000000 -0.000000 0.000000 -0.122601 0.000000 1.000000 0.000000 -0.000006 -0.000000 -0.000000 1.000000 0.000004 0.000000 0.000000 0.000000 1.000000</matrix>
                  <extra>
                   <technique profile="FCOLLADA">
                    <visibility>1.000000</visibility>
                   </technique>
                  </extra>
                 </node>
                </node>
               </node>
              </node>
              <node name="jnt_left_handindex1" id="jnt_left_handindex1" sid="jnt_left_handindex1" type="JOINT">
               <matrix sid="matrix">0.649735 0.749596 0.126290 -0.494375 0.141400 0.044057 -0.988972 -0.203977 -0.746893 0.660428 -0.077368 -0.029847 0.000000 0.000000 0.000000 1.000000</matrix>
               <extra>
                <technique profile="FCOLLADA">
                 <visibility>1.000000</visibility>
                </technique>
               </extra>
               <node name="jnt_left_handindex2" id="jnt_left_handindex2" sid="jnt_left_handindex2" type="JOINT">
                <matrix sid="matrix">0.911301 0.411741 -0.000000 -0.145432 -0.411741 0.911301 -0.000000 0.001125 0.000000 0.000001 1.000000 0.000040 0.000000 0.000000 0.000000 1.000000</matrix>
                <extra>
                 <technique profile="FCOLLADA">
                  <visibility>1.000000</visibility>
                 </technique>
                </extra>
                <node name="jnt_left_handindex3" id="jnt_left_handindex3" sid="jnt_left_handindex3" type="JOINT">
                 <matrix sid="matrix">0.968134 0.250434 -0.000000 -0.093752 -0.250434 0.968134 0.000001 0.000002 0.000000 -0.000001 1.000000 0.000000 0.000000 0.000000 0.000000 1.000000</matrix>
                 <extra>
                  <technique profile="FCOLLADA">
                   <visibility>1.000000</visibility>
                  </technique>
                 </extra>
                 <node name="jnt_left_handindex4" id="jnt_left_handindex4" sid="jnt_left_handindex4" type="JOINT">
                  <matrix sid="matrix">1.000000 -0.000000 0.000000 -0.107084 0.000000 1.000000 0.000000 0.000049 -0.000000 -0.000000 1.000000 -0.001504 0.000000 0.000000 0.000000 1.000000</matrix>
                  <extra>
                   <technique profile="FCOLLADA">
                    <visibility>1.000000</visibility>
                   </technique>
                  </extra>
                 </node>
                </node>
               </node>
              </node>
              <node name="jnt_left_weapon" id="jnt_left_weapon" sid="jnt_left_weapon" type="JOINT">
               <matrix sid="matrix">-0.068652 -0.108939 -0.991679 -0.369354 0.108715 -0.988918 0.101111 -0.054074 -0.991705 -0.100868 0.079734 0.296616 0.000000 0.000000 0.000000 1.000000</matrix>
               <extra>
                <technique profile="FCOLLADA">
                 <visibility>1.000000</visibility>
                </technique>
               </extra>
              </node>
              <node name="jnt_left_handmiddle1" id="jnt_left_handmiddle1" sid="jnt_left_handmiddle1" type="JOINT">
               <matrix sid="matrix">0.589326 0.805986 0.055505 -0.489248 0.167788 -0.054900 -0.984293 -0.062066 -0.790280 0.589383 -0.167589 -0.036308 0.000000 0.000000 0.000000 1.000000</matrix>
               <extra>
                <technique profile="FCOLLADA">
                 <visibility>1.000000</visibility>
                </technique>
               </extra>
               <node name="jnt_left_handmiddle2" id="jnt_left_handmiddle2" sid="jnt_left_handmiddle2" type="JOINT">
                <matrix sid="matrix">0.882669 0.469995 -0.000000 -0.176688 -0.469995 0.882669 0.000000 0.000004 0.000000 0.000000 1.000000 0.000000 0.000000 0.000000 0.000000 1.000000</matrix>
                <extra>
                 <technique profile="FCOLLADA">
                  <visibility>1.000000</visibility>
                 </technique>
                </extra>
                <node name="jnt_left_handmiddle3" id="jnt_left_handmiddle3" sid="jnt_left_handmiddle3" type="JOINT">
                 <matrix sid="matrix">0.964292 0.264842 0.000000 -0.108367 -0.264843 0.964292 0.000000 0.000002 -0.000000 -0.000000 1.000000 0.000000 0.000000 0.000000 0.000000 1.000000</matrix>
                 <extra>
                  <technique profile="FCOLLADA">
                   <visibility>1.000000</visibility>
                  </technique>
                 </extra>
                 <node name="jnt_left_handmiddle4" id="jnt_left_handmiddle4" sid="jnt_left_handmiddle4" type="JOINT">
                  <matrix sid="matrix">1.000000 -0.000000 -0.000000 -0.119193 0.000000 1.000000 0.000000 -0.000106 0.000000 -0.000000 1.000000 0.000005 0.000000 0.000000 0.000000 1.000000</matrix>
                  <extra>
                   <technique profile="FCOLLADA">
                    <visibility>1.000000</visibility>
                   </technique>
                  </extra>
                 </node>
                </node>
               </node>
              </node>
              <node name="jnt_left_handring1" id="jnt_left_handring1" sid="jnt_left_handring1" type="JOINT">
               <matrix sid="matrix">0.607009 0.788827 -0.096399 -0.469964 0.133184 -0.220566 -0.966236 0.076797 -0.783455 0.573675 -0.238944 -0.036647 0.000000 0.000000 0.000000 1.000000</matrix>
               <extra>
                <technique profile="FCOLLADA">
                 <visibility>1.000000</visibility>
                </technique>
               </extra>
               <node name="jnt_left_handring2" id="jnt_left_handring2" sid="jnt_left_handring2" type="JOINT">
                <matrix sid="matrix">0.873034 0.487660 0.000000 -0.184233 -0.487660 0.873034 -0.000001 -0.000001 -0.000001 0.000001 1.000000 -0.000001 0.000000 0.000000 0.000000 1.000000</matrix>
                <extra>
                 <technique profile="FCOLLADA">
                  <visibility>1.000000</visibility>
                 </technique>
                </extra>
                <node name="jnt_left_handring3" id="jnt_left_handring3" sid="jnt_left_handring3" type="JOINT">
                 <matrix sid="matrix">0.963383 0.268129 0.000000 -0.103958 -0.268129 0.963383 0.000001 0.000003 0.000000 -0.000001 1.000000 -0.000000 0.000000 0.000000 0.000000 1.000000</matrix>
                 <extra>
                  <technique profile="FCOLLADA">
                   <visibility>1.000000</visibility>
                  </technique>
                 </extra>
                 <node name="jnt_left_handring4" id="jnt_left_handring4" sid="jnt_left_handring4" type="JOINT">
                  <matrix sid="matrix">1.000000 0.000000 -0.000000 -0.120246 -0.000000 1.000000 0.000000 -0.000105 0.000000 -0.000000 1.000000 0.000017 0.000000 0.000000 0.000000 1.000000</matrix>
                  <extra>
                   <technique profile="FCOLLADA">
                    <visibility>1.000000</visibility>
                   </technique>
                  </extra>
                 </node>
                </node>
               </node>
              </node>
              <node name="jnt_left_handpinky1" id="jnt_left_handpinky1" sid="jnt_left_handpinky1" type="JOINT">
               <matrix sid="matrix">0.664912 0.744959 -0.054112 -0.407612 0.079658 -0.142759 -0.986547 0.208155 -0.742662 0.651656 -0.154265 0.012224 0.000000 0.000000 0.000000 1.000000</matrix>
               <extra>
                <technique profile="FCOLLADA">
                 <visibility>1.000000</visibility>
                </technique>
               </extra>
               <node name="jnt_left_handpinky2" id="jnt_left_handpinky2" sid="jnt_left_handpinky2" type="JOINT">
                <matrix sid="matrix">0.903992 0.427549 0.000001 -0.148503 -0.427549 0.903992 -0.000000 0.000001 -0.000001 -0.000000 1.000000 -0.000001 0.000000 0.000000 0.000000 1.000000</matrix>
                <extra>
                 <technique profile="FCOLLADA">
                  <visibility>1.000000</visibility>
                 </technique>
                </extra>
                <node name="jnt_left_handpinky3" id="jnt_left_handpinky3" sid="jnt_left_handpinky3" type="JOINT">
                 <matrix sid="matrix">0.981321 0.192374 -0.000000 -0.075474 -0.192374 0.981321 -0.000001 0.000001 0.000000 0.000001 1.000000 -0.000000 0.000000 0.000000 0.000000 1.000000</matrix>
                 <extra>
                  <technique profile="FCOLLADA">
                   <visibility>1.000000</visibility>
                  </technique>
                 </extra>
                 <node name="jnt_left_handpinky4" id="jnt_left_handpinky4" sid="jnt_left_handpinky4" type="JOINT">
                  <matrix sid="matrix">1.000000 0.000000 0.000000 -0.101158 -0.000000 1.000000 -0.000000 -0.000003 -0.000000 0.000000 1.000000 -0.000000 0.000000 0.000000 0.000000 1.000000</matrix>
                  <extra>
                   <technique profile="FCOLLADA">
                    <visibility>1.000000</visibility>
                   </technique>
                  </extra>
                 </node>
                </node>
               </node>
              </node>
             </node>
            </node>
           </node>
          </node>
         </node>
         <node name="jnt_right_armroot" id="jnt_right_armroot" sid="jnt_right_armroot" type="JOINT">
          <matrix sid="matrix">1.000000 -0.000004 -0.000000 0.000000 0.000004 1.000000 -0.000000 0.000000 0.000000 0.000000 1.000000 -0.000000 0.000000 0.000000 0.000000 1.000000</matrix>
          <extra>
           <technique profile="FCOLLADA">
            <visibility>1.000000</visibility>
           </technique>
          </extra>
          <node name="jnt_right_shoulder" id="jnt_right_shoulder" sid="jnt_right_shoulder" type="JOINT">
           <matrix sid="matrix">0.019288 -0.092831 0.995495 0.635987 -0.352003 0.931300 0.093665 0.114390 -0.935800 -0.352224 -0.014713 -0.266187 0.000000 0.000000 0.000000 1.000000</matrix>
           <extra>
            <technique profile="FCOLLADA">
             <visibility>1.000000</visibility>
            </technique>
           </extra>
           <node name="jnt_right_arm" id="jnt_right_arm" sid="jnt_right_arm" type="JOINT">
            <matrix sid="matrix">0.527663 -0.688465 0.497581 0.525417 0.704783 0.681814 0.195984 0.032447 -0.474187 0.247273 0.844987 -0.009491 0.000000 0.000000 0.000000 1.000000</matrix>
            <extra>
             <technique profile="FCOLLADA">
              <visibility>1.000000</visibility>
             </technique>
            </extra>
            <node name="jnt_right_armroll" id="jnt_right_armroll" sid="jnt_right_armroll" type="JOINT">
             <matrix sid="matrix">1.000000 0.000000 -0.000000 0.421995 -0.000000 1.000000 0.000000 -0.000002 0.000000 -0.000000 1.000000 0.000004 0.000000 0.000000 0.000000 1.000000</matrix>
             <extra>
              <technique profile="FCOLLADA">
               <visibility>1.000000</visibility>
              </technique>
             </extra>
            </node>
            <node name="jnt_right_forearm" id="jnt_right_forearm" sid="jnt_right_forearm" type="JOINT">
             <matrix sid="matrix">0.249202 -0.958783 0.136498 0.843981 0.968436 0.247530 -0.029368 -0.000001 -0.005630 0.139508 0.990205 -0.000002 0.000000 0.000000 0.000000 1.000000</matrix>
             <extra>
              <technique profile="FCOLLADA">
               <visibility>1.000000</visibility>
              </technique>
             </extra>
             <node name="jnt_right_forearmroll" id="jnt_right_forearmroll" sid="jnt_right_forearmroll" type="JOINT">
              <matrix sid="matrix">1.000000 0.000001 0.000000 0.487001 -0.000001 1.000000 -0.000000 -0.000001 -0.000000 0.000000 1.000000 0.000004 0.000000 0.000000 0.000000 1.000000</matrix>
              <extra>
               <technique profile="FCOLLADA">
                <visibility>1.000000</visibility>
               </technique>
              </extra>
             </node>
             <node name="jnt_right_hand" id="jnt_right_hand" sid="jnt_right_hand" type="JOINT">
              <matrix sid="matrix">0.882282 -0.468315 0.047534 0.975261 0.469594 0.868686 -0.157690 -0.000000 0.032556 0.161449 0.986344 0.000003 0.000000 0.000000 0.000000 1.000000</matrix>
              <extra>
               <technique profile="FCOLLADA">
                <visibility>1.000000</visibility>
               </technique>
              </extra>
              <node name="jnt_right_handthumb1" id="jnt_right_handthumb1" sid="jnt_right_handthumb1" type="JOINT">
               <matrix sid="matrix">0.735200 -0.542191 0.406828 0.060226 0.320228 0.806790 0.496532 0.203940 -0.597440 -0.234773 0.766777 -0.155682 0.000000 0.000000 0.000000 1.000000</matrix>
               <extra>
                <technique profile="FCOLLADA">
                 <visibility>1.000000</visibility>
                </technique>
               </extra>
               <node name="jnt_right_handthumb2" id="jnt_right_handthumb2" sid="jnt_right_handthumb2" type="JOINT">
                <matrix sid="matrix">0.979609 0.200916 -0.000001 0.213224 -0.200916 0.979609 -0.000003 -0.000001 0.000000 0.000004 1.000000 0.000000 0.000000 0.000000 0.000000 1.000000</matrix>
                <extra>
                 <technique profile="FCOLLADA">
                  <visibility>1.000000</visibility>
                 </technique>
                </extra>
                <node name="jnt_right_handthumb3" id="jnt_right_handthumb3" sid="jnt_right_handthumb3" type="JOINT">
                 <matrix sid="matrix">0.990529 0.137300 0.000001 0.141882 -0.137300 0.990529 0.000006 -0.000001 -0.000000 -0.000006 1.000000 0.000023 0.000000 0.000000 0.000000 1.000000</matrix>
                 <extra>
                  <technique profile="FCOLLADA">
                   <visibility>1.000000</visibility>
                  </technique>
                 </extra>
                 <node name="jnt_right_handthumb4" id="jnt_right_handthumb4" sid="jnt_right_handthumb4" type="JOINT">
                  <matrix sid="matrix">1.000000 -0.000002 -0.000000 0.122606 0.000002 1.000000 -0.000000 0.000000 0.000000 0.000000 1.000000 0.000000 0.000000 0.000000 0.000000 1.000000</matrix>
                  <extra>
                   <technique profile="FCOLLADA">
                    <visibility>1.000000</visibility>
                   </technique>
                  </extra>
                 </node>
                </node>
               </node>
              </node>
              <node name="jnt_right_handindex1" id="jnt_right_handindex1" sid="jnt_right_handindex1" type="JOINT">
               <matrix sid="matrix">0.785412 0.597545 0.161458 0.494373 0.169879 0.042736 -0.984538 0.203977 -0.595205 0.800696 -0.067945 0.029845 0.000000 0.000000 0.000000 1.000000</matrix>
               <extra>
                <technique profile="FCOLLADA">
                 <visibility>1.000000</visibility>
                </technique>
               </extra>
               <node name="jnt_right_handindex2" id="jnt_right_handindex2" sid="jnt_right_handindex2" type="JOINT">
                <matrix sid="matrix">0.976530 0.215382 -0.000000 0.145440 -0.215382 0.976530 -0.000000 -0.001122 0.000000 0.000001 1.000000 -0.000039 0.000000 0.000000 0.000000 1.000000</matrix>
                <extra>
                 <technique profile="FCOLLADA">
                  <visibility>1.000000</visibility>
                 </technique>
                </extra>
                <node name="jnt_right_handindex3" id="jnt_right_handindex3" sid="jnt_right_handindex3" type="JOINT">
                 <matrix sid="matrix">0.921232 0.389015 -0.000000 0.093746 -0.389015 0.921232 0.000000 0.000001 0.000000 -0.000000 1.000000 -0.000000 0.000000 0.000000 0.000000 1.000000</matrix>
                 <extra>
                  <technique profile="FCOLLADA">
                   <visibility>1.000000</visibility>
                  </technique>
                 </extra>
                 <node name="jnt_right_handindex4" id="jnt_right_handindex4" sid="jnt_right_handindex4" type="JOINT">
                  <matrix sid="matrix">1.000000 -0.000000 0.000000 0.107088 0.000000 1.000000 -0.000000 -0.000052 -0.000000 0.000000 1.000000 0.001503 0.000000 0.000000 0.000000 1.000000</matrix>
                  <extra>
                   <technique profile="FCOLLADA">
                    <visibility>1.000000</visibility>
                   </technique>
                  </extra>
                 </node>
                </node>
               </node>
              </node>
              <node name="jnt_right_weapon" id="jnt_right_weapon" sid="jnt_right_weapon" type="JOINT">
               <matrix sid="matrix">0.662669 0.747914 0.038657 0.749518 0.126001 -0.060460 -0.990186 0.136329 -0.738237 0.661037 -0.134302 -0.477803 0.000000 0.000000 0.000000 1.000000</matrix>
               <extra>
                <technique profile="FCOLLADA">
                 <visibility>1.000000</visibility>
                </technique>
               </extra>
              </node>
              <node name="jnt_right_handmiddle1" id="jnt_right_handmiddle1" sid="jnt_right_handmiddle1" type="JOINT">
               <matrix sid="matrix">0.695592 0.718214 0.017903 0.489245 0.076091 -0.048870 -0.995903 0.062066 -0.714396 0.694105 -0.088644 0.036303 0.000000 0.000000 0.000000 1.000000</matrix>
               <extra>
                <technique profile="FCOLLADA">
                 <visibility>1.000000</visibility>
                </technique>
               </extra>
               <node name="jnt_right_handmiddle2" id="jnt_right_handmiddle2" sid="jnt_right_handmiddle2" type="JOINT">
                <matrix sid="matrix">0.938547 0.345151 -0.000000 0.176685 -0.345151 0.938547 -0.000000 -0.000000 0.000000 0.000000 1.000000 0.000000 0.000000 0.000000 0.000000 1.000000</matrix>
                <extra>
                 <technique profile="FCOLLADA">
                  <visibility>1.000000</visibility>
                 </technique>
                </extra>
                <node name="jnt_right_handmiddle3" id="jnt_right_handmiddle3" sid="jnt_right_handmiddle3" type="JOINT">
                 <matrix sid="matrix">0.991410 0.130790 -0.000000 0.108374 -0.130790 0.991410 0.000000 0.000001 0.000000 -0.000000 1.000000 -0.000000 0.000000 0.000000 0.000000 1.000000</matrix>
                 <extra>
                  <technique profile="FCOLLADA">
                   <visibility>1.000000</visibility>
                  </technique>
                 </extra>
                 <node name="jnt_right_handmiddle4" id="jnt_right_handmiddle4" sid="jnt_right_handmiddle4" type="JOINT">
                  <matrix sid="matrix">1.000000 0.000000 0.000000 0.119191 -0.000000 1.000000 0.000000 0.000105 -0.000000 -0.000000 1.000000 -0.000005 0.000000 0.000000 0.000000 1.000000</matrix>
                  <extra>
                   <technique profile="FCOLLADA">
                    <visibility>1.000000</visibility>
                   </technique>
                  </extra>
                 </node>
                </node>
               </node>
              </node>
              <node name="jnt_right_handring1" id="jnt_right_handring1" sid="jnt_right_handring1" type="JOINT">
               <matrix sid="matrix">0.696140 0.698819 -0.164442 0.469962 -0.022725 -0.207492 -0.977973 -0.076798 -0.717547 0.684543 -0.128563 0.036645 0.000000 0.000000 0.000000 1.000000</matrix>
               <extra>
                <technique profile="FCOLLADA">
                 <visibility>1.000000</visibility>
                </technique>
               </extra>
               <node name="jnt_right_handring2" id="jnt_right_handring2" sid="jnt_right_handring2" type="JOINT">
                <matrix sid="matrix">0.933806 0.357780 -0.000001 0.184241 -0.357780 0.933806 -0.000001 0.000001 0.000000 0.000001 1.000000 0.000000 0.000000 0.000000 0.000000 1.000000</matrix>
                <extra>
                 <technique profile="FCOLLADA">
                  <visibility>1.000000</visibility>
                 </technique>
                </extra>
                <node name="jnt_right_handring3" id="jnt_right_handring3" sid="jnt_right_handring3" type="JOINT">
                 <matrix sid="matrix">0.991829 0.127574 0.000000 0.103951 -0.127574 0.991829 0.000001 0.000001 0.000000 -0.000001 1.000000 0.000000 0.000000 0.000000 0.000000 1.000000</matrix>
                 <extra>
                  <technique profile="FCOLLADA">
                   <visibility>1.000000</visibility>
                  </technique>
                 </extra>
                 <node name="jnt_right_handring4" id="jnt_right_handring4" sid="jnt_right_handring4" type="JOINT">
                  <matrix sid="matrix">1.000000 0.000000 -0.000000 0.120247 -0.000000 1.000000 0.000000 0.000103 0.000000 -0.000000 1.000000 -0.000016 0.000000 0.000000 0.000000 1.000000</matrix>
                  <extra>
                   <technique profile="FCOLLADA">
                    <visibility>1.000000</visibility>
                   </technique>
                  </extra>
                 </node>
                </node>
               </node>
              </node>
              <node name="jnt_right_handpinky1" id="jnt_right_handpinky1" sid="jnt_right_handpinky1" type="JOINT">
               <matrix sid="matrix">0.779329 0.624700 -0.048950 0.407609 0.037878 -0.124941 -0.991441 -0.208155 -0.625469 0.770805 -0.121032 -0.012229 0.000000 0.000000 0.000000 1.000000</matrix>
               <extra>
                <technique profile="FCOLLADA">
                 <visibility>1.000000</visibility>
                </technique>
               </extra>
               <node name="jnt_right_handpinky2" id="jnt_right_handpinky2" sid="jnt_right_handpinky2" type="JOINT">
                <matrix sid="matrix">0.963419 0.267999 -0.000001 0.148507 -0.267999 0.963419 -0.000001 0.000001 0.000000 0.000001 1.000000 0.000000 0.000000 0.000000 0.000000 1.000000</matrix>
                <extra>
                 <technique profile="FCOLLADA">
                  <visibility>1.000000</visibility>
                 </technique>
                </extra>
                <node name="jnt_right_handpinky3" id="jnt_right_handpinky3" sid="jnt_right_handpinky3" type="JOINT">
                 <matrix sid="matrix">0.999732 0.023161 -0.000000 0.075471 -0.023161 0.999732 0.000002 -0.000002 0.000000 -0.000002 1.000000 -0.000000 0.000000 0.000000 0.000000 1.000000</matrix>
                 <extra>
                  <technique profile="FCOLLADA">
                   <visibility>1.000000</visibility>
                  </technique>
                 </extra>
                 <node name="jnt_right_handpinky4" id="jnt_right_handpinky4" sid="jnt_right_handpinky4" type="JOINT">
                  <matrix sid="matrix">1.000000 -0.000000 -0.000000 0.101152 0.000000 1.000000 0.000000 0.000000 0.000000 -0.000000 1.000000 -0.000000 0.000000 0.000000 0.000000 1.000000</matrix>
                  <extra>
                   <technique profile="FCOLLADA">
                    <visibility>1.000000</visibility>
                   </technique>
                  </extra>
                 </node>
                </node>
               </node>
              </node>
             </node>
            </node>
           </node>
          </node>
         </node>
         <node name="jnt_backpack" id="jnt_backpack" sid="jnt_backpack" type="JOINT">
          <matrix sid="matrix">0.000000 0.995068 -0.099191 0.682545 0.000000 0.099191 0.995068 -0.705658 1.000000 -0.000000 0.000000 -0.000000 0.000000 0.000000 0.000000 1.000000</matrix>
          <extra>
           <technique profile="FCOLLADA">
            <visibility>1.000000</visibility>
           </technique>
          </extra>
         </node>
        </node>
       </node>
      </node>
      <node name="jnt_camera" id="jnt_camera" sid="jnt_camera" type="JOINT">
       <matrix sid="matrix">1.000000 -0.000000 -0.000000 0.000000 0.000000 0.999988 0.004911 1.193611 0.000000 -0.004911 0.999988 0.007402 0.000000 0.000000 0.000000 1.000000</matrix>
       <extra>
        <technique profile="FCOLLADA">
         <visibility>1.000000</visibility>
        </technique>
       </extra>
      </node>
     </node>
     <node name="jnt_right_upleg" id="jnt_right_upleg" sid="jnt_right_upleg" type="JOINT">
      <matrix sid="matrix">-0.112562 -0.332887 -0.936224 -0.446779 -0.993503 0.053585 0.100396 -0.111214 0.016747 0.941443 -0.336756 0.043020 0.000000 0.000000 0.000000 1.000000</matrix>
      <extra>
       <technique profile="FCOLLADA">
        <visibility>1.000000</visibility>
       </technique>
      </extra>
      <node name="jnt_right_uplegroll" id="jnt_right_uplegroll" sid="jnt_right_uplegroll" type="JOINT">
       <matrix sid="matrix">1.000000 -0.000000 0.000000 0.430000 0.000000 1.000000 0.000000 0.000000 -0.000000 -0.000000 1.000000 -0.000000 0.000000 0.000000 0.000000 1.000000</matrix>
       <extra>
        <technique profile="FCOLLADA">
         <visibility>1.000000</visibility>
        </technique>
       </extra>
      </node>
      <node name="jnt_right_leg" id="jnt_right_leg" sid="jnt_right_leg" type="JOINT">
       <matrix sid="matrix">0.968055 0.250271 -0.015278 0.860324 -0.240257 0.943301 0.229042 0.000000 0.071735 -0.218055 0.973296 -0.000000 0.000000 0.000000 0.000000 1.000000</matrix>
       <extra>
        <technique profile="FCOLLADA">
         <visibility>1.000000</visibility>
        </technique>
       </extra>
       <node name="jnt_right_legroll" id="jnt_right_legroll" sid="jnt_right_legroll" type="JOINT">
        <matrix sid="matrix">1.000000 0.000000 0.000000 0.384000 -0.000000 1.000000 0.000000 -0.000000 -0.000000 -0.000000 1.000000 0.000000 0.000000 0.000000 0.000000 1.000000</matrix>
        <extra>
         <technique profile="FCOLLADA">
          <visibility>1.000000</visibility>
         </technique>
        </extra>
       </node>
       <node name="jnt_right_foot" id="jnt_right_foot" sid="jnt_right_foot" type="JOINT">
        <matrix sid="matrix">0.278762 -0.954826 0.102952 0.768144 0.945567 0.291630 0.144415 -0.000001 -0.167916 0.057091 0.984147 0.000000 0.000000 0.000000 0.000000 1.000000</matrix>
        <extra>
         <technique profile="FCOLLADA">
          <visibility>1.000000</visibility>
         </technique>
        </extra>
        <node name="jnt_right_toebase" id="jnt_right_toebase" sid="jnt_right_toebase" type="JOINT">
         <matrix sid="matrix">0.918936 -0.394407 -0.000000 0.441847 0.394407 0.918936 0.000000 0.000000 0.000000 -0.000000 1.000000 0.000000 0.000000 0.000000 0.000000 1.000000</matrix>
         <extra>
          <technique profile="FCOLLADA">
           <visibility>1.000000</visibility>
          </technique>
         </extra>
         <node name="jnt_right_toeend" id="jnt_right_toeend" sid="jnt_right_toeend" type="JOINT">
          <matrix sid="matrix">1.000000 -0.000001 -0.000000 0.379397 0.000001 1.000000 -0.000000 0.000000 0.000000 0.000000 1.000000 0.000000 0.000000 0.000000 0.000000 1.000000</matrix>
          <extra>
           <technique profile="FCOLLADA">
            <visibility>1.000000</visibility>
           </technique>
          </extra>
         </node>
        </node>
       </node>
      </node>
     </node>
     <node name="jnt_left_upleg" id="jnt_left_upleg" sid="jnt_left_upleg" type="JOINT">
      <matrix sid="matrix">0.112561 0.332886 -0.936224 0.446779 -0.993504 0.053590 -0.100393 -0.111213 0.016753 0.941443 0.336756 0.043020 0.000000 0.000000 0.000000 1.000000</matrix>
      <extra>
       <technique profile="FCOLLADA">
        <visibility>1.000000</visibility>
       </technique>
      </extra>
      <node name="jnt_left_uplegroll" id="jnt_left_uplegroll" sid="jnt_left_uplegroll" type="JOINT">
       <matrix sid="matrix">1.000000 -0.000000 -0.000000 0.430000 0.000000 1.000000 -0.000000 -0.000000 0.000000 0.000000 1.000000 0.000000 0.000000 0.000000 0.000000 1.000000</matrix>
       <extra>
        <technique profile="FCOLLADA">
         <visibility>1.000000</visibility>
        </technique>
       </extra>
      </node>
      <node name="jnt_left_leg" id="jnt_left_leg" sid="jnt_left_leg" type="JOINT">
       <matrix sid="matrix">0.968052 0.250285 0.015281 0.860328 -0.240269 0.943297 -0.229044 -0.000000 -0.071741 0.218054 0.973297 0.000001 0.000000 0.000000 0.000000 1.000000</matrix>
       <extra>
        <technique profile="FCOLLADA">
         <visibility>1.000000</visibility>
        </technique>
       </extra>
       <node name="jnt_left_legroll" id="jnt_left_legroll" sid="jnt_left_legroll" type="JOINT">
        <matrix sid="matrix">1.000000 0.000000 -0.000000 0.384000 -0.000000 1.000000 -0.000000 0.000000 0.000000 0.000000 1.000000 -0.000000 0.000000 0.000000 0.000000 1.000000</matrix>
        <extra>
         <technique profile="FCOLLADA">
          <visibility>1.000000</visibility>
         </technique>
        </extra>
       </node>
       <node name="jnt_left_foot" id="jnt_left_foot" sid="jnt_left_foot" type="JOINT">
        <matrix sid="matrix">0.278754 -0.954828 -0.102953 0.768142 0.945569 0.291622 -0.144416 0.000000 0.167916 -0.057093 0.984147 -0.000001 0.000000 0.000000 0.000000 1.000000</matrix>
        <extra>
         <technique profile="FCOLLADA">
          <visibility>1.000000</visibility>
         </technique>
        </extra>
        <node name="jnt_left_toebase" id="jnt_left_toebase" sid="jnt_left_toebase" type="JOINT">
         <matrix sid="matrix">0.918936 -0.394407 0.000000 0.441847 0.394407 0.918936 -0.000000 0.000000 0.000000 0.000000 1.000000 -0.000000 0.000000 0.000000 0.000000 1.000000</matrix>
         <extra>
          <technique profile="FCOLLADA">
           <visibility>1.000000</visibility>
          </technique>
         </extra>
         <node name="jnt_left_toeend" id="jnt_left_toeend" sid="jnt_left_toeend" type="JOINT">
          <matrix sid="matrix">1.000000 -0.000001 -0.000000 0.379397 0.000001 1.000000 -0.000000 -0.000000 0.000000 0.000000 1.000000 -0.000000 0.000000 0.000000 0.000000 1.000000</matrix>
          <extra>
           <technique profile="FCOLLADA">
            <visibility>1.000000</visibility>
           </technique>
          </extra>
         </node>
        </node>
       </node>
      </node>
     </node>
    </node>
   </node>
   <extra>
    <technique profile="MAX3D">
     <frame_rate>60.000000</frame_rate>
    </technique>
    <technique profile="FCOLLADA">
     <start_time>0.000000</start_time>
     <end_time>1.000000</end_time>
    </technique>
   </extra>
  </visual_scene>
 </library_visual_scenes>
 <scene>
  <instance_visual_scene url="#Scene"></instance_visual_scene>
 </scene>
</COLLADA>
