<?xml version="1.0" encoding="utf-8"?>
<COLLADA xmlns="http://www.collada.org/2005/11/COLLADASchema" version="1.4.1">
  <asset><contributor><author></author><authoring_tool>FBX COLLADA exporter</authoring_tool><comments></comments></contributor><created>2026-05-25T12:40:59Z</created><keywords></keywords><modified>2026-05-25T12:40:59Z</modified><revision></revision><subject></subject><title></title><unit meter="0.010000" name="centimeter"></unit><up_axis>Y_UP</up_axis></asset>
  <library_animations>
    <animation id="Armature-anim" name="Armature"><animation><source id="Armature-Matrix-animation-input"><float_array id="Armature-Matrix-animation-input-array" count="25">

0.000000 0.033333 0.066667 0.100000 0.133333 0.166667 0.200000 0.233333 0.266667 0.300000 0.333333 0.366667 0.400000 0.433333 0.466667 0.500000
0.533333 0.566667 0.600000 0.633333 0.666667 0.700000 0.733333 0.766667 0.800000</float_array><technique_common><accessor source="#Armature-Matrix-animation-input-array" count="25"><param name="TIME" type="float"/></accessor></technique_common></source><source id="Armature-Matrix-animation-output-transform"><float_array id="Armature-Matrix-animation-output-transform-array" count="400">

-0.713088 0.136287 -0.687699 -0.888242 -0.692789 0.013380 0.721016 1.700590 0.107467 0.990579 0.084877 -0.500148 0.000000 0.000000 0.000000 1.000000
-0.670358 0.242842 -0.701176 -0.872995 -0.695735 0.122873 0.707711 1.820281 0.258018 0.962252 0.086585 -0.261296 0.000000 0.000000 0.000000 1.000000
-0.492765 0.471190 -0.731548 -0.797767 -0.620623 0.398966 0.675020 2.147723 0.609926 0.786641 0.095835 0.307155 0.000000 0.000000 0.000000 1.000000
-0.175092 0.623445 -0.762009 -0.651394 -0.369588 0.675744 0.637789 2.622476 0.912550 0.393301 0.112101 0.932334 0.000000 0.000000 0.000000 1.000000
0.097681 0.607245 -0.788486 -0.516818 -0.052262 0.794312 0.605257 3.081897 0.993845 -0.017914 0.109325 1.384014 0.000000 0.000000 0.000000 1.000000
0.174403 0.540886 -0.822815 -0.460540 0.166306 0.807437 0.566027 3.337513 0.970529 -0.235556 0.050867 1.585653 0.000000 0.000000 0.000000 1.000000
0.125348 0.512738 -0.849345 -0.464310 0.296566 0.797589 0.525261 3.426241 0.946751 -0.317727 -0.052084 1.638544 0.000000 0.000000 0.000000 1.000000
0.072324 0.513544 -0.855009 -0.483611 0.402441 0.769345 0.496134 3.487466 0.912585 -0.379973 -0.151029 1.669484 0.000000 0.000000 0.000000 1.000000
0.027021 0.526498 -0.849747 -0.506296 0.486853 0.735495 0.471190 3.532508 0.873066 -0.426433 -0.236453 1.683283 0.000000 0.000000 0.000000 1.000000
-0.004272 0.533968 -0.845493 -0.521621 0.553493 0.705438 0.442721 3.573391 0.832843 -0.466083 -0.298561 1.684866 0.000000 0.000000 0.000000 1.000000
-0.018921 0.518615 -0.854798 -0.520277 0.606154 0.685862 0.402703 3.622581 0.795123 -0.510519 -0.327337 1.678296 0.000000 0.000000 0.000000 1.000000
-0.003958 0.471084 -0.882079 -0.492395 0.656102 0.666905 0.353224 3.692037 0.754662 -0.577335 -0.311718 1.665540 0.000000 0.000000 0.000000 1.000000
0.041399 0.408984 -0.911601 -0.447598 0.703618 0.635840 0.317220 3.762730 0.709372 -0.654551 -0.261446 1.644753 0.000000 0.000000 0.000000 1.000000
0.103399 0.358116 -0.927934 -0.403506 0.736500 0.599449 0.313413 3.804014 0.668488 -0.715829 -0.201770 1.618345 0.000000 0.000000 0.000000 1.000000
0.171839 0.329901 -0.928244 -0.367959 0.750895 0.566064 0.340189 3.809240 0.637675 -0.755470 -0.150449 1.592531 0.000000 0.000000 0.000000 1.000000
0.237381 0.318274 -0.917797 -0.343252 0.751070 0.539059 0.381193 3.792211 0.616072 -0.779817 -0.111084 1.570745 0.000000 0.000000 0.000000 1.000000
0.290355 0.316518 -0.903056 -0.331079 0.743339 0.519690 0.421152 3.767406 0.602612 -0.793559 -0.084386 1.554769 0.000000 0.000000 0.000000 1.000000
0.321560 0.318062 -0.891872 -0.331930 0.735713 0.509025 0.446788 3.748842 0.596092 -0.799830 -0.070320 1.545596 0.000000 0.000000 0.000000 1.000000
0.326232 0.317129 -0.890506 -0.345887 0.735085 0.507177 0.449912 3.743064 0.594325 -0.801373 -0.067660 1.541174 0.000000 0.000000 0.000000 1.000000
0.325149 0.316246 -0.891216 -0.365412 0.736062 0.507042 0.448466 3.729030 0.593710 -0.801808 -0.067912 1.532336 0.000000 0.000000 0.000000 1.000000
0.324517 0.315879 -0.891577 -0.380384 0.736542 0.507007 0.447716 3.716519 0.593460 -0.801974 -0.068126 1.525357 0.000000 0.000000 0.000000 1.000000
0.324259 0.315684 -0.891739 -0.391006 0.736758 0.506987 0.447382 3.706440 0.593332 -0.802063 -0.068188 1.520229 0.000000 0.000000 0.000000 1.000000
0.324077 0.315556 -0.891851 -0.398031 0.736906 0.506975 0.447152 3.698914 0.593248 -0.802122 -0.068236 1.516518 0.000000 0.000000 0.000000 1.000000
0.323672 0.315384 -0.892059 -0.402216 0.737182 0.506963 0.446712 3.694056 0.593127 -0.802197 -0.068406 1.513822 0.000000 0.000000 0.000000 1.000000
0.322747 0.315062 -0.892507 -0.404321 0.737779 0.506942 0.445749 3.691982 0.592889 -0.802337 -0.068832 1.511740 0.000000 0.000000 0.000000 1.000000</float_array><technique_common><accessor source="#Armature-Matrix-animation-output-transform-array" count="25" stride="16"><param type="float4x4"/></accessor></technique_common></source><source id="Armature-Interpolations"><Name_array id="Armature-Interpolations-array" count="25">
 LINEAR LINEAR LINEAR LINEAR LINEAR LINEAR LINEAR LINEAR LINEAR LINEAR LINEAR
LINEAR LINEAR LINEAR LINEAR LINEAR LINEAR LINEAR LINEAR LINEAR LINEAR LINEAR LINEAR
LINEAR LINEAR</Name_array><technique_common><accessor source="#Armature-Interpolations-array" count="25"><param type="name"/></accessor></technique_common></source><sampler id="Armature-Matrix-animation-transform"><input semantic="INPUT" source="#Armature-Matrix-animation-input"/><input semantic="OUTPUT" source="#Armature-Matrix-animation-output-transform"/><input semantic="INTERPOLATION" source="#Armature-Interpolations"/></sampler><channel source="#Armature-Matrix-animation-transform" target="Armature/matrix"/></animation></animation>
    <animation id="jnt_weapon-anim" name="jnt_weapon"><animation><source id="jnt_weapon-Matrix-animation-input"><float_array id="jnt_weapon-Matrix-animation-input-array" count="25">

0.000000 0.033333 0.066667 0.100000 0.133333 0.166667 0.200000 0.233333 0.266667 0.300000 0.333333 0.366667 0.400000 0.433333 0.466667 0.500000
0.533333 0.566667 0.600000 0.633333 0.666667 0.700000 0.733333 0.766667 0.800000</float_array><technique_common><accessor source="#jnt_weapon-Matrix-animation-input-array" count="25"><param name="TIME" type="float"/></accessor></technique_common></source><source id="jnt_weapon-Matrix-animation-output-transform"><float_array id="jnt_weapon-Matrix-animation-output-transform-array" count="400">

1.000000 -0.000000 -0.000000 0.000000 0.000000 -0.000000 -1.000000 0.000000 0.000000 1.000000 -0.000000 0.000000 0.000000 0.000000 0.000000 1.000000
1.000000 0.000000 0.000000 0.000000 0.000000 -0.000000 -1.000000 0.000000 -0.000000 1.000000 -0.000000 0.000000 0.000000 0.000000 0.000000 1.000000
1.000000 -0.000000 -0.000000 0.000000 0.000000 -0.000000 -1.000000 0.000000 -0.000000 1.000000 -0.000000 0.000000 0.000000 0.000000 0.000000 1.000000
1.000000 0.000000 0.000000 0.000000 0.000000 -0.000000 -1.000000 0.000000 0.000000 1.000000 -0.000000 0.000000 0.000000 0.000000 0.000000 1.000000
1.000000 -0.000000 -0.000000 0.000000 0.000000 -0.000000 -1.000000 0.000000 0.000000 1.000000 -0.000000 0.000000 0.000000 0.000000 0.000000 1.000000
1.000000 0.000000 -0.000000 0.000000 0.000000 -0.000000 -1.000000 0.000000 0.000000 1.000000 -0.000000 0.000000 0.000000 0.000000 0.000000 1.000000
1.000000 0.000000 0.000000 0.000000 -0.000000 -0.000000 -1.000000 0.000000 -0.000000 1.000000 -0.000000 0.000000 0.000000 0.000000 0.000000 1.000000
1.000000 -0.000000 0.000000 0.000000 0.000000 -0.000000 -1.000000 0.000000 -0.000000 1.000000 -0.000000 0.000000 0.000000 0.000000 0.000000 1.000000
1.000000 -0.000000 0.000000 0.000000 -0.000000 -0.000000 -1.000000 0.000000 -0.000000 1.000000 -0.000000 0.000000 0.000000 0.000000 0.000000 1.000000
1.000000 0.000000 0.000000 0.000000 -0.000000 -0.000000 -1.000000 0.000000 0.000000 1.000000 -0.000000 0.000000 0.000000 0.000000 0.000000 1.000000
1.000000 -0.000000 0.000000 0.000000 0.000000 -0.000000 -1.000000 0.000000 -0.000000 1.000000 -0.000000 0.000000 0.000000 0.000000 0.000000 1.000000
1.000000 -0.000000 -0.000000 0.000000 0.000000 -0.000000 -1.000000 0.000000 0.000000 1.000000 -0.000000 0.000000 0.000000 0.000000 0.000000 1.000000
1.000000 -0.000000 0.000000 0.000000 0.000000 -0.000000 -1.000000 0.000000 -0.000000 1.000000 -0.000000 0.000000 0.000000 0.000000 0.000000 1.000000
1.000000 -0.000000 0.000000 0.000000 0.000000 -0.000000 -1.000000 0.000000 0.000000 1.000000 -0.000000 0.000000 0.000000 0.000000 0.000000 1.000000
1.000000 0.000000 -0.000000 0.000000 -0.000000 -0.000000 -1.000000 0.000000 0.000000 1.000000 -0.000000 0.000000 0.000000 0.000000 0.000000 1.000000
1.000000 0.000000 0.000000 0.000000 0.000000 -0.000000 -1.000000 0.000000 0.000000 1.000000 -0.000000 0.000000 0.000000 0.000000 0.000000 1.000000
1.000000 -0.000000 0.000000 0.000000 -0.000000 -0.000000 -1.000000 0.000000 -0.000000 1.000000 -0.000000 0.000000 0.000000 0.000000 0.000000 1.000000
1.000000 0.000000 0.000000 0.000000 -0.000000 -0.000000 -1.000000 0.000000 -0.000000 1.000000 -0.000000 0.000000 0.000000 0.000000 0.000000 1.000000
1.000000 -0.000000 0.000000 0.000000 0.000000 -0.000000 -1.000000 0.000000 -0.000000 1.000000 -0.000000 0.000000 0.000000 0.000000 0.000000 1.000000
1.000000 -0.000000 -0.000000 0.000000 0.000000 -0.000000 -1.000000 0.000000 0.000000 1.000000 -0.000000 0.000000 0.000000 0.000000 0.000000 1.000000
1.000000 -0.000000 0.000000 0.000000 0.000000 -0.000000 -1.000000 0.000000 0.000000 1.000000 -0.000000 0.000000 0.000000 0.000000 0.000000 1.000000
1.000000 -0.000000 0.000000 0.000000 0.000000 -0.000000 -1.000000 0.000000 -0.000000 1.000000 -0.000000 0.000000 0.000000 0.000000 0.000000 1.000000
1.000000 -0.000000 -0.000000 0.000000 0.000000 -0.000000 -1.000000 0.000000 -0.000000 1.000000 -0.000000 0.000000 0.000000 0.000000 0.000000 1.000000
1.000000 0.000000 -0.000000 0.000000 0.000000 -0.000000 -1.000000 0.000000 0.000000 1.000000 -0.000000 0.000000 0.000000 0.000000 0.000000 1.000000
1.000000 0.000000 0.000000 0.000000 -0.000000 -0.000000 -1.000000 0.000000 0.000000 1.000000 -0.000000 0.000000 0.000000 0.000000 0.000000 1.000000</float_array><technique_common><accessor source="#jnt_weapon-Matrix-animation-output-transform-array" count="25" stride="16"><param type="float4x4"/></accessor></technique_common></source><source id="jnt_weapon-Interpolations"><Name_array id="jnt_weapon-Interpolations-array" count="25">
 LINEAR LINEAR LINEAR LINEAR LINEAR LINEAR LINEAR LINEAR LINEAR LINEAR LINEAR
LINEAR LINEAR LINEAR LINEAR LINEAR LINEAR LINEAR LINEAR LINEAR LINEAR LINEAR LINEAR
LINEAR LINEAR</Name_array><technique_common><accessor source="#jnt_weapon-Interpolations-array" count="25"><param type="name"/></accessor></technique_common></source><sampler id="jnt_weapon-Matrix-animation-transform"><input semantic="INPUT" source="#jnt_weapon-Matrix-animation-input"/><input semantic="OUTPUT" source="#jnt_weapon-Matrix-animation-output-transform"/><input semantic="INTERPOLATION" source="#jnt_weapon-Interpolations"/></sampler><channel source="#jnt_weapon-Matrix-animation-transform" target="jnt_weapon/matrix"/></animation></animation>
    <animation id="jnt_bino-anim" name="jnt_bino"><animation><source id="jnt_bino-Matrix-animation-input"><float_array id="jnt_bino-Matrix-animation-input-array" count="25">

0.000000 0.033333 0.066667 0.100000 0.133333 0.166667 0.200000 0.233333 0.266667 0.300000 0.333333 0.366667 0.400000 0.433333 0.466667 0.500000
0.533333 0.566667 0.600000 0.633333 0.666667 0.700000 0.733333 0.766667 0.800000</float_array><technique_common><accessor source="#jnt_bino-Matrix-animation-input-array" count="25"><param name="TIME" type="float"/></accessor></technique_common></source><source id="jnt_bino-Matrix-animation-output-transform"><float_array id="jnt_bino-Matrix-animation-output-transform-array" count="400">

1.000000 -0.000000 -0.000000 0.000000 0.000000 1.000000 0.000000 0.000000 0.000000 0.000000 1.000000 0.000000 0.000000 0.000000 0.000000 1.000000
1.000000 0.000000 0.000000 0.000000 -0.000000 1.000000 0.000000 0.000000 -0.000000 0.000000 1.000000 0.000000 0.000000 0.000000 0.000000 1.000000
1.000000 -0.000000 -0.000000 0.000000 -0.000000 1.000000 0.000000 0.000000 0.000000 0.000000 1.000000 0.000000 0.000000 0.000000 0.000000 1.000000
1.000000 0.000000 0.000000 0.000000 -0.000000 1.000000 -0.000000 0.000000 0.000000 0.000000 1.000000 0.000000 0.000000 0.000000 0.000000 1.000000
1.000000 0.000000 0.000000 0.000000 0.000000 1.000000 -0.000000 0.000000 0.000000 -0.000000 1.000000 0.000000 0.000000 0.000000 0.000000 1.000000
1.000000 0.000000 0.000000 0.000000 -0.000000 1.000000 0.000000 0.000000 -0.000000 -0.000000 1.000000 0.000000 0.000000 0.000000 0.000000 1.000000
1.000000 -0.000000 0.000000 0.000000 0.000000 1.000000 -0.000000 0.000000 0.000000 0.000000 1.000000 0.000000 0.000000 0.000000 0.000000 1.000000
1.000000 -0.000000 0.000000 0.000000 -0.000000 1.000000 0.000000 0.000000 0.000000 0.000000 1.000000 0.000000 0.000000 0.000000 0.000000 1.000000
1.000000 0.000000 0.000000 0.000000 -0.000000 1.000000 0.000000 0.000000 -0.000000 -0.000000 1.000000 0.000000 0.000000 0.000000 0.000000 1.000000
1.000000 -0.000000 0.000000 0.000000 0.000000 1.000000 0.000000 0.000000 0.000000 0.000000 1.000000 0.000000 0.000000 0.000000 0.000000 1.000000
1.000000 -0.000000 0.000000 0.000000 -0.000000 1.000000 -0.000000 0.000000 0.000000 0.000000 1.000000 0.000000 0.000000 0.000000 0.000000 1.000000
1.000000 -0.000000 0.000000 0.000000 -0.000000 1.000000 0.000000 0.000000 -0.000000 0.000000 1.000000 0.000000 0.000000 0.000000 0.000000 1.000000
1.000000 0.000000 -0.000000 0.000000 -0.000000 1.000000 0.000000 0.000000 0.000000 -0.000000 1.000000 0.000000 0.000000 0.000000 0.000000 1.000000
1.000000 0.000000 0.000000 0.000000 0.000000 1.000000 -0.000000 0.000000 0.000000 -0.000000 1.000000 0.000000 0.000000 0.000000 0.000000 1.000000
1.000000 0.000000 -0.000000 0.000000 0.000000 1.000000 0.000000 0.000000 0.000000 -0.000000 1.000000 0.000000 0.000000 0.000000 0.000000 1.000000
1.000000 0.000000 0.000000 0.000000 0.000000 1.000000 -0.000000 0.000000 0.000000 0.000000 1.000000 0.000000 0.000000 0.000000 0.000000 1.000000
1.000000 -0.000000 0.000000 0.000000 -0.000000 1.000000 0.000000 0.000000 -0.000000 0.000000 1.000000 0.000000 0.000000 0.000000 0.000000 1.000000
1.000000 -0.000000 0.000000 0.000000 0.000000 1.000000 -0.000000 0.000000 0.000000 -0.000000 1.000000 0.000000 0.000000 0.000000 0.000000 1.000000
1.000000 0.000000 0.000000 0.000000 0.000000 1.000000 -0.000000 0.000000 0.000000 -0.000000 1.000000 0.000000 0.000000 0.000000 0.000000 1.000000
1.000000 -0.000000 -0.000000 0.000000 0.000000 1.000000 0.000000 0.000000 -0.000000 -0.000000 1.000000 0.000000 0.000000 0.000000 0.000000 1.000000
1.000000 -0.000000 -0.000000 0.000000 0.000000 1.000000 -0.000000 0.000000 -0.000000 0.000000 1.000000 0.000000 0.000000 0.000000 0.000000 1.000000
1.000000 0.000000 0.000000 0.000000 0.000000 1.000000 -0.000000 0.000000 -0.000000 0.000000 1.000000 0.000000 0.000000 0.000000 0.000000 1.000000
1.000000 -0.000000 0.000000 0.000000 -0.000000 1.000000 -0.000000 0.000000 0.000000 0.000000 1.000000 0.000000 0.000000 0.000000 0.000000 1.000000
1.000000 0.000000 -0.000000 0.000000 0.000000 1.000000 -0.000000 0.000000 0.000000 0.000000 1.000000 0.000000 0.000000 0.000000 0.000000 1.000000
1.000000 -0.000000 -0.000000 0.000000 -0.000000 1.000000 0.000000 0.000000 0.000000 0.000000 1.000000 0.000000 0.000000 0.000000 0.000000 1.000000</float_array><technique_common><accessor source="#jnt_bino-Matrix-animation-output-transform-array" count="25" stride="16"><param type="float4x4"/></accessor></technique_common></source><source id="jnt_bino-Interpolations"><Name_array id="jnt_bino-Interpolations-array" count="25">
 LINEAR LINEAR LINEAR LINEAR LINEAR LINEAR LINEAR LINEAR LINEAR LINEAR LINEAR
LINEAR LINEAR LINEAR LINEAR LINEAR LINEAR LINEAR LINEAR LINEAR LINEAR LINEAR LINEAR
LINEAR LINEAR</Name_array><technique_common><accessor source="#jnt_bino-Interpolations-array" count="25"><param type="name"/></accessor></technique_common></source><sampler id="jnt_bino-Matrix-animation-transform"><input semantic="INPUT" source="#jnt_bino-Matrix-animation-input"/><input semantic="OUTPUT" source="#jnt_bino-Matrix-animation-output-transform"/><input semantic="INTERPOLATION" source="#jnt_bino-Interpolations"/></sampler><channel source="#jnt_bino-Matrix-animation-transform" target="jnt_bino/matrix"/></animation></animation>
    <animation id="pejnt_barrel-anim" name="pejnt_barrel"><animation><source id="pejnt_barrel-Matrix-animation-input"><float_array id="pejnt_barrel-Matrix-animation-input-array" count="25">

0.000000 0.033333 0.066667 0.100000 0.133333 0.166667 0.200000 0.233333 0.266667 0.300000 0.333333 0.366667 0.400000 0.433333 0.466667 0.500000
0.533333 0.566667 0.600000 0.633333 0.666667 0.700000 0.733333 0.766667 0.800000</float_array><technique_common><accessor source="#pejnt_barrel-Matrix-animation-input-array" count="25"><param name="TIME" type="float"/></accessor></technique_common></source><source id="pejnt_barrel-Matrix-animation-output-transform"><float_array id="pejnt_barrel-Matrix-animation-output-transform-array" count="400">

1.000000 -0.000000 -0.000000 0.000000 0.000000 1.000000 0.000000 0.000000 0.000000 0.000000 1.000000 0.600000 0.000000 0.000000 0.000000 1.000000
1.000000 0.000000 0.000000 -0.000000 -0.000000 1.000000 0.000000 0.000000 -0.000000 0.000000 1.000000 0.600000 0.000000 0.000000 0.000000 1.000000
1.000000 -0.000000 -0.000000 0.000000 -0.000000 1.000000 0.000000 0.000000 0.000000 0.000000 1.000000 0.600000 0.000000 0.000000 0.000000 1.000000
1.000000 0.000000 0.000000 0.000000 -0.000000 1.000000 -0.000000 0.000000 0.000000 0.000000 1.000000 0.600000 0.000000 0.000000 0.000000 1.000000
1.000000 0.000000 0.000000 0.000000 0.000000 1.000000 -0.000000 0.000000 0.000000 -0.000000 1.000000 0.600000 0.000000 0.000000 0.000000 1.000000
1.000000 0.000000 0.000000 0.000000 -0.000000 1.000000 0.000000 0.000000 -0.000000 -0.000000 1.000000 0.600000 0.000000 0.000000 0.000000 1.000000
1.000000 -0.000000 0.000000 0.000000 0.000000 1.000000 -0.000000 0.000000 0.000000 0.000000 1.000000 0.600000 0.000000 0.000000 0.000000 1.000000
1.000000 -0.000000 0.000000 0.000000 -0.000000 1.000000 0.000000 0.000000 0.000000 0.000000 1.000000 0.600000 0.000000 0.000000 0.000000 1.000000
1.000000 0.000000 0.000000 -0.000000 -0.000000 1.000000 0.000000 -0.000000 -0.000000 -0.000000 1.000000 0.600000 0.000000 0.000000 0.000000 1.000000
1.000000 -0.000000 0.000000 0.000000 0.000000 1.000000 0.000000 0.000000 0.000000 0.000000 1.000000 0.600000 0.000000 0.000000 0.000000 1.000000
1.000000 -0.000000 0.000000 0.000000 -0.000000 1.000000 -0.000000 0.000000 0.000000 0.000000 1.000000 0.600000 0.000000 0.000000 0.000000 1.000000
1.000000 -0.000000 0.000000 0.000000 -0.000000 1.000000 0.000000 0.000000 -0.000000 0.000000 1.000000 0.600000 0.000000 0.000000 0.000000 1.000000
1.000000 0.000000 -0.000000 -0.000000 -0.000000 1.000000 0.000000 -0.000000 0.000000 -0.000000 1.000000 0.600000 0.000000 0.000000 0.000000 1.000000
1.000000 0.000000 0.000000 0.000000 0.000000 1.000000 -0.000000 0.000000 0.000000 -0.000000 1.000000 0.600000 0.000000 0.000000 0.000000 1.000000
1.000000 0.000000 -0.000000 -0.000000 0.000000 1.000000 0.000000 0.000000 0.000000 -0.000000 1.000000 0.600000 0.000000 0.000000 0.000000 1.000000
1.000000 0.000000 0.000000 0.000000 0.000000 1.000000 -0.000000 -0.000000 0.000000 0.000000 1.000000 0.600000 0.000000 0.000000 0.000000 1.000000
1.000000 -0.000000 0.000000 0.000000 -0.000000 1.000000 0.000000 0.000000 -0.000000 0.000000 1.000000 0.600000 0.000000 0.000000 0.000000 1.000000
1.000000 -0.000000 0.000000 0.000000 0.000000 1.000000 -0.000000 0.000000 0.000000 -0.000000 1.000000 0.600000 0.000000 0.000000 0.000000 1.000000
1.000000 0.000000 0.000000 0.000000 0.000000 1.000000 -0.000000 0.000000 0.000000 -0.000000 1.000000 0.600000 0.000000 0.000000 0.000000 1.000000
1.000000 -0.000000 -0.000000 0.000000 0.000000 1.000000 0.000000 0.000000 -0.000000 -0.000000 1.000000 0.600000 0.000000 0.000000 0.000000 1.000000
1.000000 -0.000000 -0.000000 0.000000 0.000000 1.000000 -0.000000 0.000000 -0.000000 0.000000 1.000000 0.600000 0.000000 0.000000 0.000000 1.000000
1.000000 0.000000 0.000000 -0.000000 0.000000 1.000000 -0.000000 0.000000 -0.000000 0.000000 1.000000 0.600000 0.000000 0.000000 0.000000 1.000000
1.000000 -0.000000 0.000000 0.000000 -0.000000 1.000000 -0.000000 0.000000 0.000000 0.000000 1.000000 0.600000 0.000000 0.000000 0.000000 1.000000
1.000000 0.000000 -0.000000 0.000000 0.000000 1.000000 -0.000000 -0.000000 0.000000 0.000000 1.000000 0.600000 0.000000 0.000000 0.000000 1.000000
1.000000 -0.000000 -0.000000 -0.000000 -0.000000 1.000000 0.000000 0.000000 0.000000 0.000000 1.000000 0.600000 0.000000 0.000000 0.000000 1.000000</float_array><technique_common><accessor source="#pejnt_barrel-Matrix-animation-output-transform-array" count="25" stride="16"><param type="float4x4"/></accessor></technique_common></source><source id="pejnt_barrel-Interpolations"><Name_array id="pejnt_barrel-Interpolations-array" count="25">
 LINEAR LINEAR LINEAR LINEAR LINEAR LINEAR LINEAR LINEAR LINEAR LINEAR LINEAR
LINEAR LINEAR LINEAR LINEAR LINEAR LINEAR LINEAR LINEAR LINEAR LINEAR LINEAR LINEAR
LINEAR LINEAR</Name_array><technique_common><accessor source="#pejnt_barrel-Interpolations-array" count="25"><param type="name"/></accessor></technique_common></source><sampler id="pejnt_barrel-Matrix-animation-transform"><input semantic="INPUT" source="#pejnt_barrel-Matrix-animation-input"/><input semantic="OUTPUT" source="#pejnt_barrel-Matrix-animation-output-transform"/><input semantic="INTERPOLATION" source="#pejnt_barrel-Interpolations"/></sampler><channel source="#pejnt_barrel-Matrix-animation-transform" target="pejnt_barrel/matrix"/></animation></animation>
    <animation id="Character-anim" name="Character"><animation><source id="Character-Matrix-animation-input"><float_array id="Character-Matrix-animation-input-array" count="25">

0.000000 0.033333 0.066667 0.100000 0.133333 0.166667 0.200000 0.233333 0.266667 0.300000 0.333333 0.366667 0.400000 0.433333 0.466667 0.500000
0.533333 0.566667 0.600000 0.633333 0.666667 0.700000 0.733333 0.766667 0.800000</float_array><technique_common><accessor source="#Character-Matrix-animation-input-array" count="25"><param name="TIME" type="float"/></accessor></technique_common></source><source id="Character-Matrix-animation-output-transform"><float_array id="Character-Matrix-animation-output-transform-array" count="400">

1.000000 0.000000 0.000000 0.000000 0.000000 1.000000 -0.000000 0.000000 0.000000 0.000000 1.000000 0.000000 0.000000 0.000000 0.000000 1.000000
1.000000 0.000000 0.000000 0.000000 0.000000 1.000000 -0.000000 0.000000 0.000000 0.000000 1.000000 0.000000 0.000000 0.000000 0.000000 1.000000
1.000000 0.000000 0.000000 0.000000 0.000000 1.000000 -0.000000 0.000000 0.000000 0.000000 1.000000 0.000000 0.000000 0.000000 0.000000 1.000000
1.000000 0.000000 0.000000 0.000000 0.000000 1.000000 -0.000000 0.000000 0.000000 0.000000 1.000000 0.000000 0.000000 0.000000 0.000000 1.000000
1.000000 0.000000 0.000000 0.000000 0.000000 1.000000 -0.000000 0.000000 0.000000 0.000000 1.000000 0.000000 0.000000 0.000000 0.000000 1.000000
1.000000 0.000000 0.000000 0.000000 0.000000 1.000000 -0.000000 0.000000 0.000000 0.000000 1.000000 0.000000 0.000000 0.000000 0.000000 1.000000
1.000000 0.000000 0.000000 0.000000 0.000000 1.000000 -0.000000 0.000000 0.000000 0.000000 1.000000 0.000000 0.000000 0.000000 0.000000 1.000000
1.000000 0.000000 0.000000 0.000000 0.000000 1.000000 -0.000000 0.000000 0.000000 0.000000 1.000000 0.000000 0.000000 0.000000 0.000000 1.000000
1.000000 0.000000 0.000000 0.000000 0.000000 1.000000 -0.000000 0.000000 0.000000 0.000000 1.000000 0.000000 0.000000 0.000000 0.000000 1.000000
1.000000 0.000000 0.000000 0.000000 0.000000 1.000000 -0.000000 0.000000 0.000000 0.000000 1.000000 0.000000 0.000000 0.000000 0.000000 1.000000
1.000000 0.000000 0.000000 0.000000 0.000000 1.000000 -0.000000 0.000000 0.000000 0.000000 1.000000 0.000000 0.000000 0.000000 0.000000 1.000000
1.000000 0.000000 0.000000 0.000000 0.000000 1.000000 -0.000000 0.000000 0.000000 0.000000 1.000000 0.000000 0.000000 0.000000 0.000000 1.000000
1.000000 0.000000 0.000000 0.000000 0.000000 1.000000 -0.000000 0.000000 0.000000 0.000000 1.000000 0.000000 0.000000 0.000000 0.000000 1.000000
1.000000 0.000000 0.000000 0.000000 0.000000 1.000000 -0.000000 0.000000 0.000000 0.000000 1.000000 0.000000 0.000000 0.000000 0.000000 1.000000
1.000000 0.000000 0.000000 0.000000 0.000000 1.000000 -0.000000 0.000000 0.000000 0.000000 1.000000 0.000000 0.000000 0.000000 0.000000 1.000000
1.000000 0.000000 0.000000 0.000000 0.000000 1.000000 -0.000000 0.000000 0.000000 0.000000 1.000000 0.000000 0.000000 0.000000 0.000000 1.000000
1.000000 0.000000 0.000000 0.000000 0.000000 1.000000 -0.000000 0.000000 0.000000 0.000000 1.000000 0.000000 0.000000 0.000000 0.000000 1.000000
1.000000 0.000000 0.000000 0.000000 0.000000 1.000000 -0.000000 0.000000 0.000000 0.000000 1.000000 0.000000 0.000000 0.000000 0.000000 1.000000
1.000000 0.000000 0.000000 0.000000 0.000000 1.000000 -0.000000 0.000000 0.000000 0.000000 1.000000 0.000000 0.000000 0.000000 0.000000 1.000000
1.000000 0.000000 0.000000 0.000000 0.000000 1.000000 -0.000000 0.000000 0.000000 0.000000 1.000000 0.000000 0.000000 0.000000 0.000000 1.000000
1.000000 0.000000 0.000000 0.000000 0.000000 1.000000 -0.000000 0.000000 0.000000 0.000000 1.000000 0.000000 0.000000 0.000000 0.000000 1.000000
1.000000 0.000000 0.000000 0.000000 0.000000 1.000000 -0.000000 0.000000 0.000000 0.000000 1.000000 0.000000 0.000000 0.000000 0.000000 1.000000
1.000000 0.000000 0.000000 0.000000 0.000000 1.000000 -0.000000 0.000000 0.000000 0.000000 1.000000 0.000000 0.000000 0.000000 0.000000 1.000000
1.000000 0.000000 0.000000 0.000000 0.000000 1.000000 -0.000000 0.000000 0.000000 0.000000 1.000000 0.000000 0.000000 0.000000 0.000000 1.000000
1.000000 0.000000 0.000000 0.000000 0.000000 1.000000 -0.000000 0.000000 0.000000 0.000000 1.000000 0.000000 0.000000 0.000000 0.000000 1.000000</float_array><technique_common><accessor source="#Character-Matrix-animation-output-transform-array" count="25" stride="16"><param type="float4x4"/></accessor></technique_common></source><source id="Character-Interpolations"><Name_array id="Character-Interpolations-array" count="25">
 LINEAR LINEAR LINEAR LINEAR LINEAR LINEAR LINEAR LINEAR LINEAR LINEAR LINEAR
LINEAR LINEAR LINEAR LINEAR LINEAR LINEAR LINEAR LINEAR LINEAR LINEAR LINEAR LINEAR
LINEAR LINEAR</Name_array><technique_common><accessor source="#Character-Interpolations-array" count="25"><param type="name"/></accessor></technique_common></source><sampler id="Character-Matrix-animation-transform"><input semantic="INPUT" source="#Character-Matrix-animation-input"/><input semantic="OUTPUT" source="#Character-Matrix-animation-output-transform"/><input semantic="INTERPOLATION" source="#Character-Interpolations"/></sampler><channel source="#Character-Matrix-animation-transform" target="Character/matrix"/></animation></animation>
    <animation id="HIK_root_jnt-anim" name="HIK_root_jnt"><animation><source id="HIK_root_jnt-Matrix-animation-input"><float_array id="HIK_root_jnt-Matrix-animation-input-array" count="25">

0.000000 0.033333 0.066667 0.100000 0.133333 0.166667 0.200000 0.233333 0.266667 0.300000 0.333333 0.366667 0.400000 0.433333 0.466667 0.500000
0.533333 0.566667 0.600000 0.633333 0.666667 0.700000 0.733333 0.766667 0.800000</float_array><technique_common><accessor source="#HIK_root_jnt-Matrix-animation-input-array" count="25"><param name="TIME" type="float"/></accessor></technique_common></source><source id="HIK_root_jnt-Matrix-animation-output-transform"><float_array id="HIK_root_jnt-Matrix-animation-output-transform-array" count="400">

1.000000 0.000000 0.000000 0.000000 0.000000 1.000000 -0.000000 0.000000 0.000000 0.000000 1.000000 0.000000 0.000000 0.000000 0.000000 1.000000
1.000000 0.000000 0.000000 0.000000 0.000000 1.000000 -0.000000 0.000000 0.000000 0.000000 1.000000 0.000000 0.000000 0.000000 0.000000 1.000000
1.000000 0.000000 0.000000 0.000000 0.000000 1.000000 -0.000000 0.000000 0.000000 0.000000 1.000000 0.000000 0.000000 0.000000 0.000000 1.000000
1.000000 0.000000 0.000000 0.000000 0.000000 1.000000 -0.000000 0.000000 0.000000 0.000000 1.000000 0.000000 0.000000 0.000000 0.000000 1.000000
1.000000 0.000000 0.000000 0.000000 0.000000 1.000000 -0.000000 0.000000 0.000000 0.000000 1.000000 0.000000 0.000000 0.000000 0.000000 1.000000
1.000000 0.000000 0.000000 0.000000 0.000000 1.000000 -0.000000 0.000000 0.000000 0.000000 1.000000 0.000000 0.000000 0.000000 0.000000 1.000000
1.000000 0.000000 0.000000 0.000000 0.000000 1.000000 -0.000000 0.000000 0.000000 0.000000 1.000000 0.000000 0.000000 0.000000 0.000000 1.000000
1.000000 0.000000 0.000000 0.000000 0.000000 1.000000 -0.000000 0.000000 0.000000 0.000000 1.000000 0.000000 0.000000 0.000000 0.000000 1.000000
1.000000 0.000000 0.000000 0.000000 0.000000 1.000000 -0.000000 0.000000 0.000000 0.000000 1.000000 0.000000 0.000000 0.000000 0.000000 1.000000
1.000000 0.000000 0.000000 0.000000 0.000000 1.000000 -0.000000 0.000000 0.000000 0.000000 1.000000 0.000000 0.000000 0.000000 0.000000 1.000000
1.000000 0.000000 0.000000 0.000000 0.000000 1.000000 -0.000000 0.000000 0.000000 0.000000 1.000000 0.000000 0.000000 0.000000 0.000000 1.000000
1.000000 0.000000 0.000000 0.000000 0.000000 1.000000 -0.000000 0.000000 0.000000 0.000000 1.000000 0.000000 0.000000 0.000000 0.000000 1.000000
1.000000 0.000000 0.000000 0.000000 0.000000 1.000000 -0.000000 0.000000 0.000000 0.000000 1.000000 0.000000 0.000000 0.000000 0.000000 1.000000
1.000000 0.000000 0.000000 0.000000 0.000000 1.000000 -0.000000 0.000000 0.000000 0.000000 1.000000 0.000000 0.000000 0.000000 0.000000 1.000000
1.000000 0.000000 0.000000 0.000000 0.000000 1.000000 -0.000000 0.000000 0.000000 0.000000 1.000000 0.000000 0.000000 0.000000 0.000000 1.000000
1.000000 0.000000 0.000000 0.000000 0.000000 1.000000 -0.000000 0.000000 0.000000 0.000000 1.000000 0.000000 0.000000 0.000000 0.000000 1.000000
1.000000 0.000000 0.000000 0.000000 0.000000 1.000000 -0.000000 0.000000 0.000000 0.000000 1.000000 0.000000 0.000000 0.000000 0.000000 1.000000
1.000000 0.000000 0.000000 0.000000 0.000000 1.000000 -0.000000 0.000000 0.000000 0.000000 1.000000 0.000000 0.000000 0.000000 0.000000 1.000000
1.000000 0.000000 0.000000 0.000000 0.000000 1.000000 -0.000000 0.000000 0.000000 0.000000 1.000000 0.000000 0.000000 0.000000 0.000000 1.000000
1.000000 0.000000 0.000000 0.000000 0.000000 1.000000 -0.000000 0.000000 0.000000 0.000000 1.000000 0.000000 0.000000 0.000000 0.000000 1.000000
1.000000 0.000000 0.000000 0.000000 0.000000 1.000000 -0.000000 0.000000 0.000000 0.000000 1.000000 0.000000 0.000000 0.000000 0.000000 1.000000
1.000000 0.000000 0.000000 0.000000 0.000000 1.000000 -0.000000 0.000000 0.000000 0.000000 1.000000 0.000000 0.000000 0.000000 0.000000 1.000000
1.000000 0.000000 0.000000 0.000000 0.000000 1.000000 -0.000000 0.000000 0.000000 0.000000 1.000000 0.000000 0.000000 0.000000 0.000000 1.000000
1.000000 0.000000 0.000000 0.000000 0.000000 1.000000 -0.000000 0.000000 0.000000 0.000000 1.000000 0.000000 0.000000 0.000000 0.000000 1.000000
1.000000 0.000000 0.000000 0.000000 0.000000 1.000000 -0.000000 0.000000 0.000000 0.000000 1.000000 0.000000 0.000000 0.000000 0.000000 1.000000</float_array><technique_common><accessor source="#HIK_root_jnt-Matrix-animation-output-transform-array" count="25" stride="16"><param type="float4x4"/></accessor></technique_common></source><source id="HIK_root_jnt-Interpolations"><Name_array id="HIK_root_jnt-Interpolations-array" count="25">
 LINEAR LINEAR LINEAR LINEAR LINEAR LINEAR LINEAR LINEAR LINEAR LINEAR LINEAR
LINEAR LINEAR LINEAR LINEAR LINEAR LINEAR LINEAR LINEAR LINEAR LINEAR LINEAR LINEAR
LINEAR LINEAR</Name_array><technique_common><accessor source="#HIK_root_jnt-Interpolations-array" count="25"><param type="name"/></accessor></technique_common></source><sampler id="HIK_root_jnt-Matrix-animation-transform"><input semantic="INPUT" source="#HIK_root_jnt-Matrix-animation-input"/><input semantic="OUTPUT" source="#HIK_root_jnt-Matrix-animation-output-transform"/><input semantic="INTERPOLATION" source="#HIK_root_jnt-Interpolations"/></sampler><channel source="#HIK_root_jnt-Matrix-animation-transform" target="HIK_root_jnt/matrix"/></animation></animation>
    <animation id="root_jnt-anim" name="root_jnt"><animation><source id="root_jnt-Matrix-animation-input"><float_array id="root_jnt-Matrix-animation-input-array" count="25">

0.000000 0.033333 0.066667 0.100000 0.133333 0.166667 0.200000 0.233333 0.266667 0.300000 0.333333 0.366667 0.400000 0.433333 0.466667 0.500000
0.533333 0.566667 0.600000 0.633333 0.666667 0.700000 0.733333 0.766667 0.800000</float_array><technique_common><accessor source="#root_jnt-Matrix-animation-input-array" count="25"><param name="TIME" type="float"/></accessor></technique_common></source><source id="root_jnt-Matrix-animation-output-transform"><float_array id="root_jnt-Matrix-animation-output-transform-array" count="400">

1.000000 0.000000 0.000000 0.000000 0.000000 1.000000 -0.000000 0.000000 0.000000 0.000000 1.000000 0.000000 0.000000 0.000000 0.000000 1.000000
1.000000 0.000000 0.000000 0.000000 0.000000 1.000000 -0.000000 0.000000 0.000000 0.000000 1.000000 0.000000 0.000000 0.000000 0.000000 1.000000
1.000000 0.000000 0.000000 0.000000 0.000000 1.000000 -0.000000 0.000000 0.000000 0.000000 1.000000 0.000000 0.000000 0.000000 0.000000 1.000000
1.000000 0.000000 0.000000 0.000000 0.000000 1.000000 -0.000000 0.000000 0.000000 0.000000 1.000000 0.000000 0.000000 0.000000 0.000000 1.000000
1.000000 0.000000 0.000000 0.000000 0.000000 1.000000 -0.000000 0.000000 0.000000 0.000000 1.000000 0.000000 0.000000 0.000000 0.000000 1.000000
1.000000 0.000000 0.000000 0.000000 0.000000 1.000000 -0.000000 0.000000 0.000000 0.000000 1.000000 0.000000 0.000000 0.000000 0.000000 1.000000
1.000000 0.000000 0.000000 0.000000 0.000000 1.000000 -0.000000 0.000000 0.000000 0.000000 1.000000 0.000000 0.000000 0.000000 0.000000 1.000000
1.000000 0.000000 0.000000 0.000000 0.000000 1.000000 -0.000000 0.000000 0.000000 0.000000 1.000000 0.000000 0.000000 0.000000 0.000000 1.000000
1.000000 0.000000 0.000000 0.000000 0.000000 1.000000 -0.000000 0.000000 0.000000 0.000000 1.000000 0.000000 0.000000 0.000000 0.000000 1.000000
1.000000 0.000000 0.000000 0.000000 0.000000 1.000000 -0.000000 0.000000 0.000000 0.000000 1.000000 0.000000 0.000000 0.000000 0.000000 1.000000
1.000000 0.000000 0.000000 0.000000 0.000000 1.000000 -0.000000 0.000000 0.000000 0.000000 1.000000 0.000000 0.000000 0.000000 0.000000 1.000000
1.000000 0.000000 0.000000 0.000000 0.000000 1.000000 -0.000000 0.000000 0.000000 0.000000 1.000000 0.000000 0.000000 0.000000 0.000000 1.000000
1.000000 0.000000 0.000000 0.000000 0.000000 1.000000 -0.000000 0.000000 0.000000 0.000000 1.000000 0.000000 0.000000 0.000000 0.000000 1.000000
1.000000 0.000000 0.000000 0.000000 0.000000 1.000000 -0.000000 0.000000 0.000000 0.000000 1.000000 0.000000 0.000000 0.000000 0.000000 1.000000
1.000000 0.000000 0.000000 0.000000 0.000000 1.000000 -0.000000 0.000000 0.000000 0.000000 1.000000 0.000000 0.000000 0.000000 0.000000 1.000000
1.000000 0.000000 0.000000 0.000000 0.000000 1.000000 -0.000000 0.000000 0.000000 0.000000 1.000000 0.000000 0.000000 0.000000 0.000000 1.000000
1.000000 0.000000 0.000000 0.000000 0.000000 1.000000 -0.000000 0.000000 0.000000 0.000000 1.000000 0.000000 0.000000 0.000000 0.000000 1.000000
1.000000 0.000000 0.000000 0.000000 0.000000 1.000000 -0.000000 0.000000 0.000000 0.000000 1.000000 0.000000 0.000000 0.000000 0.000000 1.000000
1.000000 0.000000 0.000000 0.000000 0.000000 1.000000 -0.000000 0.000000 0.000000 0.000000 1.000000 0.000000 0.000000 0.000000 0.000000 1.000000
1.000000 0.000000 0.000000 0.000000 0.000000 1.000000 -0.000000 0.000000 0.000000 0.000000 1.000000 0.000000 0.000000 0.000000 0.000000 1.000000
1.000000 0.000000 0.000000 0.000000 0.000000 1.000000 -0.000000 0.000000 0.000000 0.000000 1.000000 0.000000 0.000000 0.000000 0.000000 1.000000
1.000000 0.000000 0.000000 0.000000 0.000000 1.000000 -0.000000 0.000000 0.000000 0.000000 1.000000 0.000000 0.000000 0.000000 0.000000 1.000000
1.000000 0.000000 0.000000 0.000000 0.000000 1.000000 -0.000000 0.000000 0.000000 0.000000 1.000000 0.000000 0.000000 0.000000 0.000000 1.000000
1.000000 0.000000 0.000000 0.000000 0.000000 1.000000 -0.000000 0.000000 0.000000 0.000000 1.000000 0.000000 0.000000 0.000000 0.000000 1.000000
1.000000 0.000000 0.000000 0.000000 0.000000 1.000000 -0.000000 0.000000 0.000000 0.000000 1.000000 0.000000 0.000000 0.000000 0.000000 1.000000</float_array><technique_common><accessor source="#root_jnt-Matrix-animation-output-transform-array" count="25" stride="16"><param type="float4x4"/></accessor></technique_common></source><source id="root_jnt-Interpolations"><Name_array id="root_jnt-Interpolations-array" count="25">
 LINEAR LINEAR LINEAR LINEAR LINEAR LINEAR LINEAR LINEAR LINEAR LINEAR LINEAR
LINEAR LINEAR LINEAR LINEAR LINEAR LINEAR LINEAR LINEAR LINEAR LINEAR LINEAR LINEAR
LINEAR LINEAR</Name_array><technique_common><accessor source="#root_jnt-Interpolations-array" count="25"><param type="name"/></accessor></technique_common></source><sampler id="root_jnt-Matrix-animation-transform"><input semantic="INPUT" source="#root_jnt-Matrix-animation-input"/><input semantic="OUTPUT" source="#root_jnt-Matrix-animation-output-transform"/><input semantic="INTERPOLATION" source="#root_jnt-Interpolations"/></sampler><channel source="#root_jnt-Matrix-animation-transform" target="root_jnt/matrix"/></animation></animation>
    <animation id="jnt_hips-anim" name="jnt_hips"><animation><source id="jnt_hips-Matrix-animation-input"><float_array id="jnt_hips-Matrix-animation-input-array" count="25">

0.000000 0.033333 0.066667 0.100000 0.133333 0.166667 0.200000 0.233333 0.266667 0.300000 0.333333 0.366667 0.400000 0.433333 0.466667 0.500000
0.533333 0.566667 0.600000 0.633333 0.666667 0.700000 0.733333 0.766667 0.800000</float_array><technique_common><accessor source="#jnt_hips-Matrix-animation-input-array" count="25"><param name="TIME" type="float"/></accessor></technique_common></source><source id="jnt_hips-Matrix-animation-output-transform"><float_array id="jnt_hips-Matrix-animation-output-transform-array" count="400">

1.000000 0.000000 0.000000 0.000000 -0.000000 0.999997 -0.002456 2.061423 -0.000000 0.002456 0.999997 -0.094053 0.000000 0.000000 0.000000 1.000000
1.000000 0.000000 0.000000 0.000000 -0.000000 0.999997 -0.002456 2.061423 -0.000000 0.002456 0.999997 -0.094053 0.000000 0.000000 0.000000 1.000000
1.000000 0.000000 0.000000 0.000000 -0.000000 0.999997 -0.002456 2.061423 -0.000000 0.002456 0.999997 -0.094053 0.000000 0.000000 0.000000 1.000000
1.000000 0.000000 0.000000 0.000000 -0.000000 0.999997 -0.002456 2.061423 -0.000000 0.002456 0.999997 -0.094053 0.000000 0.000000 0.000000 1.000000
1.000000 0.000000 0.000000 0.000000 -0.000000 0.999997 -0.002456 2.061423 -0.000000 0.002456 0.999997 -0.094053 0.000000 0.000000 0.000000 1.000000
1.000000 0.000000 0.000000 0.000000 -0.000000 0.999997 -0.002456 2.061423 -0.000000 0.002456 0.999997 -0.094053 0.000000 0.000000 0.000000 1.000000
1.000000 0.000000 0.000000 0.000000 -0.000000 0.999997 -0.002456 2.061423 -0.000000 0.002456 0.999997 -0.094053 0.000000 0.000000 0.000000 1.000000
1.000000 0.000000 0.000000 0.000000 -0.000000 0.999997 -0.002456 2.061423 -0.000000 0.002456 0.999997 -0.094053 0.000000 0.000000 0.000000 1.000000
1.000000 0.000000 0.000000 0.000000 -0.000000 0.999997 -0.002456 2.061423 -0.000000 0.002456 0.999997 -0.094053 0.000000 0.000000 0.000000 1.000000
1.000000 0.000000 0.000000 0.000000 -0.000000 0.999997 -0.002456 2.061423 -0.000000 0.002456 0.999997 -0.094053 0.000000 0.000000 0.000000 1.000000
1.000000 0.000000 0.000000 0.000000 -0.000000 0.999997 -0.002456 2.061423 -0.000000 0.002456 0.999997 -0.094053 0.000000 0.000000 0.000000 1.000000
1.000000 0.000000 0.000000 0.000000 -0.000000 0.999997 -0.002456 2.061423 -0.000000 0.002456 0.999997 -0.094053 0.000000 0.000000 0.000000 1.000000
1.000000 0.000000 0.000000 0.000000 -0.000000 0.999997 -0.002456 2.061423 -0.000000 0.002456 0.999997 -0.094053 0.000000 0.000000 0.000000 1.000000
1.000000 0.000000 0.000000 0.000000 -0.000000 0.999997 -0.002456 2.061423 -0.000000 0.002456 0.999997 -0.094053 0.000000 0.000000 0.000000 1.000000
1.000000 0.000000 0.000000 0.000000 -0.000000 0.999997 -0.002456 2.061423 -0.000000 0.002456 0.999997 -0.094053 0.000000 0.000000 0.000000 1.000000
1.000000 0.000000 0.000000 0.000000 -0.000000 0.999997 -0.002456 2.061423 -0.000000 0.002456 0.999997 -0.094053 0.000000 0.000000 0.000000 1.000000
1.000000 0.000000 0.000000 0.000000 -0.000000 0.999997 -0.002456 2.061423 -0.000000 0.002456 0.999997 -0.094053 0.000000 0.000000 0.000000 1.000000
1.000000 0.000000 0.000000 0.000000 -0.000000 0.999997 -0.002456 2.061423 -0.000000 0.002456 0.999997 -0.094053 0.000000 0.000000 0.000000 1.000000
1.000000 0.000000 0.000000 0.000000 -0.000000 0.999997 -0.002456 2.061423 -0.000000 0.002456 0.999997 -0.094053 0.000000 0.000000 0.000000 1.000000
1.000000 0.000000 0.000000 0.000000 -0.000000 0.999997 -0.002456 2.061423 -0.000000 0.002456 0.999997 -0.094053 0.000000 0.000000 0.000000 1.000000
1.000000 0.000000 0.000000 0.000000 -0.000000 0.999997 -0.002456 2.061423 -0.000000 0.002456 0.999997 -0.094053 0.000000 0.000000 0.000000 1.000000
1.000000 0.000000 0.000000 0.000000 -0.000000 0.999997 -0.002456 2.061423 -0.000000 0.002456 0.999997 -0.094053 0.000000 0.000000 0.000000 1.000000
1.000000 0.000000 0.000000 0.000000 -0.000000 0.999997 -0.002456 2.061423 -0.000000 0.002456 0.999997 -0.094053 0.000000 0.000000 0.000000 1.000000
1.000000 0.000000 0.000000 0.000000 -0.000000 0.999997 -0.002456 2.061423 -0.000000 0.002456 0.999997 -0.094053 0.000000 0.000000 0.000000 1.000000
1.000000 0.000000 0.000000 0.000000 -0.000000 0.999997 -0.002456 2.061423 -0.000000 0.002456 0.999997 -0.094053 0.000000 0.000000 0.000000 1.000000</float_array><technique_common><accessor source="#jnt_hips-Matrix-animation-output-transform-array" count="25" stride="16"><param type="float4x4"/></accessor></technique_common></source><source id="jnt_hips-Interpolations"><Name_array id="jnt_hips-Interpolations-array" count="25">
 LINEAR LINEAR LINEAR LINEAR LINEAR LINEAR LINEAR LINEAR LINEAR LINEAR LINEAR
LINEAR LINEAR LINEAR LINEAR LINEAR LINEAR LINEAR LINEAR LINEAR LINEAR LINEAR LINEAR
LINEAR LINEAR</Name_array><technique_common><accessor source="#jnt_hips-Interpolations-array" count="25"><param type="name"/></accessor></technique_common></source><sampler id="jnt_hips-Matrix-animation-transform"><input semantic="INPUT" source="#jnt_hips-Matrix-animation-input"/><input semantic="OUTPUT" source="#jnt_hips-Matrix-animation-output-transform"/><input semantic="INTERPOLATION" source="#jnt_hips-Interpolations"/></sampler><channel source="#jnt_hips-Matrix-animation-transform" target="jnt_hips/matrix"/></animation></animation>
    <animation id="jnt_height-anim" name="jnt_height"><animation><source id="jnt_height-Matrix-animation-input"><float_array id="jnt_height-Matrix-animation-input-array" count="25">

0.000000 0.033333 0.066667 0.100000 0.133333 0.166667 0.200000 0.233333 0.266667 0.300000 0.333333 0.366667 0.400000 0.433333 0.466667 0.500000
0.533333 0.566667 0.600000 0.633333 0.666667 0.700000 0.733333 0.766667 0.800000</float_array><technique_common><accessor source="#jnt_height-Matrix-animation-input-array" count="25"><param name="TIME" type="float"/></accessor></technique_common></source><source id="jnt_height-Matrix-animation-output-transform"><float_array id="jnt_height-Matrix-animation-output-transform-array" count="400">

1.000000 0.000000 0.000000 -0.000000 -0.000000 0.999997 -0.002456 -0.000000 -0.000000 0.002456 0.999997 0.000000 0.000000 0.000000 0.000000 1.000000
1.000000 0.000000 0.000000 -0.000000 -0.000000 0.999997 -0.002456 -0.000000 -0.000000 0.002456 0.999997 0.000000 0.000000 0.000000 0.000000 1.000000
1.000000 0.000000 0.000000 -0.000000 -0.000000 0.999997 -0.002456 -0.000000 -0.000000 0.002456 0.999997 0.000000 0.000000 0.000000 0.000000 1.000000
1.000000 0.000000 0.000000 -0.000000 -0.000000 0.999997 -0.002456 -0.000000 -0.000000 0.002456 0.999997 0.000000 0.000000 0.000000 0.000000 1.000000
1.000000 0.000000 0.000000 -0.000000 -0.000000 0.999997 -0.002456 -0.000000 -0.000000 0.002456 0.999997 0.000000 0.000000 0.000000 0.000000 1.000000
1.000000 0.000000 0.000000 -0.000000 -0.000000 0.999997 -0.002456 -0.000000 -0.000000 0.002456 0.999997 0.000000 0.000000 0.000000 0.000000 1.000000
1.000000 0.000000 0.000000 -0.000000 -0.000000 0.999997 -0.002456 -0.000000 -0.000000 0.002456 0.999997 0.000000 0.000000 0.000000 0.000000 1.000000
1.000000 0.000000 0.000000 -0.000000 -0.000000 0.999997 -0.002456 -0.000000 -0.000000 0.002456 0.999997 0.000000 0.000000 0.000000 0.000000 1.000000
1.000000 0.000000 0.000000 -0.000000 -0.000000 0.999997 -0.002456 -0.000000 -0.000000 0.002456 0.999997 0.000000 0.000000 0.000000 0.000000 1.000000
1.000000 0.000000 0.000000 -0.000000 -0.000000 0.999997 -0.002456 -0.000000 -0.000000 0.002456 0.999997 0.000000 0.000000 0.000000 0.000000 1.000000
1.000000 0.000000 0.000000 -0.000000 -0.000000 0.999997 -0.002456 -0.000000 -0.000000 0.002456 0.999997 0.000000 0.000000 0.000000 0.000000 1.000000
1.000000 0.000000 0.000000 -0.000000 -0.000000 0.999997 -0.002456 -0.000000 -0.000000 0.002456 0.999997 0.000000 0.000000 0.000000 0.000000 1.000000
1.000000 0.000000 0.000000 -0.000000 -0.000000 0.999997 -0.002456 -0.000000 -0.000000 0.002456 0.999997 0.000000 0.000000 0.000000 0.000000 1.000000
1.000000 0.000000 0.000000 -0.000000 -0.000000 0.999997 -0.002456 -0.000000 -0.000000 0.002456 0.999997 0.000000 0.000000 0.000000 0.000000 1.000000
1.000000 0.000000 0.000000 -0.000000 -0.000000 0.999997 -0.002456 -0.000000 -0.000000 0.002456 0.999997 0.000000 0.000000 0.000000 0.000000 1.000000
1.000000 0.000000 0.000000 -0.000000 -0.000000 0.999997 -0.002456 -0.000000 -0.000000 0.002456 0.999997 0.000000 0.000000 0.000000 0.000000 1.000000
1.000000 0.000000 0.000000 -0.000000 -0.000000 0.999997 -0.002456 -0.000000 -0.000000 0.002456 0.999997 0.000000 0.000000 0.000000 0.000000 1.000000
1.000000 0.000000 0.000000 -0.000000 -0.000000 0.999997 -0.002456 -0.000000 -0.000000 0.002456 0.999997 0.000000 0.000000 0.000000 0.000000 1.000000
1.000000 0.000000 0.000000 -0.000000 -0.000000 0.999997 -0.002456 -0.000000 -0.000000 0.002456 0.999997 0.000000 0.000000 0.000000 0.000000 1.000000
1.000000 0.000000 0.000000 -0.000000 -0.000000 0.999997 -0.002456 -0.000000 -0.000000 0.002456 0.999997 0.000000 0.000000 0.000000 0.000000 1.000000
1.000000 0.000000 0.000000 -0.000000 -0.000000 0.999997 -0.002456 -0.000000 -0.000000 0.002456 0.999997 0.000000 0.000000 0.000000 0.000000 1.000000
1.000000 0.000000 0.000000 -0.000000 -0.000000 0.999997 -0.002456 -0.000000 -0.000000 0.002456 0.999997 0.000000 0.000000 0.000000 0.000000 1.000000
1.000000 0.000000 0.000000 -0.000000 -0.000000 0.999997 -0.002456 -0.000000 -0.000000 0.002456 0.999997 0.000000 0.000000 0.000000 0.000000 1.000000
1.000000 0.000000 0.000000 -0.000000 -0.000000 0.999997 -0.002456 -0.000000 -0.000000 0.002456 0.999997 0.000000 0.000000 0.000000 0.000000 1.000000
1.000000 0.000000 0.000000 -0.000000 -0.000000 0.999997 -0.002456 -0.000000 -0.000000 0.002456 0.999997 0.000000 0.000000 0.000000 0.000000 1.000000</float_array><technique_common><accessor source="#jnt_height-Matrix-animation-output-transform-array" count="25" stride="16"><param type="float4x4"/></accessor></technique_common></source><source id="jnt_height-Interpolations"><Name_array id="jnt_height-Interpolations-array" count="25">
 LINEAR LINEAR LINEAR LINEAR LINEAR LINEAR LINEAR LINEAR LINEAR LINEAR LINEAR
LINEAR LINEAR LINEAR LINEAR LINEAR LINEAR LINEAR LINEAR LINEAR LINEAR LINEAR LINEAR
LINEAR LINEAR</Name_array><technique_common><accessor source="#jnt_height-Interpolations-array" count="25"><param type="name"/></accessor></technique_common></source><sampler id="jnt_height-Matrix-animation-transform"><input semantic="INPUT" source="#jnt_height-Matrix-animation-input"/><input semantic="OUTPUT" source="#jnt_height-Matrix-animation-output-transform"/><input semantic="INTERPOLATION" source="#jnt_height-Interpolations"/></sampler><channel source="#jnt_height-Matrix-animation-transform" target="jnt_height/matrix"/></animation></animation>
    <animation id="jnt_spine1-anim" name="jnt_spine1"><animation><source id="jnt_spine1-Matrix-animation-input"><float_array id="jnt_spine1-Matrix-animation-input-array" count="25">

0.000000 0.033333 0.066667 0.100000 0.133333 0.166667 0.200000 0.233333 0.266667 0.300000 0.333333 0.366667 0.400000 0.433333 0.466667 0.500000
0.533333 0.566667 0.600000 0.633333 0.666667 0.700000 0.733333 0.766667 0.800000</float_array><technique_common><accessor source="#jnt_spine1-Matrix-animation-input-array" count="25"><param name="TIME" type="float"/></accessor></technique_common></source><source id="jnt_spine1-Matrix-animation-output-transform"><float_array id="jnt_spine1-Matrix-animation-output-transform-array" count="400">

0.000000 0.000000 1.000000 0.000000 0.999914 -0.013155 -0.000000 0.212132 0.013155 0.999914 -0.000000 0.023482 0.000000 0.000000 0.000000 1.000000
0.000000 0.000000 1.000000 0.000000 0.999914 -0.013155 -0.000000 0.212132 0.013155 0.999914 -0.000000 0.023482 0.000000 0.000000 0.000000 1.000000
0.000000 0.000000 1.000000 0.000000 0.999914 -0.013155 -0.000000 0.212132 0.013155 0.999914 -0.000000 0.023482 0.000000 0.000000 0.000000 1.000000
0.000000 0.000000 1.000000 0.000000 0.999914 -0.013155 -0.000000 0.212132 0.013155 0.999914 -0.000000 0.023482 0.000000 0.000000 0.000000 1.000000
0.000000 0.000000 1.000000 0.000000 0.999914 -0.013155 -0.000000 0.212132 0.013155 0.999914 -0.000000 0.023482 0.000000 0.000000 0.000000 1.000000
0.000000 0.000000 1.000000 0.000000 0.999914 -0.013155 -0.000000 0.212132 0.013155 0.999914 -0.000000 0.023482 0.000000 0.000000 0.000000 1.000000
0.000000 0.000000 1.000000 0.000000 0.999914 -0.013155 -0.000000 0.212132 0.013155 0.999914 -0.000000 0.023482 0.000000 0.000000 0.000000 1.000000
0.000000 0.000000 1.000000 0.000000 0.999914 -0.013155 -0.000000 0.212132 0.013155 0.999914 -0.000000 0.023482 0.000000 0.000000 0.000000 1.000000
0.000000 0.000000 1.000000 0.000000 0.999914 -0.013155 -0.000000 0.212132 0.013155 0.999914 -0.000000 0.023482 0.000000 0.000000 0.000000 1.000000
0.000000 0.000000 1.000000 0.000000 0.999914 -0.013155 -0.000000 0.212132 0.013155 0.999914 -0.000000 0.023482 0.000000 0.000000 0.000000 1.000000
0.000000 0.000000 1.000000 0.000000 0.999914 -0.013155 -0.000000 0.212132 0.013155 0.999914 -0.000000 0.023482 0.000000 0.000000 0.000000 1.000000
0.000000 0.000000 1.000000 0.000000 0.999914 -0.013155 -0.000000 0.212132 0.013155 0.999914 -0.000000 0.023482 0.000000 0.000000 0.000000 1.000000
0.000000 0.000000 1.000000 0.000000 0.999914 -0.013155 -0.000000 0.212132 0.013155 0.999914 -0.000000 0.023482 0.000000 0.000000 0.000000 1.000000
0.000000 0.000000 1.000000 0.000000 0.999914 -0.013155 -0.000000 0.212132 0.013155 0.999914 -0.000000 0.023482 0.000000 0.000000 0.000000 1.000000
0.000000 0.000000 1.000000 0.000000 0.999914 -0.013155 -0.000000 0.212132 0.013155 0.999914 -0.000000 0.023482 0.000000 0.000000 0.000000 1.000000
0.000000 0.000000 1.000000 0.000000 0.999914 -0.013155 -0.000000 0.212132 0.013155 0.999914 -0.000000 0.023482 0.000000 0.000000 0.000000 1.000000
0.000000 0.000000 1.000000 0.000000 0.999914 -0.013155 -0.000000 0.212132 0.013155 0.999914 -0.000000 0.023482 0.000000 0.000000 0.000000 1.000000
0.000000 0.000000 1.000000 0.000000 0.999914 -0.013155 -0.000000 0.212132 0.013155 0.999914 -0.000000 0.023482 0.000000 0.000000 0.000000 1.000000
0.000000 0.000000 1.000000 0.000000 0.999914 -0.013155 -0.000000 0.212132 0.013155 0.999914 -0.000000 0.023482 0.000000 0.000000 0.000000 1.000000
0.000000 0.000000 1.000000 0.000000 0.999914 -0.013155 -0.000000 0.212132 0.013155 0.999914 -0.000000 0.023482 0.000000 0.000000 0.000000 1.000000
0.000000 0.000000 1.000000 0.000000 0.999914 -0.013155 -0.000000 0.212132 0.013155 0.999914 -0.000000 0.023482 0.000000 0.000000 0.000000 1.000000
0.000000 0.000000 1.000000 0.000000 0.999914 -0.013155 -0.000000 0.212132 0.013155 0.999914 -0.000000 0.023482 0.000000 0.000000 0.000000 1.000000
0.000000 0.000000 1.000000 0.000000 0.999914 -0.013155 -0.000000 0.212132 0.013155 0.999914 -0.000000 0.023482 0.000000 0.000000 0.000000 1.000000
0.000000 0.000000 1.000000 0.000000 0.999914 -0.013155 -0.000000 0.212132 0.013155 0.999914 -0.000000 0.023482 0.000000 0.000000 0.000000 1.000000
0.000000 0.000000 1.000000 0.000000 0.999914 -0.013155 -0.000000 0.212132 0.013155 0.999914 -0.000000 0.023482 0.000000 0.000000 0.000000 1.000000</float_array><technique_common><accessor source="#jnt_spine1-Matrix-animation-output-transform-array" count="25" stride="16"><param type="float4x4"/></accessor></technique_common></source><source id="jnt_spine1-Interpolations"><Name_array id="jnt_spine1-Interpolations-array" count="25">
 LINEAR LINEAR LINEAR LINEAR LINEAR LINEAR LINEAR LINEAR LINEAR LINEAR LINEAR
LINEAR LINEAR LINEAR LINEAR LINEAR LINEAR LINEAR LINEAR LINEAR LINEAR LINEAR LINEAR
LINEAR LINEAR</Name_array><technique_common><accessor source="#jnt_spine1-Interpolations-array" count="25"><param type="name"/></accessor></technique_common></source><sampler id="jnt_spine1-Matrix-animation-transform"><input semantic="INPUT" source="#jnt_spine1-Matrix-animation-input"/><input semantic="OUTPUT" source="#jnt_spine1-Matrix-animation-output-transform"/><input semantic="INTERPOLATION" source="#jnt_spine1-Interpolations"/></sampler><channel source="#jnt_spine1-Matrix-animation-transform" target="jnt_spine1/matrix"/></animation></animation>
    <animation id="jnt_spine2-anim" name="jnt_spine2"><animation><source id="jnt_spine2-Matrix-animation-input"><float_array id="jnt_spine2-Matrix-animation-input-array" count="25">

0.000000 0.033333 0.066667 0.100000 0.133333 0.166667 0.200000 0.233333 0.266667 0.300000 0.333333 0.366667 0.400000 0.433333 0.466667 0.500000
0.533333 0.566667 0.600000 0.633333 0.666667 0.700000 0.733333 0.766667 0.800000</float_array><technique_common><accessor source="#jnt_spine2-Matrix-animation-input-array" count="25"><param name="TIME" type="float"/></accessor></technique_common></source><source id="jnt_spine2-Matrix-animation-output-transform"><float_array id="jnt_spine2-Matrix-animation-output-transform-array" count="400">

0.998580 0.053271 -0.000000 0.426848 -0.053271 0.998580 -0.000000 0.000003 0.000000 0.000000 1.000000 -0.000000 0.000000 0.000000 0.000000 1.000000
0.998580 0.053271 -0.000000 0.426848 -0.053271 0.998580 -0.000000 0.000003 0.000000 0.000000 1.000000 -0.000000 0.000000 0.000000 0.000000 1.000000
0.998580 0.053271 -0.000000 0.426848 -0.053271 0.998580 -0.000000 0.000003 0.000000 0.000000 1.000000 -0.000000 0.000000 0.000000 0.000000 1.000000
0.998580 0.053271 -0.000000 0.426848 -0.053271 0.998580 -0.000000 0.000003 0.000000 0.000000 1.000000 -0.000000 0.000000 0.000000 0.000000 1.000000
0.998580 0.053271 -0.000000 0.426848 -0.053271 0.998580 -0.000000 0.000003 0.000000 0.000000 1.000000 -0.000000 0.000000 0.000000 0.000000 1.000000
0.998580 0.053271 -0.000000 0.426848 -0.053271 0.998580 -0.000000 0.000003 0.000000 0.000000 1.000000 -0.000000 0.000000 0.000000 0.000000 1.000000
0.998580 0.053271 -0.000000 0.426848 -0.053271 0.998580 -0.000000 0.000003 0.000000 0.000000 1.000000 -0.000000 0.000000 0.000000 0.000000 1.000000
0.998580 0.053271 -0.000000 0.426848 -0.053271 0.998580 -0.000000 0.000003 0.000000 0.000000 1.000000 -0.000000 0.000000 0.000000 0.000000 1.000000
0.998580 0.053271 -0.000000 0.426848 -0.053271 0.998580 -0.000000 0.000003 0.000000 0.000000 1.000000 -0.000000 0.000000 0.000000 0.000000 1.000000
0.998580 0.053271 -0.000000 0.426848 -0.053271 0.998580 -0.000000 0.000003 0.000000 0.000000 1.000000 -0.000000 0.000000 0.000000 0.000000 1.000000
0.998580 0.053271 -0.000000 0.426848 -0.053271 0.998580 -0.000000 0.000003 0.000000 0.000000 1.000000 -0.000000 0.000000 0.000000 0.000000 1.000000
0.998580 0.053271 -0.000000 0.426848 -0.053271 0.998580 -0.000000 0.000003 0.000000 0.000000 1.000000 -0.000000 0.000000 0.000000 0.000000 1.000000
0.998580 0.053271 -0.000000 0.426848 -0.053271 0.998580 -0.000000 0.000003 0.000000 0.000000 1.000000 -0.000000 0.000000 0.000000 0.000000 1.000000
0.998580 0.053271 -0.000000 0.426848 -0.053271 0.998580 -0.000000 0.000003 0.000000 0.000000 1.000000 -0.000000 0.000000 0.000000 0.000000 1.000000
0.998580 0.053271 -0.000000 0.426848 -0.053271 0.998580 -0.000000 0.000003 0.000000 0.000000 1.000000 -0.000000 0.000000 0.000000 0.000000 1.000000
0.998580 0.053271 -0.000000 0.426848 -0.053271 0.998580 -0.000000 0.000003 0.000000 0.000000 1.000000 -0.000000 0.000000 0.000000 0.000000 1.000000
0.998580 0.053271 -0.000000 0.426848 -0.053271 0.998580 -0.000000 0.000003 0.000000 0.000000 1.000000 -0.000000 0.000000 0.000000 0.000000 1.000000
0.998580 0.053271 -0.000000 0.426848 -0.053271 0.998580 -0.000000 0.000003 0.000000 0.000000 1.000000 -0.000000 0.000000 0.000000 0.000000 1.000000
0.998580 0.053271 -0.000000 0.426848 -0.053271 0.998580 -0.000000 0.000003 0.000000 0.000000 1.000000 -0.000000 0.000000 0.000000 0.000000 1.000000
0.998580 0.053271 -0.000000 0.426848 -0.053271 0.998580 -0.000000 0.000003 0.000000 0.000000 1.000000 -0.000000 0.000000 0.000000 0.000000 1.000000
0.998580 0.053271 -0.000000 0.426848 -0.053271 0.998580 -0.000000 0.000003 0.000000 0.000000 1.000000 -0.000000 0.000000 0.000000 0.000000 1.000000
0.998580 0.053271 -0.000000 0.426848 -0.053271 0.998580 -0.000000 0.000003 0.000000 0.000000 1.000000 -0.000000 0.000000 0.000000 0.000000 1.000000
0.998580 0.053271 -0.000000 0.426848 -0.053271 0.998580 -0.000000 0.000003 0.000000 0.000000 1.000000 -0.000000 0.000000 0.000000 0.000000 1.000000
0.998580 0.053271 -0.000000 0.426848 -0.053271 0.998580 -0.000000 0.000003 0.000000 0.000000 1.000000 -0.000000 0.000000 0.000000 0.000000 1.000000
0.998580 0.053271 -0.000000 0.426848 -0.053271 0.998580 -0.000000 0.000003 0.000000 0.000000 1.000000 -0.000000 0.000000 0.000000 0.000000 1.000000</float_array><technique_common><accessor source="#jnt_spine2-Matrix-animation-output-transform-array" count="25" stride="16"><param type="float4x4"/></accessor></technique_common></source><source id="jnt_spine2-Interpolations"><Name_array id="jnt_spine2-Interpolations-array" count="25">
 LINEAR LINEAR LINEAR LINEAR LINEAR LINEAR LINEAR LINEAR LINEAR LINEAR LINEAR
LINEAR LINEAR LINEAR LINEAR LINEAR LINEAR LINEAR LINEAR LINEAR LINEAR LINEAR LINEAR
LINEAR LINEAR</Name_array><technique_common><accessor source="#jnt_spine2-Interpolations-array" count="25"><param type="name"/></accessor></technique_common></source><sampler id="jnt_spine2-Matrix-animation-transform"><input semantic="INPUT" source="#jnt_spine2-Matrix-animation-input"/><input semantic="OUTPUT" source="#jnt_spine2-Matrix-animation-output-transform"/><input semantic="INTERPOLATION" source="#jnt_spine2-Interpolations"/></sampler><channel source="#jnt_spine2-Matrix-animation-transform" target="jnt_spine2/matrix"/></animation></animation>
    <animation id="jnt_spine3-anim" name="jnt_spine3"><animation><source id="jnt_spine3-Matrix-animation-input"><float_array id="jnt_spine3-Matrix-animation-input-array" count="25">

0.000000 0.033333 0.066667 0.100000 0.133333 0.166667 0.200000 0.233333 0.266667 0.300000 0.333333 0.366667 0.400000 0.433333 0.466667 0.500000
0.533333 0.566667 0.600000 0.633333 0.666667 0.700000 0.733333 0.766667 0.800000</float_array><technique_common><accessor source="#jnt_spine3-Matrix-animation-input-array" count="25"><param name="TIME" type="float"/></accessor></technique_common></source><source id="jnt_spine3-Matrix-animation-output-transform"><float_array id="jnt_spine3-Matrix-animation-output-transform-array" count="400">

0.997528 0.070262 -0.000000 0.555067 -0.070262 0.997528 -0.000000 0.000000 0.000000 0.000000 1.000000 -0.000000 0.000000 0.000000 0.000000 1.000000
0.997528 0.070262 -0.000000 0.555067 -0.070262 0.997528 -0.000000 0.000000 0.000000 0.000000 1.000000 -0.000000 0.000000 0.000000 0.000000 1.000000
0.997528 0.070262 -0.000000 0.555067 -0.070262 0.997528 -0.000000 0.000000 0.000000 0.000000 1.000000 -0.000000 0.000000 0.000000 0.000000 1.000000
0.997528 0.070262 -0.000000 0.555067 -0.070262 0.997528 -0.000000 0.000000 0.000000 0.000000 1.000000 -0.000000 0.000000 0.000000 0.000000 1.000000
0.997528 0.070262 -0.000000 0.555067 -0.070262 0.997528 -0.000000 0.000000 0.000000 0.000000 1.000000 -0.000000 0.000000 0.000000 0.000000 1.000000
0.997528 0.070262 -0.000000 0.555067 -0.070262 0.997528 -0.000000 0.000000 0.000000 0.000000 1.000000 -0.000000 0.000000 0.000000 0.000000 1.000000
0.997528 0.070262 -0.000000 0.555067 -0.070262 0.997528 -0.000000 0.000000 0.000000 0.000000 1.000000 -0.000000 0.000000 0.000000 0.000000 1.000000
0.997528 0.070262 -0.000000 0.555067 -0.070262 0.997528 -0.000000 0.000000 0.000000 0.000000 1.000000 -0.000000 0.000000 0.000000 0.000000 1.000000
0.997528 0.070262 -0.000000 0.555067 -0.070262 0.997528 -0.000000 0.000000 0.000000 0.000000 1.000000 -0.000000 0.000000 0.000000 0.000000 1.000000
0.997528 0.070262 -0.000000 0.555067 -0.070262 0.997528 -0.000000 0.000000 0.000000 0.000000 1.000000 -0.000000 0.000000 0.000000 0.000000 1.000000
0.997528 0.070262 -0.000000 0.555067 -0.070262 0.997528 -0.000000 0.000000 0.000000 0.000000 1.000000 -0.000000 0.000000 0.000000 0.000000 1.000000
0.997528 0.070262 -0.000000 0.555067 -0.070262 0.997528 -0.000000 0.000000 0.000000 0.000000 1.000000 -0.000000 0.000000 0.000000 0.000000 1.000000
0.997528 0.070262 -0.000000 0.555067 -0.070262 0.997528 -0.000000 0.000000 0.000000 0.000000 1.000000 -0.000000 0.000000 0.000000 0.000000 1.000000
0.997528 0.070262 -0.000000 0.555067 -0.070262 0.997528 -0.000000 0.000000 0.000000 0.000000 1.000000 -0.000000 0.000000 0.000000 0.000000 1.000000
0.997528 0.070262 -0.000000 0.555067 -0.070262 0.997528 -0.000000 0.000000 0.000000 0.000000 1.000000 -0.000000 0.000000 0.000000 0.000000 1.000000
0.997528 0.070262 -0.000000 0.555067 -0.070262 0.997528 -0.000000 0.000000 0.000000 0.000000 1.000000 -0.000000 0.000000 0.000000 0.000000 1.000000
0.997528 0.070262 -0.000000 0.555067 -0.070262 0.997528 -0.000000 0.000000 0.000000 0.000000 1.000000 -0.000000 0.000000 0.000000 0.000000 1.000000
0.997528 0.070262 -0.000000 0.555067 -0.070262 0.997528 -0.000000 0.000000 0.000000 0.000000 1.000000 -0.000000 0.000000 0.000000 0.000000 1.000000
0.997528 0.070262 -0.000000 0.555067 -0.070262 0.997528 -0.000000 0.000000 0.000000 0.000000 1.000000 -0.000000 0.000000 0.000000 0.000000 1.000000
0.997528 0.070262 -0.000000 0.555067 -0.070262 0.997528 -0.000000 0.000000 0.000000 0.000000 1.000000 -0.000000 0.000000 0.000000 0.000000 1.000000
0.997528 0.070262 -0.000000 0.555067 -0.070262 0.997528 -0.000000 0.000000 0.000000 0.000000 1.000000 -0.000000 0.000000 0.000000 0.000000 1.000000
0.997528 0.070262 -0.000000 0.555067 -0.070262 0.997528 -0.000000 0.000000 0.000000 0.000000 1.000000 -0.000000 0.000000 0.000000 0.000000 1.000000
0.997528 0.070262 -0.000000 0.555067 -0.070262 0.997528 -0.000000 0.000000 0.000000 0.000000 1.000000 -0.000000 0.000000 0.000000 0.000000 1.000000
0.997528 0.070262 -0.000000 0.555067 -0.070262 0.997528 -0.000000 0.000000 0.000000 0.000000 1.000000 -0.000000 0.000000 0.000000 0.000000 1.000000
0.997528 0.070262 -0.000000 0.555067 -0.070262 0.997528 -0.000000 0.000000 0.000000 0.000000 1.000000 -0.000000 0.000000 0.000000 0.000000 1.000000</float_array><technique_common><accessor source="#jnt_spine3-Matrix-animation-output-transform-array" count="25" stride="16"><param type="float4x4"/></accessor></technique_common></source><source id="jnt_spine3-Interpolations"><Name_array id="jnt_spine3-Interpolations-array" count="25">
 LINEAR LINEAR LINEAR LINEAR LINEAR LINEAR LINEAR LINEAR LINEAR LINEAR LINEAR
LINEAR LINEAR LINEAR LINEAR LINEAR LINEAR LINEAR LINEAR LINEAR LINEAR LINEAR LINEAR
LINEAR LINEAR</Name_array><technique_common><accessor source="#jnt_spine3-Interpolations-array" count="25"><param type="name"/></accessor></technique_common></source><sampler id="jnt_spine3-Matrix-animation-transform"><input semantic="INPUT" source="#jnt_spine3-Matrix-animation-input"/><input semantic="OUTPUT" source="#jnt_spine3-Matrix-animation-output-transform"/><input semantic="INTERPOLATION" source="#jnt_spine3-Interpolations"/></sampler><channel source="#jnt_spine3-Matrix-animation-transform" target="jnt_spine3/matrix"/></animation></animation>
    <animation id="jnt_neck-anim" name="jnt_neck"><animation><source id="jnt_neck-Matrix-animation-input"><float_array id="jnt_neck-Matrix-animation-input-array" count="25">

0.000000 0.033333 0.066667 0.100000 0.133333 0.166667 0.200000 0.233333 0.266667 0.300000 0.333333 0.366667 0.400000 0.433333 0.466667 0.500000
0.533333 0.566667 0.600000 0.633333 0.666667 0.700000 0.733333 0.766667 0.800000</float_array><technique_common><accessor source="#jnt_neck-Matrix-animation-input-array" count="25"><param name="TIME" type="float"/></accessor></technique_common></source><source id="jnt_neck-Matrix-animation-output-transform"><float_array id="jnt_neck-Matrix-animation-output-transform-array" count="400">

0.999409 -0.034365 -0.000000 0.867450 0.034365 0.999409 -0.000000 0.171573 0.000000 0.000000 1.000000 -0.000000 0.000000 0.000000 0.000000 1.000000
0.999409 -0.034365 -0.000000 0.867450 0.034365 0.999409 -0.000000 0.171573 0.000000 0.000000 1.000000 -0.000000 0.000000 0.000000 0.000000 1.000000
0.999409 -0.034365 -0.000000 0.867450 0.034365 0.999409 -0.000000 0.171573 0.000000 0.000000 1.000000 -0.000000 0.000000 0.000000 0.000000 1.000000
0.999409 -0.034365 -0.000000 0.867450 0.034365 0.999409 -0.000000 0.171573 0.000000 0.000000 1.000000 -0.000000 0.000000 0.000000 0.000000 1.000000
0.999409 -0.034365 -0.000000 0.867450 0.034365 0.999409 -0.000000 0.171573 0.000000 0.000000 1.000000 -0.000000 0.000000 0.000000 0.000000 1.000000
0.999409 -0.034365 -0.000000 0.867450 0.034365 0.999409 -0.000000 0.171573 0.000000 0.000000 1.000000 -0.000000 0.000000 0.000000 0.000000 1.000000
0.999409 -0.034365 -0.000000 0.867450 0.034365 0.999409 -0.000000 0.171573 0.000000 0.000000 1.000000 -0.000000 0.000000 0.000000 0.000000 1.000000
0.999409 -0.034365 -0.000000 0.867450 0.034365 0.999409 -0.000000 0.171573 0.000000 0.000000 1.000000 -0.000000 0.000000 0.000000 0.000000 1.000000
0.999409 -0.034365 -0.000000 0.867450 0.034365 0.999409 -0.000000 0.171573 0.000000 0.000000 1.000000 -0.000000 0.000000 0.000000 0.000000 1.000000
0.999409 -0.034365 -0.000000 0.867450 0.034365 0.999409 -0.000000 0.171573 0.000000 0.000000 1.000000 -0.000000 0.000000 0.000000 0.000000 1.000000
0.999409 -0.034365 -0.000000 0.867450 0.034365 0.999409 -0.000000 0.171573 0.000000 0.000000 1.000000 -0.000000 0.000000 0.000000 0.000000 1.000000
0.999409 -0.034365 -0.000000 0.867450 0.034365 0.999409 -0.000000 0.171573 0.000000 0.000000 1.000000 -0.000000 0.000000 0.000000 0.000000 1.000000
0.999409 -0.034365 -0.000000 0.867450 0.034365 0.999409 -0.000000 0.171573 0.000000 0.000000 1.000000 -0.000000 0.000000 0.000000 0.000000 1.000000
0.999409 -0.034365 -0.000000 0.867450 0.034365 0.999409 -0.000000 0.171573 0.000000 0.000000 1.000000 -0.000000 0.000000 0.000000 0.000000 1.000000
0.999409 -0.034365 -0.000000 0.867450 0.034365 0.999409 -0.000000 0.171573 0.000000 0.000000 1.000000 -0.000000 0.000000 0.000000 0.000000 1.000000
0.999409 -0.034365 -0.000000 0.867450 0.034365 0.999409 -0.000000 0.171573 0.000000 0.000000 1.000000 -0.000000 0.000000 0.000000 0.000000 1.000000
0.999409 -0.034365 -0.000000 0.867450 0.034365 0.999409 -0.000000 0.171573 0.000000 0.000000 1.000000 -0.000000 0.000000 0.000000 0.000000 1.000000
0.999409 -0.034365 -0.000000 0.867450 0.034365 0.999409 -0.000000 0.171573 0.000000 0.000000 1.000000 -0.000000 0.000000 0.000000 0.000000 1.000000
0.999409 -0.034365 -0.000000 0.867450 0.034365 0.999409 -0.000000 0.171573 0.000000 0.000000 1.000000 -0.000000 0.000000 0.000000 0.000000 1.000000
0.999409 -0.034365 -0.000000 0.867450 0.034365 0.999409 -0.000000 0.171573 0.000000 0.000000 1.000000 -0.000000 0.000000 0.000000 0.000000 1.000000
0.999409 -0.034365 -0.000000 0.867450 0.034365 0.999409 -0.000000 0.171573 0.000000 0.000000 1.000000 -0.000000 0.000000 0.000000 0.000000 1.000000
0.999409 -0.034365 -0.000000 0.867450 0.034365 0.999409 -0.000000 0.171573 0.000000 0.000000 1.000000 -0.000000 0.000000 0.000000 0.000000 1.000000
0.999409 -0.034365 -0.000000 0.867450 0.034365 0.999409 -0.000000 0.171573 0.000000 0.000000 1.000000 -0.000000 0.000000 0.000000 0.000000 1.000000
0.999409 -0.034365 -0.000000 0.867450 0.034365 0.999409 -0.000000 0.171573 0.000000 0.000000 1.000000 -0.000000 0.000000 0.000000 0.000000 1.000000
0.999409 -0.034365 -0.000000 0.867450 0.034365 0.999409 -0.000000 0.171573 0.000000 0.000000 1.000000 -0.000000 0.000000 0.000000 0.000000 1.000000</float_array><technique_common><accessor source="#jnt_neck-Matrix-animation-output-transform-array" count="25" stride="16"><param type="float4x4"/></accessor></technique_common></source><source id="jnt_neck-Interpolations"><Name_array id="jnt_neck-Interpolations-array" count="25">
 LINEAR LINEAR LINEAR LINEAR LINEAR LINEAR LINEAR LINEAR LINEAR LINEAR LINEAR
LINEAR LINEAR LINEAR LINEAR LINEAR LINEAR LINEAR LINEAR LINEAR LINEAR LINEAR LINEAR
LINEAR LINEAR</Name_array><technique_common><accessor source="#jnt_neck-Interpolations-array" count="25"><param type="name"/></accessor></technique_common></source><sampler id="jnt_neck-Matrix-animation-transform"><input semantic="INPUT" source="#jnt_neck-Matrix-animation-input"/><input semantic="OUTPUT" source="#jnt_neck-Matrix-animation-output-transform"/><input semantic="INTERPOLATION" source="#jnt_neck-Interpolations"/></sampler><channel source="#jnt_neck-Matrix-animation-transform" target="jnt_neck/matrix"/></animation></animation>
    <animation id="jnt_head-anim" name="jnt_head"><animation><source id="jnt_head-Matrix-animation-input"><float_array id="jnt_head-Matrix-animation-input-array" count="25">

0.000000 0.033333 0.066667 0.100000 0.133333 0.166667 0.200000 0.233333 0.266667 0.300000 0.333333 0.366667 0.400000 0.433333 0.466667 0.500000
0.533333 0.566667 0.600000 0.633333 0.666667 0.700000 0.733333 0.766667 0.800000</float_array><technique_common><accessor source="#jnt_head-Matrix-animation-input-array" count="25"><param name="TIME" type="float"/></accessor></technique_common></source><source id="jnt_head-Matrix-animation-output-transform"><float_array id="jnt_head-Matrix-animation-output-transform-array" count="400">

0.999537 -0.030417 -0.000001 0.273591 0.030417 0.999537 0.000000 0.000002 0.000001 -0.000000 1.000000 -0.000000 0.000000 0.000000 0.000000 1.000000
0.999537 -0.030417 -0.000001 0.273591 0.030417 0.999537 0.000000 0.000002 0.000001 -0.000000 1.000000 -0.000000 0.000000 0.000000 0.000000 1.000000
0.999537 -0.030417 -0.000001 0.273591 0.030417 0.999537 0.000000 0.000002 0.000001 -0.000000 1.000000 -0.000000 0.000000 0.000000 0.000000 1.000000
0.999537 -0.030417 -0.000001 0.273591 0.030417 0.999537 0.000000 0.000002 0.000001 -0.000000 1.000000 -0.000000 0.000000 0.000000 0.000000 1.000000
0.999537 -0.030417 -0.000001 0.273591 0.030417 0.999537 0.000000 0.000002 0.000001 -0.000000 1.000000 -0.000000 0.000000 0.000000 0.000000 1.000000
0.999537 -0.030417 -0.000001 0.273591 0.030417 0.999537 0.000000 0.000002 0.000001 -0.000000 1.000000 -0.000000 0.000000 0.000000 0.000000 1.000000
0.999537 -0.030417 -0.000001 0.273591 0.030417 0.999537 0.000000 0.000002 0.000001 -0.000000 1.000000 -0.000000 0.000000 0.000000 0.000000 1.000000
0.999537 -0.030417 -0.000001 0.273591 0.030417 0.999537 0.000000 0.000002 0.000001 -0.000000 1.000000 -0.000000 0.000000 0.000000 0.000000 1.000000
0.999537 -0.030417 -0.000001 0.273591 0.030417 0.999537 0.000000 0.000002 0.000001 -0.000000 1.000000 -0.000000 0.000000 0.000000 0.000000 1.000000
0.999537 -0.030417 -0.000001 0.273591 0.030417 0.999537 0.000000 0.000002 0.000001 -0.000000 1.000000 -0.000000 0.000000 0.000000 0.000000 1.000000
0.999537 -0.030417 -0.000001 0.273591 0.030417 0.999537 0.000000 0.000002 0.000001 -0.000000 1.000000 -0.000000 0.000000 0.000000 0.000000 1.000000
0.999537 -0.030417 -0.000001 0.273591 0.030417 0.999537 0.000000 0.000002 0.000001 -0.000000 1.000000 -0.000000 0.000000 0.000000 0.000000 1.000000
0.999537 -0.030417 -0.000001 0.273591 0.030417 0.999537 0.000000 0.000002 0.000001 -0.000000 1.000000 -0.000000 0.000000 0.000000 0.000000 1.000000
0.999537 -0.030417 -0.000001 0.273591 0.030417 0.999537 0.000000 0.000002 0.000001 -0.000000 1.000000 -0.000000 0.000000 0.000000 0.000000 1.000000
0.999537 -0.030417 -0.000001 0.273591 0.030417 0.999537 0.000000 0.000002 0.000001 -0.000000 1.000000 -0.000000 0.000000 0.000000 0.000000 1.000000
0.999537 -0.030417 -0.000001 0.273591 0.030417 0.999537 0.000000 0.000002 0.000001 -0.000000 1.000000 -0.000000 0.000000 0.000000 0.000000 1.000000
0.999537 -0.030417 -0.000001 0.273591 0.030417 0.999537 0.000000 0.000002 0.000001 -0.000000 1.000000 -0.000000 0.000000 0.000000 0.000000 1.000000
0.999537 -0.030417 -0.000001 0.273591 0.030417 0.999537 0.000000 0.000002 0.000001 -0.000000 1.000000 -0.000000 0.000000 0.000000 0.000000 1.000000
0.999537 -0.030417 -0.000001 0.273591 0.030417 0.999537 0.000000 0.000002 0.000001 -0.000000 1.000000 -0.000000 0.000000 0.000000 0.000000 1.000000
0.999537 -0.030417 -0.000001 0.273591 0.030417 0.999537 0.000000 0.000002 0.000001 -0.000000 1.000000 -0.000000 0.000000 0.000000 0.000000 1.000000
0.999537 -0.030417 -0.000001 0.273591 0.030417 0.999537 0.000000 0.000002 0.000001 -0.000000 1.000000 -0.000000 0.000000 0.000000 0.000000 1.000000
0.999537 -0.030417 -0.000001 0.273591 0.030417 0.999537 0.000000 0.000002 0.000001 -0.000000 1.000000 -0.000000 0.000000 0.000000 0.000000 1.000000
0.999537 -0.030417 -0.000001 0.273591 0.030417 0.999537 0.000000 0.000002 0.000001 -0.000000 1.000000 -0.000000 0.000000 0.000000 0.000000 1.000000
0.999537 -0.030417 -0.000001 0.273591 0.030417 0.999537 0.000000 0.000002 0.000001 -0.000000 1.000000 -0.000000 0.000000 0.000000 0.000000 1.000000
0.999537 -0.030417 -0.000001 0.273591 0.030417 0.999537 0.000000 0.000002 0.000001 -0.000000 1.000000 -0.000000 0.000000 0.000000 0.000000 1.000000</float_array><technique_common><accessor source="#jnt_head-Matrix-animation-output-transform-array" count="25" stride="16"><param type="float4x4"/></accessor></technique_common></source><source id="jnt_head-Interpolations"><Name_array id="jnt_head-Interpolations-array" count="25">
 LINEAR LINEAR LINEAR LINEAR LINEAR LINEAR LINEAR LINEAR LINEAR LINEAR LINEAR
LINEAR LINEAR LINEAR LINEAR LINEAR LINEAR LINEAR LINEAR LINEAR LINEAR LINEAR LINEAR
LINEAR LINEAR</Name_array><technique_common><accessor source="#jnt_head-Interpolations-array" count="25"><param type="name"/></accessor></technique_common></source><sampler id="jnt_head-Matrix-animation-transform"><input semantic="INPUT" source="#jnt_head-Matrix-animation-input"/><input semantic="OUTPUT" source="#jnt_head-Matrix-animation-output-transform"/><input semantic="INTERPOLATION" source="#jnt_head-Interpolations"/></sampler><channel source="#jnt_head-Matrix-animation-transform" target="jnt_head/matrix"/></animation></animation>
    <animation id="jnt_headappend-anim" name="jnt_headappend"><animation><source id="jnt_headappend-Matrix-animation-input"><float_array id="jnt_headappend-Matrix-animation-input-array" count="25">

0.000000 0.033333 0.066667 0.100000 0.133333 0.166667 0.200000 0.233333 0.266667 0.300000 0.333333 0.366667 0.400000 0.433333 0.466667 0.500000
0.533333 0.566667 0.600000 0.633333 0.666667 0.700000 0.733333 0.766667 0.800000</float_array><technique_common><accessor source="#jnt_headappend-Matrix-animation-input-array" count="25"><param name="TIME" type="float"/></accessor></technique_common></source><source id="jnt_headappend-Matrix-animation-output-transform"><float_array id="jnt_headappend-Matrix-animation-output-transform-array" count="400">

1.000000 0.000000 -0.000000 0.000000 -0.000000 1.000000 0.000000 0.000000 0.000000 -0.000000 1.000000 -0.000000 0.000000 0.000000 0.000000 1.000000
1.000000 0.000000 -0.000000 0.000000 -0.000000 1.000000 0.000000 0.000000 0.000000 -0.000000 1.000000 -0.000000 0.000000 0.000000 0.000000 1.000000
1.000000 0.000000 -0.000000 0.000000 -0.000000 1.000000 0.000000 0.000000 0.000000 -0.000000 1.000000 -0.000000 0.000000 0.000000 0.000000 1.000000
1.000000 0.000000 -0.000000 0.000000 -0.000000 1.000000 0.000000 0.000000 0.000000 -0.000000 1.000000 -0.000000 0.000000 0.000000 0.000000 1.000000
1.000000 0.000000 -0.000000 0.000000 -0.000000 1.000000 0.000000 0.000000 0.000000 -0.000000 1.000000 -0.000000 0.000000 0.000000 0.000000 1.000000
1.000000 0.000000 -0.000000 0.000000 -0.000000 1.000000 0.000000 0.000000 0.000000 -0.000000 1.000000 -0.000000 0.000000 0.000000 0.000000 1.000000
1.000000 0.000000 -0.000000 0.000000 -0.000000 1.000000 0.000000 0.000000 0.000000 -0.000000 1.000000 -0.000000 0.000000 0.000000 0.000000 1.000000
1.000000 0.000000 -0.000000 0.000000 -0.000000 1.000000 0.000000 0.000000 0.000000 -0.000000 1.000000 -0.000000 0.000000 0.000000 0.000000 1.000000
1.000000 0.000000 -0.000000 0.000000 -0.000000 1.000000 0.000000 0.000000 0.000000 -0.000000 1.000000 -0.000000 0.000000 0.000000 0.000000 1.000000
1.000000 0.000000 -0.000000 0.000000 -0.000000 1.000000 0.000000 0.000000 0.000000 -0.000000 1.000000 -0.000000 0.000000 0.000000 0.000000 1.000000
1.000000 0.000000 -0.000000 0.000000 -0.000000 1.000000 0.000000 0.000000 0.000000 -0.000000 1.000000 -0.000000 0.000000 0.000000 0.000000 1.000000
1.000000 0.000000 -0.000000 0.000000 -0.000000 1.000000 0.000000 0.000000 0.000000 -0.000000 1.000000 -0.000000 0.000000 0.000000 0.000000 1.000000
1.000000 0.000000 -0.000000 0.000000 -0.000000 1.000000 0.000000 0.000000 0.000000 -0.000000 1.000000 -0.000000 0.000000 0.000000 0.000000 1.000000
1.000000 0.000000 -0.000000 0.000000 -0.000000 1.000000 0.000000 0.000000 0.000000 -0.000000 1.000000 -0.000000 0.000000 0.000000 0.000000 1.000000
1.000000 0.000000 -0.000000 0.000000 -0.000000 1.000000 0.000000 0.000000 0.000000 -0.000000 1.000000 -0.000000 0.000000 0.000000 0.000000 1.000000
1.000000 0.000000 -0.000000 0.000000 -0.000000 1.000000 0.000000 0.000000 0.000000 -0.000000 1.000000 -0.000000 0.000000 0.000000 0.000000 1.000000
1.000000 0.000000 -0.000000 0.000000 -0.000000 1.000000 0.000000 0.000000 0.000000 -0.000000 1.000000 -0.000000 0.000000 0.000000 0.000000 1.000000
1.000000 0.000000 -0.000000 0.000000 -0.000000 1.000000 0.000000 0.000000 0.000000 -0.000000 1.000000 -0.000000 0.000000 0.000000 0.000000 1.000000
1.000000 0.000000 -0.000000 0.000000 -0.000000 1.000000 0.000000 0.000000 0.000000 -0.000000 1.000000 -0.000000 0.000000 0.000000 0.000000 1.000000
1.000000 0.000000 -0.000000 0.000000 -0.000000 1.000000 0.000000 0.000000 0.000000 -0.000000 1.000000 -0.000000 0.000000 0.000000 0.000000 1.000000
1.000000 0.000000 -0.000000 0.000000 -0.000000 1.000000 0.000000 0.000000 0.000000 -0.000000 1.000000 -0.000000 0.000000 0.000000 0.000000 1.000000
1.000000 0.000000 -0.000000 0.000000 -0.000000 1.000000 0.000000 0.000000 0.000000 -0.000000 1.000000 -0.000000 0.000000 0.000000 0.000000 1.000000
1.000000 0.000000 -0.000000 0.000000 -0.000000 1.000000 0.000000 0.000000 0.000000 -0.000000 1.000000 -0.000000 0.000000 0.000000 0.000000 1.000000
1.000000 0.000000 -0.000000 0.000000 -0.000000 1.000000 0.000000 0.000000 0.000000 -0.000000 1.000000 -0.000000 0.000000 0.000000 0.000000 1.000000
1.000000 0.000000 -0.000000 0.000000 -0.000000 1.000000 0.000000 0.000000 0.000000 -0.000000 1.000000 -0.000000 0.000000 0.000000 0.000000 1.000000</float_array><technique_common><accessor source="#jnt_headappend-Matrix-animation-output-transform-array" count="25" stride="16"><param type="float4x4"/></accessor></technique_common></source><source id="jnt_headappend-Interpolations"><Name_array id="jnt_headappend-Interpolations-array" count="25">
 LINEAR LINEAR LINEAR LINEAR LINEAR LINEAR LINEAR LINEAR LINEAR LINEAR LINEAR
LINEAR LINEAR LINEAR LINEAR LINEAR LINEAR LINEAR LINEAR LINEAR LINEAR LINEAR LINEAR
LINEAR LINEAR</Name_array><technique_common><accessor source="#jnt_headappend-Interpolations-array" count="25"><param type="name"/></accessor></technique_common></source><sampler id="jnt_headappend-Matrix-animation-transform"><input semantic="INPUT" source="#jnt_headappend-Matrix-animation-input"/><input semantic="OUTPUT" source="#jnt_headappend-Matrix-animation-output-transform"/><input semantic="INTERPOLATION" source="#jnt_headappend-Interpolations"/></sampler><channel source="#jnt_headappend-Matrix-animation-transform" target="jnt_headappend/matrix"/></animation></animation>
    <animation id="jnt_left_armroot-anim" name="jnt_left_armroot"><animation><source id="jnt_left_armroot-Matrix-animation-input"><float_array id="jnt_left_armroot-Matrix-animation-input-array" count="25">

0.000000 0.033333 0.066667 0.100000 0.133333 0.166667 0.200000 0.233333 0.266667 0.300000 0.333333 0.366667 0.400000 0.433333 0.466667 0.500000
0.533333 0.566667 0.600000 0.633333 0.666667 0.700000 0.733333 0.766667 0.800000</float_array><technique_common><accessor source="#jnt_left_armroot-Matrix-animation-input-array" count="25"><param name="TIME" type="float"/></accessor></technique_common></source><source id="jnt_left_armroot-Matrix-animation-output-transform"><float_array id="jnt_left_armroot-Matrix-animation-output-transform-array" count="400">

1.000000 -0.000004 -0.000000 0.000000 0.000004 1.000000 -0.000000 0.000000 0.000000 0.000000 1.000000 -0.000000 0.000000 0.000000 0.000000 1.000000
1.000000 -0.000004 -0.000000 0.000000 0.000004 1.000000 -0.000000 0.000000 0.000000 0.000000 1.000000 -0.000000 0.000000 0.000000 0.000000 1.000000
1.000000 -0.000004 -0.000000 0.000000 0.000004 1.000000 -0.000000 0.000000 0.000000 0.000000 1.000000 -0.000000 0.000000 0.000000 0.000000 1.000000
1.000000 -0.000004 -0.000000 0.000000 0.000004 1.000000 -0.000000 0.000000 0.000000 0.000000 1.000000 -0.000000 0.000000 0.000000 0.000000 1.000000
1.000000 -0.000004 -0.000000 0.000000 0.000004 1.000000 -0.000000 0.000000 0.000000 0.000000 1.000000 -0.000000 0.000000 0.000000 0.000000 1.000000
1.000000 -0.000004 -0.000000 0.000000 0.000004 1.000000 -0.000000 0.000000 0.000000 0.000000 1.000000 -0.000000 0.000000 0.000000 0.000000 1.000000
1.000000 -0.000004 -0.000000 0.000000 0.000004 1.000000 -0.000000 0.000000 0.000000 0.000000 1.000000 -0.000000 0.000000 0.000000 0.000000 1.000000
1.000000 -0.000004 -0.000000 0.000000 0.000004 1.000000 -0.000000 0.000000 0.000000 0.000000 1.000000 -0.000000 0.000000 0.000000 0.000000 1.000000
1.000000 -0.000004 -0.000000 0.000000 0.000004 1.000000 -0.000000 0.000000 0.000000 0.000000 1.000000 -0.000000 0.000000 0.000000 0.000000 1.000000
1.000000 -0.000004 -0.000000 0.000000 0.000004 1.000000 -0.000000 0.000000 0.000000 0.000000 1.000000 -0.000000 0.000000 0.000000 0.000000 1.000000
1.000000 -0.000004 -0.000000 0.000000 0.000004 1.000000 -0.000000 0.000000 0.000000 0.000000 1.000000 -0.000000 0.000000 0.000000 0.000000 1.000000
1.000000 -0.000004 -0.000000 0.000000 0.000004 1.000000 -0.000000 0.000000 0.000000 0.000000 1.000000 -0.000000 0.000000 0.000000 0.000000 1.000000
1.000000 -0.000004 -0.000000 0.000000 0.000004 1.000000 -0.000000 0.000000 0.000000 0.000000 1.000000 -0.000000 0.000000 0.000000 0.000000 1.000000
1.000000 -0.000004 -0.000000 0.000000 0.000004 1.000000 -0.000000 0.000000 0.000000 0.000000 1.000000 -0.000000 0.000000 0.000000 0.000000 1.000000
1.000000 -0.000004 -0.000000 0.000000 0.000004 1.000000 -0.000000 0.000000 0.000000 0.000000 1.000000 -0.000000 0.000000 0.000000 0.000000 1.000000
1.000000 -0.000004 -0.000000 0.000000 0.000004 1.000000 -0.000000 0.000000 0.000000 0.000000 1.000000 -0.000000 0.000000 0.000000 0.000000 1.000000
1.000000 -0.000004 -0.000000 0.000000 0.000004 1.000000 -0.000000 0.000000 0.000000 0.000000 1.000000 -0.000000 0.000000 0.000000 0.000000 1.000000
1.000000 -0.000004 -0.000000 0.000000 0.000004 1.000000 -0.000000 0.000000 0.000000 0.000000 1.000000 -0.000000 0.000000 0.000000 0.000000 1.000000
1.000000 -0.000004 -0.000000 0.000000 0.000004 1.000000 -0.000000 0.000000 0.000000 0.000000 1.000000 -0.000000 0.000000 0.000000 0.000000 1.000000
1.000000 -0.000004 -0.000000 0.000000 0.000004 1.000000 -0.000000 0.000000 0.000000 0.000000 1.000000 -0.000000 0.000000 0.000000 0.000000 1.000000
1.000000 -0.000004 -0.000000 0.000000 0.000004 1.000000 -0.000000 0.000000 0.000000 0.000000 1.000000 -0.000000 0.000000 0.000000 0.000000 1.000000
1.000000 -0.000004 -0.000000 0.000000 0.000004 1.000000 -0.000000 0.000000 0.000000 0.000000 1.000000 -0.000000 0.000000 0.000000 0.000000 1.000000
1.000000 -0.000004 -0.000000 0.000000 0.000004 1.000000 -0.000000 0.000000 0.000000 0.000000 1.000000 -0.000000 0.000000 0.000000 0.000000 1.000000
1.000000 -0.000004 -0.000000 0.000000 0.000004 1.000000 -0.000000 0.000000 0.000000 0.000000 1.000000 -0.000000 0.000000 0.000000 0.000000 1.000000
1.000000 -0.000004 -0.000000 0.000000 0.000004 1.000000 -0.000000 0.000000 0.000000 0.000000 1.000000 -0.000000 0.000000 0.000000 0.000000 1.000000</float_array><technique_common><accessor source="#jnt_left_armroot-Matrix-animation-output-transform-array" count="25" stride="16"><param type="float4x4"/></accessor></technique_common></source><source id="jnt_left_armroot-Interpolations"><Name_array id="jnt_left_armroot-Interpolations-array" count="25">
 LINEAR LINEAR LINEAR LINEAR LINEAR LINEAR LINEAR LINEAR LINEAR LINEAR LINEAR
LINEAR LINEAR LINEAR LINEAR LINEAR LINEAR LINEAR LINEAR LINEAR LINEAR LINEAR LINEAR
LINEAR LINEAR</Name_array><technique_common><accessor source="#jnt_left_armroot-Interpolations-array" count="25"><param type="name"/></accessor></technique_common></source><sampler id="jnt_left_armroot-Matrix-animation-transform"><input semantic="INPUT" source="#jnt_left_armroot-Matrix-animation-input"/><input semantic="OUTPUT" source="#jnt_left_armroot-Matrix-animation-output-transform"/><input semantic="INTERPOLATION" source="#jnt_left_armroot-Interpolations"/></sampler><channel source="#jnt_left_armroot-Matrix-animation-transform" target="jnt_left_armroot/matrix"/></animation></animation>
    <animation id="jnt_left_shoulder-anim" name="jnt_left_shoulder"><animation><source id="jnt_left_shoulder-Matrix-animation-input"><float_array id="jnt_left_shoulder-Matrix-animation-input-array" count="25">

0.000000 0.033333 0.066667 0.100000 0.133333 0.166667 0.200000 0.233333 0.266667 0.300000 0.333333 0.366667 0.400000 0.433333 0.466667 0.500000
0.533333 0.566667 0.600000 0.633333 0.666667 0.700000 0.733333 0.766667 0.800000</float_array><technique_common><accessor source="#jnt_left_shoulder-Matrix-animation-input-array" count="25"><param name="TIME" type="float"/></accessor></technique_common></source><source id="jnt_left_shoulder-Matrix-animation-output-transform"><float_array id="jnt_left_shoulder-Matrix-animation-output-transform-array" count="400">

-0.019289 0.092831 -0.995495 0.337657 0.352002 -0.931301 -0.093665 0.082785 -0.935800 -0.352223 -0.014713 0.166187 0.000000 0.000000 0.000000 1.000000
-0.019289 0.092831 -0.995495 0.337657 0.352002 -0.931301 -0.093665 0.082785 -0.935800 -0.352223 -0.014713 0.166187 0.000000 0.000000 0.000000 1.000000
-0.019289 0.092831 -0.995495 0.337657 0.352002 -0.931301 -0.093665 0.082785 -0.935800 -0.352223 -0.014713 0.166187 0.000000 0.000000 0.000000 1.000000
-0.019289 0.092831 -0.995495 0.337657 0.352002 -0.931301 -0.093665 0.082785 -0.935800 -0.352223 -0.014713 0.166187 0.000000 0.000000 0.000000 1.000000
-0.019289 0.092831 -0.995495 0.337657 0.352002 -0.931301 -0.093665 0.082785 -0.935800 -0.352223 -0.014713 0.166187 0.000000 0.000000 0.000000 1.000000
-0.019289 0.092831 -0.995495 0.337657 0.352002 -0.931301 -0.093665 0.082785 -0.935800 -0.352223 -0.014713 0.166187 0.000000 0.000000 0.000000 1.000000
-0.019289 0.092831 -0.995495 0.337657 0.352002 -0.931301 -0.093665 0.082785 -0.935800 -0.352223 -0.014713 0.166187 0.000000 0.000000 0.000000 1.000000
-0.019289 0.092831 -0.995495 0.337657 0.352002 -0.931301 -0.093665 0.082785 -0.935800 -0.352223 -0.014713 0.166187 0.000000 0.000000 0.000000 1.000000
-0.019289 0.092831 -0.995495 0.337657 0.352002 -0.931301 -0.093665 0.082785 -0.935800 -0.352223 -0.014713 0.166187 0.000000 0.000000 0.000000 1.000000
-0.019289 0.092831 -0.995495 0.337657 0.352002 -0.931301 -0.093665 0.082785 -0.935800 -0.352223 -0.014713 0.166187 0.000000 0.000000 0.000000 1.000000
-0.019289 0.092831 -0.995495 0.337657 0.352002 -0.931301 -0.093665 0.082785 -0.935800 -0.352223 -0.014713 0.166187 0.000000 0.000000 0.000000 1.000000
-0.019289 0.092831 -0.995495 0.337657 0.352002 -0.931301 -0.093665 0.082785 -0.935800 -0.352223 -0.014713 0.166187 0.000000 0.000000 0.000000 1.000000
-0.019289 0.092831 -0.995495 0.337657 0.352002 -0.931301 -0.093665 0.082785 -0.935800 -0.352223 -0.014713 0.166187 0.000000 0.000000 0.000000 1.000000
-0.019289 0.092831 -0.995495 0.337657 0.352002 -0.931301 -0.093665 0.082785 -0.935800 -0.352223 -0.014713 0.166187 0.000000 0.000000 0.000000 1.000000
-0.019289 0.092831 -0.995495 0.337657 0.352002 -0.931301 -0.093665 0.082785 -0.935800 -0.352223 -0.014713 0.166187 0.000000 0.000000 0.000000 1.000000
-0.019289 0.092831 -0.995495 0.337657 0.352002 -0.931301 -0.093665 0.082785 -0.935800 -0.352223 -0.014713 0.166187 0.000000 0.000000 0.000000 1.000000
-0.019289 0.092831 -0.995495 0.337657 0.352002 -0.931301 -0.093665 0.082785 -0.935800 -0.352223 -0.014713 0.166187 0.000000 0.000000 0.000000 1.000000
-0.019289 0.092831 -0.995495 0.337657 0.352002 -0.931301 -0.093665 0.082785 -0.935800 -0.352223 -0.014713 0.166187 0.000000 0.000000 0.000000 1.000000
-0.019289 0.092831 -0.995495 0.337657 0.352002 -0.931301 -0.093665 0.082785 -0.935800 -0.352223 -0.014713 0.166187 0.000000 0.000000 0.000000 1.000000
-0.019289 0.092831 -0.995495 0.337657 0.352002 -0.931301 -0.093665 0.082785 -0.935800 -0.352223 -0.014713 0.166187 0.000000 0.000000 0.000000 1.000000
-0.019289 0.092831 -0.995495 0.337657 0.352002 -0.931301 -0.093665 0.082785 -0.935800 -0.352223 -0.014713 0.166187 0.000000 0.000000 0.000000 1.000000
-0.019289 0.092831 -0.995495 0.337657 0.352002 -0.931301 -0.093665 0.082785 -0.935800 -0.352223 -0.014713 0.166187 0.000000 0.000000 0.000000 1.000000
-0.019289 0.092831 -0.995495 0.337657 0.352002 -0.931301 -0.093665 0.082785 -0.935800 -0.352223 -0.014713 0.166187 0.000000 0.000000 0.000000 1.000000
-0.019289 0.092831 -0.995495 0.337657 0.352002 -0.931301 -0.093665 0.082785 -0.935800 -0.352223 -0.014713 0.166187 0.000000 0.000000 0.000000 1.000000
-0.019289 0.092831 -0.995495 0.337657 0.352002 -0.931301 -0.093665 0.082785 -0.935800 -0.352223 -0.014713 0.166187 0.000000 0.000000 0.000000 1.000000</float_array><technique_common><accessor source="#jnt_left_shoulder-Matrix-animation-output-transform-array" count="25" stride="16"><param type="float4x4"/></accessor></technique_common></source><source id="jnt_left_shoulder-Interpolations"><Name_array id="jnt_left_shoulder-Interpolations-array" count="25">
 LINEAR LINEAR LINEAR LINEAR LINEAR LINEAR LINEAR LINEAR LINEAR LINEAR LINEAR
LINEAR LINEAR LINEAR LINEAR LINEAR LINEAR LINEAR LINEAR LINEAR LINEAR LINEAR LINEAR
LINEAR LINEAR</Name_array><technique_common><accessor source="#jnt_left_shoulder-Interpolations-array" count="25"><param type="name"/></accessor></technique_common></source><sampler id="jnt_left_shoulder-Matrix-animation-transform"><input semantic="INPUT" source="#jnt_left_shoulder-Matrix-animation-input"/><input semantic="OUTPUT" source="#jnt_left_shoulder-Matrix-animation-output-transform"/><input semantic="INTERPOLATION" source="#jnt_left_shoulder-Interpolations"/></sampler><channel source="#jnt_left_shoulder-Matrix-animation-transform" target="jnt_left_shoulder/matrix"/></animation></animation>
    <animation id="jnt_left_arm-anim" name="jnt_left_arm"><animation><source id="jnt_left_arm-Matrix-animation-input"><float_array id="jnt_left_arm-Matrix-animation-input-array" count="25">

0.000000 0.033333 0.066667 0.100000 0.133333 0.166667 0.200000 0.233333 0.266667 0.300000 0.333333 0.366667 0.400000 0.433333 0.466667 0.500000
0.533333 0.566667 0.600000 0.633333 0.666667 0.700000 0.733333 0.766667 0.800000</float_array><technique_common><accessor source="#jnt_left_arm-Matrix-animation-input-array" count="25"><param name="TIME" type="float"/></accessor></technique_common></source><source id="jnt_left_arm-Matrix-animation-output-transform"><float_array id="jnt_left_arm-Matrix-animation-output-transform-array" count="400">

0.736815 -0.536427 0.411522 -0.525417 0.101659 0.689656 0.716965 -0.032447 -0.668409 -0.486435 0.562681 0.009491 0.000000 0.000000 0.000000 1.000000
0.727472 -0.543876 0.418310 -0.525417 0.134381 0.710789 0.690450 -0.032447 -0.672850 -0.446070 0.590166 0.009491 0.000000 0.000000 0.000000 1.000000
0.695122 -0.569499 0.438722 -0.525417 0.226247 0.752568 0.618428 -0.032447 -0.682362 -0.330623 0.651974 0.009491 0.000000 0.000000 0.000000 1.000000
0.630130 -0.616563 0.472002 -0.525417 0.366663 0.772094 0.519064 -0.032447 -0.684467 -0.154012 0.712591 0.009491 0.000000 0.000000 0.000000 1.000000
0.527295 -0.678335 0.511685 -0.525417 0.533481 0.733018 0.421998 -0.032447 -0.661332 0.050456 0.748395 0.009491 0.000000 0.000000 0.000000 1.000000
0.391335 -0.740157 0.546831 -0.525417 0.695209 0.627113 0.351303 -0.032447 -0.602945 0.242685 0.759975 0.009491 0.000000 0.000000 0.000000 1.000000
0.236431 -0.787049 0.569783 -0.525417 0.823783 0.473332 0.311992 -0.032447 -0.515250 0.395613 0.760268 0.009491 0.000000 0.000000 0.000000 1.000000
0.086555 -0.811497 0.577909 -0.525417 0.904510 0.307155 0.295835 -0.032447 -0.417578 0.497118 0.760593 0.009491 0.000000 0.000000 0.000000 1.000000
-0.026687 -0.818710 0.573585 -0.525417 0.938601 0.176916 0.296192 -0.032447 -0.343972 0.546272 0.763721 0.009491 0.000000 0.000000 0.000000 1.000000
-0.115982 -0.815858 0.566501 -0.525417 0.949609 0.076128 0.304054 -0.032447 -0.291192 0.573219 0.765916 0.009491 0.000000 0.000000 0.000000 1.000000
-0.182504 -0.809368 0.558225 -0.525417 0.949439 0.002441 0.313945 -0.032447 -0.255460 0.587296 0.767999 0.009491 0.000000 0.000000 0.000000 1.000000
-0.226120 -0.805568 0.547657 -0.525417 0.944554 -0.043907 0.325408 -0.032447 -0.238093 0.590873 0.770831 0.009491 0.000000 0.000000 0.000000 1.000000
-0.253711 -0.806784 0.533600 -0.525417 0.938191 -0.070979 0.338764 -0.032447 -0.235435 0.586566 0.774925 0.009491 0.000000 0.000000 0.000000 1.000000
-0.275882 -0.811139 0.515695 -0.525417 0.931752 -0.093915 0.350741 -0.032447 -0.236069 0.577262 0.781690 0.009491 0.000000 0.000000 0.000000 1.000000
-0.296027 -0.818663 0.492095 -0.525417 0.927201 -0.122507 0.353965 -0.032447 -0.229493 0.561053 0.795331 0.009491 0.000000 0.000000 0.000000 1.000000
-0.315196 -0.827202 0.465173 -0.525417 0.923185 -0.153648 0.352312 -0.032447 -0.219960 0.540488 0.812090 0.009491 0.000000 0.000000 0.000000 1.000000
-0.332001 -0.835206 0.438413 -0.525417 0.919519 -0.182898 0.347899 -0.032447 -0.210383 0.518631 0.828710 0.009491 0.000000 0.000000 0.000000 1.000000
-0.343931 -0.841686 0.416264 -0.525417 0.916687 -0.204907 0.343073 -0.032447 -0.203464 0.499576 0.842037 0.009491 0.000000 0.000000 0.000000 1.000000
-0.341474 -0.849902 0.401323 -0.525417 0.916492 -0.206409 0.342693 -0.032447 -0.208419 0.484829 0.849412 0.009491 0.000000 0.000000 0.000000 1.000000
-0.304267 -0.869328 0.389472 -0.525417 0.920594 -0.163275 0.354753 -0.032447 -0.244806 0.466485 0.849977 0.009491 0.000000 0.000000 0.000000 1.000000
-0.266246 -0.884574 0.382936 -0.525417 0.921750 -0.117445 0.369573 -0.032447 -0.281941 0.451368 0.846626 0.009491 0.000000 0.000000 0.000000 1.000000
-0.248075 -0.890735 0.380852 -0.525417 0.920072 -0.093595 0.380406 -0.032447 -0.303195 0.444780 0.842759 0.009491 0.000000 0.000000 0.000000 1.000000
-0.247925 -0.890924 0.380508 -0.525417 0.917647 -0.090050 0.387060 -0.032447 -0.310577 0.445134 0.839879 0.009491 0.000000 0.000000 0.000000 1.000000
-0.251590 -0.890045 0.380160 -0.525417 0.915285 -0.091136 0.392362 -0.032447 -0.314574 0.446668 0.837574 0.009491 0.000000 0.000000 0.000000 1.000000
-0.256007 -0.888898 0.379894 -0.525417 0.913497 -0.093909 0.395861 -0.032447 -0.316205 0.448375 0.836047 0.009491 0.000000 0.000000 0.000000 1.000000</float_array><technique_common><accessor source="#jnt_left_arm-Matrix-animation-output-transform-array" count="25" stride="16"><param type="float4x4"/></accessor></technique_common></source><source id="jnt_left_arm-Interpolations"><Name_array id="jnt_left_arm-Interpolations-array" count="25">
 LINEAR LINEAR LINEAR LINEAR LINEAR LINEAR LINEAR LINEAR LINEAR LINEAR LINEAR
LINEAR LINEAR LINEAR LINEAR LINEAR LINEAR LINEAR LINEAR LINEAR LINEAR LINEAR LINEAR
LINEAR LINEAR</Name_array><technique_common><accessor source="#jnt_left_arm-Interpolations-array" count="25"><param type="name"/></accessor></technique_common></source><sampler id="jnt_left_arm-Matrix-animation-transform"><input semantic="INPUT" source="#jnt_left_arm-Matrix-animation-input"/><input semantic="OUTPUT" source="#jnt_left_arm-Matrix-animation-output-transform"/><input semantic="INTERPOLATION" source="#jnt_left_arm-Interpolations"/></sampler><channel source="#jnt_left_arm-Matrix-animation-transform" target="jnt_left_arm/matrix"/></animation></animation>
    <animation id="jnt_left_armroll-anim" name="jnt_left_armroll"><animation><source id="jnt_left_armroll-Matrix-animation-input"><float_array id="jnt_left_armroll-Matrix-animation-input-array" count="25">

0.000000 0.033333 0.066667 0.100000 0.133333 0.166667 0.200000 0.233333 0.266667 0.300000 0.333333 0.366667 0.400000 0.433333 0.466667 0.500000
0.533333 0.566667 0.600000 0.633333 0.666667 0.700000 0.733333 0.766667 0.800000</float_array><technique_common><accessor source="#jnt_left_armroll-Matrix-animation-input-array" count="25"><param name="TIME" type="float"/></accessor></technique_common></source><source id="jnt_left_armroll-Matrix-animation-output-transform"><float_array id="jnt_left_armroll-Matrix-animation-output-transform-array" count="400">

1.000000 -0.000000 -0.000000 -0.421995 0.000000 1.000000 -0.000000 0.000002 0.000000 0.000000 1.000000 -0.000003 0.000000 0.000000 0.000000 1.000000
1.000000 -0.000000 0.000000 -0.421995 0.000000 1.000000 -0.000000 0.000002 -0.000000 0.000000 1.000000 -0.000004 0.000000 0.000000 0.000000 1.000000
1.000000 -0.000000 -0.000000 -0.421995 0.000000 1.000000 -0.000000 0.000002 0.000000 0.000000 1.000000 -0.000004 0.000000 0.000000 0.000000 1.000000
1.000000 -0.000000 0.000000 -0.421995 0.000000 1.000000 0.000000 0.000002 -0.000000 -0.000000 1.000000 -0.000004 0.000000 0.000000 0.000000 1.000000
1.000000 -0.000000 0.000000 -0.421995 0.000000 1.000000 0.000000 0.000002 -0.000000 -0.000000 1.000000 -0.000003 0.000000 0.000000 0.000000 1.000000
1.000000 -0.000000 0.000000 -0.421995 0.000000 1.000000 0.000000 0.000002 -0.000000 -0.000000 1.000000 -0.000004 0.000000 0.000000 0.000000 1.000000
1.000000 -0.000000 -0.000000 -0.421995 0.000000 1.000000 0.000000 0.000002 0.000000 -0.000000 1.000000 -0.000004 0.000000 0.000000 0.000000 1.000000
1.000000 -0.000000 0.000000 -0.421995 0.000000 1.000000 0.000000 0.000002 -0.000000 -0.000000 1.000000 -0.000004 0.000000 0.000000 0.000000 1.000000
1.000000 -0.000000 -0.000000 -0.421995 0.000000 1.000000 0.000000 0.000002 0.000000 -0.000000 1.000000 -0.000004 0.000000 0.000000 0.000000 1.000000
1.000000 -0.000000 0.000000 -0.421995 0.000000 1.000000 -0.000000 0.000002 -0.000000 0.000000 1.000000 -0.000004 0.000000 0.000000 0.000000 1.000000
1.000000 -0.000000 0.000000 -0.421995 0.000000 1.000000 0.000000 0.000002 -0.000000 -0.000000 1.000000 -0.000004 0.000000 0.000000 0.000000 1.000000
1.000000 -0.000000 0.000000 -0.421995 0.000000 1.000000 -0.000000 0.000002 -0.000000 0.000000 1.000000 -0.000004 0.000000 0.000000 0.000000 1.000000
1.000000 -0.000000 0.000000 -0.421995 0.000000 1.000000 -0.000000 0.000002 -0.000000 0.000000 1.000000 -0.000005 0.000000 0.000000 0.000000 1.000000
1.000000 -0.000000 0.000000 -0.421995 0.000000 1.000000 -0.000000 0.000002 -0.000000 0.000000 1.000000 -0.000004 0.000000 0.000000 0.000000 1.000000
1.000000 -0.000000 0.000000 -0.421995 0.000000 1.000000 -0.000000 0.000002 -0.000000 0.000000 1.000000 -0.000004 0.000000 0.000000 0.000000 1.000000
1.000000 -0.000000 0.000000 -0.421995 0.000000 1.000000 0.000000 0.000002 -0.000000 -0.000000 1.000000 -0.000004 0.000000 0.000000 0.000000 1.000000
1.000000 -0.000000 0.000000 -0.421995 0.000000 1.000000 -0.000000 0.000002 -0.000000 0.000000 1.000000 -0.000004 0.000000 0.000000 0.000000 1.000000
1.000000 -0.000000 0.000000 -0.421995 0.000000 1.000000 -0.000000 0.000002 -0.000000 0.000000 1.000000 -0.000004 0.000000 0.000000 0.000000 1.000000
1.000000 -0.000000 0.000000 -0.421995 0.000000 1.000000 -0.000000 0.000002 -0.000000 0.000000 1.000000 -0.000004 0.000000 0.000000 0.000000 1.000000
1.000000 -0.000000 0.000000 -0.421995 0.000000 1.000000 -0.000000 0.000002 -0.000000 0.000000 1.000000 -0.000004 0.000000 0.000000 0.000000 1.000000
1.000000 -0.000000 0.000000 -0.421995 0.000000 1.000000 0.000000 0.000002 -0.000000 -0.000000 1.000000 -0.000004 0.000000 0.000000 0.000000 1.000000
1.000000 -0.000000 0.000000 -0.421995 0.000000 1.000000 -0.000000 0.000002 -0.000000 0.000000 1.000000 -0.000004 0.000000 0.000000 0.000000 1.000000
1.000000 -0.000000 -0.000000 -0.421995 0.000000 1.000000 0.000000 0.000002 0.000000 -0.000000 1.000000 -0.000004 0.000000 0.000000 0.000000 1.000000
1.000000 -0.000000 -0.000000 -0.421995 0.000000 1.000000 0.000000 0.000002 0.000000 -0.000000 1.000000 -0.000004 0.000000 0.000000 0.000000 1.000000
1.000000 -0.000000 -0.000000 -0.421995 0.000000 1.000000 -0.000000 0.000002 0.000000 0.000000 1.000000 -0.000004 0.000000 0.000000 0.000000 1.000000</float_array><technique_common><accessor source="#jnt_left_armroll-Matrix-animation-output-transform-array" count="25" stride="16"><param type="float4x4"/></accessor></technique_common></source><source id="jnt_left_armroll-Interpolations"><Name_array id="jnt_left_armroll-Interpolations-array" count="25">
 LINEAR LINEAR LINEAR LINEAR LINEAR LINEAR LINEAR LINEAR LINEAR LINEAR LINEAR
LINEAR LINEAR LINEAR LINEAR LINEAR LINEAR LINEAR LINEAR LINEAR LINEAR LINEAR LINEAR
LINEAR LINEAR</Name_array><technique_common><accessor source="#jnt_left_armroll-Interpolations-array" count="25"><param type="name"/></accessor></technique_common></source><sampler id="jnt_left_armroll-Matrix-animation-transform"><input semantic="INPUT" source="#jnt_left_armroll-Matrix-animation-input"/><input semantic="OUTPUT" source="#jnt_left_armroll-Matrix-animation-output-transform"/><input semantic="INTERPOLATION" source="#jnt_left_armroll-Interpolations"/></sampler><channel source="#jnt_left_armroll-Matrix-animation-transform" target="jnt_left_armroll/matrix"/></animation></animation>
    <animation id="jnt_left_forearm-anim" name="jnt_left_forearm"><animation><source id="jnt_left_forearm-Matrix-animation-input"><float_array id="jnt_left_forearm-Matrix-animation-input-array" count="25">

0.000000 0.033333 0.066667 0.100000 0.133333 0.166667 0.200000 0.233333 0.266667 0.300000 0.333333 0.366667 0.400000 0.433333 0.466667 0.500000
0.533333 0.566667 0.600000 0.633333 0.666667 0.700000 0.733333 0.766667 0.800000</float_array><technique_common><accessor source="#jnt_left_forearm-Matrix-animation-input-array" count="25"><param name="TIME" type="float"/></accessor></technique_common></source><source id="jnt_left_forearm-Matrix-animation-output-transform"><float_array id="jnt_left_forearm-Matrix-animation-output-transform-array" count="400">

-0.140953 -0.986881 0.078716 -0.843981 0.989716 -0.142422 -0.013351 0.000001 0.024387 0.076025 0.996808 0.000004 0.000000 0.000000 0.000000 1.000000
-0.140550 -0.983922 0.110191 -0.843980 0.989982 -0.141179 0.002119 0.000001 0.013472 0.109385 0.993908 0.000004 0.000000 0.000000 0.000000 1.000000
-0.124351 -0.973794 0.190426 -0.843981 0.992174 -0.119845 0.035044 0.000001 -0.011304 0.193294 0.981076 0.000003 0.000000 0.000000 0.000000 1.000000
-0.063314 -0.953296 0.295327 -0.843981 0.997324 -0.049601 0.053706 0.000001 -0.036549 0.297937 0.953886 0.000004 0.000000 0.000000 0.000000 1.000000
0.062183 -0.915847 0.396682 -0.843981 0.996766 0.077258 0.022120 0.000001 -0.050905 0.394023 0.917690 0.000004 0.000000 0.000000 0.000000 1.000000
0.249624 -0.850290 0.463351 -0.843981 0.967087 0.243264 -0.074593 0.000001 -0.049292 0.466721 0.883030 0.000003 0.000000 0.000000 0.000000 1.000000
0.468961 -0.748192 0.469343 -0.843981 0.882537 0.417830 -0.215746 0.000001 -0.034686 0.515389 0.856254 0.000003 0.000000 0.000000 0.000000 1.000000
0.667693 -0.618465 0.414351 -0.843981 0.744205 0.568428 -0.350782 0.000001 -0.018582 0.542576 0.839801 0.000004 0.000000 0.000000 0.000000 1.000000
0.792292 -0.507068 0.339345 -0.843981 0.610088 0.665783 -0.429564 0.000001 -0.008111 0.547370 0.836851 0.000004 0.000000 0.000000 0.000000 1.000000
0.869101 -0.416063 0.267497 -0.843981 0.494628 0.728252 -0.474333 0.000001 0.002547 0.544555 0.838722 0.000004 0.000000 0.000000 0.000000 1.000000
0.912654 -0.349466 0.211981 -0.843981 0.408608 0.767241 -0.494348 0.000001 0.010117 0.537786 0.843021 0.000004 0.000000 0.000000 0.000000 1.000000
0.931896 -0.316489 0.177211 -0.843981 0.362321 0.789155 -0.495942 0.000001 0.017113 0.526373 0.850081 0.000004 0.000000 0.000000 0.000000 1.000000
0.937244 -0.312285 0.155085 -0.843981 0.347564 0.801317 -0.486918 0.000001 0.027785 0.510263 0.859570 0.000004 0.000000 0.000000 0.000000 1.000000
0.939472 -0.315225 0.134262 -0.843981 0.340302 0.812903 -0.472634 0.000001 0.039844 0.489715 0.870972 0.000003 0.000000 0.000000 0.000000 1.000000
0.944109 -0.308984 0.114835 -0.843981 0.326753 0.831279 -0.449675 0.000001 0.043483 0.462065 0.885780 0.000003 0.000000 0.000000 0.000000 1.000000
0.950039 -0.297289 0.095101 -0.843981 0.308947 0.852241 -0.422181 0.000001 0.044461 0.430469 0.901509 0.000004 0.000000 0.000000 0.000000 1.000000
0.955697 -0.283833 0.077985 -0.843981 0.291030 0.871451 -0.394809 0.000001 0.044100 0.400014 0.915447 0.000004 0.000000 0.000000 0.000000 1.000000
0.959356 -0.274275 0.066409 -0.843981 0.278926 0.885849 -0.370770 0.000001 0.042864 0.374224 0.926347 0.000004 0.000000 0.000000 0.000000 1.000000
0.954276 -0.291904 0.064414 -0.843981 0.295401 0.887865 -0.352752 0.000001 0.045778 0.355650 0.933497 0.000003 0.000000 0.000000 0.000000 1.000000
0.919526 -0.385698 0.075553 -0.843981 0.387604 0.858097 -0.336797 0.000001 0.065071 0.338978 0.938541 0.000004 0.000000 0.000000 0.000000 1.000000
0.876091 -0.474511 0.085467 -0.843981 0.474904 0.818654 -0.322911 0.000001 0.083257 0.323488 0.942563 0.000004 0.000000 0.000000 0.000000 1.000000
0.850362 -0.518517 0.089583 -0.843981 0.518056 0.795146 -0.315216 0.000001 0.092213 0.314456 0.944783 0.000004 0.000000 0.000000 0.000000 1.000000
0.844920 -0.527454 0.088893 -0.843981 0.526490 0.790744 -0.312301 0.000001 0.094432 0.310670 0.945815 0.000004 0.000000 0.000000 0.000000 1.000000
0.843786 -0.529552 0.087176 -0.843981 0.528122 0.790411 -0.310382 0.000001 0.095459 0.307935 0.946606 0.000004 0.000000 0.000000 0.000000 1.000000
0.844755 -0.528287 0.085452 -0.843981 0.526520 0.791898 -0.309311 0.000001 0.095736 0.306284 0.947114 0.000004 0.000000 0.000000 0.000000 1.000000</float_array><technique_common><accessor source="#jnt_left_forearm-Matrix-animation-output-transform-array" count="25" stride="16"><param type="float4x4"/></accessor></technique_common></source><source id="jnt_left_forearm-Interpolations"><Name_array id="jnt_left_forearm-Interpolations-array" count="25">
 LINEAR LINEAR LINEAR LINEAR LINEAR LINEAR LINEAR LINEAR LINEAR LINEAR LINEAR
LINEAR LINEAR LINEAR LINEAR LINEAR LINEAR LINEAR LINEAR LINEAR LINEAR LINEAR LINEAR
LINEAR LINEAR</Name_array><technique_common><accessor source="#jnt_left_forearm-Interpolations-array" count="25"><param type="name"/></accessor></technique_common></source><sampler id="jnt_left_forearm-Matrix-animation-transform"><input semantic="INPUT" source="#jnt_left_forearm-Matrix-animation-input"/><input semantic="OUTPUT" source="#jnt_left_forearm-Matrix-animation-output-transform"/><input semantic="INTERPOLATION" source="#jnt_left_forearm-Interpolations"/></sampler><channel source="#jnt_left_forearm-Matrix-animation-transform" target="jnt_left_forearm/matrix"/></animation></animation>
    <animation id="jnt_left_forearmroll-anim" name="jnt_left_forearmroll"><animation><source id="jnt_left_forearmroll-Matrix-animation-input"><float_array id="jnt_left_forearmroll-Matrix-animation-input-array" count="25">

0.000000 0.033333 0.066667 0.100000 0.133333 0.166667 0.200000 0.233333 0.266667 0.300000 0.333333 0.366667 0.400000 0.433333 0.466667 0.500000
0.533333 0.566667 0.600000 0.633333 0.666667 0.700000 0.733333 0.766667 0.800000</float_array><technique_common><accessor source="#jnt_left_forearmroll-Matrix-animation-input-array" count="25"><param name="TIME" type="float"/></accessor></technique_common></source><source id="jnt_left_forearmroll-Matrix-animation-output-transform"><float_array id="jnt_left_forearmroll-Matrix-animation-output-transform-array" count="400">

1.000000 0.000001 -0.000000 -0.487001 -0.000001 1.000000 -0.000000 -0.000001 0.000000 0.000000 1.000000 -0.000004 0.000000 0.000000 0.000000 1.000000
1.000000 0.000001 -0.000000 -0.487001 -0.000001 1.000000 -0.000000 -0.000000 0.000000 0.000000 1.000000 -0.000004 0.000000 0.000000 0.000000 1.000000
1.000000 0.000001 -0.000000 -0.487001 -0.000001 1.000000 -0.000000 0.000000 0.000000 0.000000 1.000000 -0.000004 0.000000 0.000000 0.000000 1.000000
1.000000 0.000001 -0.000000 -0.487001 -0.000001 1.000000 -0.000000 -0.000000 0.000000 0.000000 1.000000 -0.000004 0.000000 0.000000 0.000000 1.000000
1.000000 0.000001 -0.000000 -0.487001 -0.000001 1.000000 -0.000000 -0.000000 0.000000 0.000000 1.000000 -0.000004 0.000000 0.000000 0.000000 1.000000
1.000000 0.000001 -0.000000 -0.487001 -0.000001 1.000000 -0.000000 -0.000000 0.000000 0.000000 1.000000 -0.000004 0.000000 0.000000 0.000000 1.000000
1.000000 0.000001 -0.000000 -0.487001 -0.000001 1.000000 -0.000000 -0.000000 0.000000 0.000000 1.000000 -0.000004 0.000000 0.000000 0.000000 1.000000
1.000000 0.000001 -0.000000 -0.487001 -0.000001 1.000000 -0.000000 0.000000 0.000000 0.000000 1.000000 -0.000004 0.000000 0.000000 0.000000 1.000000
1.000000 0.000001 -0.000000 -0.487001 -0.000001 1.000000 -0.000000 -0.000000 0.000000 0.000000 1.000000 -0.000004 0.000000 0.000000 0.000000 1.000000
1.000000 0.000001 -0.000000 -0.487001 -0.000001 1.000000 -0.000000 -0.000000 0.000000 0.000000 1.000000 -0.000004 0.000000 0.000000 0.000000 1.000000
1.000000 0.000001 -0.000000 -0.487001 -0.000001 1.000000 -0.000000 -0.000001 0.000000 0.000000 1.000000 -0.000004 0.000000 0.000000 0.000000 1.000000
1.000000 0.000001 -0.000000 -0.487001 -0.000001 1.000000 -0.000000 -0.000001 0.000000 0.000000 1.000000 -0.000004 0.000000 0.000000 0.000000 1.000000
1.000000 0.000001 -0.000000 -0.487001 -0.000001 1.000000 -0.000000 -0.000000 0.000000 0.000000 1.000000 -0.000004 0.000000 0.000000 0.000000 1.000000
1.000000 0.000001 -0.000000 -0.487001 -0.000001 1.000000 -0.000000 -0.000001 0.000000 0.000000 1.000000 -0.000004 0.000000 0.000000 0.000000 1.000000
1.000000 0.000001 -0.000000 -0.487001 -0.000001 1.000000 -0.000000 -0.000001 0.000000 0.000000 1.000000 -0.000004 0.000000 0.000000 0.000000 1.000000
1.000000 0.000001 -0.000000 -0.487001 -0.000001 1.000000 -0.000000 -0.000001 0.000000 0.000000 1.000000 -0.000004 0.000000 0.000000 0.000000 1.000000
1.000000 0.000001 -0.000000 -0.487001 -0.000001 1.000000 -0.000000 -0.000001 0.000000 0.000000 1.000000 -0.000004 0.000000 0.000000 0.000000 1.000000
1.000000 0.000001 -0.000000 -0.487001 -0.000001 1.000000 -0.000000 -0.000000 0.000000 0.000000 1.000000 -0.000004 0.000000 0.000000 0.000000 1.000000
1.000000 0.000001 -0.000000 -0.487001 -0.000001 1.000000 -0.000000 -0.000001 0.000000 0.000000 1.000000 -0.000004 0.000000 0.000000 0.000000 1.000000
1.000000 0.000001 -0.000000 -0.487001 -0.000001 1.000000 -0.000000 -0.000000 0.000000 0.000000 1.000000 -0.000004 0.000000 0.000000 0.000000 1.000000
1.000000 0.000001 -0.000000 -0.487001 -0.000001 1.000000 -0.000000 -0.000001 0.000000 0.000000 1.000000 -0.000004 0.000000 0.000000 0.000000 1.000000
1.000000 0.000001 -0.000000 -0.487001 -0.000001 1.000000 -0.000000 -0.000000 0.000000 0.000000 1.000000 -0.000004 0.000000 0.000000 0.000000 1.000000
1.000000 0.000001 -0.000000 -0.487001 -0.000001 1.000000 -0.000000 -0.000000 0.000000 0.000000 1.000000 -0.000004 0.000000 0.000000 0.000000 1.000000
1.000000 0.000001 -0.000000 -0.487001 -0.000001 1.000000 -0.000000 -0.000001 0.000000 0.000000 1.000000 -0.000004 0.000000 0.000000 0.000000 1.000000
1.000000 0.000001 -0.000000 -0.487001 -0.000001 1.000000 -0.000000 -0.000000 0.000000 0.000000 1.000000 -0.000004 0.000000 0.000000 0.000000 1.000000</float_array><technique_common><accessor source="#jnt_left_forearmroll-Matrix-animation-output-transform-array" count="25" stride="16"><param type="float4x4"/></accessor></technique_common></source><source id="jnt_left_forearmroll-Interpolations"><Name_array id="jnt_left_forearmroll-Interpolations-array" count="25">
 LINEAR LINEAR LINEAR LINEAR LINEAR LINEAR LINEAR LINEAR LINEAR LINEAR LINEAR
LINEAR LINEAR LINEAR LINEAR LINEAR LINEAR LINEAR LINEAR LINEAR LINEAR LINEAR LINEAR
LINEAR LINEAR</Name_array><technique_common><accessor source="#jnt_left_forearmroll-Interpolations-array" count="25"><param type="name"/></accessor></technique_common></source><sampler id="jnt_left_forearmroll-Matrix-animation-transform"><input semantic="INPUT" source="#jnt_left_forearmroll-Matrix-animation-input"/><input semantic="OUTPUT" source="#jnt_left_forearmroll-Matrix-animation-output-transform"/><input semantic="INTERPOLATION" source="#jnt_left_forearmroll-Interpolations"/></sampler><channel source="#jnt_left_forearmroll-Matrix-animation-transform" target="jnt_left_forearmroll/matrix"/></animation></animation>
    <animation id="jnt_left_hand-anim" name="jnt_left_hand"><animation><source id="jnt_left_hand-Matrix-animation-input"><float_array id="jnt_left_hand-Matrix-animation-input-array" count="25">

0.000000 0.033333 0.066667 0.100000 0.133333 0.166667 0.200000 0.233333 0.266667 0.300000 0.333333 0.366667 0.400000 0.433333 0.466667 0.500000
0.533333 0.566667 0.600000 0.633333 0.666667 0.700000 0.733333 0.766667 0.800000</float_array><technique_common><accessor source="#jnt_left_hand-Matrix-animation-input-array" count="25"><param name="TIME" type="float"/></accessor></technique_common></source><source id="jnt_left_hand-Matrix-animation-output-transform"><float_array id="jnt_left_hand-Matrix-animation-output-transform-array" count="400">

0.934593 -0.355634 0.007687 -0.975262 0.353096 0.924875 -0.141174 -0.000001 0.043097 0.134655 0.989955 -0.000000 0.000000 0.000000 0.000000 1.000000
0.937247 -0.347739 0.025403 -0.975262 0.347139 0.923851 -0.161228 -0.000001 0.032597 0.159928 0.986590 -0.000000 0.000000 0.000000 0.000000 1.000000
0.942795 -0.327037 0.064680 -0.975262 0.333167 0.917503 -0.217230 -0.000001 0.011698 0.226353 0.973975 -0.000000 0.000000 0.000000 0.000000 1.000000
0.946864 -0.304217 0.104400 -0.975262 0.321623 0.897990 -0.300288 -0.000001 -0.002397 0.317909 0.948118 -0.000000 0.000000 0.000000 0.000000 1.000000
0.945606 -0.294794 0.137570 -0.975262 0.325304 0.860097 -0.392951 -0.000001 -0.002484 0.416329 0.909211 -0.000000 0.000000 0.000000 0.000000 1.000000
0.936304 -0.304570 0.174846 -0.975262 0.351172 0.807007 -0.474783 -0.000001 0.003502 0.505942 0.862560 -0.000000 0.000000 0.000000 0.000000 1.000000
0.918652 -0.323417 0.226891 -0.975262 0.395065 0.749901 -0.530635 -0.000001 0.001470 0.577106 0.816668 -0.000000 0.000000 0.000000 0.000000 1.000000
0.895726 -0.340058 0.286420 -0.975262 0.444415 0.703778 -0.554249 -0.000001 -0.013099 0.623744 0.781519 -0.000000 0.000000 0.000000 0.000000 1.000000
0.878554 -0.350075 0.324948 -0.975262 0.476732 0.684688 -0.551298 -0.000001 -0.029492 0.639257 0.768427 -0.000000 0.000000 0.000000 0.000000 1.000000
0.866694 -0.361973 0.343245 -0.975262 0.497539 0.676926 -0.542426 -0.000001 -0.036009 0.640895 0.766783 -0.000000 0.000000 0.000000 0.000000 1.000000
0.858644 -0.380836 0.343066 -0.975262 0.511788 0.674022 -0.532699 -0.000001 -0.028363 0.632975 0.773652 -0.000000 0.000000 0.000000 0.000000 1.000000
0.853488 -0.406498 0.326064 -0.975262 0.521070 0.673743 -0.523982 -0.000001 -0.006686 0.617114 0.786845 -0.000000 0.000000 0.000000 0.000000 1.000000
0.846597 -0.438979 0.300952 -0.975262 0.531718 0.672648 -0.514607 -0.000000 0.023466 0.595686 0.802875 -0.000000 0.000000 0.000000 0.000000 1.000000
0.829847 -0.481722 0.281601 -0.975262 0.555447 0.664996 -0.499259 -0.000001 0.053240 0.570722 0.819415 -0.000000 0.000000 0.000000 0.000000 1.000000
0.801628 -0.531542 0.273599 -0.975262 0.593298 0.651142 -0.473298 -0.000000 0.073427 0.541734 0.837337 -0.000000 0.000000 0.000000 0.000000 1.000000
0.768018 -0.580317 0.270891 -0.975262 0.634910 0.634514 -0.440773 -0.000001 0.083904 0.510512 0.855767 -0.000000 0.000000 0.000000 0.000000 1.000000
0.735018 -0.622981 0.267664 -0.975262 0.672251 0.618034 -0.407570 -0.000001 0.088483 0.479508 0.873065 -0.000000 0.000000 0.000000 0.000000 1.000000
0.709434 -0.654768 0.260734 -0.975262 0.698834 0.605619 -0.380602 -0.000001 0.091300 0.452221 0.887220 -0.000000 0.000000 0.000000 0.000000 1.000000
0.703662 -0.667155 0.244468 -0.975262 0.703972 0.607932 -0.367211 -0.000001 0.096367 0.430490 0.897436 -0.000000 0.000000 0.000000 0.000000 1.000000
0.733234 -0.647918 0.206327 -0.975262 0.671686 0.642900 -0.368127 -0.000001 0.105869 0.408509 0.906594 -0.000000 0.000000 0.000000 0.000000 1.000000
0.764873 -0.621367 0.169919 -0.975262 0.633676 0.678309 -0.371956 -0.000001 0.115863 0.392172 0.912566 -0.000000 0.000000 0.000000 0.000000 1.000000
0.780514 -0.606835 0.150167 -0.975262 0.613114 0.696192 -0.373374 -0.000001 0.122031 0.383493 0.915446 -0.000001 0.000000 0.000000 0.000000 1.000000
0.783052 -0.605096 0.143838 -0.975262 0.609322 0.699966 -0.372523 -0.000000 0.124731 0.379348 0.916809 -0.000000 0.000000 0.000000 0.000000 1.000000
0.783857 -0.605101 0.139361 -0.975262 0.607824 0.701832 -0.371460 -0.000001 0.126964 0.375878 0.917930 -0.000001 0.000000 0.000000 0.000000 1.000000
0.783747 -0.605853 0.136689 -0.975262 0.607645 0.702459 -0.370565 -0.000001 0.128490 0.373487 0.918694 -0.000000 0.000000 0.000000 0.000000 1.000000</float_array><technique_common><accessor source="#jnt_left_hand-Matrix-animation-output-transform-array" count="25" stride="16"><param type="float4x4"/></accessor></technique_common></source><source id="jnt_left_hand-Interpolations"><Name_array id="jnt_left_hand-Interpolations-array" count="25">
 LINEAR LINEAR LINEAR LINEAR LINEAR LINEAR LINEAR LINEAR LINEAR LINEAR LINEAR
LINEAR LINEAR LINEAR LINEAR LINEAR LINEAR LINEAR LINEAR LINEAR LINEAR LINEAR LINEAR
LINEAR LINEAR</Name_array><technique_common><accessor source="#jnt_left_hand-Interpolations-array" count="25"><param type="name"/></accessor></technique_common></source><sampler id="jnt_left_hand-Matrix-animation-transform"><input semantic="INPUT" source="#jnt_left_hand-Matrix-animation-input"/><input semantic="OUTPUT" source="#jnt_left_hand-Matrix-animation-output-transform"/><input semantic="INTERPOLATION" source="#jnt_left_hand-Interpolations"/></sampler><channel source="#jnt_left_hand-Matrix-animation-transform" target="jnt_left_hand/matrix"/></animation></animation>
    <animation id="jnt_left_handthumb1-anim" name="jnt_left_handthumb1"><animation><source id="jnt_left_handthumb1-Matrix-animation-input"><float_array id="jnt_left_handthumb1-Matrix-animation-input-array" count="25">

0.000000 0.033333 0.066667 0.100000 0.133333 0.166667 0.200000 0.233333 0.266667 0.300000 0.333333 0.366667 0.400000 0.433333 0.466667 0.500000
0.533333 0.566667 0.600000 0.633333 0.666667 0.700000 0.733333 0.766667 0.800000</float_array><technique_common><accessor source="#jnt_left_handthumb1-Matrix-animation-input-array" count="25"><param name="TIME" type="float"/></accessor></technique_common></source><source id="jnt_left_handthumb1-Matrix-animation-output-transform"><float_array id="jnt_left_handthumb1-Matrix-animation-output-transform-array" count="400">

0.732148 -0.544609 0.409097 -0.060229 0.321053 0.805619 0.497899 -0.203939 -0.600736 -0.233195 0.764681 0.155678 0.000000 0.000000 0.000000 1.000000
0.730967 -0.536025 0.422332 -0.060229 0.302913 0.809431 0.503055 -0.203940 -0.611499 -0.239786 0.754036 0.155677 0.000000 0.000000 0.000000 1.000000
0.723502 -0.515871 0.458718 -0.060229 0.255900 0.817578 0.515831 -0.203939 -0.641140 -0.255819 0.723531 0.155678 0.000000 0.000000 0.000000 1.000000
0.702228 -0.494785 0.511922 -0.060229 0.192914 0.824378 0.532151 -0.203939 -0.685317 -0.274934 0.674352 0.155678 0.000000 0.000000 0.000000 1.000000
0.663632 -0.548546 0.508615 -0.060229 0.129088 0.753689 0.644429 -0.203939 -0.736837 -0.362007 0.570983 0.155678 0.000000 0.000000 0.000000 1.000000
0.613372 -0.646941 0.453037 -0.060229 0.077608 0.620208 0.780588 -0.203940 -0.785972 -0.443631 0.430626 0.155678 0.000000 0.000000 0.000000 1.000000
0.565060 -0.733412 0.377908 -0.060229 0.044615 0.484535 0.873634 -0.203939 -0.823843 -0.476795 0.306513 0.155679 0.000000 0.000000 0.000000 1.000000
0.534407 -0.782686 0.319080 -0.060229 0.029231 0.394396 0.918476 -0.203939 -0.844722 -0.481513 0.233646 0.155678 0.000000 0.000000 0.000000 1.000000
0.531450 -0.786723 0.314051 -0.060229 0.026565 0.386037 0.922101 -0.203939 -0.846673 -0.481707 0.226058 0.155678 0.000000 0.000000 0.000000 1.000000
0.542166 -0.766648 0.343957 -0.060229 0.021028 0.421591 0.906542 -0.203939 -0.840008 -0.484264 0.244693 0.155678 0.000000 0.000000 0.000000 1.000000
0.561919 -0.726579 0.395385 -0.060229 0.011576 0.484846 0.874523 -0.203940 -0.827111 -0.486834 0.280855 0.155678 0.000000 0.000000 0.000000 1.000000
0.588888 -0.666332 0.457397 -0.060229 0.000262 0.566093 0.824341 -0.203939 -0.808214 -0.485325 0.333540 0.155678 0.000000 0.000000 0.000000 1.000000
0.621038 -0.588042 0.518188 -0.060229 -0.010780 0.654668 0.755840 -0.203939 -0.783706 -0.474991 0.400235 0.155678 0.000000 0.000000 0.000000 1.000000
0.656081 -0.497535 0.567465 -0.060228 -0.019658 0.740396 0.671884 -0.203939 -0.754435 -0.451965 0.475979 0.155678 0.000000 0.000000 0.000000 1.000000
0.691597 -0.403602 0.598998 -0.060229 -0.025054 0.815408 0.578345 -0.203939 -0.721849 -0.414989 0.553822 0.155678 0.000000 0.000000 0.000000 1.000000
0.725265 -0.326077 0.606353 -0.060228 -0.026468 0.866869 0.497833 -0.203939 -0.687961 -0.377110 0.620080 0.155677 0.000000 0.000000 0.000000 1.000000
0.755118 -0.303311 0.581205 -0.060229 -0.024298 0.872982 0.487148 -0.203939 -0.655138 -0.381976 0.651835 0.155678 0.000000 0.000000 0.000000 1.000000
0.779703 -0.286603 0.556707 -0.060230 -0.019710 0.877419 0.479319 -0.203940 -0.625840 -0.384699 0.678477 0.155678 0.000000 0.000000 0.000000 1.000000
0.798067 -0.275510 0.535895 -0.060228 -0.014362 0.880401 0.474013 -0.203939 -0.602397 -0.385991 0.698662 0.155678 0.000000 0.000000 0.000000 1.000000
0.809582 -0.269235 0.521621 -0.060229 -0.010049 0.882126 0.470905 -0.203939 -0.586920 -0.386479 0.711448 0.155678 0.000000 0.000000 0.000000 1.000000
0.813615 -0.267172 0.516382 -0.060229 -0.008346 0.882704 0.469855 -0.203939 -0.581345 -0.386590 0.715951 0.155678 0.000000 0.000000 0.000000 1.000000
0.813614 -0.267172 0.516382 -0.060229 -0.008346 0.882705 0.469855 -0.203939 -0.581345 -0.386590 0.715952 0.155678 0.000000 0.000000 0.000000 1.000000
0.813615 -0.267172 0.516382 -0.060228 -0.008346 0.882705 0.469854 -0.203939 -0.581345 -0.386590 0.715951 0.155678 0.000000 0.000000 0.000000 1.000000
0.813615 -0.267172 0.516382 -0.060229 -0.008346 0.882704 0.469854 -0.203939 -0.581345 -0.386590 0.715951 0.155678 0.000000 0.000000 0.000000 1.000000
0.813615 -0.267172 0.516382 -0.060229 -0.008346 0.882705 0.469854 -0.203939 -0.581345 -0.386590 0.715951 0.155677 0.000000 0.000000 0.000000 1.000000</float_array><technique_common><accessor source="#jnt_left_handthumb1-Matrix-animation-output-transform-array" count="25" stride="16"><param type="float4x4"/></accessor></technique_common></source><source id="jnt_left_handthumb1-Interpolations"><Name_array id="jnt_left_handthumb1-Interpolations-array" count="25">
 LINEAR LINEAR LINEAR LINEAR LINEAR LINEAR LINEAR LINEAR LINEAR LINEAR LINEAR
LINEAR LINEAR LINEAR LINEAR LINEAR LINEAR LINEAR LINEAR LINEAR LINEAR LINEAR LINEAR
LINEAR LINEAR</Name_array><technique_common><accessor source="#jnt_left_handthumb1-Interpolations-array" count="25"><param type="name"/></accessor></technique_common></source><sampler id="jnt_left_handthumb1-Matrix-animation-transform"><input semantic="INPUT" source="#jnt_left_handthumb1-Matrix-animation-input"/><input semantic="OUTPUT" source="#jnt_left_handthumb1-Matrix-animation-output-transform"/><input semantic="INTERPOLATION" source="#jnt_left_handthumb1-Interpolations"/></sampler><channel source="#jnt_left_handthumb1-Matrix-animation-transform" target="jnt_left_handthumb1/matrix"/></animation></animation>
    <animation id="jnt_left_handthumb2-anim" name="jnt_left_handthumb2"><animation><source id="jnt_left_handthumb2-Matrix-animation-input"><float_array id="jnt_left_handthumb2-Matrix-animation-input-array" count="25">

0.000000 0.033333 0.066667 0.100000 0.133333 0.166667 0.200000 0.233333 0.266667 0.300000 0.333333 0.366667 0.400000 0.433333 0.466667 0.500000
0.533333 0.566667 0.600000 0.633333 0.666667 0.700000 0.733333 0.766667 0.800000</float_array><technique_common><accessor source="#jnt_left_handthumb2-Matrix-animation-input-array" count="25"><param name="TIME" type="float"/></accessor></technique_common></source><source id="jnt_left_handthumb2-Matrix-animation-output-transform"><float_array id="jnt_left_handthumb2-Matrix-animation-output-transform-array" count="400">

0.980418 0.196925 -0.000001 -0.213227 -0.196925 0.980418 -0.000003 -0.000002 -0.000000 0.000003 1.000000 0.000004 0.000000 0.000000 0.000000 1.000000
0.979476 0.201558 -0.000001 -0.213227 -0.201558 0.979477 -0.000003 -0.000002 -0.000000 0.000003 1.000000 0.000004 0.000000 0.000000 0.000000 1.000000
0.977701 0.210001 -0.000001 -0.213227 -0.210001 0.977701 -0.000003 -0.000002 -0.000000 0.000003 1.000000 0.000004 0.000000 0.000000 0.000000 1.000000
0.977250 0.212092 -0.000001 -0.213227 -0.212092 0.977250 -0.000003 -0.000002 -0.000000 0.000003 1.000000 0.000003 0.000000 0.000000 0.000000 1.000000
0.979880 0.199586 -0.000001 -0.213227 -0.199586 0.979880 -0.000003 -0.000002 -0.000000 0.000003 1.000000 0.000004 0.000000 0.000000 0.000000 1.000000
0.985178 0.171537 -0.000001 -0.213227 -0.171537 0.985178 -0.000003 -0.000002 -0.000000 0.000003 1.000000 0.000004 0.000000 0.000000 0.000000 1.000000
0.990579 0.136939 -0.000000 -0.213227 -0.136939 0.990579 -0.000003 -0.000002 0.000000 0.000003 1.000000 0.000005 0.000000 0.000000 0.000000 1.000000
0.993724 0.111858 -0.000000 -0.213227 -0.111858 0.993724 -0.000003 -0.000002 0.000000 0.000003 1.000000 0.000005 0.000000 0.000000 0.000000 1.000000
0.993914 0.110161 -0.000001 -0.213227 -0.110161 0.993914 -0.000003 -0.000001 0.000000 0.000003 1.000000 0.000004 0.000000 0.000000 0.000000 1.000000
0.992073 0.125665 -0.000001 -0.213227 -0.125665 0.992073 -0.000003 -0.000002 0.000000 0.000003 1.000000 0.000004 0.000000 0.000000 0.000000 1.000000
0.988092 0.153863 -0.000001 -0.213227 -0.153863 0.988092 -0.000003 -0.000002 0.000000 0.000003 1.000000 0.000004 0.000000 0.000000 0.000000 1.000000
0.981496 0.191484 -0.000001 -0.213227 -0.191484 0.981496 -0.000003 -0.000002 -0.000000 0.000003 1.000000 0.000004 0.000000 0.000000 0.000000 1.000000
0.972034 0.234841 -0.000001 -0.213228 -0.234841 0.972034 -0.000003 -0.000002 -0.000000 0.000003 1.000000 0.000004 0.000000 0.000000 0.000000 1.000000
0.959986 0.280046 -0.000001 -0.213227 -0.280046 0.959986 -0.000003 -0.000001 -0.000000 0.000003 1.000000 0.000004 0.000000 0.000000 0.000000 1.000000
0.946235 0.323480 -0.000001 -0.213227 -0.323480 0.946234 -0.000003 -0.000001 -0.000000 0.000003 1.000000 0.000004 0.000000 0.000000 0.000000 1.000000
0.932063 0.362297 -0.000001 -0.213227 -0.362297 0.932063 -0.000003 -0.000002 -0.000001 0.000003 1.000000 0.000004 0.000000 0.000000 0.000000 1.000000
0.918806 0.394709 -0.000000 -0.213227 -0.394709 0.918806 -0.000003 -0.000002 -0.000001 0.000003 1.000000 0.000004 0.000000 0.000000 0.000000 1.000000
0.907555 0.419933 -0.000001 -0.213227 -0.419933 0.907555 -0.000003 -0.000002 -0.000001 0.000003 1.000000 0.000004 0.000000 0.000000 0.000000 1.000000
0.899030 0.437886 -0.000001 -0.213227 -0.437886 0.899031 -0.000003 -0.000002 -0.000001 0.000003 1.000000 0.000004 0.000000 0.000000 0.000000 1.000000
0.893661 0.448743 -0.000001 -0.213227 -0.448743 0.893661 -0.000003 -0.000002 -0.000001 0.000003 1.000000 0.000004 0.000000 0.000000 0.000000 1.000000
0.891779 0.452471 -0.000001 -0.213227 -0.452471 0.891779 -0.000003 -0.000002 -0.000001 0.000003 1.000000 0.000004 0.000000 0.000000 0.000000 1.000000
0.891779 0.452471 -0.000001 -0.213228 -0.452471 0.891779 -0.000003 -0.000002 -0.000001 0.000003 1.000000 0.000004 0.000000 0.000000 0.000000 1.000000
0.891779 0.452471 -0.000001 -0.213227 -0.452471 0.891779 -0.000003 -0.000002 -0.000001 0.000003 1.000000 0.000003 0.000000 0.000000 0.000000 1.000000
0.891779 0.452471 -0.000001 -0.213227 -0.452471 0.891779 -0.000003 -0.000002 -0.000001 0.000003 1.000000 0.000004 0.000000 0.000000 0.000000 1.000000
0.891779 0.452471 -0.000001 -0.213227 -0.452471 0.891779 -0.000003 -0.000002 -0.000001 0.000003 1.000000 0.000004 0.000000 0.000000 0.000000 1.000000</float_array><technique_common><accessor source="#jnt_left_handthumb2-Matrix-animation-output-transform-array" count="25" stride="16"><param type="float4x4"/></accessor></technique_common></source><source id="jnt_left_handthumb2-Interpolations"><Name_array id="jnt_left_handthumb2-Interpolations-array" count="25">
 LINEAR LINEAR LINEAR LINEAR LINEAR LINEAR LINEAR LINEAR LINEAR LINEAR LINEAR
LINEAR LINEAR LINEAR LINEAR LINEAR LINEAR LINEAR LINEAR LINEAR LINEAR LINEAR LINEAR
LINEAR LINEAR</Name_array><technique_common><accessor source="#jnt_left_handthumb2-Interpolations-array" count="25"><param type="name"/></accessor></technique_common></source><sampler id="jnt_left_handthumb2-Matrix-animation-transform"><input semantic="INPUT" source="#jnt_left_handthumb2-Matrix-animation-input"/><input semantic="OUTPUT" source="#jnt_left_handthumb2-Matrix-animation-output-transform"/><input semantic="INTERPOLATION" source="#jnt_left_handthumb2-Interpolations"/></sampler><channel source="#jnt_left_handthumb2-Matrix-animation-transform" target="jnt_left_handthumb2/matrix"/></animation></animation>
    <animation id="jnt_left_handthumb3-anim" name="jnt_left_handthumb3"><animation><source id="jnt_left_handthumb3-Matrix-animation-input"><float_array id="jnt_left_handthumb3-Matrix-animation-input-array" count="25">

0.000000 0.033333 0.066667 0.100000 0.133333 0.166667 0.200000 0.233333 0.266667 0.300000 0.333333 0.366667 0.400000 0.433333 0.466667 0.500000
0.533333 0.566667 0.600000 0.633333 0.666667 0.700000 0.733333 0.766667 0.800000</float_array><technique_common><accessor source="#jnt_left_handthumb3-Matrix-animation-input-array" count="25"><param name="TIME" type="float"/></accessor></technique_common></source><source id="jnt_left_handthumb3-Matrix-animation-output-transform"><float_array id="jnt_left_handthumb3-Matrix-animation-output-transform-array" count="400">

0.991081 0.133259 -0.000001 -0.141879 -0.133259 0.991081 -0.000003 0.000003 0.000001 0.000003 1.000000 -0.000027 0.000000 0.000000 0.000000 1.000000
0.990440 0.137944 -0.000001 -0.141879 -0.137944 0.990440 -0.000003 0.000003 0.000001 0.000003 1.000000 -0.000028 0.000000 0.000000 0.000000 1.000000
0.989213 0.146483 -0.000001 -0.141879 -0.146483 0.989213 -0.000003 0.000003 0.000001 0.000003 1.000000 -0.000028 0.000000 0.000000 0.000000 1.000000
0.988897 0.148599 -0.000001 -0.141879 -0.148599 0.988897 -0.000003 0.000003 0.000001 0.000003 1.000000 -0.000028 0.000000 0.000000 0.000000 1.000000
0.990716 0.135949 -0.000001 -0.141879 -0.135949 0.990716 -0.000003 0.000003 0.000001 0.000003 1.000000 -0.000027 0.000000 0.000000 0.000000 1.000000
0.994192 0.107618 -0.000001 -0.141879 -0.107618 0.994192 -0.000003 0.000003 0.000001 0.000003 1.000000 -0.000026 0.000000 0.000000 0.000000 1.000000
0.997351 0.072743 -0.000001 -0.141879 -0.072743 0.997351 -0.000003 0.000003 0.000001 0.000003 1.000000 -0.000026 0.000000 0.000000 0.000000 1.000000
0.998871 0.047512 -0.000001 -0.141879 -0.047512 0.998871 -0.000003 0.000003 0.000001 0.000003 1.000000 -0.000027 0.000000 0.000000 0.000000 1.000000
0.998950 0.045805 -0.000001 -0.141880 -0.045805 0.998951 -0.000003 0.000003 0.000001 0.000003 1.000000 -0.000028 0.000000 0.000000 0.000000 1.000000
0.998114 0.061395 -0.000001 -0.141879 -0.061395 0.998114 -0.000003 0.000003 0.000001 0.000003 1.000000 -0.000027 0.000000 0.000000 0.000000 1.000000
0.995960 0.089792 -0.000001 -0.141879 -0.089792 0.995961 -0.000003 0.000003 0.000001 0.000003 1.000000 -0.000028 0.000000 0.000000 0.000000 1.000000
0.991805 0.127760 -0.000001 -0.141879 -0.127760 0.991805 -0.000003 0.000003 0.000001 0.000003 1.000000 -0.000026 0.000000 0.000000 0.000000 1.000000
0.985160 0.171638 -0.000001 -0.141879 -0.171638 0.985160 -0.000003 0.000003 0.000001 0.000003 1.000000 -0.000026 0.000000 0.000000 0.000000 1.000000
0.976055 0.217526 -0.000001 -0.141879 -0.217526 0.976055 -0.000003 0.000003 0.000000 0.000003 1.000000 -0.000026 0.000000 0.000000 0.000000 1.000000
0.965134 0.261757 -0.000001 -0.141879 -0.261757 0.965134 -0.000003 0.000003 0.000000 0.000003 1.000000 -0.000027 0.000000 0.000000 0.000000 1.000000
0.953496 0.301407 -0.000001 -0.141879 -0.301407 0.953496 -0.000003 0.000003 0.000000 0.000003 1.000000 -0.000028 0.000000 0.000000 0.000000 1.000000
0.942358 0.334606 -0.000001 -0.141879 -0.334606 0.942358 -0.000003 0.000003 0.000000 0.000003 1.000000 -0.000027 0.000000 0.000000 0.000000 1.000000
0.932758 0.360504 -0.000001 -0.141879 -0.360504 0.932758 -0.000003 0.000002 0.000000 0.000003 1.000000 -0.000026 0.000000 0.000000 0.000000 1.000000
0.925409 0.378969 -0.000001 -0.141879 -0.378969 0.925409 -0.000003 0.000003 -0.000000 0.000003 1.000000 -0.000027 0.000000 0.000000 0.000000 1.000000
0.920751 0.390150 -0.000001 -0.141880 -0.390150 0.920751 -0.000003 0.000003 -0.000000 0.000003 1.000000 -0.000026 0.000000 0.000000 0.000000 1.000000
0.919114 0.393992 -0.000001 -0.141879 -0.393992 0.919114 -0.000003 0.000003 -0.000000 0.000003 1.000000 -0.000027 0.000000 0.000000 0.000000 1.000000
0.919114 0.393992 -0.000001 -0.141879 -0.393992 0.919114 -0.000003 0.000003 -0.000000 0.000003 1.000000 -0.000027 0.000000 0.000000 0.000000 1.000000
0.919114 0.393992 -0.000001 -0.141879 -0.393992 0.919114 -0.000003 0.000003 -0.000000 0.000003 1.000000 -0.000027 0.000000 0.000000 0.000000 1.000000
0.919114 0.393992 -0.000001 -0.141879 -0.393992 0.919114 -0.000003 0.000003 -0.000000 0.000003 1.000000 -0.000026 0.000000 0.000000 0.000000 1.000000
0.919114 0.393992 -0.000001 -0.141879 -0.393992 0.919114 -0.000003 0.000003 -0.000000 0.000003 1.000000 -0.000028 0.000000 0.000000 0.000000 1.000000</float_array><technique_common><accessor source="#jnt_left_handthumb3-Matrix-animation-output-transform-array" count="25" stride="16"><param type="float4x4"/></accessor></technique_common></source><source id="jnt_left_handthumb3-Interpolations"><Name_array id="jnt_left_handthumb3-Interpolations-array" count="25">
 LINEAR LINEAR LINEAR LINEAR LINEAR LINEAR LINEAR LINEAR LINEAR LINEAR LINEAR
LINEAR LINEAR LINEAR LINEAR LINEAR LINEAR LINEAR LINEAR LINEAR LINEAR LINEAR LINEAR
LINEAR LINEAR</Name_array><technique_common><accessor source="#jnt_left_handthumb3-Interpolations-array" count="25"><param type="name"/></accessor></technique_common></source><sampler id="jnt_left_handthumb3-Matrix-animation-transform"><input semantic="INPUT" source="#jnt_left_handthumb3-Matrix-animation-input"/><input semantic="OUTPUT" source="#jnt_left_handthumb3-Matrix-animation-output-transform"/><input semantic="INTERPOLATION" source="#jnt_left_handthumb3-Interpolations"/></sampler><channel source="#jnt_left_handthumb3-Matrix-animation-transform" target="jnt_left_handthumb3/matrix"/></animation></animation>
    <animation id="jnt_left_handthumb4-anim" name="jnt_left_handthumb4"><animation><source id="jnt_left_handthumb4-Matrix-animation-input"><float_array id="jnt_left_handthumb4-Matrix-animation-input-array" count="25">

0.000000 0.033333 0.066667 0.100000 0.133333 0.166667 0.200000 0.233333 0.266667 0.300000 0.333333 0.366667 0.400000 0.433333 0.466667 0.500000
0.533333 0.566667 0.600000 0.633333 0.666667 0.700000 0.733333 0.766667 0.800000</float_array><technique_common><accessor source="#jnt_left_handthumb4-Matrix-animation-input-array" count="25"><param name="TIME" type="float"/></accessor></technique_common></source><source id="jnt_left_handthumb4-Matrix-animation-output-transform"><float_array id="jnt_left_handthumb4-Matrix-animation-output-transform-array" count="400">

1.000000 -0.000000 0.000000 -0.122601 0.000000 1.000000 0.000000 -0.000006 -0.000000 -0.000000 1.000000 0.000005 0.000000 0.000000 0.000000 1.000000
1.000000 -0.000000 0.000000 -0.122601 0.000000 1.000000 0.000000 -0.000006 -0.000000 -0.000000 1.000000 0.000005 0.000000 0.000000 0.000000 1.000000
1.000000 -0.000000 -0.000000 -0.122601 0.000000 1.000000 0.000000 -0.000006 -0.000000 -0.000000 1.000000 0.000005 0.000000 0.000000 0.000000 1.000000
1.000000 -0.000000 -0.000000 -0.122601 0.000000 1.000000 0.000000 -0.000006 0.000000 -0.000000 1.000000 0.000005 0.000000 0.000000 0.000000 1.000000
1.000000 -0.000000 0.000000 -0.122601 0.000000 1.000000 0.000000 -0.000006 -0.000000 -0.000000 1.000000 0.000005 0.000000 0.000000 0.000000 1.000000
1.000000 -0.000000 0.000000 -0.122601 0.000000 1.000000 0.000000 -0.000006 -0.000000 -0.000000 1.000000 0.000005 0.000000 0.000000 0.000000 1.000000
1.000000 -0.000000 -0.000000 -0.122601 0.000000 1.000000 0.000000 -0.000006 0.000000 -0.000000 1.000000 0.000005 0.000000 0.000000 0.000000 1.000000
1.000000 -0.000000 0.000000 -0.122601 0.000000 1.000000 0.000000 -0.000006 -0.000000 -0.000000 1.000000 0.000005 0.000000 0.000000 0.000000 1.000000
1.000000 -0.000000 0.000000 -0.122601 0.000000 1.000000 0.000000 -0.000006 -0.000000 -0.000000 1.000000 0.000005 0.000000 0.000000 0.000000 1.000000
1.000000 -0.000000 0.000000 -0.122601 0.000000 1.000000 0.000000 -0.000006 -0.000000 -0.000000 1.000000 0.000005 0.000000 0.000000 0.000000 1.000000
1.000000 -0.000000 0.000000 -0.122601 0.000000 1.000000 0.000000 -0.000006 -0.000000 -0.000000 1.000000 0.000005 0.000000 0.000000 0.000000 1.000000
1.000000 -0.000000 0.000000 -0.122601 0.000000 1.000000 0.000000 -0.000006 -0.000000 -0.000000 1.000000 0.000005 0.000000 0.000000 0.000000 1.000000
1.000000 -0.000000 -0.000000 -0.122601 0.000000 1.000000 0.000000 -0.000006 0.000000 -0.000000 1.000000 0.000005 0.000000 0.000000 0.000000 1.000000
1.000000 -0.000000 0.000000 -0.122601 0.000000 1.000000 0.000000 -0.000006 -0.000000 -0.000000 1.000000 0.000005 0.000000 0.000000 0.000000 1.000000
1.000000 -0.000000 -0.000000 -0.122601 0.000000 1.000000 0.000000 -0.000006 0.000000 -0.000000 1.000000 0.000005 0.000000 0.000000 0.000000 1.000000
1.000000 -0.000000 0.000000 -0.122601 0.000000 1.000000 0.000000 -0.000006 -0.000000 -0.000000 1.000000 0.000005 0.000000 0.000000 0.000000 1.000000
1.000000 -0.000000 -0.000000 -0.122601 0.000000 1.000000 0.000000 -0.000006 0.000000 -0.000000 1.000000 0.000005 0.000000 0.000000 0.000000 1.000000
1.000000 -0.000000 -0.000000 -0.122601 0.000000 1.000000 0.000000 -0.000006 0.000000 -0.000000 1.000000 0.000005 0.000000 0.000000 0.000000 1.000000
1.000000 -0.000000 -0.000000 -0.122601 0.000000 1.000000 0.000000 -0.000006 0.000000 -0.000000 1.000000 0.000005 0.000000 0.000000 0.000000 1.000000
1.000000 -0.000000 0.000000 -0.122601 0.000000 1.000000 0.000000 -0.000006 -0.000000 -0.000000 1.000000 0.000005 0.000000 0.000000 0.000000 1.000000
1.000000 -0.000000 0.000000 -0.122601 0.000000 1.000000 0.000000 -0.000006 -0.000000 -0.000000 1.000000 0.000005 0.000000 0.000000 0.000000 1.000000
1.000000 -0.000000 -0.000000 -0.122601 0.000000 1.000000 0.000000 -0.000006 0.000000 -0.000000 1.000000 0.000005 0.000000 0.000000 0.000000 1.000000
1.000000 -0.000000 0.000000 -0.122601 0.000000 1.000000 0.000000 -0.000006 -0.000000 -0.000000 1.000000 0.000005 0.000000 0.000000 0.000000 1.000000
1.000000 -0.000000 0.000000 -0.122601 0.000000 1.000000 0.000000 -0.000006 -0.000000 -0.000000 1.000000 0.000005 0.000000 0.000000 0.000000 1.000000
1.000000 -0.000000 0.000000 -0.122601 0.000000 1.000000 0.000000 -0.000006 -0.000000 -0.000000 1.000000 0.000005 0.000000 0.000000 0.000000 1.000000</float_array><technique_common><accessor source="#jnt_left_handthumb4-Matrix-animation-output-transform-array" count="25" stride="16"><param type="float4x4"/></accessor></technique_common></source><source id="jnt_left_handthumb4-Interpolations"><Name_array id="jnt_left_handthumb4-Interpolations-array" count="25">
 LINEAR LINEAR LINEAR LINEAR LINEAR LINEAR LINEAR LINEAR LINEAR LINEAR LINEAR
LINEAR LINEAR LINEAR LINEAR LINEAR LINEAR LINEAR LINEAR LINEAR LINEAR LINEAR LINEAR
LINEAR LINEAR</Name_array><technique_common><accessor source="#jnt_left_handthumb4-Interpolations-array" count="25"><param type="name"/></accessor></technique_common></source><sampler id="jnt_left_handthumb4-Matrix-animation-transform"><input semantic="INPUT" source="#jnt_left_handthumb4-Matrix-animation-input"/><input semantic="OUTPUT" source="#jnt_left_handthumb4-Matrix-animation-output-transform"/><input semantic="INTERPOLATION" source="#jnt_left_handthumb4-Interpolations"/></sampler><channel source="#jnt_left_handthumb4-Matrix-animation-transform" target="jnt_left_handthumb4/matrix"/></animation></animation>
    <animation id="jnt_left_handindex1-anim" name="jnt_left_handindex1"><animation><source id="jnt_left_handindex1-Matrix-animation-input"><float_array id="jnt_left_handindex1-Matrix-animation-input-array" count="25">

0.000000 0.033333 0.066667 0.100000 0.133333 0.166667 0.200000 0.233333 0.266667 0.300000 0.333333 0.366667 0.400000 0.433333 0.466667 0.500000
0.533333 0.566667 0.600000 0.633333 0.666667 0.700000 0.733333 0.766667 0.800000</float_array><technique_common><accessor source="#jnt_left_handindex1-Matrix-animation-input-array" count="25"><param name="TIME" type="float"/></accessor></technique_common></source><source id="jnt_left_handindex1-Matrix-animation-output-transform"><float_array id="jnt_left_handindex1-Matrix-animation-output-transform-array" count="400">

0.733507 0.676756 0.062996 -0.494375 0.045462 0.043627 -0.998013 -0.203977 -0.678159 0.734914 0.001234 -0.029847 0.000000 0.000000 0.000000 1.000000
0.741203 0.668328 0.062891 -0.494374 0.045412 0.043551 -0.998018 -0.203977 -0.669742 0.742591 0.001930 -0.029847 0.000000 0.000000 0.000000 1.000000
0.760852 0.645905 0.062540 -0.494374 0.045256 0.043326 -0.998035 -0.203978 -0.647345 0.762187 0.003733 -0.029847 0.000000 0.000000 0.000000 1.000000
0.787117 0.613693 0.061874 -0.494375 0.044971 0.042948 -0.998065 -0.203977 -0.615162 0.788376 0.006207 -0.029847 0.000000 0.000000 0.000000 1.000000
0.814958 0.576312 0.060885 -0.494375 0.044558 0.042437 -0.998105 -0.203976 -0.577804 0.816127 0.008904 -0.029847 0.000000 0.000000 0.000000 1.000000
0.840119 0.539107 0.059699 -0.494375 0.044070 0.041856 -0.998151 -0.203977 -0.540610 0.841196 0.011406 -0.029847 0.000000 0.000000 0.000000 1.000000
0.859322 0.508069 0.058573 -0.494375 0.043607 0.041323 -0.998194 -0.203977 -0.509572 0.860324 0.013355 -0.029847 0.000000 0.000000 0.000000 1.000000
0.870064 0.489533 0.057847 -0.494374 0.043308 0.040984 -0.998221 -0.203976 -0.491033 0.871021 0.014458 -0.029847 0.000000 0.000000 0.000000 1.000000
0.871354 0.487187 0.058240 -0.494376 0.043827 0.040940 -0.998200 -0.203977 -0.488695 0.872337 0.014321 -0.029846 0.000000 0.000000 0.000000 1.000000
0.868714 0.491378 0.062316 -0.494374 0.048387 0.041019 -0.997986 -0.203976 -0.492945 0.869980 0.011857 -0.029848 0.000000 0.000000 0.000000 1.000000
0.860154 0.505123 0.070608 -0.494374 0.057645 0.041270 -0.997484 -0.203976 -0.506766 0.862060 0.006381 -0.029848 0.000000 0.000000 0.000000 1.000000
0.841583 0.533726 0.082913 -0.494374 0.071692 0.041767 -0.996552 -0.203977 -0.535348 0.844626 -0.003114 -0.029847 0.000000 0.000000 0.000000 1.000000
0.807413 0.581750 0.098242 -0.494375 0.090433 0.042516 -0.994995 -0.203977 -0.583015 0.812256 -0.018282 -0.029847 0.000000 0.000000 0.000000 1.000000
0.750422 0.651063 0.113941 -0.494374 0.113081 0.043380 -0.992638 -0.203977 -0.651213 0.757782 -0.041070 -0.029848 0.000000 0.000000 0.000000 1.000000
0.683306 0.719556 0.123825 -0.494374 0.133161 0.043932 -0.990120 -0.203977 -0.717887 0.693043 -0.065798 -0.029847 0.000000 0.000000 0.000000 1.000000
0.649736 0.749596 0.126291 -0.494375 0.141400 0.044057 -0.988972 -0.203977 -0.746893 0.660428 -0.077368 -0.029848 0.000000 0.000000 0.000000 1.000000
0.649735 0.749596 0.126291 -0.494375 0.141400 0.044057 -0.988972 -0.203977 -0.746893 0.660428 -0.077368 -0.029847 0.000000 0.000000 0.000000 1.000000
0.649735 0.749596 0.126290 -0.494375 0.141400 0.044057 -0.988972 -0.203977 -0.746894 0.660427 -0.077368 -0.029847 0.000000 0.000000 0.000000 1.000000
0.649736 0.749596 0.126290 -0.494374 0.141400 0.044057 -0.988972 -0.203977 -0.746893 0.660428 -0.077368 -0.029846 0.000000 0.000000 0.000000 1.000000
0.649735 0.749596 0.126290 -0.494374 0.141400 0.044056 -0.988971 -0.203976 -0.746893 0.660427 -0.077368 -0.029847 0.000000 0.000000 0.000000 1.000000
0.649736 0.749596 0.126290 -0.494374 0.141400 0.044057 -0.988972 -0.203976 -0.746893 0.660428 -0.077368 -0.029847 0.000000 0.000000 0.000000 1.000000
0.649735 0.749596 0.126290 -0.494375 0.141400 0.044057 -0.988972 -0.203976 -0.746893 0.660427 -0.077368 -0.029847 0.000000 0.000000 0.000000 1.000000
0.649735 0.749596 0.126290 -0.494374 0.141400 0.044057 -0.988972 -0.203977 -0.746893 0.660428 -0.077368 -0.029847 0.000000 0.000000 0.000000 1.000000
0.649735 0.749596 0.126290 -0.494375 0.141400 0.044057 -0.988971 -0.203977 -0.746893 0.660427 -0.077368 -0.029847 0.000000 0.000000 0.000000 1.000000
0.649736 0.749597 0.126290 -0.494375 0.141401 0.044057 -0.988972 -0.203977 -0.746893 0.660428 -0.077368 -0.029848 0.000000 0.000000 0.000000 1.000000</float_array><technique_common><accessor source="#jnt_left_handindex1-Matrix-animation-output-transform-array" count="25" stride="16"><param type="float4x4"/></accessor></technique_common></source><source id="jnt_left_handindex1-Interpolations"><Name_array id="jnt_left_handindex1-Interpolations-array" count="25">
 LINEAR LINEAR LINEAR LINEAR LINEAR LINEAR LINEAR LINEAR LINEAR LINEAR LINEAR
LINEAR LINEAR LINEAR LINEAR LINEAR LINEAR LINEAR LINEAR LINEAR LINEAR LINEAR LINEAR
LINEAR LINEAR</Name_array><technique_common><accessor source="#jnt_left_handindex1-Interpolations-array" count="25"><param type="name"/></accessor></technique_common></source><sampler id="jnt_left_handindex1-Matrix-animation-transform"><input semantic="INPUT" source="#jnt_left_handindex1-Matrix-animation-input"/><input semantic="OUTPUT" source="#jnt_left_handindex1-Matrix-animation-output-transform"/><input semantic="INTERPOLATION" source="#jnt_left_handindex1-Interpolations"/></sampler><channel source="#jnt_left_handindex1-Matrix-animation-transform" target="jnt_left_handindex1/matrix"/></animation></animation>
    <animation id="jnt_left_handindex2-anim" name="jnt_left_handindex2"><animation><source id="jnt_left_handindex2-Matrix-animation-input"><float_array id="jnt_left_handindex2-Matrix-animation-input-array" count="25">

0.000000 0.033333 0.066667 0.100000 0.133333 0.166667 0.200000 0.233333 0.266667 0.300000 0.333333 0.366667 0.400000 0.433333 0.466667 0.500000
0.533333 0.566667 0.600000 0.633333 0.666667 0.700000 0.733333 0.766667 0.800000</float_array><technique_common><accessor source="#jnt_left_handindex2-Matrix-animation-input-array" count="25"><param name="TIME" type="float"/></accessor></technique_common></source><source id="jnt_left_handindex2-Matrix-animation-output-transform"><float_array id="jnt_left_handindex2-Matrix-animation-output-transform-array" count="400">

0.949193 0.314694 -0.000000 -0.145432 -0.314694 0.949193 -0.000000 0.001125 0.000000 0.000001 1.000000 0.000040 0.000000 0.000000 0.000000 1.000000
0.952719 0.303852 -0.000000 -0.145432 -0.303852 0.952719 -0.000000 0.001125 0.000000 0.000001 1.000000 0.000039 0.000000 0.000000 0.000000 1.000000
0.961345 0.275348 -0.000000 -0.145432 -0.275348 0.961344 -0.000000 0.001125 0.000000 0.000001 1.000000 0.000041 0.000000 0.000000 0.000000 1.000000
0.971945 0.235208 -0.000000 -0.145432 -0.235208 0.971945 -0.000000 0.001125 0.000000 0.000000 1.000000 0.000040 0.000000 0.000000 0.000000 1.000000
0.981840 0.189713 -0.000000 -0.145432 -0.189713 0.981839 -0.000000 0.001125 0.000000 0.000001 1.000000 0.000040 0.000000 0.000000 0.000000 1.000000
0.989361 0.145482 -0.000000 -0.145432 -0.145482 0.989361 -0.000000 0.001126 0.000000 0.000001 1.000000 0.000040 0.000000 0.000000 0.000000 1.000000
0.994007 0.109316 -0.000000 -0.145433 -0.109316 0.994007 -0.000000 0.001124 0.000000 0.000001 1.000000 0.000040 0.000000 0.000000 0.000000 1.000000
0.996119 0.088017 -0.000000 -0.145432 -0.088017 0.996119 -0.000000 0.001125 0.000000 0.000001 1.000000 0.000041 0.000000 0.000000 0.000000 1.000000
0.996352 0.085336 -0.000000 -0.145432 -0.085336 0.996352 -0.000000 0.001125 0.000000 0.000001 1.000000 0.000040 0.000000 0.000000 0.000000 1.000000
0.995930 0.090127 -0.000000 -0.145432 -0.090127 0.995930 -0.000001 0.001125 0.000000 0.000001 1.000000 0.000039 0.000000 0.000000 0.000000 1.000000
0.994375 0.105915 -0.000000 -0.145432 -0.105915 0.994375 -0.000000 0.001125 0.000000 0.000000 1.000000 0.000041 0.000000 0.000000 0.000000 1.000000
0.990269 0.139165 -0.000000 -0.145432 -0.139165 0.990269 -0.000000 0.001124 0.000000 0.000001 1.000000 0.000040 0.000000 0.000000 0.000000 1.000000
0.980551 0.196264 -0.000000 -0.145432 -0.196264 0.980551 -0.000000 0.001124 0.000000 0.000001 1.000000 0.000040 0.000000 0.000000 0.000000 1.000000
0.959455 0.281863 -0.000000 -0.145432 -0.281863 0.959455 -0.000000 0.001125 0.000000 0.000001 1.000000 0.000040 0.000000 0.000000 0.000000 1.000000
0.928658 0.370938 -0.000000 -0.145432 -0.370938 0.928658 -0.000000 0.001125 0.000000 0.000001 1.000000 0.000040 0.000000 0.000000 0.000000 1.000000
0.911301 0.411741 -0.000000 -0.145432 -0.411742 0.911301 -0.000000 0.001126 0.000000 0.000001 1.000000 0.000040 0.000000 0.000000 0.000000 1.000000
0.911301 0.411741 -0.000000 -0.145432 -0.411741 0.911301 -0.000000 0.001125 0.000000 0.000001 1.000000 0.000040 0.000000 0.000000 0.000000 1.000000
0.911301 0.411742 -0.000000 -0.145432 -0.411742 0.911301 -0.000000 0.001124 0.000000 0.000001 1.000000 0.000040 0.000000 0.000000 0.000000 1.000000
0.911301 0.411741 -0.000000 -0.145432 -0.411741 0.911300 -0.000001 0.001125 0.000000 0.000001 1.000000 0.000040 0.000000 0.000000 0.000000 1.000000
0.911300 0.411741 -0.000000 -0.145432 -0.411741 0.911301 -0.000000 0.001124 0.000000 0.000001 1.000000 0.000040 0.000000 0.000000 0.000000 1.000000
0.911301 0.411742 -0.000000 -0.145432 -0.411741 0.911301 -0.000000 0.001125 0.000000 0.000001 1.000000 0.000040 0.000000 0.000000 0.000000 1.000000
0.911301 0.411741 -0.000000 -0.145432 -0.411741 0.911301 -0.000000 0.001125 0.000000 0.000001 1.000000 0.000040 0.000000 0.000000 0.000000 1.000000
0.911301 0.411741 -0.000000 -0.145432 -0.411741 0.911301 -0.000000 0.001125 0.000000 0.000001 1.000000 0.000040 0.000000 0.000000 0.000000 1.000000
0.911301 0.411741 -0.000000 -0.145432 -0.411741 0.911301 -0.000000 0.001125 0.000000 0.000001 1.000000 0.000040 0.000000 0.000000 0.000000 1.000000
0.911301 0.411742 -0.000000 -0.145432 -0.411742 0.911301 -0.000000 0.001125 0.000000 0.000001 1.000000 0.000040 0.000000 0.000000 0.000000 1.000000</float_array><technique_common><accessor source="#jnt_left_handindex2-Matrix-animation-output-transform-array" count="25" stride="16"><param type="float4x4"/></accessor></technique_common></source><source id="jnt_left_handindex2-Interpolations"><Name_array id="jnt_left_handindex2-Interpolations-array" count="25">
 LINEAR LINEAR LINEAR LINEAR LINEAR LINEAR LINEAR LINEAR LINEAR LINEAR LINEAR
LINEAR LINEAR LINEAR LINEAR LINEAR LINEAR LINEAR LINEAR LINEAR LINEAR LINEAR LINEAR
LINEAR LINEAR</Name_array><technique_common><accessor source="#jnt_left_handindex2-Interpolations-array" count="25"><param type="name"/></accessor></technique_common></source><sampler id="jnt_left_handindex2-Matrix-animation-transform"><input semantic="INPUT" source="#jnt_left_handindex2-Matrix-animation-input"/><input semantic="OUTPUT" source="#jnt_left_handindex2-Matrix-animation-output-transform"/><input semantic="INTERPOLATION" source="#jnt_left_handindex2-Interpolations"/></sampler><channel source="#jnt_left_handindex2-Matrix-animation-transform" target="jnt_left_handindex2/matrix"/></animation></animation>
    <animation id="jnt_left_handindex3-anim" name="jnt_left_handindex3"><animation><source id="jnt_left_handindex3-Matrix-animation-input"><float_array id="jnt_left_handindex3-Matrix-animation-input-array" count="25">

0.000000 0.033333 0.066667 0.100000 0.133333 0.166667 0.200000 0.233333 0.266667 0.300000 0.333333 0.366667 0.400000 0.433333 0.466667 0.500000
0.533333 0.566667 0.600000 0.633333 0.666667 0.700000 0.733333 0.766667 0.800000</float_array><technique_common><accessor source="#jnt_left_handindex3-Matrix-animation-input-array" count="25"><param name="TIME" type="float"/></accessor></technique_common></source><source id="jnt_left_handindex3-Matrix-animation-output-transform"><float_array id="jnt_left_handindex3-Matrix-animation-output-transform-array" count="400">

0.988935 0.148348 -0.000000 -0.093752 -0.148348 0.988935 0.000001 0.000003 0.000000 -0.000001 1.000000 -0.000000 0.000000 0.000000 0.000000 1.000000
0.990562 0.137065 -0.000000 -0.093752 -0.137064 0.990562 0.000001 0.000003 0.000000 -0.000001 1.000000 0.000001 0.000000 0.000000 0.000000 1.000000
0.994204 0.107508 -0.000000 -0.093752 -0.107508 0.994204 0.000001 0.000003 0.000000 -0.000001 1.000000 0.000001 0.000000 0.000000 0.000000 1.000000
0.997810 0.066148 -0.000000 -0.093752 -0.066148 0.997810 0.000001 0.000003 0.000000 -0.000001 1.000000 0.000000 0.000000 0.000000 0.000000 1.000000
0.999807 0.019633 -0.000000 -0.093752 -0.019633 0.999807 0.000001 0.000003 0.000000 -0.000001 1.000000 0.000000 0.000000 0.000000 0.000000 1.000000
0.999682 -0.025233 -0.000000 -0.093752 0.025234 0.999681 0.000001 0.000003 0.000000 -0.000001 1.000000 0.000001 0.000000 0.000000 0.000000 1.000000
0.998097 -0.061662 -0.000000 -0.093752 0.061662 0.998097 0.000001 0.000003 0.000000 -0.000001 1.000000 -0.000001 0.000000 0.000000 0.000000 1.000000
0.996549 -0.083010 -0.000000 -0.093753 0.083010 0.996549 0.000001 0.000002 0.000000 -0.000001 1.000000 -0.000001 0.000000 0.000000 0.000000 1.000000
0.996322 -0.085690 -0.000000 -0.093752 0.085690 0.996322 0.000001 0.000003 0.000000 -0.000001 1.000000 0.000000 0.000000 0.000000 0.000000 1.000000
0.996723 -0.080898 -0.000000 -0.093752 0.080898 0.996722 0.000001 0.000003 -0.000000 -0.000001 1.000000 -0.000001 0.000000 0.000000 0.000000 1.000000
0.997880 -0.065075 -0.000000 -0.093752 0.065075 0.997880 0.000001 0.000003 0.000000 -0.000001 1.000000 0.000001 0.000000 0.000000 0.000000 1.000000
0.999500 -0.031613 -0.000000 -0.093752 0.031613 0.999500 0.000001 0.000003 0.000000 -0.000001 1.000000 -0.000001 0.000000 0.000000 0.000000 1.000000
0.999654 0.026307 -0.000000 -0.093753 -0.026307 0.999654 0.000001 0.000003 0.000000 -0.000001 1.000000 0.000000 0.000000 0.000000 0.000000 1.000000
0.993452 0.114250 -0.000000 -0.093752 -0.114250 0.993452 0.000001 0.000003 0.000000 -0.000001 1.000000 0.000001 0.000000 0.000000 0.000000 1.000000
0.978284 0.207269 -0.000000 -0.093752 -0.207269 0.978284 0.000001 0.000003 0.000000 -0.000001 1.000000 -0.000000 0.000000 0.000000 0.000000 1.000000
0.968134 0.250434 -0.000000 -0.093752 -0.250434 0.968134 0.000001 0.000003 0.000000 -0.000001 1.000000 0.000000 0.000000 0.000000 0.000000 1.000000
0.968134 0.250434 -0.000000 -0.093752 -0.250434 0.968134 0.000001 0.000003 0.000000 -0.000001 1.000000 0.000001 0.000000 0.000000 0.000000 1.000000
0.968134 0.250434 -0.000000 -0.093752 -0.250434 0.968134 0.000001 0.000002 0.000000 -0.000001 1.000000 0.000000 0.000000 0.000000 0.000000 1.000000
0.968134 0.250434 -0.000000 -0.093752 -0.250434 0.968134 0.000001 0.000003 0.000000 -0.000001 1.000000 0.000000 0.000000 0.000000 0.000000 1.000000
0.968134 0.250434 -0.000000 -0.093752 -0.250434 0.968134 0.000001 0.000003 0.000000 -0.000001 1.000000 0.000000 0.000000 0.000000 0.000000 1.000000
0.968134 0.250434 -0.000000 -0.093752 -0.250434 0.968134 0.000001 0.000002 0.000000 -0.000001 1.000000 0.000000 0.000000 0.000000 0.000000 1.000000
0.968134 0.250434 -0.000000 -0.093752 -0.250434 0.968134 0.000001 0.000003 0.000000 -0.000001 1.000000 0.000000 0.000000 0.000000 0.000000 1.000000
0.968134 0.250434 -0.000000 -0.093752 -0.250434 0.968134 0.000001 0.000003 0.000000 -0.000001 1.000000 -0.000000 0.000000 0.000000 0.000000 1.000000
0.968134 0.250434 -0.000000 -0.093752 -0.250434 0.968134 0.000001 0.000003 0.000000 -0.000001 1.000000 -0.000000 0.000000 0.000000 0.000000 1.000000
0.968134 0.250434 -0.000000 -0.093752 -0.250434 0.968134 0.000001 0.000003 0.000000 -0.000001 1.000000 0.000000 0.000000 0.000000 0.000000 1.000000</float_array><technique_common><accessor source="#jnt_left_handindex3-Matrix-animation-output-transform-array" count="25" stride="16"><param type="float4x4"/></accessor></technique_common></source><source id="jnt_left_handindex3-Interpolations"><Name_array id="jnt_left_handindex3-Interpolations-array" count="25">
 LINEAR LINEAR LINEAR LINEAR LINEAR LINEAR LINEAR LINEAR LINEAR LINEAR LINEAR
LINEAR LINEAR LINEAR LINEAR LINEAR LINEAR LINEAR LINEAR LINEAR LINEAR LINEAR LINEAR
LINEAR LINEAR</Name_array><technique_common><accessor source="#jnt_left_handindex3-Interpolations-array" count="25"><param type="name"/></accessor></technique_common></source><sampler id="jnt_left_handindex3-Matrix-animation-transform"><input semantic="INPUT" source="#jnt_left_handindex3-Matrix-animation-input"/><input semantic="OUTPUT" source="#jnt_left_handindex3-Matrix-animation-output-transform"/><input semantic="INTERPOLATION" source="#jnt_left_handindex3-Interpolations"/></sampler><channel source="#jnt_left_handindex3-Matrix-animation-transform" target="jnt_left_handindex3/matrix"/></animation></animation>
    <animation id="jnt_left_handindex4-anim" name="jnt_left_handindex4"><animation><source id="jnt_left_handindex4-Matrix-animation-input"><float_array id="jnt_left_handindex4-Matrix-animation-input-array" count="25">

0.000000 0.033333 0.066667 0.100000 0.133333 0.166667 0.200000 0.233333 0.266667 0.300000 0.333333 0.366667 0.400000 0.433333 0.466667 0.500000
0.533333 0.566667 0.600000 0.633333 0.666667 0.700000 0.733333 0.766667 0.800000</float_array><technique_common><accessor source="#jnt_left_handindex4-Matrix-animation-input-array" count="25"><param name="TIME" type="float"/></accessor></technique_common></source><source id="jnt_left_handindex4-Matrix-animation-output-transform"><float_array id="jnt_left_handindex4-Matrix-animation-output-transform-array" count="400">

1.000000 0.000000 -0.000000 -0.107084 -0.000000 1.000000 -0.000000 0.000049 0.000000 0.000000 1.000000 -0.001504 0.000000 0.000000 0.000000 1.000000
1.000000 0.000000 0.000000 -0.107084 -0.000000 1.000000 0.000000 0.000048 -0.000000 -0.000000 1.000000 -0.001504 0.000000 0.000000 0.000000 1.000000
1.000000 0.000000 -0.000000 -0.107084 -0.000000 1.000000 0.000000 0.000049 0.000000 -0.000000 1.000000 -0.001504 0.000000 0.000000 0.000000 1.000000
1.000000 0.000000 -0.000000 -0.107084 -0.000000 1.000000 -0.000000 0.000048 0.000000 0.000000 1.000000 -0.001504 0.000000 0.000000 0.000000 1.000000
1.000000 -0.000000 -0.000000 -0.107084 0.000000 1.000000 -0.000000 0.000049 0.000000 0.000000 1.000000 -0.001504 0.000000 0.000000 0.000000 1.000000
1.000000 -0.000000 0.000000 -0.107084 0.000000 1.000000 0.000000 0.000049 -0.000000 -0.000000 1.000000 -0.001504 0.000000 0.000000 0.000000 1.000000
1.000000 -0.000000 -0.000000 -0.107084 0.000000 1.000000 0.000000 0.000048 0.000000 -0.000000 1.000000 -0.001504 0.000000 0.000000 0.000000 1.000000
1.000000 -0.000000 0.000000 -0.107084 0.000000 1.000000 0.000000 0.000048 -0.000000 -0.000000 1.000000 -0.001504 0.000000 0.000000 0.000000 1.000000
1.000000 0.000000 -0.000000 -0.107084 -0.000000 1.000000 -0.000000 0.000048 0.000000 0.000000 1.000000 -0.001504 0.000000 0.000000 0.000000 1.000000
1.000000 -0.000000 0.000000 -0.107084 0.000000 1.000000 -0.000000 0.000049 -0.000000 0.000000 1.000000 -0.001504 0.000000 0.000000 0.000000 1.000000
1.000000 0.000000 -0.000000 -0.107084 -0.000000 1.000000 -0.000000 0.000049 0.000000 0.000000 1.000000 -0.001504 0.000000 0.000000 0.000000 1.000000
1.000000 -0.000000 0.000000 -0.107085 0.000000 1.000000 -0.000000 0.000048 -0.000000 0.000000 1.000000 -0.001504 0.000000 0.000000 0.000000 1.000000
1.000000 0.000000 0.000000 -0.107084 -0.000000 1.000000 0.000000 0.000049 -0.000000 -0.000000 1.000000 -0.001504 0.000000 0.000000 0.000000 1.000000
1.000000 0.000000 0.000000 -0.107084 -0.000000 1.000000 0.000000 0.000049 -0.000000 -0.000000 1.000000 -0.001503 0.000000 0.000000 0.000000 1.000000
1.000000 0.000000 -0.000000 -0.107084 -0.000000 1.000000 -0.000000 0.000049 0.000000 0.000000 1.000000 -0.001504 0.000000 0.000000 0.000000 1.000000
1.000000 0.000000 0.000000 -0.107084 -0.000000 1.000000 0.000000 0.000049 -0.000000 -0.000000 1.000000 -0.001504 0.000000 0.000000 0.000000 1.000000
1.000000 0.000000 0.000000 -0.107084 -0.000000 1.000000 0.000000 0.000049 -0.000000 -0.000000 1.000000 -0.001504 0.000000 0.000000 0.000000 1.000000
1.000000 0.000000 0.000000 -0.107084 -0.000000 1.000000 0.000000 0.000049 -0.000000 -0.000000 1.000000 -0.001504 0.000000 0.000000 0.000000 1.000000
1.000000 0.000000 0.000000 -0.107084 -0.000000 1.000000 -0.000000 0.000049 -0.000000 0.000000 1.000000 -0.001504 0.000000 0.000000 0.000000 1.000000
1.000000 0.000000 0.000000 -0.107084 -0.000000 1.000000 -0.000000 0.000048 -0.000000 0.000000 1.000000 -0.001504 0.000000 0.000000 0.000000 1.000000
1.000000 0.000000 0.000000 -0.107084 -0.000000 1.000000 -0.000000 0.000048 -0.000000 0.000000 1.000000 -0.001504 0.000000 0.000000 0.000000 1.000000
1.000000 -0.000000 0.000000 -0.107084 0.000000 1.000000 0.000000 0.000049 -0.000000 -0.000000 1.000000 -0.001504 0.000000 0.000000 0.000000 1.000000
1.000000 -0.000000 0.000000 -0.107084 0.000000 1.000000 -0.000000 0.000049 -0.000000 0.000000 1.000000 -0.001504 0.000000 0.000000 0.000000 1.000000
1.000000 0.000000 -0.000000 -0.107084 -0.000000 1.000000 0.000000 0.000049 0.000000 -0.000000 1.000000 -0.001504 0.000000 0.000000 0.000000 1.000000
1.000000 0.000000 -0.000000 -0.107084 -0.000000 1.000000 0.000000 0.000048 0.000000 -0.000000 1.000000 -0.001504 0.000000 0.000000 0.000000 1.000000</float_array><technique_common><accessor source="#jnt_left_handindex4-Matrix-animation-output-transform-array" count="25" stride="16"><param type="float4x4"/></accessor></technique_common></source><source id="jnt_left_handindex4-Interpolations"><Name_array id="jnt_left_handindex4-Interpolations-array" count="25">
 LINEAR LINEAR LINEAR LINEAR LINEAR LINEAR LINEAR LINEAR LINEAR LINEAR LINEAR
LINEAR LINEAR LINEAR LINEAR LINEAR LINEAR LINEAR LINEAR LINEAR LINEAR LINEAR LINEAR
LINEAR LINEAR</Name_array><technique_common><accessor source="#jnt_left_handindex4-Interpolations-array" count="25"><param type="name"/></accessor></technique_common></source><sampler id="jnt_left_handindex4-Matrix-animation-transform"><input semantic="INPUT" source="#jnt_left_handindex4-Matrix-animation-input"/><input semantic="OUTPUT" source="#jnt_left_handindex4-Matrix-animation-output-transform"/><input semantic="INTERPOLATION" source="#jnt_left_handindex4-Interpolations"/></sampler><channel source="#jnt_left_handindex4-Matrix-animation-transform" target="jnt_left_handindex4/matrix"/></animation></animation>
    <animation id="jnt_left_weapon-anim" name="jnt_left_weapon"><animation><source id="jnt_left_weapon-Matrix-animation-input"><float_array id="jnt_left_weapon-Matrix-animation-input-array" count="25">

0.000000 0.033333 0.066667 0.100000 0.133333 0.166667 0.200000 0.233333 0.266667 0.300000 0.333333 0.366667 0.400000 0.433333 0.466667 0.500000
0.533333 0.566667 0.600000 0.633333 0.666667 0.700000 0.733333 0.766667 0.800000</float_array><technique_common><accessor source="#jnt_left_weapon-Matrix-animation-input-array" count="25"><param name="TIME" type="float"/></accessor></technique_common></source><source id="jnt_left_weapon-Matrix-animation-output-transform"><float_array id="jnt_left_weapon-Matrix-animation-output-transform-array" count="400">

-0.068652 -0.108939 -0.991679 -0.369354 0.108715 -0.988918 0.101111 -0.054074 -0.991705 -0.100868 0.079734 0.296616 0.000000 0.000000 0.000000 1.000000
-0.068652 -0.108939 -0.991679 -0.369354 0.108715 -0.988918 0.101111 -0.054074 -0.991705 -0.100868 0.079734 0.296616 0.000000 0.000000 0.000000 1.000000
-0.068652 -0.108938 -0.991680 -0.369354 0.108715 -0.988918 0.101110 -0.054074 -0.991705 -0.100868 0.079734 0.296616 0.000000 0.000000 0.000000 1.000000
-0.068652 -0.108938 -0.991680 -0.369354 0.108715 -0.988918 0.101110 -0.054074 -0.991705 -0.100868 0.079734 0.296616 0.000000 0.000000 0.000000 1.000000
-0.068652 -0.108938 -0.991680 -0.369354 0.108715 -0.988918 0.101110 -0.054074 -0.991705 -0.100868 0.079734 0.296616 0.000000 0.000000 0.000000 1.000000
-0.068652 -0.108939 -0.991679 -0.369354 0.108715 -0.988918 0.101111 -0.054074 -0.991705 -0.100868 0.079734 0.296616 0.000000 0.000000 0.000000 1.000000
-0.068652 -0.108939 -0.991679 -0.369354 0.108715 -0.988918 0.101111 -0.054074 -0.991705 -0.100868 0.079734 0.296616 0.000000 0.000000 0.000000 1.000000
-0.068652 -0.108939 -0.991679 -0.369354 0.108715 -0.988918 0.101111 -0.054074 -0.991705 -0.100868 0.079734 0.296616 0.000000 0.000000 0.000000 1.000000
-0.068652 -0.108939 -0.991679 -0.369354 0.108715 -0.988918 0.101111 -0.054074 -0.991705 -0.100868 0.079734 0.296616 0.000000 0.000000 0.000000 1.000000
-0.068652 -0.108938 -0.991680 -0.369354 0.108715 -0.988918 0.101110 -0.054074 -0.991705 -0.100868 0.079734 0.296616 0.000000 0.000000 0.000000 1.000000
-0.068652 -0.108938 -0.991680 -0.369354 0.108715 -0.988918 0.101110 -0.054074 -0.991705 -0.100868 0.079734 0.296616 0.000000 0.000000 0.000000 1.000000
-0.068652 -0.108938 -0.991680 -0.369354 0.108715 -0.988918 0.101110 -0.054074 -0.991705 -0.100868 0.079734 0.296616 0.000000 0.000000 0.000000 1.000000
-0.068652 -0.108938 -0.991680 -0.369354 0.108715 -0.988918 0.101110 -0.054074 -0.991705 -0.100868 0.079734 0.296616 0.000000 0.000000 0.000000 1.000000
-0.068652 -0.108939 -0.991679 -0.369354 0.108715 -0.988918 0.101111 -0.054074 -0.991705 -0.100868 0.079734 0.296616 0.000000 0.000000 0.000000 1.000000
-0.068652 -0.108938 -0.991680 -0.369354 0.108715 -0.988918 0.101110 -0.054074 -0.991705 -0.100868 0.079734 0.296616 0.000000 0.000000 0.000000 1.000000
-0.068652 -0.108939 -0.991679 -0.369354 0.108715 -0.988918 0.101111 -0.054074 -0.991705 -0.100868 0.079734 0.296616 0.000000 0.000000 0.000000 1.000000
-0.068652 -0.108939 -0.991679 -0.369354 0.108715 -0.988918 0.101111 -0.054074 -0.991705 -0.100868 0.079735 0.296616 0.000000 0.000000 0.000000 1.000000
-0.068652 -0.108939 -0.991679 -0.369354 0.108715 -0.988918 0.101111 -0.054074 -0.991705 -0.100868 0.079734 0.296616 0.000000 0.000000 0.000000 1.000000
-0.068652 -0.108939 -0.991679 -0.369354 0.108715 -0.988918 0.101111 -0.054074 -0.991705 -0.100868 0.079734 0.296616 0.000000 0.000000 0.000000 1.000000
-0.068652 -0.108938 -0.991680 -0.369354 0.108715 -0.988918 0.101110 -0.054074 -0.991705 -0.100868 0.079734 0.296616 0.000000 0.000000 0.000000 1.000000
-0.068652 -0.108939 -0.991679 -0.369354 0.108715 -0.988918 0.101111 -0.054074 -0.991705 -0.100868 0.079734 0.296616 0.000000 0.000000 0.000000 1.000000
-0.068652 -0.108939 -0.991679 -0.369354 0.108715 -0.988918 0.101111 -0.054074 -0.991705 -0.100868 0.079734 0.296616 0.000000 0.000000 0.000000 1.000000
-0.068652 -0.108939 -0.991679 -0.369354 0.108715 -0.988918 0.101111 -0.054074 -0.991705 -0.100868 0.079734 0.296616 0.000000 0.000000 0.000000 1.000000
-0.068652 -0.108939 -0.991679 -0.369354 0.108715 -0.988917 0.101111 -0.054074 -0.991705 -0.100868 0.079734 0.296616 0.000000 0.000000 0.000000 1.000000
-0.068652 -0.108939 -0.991679 -0.369354 0.108715 -0.988918 0.101111 -0.054074 -0.991705 -0.100868 0.079734 0.296616 0.000000 0.000000 0.000000 1.000000</float_array><technique_common><accessor source="#jnt_left_weapon-Matrix-animation-output-transform-array" count="25" stride="16"><param type="float4x4"/></accessor></technique_common></source><source id="jnt_left_weapon-Interpolations"><Name_array id="jnt_left_weapon-Interpolations-array" count="25">
 LINEAR LINEAR LINEAR LINEAR LINEAR LINEAR LINEAR LINEAR LINEAR LINEAR LINEAR
LINEAR LINEAR LINEAR LINEAR LINEAR LINEAR LINEAR LINEAR LINEAR LINEAR LINEAR LINEAR
LINEAR LINEAR</Name_array><technique_common><accessor source="#jnt_left_weapon-Interpolations-array" count="25"><param type="name"/></accessor></technique_common></source><sampler id="jnt_left_weapon-Matrix-animation-transform"><input semantic="INPUT" source="#jnt_left_weapon-Matrix-animation-input"/><input semantic="OUTPUT" source="#jnt_left_weapon-Matrix-animation-output-transform"/><input semantic="INTERPOLATION" source="#jnt_left_weapon-Interpolations"/></sampler><channel source="#jnt_left_weapon-Matrix-animation-transform" target="jnt_left_weapon/matrix"/></animation></animation>
    <animation id="jnt_left_handmiddle1-anim" name="jnt_left_handmiddle1"><animation><source id="jnt_left_handmiddle1-Matrix-animation-input"><float_array id="jnt_left_handmiddle1-Matrix-animation-input-array" count="25">

0.000000 0.033333 0.066667 0.100000 0.133333 0.166667 0.200000 0.233333 0.266667 0.300000 0.333333 0.366667 0.400000 0.433333 0.466667 0.500000
0.533333 0.566667 0.600000 0.633333 0.666667 0.700000 0.733333 0.766667 0.800000</float_array><technique_common><accessor source="#jnt_left_handmiddle1-Matrix-animation-input-array" count="25"><param name="TIME" type="float"/></accessor></technique_common></source><source id="jnt_left_handmiddle1-Matrix-animation-output-transform"><float_array id="jnt_left_handmiddle1-Matrix-animation-output-transform-array" count="400">

0.674457 0.738239 0.010551 -0.489248 0.070583 -0.050246 -0.996240 -0.062065 -0.734933 0.672666 -0.085995 -0.036308 0.000000 0.000000 0.000000 1.000000
0.682819 0.730505 0.010962 -0.489248 0.069183 -0.049715 -0.996365 -0.062066 -0.727304 0.681095 -0.084484 -0.036308 0.000000 0.000000 0.000000 1.000000
0.704244 0.709859 0.011871 -0.489248 0.065483 -0.048297 -0.996684 -0.062065 -0.706932 0.702686 -0.080497 -0.036308 0.000000 0.000000 0.000000 1.000000
0.733068 0.680036 0.012736 -0.489248 0.060229 -0.046251 -0.997113 -0.062065 -0.677483 0.731719 -0.074863 -0.036308 0.000000 0.000000 0.000000 1.000000
0.763891 0.645211 0.013144 -0.489248 0.054212 -0.043862 -0.997566 -0.062066 -0.643064 0.762744 -0.068484 -0.036308 0.000000 0.000000 0.000000 1.000000
0.792030 0.610344 0.012971 -0.489247 0.048301 -0.041471 -0.997972 -0.062066 -0.608568 0.791050 -0.062326 -0.036308 0.000000 0.000000 0.000000 1.000000
0.813727 0.581115 0.012423 -0.489248 0.043425 -0.039467 -0.998277 -0.062065 -0.579623 0.812864 -0.057350 -0.036308 0.000000 0.000000 0.000000 1.000000
0.825960 0.563602 0.011932 -0.489248 0.040535 -0.038266 -0.998445 -0.062066 -0.562269 0.825160 -0.054452 -0.036308 0.000000 0.000000 0.000000 1.000000
0.827472 0.561372 0.012320 -0.489249 0.040722 -0.038113 -0.998443 -0.062066 -0.560028 0.826685 -0.054398 -0.036308 0.000000 0.000000 0.000000 1.000000
0.824741 0.565283 0.016023 -0.489248 0.045700 -0.038381 -0.998217 -0.062066 -0.563660 0.824004 -0.057488 -0.036308 0.000000 0.000000 0.000000 1.000000
0.815526 0.578254 0.023232 -0.489248 0.056264 -0.039271 -0.997643 -0.062066 -0.575979 0.814911 -0.064561 -0.036308 0.000000 0.000000 0.000000 1.000000
0.795281 0.605326 0.033309 -0.489248 0.073039 -0.041126 -0.996481 -0.062066 -0.601826 0.794915 -0.076919 -0.036308 0.000000 0.000000 0.000000 1.000000
0.758064 0.650649 0.044669 -0.489248 0.096559 -0.044235 -0.994344 -0.062066 -0.644993 0.758089 -0.096359 -0.036308 0.000000 0.000000 0.000000 1.000000
0.696560 0.715467 0.053957 -0.489248 0.126749 -0.048682 -0.990740 -0.062066 -0.706215 0.696948 -0.124595 -0.036308 0.000000 0.000000 0.000000 1.000000
0.624917 0.778638 0.056584 -0.489248 0.155382 -0.053021 -0.986431 -0.062065 -0.765072 0.625229 -0.154120 -0.036308 0.000000 0.000000 0.000000 1.000000
0.589326 0.805986 0.055505 -0.489248 0.167788 -0.054900 -0.984293 -0.062065 -0.790280 0.589382 -0.167589 -0.036308 0.000000 0.000000 0.000000 1.000000
0.589326 0.805986 0.055505 -0.489248 0.167788 -0.054900 -0.984293 -0.062065 -0.790280 0.589383 -0.167589 -0.036308 0.000000 0.000000 0.000000 1.000000
0.589326 0.805987 0.055505 -0.489248 0.167788 -0.054900 -0.984293 -0.062066 -0.790280 0.589382 -0.167589 -0.036308 0.000000 0.000000 0.000000 1.000000
0.589326 0.805987 0.055505 -0.489248 0.167788 -0.054900 -0.984293 -0.062066 -0.790280 0.589383 -0.167589 -0.036308 0.000000 0.000000 0.000000 1.000000
0.589326 0.805987 0.055505 -0.489247 0.167788 -0.054900 -0.984294 -0.062065 -0.790280 0.589383 -0.167589 -0.036308 0.000000 0.000000 0.000000 1.000000
0.589326 0.805987 0.055504 -0.489248 0.167788 -0.054900 -0.984294 -0.062066 -0.790280 0.589383 -0.167589 -0.036308 0.000000 0.000000 0.000000 1.000000
0.589326 0.805987 0.055505 -0.489248 0.167788 -0.054900 -0.984294 -0.062066 -0.790280 0.589383 -0.167589 -0.036309 0.000000 0.000000 0.000000 1.000000
0.589326 0.805986 0.055505 -0.489248 0.167788 -0.054900 -0.984293 -0.062066 -0.790280 0.589383 -0.167589 -0.036308 0.000000 0.000000 0.000000 1.000000
0.589326 0.805986 0.055505 -0.489249 0.167788 -0.054900 -0.984293 -0.062066 -0.790280 0.589383 -0.167589 -0.036309 0.000000 0.000000 0.000000 1.000000
0.589326 0.805986 0.055505 -0.489248 0.167788 -0.054900 -0.984293 -0.062066 -0.790280 0.589383 -0.167589 -0.036308 0.000000 0.000000 0.000000 1.000000</float_array><technique_common><accessor source="#jnt_left_handmiddle1-Matrix-animation-output-transform-array" count="25" stride="16"><param type="float4x4"/></accessor></technique_common></source><source id="jnt_left_handmiddle1-Interpolations"><Name_array id="jnt_left_handmiddle1-Interpolations-array" count="25">
 LINEAR LINEAR LINEAR LINEAR LINEAR LINEAR LINEAR LINEAR LINEAR LINEAR LINEAR
LINEAR LINEAR LINEAR LINEAR LINEAR LINEAR LINEAR LINEAR LINEAR LINEAR LINEAR LINEAR
LINEAR LINEAR</Name_array><technique_common><accessor source="#jnt_left_handmiddle1-Interpolations-array" count="25"><param type="name"/></accessor></technique_common></source><sampler id="jnt_left_handmiddle1-Matrix-animation-transform"><input semantic="INPUT" source="#jnt_left_handmiddle1-Matrix-animation-input"/><input semantic="OUTPUT" source="#jnt_left_handmiddle1-Matrix-animation-output-transform"/><input semantic="INTERPOLATION" source="#jnt_left_handmiddle1-Interpolations"/></sampler><channel source="#jnt_left_handmiddle1-Matrix-animation-transform" target="jnt_left_handmiddle1/matrix"/></animation></animation>
    <animation id="jnt_left_handmiddle2-anim" name="jnt_left_handmiddle2"><animation><source id="jnt_left_handmiddle2-Matrix-animation-input"><float_array id="jnt_left_handmiddle2-Matrix-animation-input-array" count="25">

0.000000 0.033333 0.066667 0.100000 0.133333 0.166667 0.200000 0.233333 0.266667 0.300000 0.333333 0.366667 0.400000 0.433333 0.466667 0.500000
0.533333 0.566667 0.600000 0.633333 0.666667 0.700000 0.733333 0.766667 0.800000</float_array><technique_common><accessor source="#jnt_left_handmiddle2-Matrix-animation-input-array" count="25"><param name="TIME" type="float"/></accessor></technique_common></source><source id="jnt_left_handmiddle2-Matrix-animation-output-transform"><float_array id="jnt_left_handmiddle2-Matrix-animation-output-transform-array" count="400">

0.928005 0.372568 -0.000000 -0.176688 -0.372568 0.928005 0.000000 0.000003 0.000000 -0.000000 1.000000 0.000001 0.000000 0.000000 0.000000 1.000000
0.932211 0.361916 -0.000000 -0.176688 -0.361916 0.932211 0.000000 0.000003 0.000000 -0.000000 1.000000 0.000001 0.000000 0.000000 0.000000 1.000000
0.942616 0.333878 -0.000000 -0.176688 -0.333878 0.942616 0.000000 0.000004 0.000000 -0.000000 1.000000 -0.000000 0.000000 0.000000 0.000000 1.000000
0.955708 0.294316 -0.000000 -0.176688 -0.294316 0.955708 0.000000 0.000004 0.000000 -0.000000 1.000000 -0.000000 0.000000 0.000000 0.000000 1.000000
0.968407 0.249374 -0.000000 -0.176688 -0.249374 0.968407 0.000000 0.000003 0.000000 -0.000000 1.000000 -0.000000 0.000000 0.000000 0.000000 1.000000
0.978640 0.205580 -0.000000 -0.176689 -0.205580 0.978640 0.000000 0.000003 0.000000 -0.000000 1.000000 -0.000000 0.000000 0.000000 0.000000 1.000000
0.985495 0.169702 -0.000000 -0.176688 -0.169702 0.985495 0.000000 0.000004 0.000000 -0.000000 1.000000 0.000000 0.000000 0.000000 0.000000 1.000000
0.988906 0.148543 -0.000000 -0.176688 -0.148543 0.988906 0.000000 0.000004 0.000000 -0.000000 1.000000 -0.000000 0.000000 0.000000 0.000000 1.000000
0.989304 0.145866 -0.000000 -0.176687 -0.145866 0.989304 0.000000 0.000004 0.000000 -0.000000 1.000000 0.000000 0.000000 0.000000 0.000000 1.000000
0.988600 0.150564 -0.000000 -0.176689 -0.150564 0.988600 0.000000 0.000004 0.000000 -0.000000 1.000000 -0.000001 0.000000 0.000000 0.000000 1.000000
0.986087 0.166229 -0.000000 -0.176688 -0.166229 0.986087 0.000000 0.000003 0.000000 -0.000000 1.000000 0.000000 0.000000 0.000000 0.000000 1.000000
0.979925 0.199368 -0.000000 -0.176687 -0.199368 0.979925 0.000000 0.000004 0.000000 -0.000000 1.000000 -0.000000 0.000000 0.000000 0.000000 1.000000
0.966595 0.256310 -0.000000 -0.176688 -0.256310 0.966595 0.000000 0.000004 0.000000 -0.000000 1.000000 0.000000 0.000000 0.000000 0.000000 1.000000
0.939904 0.341439 -0.000000 -0.176688 -0.341439 0.939904 0.000000 0.000004 0.000000 -0.000000 1.000000 0.000001 0.000000 0.000000 0.000000 1.000000
0.902974 0.429695 -0.000000 -0.176688 -0.429695 0.902974 0.000000 0.000002 0.000000 0.000000 1.000000 0.000000 0.000000 0.000000 0.000000 1.000000
0.882669 0.469995 -0.000000 -0.176688 -0.469995 0.882669 0.000000 0.000003 0.000000 0.000000 1.000000 -0.000001 0.000000 0.000000 0.000000 1.000000
0.882669 0.469995 -0.000000 -0.176688 -0.469995 0.882669 0.000000 0.000003 0.000000 0.000000 1.000000 0.000000 0.000000 0.000000 0.000000 1.000000
0.882669 0.469995 -0.000000 -0.176688 -0.469995 0.882669 0.000000 0.000003 0.000000 0.000000 1.000000 -0.000000 0.000000 0.000000 0.000000 1.000000
0.882669 0.469996 -0.000000 -0.176688 -0.469996 0.882669 0.000000 0.000005 0.000000 0.000000 1.000000 -0.000001 0.000000 0.000000 0.000000 1.000000
0.882669 0.469996 -0.000000 -0.176688 -0.469995 0.882669 0.000000 0.000003 0.000000 0.000000 1.000000 0.000000 0.000000 0.000000 0.000000 1.000000
0.882669 0.469996 -0.000000 -0.176688 -0.469995 0.882669 0.000000 0.000002 0.000000 -0.000000 1.000000 0.000001 0.000000 0.000000 0.000000 1.000000
0.882669 0.469995 -0.000000 -0.176688 -0.469995 0.882669 0.000000 0.000004 0.000000 0.000000 1.000000 -0.000001 0.000000 0.000000 0.000000 1.000000
0.882669 0.469995 -0.000000 -0.176688 -0.469995 0.882669 0.000000 0.000004 0.000000 0.000000 1.000000 0.000000 0.000000 0.000000 0.000000 1.000000
0.882669 0.469996 -0.000000 -0.176688 -0.469996 0.882669 0.000000 0.000004 0.000000 0.000000 1.000000 -0.000000 0.000000 0.000000 0.000000 1.000000
0.882669 0.469996 -0.000000 -0.176688 -0.469995 0.882669 0.000000 0.000002 0.000000 -0.000000 1.000000 -0.000000 0.000000 0.000000 0.000000 1.000000</float_array><technique_common><accessor source="#jnt_left_handmiddle2-Matrix-animation-output-transform-array" count="25" stride="16"><param type="float4x4"/></accessor></technique_common></source><source id="jnt_left_handmiddle2-Interpolations"><Name_array id="jnt_left_handmiddle2-Interpolations-array" count="25">
 LINEAR LINEAR LINEAR LINEAR LINEAR LINEAR LINEAR LINEAR LINEAR LINEAR LINEAR
LINEAR LINEAR LINEAR LINEAR LINEAR LINEAR LINEAR LINEAR LINEAR LINEAR LINEAR LINEAR
LINEAR LINEAR</Name_array><technique_common><accessor source="#jnt_left_handmiddle2-Interpolations-array" count="25"><param type="name"/></accessor></technique_common></source><sampler id="jnt_left_handmiddle2-Matrix-animation-transform"><input semantic="INPUT" source="#jnt_left_handmiddle2-Matrix-animation-input"/><input semantic="OUTPUT" source="#jnt_left_handmiddle2-Matrix-animation-output-transform"/><input semantic="INTERPOLATION" source="#jnt_left_handmiddle2-Interpolations"/></sampler><channel source="#jnt_left_handmiddle2-Matrix-animation-transform" target="jnt_left_handmiddle2/matrix"/></animation></animation>
    <animation id="jnt_left_handmiddle3-anim" name="jnt_left_handmiddle3"><animation><source id="jnt_left_handmiddle3-Matrix-animation-input"><float_array id="jnt_left_handmiddle3-Matrix-animation-input-array" count="25">

0.000000 0.033333 0.066667 0.100000 0.133333 0.166667 0.200000 0.233333 0.266667 0.300000 0.333333 0.366667 0.400000 0.433333 0.466667 0.500000
0.533333 0.566667 0.600000 0.633333 0.666667 0.700000 0.733333 0.766667 0.800000</float_array><technique_common><accessor source="#jnt_left_handmiddle3-Matrix-animation-input-array" count="25"><param name="TIME" type="float"/></accessor></technique_common></source><source id="jnt_left_handmiddle3-Matrix-animation-output-transform"><float_array id="jnt_left_handmiddle3-Matrix-animation-output-transform-array" count="400">

0.987143 0.159841 0.000000 -0.108367 -0.159841 0.987143 0.000000 0.000001 -0.000000 -0.000000 1.000000 -0.000001 0.000000 0.000000 0.000000 1.000000
0.988908 0.148526 0.000000 -0.108367 -0.148526 0.988908 0.000000 0.000001 -0.000000 -0.000000 1.000000 0.000001 0.000000 0.000000 0.000000 1.000000
0.992908 0.118888 0.000000 -0.108367 -0.118888 0.992908 0.000000 0.000002 -0.000000 -0.000000 1.000000 -0.000000 0.000000 0.000000 0.000000 1.000000
0.996999 0.077418 0.000000 -0.108367 -0.077418 0.996999 0.000000 0.000002 -0.000000 -0.000000 1.000000 0.000001 0.000000 0.000000 0.000000 1.000000
0.999526 0.030784 0.000000 -0.108367 -0.030784 0.999526 0.000000 0.000002 -0.000000 -0.000000 1.000000 -0.000000 0.000000 0.000000 0.000000 1.000000
0.999899 -0.014188 0.000000 -0.108367 0.014188 0.999899 0.000000 0.000001 -0.000000 -0.000000 1.000000 0.000000 0.000000 0.000000 0.000000 1.000000
0.998714 -0.050696 0.000000 -0.108367 0.050696 0.998714 0.000000 0.000002 -0.000000 -0.000000 1.000000 0.000001 0.000000 0.000000 0.000000 1.000000
0.997398 -0.072087 0.000000 -0.108367 0.072087 0.997398 0.000000 0.000003 -0.000000 -0.000000 1.000000 0.000000 0.000000 0.000000 0.000000 1.000000
0.997200 -0.074786 0.000000 -0.108368 0.074786 0.997199 0.000000 0.000002 -0.000000 -0.000000 1.000000 0.000000 0.000000 0.000000 0.000000 1.000000
0.997543 -0.070049 0.000000 -0.108367 0.070049 0.997543 0.000000 0.000001 -0.000000 -0.000000 1.000000 0.000000 0.000000 0.000000 0.000000 1.000000
0.998530 -0.054214 0.000000 -0.108367 0.054214 0.998529 0.000000 0.000002 -0.000000 -0.000000 1.000000 0.000000 0.000000 0.000000 0.000000 1.000000
0.999789 -0.020531 0.000000 -0.108366 0.020531 0.999789 0.000000 0.000001 -0.000000 -0.000000 1.000000 0.000000 0.000000 0.000000 0.000000 1.000000
0.999279 0.037948 0.000000 -0.108367 -0.037948 0.999280 0.000000 0.000002 -0.000000 -0.000000 1.000000 -0.000001 0.000000 0.000000 0.000000 1.000000
0.991921 0.126860 0.000000 -0.108367 -0.126860 0.991921 0.000000 0.000001 -0.000000 -0.000000 1.000000 -0.000000 0.000000 0.000000 0.000000 1.000000
0.975258 0.221069 0.000000 -0.108367 -0.221069 0.975258 0.000000 0.000002 -0.000000 -0.000000 1.000000 -0.000000 0.000000 0.000000 0.000000 1.000000
0.964292 0.264843 0.000000 -0.108368 -0.264843 0.964292 0.000000 0.000002 -0.000000 -0.000000 1.000000 0.000000 0.000000 0.000000 0.000000 1.000000
0.964292 0.264843 0.000000 -0.108367 -0.264843 0.964291 0.000000 0.000002 -0.000000 -0.000000 1.000000 0.000000 0.000000 0.000000 0.000000 1.000000
0.964292 0.264843 0.000000 -0.108367 -0.264843 0.964292 0.000000 0.000001 -0.000000 -0.000000 1.000000 -0.000000 0.000000 0.000000 0.000000 1.000000
0.964292 0.264843 0.000000 -0.108367 -0.264843 0.964292 0.000000 0.000001 -0.000000 -0.000000 1.000000 -0.000001 0.000000 0.000000 0.000000 1.000000
0.964291 0.264843 0.000000 -0.108367 -0.264843 0.964291 0.000000 0.000002 -0.000000 -0.000000 1.000000 -0.000000 0.000000 0.000000 0.000000 1.000000
0.964292 0.264843 0.000000 -0.108367 -0.264843 0.964292 0.000000 0.000001 -0.000000 -0.000000 1.000000 0.000000 0.000000 0.000000 0.000000 1.000000
0.964292 0.264843 0.000000 -0.108368 -0.264843 0.964292 0.000000 0.000001 -0.000000 -0.000000 1.000000 -0.000000 0.000000 0.000000 0.000000 1.000000
0.964292 0.264843 0.000000 -0.108367 -0.264843 0.964292 0.000000 0.000001 -0.000000 -0.000000 1.000000 0.000000 0.000000 0.000000 0.000000 1.000000
0.964292 0.264843 0.000000 -0.108367 -0.264843 0.964292 0.000000 0.000002 -0.000000 -0.000000 1.000000 0.000000 0.000000 0.000000 0.000000 1.000000
0.964292 0.264843 0.000000 -0.108367 -0.264843 0.964291 0.000000 0.000001 -0.000000 -0.000000 1.000000 0.000000 0.000000 0.000000 0.000000 1.000000</float_array><technique_common><accessor source="#jnt_left_handmiddle3-Matrix-animation-output-transform-array" count="25" stride="16"><param type="float4x4"/></accessor></technique_common></source><source id="jnt_left_handmiddle3-Interpolations"><Name_array id="jnt_left_handmiddle3-Interpolations-array" count="25">
 LINEAR LINEAR LINEAR LINEAR LINEAR LINEAR LINEAR LINEAR LINEAR LINEAR LINEAR
LINEAR LINEAR LINEAR LINEAR LINEAR LINEAR LINEAR LINEAR LINEAR LINEAR LINEAR LINEAR
LINEAR LINEAR</Name_array><technique_common><accessor source="#jnt_left_handmiddle3-Interpolations-array" count="25"><param type="name"/></accessor></technique_common></source><sampler id="jnt_left_handmiddle3-Matrix-animation-transform"><input semantic="INPUT" source="#jnt_left_handmiddle3-Matrix-animation-input"/><input semantic="OUTPUT" source="#jnt_left_handmiddle3-Matrix-animation-output-transform"/><input semantic="INTERPOLATION" source="#jnt_left_handmiddle3-Interpolations"/></sampler><channel source="#jnt_left_handmiddle3-Matrix-animation-transform" target="jnt_left_handmiddle3/matrix"/></animation></animation>
    <animation id="jnt_left_handmiddle4-anim" name="jnt_left_handmiddle4"><animation><source id="jnt_left_handmiddle4-Matrix-animation-input"><float_array id="jnt_left_handmiddle4-Matrix-animation-input-array" count="25">

0.000000 0.033333 0.066667 0.100000 0.133333 0.166667 0.200000 0.233333 0.266667 0.300000 0.333333 0.366667 0.400000 0.433333 0.466667 0.500000
0.533333 0.566667 0.600000 0.633333 0.666667 0.700000 0.733333 0.766667 0.800000</float_array><technique_common><accessor source="#jnt_left_handmiddle4-Matrix-animation-input-array" count="25"><param name="TIME" type="float"/></accessor></technique_common></source><source id="jnt_left_handmiddle4-Matrix-animation-output-transform"><float_array id="jnt_left_handmiddle4-Matrix-animation-output-transform-array" count="400">

1.000000 -0.000000 -0.000000 -0.119193 0.000000 1.000000 0.000000 -0.000107 0.000000 -0.000000 1.000000 0.000005 0.000000 0.000000 0.000000 1.000000
1.000000 -0.000000 -0.000000 -0.119193 0.000000 1.000000 0.000000 -0.000107 0.000000 -0.000000 1.000000 0.000005 0.000000 0.000000 0.000000 1.000000
1.000000 0.000000 0.000000 -0.119193 -0.000000 1.000000 -0.000000 -0.000107 -0.000000 0.000000 1.000000 0.000005 0.000000 0.000000 0.000000 1.000000
1.000000 -0.000000 0.000000 -0.119193 0.000000 1.000000 0.000000 -0.000107 -0.000000 -0.000000 1.000000 0.000005 0.000000 0.000000 0.000000 1.000000
1.000000 0.000000 0.000000 -0.119193 -0.000000 1.000000 0.000000 -0.000107 -0.000000 -0.000000 1.000000 0.000005 0.000000 0.000000 0.000000 1.000000
1.000000 0.000000 0.000000 -0.119193 -0.000000 1.000000 -0.000000 -0.000107 -0.000000 0.000000 1.000000 0.000005 0.000000 0.000000 0.000000 1.000000
1.000000 0.000000 0.000000 -0.119193 -0.000000 1.000000 -0.000000 -0.000107 -0.000000 0.000000 1.000000 0.000005 0.000000 0.000000 0.000000 1.000000
1.000000 -0.000000 -0.000000 -0.119193 0.000000 1.000000 -0.000000 -0.000107 0.000000 0.000000 1.000000 0.000005 0.000000 0.000000 0.000000 1.000000
1.000000 -0.000000 -0.000000 -0.119193 0.000000 1.000000 0.000000 -0.000107 0.000000 -0.000000 1.000000 0.000005 0.000000 0.000000 0.000000 1.000000
1.000000 0.000000 0.000000 -0.119193 -0.000000 1.000000 -0.000000 -0.000106 -0.000000 0.000000 1.000000 0.000005 0.000000 0.000000 0.000000 1.000000
1.000000 0.000000 0.000000 -0.119193 -0.000000 1.000000 -0.000000 -0.000107 -0.000000 0.000000 1.000000 0.000005 0.000000 0.000000 0.000000 1.000000
1.000000 0.000000 0.000000 -0.119193 -0.000000 1.000000 -0.000000 -0.000107 -0.000000 0.000000 1.000000 0.000005 0.000000 0.000000 0.000000 1.000000
1.000000 -0.000000 0.000000 -0.119193 0.000000 1.000000 -0.000000 -0.000107 -0.000000 0.000000 1.000000 0.000005 0.000000 0.000000 0.000000 1.000000
1.000000 -0.000000 -0.000000 -0.119193 0.000000 1.000000 0.000000 -0.000106 0.000000 -0.000000 1.000000 0.000005 0.000000 0.000000 0.000000 1.000000
1.000000 -0.000000 -0.000000 -0.119193 0.000000 1.000000 0.000000 -0.000106 0.000000 -0.000000 1.000000 0.000005 0.000000 0.000000 0.000000 1.000000
1.000000 0.000000 0.000000 -0.119193 -0.000000 1.000000 0.000000 -0.000106 -0.000000 -0.000000 1.000000 0.000005 0.000000 0.000000 0.000000 1.000000
1.000000 0.000000 -0.000000 -0.119193 -0.000000 1.000000 0.000000 -0.000107 0.000000 -0.000000 1.000000 0.000005 0.000000 0.000000 0.000000 1.000000
1.000000 -0.000000 0.000000 -0.119193 0.000000 1.000000 0.000000 -0.000107 -0.000000 -0.000000 1.000000 0.000005 0.000000 0.000000 0.000000 1.000000
1.000000 0.000000 0.000000 -0.119193 -0.000000 1.000000 -0.000000 -0.000107 -0.000000 0.000000 1.000000 0.000005 0.000000 0.000000 0.000000 1.000000
1.000000 -0.000000 0.000000 -0.119193 0.000000 1.000000 -0.000000 -0.000106 -0.000000 0.000000 1.000000 0.000005 0.000000 0.000000 0.000000 1.000000
1.000000 -0.000000 -0.000000 -0.119193 0.000000 1.000000 0.000000 -0.000107 0.000000 -0.000000 1.000000 0.000005 0.000000 0.000000 0.000000 1.000000
1.000000 -0.000000 -0.000000 -0.119193 0.000000 1.000000 -0.000000 -0.000106 0.000000 0.000000 1.000000 0.000005 0.000000 0.000000 0.000000 1.000000
1.000000 0.000000 -0.000000 -0.119193 -0.000000 1.000000 0.000000 -0.000107 0.000000 0.000000 1.000000 0.000005 0.000000 0.000000 0.000000 1.000000
1.000000 -0.000000 -0.000000 -0.119193 0.000000 1.000000 0.000000 -0.000107 0.000000 -0.000000 1.000000 0.000005 0.000000 0.000000 0.000000 1.000000
1.000000 -0.000000 -0.000000 -0.119193 0.000000 1.000000 0.000000 -0.000107 0.000000 -0.000000 1.000000 0.000005 0.000000 0.000000 0.000000 1.000000</float_array><technique_common><accessor source="#jnt_left_handmiddle4-Matrix-animation-output-transform-array" count="25" stride="16"><param type="float4x4"/></accessor></technique_common></source><source id="jnt_left_handmiddle4-Interpolations"><Name_array id="jnt_left_handmiddle4-Interpolations-array" count="25">
 LINEAR LINEAR LINEAR LINEAR LINEAR LINEAR LINEAR LINEAR LINEAR LINEAR LINEAR
LINEAR LINEAR LINEAR LINEAR LINEAR LINEAR LINEAR LINEAR LINEAR LINEAR LINEAR LINEAR
LINEAR LINEAR</Name_array><technique_common><accessor source="#jnt_left_handmiddle4-Interpolations-array" count="25"><param type="name"/></accessor></technique_common></source><sampler id="jnt_left_handmiddle4-Matrix-animation-transform"><input semantic="INPUT" source="#jnt_left_handmiddle4-Matrix-animation-input"/><input semantic="OUTPUT" source="#jnt_left_handmiddle4-Matrix-animation-output-transform"/><input semantic="INTERPOLATION" source="#jnt_left_handmiddle4-Interpolations"/></sampler><channel source="#jnt_left_handmiddle4-Matrix-animation-transform" target="jnt_left_handmiddle4/matrix"/></animation></animation>
    <animation id="jnt_left_handring1-anim" name="jnt_left_handring1"><animation><source id="jnt_left_handring1-Matrix-animation-input"><float_array id="jnt_left_handring1-Matrix-animation-input-array" count="25">

0.000000 0.033333 0.066667 0.100000 0.133333 0.166667 0.200000 0.233333 0.266667 0.300000 0.333333 0.366667 0.400000 0.433333 0.466667 0.500000
0.533333 0.566667 0.600000 0.633333 0.666667 0.700000 0.733333 0.766667 0.800000</float_array><technique_common><accessor source="#jnt_left_handring1-Matrix-animation-input-array" count="25"><param name="TIME" type="float"/></accessor></technique_common></source><source id="jnt_left_handring1-Matrix-animation-output-transform"><float_array id="jnt_left_handring1-Matrix-animation-output-transform-array" count="400">

0.677455 0.722406 -0.138508 -0.469963 0.025350 -0.211120 -0.977132 0.076796 -0.735127 0.658452 -0.161338 -0.036647 0.000000 0.000000 0.000000 1.000000
0.685468 0.714867 -0.138195 -0.469963 0.021917 -0.209974 -0.977461 0.076798 -0.727773 0.666990 -0.159598 -0.036647 0.000000 0.000000 0.000000 1.000000
0.705978 0.694746 -0.137564 -0.469963 0.012936 -0.206852 -0.978287 0.076797 -0.708116 0.688869 -0.155020 -0.036647 0.000000 0.000000 0.000000 1.000000
0.733525 0.665683 -0.137140 -0.469963 0.000395 -0.202195 -0.979345 0.076798 -0.679662 0.718320 -0.148578 -0.036647 0.000000 0.000000 0.000000 1.000000
0.762914 0.631752 -0.137299 -0.469963 -0.013670 -0.196561 -0.980396 0.076797 -0.646355 0.749835 -0.141323 -0.036647 0.000000 0.000000 0.000000 1.000000
0.789674 0.597787 -0.138083 -0.469963 -0.027200 -0.190733 -0.981265 0.076797 -0.612924 0.778635 -0.134357 -0.036647 0.000000 0.000000 0.000000 1.000000
0.810252 0.569318 -0.139173 -0.469964 -0.038156 -0.185717 -0.981862 0.076797 -0.584839 0.800866 -0.128755 -0.036647 0.000000 0.000000 0.000000 1.000000
0.821831 0.552263 -0.139998 -0.469963 -0.044566 -0.182660 -0.982166 0.076797 -0.567986 0.813413 -0.125503 -0.036647 0.000000 0.000000 0.000000 1.000000
0.823344 0.550091 -0.139660 -0.469963 -0.044834 -0.182268 -0.982226 0.076798 -0.565769 0.814972 -0.125406 -0.036647 0.000000 0.000000 0.000000 1.000000
0.821402 0.553904 -0.135977 -0.469963 -0.039245 -0.182955 -0.982338 0.076797 -0.568998 0.812230 -0.128542 -0.036647 0.000000 0.000000 0.000000 1.000000
0.813888 0.566562 -0.128819 -0.469963 -0.026541 -0.185226 -0.982338 0.076797 -0.580416 0.802932 -0.135716 -0.036647 0.000000 0.000000 0.000000 1.000000
0.796396 0.592990 -0.118811 -0.469964 -0.005074 -0.189896 -0.981791 0.076797 -0.604754 0.782497 -0.148223 -0.036647 0.000000 0.000000 0.000000 1.000000
0.763129 0.637240 -0.107509 -0.469963 0.026854 -0.197486 -0.979938 0.076797 -0.645688 0.744932 -0.167820 -0.036647 0.000000 0.000000 0.000000 1.000000
0.706856 0.700507 -0.098202 -0.469963 0.070344 -0.207755 -0.975648 0.076798 -0.703851 0.682735 -0.196129 -0.036647 0.000000 0.000000 0.000000 1.000000
0.640331 0.762148 -0.095425 -0.469963 0.113709 -0.216926 -0.969543 0.076798 -0.759636 0.609977 -0.225567 -0.036647 0.000000 0.000000 0.000000 1.000000
0.607009 0.788827 -0.096399 -0.469963 0.133184 -0.220566 -0.966236 0.076798 -0.783455 0.573675 -0.238944 -0.036647 0.000000 0.000000 0.000000 1.000000
0.607009 0.788827 -0.096399 -0.469963 0.133184 -0.220566 -0.966236 0.076797 -0.783455 0.573675 -0.238945 -0.036647 0.000000 0.000000 0.000000 1.000000
0.607009 0.788827 -0.096399 -0.469963 0.133184 -0.220566 -0.966236 0.076798 -0.783456 0.573675 -0.238944 -0.036647 0.000000 0.000000 0.000000 1.000000
0.607009 0.788827 -0.096399 -0.469963 0.133184 -0.220566 -0.966237 0.076797 -0.783455 0.573675 -0.238944 -0.036647 0.000000 0.000000 0.000000 1.000000
0.607009 0.788827 -0.096399 -0.469963 0.133184 -0.220566 -0.966236 0.076798 -0.783456 0.573675 -0.238944 -0.036647 0.000000 0.000000 0.000000 1.000000
0.607009 0.788827 -0.096399 -0.469963 0.133184 -0.220566 -0.966237 0.076798 -0.783456 0.573675 -0.238944 -0.036647 0.000000 0.000000 0.000000 1.000000
0.607009 0.788827 -0.096399 -0.469963 0.133184 -0.220566 -0.966236 0.076798 -0.783456 0.573675 -0.238944 -0.036648 0.000000 0.000000 0.000000 1.000000
0.607009 0.788827 -0.096399 -0.469963 0.133184 -0.220566 -0.966236 0.076797 -0.783455 0.573675 -0.238944 -0.036647 0.000000 0.000000 0.000000 1.000000
0.607009 0.788827 -0.096399 -0.469963 0.133184 -0.220566 -0.966236 0.076798 -0.783455 0.573675 -0.238944 -0.036647 0.000000 0.000000 0.000000 1.000000
0.607009 0.788827 -0.096399 -0.469963 0.133184 -0.220566 -0.966237 0.076798 -0.783456 0.573675 -0.238944 -0.036647 0.000000 0.000000 0.000000 1.000000</float_array><technique_common><accessor source="#jnt_left_handring1-Matrix-animation-output-transform-array" count="25" stride="16"><param type="float4x4"/></accessor></technique_common></source><source id="jnt_left_handring1-Interpolations"><Name_array id="jnt_left_handring1-Interpolations-array" count="25">
 LINEAR LINEAR LINEAR LINEAR LINEAR LINEAR LINEAR LINEAR LINEAR LINEAR LINEAR
LINEAR LINEAR LINEAR LINEAR LINEAR LINEAR LINEAR LINEAR LINEAR LINEAR LINEAR LINEAR
LINEAR LINEAR</Name_array><technique_common><accessor source="#jnt_left_handring1-Interpolations-array" count="25"><param type="name"/></accessor></technique_common></source><sampler id="jnt_left_handring1-Matrix-animation-transform"><input semantic="INPUT" source="#jnt_left_handring1-Matrix-animation-input"/><input semantic="OUTPUT" source="#jnt_left_handring1-Matrix-animation-output-transform"/><input semantic="INTERPOLATION" source="#jnt_left_handring1-Interpolations"/></sampler><channel source="#jnt_left_handring1-Matrix-animation-transform" target="jnt_left_handring1/matrix"/></animation></animation>
    <animation id="jnt_left_handring2-anim" name="jnt_left_handring2"><animation><source id="jnt_left_handring2-Matrix-animation-input"><float_array id="jnt_left_handring2-Matrix-animation-input-array" count="25">

0.000000 0.033333 0.066667 0.100000 0.133333 0.166667 0.200000 0.233333 0.266667 0.300000 0.333333 0.366667 0.400000 0.433333 0.466667 0.500000
0.533333 0.566667 0.600000 0.633333 0.666667 0.700000 0.733333 0.766667 0.800000</float_array><technique_common><accessor source="#jnt_left_handring2-Matrix-animation-input-array" count="25"><param name="TIME" type="float"/></accessor></technique_common></source><source id="jnt_left_handring2-Matrix-animation-output-transform"><float_array id="jnt_left_handring2-Matrix-animation-output-transform-array" count="400">

0.920576 0.390563 0.000000 -0.184233 -0.390563 0.920576 -0.000001 -0.000002 -0.000001 0.000001 1.000000 -0.000001 0.000000 0.000000 0.000000 1.000000
0.924987 0.380000 0.000000 -0.184233 -0.380000 0.924987 -0.000001 -0.000002 -0.000001 0.000001 1.000000 -0.000000 0.000000 0.000000 0.000000 1.000000
0.935930 0.352186 0.000000 -0.184233 -0.352186 0.935930 -0.000001 -0.000002 -0.000001 0.000001 1.000000 -0.000001 0.000000 0.000000 0.000000 1.000000
0.949780 0.312920 0.000000 -0.184233 -0.312920 0.949779 -0.000001 -0.000001 -0.000001 0.000001 1.000000 -0.000001 0.000000 0.000000 0.000000 1.000000
0.963340 0.268284 0.000000 -0.184233 -0.268284 0.963340 -0.000001 -0.000002 -0.000001 0.000001 1.000000 -0.000001 0.000000 0.000000 0.000000 1.000000
0.974414 0.224759 0.000000 -0.184233 -0.224759 0.974414 -0.000001 -0.000002 -0.000001 0.000001 1.000000 -0.000001 0.000000 0.000000 0.000000 1.000000
0.981961 0.189082 0.000000 -0.184233 -0.189082 0.981961 -0.000001 -0.000002 -0.000000 0.000001 1.000000 -0.000002 0.000000 0.000000 0.000000 1.000000
0.985781 0.168033 0.000000 -0.184233 -0.168033 0.985781 -0.000001 -0.000002 -0.000000 0.000001 1.000000 -0.000001 0.000000 0.000000 0.000000 1.000000
0.986232 0.165369 0.000000 -0.184233 -0.165369 0.986232 -0.000001 -0.000001 -0.000000 0.000001 1.000000 -0.000001 0.000000 0.000000 0.000000 1.000000
0.985436 0.170047 0.000000 -0.184233 -0.170047 0.985436 -0.000001 -0.000001 -0.000000 0.000001 1.000000 -0.000001 0.000000 0.000000 0.000000 1.000000
0.982613 0.185664 0.000000 -0.184233 -0.185664 0.982613 -0.000001 -0.000002 -0.000000 0.000001 1.000000 -0.000000 0.000000 0.000000 0.000000 1.000000
0.975792 0.218699 0.000000 -0.184233 -0.218699 0.975792 -0.000001 -0.000002 -0.000001 0.000001 1.000000 -0.000001 0.000000 0.000000 0.000000 1.000000
0.961323 0.275422 0.000000 -0.184233 -0.275422 0.961323 -0.000001 -0.000002 -0.000001 0.000001 1.000000 -0.000000 0.000000 0.000000 0.000000 1.000000
0.932916 0.360095 0.000000 -0.184233 -0.360095 0.932915 -0.000001 -0.000002 -0.000001 0.000001 1.000000 -0.000001 0.000000 0.000000 0.000000 1.000000
0.894177 0.447712 0.000000 -0.184233 -0.447713 0.894177 -0.000001 -0.000002 -0.000001 0.000001 1.000000 -0.000001 0.000000 0.000000 0.000000 1.000000
0.873034 0.487660 0.000000 -0.184233 -0.487660 0.873034 -0.000001 -0.000002 -0.000001 0.000001 1.000000 -0.000001 0.000000 0.000000 0.000000 1.000000
0.873034 0.487660 0.000000 -0.184233 -0.487660 0.873034 -0.000001 -0.000002 -0.000001 0.000001 1.000000 -0.000001 0.000000 0.000000 0.000000 1.000000
0.873034 0.487660 0.000000 -0.184233 -0.487660 0.873034 -0.000001 -0.000001 -0.000001 0.000001 1.000000 -0.000001 0.000000 0.000000 0.000000 1.000000
0.873034 0.487660 0.000000 -0.184233 -0.487660 0.873034 -0.000001 -0.000001 -0.000001 0.000001 1.000000 -0.000002 0.000000 0.000000 0.000000 1.000000
0.873034 0.487660 0.000000 -0.184233 -0.487660 0.873033 -0.000001 -0.000001 -0.000001 0.000001 1.000000 -0.000001 0.000000 0.000000 0.000000 1.000000
0.873034 0.487660 0.000000 -0.184233 -0.487660 0.873034 -0.000001 -0.000002 -0.000001 0.000001 1.000000 -0.000001 0.000000 0.000000 0.000000 1.000000
0.873034 0.487660 0.000000 -0.184233 -0.487660 0.873034 -0.000001 -0.000002 -0.000001 0.000001 1.000000 -0.000001 0.000000 0.000000 0.000000 1.000000
0.873034 0.487660 0.000000 -0.184233 -0.487660 0.873034 -0.000001 -0.000001 -0.000001 0.000001 1.000000 -0.000001 0.000000 0.000000 0.000000 1.000000
0.873034 0.487660 0.000000 -0.184233 -0.487660 0.873033 -0.000001 -0.000001 -0.000001 0.000001 1.000000 -0.000000 0.000000 0.000000 0.000000 1.000000
0.873033 0.487660 0.000000 -0.184233 -0.487660 0.873033 -0.000001 -0.000001 -0.000001 0.000001 1.000000 -0.000001 0.000000 0.000000 0.000000 1.000000</float_array><technique_common><accessor source="#jnt_left_handring2-Matrix-animation-output-transform-array" count="25" stride="16"><param type="float4x4"/></accessor></technique_common></source><source id="jnt_left_handring2-Interpolations"><Name_array id="jnt_left_handring2-Interpolations-array" count="25">
 LINEAR LINEAR LINEAR LINEAR LINEAR LINEAR LINEAR LINEAR LINEAR LINEAR LINEAR
LINEAR LINEAR LINEAR LINEAR LINEAR LINEAR LINEAR LINEAR LINEAR LINEAR LINEAR LINEAR
LINEAR LINEAR</Name_array><technique_common><accessor source="#jnt_left_handring2-Interpolations-array" count="25"><param type="name"/></accessor></technique_common></source><sampler id="jnt_left_handring2-Matrix-animation-transform"><input semantic="INPUT" source="#jnt_left_handring2-Matrix-animation-input"/><input semantic="OUTPUT" source="#jnt_left_handring2-Matrix-animation-output-transform"/><input semantic="INTERPOLATION" source="#jnt_left_handring2-Interpolations"/></sampler><channel source="#jnt_left_handring2-Matrix-animation-transform" target="jnt_left_handring2/matrix"/></animation></animation>
    <animation id="jnt_left_handring3-anim" name="jnt_left_handring3"><animation><source id="jnt_left_handring3-Matrix-animation-input"><float_array id="jnt_left_handring3-Matrix-animation-input-array" count="25">

0.000000 0.033333 0.066667 0.100000 0.133333 0.166667 0.200000 0.233333 0.266667 0.300000 0.333333 0.366667 0.400000 0.433333 0.466667 0.500000
0.533333 0.566667 0.600000 0.633333 0.666667 0.700000 0.733333 0.766667 0.800000</float_array><technique_common><accessor source="#jnt_left_handring3-Matrix-animation-input-array" count="25"><param name="TIME" type="float"/></accessor></technique_common></source><source id="jnt_left_handring3-Matrix-animation-output-transform"><float_array id="jnt_left_handring3-Matrix-animation-output-transform-array" count="400">

0.986698 0.162562 0.000000 -0.103958 -0.162562 0.986698 0.000001 0.000003 0.000000 -0.000001 1.000000 0.000000 0.000000 0.000000 0.000000 1.000000
0.988494 0.151257 0.000000 -0.103958 -0.151257 0.988494 0.000001 0.000003 0.000000 -0.000001 1.000000 -0.000000 0.000000 0.000000 0.000000 1.000000
0.992573 0.121647 0.000000 -0.103958 -0.121647 0.992574 0.000001 0.000003 0.000000 -0.000001 1.000000 -0.000000 0.000000 0.000000 0.000000 1.000000
0.996777 0.080223 0.000000 -0.103958 -0.080223 0.996777 0.000001 0.000002 0.000000 -0.000001 1.000000 -0.000000 0.000000 0.000000 0.000000 1.000000
0.999434 0.033648 0.000000 -0.103958 -0.033648 0.999434 0.000001 0.000003 0.000000 -0.000001 1.000000 0.000000 0.000000 0.000000 0.000000 1.000000
0.999936 -0.011260 0.000000 -0.103958 0.011260 0.999936 0.000001 0.000003 -0.000000 -0.000001 1.000000 -0.000000 0.000000 0.000000 0.000000 1.000000
0.998861 -0.047712 0.000000 -0.103958 0.047712 0.998861 0.000001 0.000003 -0.000000 -0.000001 1.000000 -0.000001 0.000000 0.000000 0.000000 1.000000
0.997612 -0.069068 0.000000 -0.103958 0.069068 0.997612 0.000001 0.000002 -0.000000 -0.000001 1.000000 0.000000 0.000000 0.000000 0.000000 1.000000
0.997422 -0.071763 0.000000 -0.103958 0.071763 0.997422 0.000001 0.000003 -0.000000 -0.000001 1.000000 -0.000000 0.000000 0.000000 0.000000 1.000000
0.997751 -0.067028 0.000000 -0.103958 0.067028 0.997751 0.000001 0.000003 -0.000000 -0.000001 1.000000 0.000000 0.000000 0.000000 0.000000 1.000000
0.998689 -0.051187 0.000000 -0.103958 0.051187 0.998689 0.000001 0.000003 -0.000000 -0.000001 1.000000 -0.000000 0.000000 0.000000 0.000000 1.000000
0.999847 -0.017474 0.000000 -0.103958 0.017474 0.999847 0.000001 0.000003 -0.000000 -0.000001 1.000000 -0.000001 0.000000 0.000000 0.000000 1.000000
0.999156 0.041060 0.000000 -0.103958 -0.041060 0.999157 0.000001 0.000003 -0.000000 -0.000001 1.000000 0.000001 0.000000 0.000000 0.000000 1.000000
0.991508 0.130044 0.000000 -0.103958 -0.130044 0.991508 0.000001 0.000002 0.000000 -0.000001 1.000000 -0.000001 0.000000 0.000000 0.000000 1.000000
0.974515 0.224324 0.000000 -0.103958 -0.224324 0.974515 0.000001 0.000003 0.000000 -0.000001 1.000000 0.000000 0.000000 0.000000 0.000000 1.000000
0.963383 0.268129 0.000000 -0.103958 -0.268129 0.963383 0.000001 0.000003 0.000000 -0.000001 1.000000 0.000000 0.000000 0.000000 0.000000 1.000000
0.963383 0.268129 0.000000 -0.103958 -0.268129 0.963383 0.000001 0.000001 0.000000 -0.000001 1.000000 -0.000001 0.000000 0.000000 0.000000 1.000000
0.963383 0.268129 0.000000 -0.103958 -0.268129 0.963383 0.000001 0.000002 0.000000 -0.000001 1.000000 0.000000 0.000000 0.000000 0.000000 1.000000
0.963383 0.268129 0.000000 -0.103958 -0.268129 0.963383 0.000001 0.000003 0.000000 -0.000001 1.000000 0.000000 0.000000 0.000000 0.000000 1.000000
0.963383 0.268129 0.000000 -0.103958 -0.268129 0.963383 0.000001 0.000003 0.000000 -0.000001 1.000000 0.000001 0.000000 0.000000 0.000000 1.000000
0.963383 0.268129 0.000000 -0.103958 -0.268129 0.963383 0.000001 0.000003 0.000000 -0.000001 1.000000 -0.000000 0.000000 0.000000 0.000000 1.000000
0.963383 0.268129 0.000000 -0.103958 -0.268129 0.963383 0.000001 0.000002 0.000000 -0.000001 1.000000 -0.000000 0.000000 0.000000 0.000000 1.000000
0.963383 0.268129 0.000000 -0.103958 -0.268129 0.963383 0.000001 0.000002 0.000000 -0.000001 1.000000 -0.000000 0.000000 0.000000 0.000000 1.000000
0.963383 0.268129 0.000000 -0.103958 -0.268129 0.963383 0.000001 0.000003 0.000000 -0.000001 1.000000 -0.000001 0.000000 0.000000 0.000000 1.000000
0.963383 0.268129 0.000000 -0.103958 -0.268129 0.963383 0.000001 0.000003 0.000000 -0.000001 1.000000 -0.000001 0.000000 0.000000 0.000000 1.000000</float_array><technique_common><accessor source="#jnt_left_handring3-Matrix-animation-output-transform-array" count="25" stride="16"><param type="float4x4"/></accessor></technique_common></source><source id="jnt_left_handring3-Interpolations"><Name_array id="jnt_left_handring3-Interpolations-array" count="25">
 LINEAR LINEAR LINEAR LINEAR LINEAR LINEAR LINEAR LINEAR LINEAR LINEAR LINEAR
LINEAR LINEAR LINEAR LINEAR LINEAR LINEAR LINEAR LINEAR LINEAR LINEAR LINEAR LINEAR
LINEAR LINEAR</Name_array><technique_common><accessor source="#jnt_left_handring3-Interpolations-array" count="25"><param type="name"/></accessor></technique_common></source><sampler id="jnt_left_handring3-Matrix-animation-transform"><input semantic="INPUT" source="#jnt_left_handring3-Matrix-animation-input"/><input semantic="OUTPUT" source="#jnt_left_handring3-Matrix-animation-output-transform"/><input semantic="INTERPOLATION" source="#jnt_left_handring3-Interpolations"/></sampler><channel source="#jnt_left_handring3-Matrix-animation-transform" target="jnt_left_handring3/matrix"/></animation></animation>
    <animation id="jnt_left_handring4-anim" name="jnt_left_handring4"><animation><source id="jnt_left_handring4-Matrix-animation-input"><float_array id="jnt_left_handring4-Matrix-animation-input-array" count="25">

0.000000 0.033333 0.066667 0.100000 0.133333 0.166667 0.200000 0.233333 0.266667 0.300000 0.333333 0.366667 0.400000 0.433333 0.466667 0.500000
0.533333 0.566667 0.600000 0.633333 0.666667 0.700000 0.733333 0.766667 0.800000</float_array><technique_common><accessor source="#jnt_left_handring4-Matrix-animation-input-array" count="25"><param name="TIME" type="float"/></accessor></technique_common></source><source id="jnt_left_handring4-Matrix-animation-output-transform"><float_array id="jnt_left_handring4-Matrix-animation-output-transform-array" count="400">

1.000000 0.000000 0.000000 -0.120246 -0.000000 1.000000 0.000000 -0.000105 -0.000000 -0.000000 1.000000 0.000017 0.000000 0.000000 0.000000 1.000000
1.000000 0.000000 -0.000000 -0.120246 -0.000000 1.000000 0.000000 -0.000105 0.000000 -0.000000 1.000000 0.000017 0.000000 0.000000 0.000000 1.000000
1.000000 0.000000 -0.000000 -0.120246 -0.000000 1.000000 0.000000 -0.000105 0.000000 -0.000000 1.000000 0.000017 0.000000 0.000000 0.000000 1.000000
1.000000 0.000000 -0.000000 -0.120246 -0.000000 1.000000 0.000000 -0.000105 0.000000 -0.000000 1.000000 0.000017 0.000000 0.000000 0.000000 1.000000
1.000000 0.000000 -0.000000 -0.120246 -0.000000 1.000000 0.000000 -0.000105 0.000000 -0.000000 1.000000 0.000016 0.000000 0.000000 0.000000 1.000000
1.000000 0.000000 0.000000 -0.120246 -0.000000 1.000000 0.000000 -0.000105 -0.000000 -0.000000 1.000000 0.000017 0.000000 0.000000 0.000000 1.000000
1.000000 0.000000 -0.000000 -0.120246 -0.000000 1.000000 -0.000000 -0.000105 0.000000 0.000000 1.000000 0.000017 0.000000 0.000000 0.000000 1.000000
1.000000 0.000000 0.000000 -0.120246 -0.000000 1.000000 0.000000 -0.000105 -0.000000 -0.000000 1.000000 0.000017 0.000000 0.000000 0.000000 1.000000
1.000000 0.000000 -0.000000 -0.120246 -0.000000 1.000000 0.000000 -0.000105 0.000000 -0.000000 1.000000 0.000017 0.000000 0.000000 0.000000 1.000000
1.000000 0.000000 -0.000000 -0.120246 -0.000000 1.000000 -0.000000 -0.000105 0.000000 0.000000 1.000000 0.000017 0.000000 0.000000 0.000000 1.000000
1.000000 0.000000 -0.000000 -0.120246 -0.000000 1.000000 0.000000 -0.000105 0.000000 -0.000000 1.000000 0.000016 0.000000 0.000000 0.000000 1.000000
1.000000 0.000000 0.000000 -0.120246 -0.000000 1.000000 -0.000000 -0.000105 -0.000000 0.000000 1.000000 0.000017 0.000000 0.000000 0.000000 1.000000
1.000000 0.000000 -0.000000 -0.120246 -0.000000 1.000000 0.000000 -0.000105 0.000000 -0.000000 1.000000 0.000017 0.000000 0.000000 0.000000 1.000000
1.000000 0.000000 0.000000 -0.120246 -0.000000 1.000000 -0.000000 -0.000105 -0.000000 0.000000 1.000000 0.000017 0.000000 0.000000 0.000000 1.000000
1.000000 0.000000 -0.000000 -0.120246 -0.000000 1.000000 -0.000000 -0.000105 0.000000 0.000000 1.000000 0.000017 0.000000 0.000000 0.000000 1.000000
1.000000 0.000000 0.000000 -0.120246 -0.000000 1.000000 -0.000000 -0.000105 -0.000000 0.000000 1.000000 0.000017 0.000000 0.000000 0.000000 1.000000
1.000000 0.000000 -0.000000 -0.120246 -0.000000 1.000000 0.000000 -0.000105 0.000000 -0.000000 1.000000 0.000017 0.000000 0.000000 0.000000 1.000000
1.000000 0.000000 -0.000000 -0.120246 -0.000000 1.000000 -0.000000 -0.000105 0.000000 0.000000 1.000000 0.000017 0.000000 0.000000 0.000000 1.000000
1.000000 0.000000 0.000000 -0.120246 -0.000000 1.000000 -0.000000 -0.000105 -0.000000 0.000000 1.000000 0.000017 0.000000 0.000000 0.000000 1.000000
1.000000 0.000000 -0.000000 -0.120246 -0.000000 1.000000 -0.000000 -0.000105 0.000000 0.000000 1.000000 0.000017 0.000000 0.000000 0.000000 1.000000
1.000000 0.000000 -0.000000 -0.120246 -0.000000 1.000000 0.000000 -0.000105 0.000000 -0.000000 1.000000 0.000017 0.000000 0.000000 0.000000 1.000000
1.000000 0.000000 -0.000000 -0.120246 -0.000000 1.000000 -0.000000 -0.000105 0.000000 0.000000 1.000000 0.000017 0.000000 0.000000 0.000000 1.000000
1.000000 0.000000 0.000000 -0.120246 -0.000000 1.000000 0.000000 -0.000105 -0.000000 -0.000000 1.000000 0.000017 0.000000 0.000000 0.000000 1.000000
1.000000 0.000000 0.000000 -0.120246 -0.000000 1.000000 0.000000 -0.000105 -0.000000 -0.000000 1.000000 0.000017 0.000000 0.000000 0.000000 1.000000
1.000000 0.000000 -0.000000 -0.120246 -0.000000 1.000000 -0.000000 -0.000105 0.000000 0.000000 1.000000 0.000017 0.000000 0.000000 0.000000 1.000000</float_array><technique_common><accessor source="#jnt_left_handring4-Matrix-animation-output-transform-array" count="25" stride="16"><param type="float4x4"/></accessor></technique_common></source><source id="jnt_left_handring4-Interpolations"><Name_array id="jnt_left_handring4-Interpolations-array" count="25">
 LINEAR LINEAR LINEAR LINEAR LINEAR LINEAR LINEAR LINEAR LINEAR LINEAR LINEAR
LINEAR LINEAR LINEAR LINEAR LINEAR LINEAR LINEAR LINEAR LINEAR LINEAR LINEAR LINEAR
LINEAR LINEAR</Name_array><technique_common><accessor source="#jnt_left_handring4-Interpolations-array" count="25"><param type="name"/></accessor></technique_common></source><sampler id="jnt_left_handring4-Matrix-animation-transform"><input semantic="INPUT" source="#jnt_left_handring4-Matrix-animation-input"/><input semantic="OUTPUT" source="#jnt_left_handring4-Matrix-animation-output-transform"/><input semantic="INTERPOLATION" source="#jnt_left_handring4-Interpolations"/></sampler><channel source="#jnt_left_handring4-Matrix-animation-transform" target="jnt_left_handring4/matrix"/></animation></animation>
    <animation id="jnt_left_handpinky1-anim" name="jnt_left_handpinky1"><animation><source id="jnt_left_handpinky1-Matrix-animation-input"><float_array id="jnt_left_handpinky1-Matrix-animation-input-array" count="25">

0.000000 0.033333 0.066667 0.100000 0.133333 0.166667 0.200000 0.233333 0.266667 0.300000 0.333333 0.366667 0.400000 0.433333 0.466667 0.500000
0.533333 0.566667 0.600000 0.633333 0.666667 0.700000 0.733333 0.766667 0.800000</float_array><technique_common><accessor source="#jnt_left_handpinky1-Matrix-animation-input-array" count="25"><param name="TIME" type="float"/></accessor></technique_common></source><source id="jnt_left_handpinky1-Matrix-animation-output-transform"><float_array id="jnt_left_handpinky1-Matrix-animation-output-transform-array" count="400">

0.746484 0.664216 -0.039728 -0.407612 0.063818 -0.130897 -0.989340 0.208155 -0.662336 0.735991 -0.140101 0.012223 0.000000 0.000000 0.000000 1.000000
0.754002 0.655749 -0.038403 -0.407612 0.062334 -0.129628 -0.989602 0.208156 -0.653908 0.743768 -0.138615 0.012223 0.000000 0.000000 0.000000 1.000000
0.773116 0.633297 -0.035033 -0.407612 0.058540 -0.126244 -0.990270 0.208155 -0.631558 0.763543 -0.134674 0.012224 0.000000 0.000000 0.000000 1.000000
0.798479 0.601246 -0.030560 -0.407612 0.053453 -0.121367 -0.991168 0.208155 -0.599645 0.789793 -0.129047 0.012223 0.000000 0.000000 0.000000 1.000000
0.825132 0.564347 -0.025861 -0.407612 0.048032 -0.115691 -0.992123 0.208155 -0.562894 0.817391 -0.122567 0.012223 0.000000 0.000000 0.000000 1.000000
0.849025 0.527909 -0.021648 -0.407612 0.043094 -0.110027 -0.992994 0.208156 -0.526592 0.842144 -0.116166 0.012223 0.000000 0.000000 0.000000 1.000000
0.867170 0.497671 -0.018448 -0.407613 0.039285 -0.105287 -0.993665 0.208156 -0.496461 0.860952 -0.110853 0.012223 0.000000 0.000000 0.000000 1.000000
0.877363 0.479538 -0.016651 -0.407613 0.037118 -0.102428 -0.994048 0.208156 -0.478389 0.871523 -0.107666 0.012223 0.000000 0.000000 0.000000 1.000000
0.878837 0.476840 -0.016391 -0.407612 0.036803 -0.102002 -0.994103 0.208156 -0.475701 0.873051 -0.107192 0.012223 0.000000 0.000000 0.000000 1.000000
0.876848 0.480477 -0.016742 -0.407613 0.037228 -0.102576 -0.994028 0.208155 -0.479325 0.870988 -0.107831 0.012223 0.000000 0.000000 0.000000 1.000000
0.869375 0.493824 -0.018060 -0.407612 0.038818 -0.104682 -0.993748 0.208155 -0.492627 0.863238 -0.110177 0.012223 0.000000 0.000000 0.000000 1.000000
0.852358 0.522534 -0.021060 -0.407613 0.042399 -0.109187 -0.993116 0.208155 -0.521237 0.845598 -0.115221 0.012223 0.000000 0.000000 0.000000 1.000000
0.820114 0.571574 -0.026746 -0.407612 0.049059 -0.116807 -0.991942 0.208156 -0.570093 0.812194 -0.123836 0.012224 0.000000 0.000000 0.000000 1.000000
0.764958 0.643047 -0.036471 -0.407613 0.060163 -0.127717 -0.989984 0.208156 -0.641265 0.755102 -0.136386 0.012223 0.000000 0.000000 0.000000 1.000000
0.698614 0.713876 -0.048169 -0.407612 0.073167 -0.138248 -0.987691 0.208156 -0.711748 0.686490 -0.148814 0.012223 0.000000 0.000000 0.000000 1.000000
0.664912 0.744959 -0.054112 -0.407612 0.079658 -0.142759 -0.986547 0.208156 -0.742662 0.651656 -0.154265 0.012223 0.000000 0.000000 0.000000 1.000000
0.664912 0.744959 -0.054112 -0.407612 0.079658 -0.142759 -0.986547 0.208155 -0.742662 0.651657 -0.154265 0.012223 0.000000 0.000000 0.000000 1.000000
0.664912 0.744959 -0.054112 -0.407613 0.079659 -0.142759 -0.986547 0.208155 -0.742662 0.651656 -0.154265 0.012223 0.000000 0.000000 0.000000 1.000000
0.664912 0.744959 -0.054112 -0.407612 0.079658 -0.142759 -0.986547 0.208155 -0.742662 0.651657 -0.154265 0.012224 0.000000 0.000000 0.000000 1.000000
0.664912 0.744959 -0.054112 -0.407612 0.079659 -0.142759 -0.986547 0.208155 -0.742662 0.651657 -0.154265 0.012223 0.000000 0.000000 0.000000 1.000000
0.664912 0.744959 -0.054112 -0.407612 0.079658 -0.142759 -0.986547 0.208155 -0.742662 0.651657 -0.154265 0.012224 0.000000 0.000000 0.000000 1.000000
0.664912 0.744959 -0.054112 -0.407612 0.079658 -0.142759 -0.986547 0.208156 -0.742662 0.651656 -0.154265 0.012223 0.000000 0.000000 0.000000 1.000000
0.664912 0.744959 -0.054112 -0.407612 0.079658 -0.142759 -0.986547 0.208155 -0.742662 0.651656 -0.154265 0.012224 0.000000 0.000000 0.000000 1.000000
0.664912 0.744959 -0.054112 -0.407613 0.079658 -0.142759 -0.986547 0.208156 -0.742662 0.651657 -0.154265 0.012223 0.000000 0.000000 0.000000 1.000000
0.664912 0.744959 -0.054112 -0.407612 0.079658 -0.142759 -0.986547 0.208155 -0.742662 0.651656 -0.154265 0.012223 0.000000 0.000000 0.000000 1.000000</float_array><technique_common><accessor source="#jnt_left_handpinky1-Matrix-animation-output-transform-array" count="25" stride="16"><param type="float4x4"/></accessor></technique_common></source><source id="jnt_left_handpinky1-Interpolations"><Name_array id="jnt_left_handpinky1-Interpolations-array" count="25">
 LINEAR LINEAR LINEAR LINEAR LINEAR LINEAR LINEAR LINEAR LINEAR LINEAR LINEAR
LINEAR LINEAR LINEAR LINEAR LINEAR LINEAR LINEAR LINEAR LINEAR LINEAR LINEAR LINEAR
LINEAR LINEAR</Name_array><technique_common><accessor source="#jnt_left_handpinky1-Interpolations-array" count="25"><param type="name"/></accessor></technique_common></source><sampler id="jnt_left_handpinky1-Matrix-animation-transform"><input semantic="INPUT" source="#jnt_left_handpinky1-Matrix-animation-input"/><input semantic="OUTPUT" source="#jnt_left_handpinky1-Matrix-animation-output-transform"/><input semantic="INTERPOLATION" source="#jnt_left_handpinky1-Interpolations"/></sampler><channel source="#jnt_left_handpinky1-Matrix-animation-transform" target="jnt_left_handpinky1/matrix"/></animation></animation>
    <animation id="jnt_left_handpinky2-anim" name="jnt_left_handpinky2"><animation><source id="jnt_left_handpinky2-Matrix-animation-input"><float_array id="jnt_left_handpinky2-Matrix-animation-input-array" count="25">

0.000000 0.033333 0.066667 0.100000 0.133333 0.166667 0.200000 0.233333 0.266667 0.300000 0.333333 0.366667 0.400000 0.433333 0.466667 0.500000
0.533333 0.566667 0.600000 0.633333 0.666667 0.700000 0.733333 0.766667 0.800000</float_array><technique_common><accessor source="#jnt_left_handpinky2-Matrix-animation-input-array" count="25"><param name="TIME" type="float"/></accessor></technique_common></source><source id="jnt_left_handpinky2-Matrix-animation-output-transform"><float_array id="jnt_left_handpinky2-Matrix-animation-output-transform-array" count="400">

0.947856 0.318698 0.000001 -0.148503 -0.318698 0.947856 -0.000000 0.000001 -0.000001 0.000000 1.000000 -0.000001 0.000000 0.000000 0.000000 1.000000
0.951479 0.307714 0.000001 -0.148503 -0.307714 0.951479 -0.000000 0.000001 -0.000001 0.000000 1.000000 -0.000001 0.000000 0.000000 0.000000 1.000000
0.960311 0.278930 0.000001 -0.148503 -0.278929 0.960312 -0.000000 0.000001 -0.000001 0.000000 1.000000 -0.000001 0.000000 0.000000 0.000000 1.000000
0.971109 0.238636 0.000001 -0.148503 -0.238636 0.971109 -0.000000 0.000001 -0.000001 0.000000 1.000000 -0.000000 0.000000 0.000000 0.000000 1.000000
0.981139 0.193306 0.000001 -0.148503 -0.193306 0.981139 -0.000000 0.000001 -0.000001 0.000000 1.000000 -0.000000 0.000000 0.000000 0.000000 1.000000
0.988754 0.149551 0.000001 -0.148503 -0.149551 0.988754 -0.000000 0.000002 -0.000001 0.000000 1.000000 -0.000001 0.000000 0.000000 0.000000 1.000000
0.993488 0.113940 0.000001 -0.148503 -0.113940 0.993488 -0.000000 0.000001 -0.000001 0.000000 1.000000 -0.000001 0.000000 0.000000 0.000000 1.000000
0.995678 0.092870 0.000001 -0.148503 -0.092870 0.995678 -0.000000 0.000001 -0.000001 0.000000 1.000000 -0.000002 0.000000 0.000000 0.000000 1.000000
0.995694 0.092696 0.000001 -0.148503 -0.092696 0.995694 -0.000000 0.000001 -0.000001 0.000000 1.000000 -0.000000 0.000000 0.000000 0.000000 1.000000
0.995576 0.093956 0.000001 -0.148503 -0.093956 0.995576 -0.000000 0.000001 -0.000001 0.000000 1.000000 -0.000000 0.000000 0.000000 0.000000 1.000000
0.993992 0.109452 0.000001 -0.148503 -0.109452 0.993992 -0.000000 0.000002 -0.000001 0.000000 1.000000 -0.000001 0.000000 0.000000 0.000000 1.000000
0.989697 0.143176 0.000001 -0.148502 -0.143176 0.989697 -0.000000 0.000001 -0.000001 0.000000 1.000000 -0.000001 0.000000 0.000000 0.000000 1.000000
0.979365 0.202101 0.000001 -0.148503 -0.202101 0.979365 -0.000000 0.000001 -0.000001 0.000000 1.000000 -0.000001 0.000000 0.000000 0.000000 1.000000
0.956610 0.291371 0.000001 -0.148503 -0.291371 0.956610 -0.000000 0.000002 -0.000001 0.000000 1.000000 -0.000001 0.000000 0.000000 0.000000 1.000000
0.923046 0.384690 0.000001 -0.148503 -0.384690 0.923046 -0.000000 0.000001 -0.000001 -0.000000 1.000000 -0.000001 0.000000 0.000000 0.000000 1.000000
0.903992 0.427549 0.000001 -0.148503 -0.427549 0.903992 -0.000000 0.000001 -0.000001 -0.000000 1.000000 -0.000000 0.000000 0.000000 0.000000 1.000000
0.903992 0.427549 0.000001 -0.148503 -0.427549 0.903992 -0.000000 0.000001 -0.000001 -0.000000 1.000000 -0.000001 0.000000 0.000000 0.000000 1.000000
0.903992 0.427549 0.000001 -0.148503 -0.427549 0.903992 -0.000000 0.000001 -0.000001 -0.000000 1.000000 -0.000001 0.000000 0.000000 0.000000 1.000000
0.903992 0.427549 0.000001 -0.148503 -0.427549 0.903992 -0.000000 0.000001 -0.000001 -0.000000 1.000000 -0.000001 0.000000 0.000000 0.000000 1.000000
0.903992 0.427549 0.000001 -0.148503 -0.427549 0.903992 -0.000000 0.000001 -0.000001 -0.000000 1.000000 -0.000001 0.000000 0.000000 0.000000 1.000000
0.903992 0.427549 0.000001 -0.148503 -0.427549 0.903992 -0.000000 0.000002 -0.000001 -0.000000 1.000000 -0.000001 0.000000 0.000000 0.000000 1.000000
0.903992 0.427549 0.000001 -0.148503 -0.427549 0.903992 -0.000000 0.000000 -0.000001 -0.000000 1.000000 -0.000001 0.000000 0.000000 0.000000 1.000000
0.903992 0.427549 0.000001 -0.148503 -0.427549 0.903992 -0.000000 0.000002 -0.000001 -0.000000 1.000000 -0.000001 0.000000 0.000000 0.000000 1.000000
0.903992 0.427549 0.000001 -0.148503 -0.427549 0.903992 -0.000000 0.000002 -0.000001 -0.000000 1.000000 -0.000001 0.000000 0.000000 0.000000 1.000000
0.903992 0.427549 0.000001 -0.148503 -0.427549 0.903992 -0.000000 0.000000 -0.000001 -0.000000 1.000000 -0.000001 0.000000 0.000000 0.000000 1.000000</float_array><technique_common><accessor source="#jnt_left_handpinky2-Matrix-animation-output-transform-array" count="25" stride="16"><param type="float4x4"/></accessor></technique_common></source><source id="jnt_left_handpinky2-Interpolations"><Name_array id="jnt_left_handpinky2-Interpolations-array" count="25">
 LINEAR LINEAR LINEAR LINEAR LINEAR LINEAR LINEAR LINEAR LINEAR LINEAR LINEAR
LINEAR LINEAR LINEAR LINEAR LINEAR LINEAR LINEAR LINEAR LINEAR LINEAR LINEAR LINEAR
LINEAR LINEAR</Name_array><technique_common><accessor source="#jnt_left_handpinky2-Interpolations-array" count="25"><param type="name"/></accessor></technique_common></source><sampler id="jnt_left_handpinky2-Matrix-animation-transform"><input semantic="INPUT" source="#jnt_left_handpinky2-Matrix-animation-input"/><input semantic="OUTPUT" source="#jnt_left_handpinky2-Matrix-animation-output-transform"/><input semantic="INTERPOLATION" source="#jnt_left_handpinky2-Interpolations"/></sampler><channel source="#jnt_left_handpinky2-Matrix-animation-transform" target="jnt_left_handpinky2/matrix"/></animation></animation>
    <animation id="jnt_left_handpinky3-anim" name="jnt_left_handpinky3"><animation><source id="jnt_left_handpinky3-Matrix-animation-input"><float_array id="jnt_left_handpinky3-Matrix-animation-input-array" count="25">

0.000000 0.033333 0.066667 0.100000 0.133333 0.166667 0.200000 0.233333 0.266667 0.300000 0.333333 0.366667 0.400000 0.433333 0.466667 0.500000
0.533333 0.566667 0.600000 0.633333 0.666667 0.700000 0.733333 0.766667 0.800000</float_array><technique_common><accessor source="#jnt_left_handpinky3-Matrix-animation-input-array" count="25"><param name="TIME" type="float"/></accessor></technique_common></source><source id="jnt_left_handpinky3-Matrix-animation-output-transform"><float_array id="jnt_left_handpinky3-Matrix-animation-output-transform-array" count="400">

0.997101 0.076084 -0.000000 -0.075474 -0.076084 0.997101 -0.000001 0.000002 0.000000 0.000001 1.000000 -0.000001 0.000000 0.000000 0.000000 1.000000
0.997915 0.064546 -0.000000 -0.075474 -0.064546 0.997915 -0.000001 0.000002 0.000000 0.000001 1.000000 -0.000000 0.000000 0.000000 0.000000 1.000000
0.999405 0.034474 -0.000000 -0.075474 -0.034474 0.999405 -0.000001 0.000002 0.000000 0.000001 1.000000 0.000001 0.000000 0.000000 0.000000 1.000000
0.999974 -0.007237 -0.000000 -0.075474 0.007237 0.999974 -0.000001 0.000002 0.000000 0.000001 1.000000 0.000001 0.000000 0.000000 0.000000 1.000000
0.998560 -0.053642 -0.000000 -0.075474 0.053642 0.998560 -0.000001 0.000002 0.000000 0.000001 1.000000 0.000000 0.000000 0.000000 0.000000 1.000000
0.995193 -0.097927 -0.000000 -0.075474 0.097927 0.995193 -0.000001 0.000002 0.000001 0.000001 1.000000 0.000000 0.000000 0.000000 0.000000 1.000000
0.991034 -0.133610 -0.000000 -0.075474 0.133610 0.991034 -0.000001 0.000002 0.000001 0.000001 1.000000 -0.000000 0.000000 0.000000 0.000000 1.000000
0.987981 -0.154572 -0.000000 -0.075474 0.154572 0.987982 -0.000001 0.000001 0.000001 0.000001 1.000000 -0.000000 0.000000 0.000000 0.000000 1.000000
0.987954 -0.154745 -0.000000 -0.075474 0.154745 0.987955 -0.000001 0.000002 0.000001 0.000001 1.000000 0.000000 0.000000 0.000000 0.000000 1.000000
0.988150 -0.153494 -0.000000 -0.075474 0.153494 0.988150 -0.000001 0.000002 0.000001 0.000001 1.000000 -0.000001 0.000000 0.000000 0.000000 1.000000
0.990420 -0.138084 -0.000000 -0.075474 0.138084 0.990420 -0.000001 0.000001 0.000000 0.000001 1.000000 0.000000 0.000000 0.000000 0.000000 1.000000
0.994542 -0.104338 -0.000000 -0.075474 0.104338 0.994542 -0.000001 0.000002 0.000000 0.000001 1.000000 0.000000 0.000000 0.000000 0.000000 1.000000
0.999002 -0.044681 -0.000000 -0.075474 0.044681 0.999002 -0.000001 0.000001 0.000000 0.000001 1.000000 0.000000 0.000000 0.000000 0.000000 1.000000
0.998874 0.047443 -0.000000 -0.075474 -0.047443 0.998874 -0.000001 0.000002 0.000000 0.000001 1.000000 -0.000000 0.000000 0.000000 0.000000 1.000000
0.989262 0.146148 -0.000000 -0.075474 -0.146148 0.989262 -0.000001 0.000002 0.000000 0.000001 1.000000 0.000000 0.000000 0.000000 0.000000 1.000000
0.981322 0.192375 -0.000000 -0.075474 -0.192375 0.981322 -0.000001 0.000001 0.000000 0.000001 1.000000 0.000001 0.000000 0.000000 0.000000 1.000000
0.981321 0.192374 -0.000000 -0.075474 -0.192374 0.981321 -0.000001 0.000002 0.000000 0.000001 1.000000 0.000000 0.000000 0.000000 0.000000 1.000000
0.981321 0.192374 -0.000000 -0.075474 -0.192374 0.981321 -0.000001 0.000001 0.000000 0.000001 1.000000 0.000000 0.000000 0.000000 0.000000 1.000000
0.981322 0.192374 -0.000000 -0.075474 -0.192374 0.981322 -0.000001 0.000003 0.000000 0.000001 1.000000 -0.000000 0.000000 0.000000 0.000000 1.000000
0.981322 0.192374 -0.000000 -0.075474 -0.192374 0.981322 -0.000001 0.000002 0.000000 0.000001 1.000000 -0.000000 0.000000 0.000000 0.000000 1.000000
0.981322 0.192375 -0.000000 -0.075474 -0.192375 0.981322 -0.000001 0.000002 0.000000 0.000001 1.000000 0.000000 0.000000 0.000000 0.000000 1.000000
0.981322 0.192375 -0.000000 -0.075474 -0.192375 0.981322 -0.000001 0.000002 0.000000 0.000001 1.000000 -0.000000 0.000000 0.000000 0.000000 1.000000
0.981321 0.192374 -0.000000 -0.075474 -0.192374 0.981321 -0.000001 0.000002 0.000000 0.000001 1.000000 0.000001 0.000000 0.000000 0.000000 1.000000
0.981322 0.192375 -0.000000 -0.075474 -0.192375 0.981322 -0.000001 0.000002 0.000000 0.000001 1.000000 -0.000000 0.000000 0.000000 0.000000 1.000000
0.981322 0.192374 -0.000000 -0.075474 -0.192374 0.981322 -0.000001 0.000003 0.000000 0.000001 1.000000 -0.000001 0.000000 0.000000 0.000000 1.000000</float_array><technique_common><accessor source="#jnt_left_handpinky3-Matrix-animation-output-transform-array" count="25" stride="16"><param type="float4x4"/></accessor></technique_common></source><source id="jnt_left_handpinky3-Interpolations"><Name_array id="jnt_left_handpinky3-Interpolations-array" count="25">
 LINEAR LINEAR LINEAR LINEAR LINEAR LINEAR LINEAR LINEAR LINEAR LINEAR LINEAR
LINEAR LINEAR LINEAR LINEAR LINEAR LINEAR LINEAR LINEAR LINEAR LINEAR LINEAR LINEAR
LINEAR LINEAR</Name_array><technique_common><accessor source="#jnt_left_handpinky3-Interpolations-array" count="25"><param type="name"/></accessor></technique_common></source><sampler id="jnt_left_handpinky3-Matrix-animation-transform"><input semantic="INPUT" source="#jnt_left_handpinky3-Matrix-animation-input"/><input semantic="OUTPUT" source="#jnt_left_handpinky3-Matrix-animation-output-transform"/><input semantic="INTERPOLATION" source="#jnt_left_handpinky3-Interpolations"/></sampler><channel source="#jnt_left_handpinky3-Matrix-animation-transform" target="jnt_left_handpinky3/matrix"/></animation></animation>
    <animation id="jnt_left_handpinky4-anim" name="jnt_left_handpinky4"><animation><source id="jnt_left_handpinky4-Matrix-animation-input"><float_array id="jnt_left_handpinky4-Matrix-animation-input-array" count="25">

0.000000 0.033333 0.066667 0.100000 0.133333 0.166667 0.200000 0.233333 0.266667 0.300000 0.333333 0.366667 0.400000 0.433333 0.466667 0.500000
0.533333 0.566667 0.600000 0.633333 0.666667 0.700000 0.733333 0.766667 0.800000</float_array><technique_common><accessor source="#jnt_left_handpinky4-Matrix-animation-input-array" count="25"><param name="TIME" type="float"/></accessor></technique_common></source><source id="jnt_left_handpinky4-Matrix-animation-output-transform"><float_array id="jnt_left_handpinky4-Matrix-animation-output-transform-array" count="400">

1.000000 0.000000 -0.000000 -0.101158 -0.000000 1.000000 -0.000000 -0.000003 0.000000 0.000000 1.000000 0.000000 0.000000 0.000000 0.000000 1.000000
1.000000 0.000000 0.000000 -0.101158 -0.000000 1.000000 -0.000000 -0.000003 -0.000000 0.000000 1.000000 -0.000000 0.000000 0.000000 0.000000 1.000000
1.000000 0.000000 -0.000000 -0.101158 -0.000000 1.000000 -0.000000 -0.000003 0.000000 0.000000 1.000000 0.000000 0.000000 0.000000 0.000000 1.000000
1.000000 0.000000 -0.000000 -0.101158 -0.000000 1.000000 -0.000000 -0.000003 0.000000 0.000000 1.000000 0.000000 0.000000 0.000000 0.000000 1.000000
1.000000 0.000001 -0.000000 -0.101158 -0.000001 1.000000 -0.000000 -0.000003 0.000000 0.000000 1.000000 -0.000000 0.000000 0.000000 0.000000 1.000000
1.000000 0.000001 -0.000000 -0.101158 -0.000001 1.000000 -0.000000 -0.000003 0.000000 0.000000 1.000000 -0.000000 0.000000 0.000000 0.000000 1.000000
1.000000 0.000001 -0.000000 -0.101158 -0.000001 1.000000 -0.000000 -0.000003 0.000000 0.000000 1.000000 -0.000000 0.000000 0.000000 0.000000 1.000000
1.000000 0.000000 0.000000 -0.101158 -0.000000 1.000000 -0.000000 -0.000003 -0.000000 0.000000 1.000000 0.000000 0.000000 0.000000 0.000000 1.000000
1.000000 0.000000 0.000000 -0.101158 -0.000000 1.000000 -0.000000 -0.000003 -0.000000 0.000000 1.000000 0.000000 0.000000 0.000000 0.000000 1.000000
1.000000 0.000000 0.000000 -0.101157 -0.000000 1.000000 0.000000 -0.000003 -0.000000 -0.000000 1.000000 -0.000000 0.000000 0.000000 0.000000 1.000000
1.000000 0.000000 0.000000 -0.101158 -0.000000 1.000000 0.000000 -0.000003 -0.000000 -0.000000 1.000000 0.000000 0.000000 0.000000 0.000000 1.000000
1.000000 0.000000 0.000000 -0.101158 -0.000000 1.000000 -0.000000 -0.000003 -0.000000 0.000000 1.000000 -0.000000 0.000000 0.000000 0.000000 1.000000
1.000000 0.000000 0.000000 -0.101158 -0.000000 1.000000 -0.000000 -0.000003 -0.000000 0.000000 1.000000 -0.000000 0.000000 0.000000 0.000000 1.000000
1.000000 0.000000 -0.000000 -0.101158 -0.000000 1.000000 -0.000000 -0.000003 0.000000 0.000000 1.000000 0.000000 0.000000 0.000000 0.000000 1.000000
1.000000 0.000000 -0.000000 -0.101158 -0.000000 1.000000 -0.000000 -0.000003 0.000000 0.000000 1.000000 -0.000000 0.000000 0.000000 0.000000 1.000000
1.000000 0.000000 -0.000000 -0.101158 -0.000000 1.000000 -0.000000 -0.000003 0.000000 0.000000 1.000000 0.000000 0.000000 0.000000 0.000000 1.000000
1.000000 0.000000 0.000000 -0.101158 -0.000000 1.000000 -0.000000 -0.000003 -0.000000 0.000000 1.000000 -0.000000 0.000000 0.000000 0.000000 1.000000
1.000000 0.000001 -0.000000 -0.101158 -0.000001 1.000000 -0.000000 -0.000003 0.000000 0.000000 1.000000 0.000000 0.000000 0.000000 0.000000 1.000000
1.000000 0.000000 -0.000000 -0.101158 -0.000000 1.000000 -0.000000 -0.000003 0.000000 0.000000 1.000000 -0.000000 0.000000 0.000000 0.000000 1.000000
1.000000 0.000000 0.000000 -0.101158 -0.000000 1.000000 0.000000 -0.000003 -0.000000 -0.000000 1.000000 -0.000000 0.000000 0.000000 0.000000 1.000000
1.000000 0.000000 0.000000 -0.101158 -0.000000 1.000000 0.000000 -0.000003 -0.000000 -0.000000 1.000000 0.000000 0.000000 0.000000 0.000000 1.000000
1.000000 0.000001 0.000000 -0.101158 -0.000001 1.000000 -0.000000 -0.000003 -0.000000 0.000000 1.000000 -0.000000 0.000000 0.000000 0.000000 1.000000
1.000000 0.000001 -0.000000 -0.101158 -0.000001 1.000000 0.000000 -0.000003 0.000000 -0.000000 1.000000 -0.000000 0.000000 0.000000 0.000000 1.000000
1.000000 0.000000 -0.000000 -0.101158 -0.000000 1.000000 0.000000 -0.000003 0.000000 -0.000000 1.000000 -0.000000 0.000000 0.000000 0.000000 1.000000
1.000000 0.000000 0.000000 -0.101158 -0.000000 1.000000 0.000000 -0.000003 -0.000000 -0.000000 1.000000 -0.000000 0.000000 0.000000 0.000000 1.000000</float_array><technique_common><accessor source="#jnt_left_handpinky4-Matrix-animation-output-transform-array" count="25" stride="16"><param type="float4x4"/></accessor></technique_common></source><source id="jnt_left_handpinky4-Interpolations"><Name_array id="jnt_left_handpinky4-Interpolations-array" count="25">
 LINEAR LINEAR LINEAR LINEAR LINEAR LINEAR LINEAR LINEAR LINEAR LINEAR LINEAR
LINEAR LINEAR LINEAR LINEAR LINEAR LINEAR LINEAR LINEAR LINEAR LINEAR LINEAR LINEAR
LINEAR LINEAR</Name_array><technique_common><accessor source="#jnt_left_handpinky4-Interpolations-array" count="25"><param type="name"/></accessor></technique_common></source><sampler id="jnt_left_handpinky4-Matrix-animation-transform"><input semantic="INPUT" source="#jnt_left_handpinky4-Matrix-animation-input"/><input semantic="OUTPUT" source="#jnt_left_handpinky4-Matrix-animation-output-transform"/><input semantic="INTERPOLATION" source="#jnt_left_handpinky4-Interpolations"/></sampler><channel source="#jnt_left_handpinky4-Matrix-animation-transform" target="jnt_left_handpinky4/matrix"/></animation></animation>
    <animation id="jnt_right_armroot-anim" name="jnt_right_armroot"><animation><source id="jnt_right_armroot-Matrix-animation-input"><float_array id="jnt_right_armroot-Matrix-animation-input-array" count="25">

0.000000 0.033333 0.066667 0.100000 0.133333 0.166667 0.200000 0.233333 0.266667 0.300000 0.333333 0.366667 0.400000 0.433333 0.466667 0.500000
0.533333 0.566667 0.600000 0.633333 0.666667 0.700000 0.733333 0.766667 0.800000</float_array><technique_common><accessor source="#jnt_right_armroot-Matrix-animation-input-array" count="25"><param name="TIME" type="float"/></accessor></technique_common></source><source id="jnt_right_armroot-Matrix-animation-output-transform"><float_array id="jnt_right_armroot-Matrix-animation-output-transform-array" count="400">

1.000000 -0.000004 -0.000000 0.000000 0.000004 1.000000 -0.000000 0.000000 0.000000 0.000000 1.000000 -0.000000 0.000000 0.000000 0.000000 1.000000
1.000000 -0.000004 -0.000000 0.000000 0.000004 1.000000 -0.000000 0.000000 0.000000 0.000000 1.000000 -0.000000 0.000000 0.000000 0.000000 1.000000
1.000000 -0.000004 -0.000000 0.000000 0.000004 1.000000 -0.000000 0.000000 0.000000 0.000000 1.000000 -0.000000 0.000000 0.000000 0.000000 1.000000
1.000000 -0.000004 -0.000000 0.000000 0.000004 1.000000 -0.000000 0.000000 0.000000 0.000000 1.000000 -0.000000 0.000000 0.000000 0.000000 1.000000
1.000000 -0.000004 -0.000000 0.000000 0.000004 1.000000 -0.000000 0.000000 0.000000 0.000000 1.000000 -0.000000 0.000000 0.000000 0.000000 1.000000
1.000000 -0.000004 -0.000000 0.000000 0.000004 1.000000 -0.000000 0.000000 0.000000 0.000000 1.000000 -0.000000 0.000000 0.000000 0.000000 1.000000
1.000000 -0.000004 -0.000000 0.000000 0.000004 1.000000 -0.000000 0.000000 0.000000 0.000000 1.000000 -0.000000 0.000000 0.000000 0.000000 1.000000
1.000000 -0.000004 -0.000000 0.000000 0.000004 1.000000 -0.000000 0.000000 0.000000 0.000000 1.000000 -0.000000 0.000000 0.000000 0.000000 1.000000
1.000000 -0.000004 -0.000000 0.000000 0.000004 1.000000 -0.000000 0.000000 0.000000 0.000000 1.000000 -0.000000 0.000000 0.000000 0.000000 1.000000
1.000000 -0.000004 -0.000000 0.000000 0.000004 1.000000 -0.000000 0.000000 0.000000 0.000000 1.000000 -0.000000 0.000000 0.000000 0.000000 1.000000
1.000000 -0.000004 -0.000000 0.000000 0.000004 1.000000 -0.000000 0.000000 0.000000 0.000000 1.000000 -0.000000 0.000000 0.000000 0.000000 1.000000
1.000000 -0.000004 -0.000000 0.000000 0.000004 1.000000 -0.000000 0.000000 0.000000 0.000000 1.000000 -0.000000 0.000000 0.000000 0.000000 1.000000
1.000000 -0.000004 -0.000000 0.000000 0.000004 1.000000 -0.000000 0.000000 0.000000 0.000000 1.000000 -0.000000 0.000000 0.000000 0.000000 1.000000
1.000000 -0.000004 -0.000000 0.000000 0.000004 1.000000 -0.000000 0.000000 0.000000 0.000000 1.000000 -0.000000 0.000000 0.000000 0.000000 1.000000
1.000000 -0.000004 -0.000000 0.000000 0.000004 1.000000 -0.000000 0.000000 0.000000 0.000000 1.000000 -0.000000 0.000000 0.000000 0.000000 1.000000
1.000000 -0.000004 -0.000000 0.000000 0.000004 1.000000 -0.000000 0.000000 0.000000 0.000000 1.000000 -0.000000 0.000000 0.000000 0.000000 1.000000
1.000000 -0.000004 -0.000000 0.000000 0.000004 1.000000 -0.000000 0.000000 0.000000 0.000000 1.000000 -0.000000 0.000000 0.000000 0.000000 1.000000
1.000000 -0.000004 -0.000000 0.000000 0.000004 1.000000 -0.000000 0.000000 0.000000 0.000000 1.000000 -0.000000 0.000000 0.000000 0.000000 1.000000
1.000000 -0.000004 -0.000000 0.000000 0.000004 1.000000 -0.000000 0.000000 0.000000 0.000000 1.000000 -0.000000 0.000000 0.000000 0.000000 1.000000
1.000000 -0.000004 -0.000000 0.000000 0.000004 1.000000 -0.000000 0.000000 0.000000 0.000000 1.000000 -0.000000 0.000000 0.000000 0.000000 1.000000
1.000000 -0.000004 -0.000000 0.000000 0.000004 1.000000 -0.000000 0.000000 0.000000 0.000000 1.000000 -0.000000 0.000000 0.000000 0.000000 1.000000
1.000000 -0.000004 -0.000000 0.000000 0.000004 1.000000 -0.000000 0.000000 0.000000 0.000000 1.000000 -0.000000 0.000000 0.000000 0.000000 1.000000
1.000000 -0.000004 -0.000000 0.000000 0.000004 1.000000 -0.000000 0.000000 0.000000 0.000000 1.000000 -0.000000 0.000000 0.000000 0.000000 1.000000
1.000000 -0.000004 -0.000000 0.000000 0.000004 1.000000 -0.000000 0.000000 0.000000 0.000000 1.000000 -0.000000 0.000000 0.000000 0.000000 1.000000
1.000000 -0.000004 -0.000000 0.000000 0.000004 1.000000 -0.000000 0.000000 0.000000 0.000000 1.000000 -0.000000 0.000000 0.000000 0.000000 1.000000</float_array><technique_common><accessor source="#jnt_right_armroot-Matrix-animation-output-transform-array" count="25" stride="16"><param type="float4x4"/></accessor></technique_common></source><source id="jnt_right_armroot-Interpolations"><Name_array id="jnt_right_armroot-Interpolations-array" count="25">
 LINEAR LINEAR LINEAR LINEAR LINEAR LINEAR LINEAR LINEAR LINEAR LINEAR LINEAR
LINEAR LINEAR LINEAR LINEAR LINEAR LINEAR LINEAR LINEAR LINEAR LINEAR LINEAR LINEAR
LINEAR LINEAR</Name_array><technique_common><accessor source="#jnt_right_armroot-Interpolations-array" count="25"><param type="name"/></accessor></technique_common></source><sampler id="jnt_right_armroot-Matrix-animation-transform"><input semantic="INPUT" source="#jnt_right_armroot-Matrix-animation-input"/><input semantic="OUTPUT" source="#jnt_right_armroot-Matrix-animation-output-transform"/><input semantic="INTERPOLATION" source="#jnt_right_armroot-Interpolations"/></sampler><channel source="#jnt_right_armroot-Matrix-animation-transform" target="jnt_right_armroot/matrix"/></animation></animation>
    <animation id="jnt_right_shoulder-anim" name="jnt_right_shoulder"><animation><source id="jnt_right_shoulder-Matrix-animation-input"><float_array id="jnt_right_shoulder-Matrix-animation-input-array" count="25">

0.000000 0.033333 0.066667 0.100000 0.133333 0.166667 0.200000 0.233333 0.266667 0.300000 0.333333 0.366667 0.400000 0.433333 0.466667 0.500000
0.533333 0.566667 0.600000 0.633333 0.666667 0.700000 0.733333 0.766667 0.800000</float_array><technique_common><accessor source="#jnt_right_shoulder-Matrix-animation-input-array" count="25"><param name="TIME" type="float"/></accessor></technique_common></source><source id="jnt_right_shoulder-Matrix-animation-output-transform"><float_array id="jnt_right_shoulder-Matrix-animation-output-transform-array" count="400">

0.019288 -0.092831 0.995495 0.635987 -0.352003 0.931300 0.093665 0.114390 -0.935800 -0.352224 -0.014713 -0.266187 0.000000 0.000000 0.000000 1.000000
0.019288 -0.092831 0.995495 0.635987 -0.352003 0.931300 0.093665 0.114390 -0.935800 -0.352224 -0.014713 -0.266187 0.000000 0.000000 0.000000 1.000000
0.019288 -0.092831 0.995495 0.635987 -0.352003 0.931300 0.093665 0.114390 -0.935800 -0.352224 -0.014713 -0.266187 0.000000 0.000000 0.000000 1.000000
0.019288 -0.092831 0.995495 0.635987 -0.352003 0.931300 0.093665 0.114390 -0.935800 -0.352224 -0.014713 -0.266187 0.000000 0.000000 0.000000 1.000000
0.019288 -0.092831 0.995495 0.635987 -0.352003 0.931300 0.093665 0.114390 -0.935800 -0.352224 -0.014713 -0.266187 0.000000 0.000000 0.000000 1.000000
0.019288 -0.092831 0.995495 0.635987 -0.352003 0.931300 0.093665 0.114390 -0.935800 -0.352224 -0.014713 -0.266187 0.000000 0.000000 0.000000 1.000000
0.019288 -0.092831 0.995495 0.635987 -0.352003 0.931300 0.093665 0.114390 -0.935800 -0.352224 -0.014713 -0.266187 0.000000 0.000000 0.000000 1.000000
0.019288 -0.092831 0.995495 0.635987 -0.352003 0.931300 0.093665 0.114390 -0.935800 -0.352224 -0.014713 -0.266187 0.000000 0.000000 0.000000 1.000000
0.019288 -0.092831 0.995495 0.635987 -0.352003 0.931300 0.093665 0.114390 -0.935800 -0.352224 -0.014713 -0.266187 0.000000 0.000000 0.000000 1.000000
0.019288 -0.092831 0.995495 0.635987 -0.352003 0.931300 0.093665 0.114390 -0.935800 -0.352224 -0.014713 -0.266187 0.000000 0.000000 0.000000 1.000000
0.019288 -0.092831 0.995495 0.635987 -0.352003 0.931300 0.093665 0.114390 -0.935800 -0.352224 -0.014713 -0.266187 0.000000 0.000000 0.000000 1.000000
0.019288 -0.092831 0.995495 0.635987 -0.352003 0.931300 0.093665 0.114390 -0.935800 -0.352224 -0.014713 -0.266187 0.000000 0.000000 0.000000 1.000000
0.019288 -0.092831 0.995495 0.635987 -0.352003 0.931300 0.093665 0.114390 -0.935800 -0.352224 -0.014713 -0.266187 0.000000 0.000000 0.000000 1.000000
0.019288 -0.092831 0.995495 0.635987 -0.352003 0.931300 0.093665 0.114390 -0.935800 -0.352224 -0.014713 -0.266187 0.000000 0.000000 0.000000 1.000000
0.019288 -0.092831 0.995495 0.635987 -0.352003 0.931300 0.093665 0.114390 -0.935800 -0.352224 -0.014713 -0.266187 0.000000 0.000000 0.000000 1.000000
0.019288 -0.092831 0.995495 0.635987 -0.352003 0.931300 0.093665 0.114390 -0.935800 -0.352224 -0.014713 -0.266187 0.000000 0.000000 0.000000 1.000000
0.019288 -0.092831 0.995495 0.635987 -0.352003 0.931300 0.093665 0.114390 -0.935800 -0.352224 -0.014713 -0.266187 0.000000 0.000000 0.000000 1.000000
0.019288 -0.092831 0.995495 0.635987 -0.352003 0.931300 0.093665 0.114390 -0.935800 -0.352224 -0.014713 -0.266187 0.000000 0.000000 0.000000 1.000000
0.019288 -0.092831 0.995495 0.635987 -0.352003 0.931300 0.093665 0.114390 -0.935800 -0.352224 -0.014713 -0.266187 0.000000 0.000000 0.000000 1.000000
0.019288 -0.092831 0.995495 0.635987 -0.352003 0.931300 0.093665 0.114390 -0.935800 -0.352224 -0.014713 -0.266187 0.000000 0.000000 0.000000 1.000000
0.019288 -0.092831 0.995495 0.635987 -0.352003 0.931300 0.093665 0.114390 -0.935800 -0.352224 -0.014713 -0.266187 0.000000 0.000000 0.000000 1.000000
0.019288 -0.092831 0.995495 0.635987 -0.352003 0.931300 0.093665 0.114390 -0.935800 -0.352224 -0.014713 -0.266187 0.000000 0.000000 0.000000 1.000000
0.019288 -0.092831 0.995495 0.635987 -0.352003 0.931300 0.093665 0.114390 -0.935800 -0.352224 -0.014713 -0.266187 0.000000 0.000000 0.000000 1.000000
0.019288 -0.092831 0.995495 0.635987 -0.352003 0.931300 0.093665 0.114390 -0.935800 -0.352224 -0.014713 -0.266187 0.000000 0.000000 0.000000 1.000000
0.019288 -0.092831 0.995495 0.635987 -0.352003 0.931300 0.093665 0.114390 -0.935800 -0.352224 -0.014713 -0.266187 0.000000 0.000000 0.000000 1.000000</float_array><technique_common><accessor source="#jnt_right_shoulder-Matrix-animation-output-transform-array" count="25" stride="16"><param type="float4x4"/></accessor></technique_common></source><source id="jnt_right_shoulder-Interpolations"><Name_array id="jnt_right_shoulder-Interpolations-array" count="25">
 LINEAR LINEAR LINEAR LINEAR LINEAR LINEAR LINEAR LINEAR LINEAR LINEAR LINEAR
LINEAR LINEAR LINEAR LINEAR LINEAR LINEAR LINEAR LINEAR LINEAR LINEAR LINEAR LINEAR
LINEAR LINEAR</Name_array><technique_common><accessor source="#jnt_right_shoulder-Interpolations-array" count="25"><param type="name"/></accessor></technique_common></source><sampler id="jnt_right_shoulder-Matrix-animation-transform"><input semantic="INPUT" source="#jnt_right_shoulder-Matrix-animation-input"/><input semantic="OUTPUT" source="#jnt_right_shoulder-Matrix-animation-output-transform"/><input semantic="INTERPOLATION" source="#jnt_right_shoulder-Interpolations"/></sampler><channel source="#jnt_right_shoulder-Matrix-animation-transform" target="jnt_right_shoulder/matrix"/></animation></animation>
    <animation id="jnt_right_arm-anim" name="jnt_right_arm"><animation><source id="jnt_right_arm-Matrix-animation-input"><float_array id="jnt_right_arm-Matrix-animation-input-array" count="25">

0.000000 0.033333 0.066667 0.100000 0.133333 0.166667 0.200000 0.233333 0.266667 0.300000 0.333333 0.366667 0.400000 0.433333 0.466667 0.500000
0.533333 0.566667 0.600000 0.633333 0.666667 0.700000 0.733333 0.766667 0.800000</float_array><technique_common><accessor source="#jnt_right_arm-Matrix-animation-input-array" count="25"><param name="TIME" type="float"/></accessor></technique_common></source><source id="jnt_right_arm-Matrix-animation-output-transform"><float_array id="jnt_right_arm-Matrix-animation-output-transform-array" count="400">

0.358667 -0.498004 0.789524 0.525417 -0.774483 0.313393 0.549510 0.032447 -0.521090 -0.808564 -0.273292 -0.009491 0.000000 0.000000 0.000000 1.000000
0.430431 -0.438107 0.789171 0.525417 -0.755823 0.302999 0.580451 0.032447 -0.493418 -0.846317 -0.200711 -0.009491 0.000000 0.000000 0.000000 1.000000
0.681371 -0.261523 0.683622 0.525417 -0.509596 0.500937 0.699552 0.032447 -0.525401 -0.825026 0.208053 -0.009491 0.000000 0.000000 0.000000 1.000000
0.889047 -0.301553 0.344471 0.525417 0.184051 0.924364 0.334179 0.032447 -0.419189 -0.233701 0.877305 -0.009491 0.000000 0.000000 0.000000 1.000000
0.750666 -0.570867 0.332582 0.525417 0.616712 0.786025 -0.042786 0.032447 -0.236993 0.237225 0.942103 -0.009491 0.000000 0.000000 0.000000 1.000000
0.629378 -0.667978 0.397098 0.525417 0.740699 0.670221 -0.046556 0.032447 -0.235045 0.323432 0.916594 -0.009491 0.000000 0.000000 0.000000 1.000000
0.610959 -0.655975 0.443199 0.525417 0.717036 0.695805 0.041404 0.032447 -0.335540 0.292493 0.895466 -0.009491 0.000000 0.000000 0.000000 1.000000
0.591612 -0.647597 0.480222 0.525417 0.681035 0.720213 0.132229 0.032447 -0.431494 0.248820 0.867123 -0.009491 0.000000 0.000000 0.000000 1.000000
0.569240 -0.644205 0.510848 0.525417 0.640174 0.737164 0.216253 0.032447 -0.515890 0.203931 0.832027 -0.009491 0.000000 0.000000 0.000000 1.000000
0.546781 -0.645412 0.533361 0.525417 0.605930 0.744647 0.279910 0.032447 -0.577823 0.170130 0.798233 -0.009491 0.000000 0.000000 0.000000 1.000000
0.526001 -0.649302 0.549300 0.525417 0.589898 0.743789 0.314321 0.032447 -0.612652 0.158698 0.774256 -0.009491 0.000000 0.000000 0.000000 1.000000
0.504729 -0.659513 0.557037 0.525417 0.606781 0.730005 0.314499 0.032447 -0.614057 0.179262 0.768634 -0.009491 0.000000 0.000000 0.000000 1.000000
0.484102 -0.675964 0.555623 0.525417 0.646792 0.704108 0.293073 0.032447 -0.589326 0.217495 0.778068 -0.009491 0.000000 0.000000 0.000000 1.000000
0.470385 -0.692542 0.546922 0.525417 0.686571 0.676570 0.266219 0.032447 -0.554399 0.250275 0.793728 -0.009491 0.000000 0.000000 0.000000 1.000000
0.465704 -0.706270 0.533199 0.525417 0.715986 0.654821 0.242017 0.032447 -0.520080 0.269054 0.810633 -0.009491 0.000000 0.000000 0.000000 1.000000
0.467971 -0.716479 0.517358 0.525417 0.736253 0.639881 0.220189 0.032447 -0.488809 0.277864 0.826956 -0.009491 0.000000 0.000000 0.000000 1.000000
0.474228 -0.722661 0.502860 0.525417 0.748483 0.631669 0.201908 0.032447 -0.463553 0.280632 0.840455 -0.009491 0.000000 0.000000 0.000000 1.000000
0.481840 -0.724148 0.493396 0.525417 0.753430 0.629876 0.188675 0.032447 -0.447407 0.280828 0.849095 -0.009491 0.000000 0.000000 0.000000 1.000000
0.490189 -0.719546 0.491902 0.525417 0.749869 0.635825 0.182817 0.032447 -0.444309 0.279247 0.851240 -0.009491 0.000000 0.000000 0.000000 1.000000
0.502436 -0.710122 0.493239 0.525417 0.737124 0.649969 0.184901 0.032447 -0.451892 0.270677 0.850016 -0.009491 0.000000 0.000000 0.000000 1.000000
0.511581 -0.702825 0.494289 0.525417 0.726821 0.660788 0.187321 0.032447 -0.458274 0.263430 0.848875 -0.009491 0.000000 0.000000 0.000000 1.000000
0.517869 -0.697653 0.495067 0.525417 0.719202 0.668424 0.189622 0.032447 -0.463205 0.257854 0.847910 -0.009491 0.000000 0.000000 0.000000 1.000000
0.522023 -0.694112 0.495682 0.525417 0.713715 0.673684 0.191729 0.032447 -0.467015 0.253688 0.847076 -0.009491 0.000000 0.000000 0.000000 1.000000
0.524666 -0.691717 0.496238 0.525417 0.709828 0.677259 0.193555 0.032447 -0.469967 0.250692 0.846336 -0.009491 0.000000 0.000000 0.000000 1.000000
0.526366 -0.689993 0.496838 0.525417 0.707022 0.679774 0.195005 0.032447 -0.472290 0.248631 0.845650 -0.009491 0.000000 0.000000 0.000000 1.000000</float_array><technique_common><accessor source="#jnt_right_arm-Matrix-animation-output-transform-array" count="25" stride="16"><param type="float4x4"/></accessor></technique_common></source><source id="jnt_right_arm-Interpolations"><Name_array id="jnt_right_arm-Interpolations-array" count="25">
 LINEAR LINEAR LINEAR LINEAR LINEAR LINEAR LINEAR LINEAR LINEAR LINEAR LINEAR
LINEAR LINEAR LINEAR LINEAR LINEAR LINEAR LINEAR LINEAR LINEAR LINEAR LINEAR LINEAR
LINEAR LINEAR</Name_array><technique_common><accessor source="#jnt_right_arm-Interpolations-array" count="25"><param type="name"/></accessor></technique_common></source><sampler id="jnt_right_arm-Matrix-animation-transform"><input semantic="INPUT" source="#jnt_right_arm-Matrix-animation-input"/><input semantic="OUTPUT" source="#jnt_right_arm-Matrix-animation-output-transform"/><input semantic="INTERPOLATION" source="#jnt_right_arm-Interpolations"/></sampler><channel source="#jnt_right_arm-Matrix-animation-transform" target="jnt_right_arm/matrix"/></animation></animation>
    <animation id="jnt_right_armroll-anim" name="jnt_right_armroll"><animation><source id="jnt_right_armroll-Matrix-animation-input"><float_array id="jnt_right_armroll-Matrix-animation-input-array" count="25">

0.000000 0.033333 0.066667 0.100000 0.133333 0.166667 0.200000 0.233333 0.266667 0.300000 0.333333 0.366667 0.400000 0.433333 0.466667 0.500000
0.533333 0.566667 0.600000 0.633333 0.666667 0.700000 0.733333 0.766667 0.800000</float_array><technique_common><accessor source="#jnt_right_armroll-Matrix-animation-input-array" count="25"><param name="TIME" type="float"/></accessor></technique_common></source><source id="jnt_right_armroll-Matrix-animation-output-transform"><float_array id="jnt_right_armroll-Matrix-animation-output-transform-array" count="400">

1.000000 0.000000 -0.000000 0.421995 -0.000000 1.000000 -0.000000 -0.000002 0.000000 0.000000 1.000000 0.000004 0.000000 0.000000 0.000000 1.000000
1.000000 0.000000 -0.000000 0.421995 -0.000000 1.000000 -0.000000 -0.000002 0.000000 0.000000 1.000000 0.000004 0.000000 0.000000 0.000000 1.000000
1.000000 0.000000 -0.000000 0.421995 -0.000000 1.000000 0.000000 -0.000002 0.000000 -0.000000 1.000000 0.000004 0.000000 0.000000 0.000000 1.000000
1.000000 0.000000 -0.000000 0.421995 -0.000000 1.000000 0.000000 -0.000002 0.000000 -0.000000 1.000000 0.000004 0.000000 0.000000 0.000000 1.000000
1.000000 0.000000 -0.000000 0.421995 -0.000000 1.000000 0.000000 -0.000002 0.000000 -0.000000 1.000000 0.000004 0.000000 0.000000 0.000000 1.000000
1.000000 0.000000 -0.000000 0.421995 -0.000000 1.000000 0.000000 -0.000002 0.000000 -0.000000 1.000000 0.000004 0.000000 0.000000 0.000000 1.000000
1.000000 0.000000 -0.000000 0.421995 -0.000000 1.000000 0.000000 -0.000002 0.000000 -0.000000 1.000000 0.000004 0.000000 0.000000 0.000000 1.000000
1.000000 0.000000 -0.000000 0.421995 -0.000000 1.000000 0.000000 -0.000002 0.000000 -0.000000 1.000000 0.000004 0.000000 0.000000 0.000000 1.000000
1.000000 0.000000 -0.000000 0.421995 -0.000000 1.000000 -0.000000 -0.000002 0.000000 0.000000 1.000000 0.000004 0.000000 0.000000 0.000000 1.000000
1.000000 0.000000 -0.000000 0.421995 -0.000000 1.000000 0.000000 -0.000002 0.000000 -0.000000 1.000000 0.000004 0.000000 0.000000 0.000000 1.000000
1.000000 0.000000 -0.000000 0.421995 -0.000000 1.000000 0.000000 -0.000002 0.000000 -0.000000 1.000000 0.000004 0.000000 0.000000 0.000000 1.000000
1.000000 0.000000 -0.000000 0.421995 -0.000000 1.000000 0.000000 -0.000002 0.000000 -0.000000 1.000000 0.000004 0.000000 0.000000 0.000000 1.000000
1.000000 0.000000 -0.000000 0.421995 -0.000000 1.000000 0.000000 -0.000002 0.000000 -0.000000 1.000000 0.000004 0.000000 0.000000 0.000000 1.000000
1.000000 0.000000 -0.000000 0.421995 -0.000000 1.000000 0.000000 -0.000002 0.000000 -0.000000 1.000000 0.000004 0.000000 0.000000 0.000000 1.000000
1.000000 0.000000 -0.000000 0.421995 -0.000000 1.000000 0.000000 -0.000003 0.000000 -0.000000 1.000000 0.000004 0.000000 0.000000 0.000000 1.000000
1.000000 0.000000 -0.000000 0.421995 -0.000000 1.000000 -0.000000 -0.000002 0.000000 0.000000 1.000000 0.000004 0.000000 0.000000 0.000000 1.000000
1.000000 0.000000 -0.000000 0.421995 -0.000000 1.000000 0.000000 -0.000002 0.000000 -0.000000 1.000000 0.000004 0.000000 0.000000 0.000000 1.000000
1.000000 0.000000 -0.000000 0.421995 -0.000000 1.000000 0.000000 -0.000002 0.000000 -0.000000 1.000000 0.000004 0.000000 0.000000 0.000000 1.000000
1.000000 0.000000 -0.000000 0.421995 -0.000000 1.000000 0.000000 -0.000002 0.000000 -0.000000 1.000000 0.000004 0.000000 0.000000 0.000000 1.000000
1.000000 0.000000 -0.000000 0.421995 -0.000000 1.000000 0.000000 -0.000002 0.000000 -0.000000 1.000000 0.000004 0.000000 0.000000 0.000000 1.000000
1.000000 0.000000 -0.000000 0.421995 -0.000000 1.000000 0.000000 -0.000002 0.000000 -0.000000 1.000000 0.000004 0.000000 0.000000 0.000000 1.000000
1.000000 0.000000 -0.000000 0.421995 -0.000000 1.000000 0.000000 -0.000002 0.000000 -0.000000 1.000000 0.000004 0.000000 0.000000 0.000000 1.000000
1.000000 0.000000 -0.000000 0.421995 -0.000000 1.000000 0.000000 -0.000002 0.000000 -0.000000 1.000000 0.000004 0.000000 0.000000 0.000000 1.000000
1.000000 0.000000 -0.000000 0.421995 -0.000000 1.000000 0.000000 -0.000002 0.000000 -0.000000 1.000000 0.000003 0.000000 0.000000 0.000000 1.000000
1.000000 0.000000 -0.000000 0.421995 -0.000000 1.000000 0.000000 -0.000002 0.000000 -0.000000 1.000000 0.000004 0.000000 0.000000 0.000000 1.000000</float_array><technique_common><accessor source="#jnt_right_armroll-Matrix-animation-output-transform-array" count="25" stride="16"><param type="float4x4"/></accessor></technique_common></source><source id="jnt_right_armroll-Interpolations"><Name_array id="jnt_right_armroll-Interpolations-array" count="25">
 LINEAR LINEAR LINEAR LINEAR LINEAR LINEAR LINEAR LINEAR LINEAR LINEAR LINEAR
LINEAR LINEAR LINEAR LINEAR LINEAR LINEAR LINEAR LINEAR LINEAR LINEAR LINEAR LINEAR
LINEAR LINEAR</Name_array><technique_common><accessor source="#jnt_right_armroll-Interpolations-array" count="25"><param type="name"/></accessor></technique_common></source><sampler id="jnt_right_armroll-Matrix-animation-transform"><input semantic="INPUT" source="#jnt_right_armroll-Matrix-animation-input"/><input semantic="OUTPUT" source="#jnt_right_armroll-Matrix-animation-output-transform"/><input semantic="INTERPOLATION" source="#jnt_right_armroll-Interpolations"/></sampler><channel source="#jnt_right_armroll-Matrix-animation-transform" target="jnt_right_armroll/matrix"/></animation></animation>
    <animation id="jnt_right_forearm-anim" name="jnt_right_forearm"><animation><source id="jnt_right_forearm-Matrix-animation-input"><float_array id="jnt_right_forearm-Matrix-animation-input-array" count="25">

0.000000 0.033333 0.066667 0.100000 0.133333 0.166667 0.200000 0.233333 0.266667 0.300000 0.333333 0.366667 0.400000 0.433333 0.466667 0.500000
0.533333 0.566667 0.600000 0.633333 0.666667 0.700000 0.733333 0.766667 0.800000</float_array><technique_common><accessor source="#jnt_right_forearm-Matrix-animation-input-array" count="25"><param name="TIME" type="float"/></accessor></technique_common></source><source id="jnt_right_forearm-Matrix-animation-output-transform"><float_array id="jnt_right_forearm-Matrix-animation-output-transform-array" count="400">

0.146861 -0.934532 -0.324161 0.843981 0.845004 0.288887 -0.450014 -0.000002 0.514199 -0.207828 0.832110 -0.000003 0.000000 0.000000 0.000000 1.000000
-0.066427 -0.954367 -0.291151 0.843981 0.892653 0.073536 -0.444706 -0.000002 0.445824 -0.289437 0.847034 -0.000003 0.000000 0.000000 0.000000 1.000000
-0.381409 -0.920017 -0.089966 0.843981 0.911306 -0.357890 -0.203561 -0.000001 0.155082 -0.159626 0.974920 -0.000002 0.000000 0.000000 0.000000 1.000000
-0.391575 -0.862489 0.320595 0.843981 0.873631 -0.239106 0.423789 -0.000002 -0.288858 0.446027 0.847125 -0.000003 0.000000 0.000000 0.000000 1.000000
-0.084310 -0.856298 0.509554 0.843981 0.895594 0.159053 0.415469 -0.000002 -0.436812 0.491381 0.753485 -0.000003 0.000000 0.000000 0.000000 1.000000
0.135919 -0.871472 0.471234 0.843981 0.922149 0.285164 0.261389 -0.000002 -0.362172 0.399019 0.842386 -0.000003 0.000000 0.000000 0.000000 1.000000
0.129927 -0.917009 0.377111 0.843981 0.959684 0.211914 0.184662 -0.000002 -0.249253 0.337914 0.907572 -0.000002 0.000000 0.000000 0.000000 1.000000
0.104089 -0.956895 0.271139 0.843981 0.985326 0.136296 0.102751 -0.000002 -0.135277 0.256464 0.957040 -0.000002 0.000000 0.000000 0.000000 1.000000
0.071575 -0.982966 0.169274 0.843981 0.996931 0.075899 0.019207 -0.000002 -0.031727 0.167379 0.985382 -0.000002 0.000000 0.000000 0.000000 1.000000
0.045328 -0.994754 0.091697 0.843981 0.997914 0.040863 -0.050003 -0.000002 0.045993 0.093772 0.994531 -0.000003 0.000000 0.000000 0.000000 1.000000
0.037215 -0.997876 0.053454 0.843981 0.995247 0.032194 -0.091910 -0.000002 0.089994 0.056621 0.994331 -0.000002 0.000000 0.000000 0.000000 1.000000
0.062805 -0.996388 0.057130 0.843981 0.993082 0.056700 -0.102833 -0.000002 0.099223 0.063193 0.993057 -0.000003 0.000000 0.000000 0.000000 1.000000
0.113552 -0.990226 0.080974 0.843981 0.989727 0.105613 -0.096372 -0.000002 0.086878 0.091085 0.992046 -0.000002 0.000000 0.000000 0.000000 1.000000
0.164037 -0.980898 0.104539 0.843981 0.984253 0.155672 -0.083745 -0.000002 0.065872 0.116630 0.990988 -0.000003 0.000000 0.000000 0.000000 1.000000
0.201247 -0.972240 0.119361 0.843981 0.978544 0.194049 -0.069263 -0.000002 0.044178 0.130739 0.990432 -0.000003 0.000000 0.000000 0.000000 1.000000
0.226615 -0.965393 0.129079 0.843981 0.973717 0.221447 -0.053261 -0.000002 0.022834 0.137756 0.990203 -0.000003 0.000000 0.000000 0.000000 1.000000
0.242782 -0.960565 0.135535 0.843981 0.970070 0.239709 -0.038801 -0.000002 0.004782 0.140898 0.990012 -0.000002 0.000000 0.000000 0.000000 1.000000
0.252485 -0.957401 0.140123 0.843981 0.967577 0.250837 -0.029590 -0.000001 -0.006818 0.143050 0.989692 -0.000003 0.000000 0.000000 0.000000 1.000000
0.257173 -0.955690 0.143236 0.843981 0.966315 0.255834 -0.028003 -0.000002 -0.009882 0.145613 0.989292 -0.000003 0.000000 0.000000 0.000000 1.000000
0.255665 -0.956234 0.142301 0.843981 0.966721 0.254290 -0.028081 -0.000002 -0.009334 0.144745 0.989425 -0.000002 0.000000 0.000000 0.000000 1.000000
0.254930 -0.956615 0.141059 0.843981 0.966920 0.253519 -0.028192 -0.000002 -0.008792 0.143579 0.989600 -0.000003 0.000000 0.000000 0.000000 1.000000
0.254837 -0.956821 0.139824 0.843981 0.966949 0.253394 -0.028329 -0.000002 -0.008325 0.142421 0.989771 -0.000003 0.000000 0.000000 0.000000 1.000000
0.254686 -0.957029 0.138672 0.843981 0.966992 0.253210 -0.028486 -0.000002 -0.007851 0.141349 0.989928 -0.000003 0.000000 0.000000 0.000000 1.000000
0.253968 -0.957363 0.137681 0.843981 0.967186 0.252447 -0.028686 -0.000002 -0.007294 0.140448 0.990061 -0.000003 0.000000 0.000000 0.000000 1.000000
0.252260 -0.957921 0.136930 0.843981 0.967637 0.250678 -0.028965 -0.000002 -0.006579 0.139805 0.990157 -0.000003 0.000000 0.000000 0.000000 1.000000</float_array><technique_common><accessor source="#jnt_right_forearm-Matrix-animation-output-transform-array" count="25" stride="16"><param type="float4x4"/></accessor></technique_common></source><source id="jnt_right_forearm-Interpolations"><Name_array id="jnt_right_forearm-Interpolations-array" count="25">
 LINEAR LINEAR LINEAR LINEAR LINEAR LINEAR LINEAR LINEAR LINEAR LINEAR LINEAR
LINEAR LINEAR LINEAR LINEAR LINEAR LINEAR LINEAR LINEAR LINEAR LINEAR LINEAR LINEAR
LINEAR LINEAR</Name_array><technique_common><accessor source="#jnt_right_forearm-Interpolations-array" count="25"><param type="name"/></accessor></technique_common></source><sampler id="jnt_right_forearm-Matrix-animation-transform"><input semantic="INPUT" source="#jnt_right_forearm-Matrix-animation-input"/><input semantic="OUTPUT" source="#jnt_right_forearm-Matrix-animation-output-transform"/><input semantic="INTERPOLATION" source="#jnt_right_forearm-Interpolations"/></sampler><channel source="#jnt_right_forearm-Matrix-animation-transform" target="jnt_right_forearm/matrix"/></animation></animation>
    <animation id="jnt_right_forearmroll-anim" name="jnt_right_forearmroll"><animation><source id="jnt_right_forearmroll-Matrix-animation-input"><float_array id="jnt_right_forearmroll-Matrix-animation-input-array" count="25">

0.000000 0.033333 0.066667 0.100000 0.133333 0.166667 0.200000 0.233333 0.266667 0.300000 0.333333 0.366667 0.400000 0.433333 0.466667 0.500000
0.533333 0.566667 0.600000 0.633333 0.666667 0.700000 0.733333 0.766667 0.800000</float_array><technique_common><accessor source="#jnt_right_forearmroll-Matrix-animation-input-array" count="25"><param name="TIME" type="float"/></accessor></technique_common></source><source id="jnt_right_forearmroll-Matrix-animation-output-transform"><float_array id="jnt_right_forearmroll-Matrix-animation-output-transform-array" count="400">

1.000000 0.000001 0.000000 0.487001 -0.000001 1.000000 -0.000000 -0.000000 -0.000000 0.000000 1.000000 0.000004 0.000000 0.000000 0.000000 1.000000
1.000000 0.000001 0.000000 0.487002 -0.000001 1.000000 -0.000000 -0.000000 -0.000000 0.000000 1.000000 0.000004 0.000000 0.000000 0.000000 1.000000
1.000000 0.000001 0.000000 0.487001 -0.000001 1.000000 -0.000000 0.000000 -0.000000 0.000000 1.000000 0.000004 0.000000 0.000000 0.000000 1.000000
1.000000 0.000001 0.000000 0.487001 -0.000001 1.000000 -0.000000 -0.000000 -0.000000 0.000000 1.000000 0.000004 0.000000 0.000000 0.000000 1.000000
1.000000 0.000001 0.000000 0.487001 -0.000001 1.000000 -0.000000 -0.000000 -0.000000 0.000000 1.000000 0.000004 0.000000 0.000000 0.000000 1.000000
1.000000 0.000001 0.000000 0.487001 -0.000001 1.000000 -0.000000 -0.000000 -0.000000 0.000000 1.000000 0.000004 0.000000 0.000000 0.000000 1.000000
1.000000 0.000001 0.000000 0.487001 -0.000001 1.000000 -0.000000 0.000000 -0.000000 0.000000 1.000000 0.000004 0.000000 0.000000 0.000000 1.000000
1.000000 0.000001 0.000000 0.487001 -0.000001 1.000000 -0.000000 -0.000000 -0.000000 0.000000 1.000000 0.000004 0.000000 0.000000 0.000000 1.000000
1.000000 0.000001 0.000000 0.487001 -0.000001 1.000000 -0.000000 0.000000 -0.000000 0.000000 1.000000 0.000004 0.000000 0.000000 0.000000 1.000000
1.000000 0.000001 0.000000 0.487001 -0.000001 1.000000 -0.000000 -0.000000 -0.000000 0.000000 1.000000 0.000003 0.000000 0.000000 0.000000 1.000000
1.000000 0.000001 0.000000 0.487001 -0.000001 1.000000 -0.000000 -0.000000 -0.000000 0.000000 1.000000 0.000004 0.000000 0.000000 0.000000 1.000000
1.000000 0.000001 0.000000 0.487001 -0.000001 1.000000 -0.000000 0.000000 -0.000000 0.000000 1.000000 0.000004 0.000000 0.000000 0.000000 1.000000
1.000000 0.000001 0.000000 0.487001 -0.000001 1.000000 -0.000000 -0.000000 -0.000000 0.000000 1.000000 0.000003 0.000000 0.000000 0.000000 1.000000
1.000000 0.000001 0.000000 0.487001 -0.000001 1.000000 -0.000000 -0.000001 -0.000000 0.000000 1.000000 0.000004 0.000000 0.000000 0.000000 1.000000
1.000000 0.000001 0.000000 0.487001 -0.000001 1.000000 -0.000000 0.000000 -0.000000 0.000000 1.000000 0.000003 0.000000 0.000000 0.000000 1.000000
1.000000 0.000001 0.000000 0.487001 -0.000001 1.000000 -0.000000 -0.000000 -0.000000 0.000000 1.000000 0.000004 0.000000 0.000000 0.000000 1.000000
1.000000 0.000001 0.000000 0.487001 -0.000001 1.000000 -0.000000 -0.000000 -0.000000 0.000000 1.000000 0.000004 0.000000 0.000000 0.000000 1.000000
1.000000 0.000001 0.000000 0.487001 -0.000001 1.000000 -0.000000 -0.000000 -0.000000 0.000000 1.000000 0.000004 0.000000 0.000000 0.000000 1.000000
1.000000 0.000001 0.000000 0.487001 -0.000001 1.000000 -0.000000 -0.000000 -0.000000 0.000000 1.000000 0.000004 0.000000 0.000000 0.000000 1.000000
1.000000 0.000001 0.000000 0.487001 -0.000001 1.000000 -0.000000 -0.000000 -0.000000 0.000000 1.000000 0.000004 0.000000 0.000000 0.000000 1.000000
1.000000 0.000001 0.000000 0.487001 -0.000001 1.000000 -0.000000 -0.000000 -0.000000 0.000000 1.000000 0.000004 0.000000 0.000000 0.000000 1.000000
1.000000 0.000001 0.000000 0.487001 -0.000001 1.000000 -0.000000 0.000000 -0.000000 0.000000 1.000000 0.000004 0.000000 0.000000 0.000000 1.000000
1.000000 0.000001 0.000000 0.487001 -0.000001 1.000000 0.000000 -0.000000 -0.000000 -0.000000 1.000000 0.000004 0.000000 0.000000 0.000000 1.000000
1.000000 0.000001 0.000000 0.487001 -0.000001 1.000000 -0.000000 -0.000000 -0.000000 0.000000 1.000000 0.000004 0.000000 0.000000 0.000000 1.000000
1.000000 0.000001 0.000000 0.487001 -0.000001 1.000000 -0.000000 -0.000000 -0.000000 0.000000 1.000000 0.000003 0.000000 0.000000 0.000000 1.000000</float_array><technique_common><accessor source="#jnt_right_forearmroll-Matrix-animation-output-transform-array" count="25" stride="16"><param type="float4x4"/></accessor></technique_common></source><source id="jnt_right_forearmroll-Interpolations"><Name_array id="jnt_right_forearmroll-Interpolations-array" count="25">
 LINEAR LINEAR LINEAR LINEAR LINEAR LINEAR LINEAR LINEAR LINEAR LINEAR LINEAR
LINEAR LINEAR LINEAR LINEAR LINEAR LINEAR LINEAR LINEAR LINEAR LINEAR LINEAR LINEAR
LINEAR LINEAR</Name_array><technique_common><accessor source="#jnt_right_forearmroll-Interpolations-array" count="25"><param type="name"/></accessor></technique_common></source><sampler id="jnt_right_forearmroll-Matrix-animation-transform"><input semantic="INPUT" source="#jnt_right_forearmroll-Matrix-animation-input"/><input semantic="OUTPUT" source="#jnt_right_forearmroll-Matrix-animation-output-transform"/><input semantic="INTERPOLATION" source="#jnt_right_forearmroll-Interpolations"/></sampler><channel source="#jnt_right_forearmroll-Matrix-animation-transform" target="jnt_right_forearmroll/matrix"/></animation></animation>
    <animation id="jnt_right_hand-anim" name="jnt_right_hand"><animation><source id="jnt_right_hand-Matrix-animation-input"><float_array id="jnt_right_hand-Matrix-animation-input-array" count="25">

0.000000 0.033333 0.066667 0.100000 0.133333 0.166667 0.200000 0.233333 0.266667 0.300000 0.333333 0.366667 0.400000 0.433333 0.466667 0.500000
0.533333 0.566667 0.600000 0.633333 0.666667 0.700000 0.733333 0.766667 0.800000</float_array><technique_common><accessor source="#jnt_right_hand-Matrix-animation-input-array" count="25"><param name="TIME" type="float"/></accessor></technique_common></source><source id="jnt_right_hand-Matrix-animation-output-transform"><float_array id="jnt_right_hand-Matrix-animation-output-transform-array" count="400">

0.806382 0.547609 -0.223322 0.975261 -0.571763 0.818381 -0.057789 -0.000001 0.151117 0.174287 0.973030 0.000003 0.000000 0.000000 0.000000 1.000000
0.780402 0.603692 -0.162881 0.975261 -0.614963 0.788151 -0.025279 -0.000001 0.113114 0.119893 0.986322 0.000003 0.000000 0.000000 0.000000 1.000000
0.719522 0.689882 -0.079693 0.975261 -0.692299 0.721601 -0.003807 -0.000000 0.054881 0.057910 0.996812 0.000003 0.000000 0.000000 0.000000 1.000000
0.781439 0.605571 -0.150454 0.975261 -0.619003 0.782730 -0.064566 -0.000001 0.078665 0.143586 0.986506 0.000003 0.000000 0.000000 0.000000 1.000000
0.942541 0.331480 -0.041697 0.975261 -0.333542 0.926468 -0.174374 -0.000001 -0.019171 0.178262 0.983796 0.000003 0.000000 0.000000 0.000000 1.000000
0.987057 0.158349 0.025397 0.975261 -0.149945 0.967402 -0.204083 -0.000001 -0.056886 0.197633 0.978624 0.000002 0.000000 0.000000 0.000000 1.000000
0.992117 0.123109 -0.023401 0.975261 -0.125310 0.973365 -0.191984 -0.000001 -0.000857 0.193403 0.981119 0.000003 0.000000 0.000000 0.000000 1.000000
0.992258 0.103332 -0.068900 0.975261 -0.113905 0.978268 -0.173257 -0.000001 0.049499 0.179764 0.982464 0.000002 0.000000 0.000000 0.000000 1.000000
0.990828 0.086642 -0.103700 0.975261 -0.101983 0.982920 -0.153189 -0.000000 0.088657 0.162360 0.982741 0.000002 0.000000 0.000000 0.000000 1.000000
0.989746 0.060436 -0.129423 0.975261 -0.078745 0.986818 -0.141384 -0.000000 0.119173 0.150125 0.981458 0.000003 0.000000 0.000000 0.000000 1.000000
0.989395 0.015955 -0.144372 0.975261 -0.037131 0.988706 -0.145200 -0.000000 0.140425 0.149021 0.978812 0.000003 0.000000 0.000000 0.000000 1.000000
0.988123 -0.063127 -0.140095 0.975261 0.039302 0.985218 -0.166735 -0.000001 0.148550 0.159248 0.975998 0.000003 0.000000 0.000000 0.000000 1.000000
0.979935 -0.163702 -0.113708 0.975261 0.140064 0.971449 -0.191492 -0.000000 0.141809 0.171723 0.974885 0.000003 0.000000 0.000000 0.000000 1.000000
0.964624 -0.252438 -0.075996 0.975261 0.232825 0.950970 -0.203589 -0.000001 0.123664 0.178693 0.976103 0.000002 0.000000 0.000000 0.000000 1.000000
0.947979 -0.315968 -0.038713 0.975261 0.302459 0.931950 -0.199967 -0.000000 0.099261 0.177855 0.979038 0.000003 0.000000 0.000000 0.000000 1.000000
0.933123 -0.359475 -0.007718 0.975261 0.351761 0.917123 -0.187482 -0.000000 0.074474 0.172229 0.982238 0.000002 0.000000 0.000000 0.000000 1.000000
0.921574 -0.387900 0.015327 0.975261 0.384525 0.906710 -0.173258 -0.000001 0.053310 0.165564 0.984757 0.000003 0.000000 0.000000 0.000000 1.000000
0.913612 -0.405469 0.030131 0.975261 0.404680 0.899656 -0.163869 -0.000000 0.039336 0.161906 0.986022 0.000003 0.000000 0.000000 0.000000 1.000000
0.907551 -0.418276 0.037354 0.975261 0.418497 0.893477 -0.162970 -0.000000 0.034792 0.163536 0.985924 0.000002 0.000000 0.000000 0.000000 1.000000
0.899940 -0.434021 0.041632 0.975261 0.434741 0.885930 -0.161644 -0.000000 0.033274 0.163569 0.985971 0.000002 0.000000 0.000000 0.000000 1.000000
0.893654 -0.446520 0.044745 0.975261 0.447603 0.879768 -0.160186 -0.000000 0.032161 0.163179 0.986072 0.000003 0.000000 0.000000 0.000000 1.000000
0.888789 -0.455911 0.046902 0.975261 0.457241 0.875040 -0.158857 -0.000000 0.031384 0.162635 0.986187 0.000003 0.000000 0.000000 0.000000 1.000000
0.885334 -0.462454 0.048162 0.975261 0.463921 0.871708 -0.157803 -0.000000 0.030994 0.162052 0.986295 0.000003 0.000000 0.000000 0.000000 1.000000
0.883199 -0.466471 0.048619 0.975261 0.467970 0.869657 -0.157167 -0.000000 0.031032 0.161562 0.986375 0.000002 0.000000 0.000000 0.000000 1.000000
0.882241 -0.468306 0.048376 0.975261 0.469740 0.868717 -0.157085 -0.000000 0.031539 0.161311 0.986400 0.000002 0.000000 0.000000 0.000000 1.000000</float_array><technique_common><accessor source="#jnt_right_hand-Matrix-animation-output-transform-array" count="25" stride="16"><param type="float4x4"/></accessor></technique_common></source><source id="jnt_right_hand-Interpolations"><Name_array id="jnt_right_hand-Interpolations-array" count="25">
 LINEAR LINEAR LINEAR LINEAR LINEAR LINEAR LINEAR LINEAR LINEAR LINEAR LINEAR
LINEAR LINEAR LINEAR LINEAR LINEAR LINEAR LINEAR LINEAR LINEAR LINEAR LINEAR LINEAR
LINEAR LINEAR</Name_array><technique_common><accessor source="#jnt_right_hand-Interpolations-array" count="25"><param type="name"/></accessor></technique_common></source><sampler id="jnt_right_hand-Matrix-animation-transform"><input semantic="INPUT" source="#jnt_right_hand-Matrix-animation-input"/><input semantic="OUTPUT" source="#jnt_right_hand-Matrix-animation-output-transform"/><input semantic="INTERPOLATION" source="#jnt_right_hand-Interpolations"/></sampler><channel source="#jnt_right_hand-Matrix-animation-transform" target="jnt_right_hand/matrix"/></animation></animation>
    <animation id="jnt_right_handthumb1-anim" name="jnt_right_handthumb1"><animation><source id="jnt_right_handthumb1-Matrix-animation-input"><float_array id="jnt_right_handthumb1-Matrix-animation-input-array" count="25">

0.000000 0.033333 0.066667 0.100000 0.133333 0.166667 0.200000 0.233333 0.266667 0.300000 0.333333 0.366667 0.400000 0.433333 0.466667 0.500000
0.533333 0.566667 0.600000 0.633333 0.666667 0.700000 0.733333 0.766667 0.800000</float_array><technique_common><accessor source="#jnt_right_handthumb1-Matrix-animation-input-array" count="25"><param name="TIME" type="float"/></accessor></technique_common></source><source id="jnt_right_handthumb1-Matrix-animation-output-transform"><float_array id="jnt_right_handthumb1-Matrix-animation-output-transform-array" count="400">

0.704754 -0.701223 0.107739 0.060226 0.151103 0.296740 0.942928 0.203939 -0.693174 -0.648253 0.315085 -0.155682 0.000000 0.000000 0.000000 1.000000
0.707761 -0.698597 0.105054 0.060226 0.154121 0.297814 0.942100 0.203939 -0.689435 -0.650591 0.318450 -0.155682 0.000000 0.000000 0.000000 1.000000
0.715469 -0.691904 0.096814 0.060226 0.163346 0.300400 0.939722 0.203940 -0.679280 -0.656528 0.327947 -0.155682 0.000000 0.000000 0.000000 1.000000
0.725278 -0.683118 0.085563 0.060226 0.179645 0.307763 0.934350 0.203939 -0.664604 -0.662293 0.345933 -0.155682 0.000000 0.000000 0.000000 1.000000
0.733930 -0.651410 0.192381 0.060226 0.203385 0.481007 0.852799 0.203939 -0.648059 -0.586768 0.485513 -0.155682 0.000000 0.000000 0.000000 1.000000
0.738373 -0.603655 0.300676 0.060226 0.232992 0.646733 0.726258 0.203939 -0.632866 -0.466195 0.618177 -0.155682 0.000000 0.000000 0.000000 1.000000
0.737168 -0.544164 0.400586 0.060226 0.264641 0.777984 0.569829 0.203940 -0.621730 -0.314048 0.717513 -0.155682 0.000000 0.000000 0.000000 1.000000
0.731303 -0.530938 0.428137 0.060227 0.293630 0.811648 0.504984 0.203939 -0.615611 -0.243583 0.749460 -0.155682 0.000000 0.000000 0.000000 1.000000
0.723553 -0.547754 0.420044 0.060226 0.316278 0.803966 0.503594 0.203939 -0.613547 -0.231526 0.754954 -0.155682 0.000000 0.000000 0.000000 1.000000
0.717090 -0.559135 0.416112 0.060227 0.330626 0.798463 0.503134 0.203939 -0.613570 -0.223215 0.757435 -0.155682 0.000000 0.000000 0.000000 1.000000
0.714509 -0.563275 0.414967 0.060227 0.335665 0.796400 0.503067 0.203939 -0.613845 -0.220156 0.758107 -0.155681 0.000000 0.000000 0.000000 1.000000
0.716694 -0.561109 0.414133 0.060227 0.334084 0.797502 0.502373 0.203939 -0.612158 -0.221692 0.759022 -0.155682 0.000000 0.000000 0.000000 1.000000
0.721874 -0.555918 0.412133 0.060226 0.330290 0.800110 0.500732 0.203939 -0.608117 -0.225341 0.761193 -0.155682 0.000000 0.000000 0.000000 1.000000
0.727999 -0.549677 0.409723 0.060227 0.325720 0.803186 0.498797 0.203940 -0.603261 -0.229669 0.763759 -0.155682 0.000000 0.000000 0.000000 1.000000
0.733082 -0.544410 0.407687 0.060226 0.321857 0.805731 0.497197 0.203940 -0.599165 -0.233269 0.765889 -0.155682 0.000000 0.000000 0.000000 1.000000
0.735200 -0.542191 0.406828 0.060226 0.320228 0.806790 0.496532 0.203940 -0.597440 -0.234773 0.766777 -0.155682 0.000000 0.000000 0.000000 1.000000
0.735200 -0.542191 0.406828 0.060227 0.320228 0.806790 0.496532 0.203939 -0.597440 -0.234773 0.766777 -0.155682 0.000000 0.000000 0.000000 1.000000
0.735201 -0.542191 0.406828 0.060226 0.320228 0.806790 0.496532 0.203940 -0.597440 -0.234773 0.766777 -0.155683 0.000000 0.000000 0.000000 1.000000
0.735200 -0.542191 0.406828 0.060227 0.320228 0.806790 0.496532 0.203940 -0.597440 -0.234773 0.766777 -0.155682 0.000000 0.000000 0.000000 1.000000
0.735201 -0.542191 0.406828 0.060227 0.320228 0.806790 0.496532 0.203940 -0.597440 -0.234773 0.766777 -0.155682 0.000000 0.000000 0.000000 1.000000
0.735200 -0.542191 0.406828 0.060226 0.320228 0.806790 0.496532 0.203939 -0.597440 -0.234773 0.766777 -0.155683 0.000000 0.000000 0.000000 1.000000
0.735201 -0.542191 0.406828 0.060227 0.320228 0.806790 0.496532 0.203939 -0.597440 -0.234773 0.766777 -0.155682 0.000000 0.000000 0.000000 1.000000
0.735201 -0.542191 0.406828 0.060226 0.320228 0.806790 0.496532 0.203940 -0.597440 -0.234773 0.766777 -0.155682 0.000000 0.000000 0.000000 1.000000
0.735201 -0.542191 0.406828 0.060226 0.320228 0.806790 0.496532 0.203940 -0.597440 -0.234773 0.766777 -0.155682 0.000000 0.000000 0.000000 1.000000
0.735200 -0.542191 0.406828 0.060226 0.320228 0.806790 0.496532 0.203939 -0.597440 -0.234773 0.766777 -0.155683 0.000000 0.000000 0.000000 1.000000</float_array><technique_common><accessor source="#jnt_right_handthumb1-Matrix-animation-output-transform-array" count="25" stride="16"><param type="float4x4"/></accessor></technique_common></source><source id="jnt_right_handthumb1-Interpolations"><Name_array id="jnt_right_handthumb1-Interpolations-array" count="25">
 LINEAR LINEAR LINEAR LINEAR LINEAR LINEAR LINEAR LINEAR LINEAR LINEAR LINEAR
LINEAR LINEAR LINEAR LINEAR LINEAR LINEAR LINEAR LINEAR LINEAR LINEAR LINEAR LINEAR
LINEAR LINEAR</Name_array><technique_common><accessor source="#jnt_right_handthumb1-Interpolations-array" count="25"><param type="name"/></accessor></technique_common></source><sampler id="jnt_right_handthumb1-Matrix-animation-transform"><input semantic="INPUT" source="#jnt_right_handthumb1-Matrix-animation-input"/><input semantic="OUTPUT" source="#jnt_right_handthumb1-Matrix-animation-output-transform"/><input semantic="INTERPOLATION" source="#jnt_right_handthumb1-Interpolations"/></sampler><channel source="#jnt_right_handthumb1-Matrix-animation-transform" target="jnt_right_handthumb1/matrix"/></animation></animation>
    <animation id="jnt_right_handthumb2-anim" name="jnt_right_handthumb2"><animation><source id="jnt_right_handthumb2-Matrix-animation-input"><float_array id="jnt_right_handthumb2-Matrix-animation-input-array" count="25">

0.000000 0.033333 0.066667 0.100000 0.133333 0.166667 0.200000 0.233333 0.266667 0.300000 0.333333 0.366667 0.400000 0.433333 0.466667 0.500000
0.533333 0.566667 0.600000 0.633333 0.666667 0.700000 0.733333 0.766667 0.800000</float_array><technique_common><accessor source="#jnt_right_handthumb2-Matrix-animation-input-array" count="25"><param name="TIME" type="float"/></accessor></technique_common></source><source id="jnt_right_handthumb2-Matrix-animation-output-transform"><float_array id="jnt_right_handthumb2-Matrix-animation-output-transform-array" count="400">

0.972001 0.234977 -0.000001 0.213224 -0.234977 0.972001 -0.000003 -0.000001 -0.000000 0.000004 1.000000 -0.000000 0.000000 0.000000 0.000000 1.000000
0.971528 0.236926 -0.000001 0.213225 -0.236926 0.971528 -0.000003 -0.000001 -0.000000 0.000004 1.000000 -0.000000 0.000000 0.000000 0.000000 1.000000
0.970456 0.241280 -0.000001 0.213224 -0.241280 0.970456 -0.000003 -0.000000 -0.000000 0.000004 1.000000 -0.000000 0.000000 0.000000 0.000000 1.000000
0.969550 0.244893 -0.000001 0.213224 -0.244893 0.969550 -0.000003 -0.000000 -0.000000 0.000003 1.000000 0.000000 0.000000 0.000000 0.000000 1.000000
0.969716 0.244234 -0.000001 0.213224 -0.244234 0.969716 -0.000003 -0.000001 -0.000000 0.000004 1.000000 0.000001 0.000000 0.000000 0.000000 1.000000
0.971544 0.236860 -0.000001 0.213224 -0.236860 0.971544 -0.000003 -0.000000 -0.000000 0.000004 1.000000 -0.000000 0.000000 0.000000 0.000000 1.000000
0.974844 0.222889 -0.000001 0.213224 -0.222889 0.974844 -0.000003 -0.000001 0.000000 0.000004 1.000000 0.000000 0.000000 0.000000 0.000000 1.000000
0.978720 0.205202 -0.000001 0.213224 -0.205202 0.978720 -0.000003 -0.000001 0.000000 0.000004 1.000000 -0.000000 0.000000 0.000000 0.000000 1.000000
0.982152 0.188088 -0.000001 0.213224 -0.188088 0.982152 -0.000003 -0.000001 0.000000 0.000004 1.000000 -0.000001 0.000000 0.000000 0.000000 1.000000
0.984460 0.175610 -0.000001 0.213224 -0.175610 0.984460 -0.000003 -0.000000 0.000000 0.000004 1.000000 -0.000001 0.000000 0.000000 0.000000 1.000000
0.985289 0.170896 -0.000001 0.213224 -0.170896 0.985289 -0.000003 -0.000000 0.000000 0.000004 1.000000 -0.000001 0.000000 0.000000 0.000000 1.000000
0.984741 0.174026 -0.000001 0.213224 -0.174026 0.984741 -0.000003 -0.000000 0.000000 0.000004 1.000000 0.000000 0.000000 0.000000 0.000000 1.000000
0.983394 0.181482 -0.000001 0.213224 -0.181482 0.983394 -0.000003 -0.000000 0.000000 0.000004 1.000000 -0.000001 0.000000 0.000000 0.000000 1.000000
0.981713 0.190368 -0.000001 0.213224 -0.190368 0.981713 -0.000003 -0.000001 0.000000 0.000003 1.000000 0.000000 0.000000 0.000000 0.000000 1.000000
0.980242 0.197802 -0.000001 0.213224 -0.197802 0.980242 -0.000003 -0.000001 0.000000 0.000004 1.000000 0.000000 0.000000 0.000000 0.000000 1.000000
0.979608 0.200916 -0.000001 0.213224 -0.200916 0.979608 -0.000003 -0.000001 0.000000 0.000003 1.000000 -0.000000 0.000000 0.000000 0.000000 1.000000
0.979608 0.200916 -0.000001 0.213224 -0.200916 0.979609 -0.000003 -0.000001 0.000000 0.000004 1.000000 -0.000000 0.000000 0.000000 0.000000 1.000000
0.979608 0.200916 -0.000001 0.213224 -0.200916 0.979608 -0.000003 -0.000000 0.000000 0.000004 1.000000 0.000000 0.000000 0.000000 0.000000 1.000000
0.979609 0.200916 -0.000001 0.213224 -0.200916 0.979608 -0.000003 -0.000001 0.000000 0.000004 1.000000 0.000001 0.000000 0.000000 0.000000 1.000000
0.979608 0.200916 -0.000001 0.213224 -0.200916 0.979608 -0.000003 -0.000001 0.000000 0.000004 1.000000 0.000001 0.000000 0.000000 0.000000 1.000000
0.979608 0.200916 -0.000001 0.213224 -0.200916 0.979608 -0.000003 -0.000001 0.000000 0.000004 1.000000 -0.000000 0.000000 0.000000 0.000000 1.000000
0.979608 0.200916 -0.000001 0.213224 -0.200916 0.979608 -0.000003 -0.000001 0.000000 0.000004 1.000000 -0.000000 0.000000 0.000000 0.000000 1.000000
0.979608 0.200916 -0.000001 0.213224 -0.200916 0.979608 -0.000003 -0.000000 0.000000 0.000004 1.000000 -0.000000 0.000000 0.000000 0.000000 1.000000
0.979609 0.200916 -0.000001 0.213224 -0.200916 0.979608 -0.000003 -0.000000 0.000000 0.000004 1.000000 0.000000 0.000000 0.000000 0.000000 1.000000
0.979608 0.200916 -0.000001 0.213224 -0.200916 0.979608 -0.000003 -0.000000 0.000000 0.000004 1.000000 0.000000 0.000000 0.000000 0.000000 1.000000</float_array><technique_common><accessor source="#jnt_right_handthumb2-Matrix-animation-output-transform-array" count="25" stride="16"><param type="float4x4"/></accessor></technique_common></source><source id="jnt_right_handthumb2-Interpolations"><Name_array id="jnt_right_handthumb2-Interpolations-array" count="25">
 LINEAR LINEAR LINEAR LINEAR LINEAR LINEAR LINEAR LINEAR LINEAR LINEAR LINEAR
LINEAR LINEAR LINEAR LINEAR LINEAR LINEAR LINEAR LINEAR LINEAR LINEAR LINEAR LINEAR
LINEAR LINEAR</Name_array><technique_common><accessor source="#jnt_right_handthumb2-Interpolations-array" count="25"><param type="name"/></accessor></technique_common></source><sampler id="jnt_right_handthumb2-Matrix-animation-transform"><input semantic="INPUT" source="#jnt_right_handthumb2-Matrix-animation-input"/><input semantic="OUTPUT" source="#jnt_right_handthumb2-Matrix-animation-output-transform"/><input semantic="INTERPOLATION" source="#jnt_right_handthumb2-Interpolations"/></sampler><channel source="#jnt_right_handthumb2-Matrix-animation-transform" target="jnt_right_handthumb2/matrix"/></animation></animation>
    <animation id="jnt_right_handthumb3-anim" name="jnt_right_handthumb3"><animation><source id="jnt_right_handthumb3-Matrix-animation-input"><float_array id="jnt_right_handthumb3-Matrix-animation-input-array" count="25">

0.000000 0.033333 0.066667 0.100000 0.133333 0.166667 0.200000 0.233333 0.266667 0.300000 0.333333 0.366667 0.400000 0.433333 0.466667 0.500000
0.533333 0.566667 0.600000 0.633333 0.666667 0.700000 0.733333 0.766667 0.800000</float_array><technique_common><accessor source="#jnt_right_handthumb3-Matrix-animation-input-array" count="25"><param name="TIME" type="float"/></accessor></technique_common></source><source id="jnt_right_handthumb3-Matrix-animation-output-transform"><float_array id="jnt_right_handthumb3-Matrix-animation-output-transform-array" count="400">

0.985135 0.171780 0.000001 0.141883 -0.171780 0.985135 0.000006 -0.000000 -0.000000 -0.000006 1.000000 0.000023 0.000000 0.000000 0.000000 1.000000
0.984789 0.173756 0.000001 0.141882 -0.173756 0.984789 0.000006 -0.000001 -0.000000 -0.000006 1.000000 0.000023 0.000000 0.000000 0.000000 1.000000
0.984000 0.178169 0.000001 0.141882 -0.178169 0.984000 0.000006 -0.000000 -0.000000 -0.000006 1.000000 0.000023 0.000000 0.000000 0.000000 1.000000
0.983329 0.181834 0.000001 0.141882 -0.181834 0.983329 0.000006 -0.000000 -0.000000 -0.000006 1.000000 0.000023 0.000000 0.000000 0.000000 1.000000
0.983453 0.181165 0.000001 0.141883 -0.181165 0.983453 0.000006 -0.000001 -0.000000 -0.000006 1.000000 0.000022 0.000000 0.000000 0.000000 1.000000
0.984801 0.173688 0.000001 0.141882 -0.173688 0.984801 0.000006 -0.000001 -0.000000 -0.000006 1.000000 0.000023 0.000000 0.000000 0.000000 1.000000
0.987192 0.159534 0.000001 0.141882 -0.159534 0.987192 0.000006 -0.000001 -0.000000 -0.000006 1.000000 0.000023 0.000000 0.000000 0.000000 1.000000
0.989919 0.141634 0.000001 0.141882 -0.141634 0.989919 0.000006 -0.000001 -0.000000 -0.000006 1.000000 0.000022 0.000000 0.000000 0.000000 1.000000
0.992240 0.124334 0.000001 0.141882 -0.124334 0.992240 0.000006 -0.000000 -0.000000 -0.000006 1.000000 0.000023 0.000000 0.000000 0.000000 1.000000
0.993738 0.111733 0.000001 0.141882 -0.111733 0.993738 0.000006 -0.000001 -0.000000 -0.000006 1.000000 0.000024 0.000000 0.000000 0.000000 1.000000
0.994262 0.106976 0.000001 0.141882 -0.106976 0.994261 0.000006 -0.000000 -0.000001 -0.000006 1.000000 0.000024 0.000000 0.000000 0.000000 1.000000
0.993917 0.110134 0.000001 0.141882 -0.110134 0.993917 0.000006 -0.000001 -0.000000 -0.000006 1.000000 0.000022 0.000000 0.000000 0.000000 1.000000
0.993054 0.117661 0.000001 0.141882 -0.117661 0.993054 0.000006 -0.000000 -0.000000 -0.000006 1.000000 0.000023 0.000000 0.000000 0.000000 1.000000
0.991949 0.126638 0.000001 0.141882 -0.126638 0.991949 0.000006 -0.000000 -0.000000 -0.000006 1.000000 0.000023 0.000000 0.000000 0.000000 1.000000
0.990961 0.134151 0.000001 0.141882 -0.134151 0.990961 0.000006 -0.000000 -0.000000 -0.000006 1.000000 0.000023 0.000000 0.000000 0.000000 1.000000
0.990530 0.137300 0.000001 0.141882 -0.137300 0.990530 0.000006 -0.000001 -0.000000 -0.000006 1.000000 0.000023 0.000000 0.000000 0.000000 1.000000
0.990530 0.137300 0.000001 0.141882 -0.137300 0.990530 0.000006 -0.000001 -0.000000 -0.000006 1.000000 0.000024 0.000000 0.000000 0.000000 1.000000
0.990529 0.137300 0.000001 0.141882 -0.137300 0.990530 0.000006 -0.000000 -0.000000 -0.000006 1.000000 0.000023 0.000000 0.000000 0.000000 1.000000
0.990530 0.137300 0.000001 0.141882 -0.137300 0.990529 0.000006 -0.000001 -0.000000 -0.000006 1.000000 0.000024 0.000000 0.000000 0.000000 1.000000
0.990529 0.137300 0.000001 0.141882 -0.137300 0.990530 0.000006 -0.000001 -0.000000 -0.000006 1.000000 0.000023 0.000000 0.000000 0.000000 1.000000
0.990530 0.137300 0.000001 0.141882 -0.137300 0.990530 0.000006 -0.000001 -0.000000 -0.000006 1.000000 0.000023 0.000000 0.000000 0.000000 1.000000
0.990530 0.137300 0.000001 0.141882 -0.137300 0.990530 0.000006 -0.000001 -0.000000 -0.000006 1.000000 0.000023 0.000000 0.000000 0.000000 1.000000
0.990529 0.137300 0.000001 0.141882 -0.137300 0.990530 0.000006 -0.000000 -0.000000 -0.000006 1.000000 0.000023 0.000000 0.000000 0.000000 1.000000
0.990529 0.137300 0.000001 0.141882 -0.137300 0.990529 0.000006 -0.000000 -0.000000 -0.000006 1.000000 0.000023 0.000000 0.000000 0.000000 1.000000
0.990530 0.137300 0.000001 0.141882 -0.137300 0.990529 0.000006 -0.000001 -0.000000 -0.000006 1.000000 0.000023 0.000000 0.000000 0.000000 1.000000</float_array><technique_common><accessor source="#jnt_right_handthumb3-Matrix-animation-output-transform-array" count="25" stride="16"><param type="float4x4"/></accessor></technique_common></source><source id="jnt_right_handthumb3-Interpolations"><Name_array id="jnt_right_handthumb3-Interpolations-array" count="25">
 LINEAR LINEAR LINEAR LINEAR LINEAR LINEAR LINEAR LINEAR LINEAR LINEAR LINEAR
LINEAR LINEAR LINEAR LINEAR LINEAR LINEAR LINEAR LINEAR LINEAR LINEAR LINEAR LINEAR
LINEAR LINEAR</Name_array><technique_common><accessor source="#jnt_right_handthumb3-Interpolations-array" count="25"><param type="name"/></accessor></technique_common></source><sampler id="jnt_right_handthumb3-Matrix-animation-transform"><input semantic="INPUT" source="#jnt_right_handthumb3-Matrix-animation-input"/><input semantic="OUTPUT" source="#jnt_right_handthumb3-Matrix-animation-output-transform"/><input semantic="INTERPOLATION" source="#jnt_right_handthumb3-Interpolations"/></sampler><channel source="#jnt_right_handthumb3-Matrix-animation-transform" target="jnt_right_handthumb3/matrix"/></animation></animation>
    <animation id="jnt_right_handthumb4-anim" name="jnt_right_handthumb4"><animation><source id="jnt_right_handthumb4-Matrix-animation-input"><float_array id="jnt_right_handthumb4-Matrix-animation-input-array" count="25">

0.000000 0.033333 0.066667 0.100000 0.133333 0.166667 0.200000 0.233333 0.266667 0.300000 0.333333 0.366667 0.400000 0.433333 0.466667 0.500000
0.533333 0.566667 0.600000 0.633333 0.666667 0.700000 0.733333 0.766667 0.800000</float_array><technique_common><accessor source="#jnt_right_handthumb4-Matrix-animation-input-array" count="25"><param name="TIME" type="float"/></accessor></technique_common></source><source id="jnt_right_handthumb4-Matrix-animation-output-transform"><float_array id="jnt_right_handthumb4-Matrix-animation-output-transform-array" count="400">

1.000000 -0.000002 -0.000000 0.122606 0.000002 1.000000 -0.000000 0.000001 0.000000 0.000000 1.000000 0.000000 0.000000 0.000000 0.000000 1.000000
1.000000 -0.000002 -0.000000 0.122606 0.000002 1.000000 -0.000000 0.000001 0.000000 0.000000 1.000000 0.000000 0.000000 0.000000 0.000000 1.000000
1.000000 -0.000002 -0.000000 0.122606 0.000002 1.000000 -0.000000 0.000000 0.000000 0.000000 1.000000 0.000000 0.000000 0.000000 0.000000 1.000000
1.000000 -0.000002 0.000000 0.122606 0.000002 1.000000 -0.000000 0.000001 -0.000000 0.000000 1.000000 0.000000 0.000000 0.000000 0.000000 1.000000
1.000000 -0.000002 -0.000000 0.122606 0.000002 1.000000 -0.000000 0.000001 0.000000 0.000000 1.000000 0.000000 0.000000 0.000000 0.000000 1.000000
1.000000 -0.000002 -0.000000 0.122606 0.000002 1.000000 -0.000000 0.000000 0.000000 0.000000 1.000000 -0.000000 0.000000 0.000000 0.000000 1.000000
1.000000 -0.000002 -0.000000 0.122606 0.000002 1.000000 -0.000000 0.000000 0.000000 0.000000 1.000000 0.000000 0.000000 0.000000 0.000000 1.000000
1.000000 -0.000002 -0.000000 0.122606 0.000002 1.000000 -0.000000 0.000001 0.000000 0.000000 1.000000 -0.000000 0.000000 0.000000 0.000000 1.000000
1.000000 -0.000002 0.000000 0.122606 0.000002 1.000000 -0.000000 0.000000 -0.000000 0.000000 1.000000 -0.000000 0.000000 0.000000 0.000000 1.000000
1.000000 -0.000002 -0.000000 0.122606 0.000002 1.000000 -0.000000 0.000001 0.000000 0.000000 1.000000 -0.000000 0.000000 0.000000 0.000000 1.000000
1.000000 -0.000002 -0.000000 0.122606 0.000002 1.000000 -0.000000 0.000000 0.000000 0.000000 1.000000 0.000000 0.000000 0.000000 0.000000 1.000000
1.000000 -0.000002 -0.000000 0.122606 0.000002 1.000000 -0.000000 0.000000 0.000000 0.000000 1.000000 0.000000 0.000000 0.000000 0.000000 1.000000
1.000000 -0.000002 -0.000000 0.122606 0.000002 1.000000 -0.000000 0.000000 0.000000 0.000000 1.000000 -0.000000 0.000000 0.000000 0.000000 1.000000
1.000000 -0.000002 -0.000000 0.122606 0.000002 1.000000 0.000000 0.000001 0.000000 -0.000000 1.000000 -0.000000 0.000000 0.000000 0.000000 1.000000
1.000000 -0.000002 -0.000000 0.122606 0.000002 1.000000 -0.000000 0.000000 0.000000 0.000000 1.000000 0.000000 0.000000 0.000000 0.000000 1.000000
1.000000 -0.000002 -0.000000 0.122606 0.000002 1.000000 -0.000000 0.000001 0.000000 0.000000 1.000000 -0.000000 0.000000 0.000000 0.000000 1.000000
1.000000 -0.000002 -0.000000 0.122606 0.000002 1.000000 -0.000000 0.000001 0.000000 0.000000 1.000000 -0.000000 0.000000 0.000000 0.000000 1.000000
1.000000 -0.000002 -0.000000 0.122606 0.000002 1.000000 -0.000000 0.000000 0.000000 0.000000 1.000000 -0.000000 0.000000 0.000000 0.000000 1.000000
1.000000 -0.000002 -0.000000 0.122606 0.000002 1.000000 -0.000000 0.000000 0.000000 0.000000 1.000000 0.000000 0.000000 0.000000 0.000000 1.000000
1.000000 -0.000002 -0.000000 0.122606 0.000002 1.000000 -0.000000 0.000001 0.000000 0.000000 1.000000 -0.000000 0.000000 0.000000 0.000000 1.000000
1.000000 -0.000002 -0.000000 0.122606 0.000002 1.000000 -0.000000 0.000001 0.000000 0.000000 1.000000 0.000000 0.000000 0.000000 0.000000 1.000000
1.000000 -0.000002 -0.000000 0.122606 0.000002 1.000000 -0.000000 0.000001 0.000000 0.000000 1.000000 0.000000 0.000000 0.000000 0.000000 1.000000
1.000000 -0.000002 -0.000000 0.122606 0.000002 1.000000 -0.000000 0.000001 0.000000 0.000000 1.000000 -0.000000 0.000000 0.000000 0.000000 1.000000
1.000000 -0.000002 -0.000000 0.122606 0.000002 1.000000 -0.000000 0.000001 0.000000 0.000000 1.000000 0.000000 0.000000 0.000000 0.000000 1.000000
1.000000 -0.000002 -0.000000 0.122606 0.000002 1.000000 -0.000000 0.000001 0.000000 0.000000 1.000000 0.000000 0.000000 0.000000 0.000000 1.000000</float_array><technique_common><accessor source="#jnt_right_handthumb4-Matrix-animation-output-transform-array" count="25" stride="16"><param type="float4x4"/></accessor></technique_common></source><source id="jnt_right_handthumb4-Interpolations"><Name_array id="jnt_right_handthumb4-Interpolations-array" count="25">
 LINEAR LINEAR LINEAR LINEAR LINEAR LINEAR LINEAR LINEAR LINEAR LINEAR LINEAR
LINEAR LINEAR LINEAR LINEAR LINEAR LINEAR LINEAR LINEAR LINEAR LINEAR LINEAR LINEAR
LINEAR LINEAR</Name_array><technique_common><accessor source="#jnt_right_handthumb4-Interpolations-array" count="25"><param type="name"/></accessor></technique_common></source><sampler id="jnt_right_handthumb4-Matrix-animation-transform"><input semantic="INPUT" source="#jnt_right_handthumb4-Matrix-animation-input"/><input semantic="OUTPUT" source="#jnt_right_handthumb4-Matrix-animation-output-transform"/><input semantic="INTERPOLATION" source="#jnt_right_handthumb4-Interpolations"/></sampler><channel source="#jnt_right_handthumb4-Matrix-animation-transform" target="jnt_right_handthumb4/matrix"/></animation></animation>
    <animation id="jnt_right_handindex1-anim" name="jnt_right_handindex1"><animation><source id="jnt_right_handindex1-Matrix-animation-input"><float_array id="jnt_right_handindex1-Matrix-animation-input-array" count="25">

0.000000 0.033333 0.066667 0.100000 0.133333 0.166667 0.200000 0.233333 0.266667 0.300000 0.333333 0.366667 0.400000 0.433333 0.466667 0.500000
0.533333 0.566667 0.600000 0.633333 0.666667 0.700000 0.733333 0.766667 0.800000</float_array><technique_common><accessor source="#jnt_right_handindex1-Matrix-animation-input-array" count="25"><param name="TIME" type="float"/></accessor></technique_common></source><source id="jnt_right_handindex1-Matrix-animation-output-transform"><float_array id="jnt_right_handindex1-Matrix-animation-output-transform-array" count="400">

0.842519 0.520136 0.140073 0.494373 0.138857 0.041535 -0.989441 0.203977 -0.520462 0.853073 -0.037230 0.029845 0.000000 0.000000 0.000000 1.000000
0.842519 0.520136 0.140073 0.494373 0.138857 0.041535 -0.989441 0.203977 -0.520462 0.853073 -0.037230 0.029845 0.000000 0.000000 0.000000 1.000000
0.842519 0.520136 0.140073 0.494372 0.138857 0.041535 -0.989441 0.203977 -0.520462 0.853073 -0.037230 0.029845 0.000000 0.000000 0.000000 1.000000
0.842519 0.520136 0.140072 0.494373 0.138857 0.041535 -0.989441 0.203977 -0.520462 0.853073 -0.037230 0.029844 0.000000 0.000000 0.000000 1.000000
0.842519 0.520136 0.140072 0.494372 0.138857 0.041535 -0.989441 0.203978 -0.520462 0.853073 -0.037230 0.029845 0.000000 0.000000 0.000000 1.000000
0.842519 0.520137 0.140073 0.494373 0.138857 0.041535 -0.989441 0.203977 -0.520462 0.853073 -0.037230 0.029845 0.000000 0.000000 0.000000 1.000000
0.842519 0.520136 0.140073 0.494373 0.138857 0.041535 -0.989441 0.203976 -0.520462 0.853073 -0.037230 0.029845 0.000000 0.000000 0.000000 1.000000
0.842519 0.520136 0.140073 0.494373 0.138857 0.041535 -0.989441 0.203977 -0.520462 0.853073 -0.037230 0.029845 0.000000 0.000000 0.000000 1.000000
0.842519 0.520136 0.140073 0.494372 0.138857 0.041535 -0.989441 0.203978 -0.520462 0.853073 -0.037230 0.029845 0.000000 0.000000 0.000000 1.000000
0.842519 0.520136 0.140073 0.494372 0.138857 0.041535 -0.989441 0.203977 -0.520462 0.853073 -0.037230 0.029845 0.000000 0.000000 0.000000 1.000000
0.842519 0.520136 0.140073 0.494373 0.138857 0.041535 -0.989441 0.203977 -0.520462 0.853073 -0.037230 0.029845 0.000000 0.000000 0.000000 1.000000
0.836952 0.528401 0.142491 0.494373 0.142061 0.041677 -0.988980 0.203977 -0.528517 0.847971 -0.040183 0.029845 0.000000 0.000000 0.000000 1.000000
0.823321 0.547918 0.148086 0.494372 0.149726 0.041999 -0.987835 0.203977 -0.547472 0.835477 -0.047459 0.029845 0.000000 0.000000 0.000000 1.000000
0.806407 0.570841 0.154430 0.494373 0.158914 0.042355 -0.986384 0.203977 -0.569609 0.819968 -0.056559 0.029845 0.000000 0.000000 0.000000 1.000000
0.791713 0.589720 0.159443 0.494373 0.166636 0.042628 -0.985097 0.203977 -0.587728 0.806482 -0.064519 0.029846 0.000000 0.000000 0.000000 1.000000
0.785412 0.597545 0.161458 0.494372 0.169879 0.042736 -0.984538 0.203977 -0.595206 0.800696 -0.067945 0.029844 0.000000 0.000000 0.000000 1.000000
0.785412 0.597545 0.161458 0.494372 0.169879 0.042736 -0.984538 0.203977 -0.595206 0.800696 -0.067945 0.029845 0.000000 0.000000 0.000000 1.000000
0.785412 0.597545 0.161458 0.494372 0.169879 0.042736 -0.984538 0.203977 -0.595206 0.800696 -0.067945 0.029844 0.000000 0.000000 0.000000 1.000000
0.785412 0.597545 0.161458 0.494373 0.169879 0.042736 -0.984538 0.203978 -0.595205 0.800696 -0.067945 0.029846 0.000000 0.000000 0.000000 1.000000
0.785412 0.597545 0.161458 0.494373 0.169879 0.042736 -0.984538 0.203977 -0.595206 0.800696 -0.067945 0.029846 0.000000 0.000000 0.000000 1.000000
0.785412 0.597545 0.161458 0.494373 0.169879 0.042736 -0.984538 0.203977 -0.595206 0.800696 -0.067945 0.029844 0.000000 0.000000 0.000000 1.000000
0.785412 0.597545 0.161458 0.494372 0.169879 0.042736 -0.984538 0.203978 -0.595206 0.800696 -0.067945 0.029844 0.000000 0.000000 0.000000 1.000000
0.785412 0.597545 0.161458 0.494373 0.169879 0.042736 -0.984538 0.203977 -0.595205 0.800696 -0.067945 0.029846 0.000000 0.000000 0.000000 1.000000
0.785412 0.597545 0.161458 0.494373 0.169879 0.042736 -0.984538 0.203977 -0.595205 0.800696 -0.067945 0.029846 0.000000 0.000000 0.000000 1.000000
0.785412 0.597545 0.161458 0.494373 0.169879 0.042736 -0.984538 0.203977 -0.595205 0.800696 -0.067945 0.029845 0.000000 0.000000 0.000000 1.000000</float_array><technique_common><accessor source="#jnt_right_handindex1-Matrix-animation-output-transform-array" count="25" stride="16"><param type="float4x4"/></accessor></technique_common></source><source id="jnt_right_handindex1-Interpolations"><Name_array id="jnt_right_handindex1-Interpolations-array" count="25">
 LINEAR LINEAR LINEAR LINEAR LINEAR LINEAR LINEAR LINEAR LINEAR LINEAR LINEAR
LINEAR LINEAR LINEAR LINEAR LINEAR LINEAR LINEAR LINEAR LINEAR LINEAR LINEAR LINEAR
LINEAR LINEAR</Name_array><technique_common><accessor source="#jnt_right_handindex1-Interpolations-array" count="25"><param type="name"/></accessor></technique_common></source><sampler id="jnt_right_handindex1-Matrix-animation-transform"><input semantic="INPUT" source="#jnt_right_handindex1-Matrix-animation-input"/><input semantic="OUTPUT" source="#jnt_right_handindex1-Matrix-animation-output-transform"/><input semantic="INTERPOLATION" source="#jnt_right_handindex1-Interpolations"/></sampler><channel source="#jnt_right_handindex1-Matrix-animation-transform" target="jnt_right_handindex1/matrix"/></animation></animation>
    <animation id="jnt_right_handindex2-anim" name="jnt_right_handindex2"><animation><source id="jnt_right_handindex2-Matrix-animation-input"><float_array id="jnt_right_handindex2-Matrix-animation-input-array" count="25">

0.000000 0.033333 0.066667 0.100000 0.133333 0.166667 0.200000 0.233333 0.266667 0.300000 0.333333 0.366667 0.400000 0.433333 0.466667 0.500000
0.533333 0.566667 0.600000 0.633333 0.666667 0.700000 0.733333 0.766667 0.800000</float_array><technique_common><accessor source="#jnt_right_handindex2-Matrix-animation-input-array" count="25"><param name="TIME" type="float"/></accessor></technique_common></source><source id="jnt_right_handindex2-Matrix-animation-output-transform"><float_array id="jnt_right_handindex2-Matrix-animation-output-transform-array" count="400">

0.992374 0.123264 -0.000000 0.145440 -0.123264 0.992374 -0.000000 -0.001121 0.000000 0.000000 1.000000 -0.000039 0.000000 0.000000 0.000000 1.000000
0.992374 0.123264 -0.000000 0.145440 -0.123264 0.992374 -0.000000 -0.001121 0.000000 0.000000 1.000000 -0.000039 0.000000 0.000000 0.000000 1.000000
0.992374 0.123264 -0.000000 0.145440 -0.123264 0.992374 -0.000000 -0.001120 0.000000 0.000000 1.000000 -0.000039 0.000000 0.000000 0.000000 1.000000
0.992374 0.123264 -0.000000 0.145440 -0.123264 0.992374 -0.000000 -0.001120 0.000000 0.000000 1.000000 -0.000039 0.000000 0.000000 0.000000 1.000000
0.992374 0.123264 -0.000000 0.145441 -0.123264 0.992374 -0.000000 -0.001121 0.000000 0.000000 1.000000 -0.000039 0.000000 0.000000 0.000000 1.000000
0.992374 0.123264 -0.000000 0.145440 -0.123264 0.992375 -0.000000 -0.001120 0.000000 0.000000 1.000000 -0.000040 0.000000 0.000000 0.000000 1.000000
0.992374 0.123264 -0.000000 0.145440 -0.123264 0.992374 -0.000000 -0.001120 0.000000 0.000000 1.000000 -0.000039 0.000000 0.000000 0.000000 1.000000
0.992374 0.123264 -0.000000 0.145440 -0.123264 0.992374 -0.000000 -0.001121 0.000000 0.000000 1.000000 -0.000038 0.000000 0.000000 0.000000 1.000000
0.992374 0.123264 -0.000000 0.145440 -0.123264 0.992374 -0.000000 -0.001121 0.000000 0.000000 1.000000 -0.000038 0.000000 0.000000 0.000000 1.000000
0.992374 0.123264 -0.000000 0.145440 -0.123264 0.992374 -0.000000 -0.001121 0.000000 0.000000 1.000000 -0.000040 0.000000 0.000000 0.000000 1.000000
0.992374 0.123264 -0.000000 0.145440 -0.123264 0.992374 -0.000000 -0.001120 0.000000 0.000000 1.000000 -0.000039 0.000000 0.000000 0.000000 1.000000
0.991130 0.132897 -0.000000 0.145440 -0.132897 0.991130 -0.000000 -0.001120 0.000000 0.000000 1.000000 -0.000039 0.000000 0.000000 0.000000 1.000000
0.987784 0.155830 -0.000000 0.145440 -0.155830 0.987784 -0.000000 -0.001121 0.000000 0.000000 1.000000 -0.000039 0.000000 0.000000 0.000000 1.000000
0.983093 0.183108 -0.000000 0.145440 -0.183109 0.983093 -0.000000 -0.001121 0.000000 0.000000 1.000000 -0.000039 0.000000 0.000000 0.000000 1.000000
0.978580 0.205868 -0.000000 0.145440 -0.205868 0.978580 -0.000000 -0.001122 0.000000 0.000000 1.000000 -0.000039 0.000000 0.000000 0.000000 1.000000
0.976530 0.215382 -0.000000 0.145440 -0.215382 0.976530 -0.000000 -0.001119 0.000000 0.000000 1.000000 -0.000039 0.000000 0.000000 0.000000 1.000000
0.976530 0.215382 -0.000000 0.145440 -0.215382 0.976530 -0.000000 -0.001122 0.000000 0.000000 1.000000 -0.000039 0.000000 0.000000 0.000000 1.000000
0.976530 0.215382 -0.000000 0.145440 -0.215382 0.976530 -0.000000 -0.001119 0.000000 0.000000 1.000000 -0.000040 0.000000 0.000000 0.000000 1.000000
0.976530 0.215382 -0.000000 0.145441 -0.215382 0.976530 -0.000000 -0.001120 0.000000 0.000000 1.000000 -0.000040 0.000000 0.000000 0.000000 1.000000
0.976530 0.215382 -0.000000 0.145440 -0.215382 0.976530 -0.000000 -0.001119 0.000000 0.000000 1.000000 -0.000039 0.000000 0.000000 0.000000 1.000000
0.976530 0.215382 -0.000000 0.145440 -0.215382 0.976530 -0.000000 -0.001122 0.000000 0.000000 1.000000 -0.000039 0.000000 0.000000 0.000000 1.000000
0.976530 0.215382 -0.000000 0.145440 -0.215382 0.976530 -0.000000 -0.001121 0.000000 0.000000 1.000000 -0.000039 0.000000 0.000000 0.000000 1.000000
0.976530 0.215382 -0.000000 0.145440 -0.215382 0.976530 -0.000000 -0.001120 0.000000 0.000000 1.000000 -0.000039 0.000000 0.000000 0.000000 1.000000
0.976530 0.215382 -0.000000 0.145440 -0.215382 0.976530 -0.000000 -0.001121 0.000000 0.000000 1.000000 -0.000039 0.000000 0.000000 0.000000 1.000000
0.976530 0.215382 -0.000000 0.145440 -0.215382 0.976530 -0.000000 -0.001120 0.000000 0.000000 1.000000 -0.000039 0.000000 0.000000 0.000000 1.000000</float_array><technique_common><accessor source="#jnt_right_handindex2-Matrix-animation-output-transform-array" count="25" stride="16"><param type="float4x4"/></accessor></technique_common></source><source id="jnt_right_handindex2-Interpolations"><Name_array id="jnt_right_handindex2-Interpolations-array" count="25">
 LINEAR LINEAR LINEAR LINEAR LINEAR LINEAR LINEAR LINEAR LINEAR LINEAR LINEAR
LINEAR LINEAR LINEAR LINEAR LINEAR LINEAR LINEAR LINEAR LINEAR LINEAR LINEAR LINEAR
LINEAR LINEAR</Name_array><technique_common><accessor source="#jnt_right_handindex2-Interpolations-array" count="25"><param type="name"/></accessor></technique_common></source><sampler id="jnt_right_handindex2-Matrix-animation-transform"><input semantic="INPUT" source="#jnt_right_handindex2-Matrix-animation-input"/><input semantic="OUTPUT" source="#jnt_right_handindex2-Matrix-animation-output-transform"/><input semantic="INTERPOLATION" source="#jnt_right_handindex2-Interpolations"/></sampler><channel source="#jnt_right_handindex2-Matrix-animation-transform" target="jnt_right_handindex2/matrix"/></animation></animation>
    <animation id="jnt_right_handindex3-anim" name="jnt_right_handindex3"><animation><source id="jnt_right_handindex3-Matrix-animation-input"><float_array id="jnt_right_handindex3-Matrix-animation-input-array" count="25">

0.000000 0.033333 0.066667 0.100000 0.133333 0.166667 0.200000 0.233333 0.266667 0.300000 0.333333 0.366667 0.400000 0.433333 0.466667 0.500000
0.533333 0.566667 0.600000 0.633333 0.666667 0.700000 0.733333 0.766667 0.800000</float_array><technique_common><accessor source="#jnt_right_handindex3-Matrix-animation-input-array" count="25"><param name="TIME" type="float"/></accessor></technique_common></source><source id="jnt_right_handindex3-Matrix-animation-output-transform"><float_array id="jnt_right_handindex3-Matrix-animation-output-transform-array" count="400">

0.955955 0.293513 -0.000000 0.093746 -0.293513 0.955955 0.000000 0.000000 0.000000 -0.000000 1.000000 0.000000 0.000000 0.000000 0.000000 1.000000
0.955955 0.293513 -0.000000 0.093746 -0.293513 0.955955 0.000000 0.000001 0.000000 -0.000000 1.000000 -0.000000 0.000000 0.000000 0.000000 1.000000
0.955955 0.293513 -0.000000 0.093745 -0.293513 0.955955 0.000000 0.000000 0.000000 -0.000000 1.000000 0.000000 0.000000 0.000000 0.000000 1.000000
0.955955 0.293513 -0.000000 0.093746 -0.293513 0.955955 0.000000 0.000000 0.000000 -0.000000 1.000000 -0.000000 0.000000 0.000000 0.000000 1.000000
0.955955 0.293513 -0.000000 0.093746 -0.293513 0.955955 0.000000 0.000001 0.000000 -0.000000 1.000000 0.000001 0.000000 0.000000 0.000000 1.000000
0.955955 0.293513 -0.000000 0.093746 -0.293513 0.955955 0.000000 0.000001 0.000000 -0.000000 1.000000 0.000001 0.000000 0.000000 0.000000 1.000000
0.955955 0.293513 -0.000000 0.093746 -0.293513 0.955955 0.000000 0.000000 0.000000 -0.000000 1.000000 0.000001 0.000000 0.000000 0.000000 1.000000
0.955955 0.293513 -0.000000 0.093746 -0.293513 0.955955 0.000000 -0.000001 0.000000 -0.000000 1.000000 0.000000 0.000000 0.000000 0.000000 1.000000
0.955955 0.293513 -0.000000 0.093746 -0.293513 0.955955 0.000000 -0.000001 0.000000 -0.000000 1.000000 -0.000000 0.000000 0.000000 0.000000 1.000000
0.955955 0.293513 -0.000000 0.093746 -0.293513 0.955955 0.000000 -0.000001 0.000000 -0.000000 1.000000 -0.000000 0.000000 0.000000 0.000000 1.000000
0.955955 0.293513 -0.000000 0.093746 -0.293513 0.955955 0.000000 0.000001 0.000000 -0.000000 1.000000 -0.000000 0.000000 0.000000 0.000000 1.000000
0.952828 0.303511 -0.000000 0.093746 -0.303511 0.952828 0.000000 0.000000 0.000000 -0.000000 1.000000 -0.000000 0.000000 0.000000 0.000000 1.000000
0.944919 0.327305 -0.000000 0.093746 -0.327305 0.944919 0.000000 0.000000 0.000000 -0.000000 1.000000 0.000000 0.000000 0.000000 0.000000 1.000000
0.934642 0.355590 -0.000000 0.093746 -0.355590 0.934642 0.000000 0.000000 0.000000 -0.000000 1.000000 -0.000001 0.000000 0.000000 0.000000 1.000000
0.925328 0.379167 -0.000000 0.093746 -0.379167 0.925329 0.000000 -0.000000 0.000000 -0.000000 1.000000 -0.000000 0.000000 0.000000 0.000000 1.000000
0.921232 0.389015 -0.000000 0.093746 -0.389015 0.921232 0.000000 -0.000000 0.000000 -0.000000 1.000000 0.000000 0.000000 0.000000 0.000000 1.000000
0.921232 0.389015 -0.000000 0.093746 -0.389015 0.921232 0.000000 0.000000 0.000000 -0.000000 1.000000 0.000000 0.000000 0.000000 0.000000 1.000000
0.921232 0.389015 -0.000000 0.093746 -0.389015 0.921232 0.000000 0.000001 0.000000 -0.000000 1.000000 -0.000000 0.000000 0.000000 0.000000 1.000000
0.921232 0.389015 -0.000000 0.093746 -0.389015 0.921232 0.000000 0.000000 0.000000 -0.000000 1.000000 0.000001 0.000000 0.000000 0.000000 1.000000
0.921232 0.389015 -0.000000 0.093746 -0.389015 0.921232 0.000000 -0.000001 0.000000 -0.000000 1.000000 0.000000 0.000000 0.000000 0.000000 1.000000
0.921232 0.389015 -0.000000 0.093746 -0.389015 0.921232 0.000000 0.000001 0.000000 -0.000000 1.000000 0.000000 0.000000 0.000000 0.000000 1.000000
0.921232 0.389015 -0.000000 0.093746 -0.389015 0.921232 0.000000 0.000001 0.000000 -0.000000 1.000000 -0.000000 0.000000 0.000000 0.000000 1.000000
0.921232 0.389015 -0.000000 0.093746 -0.389015 0.921232 0.000000 0.000000 0.000000 -0.000000 1.000000 -0.000000 0.000000 0.000000 0.000000 1.000000
0.921232 0.389015 -0.000000 0.093746 -0.389015 0.921232 0.000000 -0.000000 0.000000 -0.000000 1.000000 -0.000000 0.000000 0.000000 0.000000 1.000000
0.921232 0.389015 -0.000000 0.093746 -0.389015 0.921232 0.000000 -0.000000 0.000000 -0.000000 1.000000 0.000000 0.000000 0.000000 0.000000 1.000000</float_array><technique_common><accessor source="#jnt_right_handindex3-Matrix-animation-output-transform-array" count="25" stride="16"><param type="float4x4"/></accessor></technique_common></source><source id="jnt_right_handindex3-Interpolations"><Name_array id="jnt_right_handindex3-Interpolations-array" count="25">
 LINEAR LINEAR LINEAR LINEAR LINEAR LINEAR LINEAR LINEAR LINEAR LINEAR LINEAR
LINEAR LINEAR LINEAR LINEAR LINEAR LINEAR LINEAR LINEAR LINEAR LINEAR LINEAR LINEAR
LINEAR LINEAR</Name_array><technique_common><accessor source="#jnt_right_handindex3-Interpolations-array" count="25"><param type="name"/></accessor></technique_common></source><sampler id="jnt_right_handindex3-Matrix-animation-transform"><input semantic="INPUT" source="#jnt_right_handindex3-Matrix-animation-input"/><input semantic="OUTPUT" source="#jnt_right_handindex3-Matrix-animation-output-transform"/><input semantic="INTERPOLATION" source="#jnt_right_handindex3-Interpolations"/></sampler><channel source="#jnt_right_handindex3-Matrix-animation-transform" target="jnt_right_handindex3/matrix"/></animation></animation>
    <animation id="jnt_right_handindex4-anim" name="jnt_right_handindex4"><animation><source id="jnt_right_handindex4-Matrix-animation-input"><float_array id="jnt_right_handindex4-Matrix-animation-input-array" count="25">

0.000000 0.033333 0.066667 0.100000 0.133333 0.166667 0.200000 0.233333 0.266667 0.300000 0.333333 0.366667 0.400000 0.433333 0.466667 0.500000
0.533333 0.566667 0.600000 0.633333 0.666667 0.700000 0.733333 0.766667 0.800000</float_array><technique_common><accessor source="#jnt_right_handindex4-Matrix-animation-input-array" count="25"><param name="TIME" type="float"/></accessor></technique_common></source><source id="jnt_right_handindex4-Matrix-animation-output-transform"><float_array id="jnt_right_handindex4-Matrix-animation-output-transform-array" count="400">

1.000000 -0.000000 0.000000 0.107088 0.000000 1.000000 -0.000000 -0.000052 -0.000000 0.000000 1.000000 0.001503 0.000000 0.000000 0.000000 1.000000
1.000000 0.000000 -0.000000 0.107088 -0.000000 1.000000 -0.000000 -0.000052 0.000000 0.000000 1.000000 0.001503 0.000000 0.000000 0.000000 1.000000
1.000000 -0.000000 0.000000 0.107088 0.000000 1.000000 -0.000000 -0.000052 -0.000000 0.000000 1.000000 0.001503 0.000000 0.000000 0.000000 1.000000
1.000000 -0.000000 0.000000 0.107088 0.000000 1.000000 -0.000000 -0.000052 -0.000000 0.000000 1.000000 0.001503 0.000000 0.000000 0.000000 1.000000
1.000000 0.000000 0.000000 0.107088 -0.000000 1.000000 -0.000000 -0.000052 -0.000000 0.000000 1.000000 0.001503 0.000000 0.000000 0.000000 1.000000
1.000000 0.000000 -0.000000 0.107088 -0.000000 1.000000 -0.000000 -0.000052 0.000000 0.000000 1.000000 0.001503 0.000000 0.000000 0.000000 1.000000
1.000000 0.000000 0.000000 0.107088 -0.000000 1.000000 -0.000000 -0.000052 -0.000000 0.000000 1.000000 0.001503 0.000000 0.000000 0.000000 1.000000
1.000000 0.000000 0.000000 0.107088 -0.000000 1.000000 -0.000000 -0.000052 -0.000000 0.000000 1.000000 0.001503 0.000000 0.000000 0.000000 1.000000
1.000000 0.000000 0.000000 0.107088 -0.000000 1.000000 -0.000000 -0.000052 -0.000000 0.000000 1.000000 0.001503 0.000000 0.000000 0.000000 1.000000
1.000000 0.000000 -0.000000 0.107088 -0.000000 1.000000 -0.000000 -0.000052 0.000000 0.000000 1.000000 0.001503 0.000000 0.000000 0.000000 1.000000
1.000000 0.000000 0.000000 0.107088 0.000000 1.000000 0.000000 -0.000052 -0.000000 -0.000000 1.000000 0.001503 0.000000 0.000000 0.000000 1.000000
1.000000 0.000000 0.000000 0.107088 -0.000000 1.000000 0.000000 -0.000052 -0.000000 -0.000000 1.000000 0.001503 0.000000 0.000000 0.000000 1.000000
1.000000 -0.000000 -0.000000 0.107088 0.000000 1.000000 0.000000 -0.000052 0.000000 -0.000000 1.000000 0.001503 0.000000 0.000000 0.000000 1.000000
1.000000 -0.000000 -0.000000 0.107088 0.000000 1.000000 0.000000 -0.000052 0.000000 -0.000000 1.000000 0.001503 0.000000 0.000000 0.000000 1.000000
1.000000 0.000000 -0.000000 0.107088 -0.000000 1.000000 0.000000 -0.000052 0.000000 -0.000000 1.000000 0.001503 0.000000 0.000000 0.000000 1.000000
1.000000 -0.000000 -0.000000 0.107088 0.000000 1.000000 -0.000000 -0.000052 0.000000 0.000000 1.000000 0.001503 0.000000 0.000000 0.000000 1.000000
1.000000 0.000000 0.000000 0.107088 -0.000000 1.000000 -0.000000 -0.000052 -0.000000 0.000000 1.000000 0.001503 0.000000 0.000000 0.000000 1.000000
1.000000 -0.000000 -0.000000 0.107088 0.000000 1.000000 0.000000 -0.000052 0.000000 -0.000000 1.000000 0.001503 0.000000 0.000000 0.000000 1.000000
1.000000 -0.000000 -0.000000 0.107088 0.000000 1.000000 0.000000 -0.000052 0.000000 -0.000000 1.000000 0.001503 0.000000 0.000000 0.000000 1.000000
1.000000 0.000000 -0.000000 0.107088 -0.000000 1.000000 -0.000000 -0.000052 0.000000 0.000000 1.000000 0.001503 0.000000 0.000000 0.000000 1.000000
1.000000 -0.000000 -0.000000 0.107088 0.000000 1.000000 -0.000000 -0.000052 0.000000 0.000000 1.000000 0.001503 0.000000 0.000000 0.000000 1.000000
1.000000 -0.000000 0.000000 0.107088 0.000000 1.000000 -0.000000 -0.000052 -0.000000 0.000000 1.000000 0.001503 0.000000 0.000000 0.000000 1.000000
1.000000 -0.000000 0.000000 0.107088 0.000000 1.000000 -0.000000 -0.000052 -0.000000 0.000000 1.000000 0.001503 0.000000 0.000000 0.000000 1.000000
1.000000 0.000000 -0.000000 0.107088 -0.000000 1.000000 0.000000 -0.000052 0.000000 -0.000000 1.000000 0.001503 0.000000 0.000000 0.000000 1.000000
1.000000 0.000000 -0.000000 0.107088 -0.000000 1.000000 0.000000 -0.000052 0.000000 -0.000000 1.000000 0.001503 0.000000 0.000000 0.000000 1.000000</float_array><technique_common><accessor source="#jnt_right_handindex4-Matrix-animation-output-transform-array" count="25" stride="16"><param type="float4x4"/></accessor></technique_common></source><source id="jnt_right_handindex4-Interpolations"><Name_array id="jnt_right_handindex4-Interpolations-array" count="25">
 LINEAR LINEAR LINEAR LINEAR LINEAR LINEAR LINEAR LINEAR LINEAR LINEAR LINEAR
LINEAR LINEAR LINEAR LINEAR LINEAR LINEAR LINEAR LINEAR LINEAR LINEAR LINEAR LINEAR
LINEAR LINEAR</Name_array><technique_common><accessor source="#jnt_right_handindex4-Interpolations-array" count="25"><param type="name"/></accessor></technique_common></source><sampler id="jnt_right_handindex4-Matrix-animation-transform"><input semantic="INPUT" source="#jnt_right_handindex4-Matrix-animation-input"/><input semantic="OUTPUT" source="#jnt_right_handindex4-Matrix-animation-output-transform"/><input semantic="INTERPOLATION" source="#jnt_right_handindex4-Interpolations"/></sampler><channel source="#jnt_right_handindex4-Matrix-animation-transform" target="jnt_right_handindex4/matrix"/></animation></animation>
    <animation id="jnt_right_weapon-anim" name="jnt_right_weapon"><animation><source id="jnt_right_weapon-Matrix-animation-input"><float_array id="jnt_right_weapon-Matrix-animation-input-array" count="25">

0.000000 0.033333 0.066667 0.100000 0.133333 0.166667 0.200000 0.233333 0.266667 0.300000 0.333333 0.366667 0.400000 0.433333 0.466667 0.500000
0.533333 0.566667 0.600000 0.633333 0.666667 0.700000 0.733333 0.766667 0.800000</float_array><technique_common><accessor source="#jnt_right_weapon-Matrix-animation-input-array" count="25"><param name="TIME" type="float"/></accessor></technique_common></source><source id="jnt_right_weapon-Matrix-animation-output-transform"><float_array id="jnt_right_weapon-Matrix-animation-output-transform-array" count="400">

0.927838 -0.305646 0.213772 0.692213 0.204276 -0.063123 -0.976876 0.160680 0.312072 0.950051 0.003868 -0.485794 0.000000 0.000000 0.000000 1.000000
0.927838 -0.305646 0.213772 0.692213 0.204277 -0.063123 -0.976876 0.160680 0.312072 0.950051 0.003868 -0.485794 0.000000 0.000000 0.000000 1.000000
0.927837 -0.305646 0.213772 0.692212 0.204276 -0.063124 -0.976876 0.160680 0.312072 0.950051 0.003868 -0.485794 0.000000 0.000000 0.000000 1.000000
0.927837 -0.305646 0.213772 0.692213 0.204276 -0.063124 -0.976876 0.160680 0.312072 0.950051 0.003868 -0.485794 0.000000 0.000000 0.000000 1.000000
0.927838 -0.305646 0.213772 0.692213 0.204276 -0.063124 -0.976876 0.160680 0.312072 0.950051 0.003868 -0.485794 0.000000 0.000000 0.000000 1.000000
0.927837 -0.305646 0.213772 0.692213 0.204276 -0.063124 -0.976876 0.160680 0.312072 0.950051 0.003868 -0.485794 0.000000 0.000000 0.000000 1.000000
0.927838 -0.305646 0.213772 0.692213 0.204276 -0.063123 -0.976876 0.160680 0.312072 0.950051 0.003868 -0.485794 0.000000 0.000000 0.000000 1.000000
0.927838 -0.305646 0.213772 0.692213 0.204276 -0.063123 -0.976876 0.160680 0.312072 0.950051 0.003868 -0.485794 0.000000 0.000000 0.000000 1.000000
0.927838 -0.305646 0.213772 0.692213 0.204276 -0.063123 -0.976876 0.160680 0.312072 0.950051 0.003868 -0.485794 0.000000 0.000000 0.000000 1.000000
0.927837 -0.305646 0.213772 0.692213 0.204276 -0.063123 -0.976876 0.160680 0.312072 0.950051 0.003868 -0.485794 0.000000 0.000000 0.000000 1.000000
0.927838 -0.305646 0.213772 0.692212 0.204276 -0.063123 -0.976876 0.160680 0.312072 0.950051 0.003868 -0.485794 0.000000 0.000000 0.000000 1.000000
0.927838 -0.305646 0.213772 0.692213 0.204276 -0.063123 -0.976876 0.160680 0.312072 0.950051 0.003868 -0.485794 0.000000 0.000000 0.000000 1.000000
0.927838 -0.305646 0.213772 0.692213 0.204276 -0.063123 -0.976876 0.160680 0.312072 0.950051 0.003868 -0.485793 0.000000 0.000000 0.000000 1.000000
0.927838 -0.305646 0.213772 0.692213 0.204276 -0.063123 -0.976876 0.160681 0.312072 0.950051 0.003868 -0.485794 0.000000 0.000000 0.000000 1.000000
0.927838 -0.305646 0.213772 0.692213 0.204276 -0.063123 -0.976876 0.160680 0.312072 0.950051 0.003868 -0.485793 0.000000 0.000000 0.000000 1.000000
0.927838 -0.305646 0.213772 0.692213 0.204276 -0.063123 -0.976876 0.160680 0.312072 0.950051 0.003868 -0.485794 0.000000 0.000000 0.000000 1.000000
0.927838 -0.305646 0.213772 0.692213 0.204276 -0.063124 -0.976876 0.160680 0.312072 0.950051 0.003868 -0.485793 0.000000 0.000000 0.000000 1.000000
0.927837 -0.305646 0.213772 0.692213 0.204276 -0.063123 -0.976876 0.160681 0.312072 0.950051 0.003868 -0.485793 0.000000 0.000000 0.000000 1.000000
0.927837 -0.305646 0.213772 0.692213 0.204276 -0.063124 -0.976876 0.160681 0.312072 0.950051 0.003868 -0.485793 0.000000 0.000000 0.000000 1.000000
0.927838 -0.305646 0.213772 0.692213 0.204276 -0.063124 -0.976876 0.160680 0.312072 0.950051 0.003868 -0.485793 0.000000 0.000000 0.000000 1.000000
0.927838 -0.305646 0.213772 0.692213 0.204276 -0.063123 -0.976876 0.160680 0.312072 0.950051 0.003868 -0.485794 0.000000 0.000000 0.000000 1.000000
0.927838 -0.305646 0.213772 0.692213 0.204276 -0.063123 -0.976876 0.160680 0.312072 0.950051 0.003868 -0.485794 0.000000 0.000000 0.000000 1.000000
0.927838 -0.305646 0.213772 0.692213 0.204276 -0.063123 -0.976876 0.160680 0.312072 0.950051 0.003868 -0.485794 0.000000 0.000000 0.000000 1.000000
0.927838 -0.305646 0.213772 0.692213 0.204276 -0.063123 -0.976876 0.160680 0.312072 0.950051 0.003868 -0.485794 0.000000 0.000000 0.000000 1.000000
0.927838 -0.305646 0.213772 0.692213 0.204276 -0.063124 -0.976876 0.160680 0.312072 0.950051 0.003868 -0.485794 0.000000 0.000000 0.000000 1.000000</float_array><technique_common><accessor source="#jnt_right_weapon-Matrix-animation-output-transform-array" count="25" stride="16"><param type="float4x4"/></accessor></technique_common></source><source id="jnt_right_weapon-Interpolations"><Name_array id="jnt_right_weapon-Interpolations-array" count="25">
 LINEAR LINEAR LINEAR LINEAR LINEAR LINEAR LINEAR LINEAR LINEAR LINEAR LINEAR
LINEAR LINEAR LINEAR LINEAR LINEAR LINEAR LINEAR LINEAR LINEAR LINEAR LINEAR LINEAR
LINEAR LINEAR</Name_array><technique_common><accessor source="#jnt_right_weapon-Interpolations-array" count="25"><param type="name"/></accessor></technique_common></source><sampler id="jnt_right_weapon-Matrix-animation-transform"><input semantic="INPUT" source="#jnt_right_weapon-Matrix-animation-input"/><input semantic="OUTPUT" source="#jnt_right_weapon-Matrix-animation-output-transform"/><input semantic="INTERPOLATION" source="#jnt_right_weapon-Interpolations"/></sampler><channel source="#jnt_right_weapon-Matrix-animation-transform" target="jnt_right_weapon/matrix"/></animation></animation>
    <animation id="jnt_right_handmiddle1-anim" name="jnt_right_handmiddle1"><animation><source id="jnt_right_handmiddle1-Matrix-animation-input"><float_array id="jnt_right_handmiddle1-Matrix-animation-input-array" count="25">

0.000000 0.033333 0.066667 0.100000 0.133333 0.166667 0.200000 0.233333 0.266667 0.300000 0.333333 0.366667 0.400000 0.433333 0.466667 0.500000
0.533333 0.566667 0.600000 0.633333 0.666667 0.700000 0.733333 0.766667 0.800000</float_array><technique_common><accessor source="#jnt_right_handmiddle1-Matrix-animation-input-array" count="25"><param name="TIME" type="float"/></accessor></technique_common></source><source id="jnt_right_handmiddle1-Matrix-animation-output-transform"><float_array id="jnt_right_handmiddle1-Matrix-animation-output-transform-array" count="400">

0.759962 0.649966 -0.001409 0.489245 0.035941 -0.044187 -0.998376 0.062066 -0.648973 0.758677 -0.056941 0.036302 0.000000 0.000000 0.000000 1.000000
0.759962 0.649966 -0.001409 0.489245 0.035941 -0.044187 -0.998377 0.062066 -0.648973 0.758677 -0.056941 0.036303 0.000000 0.000000 0.000000 1.000000
0.759962 0.649966 -0.001409 0.489244 0.035941 -0.044187 -0.998376 0.062066 -0.648973 0.758677 -0.056941 0.036303 0.000000 0.000000 0.000000 1.000000
0.759962 0.649966 -0.001409 0.489246 0.035941 -0.044187 -0.998376 0.062066 -0.648973 0.758677 -0.056941 0.036302 0.000000 0.000000 0.000000 1.000000
0.759962 0.649966 -0.001409 0.489245 0.035941 -0.044187 -0.998376 0.062066 -0.648973 0.758678 -0.056941 0.036303 0.000000 0.000000 0.000000 1.000000
0.759962 0.649966 -0.001409 0.489246 0.035941 -0.044187 -0.998376 0.062066 -0.648973 0.758677 -0.056941 0.036302 0.000000 0.000000 0.000000 1.000000
0.759962 0.649966 -0.001409 0.489245 0.035941 -0.044187 -0.998376 0.062066 -0.648973 0.758677 -0.056941 0.036304 0.000000 0.000000 0.000000 1.000000
0.759962 0.649966 -0.001409 0.489245 0.035941 -0.044188 -0.998377 0.062066 -0.648973 0.758677 -0.056941 0.036303 0.000000 0.000000 0.000000 1.000000
0.759962 0.649966 -0.001409 0.489245 0.035941 -0.044188 -0.998377 0.062066 -0.648973 0.758677 -0.056941 0.036303 0.000000 0.000000 0.000000 1.000000
0.759962 0.649966 -0.001409 0.489245 0.035940 -0.044188 -0.998376 0.062066 -0.648973 0.758677 -0.056941 0.036303 0.000000 0.000000 0.000000 1.000000
0.759962 0.649966 -0.001409 0.489245 0.035941 -0.044187 -0.998377 0.062066 -0.648973 0.758677 -0.056941 0.036303 0.000000 0.000000 0.000000 1.000000
0.753598 0.657335 0.000825 0.489245 0.040077 -0.044693 -0.998197 0.062066 -0.656113 0.752272 -0.060025 0.036303 0.000000 0.000000 0.000000 1.000000
0.738105 0.674660 0.005953 0.489245 0.049984 -0.045881 -0.997696 0.062066 -0.672832 0.736702 -0.067587 0.036303 0.000000 0.000000 0.000000 1.000000
0.719040 0.694870 0.011681 0.489245 0.061875 -0.047268 -0.996964 0.062067 -0.692208 0.717580 -0.076983 0.036303 0.000000 0.000000 0.000000 1.000000
0.702606 0.711397 0.016134 0.489246 0.071884 -0.048403 -0.996238 0.062066 -0.707939 0.701122 -0.085146 0.036304 0.000000 0.000000 0.000000 1.000000
0.695592 0.718213 0.017903 0.489246 0.076091 -0.048870 -0.995902 0.062066 -0.714396 0.694104 -0.088644 0.036303 0.000000 0.000000 0.000000 1.000000
0.695592 0.718214 0.017903 0.489245 0.076091 -0.048870 -0.995902 0.062066 -0.714396 0.694104 -0.088644 0.036303 0.000000 0.000000 0.000000 1.000000
0.695592 0.718214 0.017902 0.489245 0.076091 -0.048870 -0.995902 0.062066 -0.714396 0.694104 -0.088644 0.036303 0.000000 0.000000 0.000000 1.000000
0.695592 0.718214 0.017903 0.489246 0.076091 -0.048870 -0.995902 0.062065 -0.714396 0.694104 -0.088644 0.036304 0.000000 0.000000 0.000000 1.000000
0.695592 0.718213 0.017903 0.489245 0.076091 -0.048870 -0.995902 0.062066 -0.714396 0.694105 -0.088644 0.036303 0.000000 0.000000 0.000000 1.000000
0.695593 0.718214 0.017903 0.489244 0.076091 -0.048870 -0.995903 0.062066 -0.714396 0.694105 -0.088644 0.036302 0.000000 0.000000 0.000000 1.000000
0.695592 0.718213 0.017903 0.489245 0.076091 -0.048870 -0.995903 0.062066 -0.714396 0.694105 -0.088644 0.036302 0.000000 0.000000 0.000000 1.000000
0.695593 0.718214 0.017903 0.489245 0.076091 -0.048870 -0.995902 0.062067 -0.714396 0.694105 -0.088644 0.036303 0.000000 0.000000 0.000000 1.000000
0.695592 0.718213 0.017903 0.489245 0.076091 -0.048870 -0.995902 0.062066 -0.714396 0.694104 -0.088644 0.036302 0.000000 0.000000 0.000000 1.000000
0.695592 0.718214 0.017903 0.489246 0.076091 -0.048870 -0.995902 0.062066 -0.714396 0.694104 -0.088644 0.036303 0.000000 0.000000 0.000000 1.000000</float_array><technique_common><accessor source="#jnt_right_handmiddle1-Matrix-animation-output-transform-array" count="25" stride="16"><param type="float4x4"/></accessor></technique_common></source><source id="jnt_right_handmiddle1-Interpolations"><Name_array id="jnt_right_handmiddle1-Interpolations-array" count="25">
 LINEAR LINEAR LINEAR LINEAR LINEAR LINEAR LINEAR LINEAR LINEAR LINEAR LINEAR
LINEAR LINEAR LINEAR LINEAR LINEAR LINEAR LINEAR LINEAR LINEAR LINEAR LINEAR LINEAR
LINEAR LINEAR</Name_array><technique_common><accessor source="#jnt_right_handmiddle1-Interpolations-array" count="25"><param type="name"/></accessor></technique_common></source><sampler id="jnt_right_handmiddle1-Matrix-animation-transform"><input semantic="INPUT" source="#jnt_right_handmiddle1-Matrix-animation-input"/><input semantic="OUTPUT" source="#jnt_right_handmiddle1-Matrix-animation-output-transform"/><input semantic="INTERPOLATION" source="#jnt_right_handmiddle1-Interpolations"/></sampler><channel source="#jnt_right_handmiddle1-Matrix-animation-transform" target="jnt_right_handmiddle1/matrix"/></animation></animation>
    <animation id="jnt_right_handmiddle2-anim" name="jnt_right_handmiddle2"><animation><source id="jnt_right_handmiddle2-Matrix-animation-input"><float_array id="jnt_right_handmiddle2-Matrix-animation-input-array" count="25">

0.000000 0.033333 0.066667 0.100000 0.133333 0.166667 0.200000 0.233333 0.266667 0.300000 0.333333 0.366667 0.400000 0.433333 0.466667 0.500000
0.533333 0.566667 0.600000 0.633333 0.666667 0.700000 0.733333 0.766667 0.800000</float_array><technique_common><accessor source="#jnt_right_handmiddle2-Matrix-animation-input-array" count="25"><param name="TIME" type="float"/></accessor></technique_common></source><source id="jnt_right_handmiddle2-Matrix-animation-output-transform"><float_array id="jnt_right_handmiddle2-Matrix-animation-output-transform-array" count="400">

0.966827 0.255432 -0.000000 0.176685 -0.255432 0.966827 -0.000000 0.000000 0.000000 0.000000 1.000000 0.000000 0.000000 0.000000 0.000000 1.000000
0.966827 0.255432 -0.000000 0.176686 -0.255432 0.966827 -0.000000 0.000001 0.000000 0.000000 1.000000 0.000000 0.000000 0.000000 0.000000 1.000000
0.966827 0.255432 -0.000000 0.176685 -0.255432 0.966827 -0.000000 0.000000 0.000000 0.000000 1.000000 -0.000000 0.000000 0.000000 0.000000 1.000000
0.966827 0.255432 -0.000000 0.176684 -0.255432 0.966827 -0.000000 0.000000 0.000000 0.000000 1.000000 0.000000 0.000000 0.000000 0.000000 1.000000
0.966827 0.255432 -0.000000 0.176686 -0.255432 0.966827 -0.000000 0.000000 0.000000 0.000000 1.000000 -0.000000 0.000000 0.000000 0.000000 1.000000
0.966827 0.255432 -0.000000 0.176685 -0.255432 0.966827 -0.000000 0.000001 0.000000 0.000000 1.000000 0.000000 0.000000 0.000000 0.000000 1.000000
0.966827 0.255432 -0.000000 0.176685 -0.255432 0.966827 -0.000000 0.000001 0.000000 0.000000 1.000000 -0.000000 0.000000 0.000000 0.000000 1.000000
0.966827 0.255432 -0.000000 0.176685 -0.255432 0.966827 -0.000000 0.000001 0.000000 0.000000 1.000000 -0.000000 0.000000 0.000000 0.000000 1.000000
0.966827 0.255432 -0.000000 0.176685 -0.255432 0.966827 -0.000000 0.000001 0.000000 0.000000 1.000000 -0.000000 0.000000 0.000000 0.000000 1.000000
0.966827 0.255432 -0.000000 0.176685 -0.255432 0.966827 -0.000000 0.000000 0.000000 0.000000 1.000000 0.000001 0.000000 0.000000 0.000000 1.000000
0.966827 0.255432 -0.000000 0.176685 -0.255432 0.966827 -0.000000 0.000001 0.000000 0.000000 1.000000 -0.000000 0.000000 0.000000 0.000000 1.000000
0.964284 0.264872 -0.000000 0.176685 -0.264872 0.964284 -0.000000 0.000000 0.000000 0.000000 1.000000 0.000000 0.000000 0.000000 0.000000 1.000000
0.957844 0.287290 -0.000000 0.176685 -0.287290 0.957844 -0.000000 0.000001 0.000000 0.000000 1.000000 0.000000 0.000000 0.000000 0.000000 1.000000
0.949470 0.313858 -0.000000 0.176686 -0.313858 0.949470 -0.000000 0.000001 0.000000 0.000000 1.000000 -0.000000 0.000000 0.000000 0.000000 1.000000
0.941882 0.335942 -0.000000 0.176685 -0.335942 0.941883 -0.000000 0.000001 0.000000 0.000000 1.000000 -0.000000 0.000000 0.000000 0.000000 1.000000
0.938547 0.345151 -0.000000 0.176685 -0.345151 0.938547 -0.000000 0.000000 0.000000 0.000000 1.000000 0.000000 0.000000 0.000000 0.000000 1.000000
0.938547 0.345151 -0.000000 0.176685 -0.345151 0.938547 -0.000000 0.000001 0.000000 0.000000 1.000000 0.000000 0.000000 0.000000 0.000000 1.000000
0.938547 0.345151 -0.000000 0.176685 -0.345151 0.938547 -0.000000 0.000000 0.000000 0.000000 1.000000 -0.000000 0.000000 0.000000 0.000000 1.000000
0.938547 0.345151 -0.000000 0.176685 -0.345152 0.938547 -0.000000 0.000001 0.000000 0.000000 1.000000 0.000000 0.000000 0.000000 0.000000 1.000000
0.938547 0.345151 -0.000000 0.176686 -0.345151 0.938547 -0.000000 0.000002 0.000000 0.000000 1.000000 0.000000 0.000000 0.000000 0.000000 1.000000
0.938547 0.345151 -0.000000 0.176685 -0.345151 0.938547 -0.000000 0.000001 0.000000 0.000000 1.000000 -0.000000 0.000000 0.000000 0.000000 1.000000
0.938547 0.345151 -0.000000 0.176685 -0.345151 0.938547 -0.000000 0.000001 0.000000 0.000000 1.000000 -0.000000 0.000000 0.000000 0.000000 1.000000
0.938547 0.345151 -0.000000 0.176685 -0.345151 0.938547 -0.000000 0.000000 0.000000 0.000000 1.000000 0.000001 0.000000 0.000000 0.000000 1.000000
0.938547 0.345151 -0.000000 0.176685 -0.345151 0.938547 -0.000000 0.000001 0.000000 0.000000 1.000000 0.000000 0.000000 0.000000 0.000000 1.000000
0.938547 0.345152 -0.000000 0.176685 -0.345152 0.938547 -0.000000 0.000001 0.000000 0.000000 1.000000 0.000000 0.000000 0.000000 0.000000 1.000000</float_array><technique_common><accessor source="#jnt_right_handmiddle2-Matrix-animation-output-transform-array" count="25" stride="16"><param type="float4x4"/></accessor></technique_common></source><source id="jnt_right_handmiddle2-Interpolations"><Name_array id="jnt_right_handmiddle2-Interpolations-array" count="25">
 LINEAR LINEAR LINEAR LINEAR LINEAR LINEAR LINEAR LINEAR LINEAR LINEAR LINEAR
LINEAR LINEAR LINEAR LINEAR LINEAR LINEAR LINEAR LINEAR LINEAR LINEAR LINEAR LINEAR
LINEAR LINEAR</Name_array><technique_common><accessor source="#jnt_right_handmiddle2-Interpolations-array" count="25"><param type="name"/></accessor></technique_common></source><sampler id="jnt_right_handmiddle2-Matrix-animation-transform"><input semantic="INPUT" source="#jnt_right_handmiddle2-Matrix-animation-input"/><input semantic="OUTPUT" source="#jnt_right_handmiddle2-Matrix-animation-output-transform"/><input semantic="INTERPOLATION" source="#jnt_right_handmiddle2-Interpolations"/></sampler><channel source="#jnt_right_handmiddle2-Matrix-animation-transform" target="jnt_right_handmiddle2/matrix"/></animation></animation>
    <animation id="jnt_right_handmiddle3-anim" name="jnt_right_handmiddle3"><animation><source id="jnt_right_handmiddle3-Matrix-animation-input"><float_array id="jnt_right_handmiddle3-Matrix-animation-input-array" count="25">

0.000000 0.033333 0.066667 0.100000 0.133333 0.166667 0.200000 0.233333 0.266667 0.300000 0.333333 0.366667 0.400000 0.433333 0.466667 0.500000
0.533333 0.566667 0.600000 0.633333 0.666667 0.700000 0.733333 0.766667 0.800000</float_array><technique_common><accessor source="#jnt_right_handmiddle3-Matrix-animation-input-array" count="25"><param name="TIME" type="float"/></accessor></technique_common></source><source id="jnt_right_handmiddle3-Matrix-animation-output-transform"><float_array id="jnt_right_handmiddle3-Matrix-animation-output-transform-array" count="400">

0.999313 0.037052 -0.000000 0.108374 -0.037052 0.999313 0.000000 0.000000 0.000000 -0.000000 1.000000 -0.000000 0.000000 0.000000 0.000000 1.000000
0.999313 0.037052 -0.000000 0.108374 -0.037052 0.999313 0.000000 0.000000 0.000000 -0.000000 1.000000 -0.000000 0.000000 0.000000 0.000000 1.000000
0.999313 0.037052 -0.000000 0.108374 -0.037052 0.999313 0.000000 0.000000 0.000000 -0.000000 1.000000 -0.000000 0.000000 0.000000 0.000000 1.000000
0.999313 0.037052 0.000000 0.108374 -0.037052 0.999313 0.000000 0.000000 0.000000 -0.000000 1.000000 -0.000000 0.000000 0.000000 0.000000 1.000000
0.999313 0.037052 -0.000000 0.108373 -0.037052 0.999313 0.000000 -0.000000 0.000000 -0.000000 1.000000 0.000000 0.000000 0.000000 0.000000 1.000000
0.999314 0.037052 -0.000000 0.108374 -0.037052 0.999314 0.000000 0.000000 0.000000 -0.000000 1.000000 -0.000000 0.000000 0.000000 0.000000 1.000000
0.999313 0.037052 0.000000 0.108374 -0.037052 0.999313 0.000000 0.000001 -0.000000 -0.000000 1.000000 -0.000000 0.000000 0.000000 0.000000 1.000000
0.999313 0.037052 0.000000 0.108374 -0.037052 0.999313 0.000000 -0.000000 0.000000 -0.000000 1.000000 0.000000 0.000000 0.000000 0.000000 1.000000
0.999313 0.037052 0.000000 0.108375 -0.037052 0.999314 0.000000 0.000001 -0.000000 -0.000000 1.000000 0.000000 0.000000 0.000000 0.000000 1.000000
0.999313 0.037052 0.000000 0.108374 -0.037052 0.999313 0.000000 0.000001 -0.000000 -0.000000 1.000000 0.000000 0.000000 0.000000 0.000000 1.000000
0.999313 0.037052 0.000000 0.108374 -0.037052 0.999313 0.000000 0.000000 -0.000000 -0.000000 1.000000 0.000000 0.000000 0.000000 0.000000 1.000000
0.998903 0.046819 -0.000000 0.108374 -0.046819 0.998903 0.000000 0.000001 0.000000 -0.000000 1.000000 -0.000000 0.000000 0.000000 0.000000 1.000000
0.997540 0.070104 -0.000000 0.108374 -0.070104 0.997540 0.000000 0.000000 0.000000 -0.000000 1.000000 -0.000000 0.000000 0.000000 0.000000 1.000000
0.995200 0.097862 -0.000000 0.108374 -0.097862 0.995200 0.000000 0.000000 0.000000 -0.000000 1.000000 0.000000 0.000000 0.000000 0.000000 1.000000
0.992643 0.121073 -0.000000 0.108374 -0.121073 0.992644 0.000000 0.000000 0.000000 -0.000000 1.000000 -0.000000 0.000000 0.000000 0.000000 1.000000
0.991410 0.130790 -0.000000 0.108375 -0.130790 0.991410 0.000000 -0.000000 0.000000 -0.000000 1.000000 -0.000000 0.000000 0.000000 0.000000 1.000000
0.991410 0.130790 -0.000000 0.108374 -0.130790 0.991410 0.000000 -0.000000 0.000000 -0.000000 1.000000 -0.000001 0.000000 0.000000 0.000000 1.000000
0.991410 0.130790 -0.000000 0.108374 -0.130790 0.991410 0.000000 -0.000000 0.000000 -0.000000 1.000000 -0.000000 0.000000 0.000000 0.000000 1.000000
0.991410 0.130790 -0.000000 0.108374 -0.130790 0.991410 0.000000 -0.000000 0.000000 -0.000000 1.000000 -0.000000 0.000000 0.000000 0.000000 1.000000
0.991410 0.130790 -0.000000 0.108374 -0.130790 0.991410 0.000000 0.000000 0.000000 -0.000000 1.000000 0.000000 0.000000 0.000000 0.000000 1.000000
0.991410 0.130790 -0.000000 0.108374 -0.130790 0.991410 0.000000 -0.000001 0.000000 -0.000000 1.000000 0.000000 0.000000 0.000000 0.000000 1.000000
0.991410 0.130790 -0.000000 0.108374 -0.130790 0.991410 0.000000 -0.000000 0.000000 -0.000000 1.000000 0.000000 0.000000 0.000000 0.000000 1.000000
0.991410 0.130790 0.000000 0.108374 -0.130790 0.991410 0.000000 -0.000001 0.000000 -0.000000 1.000000 -0.000000 0.000000 0.000000 0.000000 1.000000
0.991410 0.130790 0.000000 0.108374 -0.130790 0.991410 0.000000 -0.000001 0.000000 -0.000000 1.000000 -0.000001 0.000000 0.000000 0.000000 1.000000
0.991410 0.130790 -0.000000 0.108375 -0.130790 0.991410 0.000000 0.000001 0.000000 -0.000000 1.000000 -0.000001 0.000000 0.000000 0.000000 1.000000</float_array><technique_common><accessor source="#jnt_right_handmiddle3-Matrix-animation-output-transform-array" count="25" stride="16"><param type="float4x4"/></accessor></technique_common></source><source id="jnt_right_handmiddle3-Interpolations"><Name_array id="jnt_right_handmiddle3-Interpolations-array" count="25">
 LINEAR LINEAR LINEAR LINEAR LINEAR LINEAR LINEAR LINEAR LINEAR LINEAR LINEAR
LINEAR LINEAR LINEAR LINEAR LINEAR LINEAR LINEAR LINEAR LINEAR LINEAR LINEAR LINEAR
LINEAR LINEAR</Name_array><technique_common><accessor source="#jnt_right_handmiddle3-Interpolations-array" count="25"><param type="name"/></accessor></technique_common></source><sampler id="jnt_right_handmiddle3-Matrix-animation-transform"><input semantic="INPUT" source="#jnt_right_handmiddle3-Matrix-animation-input"/><input semantic="OUTPUT" source="#jnt_right_handmiddle3-Matrix-animation-output-transform"/><input semantic="INTERPOLATION" source="#jnt_right_handmiddle3-Interpolations"/></sampler><channel source="#jnt_right_handmiddle3-Matrix-animation-transform" target="jnt_right_handmiddle3/matrix"/></animation></animation>
    <animation id="jnt_right_handmiddle4-anim" name="jnt_right_handmiddle4"><animation><source id="jnt_right_handmiddle4-Matrix-animation-input"><float_array id="jnt_right_handmiddle4-Matrix-animation-input-array" count="25">

0.000000 0.033333 0.066667 0.100000 0.133333 0.166667 0.200000 0.233333 0.266667 0.300000 0.333333 0.366667 0.400000 0.433333 0.466667 0.500000
0.533333 0.566667 0.600000 0.633333 0.666667 0.700000 0.733333 0.766667 0.800000</float_array><technique_common><accessor source="#jnt_right_handmiddle4-Matrix-animation-input-array" count="25"><param name="TIME" type="float"/></accessor></technique_common></source><source id="jnt_right_handmiddle4-Matrix-animation-output-transform"><float_array id="jnt_right_handmiddle4-Matrix-animation-output-transform-array" count="400">

1.000000 0.000000 -0.000000 0.119191 -0.000000 1.000000 -0.000000 0.000105 0.000000 0.000000 1.000000 -0.000005 0.000000 0.000000 0.000000 1.000000
1.000000 0.000000 -0.000000 0.119191 -0.000000 1.000000 0.000000 0.000105 0.000000 -0.000000 1.000000 -0.000005 0.000000 0.000000 0.000000 1.000000
1.000000 0.000000 -0.000000 0.119191 -0.000000 1.000000 -0.000000 0.000105 0.000000 0.000000 1.000000 -0.000005 0.000000 0.000000 0.000000 1.000000
1.000000 0.000000 -0.000000 0.119191 -0.000000 1.000000 -0.000000 0.000105 0.000000 0.000000 1.000000 -0.000005 0.000000 0.000000 0.000000 1.000000
1.000000 0.000000 0.000000 0.119191 -0.000000 1.000000 0.000000 0.000105 -0.000000 -0.000000 1.000000 -0.000005 0.000000 0.000000 0.000000 1.000000
1.000000 0.000000 0.000000 0.119191 -0.000000 1.000000 0.000000 0.000105 -0.000000 -0.000000 1.000000 -0.000005 0.000000 0.000000 0.000000 1.000000
1.000000 0.000000 0.000000 0.119191 -0.000000 1.000000 -0.000000 0.000105 -0.000000 0.000000 1.000000 -0.000005 0.000000 0.000000 0.000000 1.000000
1.000000 0.000000 -0.000000 0.119191 -0.000000 1.000000 -0.000000 0.000105 0.000000 0.000000 1.000000 -0.000005 0.000000 0.000000 0.000000 1.000000
1.000000 0.000000 0.000000 0.119191 -0.000000 1.000000 0.000000 0.000106 -0.000000 -0.000000 1.000000 -0.000005 0.000000 0.000000 0.000000 1.000000
1.000000 0.000000 -0.000000 0.119191 -0.000000 1.000000 0.000000 0.000105 0.000000 -0.000000 1.000000 -0.000005 0.000000 0.000000 0.000000 1.000000
1.000000 0.000000 0.000000 0.119191 -0.000000 1.000000 -0.000000 0.000105 -0.000000 -0.000000 1.000000 -0.000005 0.000000 0.000000 0.000000 1.000000
1.000000 0.000000 -0.000000 0.119191 -0.000000 1.000000 -0.000000 0.000105 0.000000 0.000000 1.000000 -0.000005 0.000000 0.000000 0.000000 1.000000
1.000000 0.000000 -0.000000 0.119191 -0.000000 1.000000 -0.000000 0.000105 0.000000 0.000000 1.000000 -0.000005 0.000000 0.000000 0.000000 1.000000
1.000000 0.000000 -0.000000 0.119191 -0.000000 1.000000 -0.000000 0.000105 0.000000 0.000000 1.000000 -0.000005 0.000000 0.000000 0.000000 1.000000
1.000000 0.000000 -0.000000 0.119191 -0.000000 1.000000 0.000000 0.000105 0.000000 -0.000000 1.000000 -0.000005 0.000000 0.000000 0.000000 1.000000
1.000000 0.000000 0.000000 0.119191 -0.000000 1.000000 -0.000000 0.000105 -0.000000 0.000000 1.000000 -0.000005 0.000000 0.000000 0.000000 1.000000
1.000000 0.000000 -0.000000 0.119191 -0.000000 1.000000 0.000000 0.000105 0.000000 -0.000000 1.000000 -0.000005 0.000000 0.000000 0.000000 1.000000
1.000000 0.000000 -0.000000 0.119191 -0.000000 1.000000 -0.000000 0.000105 0.000000 0.000000 1.000000 -0.000005 0.000000 0.000000 0.000000 1.000000
1.000000 0.000000 -0.000000 0.119191 -0.000000 1.000000 0.000000 0.000105 0.000000 -0.000000 1.000000 -0.000005 0.000000 0.000000 0.000000 1.000000
1.000000 0.000000 -0.000000 0.119191 -0.000000 1.000000 0.000000 0.000105 0.000000 -0.000000 1.000000 -0.000005 0.000000 0.000000 0.000000 1.000000
1.000000 0.000000 -0.000000 0.119191 -0.000000 1.000000 0.000000 0.000105 0.000000 -0.000000 1.000000 -0.000005 0.000000 0.000000 0.000000 1.000000
1.000000 0.000000 -0.000000 0.119191 -0.000000 1.000000 0.000000 0.000105 0.000000 -0.000000 1.000000 -0.000005 0.000000 0.000000 0.000000 1.000000
1.000000 0.000000 0.000000 0.119191 -0.000000 1.000000 0.000000 0.000105 -0.000000 -0.000000 1.000000 -0.000005 0.000000 0.000000 0.000000 1.000000
1.000000 0.000000 -0.000000 0.119191 -0.000000 1.000000 -0.000000 0.000105 0.000000 0.000000 1.000000 -0.000005 0.000000 0.000000 0.000000 1.000000
1.000000 0.000000 -0.000000 0.119191 -0.000000 1.000000 0.000000 0.000105 0.000000 -0.000000 1.000000 -0.000005 0.000000 0.000000 0.000000 1.000000</float_array><technique_common><accessor source="#jnt_right_handmiddle4-Matrix-animation-output-transform-array" count="25" stride="16"><param type="float4x4"/></accessor></technique_common></source><source id="jnt_right_handmiddle4-Interpolations"><Name_array id="jnt_right_handmiddle4-Interpolations-array" count="25">
 LINEAR LINEAR LINEAR LINEAR LINEAR LINEAR LINEAR LINEAR LINEAR LINEAR LINEAR
LINEAR LINEAR LINEAR LINEAR LINEAR LINEAR LINEAR LINEAR LINEAR LINEAR LINEAR LINEAR
LINEAR LINEAR</Name_array><technique_common><accessor source="#jnt_right_handmiddle4-Interpolations-array" count="25"><param type="name"/></accessor></technique_common></source><sampler id="jnt_right_handmiddle4-Matrix-animation-transform"><input semantic="INPUT" source="#jnt_right_handmiddle4-Matrix-animation-input"/><input semantic="OUTPUT" source="#jnt_right_handmiddle4-Matrix-animation-output-transform"/><input semantic="INTERPOLATION" source="#jnt_right_handmiddle4-Interpolations"/></sampler><channel source="#jnt_right_handmiddle4-Matrix-animation-transform" target="jnt_right_handmiddle4/matrix"/></animation></animation>
    <animation id="jnt_right_handring1-anim" name="jnt_right_handring1"><animation><source id="jnt_right_handring1-Matrix-animation-input"><float_array id="jnt_right_handring1-Matrix-animation-input-array" count="25">

0.000000 0.033333 0.066667 0.100000 0.133333 0.166667 0.200000 0.233333 0.266667 0.300000 0.333333 0.366667 0.400000 0.433333 0.466667 0.500000
0.533333 0.566667 0.600000 0.633333 0.666667 0.700000 0.733333 0.766667 0.800000</float_array><technique_common><accessor source="#jnt_right_handring1-Matrix-animation-input-array" count="25"><param name="TIME" type="float"/></accessor></technique_common></source><source id="jnt_right_handring1-Matrix-animation-output-transform"><float_array id="jnt_right_handring1-Matrix-animation-output-transform-array" count="400">

0.752478 0.631752 -0.186186 0.469962 -0.076832 -0.196562 -0.977476 -0.076798 -0.654120 0.749835 -0.099370 0.036646 0.000000 0.000000 0.000000 1.000000
0.752479 0.631752 -0.186186 0.469962 -0.076832 -0.196562 -0.977477 -0.076798 -0.654120 0.749835 -0.099370 0.036646 0.000000 0.000000 0.000000 1.000000
0.752479 0.631752 -0.186186 0.469963 -0.076832 -0.196562 -0.977477 -0.076798 -0.654120 0.749835 -0.099370 0.036646 0.000000 0.000000 0.000000 1.000000
0.752478 0.631752 -0.186186 0.469962 -0.076832 -0.196562 -0.977477 -0.076798 -0.654120 0.749835 -0.099370 0.036645 0.000000 0.000000 0.000000 1.000000
0.752478 0.631752 -0.186186 0.469962 -0.076831 -0.196562 -0.977477 -0.076799 -0.654120 0.749835 -0.099370 0.036645 0.000000 0.000000 0.000000 1.000000
0.752478 0.631752 -0.186186 0.469962 -0.076832 -0.196562 -0.977476 -0.076799 -0.654120 0.749835 -0.099370 0.036645 0.000000 0.000000 0.000000 1.000000
0.752478 0.631752 -0.186186 0.469963 -0.076831 -0.196562 -0.977476 -0.076797 -0.654120 0.749835 -0.099370 0.036646 0.000000 0.000000 0.000000 1.000000
0.752479 0.631752 -0.186186 0.469962 -0.076832 -0.196562 -0.977477 -0.076798 -0.654120 0.749835 -0.099370 0.036646 0.000000 0.000000 0.000000 1.000000
0.752479 0.631752 -0.186186 0.469962 -0.076832 -0.196562 -0.977477 -0.076798 -0.654120 0.749835 -0.099370 0.036646 0.000000 0.000000 0.000000 1.000000
0.752478 0.631752 -0.186186 0.469962 -0.076832 -0.196562 -0.977477 -0.076798 -0.654120 0.749835 -0.099370 0.036646 0.000000 0.000000 0.000000 1.000000
0.752478 0.631752 -0.186186 0.469963 -0.076832 -0.196562 -0.977477 -0.076798 -0.654120 0.749835 -0.099370 0.036646 0.000000 0.000000 0.000000 1.000000
0.746946 0.638996 -0.183727 0.469963 -0.071276 -0.197781 -0.977651 -0.076798 -0.661053 0.743348 -0.102187 0.036646 0.000000 0.000000 0.000000 1.000000
0.733440 0.656025 -0.178037 0.469963 -0.057954 -0.200613 -0.977955 -0.076798 -0.677280 0.727589 -0.109118 0.036646 0.000000 0.000000 0.000000 1.000000
0.716754 0.675886 -0.171589 0.469962 -0.041929 -0.203849 -0.978104 -0.076798 -0.696065 0.708254 -0.117770 0.036645 0.000000 0.000000 0.000000 1.000000
0.702315 0.692123 -0.166492 0.469962 -0.028414 -0.206439 -0.978047 -0.076798 -0.711299 0.691628 -0.125319 0.036645 0.000000 0.000000 0.000000 1.000000
0.696140 0.698819 -0.164441 0.469963 -0.022725 -0.207492 -0.977973 -0.076798 -0.717547 0.684543 -0.128562 0.036646 0.000000 0.000000 0.000000 1.000000
0.696140 0.698819 -0.164441 0.469962 -0.022725 -0.207492 -0.977973 -0.076797 -0.717547 0.684543 -0.128562 0.036646 0.000000 0.000000 0.000000 1.000000
0.696140 0.698819 -0.164441 0.469963 -0.022725 -0.207492 -0.977973 -0.076799 -0.717547 0.684543 -0.128562 0.036646 0.000000 0.000000 0.000000 1.000000
0.696140 0.698819 -0.164442 0.469963 -0.022725 -0.207492 -0.977973 -0.076798 -0.717546 0.684542 -0.128562 0.036646 0.000000 0.000000 0.000000 1.000000
0.696140 0.698819 -0.164442 0.469962 -0.022726 -0.207492 -0.977973 -0.076798 -0.717547 0.684543 -0.128562 0.036645 0.000000 0.000000 0.000000 1.000000
0.696140 0.698819 -0.164442 0.469962 -0.022726 -0.207492 -0.977973 -0.076798 -0.717547 0.684543 -0.128562 0.036646 0.000000 0.000000 0.000000 1.000000
0.696140 0.698819 -0.164442 0.469963 -0.022726 -0.207492 -0.977973 -0.076798 -0.717547 0.684543 -0.128562 0.036646 0.000000 0.000000 0.000000 1.000000
0.696140 0.698819 -0.164442 0.469962 -0.022726 -0.207492 -0.977973 -0.076798 -0.717547 0.684543 -0.128562 0.036646 0.000000 0.000000 0.000000 1.000000
0.696140 0.698819 -0.164441 0.469962 -0.022725 -0.207492 -0.977973 -0.076798 -0.717547 0.684543 -0.128562 0.036646 0.000000 0.000000 0.000000 1.000000
0.696140 0.698820 -0.164441 0.469963 -0.022725 -0.207492 -0.977973 -0.076800 -0.717547 0.684543 -0.128562 0.036646 0.000000 0.000000 0.000000 1.000000</float_array><technique_common><accessor source="#jnt_right_handring1-Matrix-animation-output-transform-array" count="25" stride="16"><param type="float4x4"/></accessor></technique_common></source><source id="jnt_right_handring1-Interpolations"><Name_array id="jnt_right_handring1-Interpolations-array" count="25">
 LINEAR LINEAR LINEAR LINEAR LINEAR LINEAR LINEAR LINEAR LINEAR LINEAR LINEAR
LINEAR LINEAR LINEAR LINEAR LINEAR LINEAR LINEAR LINEAR LINEAR LINEAR LINEAR LINEAR
LINEAR LINEAR</Name_array><technique_common><accessor source="#jnt_right_handring1-Interpolations-array" count="25"><param type="name"/></accessor></technique_common></source><sampler id="jnt_right_handring1-Matrix-animation-transform"><input semantic="INPUT" source="#jnt_right_handring1-Matrix-animation-input"/><input semantic="OUTPUT" source="#jnt_right_handring1-Matrix-animation-output-transform"/><input semantic="INTERPOLATION" source="#jnt_right_handring1-Interpolations"/></sampler><channel source="#jnt_right_handring1-Matrix-animation-transform" target="jnt_right_handring1/matrix"/></animation></animation>
    <animation id="jnt_right_handring2-anim" name="jnt_right_handring2"><animation><source id="jnt_right_handring2-Matrix-animation-input"><float_array id="jnt_right_handring2-Matrix-animation-input-array" count="25">

0.000000 0.033333 0.066667 0.100000 0.133333 0.166667 0.200000 0.233333 0.266667 0.300000 0.333333 0.366667 0.400000 0.433333 0.466667 0.500000
0.533333 0.566667 0.600000 0.633333 0.666667 0.700000 0.733333 0.766667 0.800000</float_array><technique_common><accessor source="#jnt_right_handring2-Matrix-animation-input-array" count="25"><param name="TIME" type="float"/></accessor></technique_common></source><source id="jnt_right_handring2-Matrix-animation-output-transform"><float_array id="jnt_right_handring2-Matrix-animation-output-transform-array" count="400">

0.963338 0.268290 -0.000001 0.184241 -0.268290 0.963338 -0.000001 0.000000 0.000000 0.000001 1.000000 -0.000000 0.000000 0.000000 0.000000 1.000000
0.963338 0.268290 -0.000001 0.184241 -0.268290 0.963338 -0.000001 0.000000 0.000000 0.000001 1.000000 -0.000000 0.000000 0.000000 0.000000 1.000000
0.963338 0.268290 -0.000001 0.184241 -0.268290 0.963338 -0.000001 0.000000 0.000000 0.000001 1.000000 0.000000 0.000000 0.000000 0.000000 1.000000
0.963338 0.268290 -0.000001 0.184241 -0.268290 0.963338 -0.000001 0.000000 0.000000 0.000001 1.000000 -0.000000 0.000000 0.000000 0.000000 1.000000
0.963338 0.268290 -0.000001 0.184242 -0.268290 0.963338 -0.000001 0.000000 0.000000 0.000001 1.000000 -0.000000 0.000000 0.000000 0.000000 1.000000
0.963338 0.268290 -0.000001 0.184241 -0.268290 0.963338 -0.000001 0.000000 0.000000 0.000001 1.000000 0.000000 0.000000 0.000000 0.000000 1.000000
0.963338 0.268290 -0.000001 0.184240 -0.268290 0.963338 -0.000001 -0.000000 0.000000 0.000001 1.000000 0.000001 0.000000 0.000000 0.000000 1.000000
0.963338 0.268290 -0.000001 0.184241 -0.268290 0.963338 -0.000001 0.000000 0.000000 0.000001 1.000000 -0.000000 0.000000 0.000000 0.000000 1.000000
0.963338 0.268290 -0.000001 0.184241 -0.268290 0.963338 -0.000001 0.000000 0.000000 0.000001 1.000000 -0.000000 0.000000 0.000000 0.000000 1.000000
0.963338 0.268290 -0.000001 0.184241 -0.268290 0.963338 -0.000001 -0.000001 0.000000 0.000001 1.000000 0.000000 0.000000 0.000000 0.000000 1.000000
0.963338 0.268290 -0.000001 0.184241 -0.268290 0.963338 -0.000001 0.000000 0.000000 0.000001 1.000000 -0.000000 0.000000 0.000000 0.000000 1.000000
0.960663 0.277718 -0.000001 0.184241 -0.277718 0.960663 -0.000001 0.000000 0.000000 0.000001 1.000000 -0.000000 0.000000 0.000000 0.000000 1.000000
0.953909 0.300095 -0.000001 0.184241 -0.300095 0.953909 -0.000001 0.000001 0.000000 0.000001 1.000000 -0.000000 0.000000 0.000000 0.000000 1.000000
0.945164 0.326596 -0.000001 0.184241 -0.326596 0.945164 -0.000001 0.000000 0.000000 0.000001 1.000000 0.000000 0.000000 0.000000 0.000000 1.000000
0.937269 0.348606 -0.000001 0.184241 -0.348606 0.937269 -0.000001 -0.000001 0.000000 0.000001 1.000000 -0.000001 0.000000 0.000000 0.000000 1.000000
0.933806 0.357780 -0.000001 0.184241 -0.357780 0.933806 -0.000001 0.000000 0.000000 0.000001 1.000000 -0.000000 0.000000 0.000000 0.000000 1.000000
0.933806 0.357780 -0.000001 0.184241 -0.357780 0.933806 -0.000001 -0.000000 0.000000 0.000001 1.000000 -0.000000 0.000000 0.000000 0.000000 1.000000
0.933806 0.357780 -0.000001 0.184241 -0.357780 0.933806 -0.000001 0.000000 0.000000 0.000001 1.000000 0.000001 0.000000 0.000000 0.000000 1.000000
0.933806 0.357780 -0.000001 0.184241 -0.357780 0.933806 -0.000001 0.000000 0.000000 0.000001 1.000000 -0.000000 0.000000 0.000000 0.000000 1.000000
0.933806 0.357780 -0.000001 0.184241 -0.357780 0.933806 -0.000001 0.000001 0.000000 0.000001 1.000000 -0.000000 0.000000 0.000000 0.000000 1.000000
0.933806 0.357780 -0.000001 0.184241 -0.357780 0.933806 -0.000001 0.000001 0.000000 0.000001 1.000000 -0.000000 0.000000 0.000000 0.000000 1.000000
0.933806 0.357780 -0.000001 0.184241 -0.357780 0.933806 -0.000001 -0.000000 0.000000 0.000001 1.000000 -0.000000 0.000000 0.000000 0.000000 1.000000
0.933806 0.357780 -0.000001 0.184241 -0.357780 0.933806 -0.000001 0.000001 0.000000 0.000001 1.000000 -0.000000 0.000000 0.000000 0.000000 1.000000
0.933806 0.357780 -0.000001 0.184241 -0.357780 0.933806 -0.000001 0.000000 0.000000 0.000001 1.000000 0.000000 0.000000 0.000000 0.000000 1.000000
0.933806 0.357780 -0.000001 0.184241 -0.357780 0.933806 -0.000001 0.000001 0.000000 0.000001 1.000000 -0.000000 0.000000 0.000000 0.000000 1.000000</float_array><technique_common><accessor source="#jnt_right_handring2-Matrix-animation-output-transform-array" count="25" stride="16"><param type="float4x4"/></accessor></technique_common></source><source id="jnt_right_handring2-Interpolations"><Name_array id="jnt_right_handring2-Interpolations-array" count="25">
 LINEAR LINEAR LINEAR LINEAR LINEAR LINEAR LINEAR LINEAR LINEAR LINEAR LINEAR
LINEAR LINEAR LINEAR LINEAR LINEAR LINEAR LINEAR LINEAR LINEAR LINEAR LINEAR LINEAR
LINEAR LINEAR</Name_array><technique_common><accessor source="#jnt_right_handring2-Interpolations-array" count="25"><param type="name"/></accessor></technique_common></source><sampler id="jnt_right_handring2-Matrix-animation-transform"><input semantic="INPUT" source="#jnt_right_handring2-Matrix-animation-input"/><input semantic="OUTPUT" source="#jnt_right_handring2-Matrix-animation-output-transform"/><input semantic="INTERPOLATION" source="#jnt_right_handring2-Interpolations"/></sampler><channel source="#jnt_right_handring2-Matrix-animation-transform" target="jnt_right_handring2/matrix"/></animation></animation>
    <animation id="jnt_right_handring3-anim" name="jnt_right_handring3"><animation><source id="jnt_right_handring3-Matrix-animation-input"><float_array id="jnt_right_handring3-Matrix-animation-input-array" count="25">

0.000000 0.033333 0.066667 0.100000 0.133333 0.166667 0.200000 0.233333 0.266667 0.300000 0.333333 0.366667 0.400000 0.433333 0.466667 0.500000
0.533333 0.566667 0.600000 0.633333 0.666667 0.700000 0.733333 0.766667 0.800000</float_array><technique_common><accessor source="#jnt_right_handring3-Matrix-animation-input-array" count="25"><param name="TIME" type="float"/></accessor></technique_common></source><source id="jnt_right_handring3-Matrix-animation-output-transform"><float_array id="jnt_right_handring3-Matrix-animation-output-transform-array" count="400">

0.999434 0.033644 0.000000 0.103951 -0.033644 0.999434 0.000001 0.000001 -0.000000 -0.000001 1.000000 0.000000 0.000000 0.000000 0.000000 1.000000
0.999434 0.033644 0.000000 0.103952 -0.033644 0.999434 0.000001 0.000001 -0.000000 -0.000001 1.000000 0.000000 0.000000 0.000000 0.000000 1.000000
0.999434 0.033644 0.000000 0.103951 -0.033644 0.999434 0.000001 0.000001 -0.000000 -0.000001 1.000000 0.000000 0.000000 0.000000 0.000000 1.000000
0.999434 0.033644 0.000000 0.103951 -0.033644 0.999434 0.000001 0.000001 -0.000000 -0.000001 1.000000 0.000000 0.000000 0.000000 0.000000 1.000000
0.999434 0.033644 0.000000 0.103951 -0.033644 0.999434 0.000001 0.000001 -0.000000 -0.000001 1.000000 0.000000 0.000000 0.000000 0.000000 1.000000
0.999434 0.033644 0.000000 0.103951 -0.033644 0.999434 0.000001 0.000001 -0.000000 -0.000001 1.000000 -0.000000 0.000000 0.000000 0.000000 1.000000
0.999434 0.033644 0.000000 0.103951 -0.033644 0.999434 0.000001 0.000001 -0.000000 -0.000001 1.000000 -0.000000 0.000000 0.000000 0.000000 1.000000
0.999434 0.033644 0.000000 0.103951 -0.033644 0.999434 0.000001 0.000001 -0.000000 -0.000001 1.000000 0.000001 0.000000 0.000000 0.000000 1.000000
0.999434 0.033644 0.000000 0.103951 -0.033644 0.999434 0.000001 0.000000 -0.000000 -0.000001 1.000000 -0.000000 0.000000 0.000000 0.000000 1.000000
0.999434 0.033644 0.000000 0.103951 -0.033644 0.999434 0.000001 0.000001 -0.000000 -0.000001 1.000000 0.000000 0.000000 0.000000 0.000000 1.000000
0.999434 0.033644 0.000000 0.103952 -0.033644 0.999434 0.000001 0.000001 -0.000000 -0.000001 1.000000 0.000000 0.000000 0.000000 0.000000 1.000000
0.999056 0.043437 0.000000 0.103951 -0.043437 0.999056 0.000001 0.000001 -0.000000 -0.000001 1.000000 -0.000000 0.000000 0.000000 0.000000 1.000000
0.997768 0.066776 0.000000 0.103951 -0.066776 0.997768 0.000001 0.000000 -0.000000 -0.000001 1.000000 0.000001 0.000000 0.000000 0.000000 1.000000
0.995516 0.094591 0.000000 0.103951 -0.094591 0.995516 0.000001 0.000001 -0.000000 -0.000001 1.000000 -0.000000 0.000000 0.000000 0.000000 1.000000
0.993032 0.117842 0.000000 0.103951 -0.117842 0.993032 0.000001 0.000001 0.000000 -0.000001 1.000000 0.000000 0.000000 0.000000 0.000000 1.000000
0.991829 0.127574 0.000000 0.103951 -0.127574 0.991829 0.000001 0.000001 0.000000 -0.000001 1.000000 0.000000 0.000000 0.000000 0.000000 1.000000
0.991829 0.127574 0.000000 0.103951 -0.127574 0.991829 0.000001 -0.000000 0.000000 -0.000001 1.000000 0.000000 0.000000 0.000000 0.000000 1.000000
0.991829 0.127573 0.000000 0.103951 -0.127574 0.991829 0.000001 0.000002 0.000000 -0.000001 1.000000 -0.000000 0.000000 0.000000 0.000000 1.000000
0.991829 0.127573 0.000000 0.103952 -0.127573 0.991829 0.000001 0.000001 0.000000 -0.000001 1.000000 -0.000000 0.000000 0.000000 0.000000 1.000000
0.991829 0.127574 0.000000 0.103952 -0.127574 0.991829 0.000001 0.000001 0.000000 -0.000001 1.000000 0.000000 0.000000 0.000000 0.000000 1.000000
0.991829 0.127574 0.000000 0.103951 -0.127574 0.991829 0.000001 0.000001 0.000000 -0.000001 1.000000 0.000000 0.000000 0.000000 0.000000 1.000000
0.991829 0.127574 0.000000 0.103952 -0.127574 0.991829 0.000001 0.000001 0.000000 -0.000001 1.000000 -0.000000 0.000000 0.000000 0.000000 1.000000
0.991829 0.127574 0.000000 0.103951 -0.127574 0.991829 0.000001 0.000001 0.000000 -0.000001 1.000000 0.000001 0.000000 0.000000 0.000000 1.000000
0.991829 0.127574 0.000000 0.103951 -0.127574 0.991829 0.000001 0.000001 -0.000000 -0.000001 1.000000 0.000000 0.000000 0.000000 0.000000 1.000000
0.991829 0.127574 0.000000 0.103951 -0.127574 0.991829 0.000001 0.000001 0.000000 -0.000001 1.000000 0.000000 0.000000 0.000000 0.000000 1.000000</float_array><technique_common><accessor source="#jnt_right_handring3-Matrix-animation-output-transform-array" count="25" stride="16"><param type="float4x4"/></accessor></technique_common></source><source id="jnt_right_handring3-Interpolations"><Name_array id="jnt_right_handring3-Interpolations-array" count="25">
 LINEAR LINEAR LINEAR LINEAR LINEAR LINEAR LINEAR LINEAR LINEAR LINEAR LINEAR
LINEAR LINEAR LINEAR LINEAR LINEAR LINEAR LINEAR LINEAR LINEAR LINEAR LINEAR LINEAR
LINEAR LINEAR</Name_array><technique_common><accessor source="#jnt_right_handring3-Interpolations-array" count="25"><param type="name"/></accessor></technique_common></source><sampler id="jnt_right_handring3-Matrix-animation-transform"><input semantic="INPUT" source="#jnt_right_handring3-Matrix-animation-input"/><input semantic="OUTPUT" source="#jnt_right_handring3-Matrix-animation-output-transform"/><input semantic="INTERPOLATION" source="#jnt_right_handring3-Interpolations"/></sampler><channel source="#jnt_right_handring3-Matrix-animation-transform" target="jnt_right_handring3/matrix"/></animation></animation>
    <animation id="jnt_right_handring4-anim" name="jnt_right_handring4"><animation><source id="jnt_right_handring4-Matrix-animation-input"><float_array id="jnt_right_handring4-Matrix-animation-input-array" count="25">

0.000000 0.033333 0.066667 0.100000 0.133333 0.166667 0.200000 0.233333 0.266667 0.300000 0.333333 0.366667 0.400000 0.433333 0.466667 0.500000
0.533333 0.566667 0.600000 0.633333 0.666667 0.700000 0.733333 0.766667 0.800000</float_array><technique_common><accessor source="#jnt_right_handring4-Matrix-animation-input-array" count="25"><param name="TIME" type="float"/></accessor></technique_common></source><source id="jnt_right_handring4-Matrix-animation-output-transform"><float_array id="jnt_right_handring4-Matrix-animation-output-transform-array" count="400">

1.000000 -0.000000 0.000000 0.120247 -0.000000 1.000000 0.000000 0.000103 -0.000000 -0.000000 1.000000 -0.000016 0.000000 0.000000 0.000000 1.000000
1.000000 0.000000 0.000000 0.120247 -0.000000 1.000000 0.000000 0.000103 -0.000000 -0.000000 1.000000 -0.000016 0.000000 0.000000 0.000000 1.000000
1.000000 0.000000 0.000000 0.120247 -0.000000 1.000000 0.000000 0.000103 -0.000000 -0.000000 1.000000 -0.000016 0.000000 0.000000 0.000000 1.000000
1.000000 -0.000000 -0.000000 0.120247 0.000000 1.000000 0.000000 0.000103 0.000000 -0.000000 1.000000 -0.000016 0.000000 0.000000 0.000000 1.000000
1.000000 -0.000000 0.000000 0.120247 0.000000 1.000000 0.000000 0.000103 -0.000000 -0.000000 1.000000 -0.000016 0.000000 0.000000 0.000000 1.000000
1.000000 0.000000 0.000000 0.120246 -0.000000 1.000000 0.000000 0.000103 -0.000000 -0.000000 1.000000 -0.000016 0.000000 0.000000 0.000000 1.000000
1.000000 -0.000000 0.000000 0.120247 0.000000 1.000000 0.000000 0.000103 -0.000000 -0.000000 1.000000 -0.000016 0.000000 0.000000 0.000000 1.000000
1.000000 -0.000000 0.000000 0.120247 0.000000 1.000000 0.000000 0.000103 -0.000000 -0.000000 1.000000 -0.000016 0.000000 0.000000 0.000000 1.000000
1.000000 -0.000000 -0.000000 0.120247 0.000000 1.000000 0.000000 0.000103 0.000000 -0.000000 1.000000 -0.000016 0.000000 0.000000 0.000000 1.000000
1.000000 -0.000000 -0.000000 0.120247 0.000000 1.000000 0.000000 0.000103 0.000000 -0.000000 1.000000 -0.000016 0.000000 0.000000 0.000000 1.000000
1.000000 0.000000 -0.000000 0.120247 -0.000000 1.000000 0.000000 0.000103 0.000000 -0.000000 1.000000 -0.000016 0.000000 0.000000 0.000000 1.000000
1.000000 -0.000000 -0.000000 0.120247 0.000000 1.000000 0.000000 0.000103 0.000000 -0.000000 1.000000 -0.000016 0.000000 0.000000 0.000000 1.000000
1.000000 0.000000 0.000000 0.120247 -0.000000 1.000000 0.000000 0.000103 -0.000000 -0.000000 1.000000 -0.000016 0.000000 0.000000 0.000000 1.000000
1.000000 0.000000 0.000000 0.120247 -0.000000 1.000000 0.000000 0.000103 -0.000000 -0.000000 1.000000 -0.000016 0.000000 0.000000 0.000000 1.000000
1.000000 -0.000000 0.000000 0.120247 0.000000 1.000000 0.000000 0.000103 -0.000000 -0.000000 1.000000 -0.000016 0.000000 0.000000 0.000000 1.000000
1.000000 0.000000 -0.000000 0.120247 -0.000000 1.000000 0.000000 0.000103 0.000000 -0.000000 1.000000 -0.000016 0.000000 0.000000 0.000000 1.000000
1.000000 -0.000000 0.000000 0.120247 0.000000 1.000000 0.000000 0.000103 -0.000000 -0.000000 1.000000 -0.000016 0.000000 0.000000 0.000000 1.000000
1.000000 0.000000 -0.000000 0.120247 -0.000000 1.000000 0.000000 0.000103 0.000000 -0.000000 1.000000 -0.000016 0.000000 0.000000 0.000000 1.000000
1.000000 0.000000 -0.000000 0.120247 -0.000000 1.000000 0.000000 0.000103 0.000000 -0.000000 1.000000 -0.000016 0.000000 0.000000 0.000000 1.000000
1.000000 -0.000000 0.000000 0.120247 0.000000 1.000000 0.000000 0.000103 -0.000000 -0.000000 1.000000 -0.000016 0.000000 0.000000 0.000000 1.000000
1.000000 0.000000 -0.000000 0.120247 -0.000000 1.000000 0.000000 0.000103 0.000000 -0.000000 1.000000 -0.000016 0.000000 0.000000 0.000000 1.000000
1.000000 -0.000000 -0.000000 0.120247 0.000000 1.000000 0.000000 0.000103 0.000000 -0.000000 1.000000 -0.000016 0.000000 0.000000 0.000000 1.000000
1.000000 0.000000 -0.000000 0.120247 -0.000000 1.000000 0.000000 0.000103 0.000000 -0.000000 1.000000 -0.000016 0.000000 0.000000 0.000000 1.000000
1.000000 -0.000000 -0.000000 0.120247 0.000000 1.000000 0.000000 0.000103 0.000000 -0.000000 1.000000 -0.000016 0.000000 0.000000 0.000000 1.000000
1.000000 -0.000000 -0.000000 0.120247 0.000000 1.000000 0.000000 0.000103 0.000000 -0.000000 1.000000 -0.000016 0.000000 0.000000 0.000000 1.000000</float_array><technique_common><accessor source="#jnt_right_handring4-Matrix-animation-output-transform-array" count="25" stride="16"><param type="float4x4"/></accessor></technique_common></source><source id="jnt_right_handring4-Interpolations"><Name_array id="jnt_right_handring4-Interpolations-array" count="25">
 LINEAR LINEAR LINEAR LINEAR LINEAR LINEAR LINEAR LINEAR LINEAR LINEAR LINEAR
LINEAR LINEAR LINEAR LINEAR LINEAR LINEAR LINEAR LINEAR LINEAR LINEAR LINEAR LINEAR
LINEAR LINEAR</Name_array><technique_common><accessor source="#jnt_right_handring4-Interpolations-array" count="25"><param type="name"/></accessor></technique_common></source><sampler id="jnt_right_handring4-Matrix-animation-transform"><input semantic="INPUT" source="#jnt_right_handring4-Matrix-animation-input"/><input semantic="OUTPUT" source="#jnt_right_handring4-Matrix-animation-output-transform"/><input semantic="INTERPOLATION" source="#jnt_right_handring4-Interpolations"/></sampler><channel source="#jnt_right_handring4-Matrix-animation-transform" target="jnt_right_handring4/matrix"/></animation></animation>
    <animation id="jnt_right_handpinky1-anim" name="jnt_right_handpinky1"><animation><source id="jnt_right_handpinky1-Matrix-animation-input"><float_array id="jnt_right_handpinky1-Matrix-animation-input-array" count="25">

0.000000 0.033333 0.066667 0.100000 0.133333 0.166667 0.200000 0.233333 0.266667 0.300000 0.333333 0.366667 0.400000 0.433333 0.466667 0.500000
0.533333 0.566667 0.600000 0.633333 0.666667 0.700000 0.733333 0.766667 0.800000</float_array><technique_common><accessor source="#jnt_right_handpinky1-Matrix-animation-input-array" count="25"><param name="TIME" type="float"/></accessor></technique_common></source><source id="jnt_right_handpinky1-Matrix-animation-output-transform"><float_array id="jnt_right_handpinky1-Matrix-animation-output-transform-array" count="400">

0.831727 0.550768 -0.069898 0.407608 -0.008275 -0.113587 -0.993494 -0.208155 -0.555124 0.826893 -0.089915 -0.012229 0.000000 0.000000 0.000000 1.000000
0.831726 0.550768 -0.069898 0.407608 -0.008275 -0.113587 -0.993494 -0.208155 -0.555124 0.826893 -0.089915 -0.012229 0.000000 0.000000 0.000000 1.000000
0.831726 0.550768 -0.069898 0.407608 -0.008275 -0.113587 -0.993494 -0.208155 -0.555124 0.826893 -0.089915 -0.012229 0.000000 0.000000 0.000000 1.000000
0.831727 0.550768 -0.069898 0.407609 -0.008275 -0.113587 -0.993494 -0.208155 -0.555124 0.826893 -0.089915 -0.012230 0.000000 0.000000 0.000000 1.000000
0.831726 0.550768 -0.069898 0.407608 -0.008276 -0.113587 -0.993494 -0.208155 -0.555124 0.826893 -0.089915 -0.012230 0.000000 0.000000 0.000000 1.000000
0.831727 0.550768 -0.069898 0.407609 -0.008275 -0.113587 -0.993494 -0.208155 -0.555124 0.826893 -0.089915 -0.012230 0.000000 0.000000 0.000000 1.000000
0.831726 0.550768 -0.069898 0.407609 -0.008275 -0.113587 -0.993494 -0.208156 -0.555124 0.826893 -0.089915 -0.012229 0.000000 0.000000 0.000000 1.000000
0.831727 0.550768 -0.069898 0.407608 -0.008276 -0.113587 -0.993494 -0.208155 -0.555124 0.826893 -0.089915 -0.012229 0.000000 0.000000 0.000000 1.000000
0.831726 0.550768 -0.069898 0.407608 -0.008276 -0.113587 -0.993494 -0.208155 -0.555124 0.826893 -0.089915 -0.012229 0.000000 0.000000 0.000000 1.000000
0.831726 0.550768 -0.069898 0.407609 -0.008275 -0.113587 -0.993494 -0.208155 -0.555124 0.826893 -0.089915 -0.012229 0.000000 0.000000 0.000000 1.000000
0.831726 0.550768 -0.069898 0.407608 -0.008275 -0.113587 -0.993494 -0.208155 -0.555124 0.826893 -0.089915 -0.012229 0.000000 0.000000 0.000000 1.000000
0.826626 0.558685 -0.067532 0.407609 -0.003557 -0.114814 -0.993381 -0.208155 -0.562740 0.821395 -0.092921 -0.012230 0.000000 0.000000 0.000000 1.000000
0.814130 0.577358 -0.062055 0.407609 0.007778 -0.117699 -0.993019 -0.208155 -0.580631 0.807963 -0.100313 -0.012230 0.000000 0.000000 0.000000 1.000000
0.798611 0.599251 -0.055842 0.407608 0.021447 -0.121062 -0.992414 -0.208155 -0.601465 0.791354 -0.109534 -0.012230 0.000000 0.000000 0.000000 1.000000
0.785117 0.617249 -0.050927 0.407609 0.033006 -0.123808 -0.991757 -0.208155 -0.618466 0.776965 -0.117577 -0.012230 0.000000 0.000000 0.000000 1.000000
0.779329 0.624700 -0.048950 0.407609 0.037878 -0.124941 -0.991441 -0.208155 -0.625469 0.770805 -0.121032 -0.012229 0.000000 0.000000 0.000000 1.000000
0.779329 0.624700 -0.048950 0.407609 0.037878 -0.124941 -0.991441 -0.208155 -0.625469 0.770805 -0.121033 -0.012229 0.000000 0.000000 0.000000 1.000000
0.779329 0.624700 -0.048950 0.407608 0.037878 -0.124941 -0.991441 -0.208155 -0.625469 0.770804 -0.121032 -0.012230 0.000000 0.000000 0.000000 1.000000
0.779329 0.624700 -0.048950 0.407608 0.037878 -0.124941 -0.991441 -0.208155 -0.625469 0.770804 -0.121033 -0.012229 0.000000 0.000000 0.000000 1.000000
0.779329 0.624700 -0.048950 0.407608 0.037878 -0.124941 -0.991441 -0.208155 -0.625469 0.770805 -0.121032 -0.012229 0.000000 0.000000 0.000000 1.000000
0.779329 0.624700 -0.048950 0.407608 0.037878 -0.124941 -0.991441 -0.208155 -0.625469 0.770805 -0.121032 -0.012230 0.000000 0.000000 0.000000 1.000000
0.779329 0.624700 -0.048950 0.407608 0.037878 -0.124941 -0.991441 -0.208156 -0.625469 0.770804 -0.121032 -0.012229 0.000000 0.000000 0.000000 1.000000
0.779329 0.624700 -0.048950 0.407608 0.037878 -0.124941 -0.991441 -0.208155 -0.625469 0.770804 -0.121033 -0.012230 0.000000 0.000000 0.000000 1.000000
0.779329 0.624700 -0.048950 0.407609 0.037878 -0.124941 -0.991441 -0.208155 -0.625469 0.770805 -0.121032 -0.012230 0.000000 0.000000 0.000000 1.000000
0.779329 0.624700 -0.048950 0.407608 0.037878 -0.124941 -0.991441 -0.208155 -0.625469 0.770805 -0.121032 -0.012230 0.000000 0.000000 0.000000 1.000000</float_array><technique_common><accessor source="#jnt_right_handpinky1-Matrix-animation-output-transform-array" count="25" stride="16"><param type="float4x4"/></accessor></technique_common></source><source id="jnt_right_handpinky1-Interpolations"><Name_array id="jnt_right_handpinky1-Interpolations-array" count="25">
 LINEAR LINEAR LINEAR LINEAR LINEAR LINEAR LINEAR LINEAR LINEAR LINEAR LINEAR
LINEAR LINEAR LINEAR LINEAR LINEAR LINEAR LINEAR LINEAR LINEAR LINEAR LINEAR LINEAR
LINEAR LINEAR</Name_array><technique_common><accessor source="#jnt_right_handpinky1-Interpolations-array" count="25"><param type="name"/></accessor></technique_common></source><sampler id="jnt_right_handpinky1-Matrix-animation-transform"><input semantic="INPUT" source="#jnt_right_handpinky1-Matrix-animation-input"/><input semantic="OUTPUT" source="#jnt_right_handpinky1-Matrix-animation-output-transform"/><input semantic="INTERPOLATION" source="#jnt_right_handpinky1-Interpolations"/></sampler><channel source="#jnt_right_handpinky1-Matrix-animation-transform" target="jnt_right_handpinky1/matrix"/></animation></animation>
    <animation id="jnt_right_handpinky2-anim" name="jnt_right_handpinky2"><animation><source id="jnt_right_handpinky2-Matrix-animation-input"><float_array id="jnt_right_handpinky2-Matrix-animation-input-array" count="25">

0.000000 0.033333 0.066667 0.100000 0.133333 0.166667 0.200000 0.233333 0.266667 0.300000 0.333333 0.366667 0.400000 0.433333 0.466667 0.500000
0.533333 0.566667 0.600000 0.633333 0.666667 0.700000 0.733333 0.766667 0.800000</float_array><technique_common><accessor source="#jnt_right_handpinky2-Matrix-animation-input-array" count="25"><param name="TIME" type="float"/></accessor></technique_common></source><source id="jnt_right_handpinky2-Matrix-animation-output-transform"><float_array id="jnt_right_handpinky2-Matrix-animation-output-transform-array" count="400">

0.984237 0.176854 -0.000001 0.148507 -0.176854 0.984237 -0.000001 0.000001 0.000000 0.000001 1.000000 0.000000 0.000000 0.000000 0.000000 1.000000
0.984237 0.176854 -0.000001 0.148507 -0.176854 0.984237 -0.000001 0.000001 0.000000 0.000001 1.000000 -0.000000 0.000000 0.000000 0.000000 1.000000
0.984237 0.176854 -0.000001 0.148507 -0.176854 0.984237 -0.000001 0.000001 0.000000 0.000001 1.000000 0.000000 0.000000 0.000000 0.000000 1.000000
0.984237 0.176854 -0.000001 0.148507 -0.176854 0.984237 -0.000001 0.000001 0.000000 0.000001 1.000000 -0.000000 0.000000 0.000000 0.000000 1.000000
0.984237 0.176854 -0.000001 0.148507 -0.176854 0.984237 -0.000001 0.000001 0.000000 0.000001 1.000000 -0.000000 0.000000 0.000000 0.000000 1.000000
0.984237 0.176854 -0.000001 0.148507 -0.176854 0.984237 -0.000001 0.000001 0.000000 0.000001 1.000000 0.000000 0.000000 0.000000 0.000000 1.000000
0.984237 0.176854 -0.000001 0.148507 -0.176854 0.984237 -0.000001 0.000001 0.000000 0.000001 1.000000 -0.000001 0.000000 0.000000 0.000000 1.000000
0.984237 0.176854 -0.000001 0.148508 -0.176854 0.984237 -0.000001 0.000001 0.000000 0.000001 1.000000 0.000000 0.000000 0.000000 0.000000 1.000000
0.984237 0.176854 -0.000001 0.148507 -0.176854 0.984237 -0.000001 0.000001 0.000000 0.000001 1.000000 0.000000 0.000000 0.000000 0.000000 1.000000
0.984237 0.176854 -0.000001 0.148507 -0.176854 0.984237 -0.000001 0.000001 0.000000 0.000001 1.000000 -0.000000 0.000000 0.000000 0.000000 1.000000
0.984237 0.176854 -0.000001 0.148506 -0.176854 0.984237 -0.000001 0.000000 0.000000 0.000001 1.000000 0.000000 0.000000 0.000000 0.000000 1.000000
0.982472 0.186409 -0.000001 0.148507 -0.186409 0.982472 -0.000001 0.000001 0.000000 0.000001 1.000000 0.000000 0.000000 0.000000 0.000000 1.000000
0.977887 0.209133 -0.000001 0.148507 -0.209133 0.977887 -0.000001 0.000000 0.000000 0.000001 1.000000 0.000000 0.000000 0.000000 0.000000 1.000000
0.971723 0.236123 -0.000001 0.148506 -0.236123 0.971723 -0.000001 0.000000 0.000000 0.000001 1.000000 -0.000000 0.000000 0.000000 0.000000 1.000000
0.965982 0.258609 -0.000001 0.148507 -0.258609 0.965982 -0.000001 0.000001 0.000000 0.000001 1.000000 0.000000 0.000000 0.000000 0.000000 1.000000
0.963419 0.267999 -0.000000 0.148506 -0.267999 0.963419 -0.000001 0.000000 0.000000 0.000001 1.000000 0.000000 0.000000 0.000000 0.000000 1.000000
0.963419 0.267999 -0.000001 0.148507 -0.267999 0.963419 -0.000001 0.000001 0.000000 0.000001 1.000000 -0.000000 0.000000 0.000000 0.000000 1.000000
0.963419 0.267999 -0.000001 0.148507 -0.267999 0.963419 -0.000001 0.000001 0.000000 0.000001 1.000000 0.000000 0.000000 0.000000 0.000000 1.000000
0.963419 0.267999 -0.000001 0.148507 -0.267999 0.963419 -0.000001 0.000001 0.000000 0.000001 1.000000 -0.000000 0.000000 0.000000 0.000000 1.000000
0.963419 0.267999 -0.000001 0.148507 -0.267999 0.963419 -0.000001 0.000000 0.000000 0.000001 1.000000 -0.000001 0.000000 0.000000 0.000000 1.000000
0.963419 0.267999 -0.000001 0.148507 -0.267999 0.963419 -0.000001 0.000000 0.000000 0.000001 1.000000 -0.000000 0.000000 0.000000 0.000000 1.000000
0.963419 0.267999 -0.000001 0.148507 -0.267999 0.963419 -0.000001 0.000002 0.000000 0.000001 1.000000 -0.000001 0.000000 0.000000 0.000000 1.000000
0.963419 0.267999 -0.000001 0.148506 -0.267999 0.963419 -0.000001 0.000000 0.000000 0.000001 1.000000 0.000001 0.000000 0.000000 0.000000 1.000000
0.963419 0.267999 -0.000001 0.148507 -0.267999 0.963419 -0.000001 0.000001 0.000000 0.000001 1.000000 -0.000000 0.000000 0.000000 0.000000 1.000000
0.963419 0.267999 -0.000001 0.148507 -0.267999 0.963419 -0.000001 0.000000 0.000000 0.000001 1.000000 0.000000 0.000000 0.000000 0.000000 1.000000</float_array><technique_common><accessor source="#jnt_right_handpinky2-Matrix-animation-output-transform-array" count="25" stride="16"><param type="float4x4"/></accessor></technique_common></source><source id="jnt_right_handpinky2-Interpolations"><Name_array id="jnt_right_handpinky2-Interpolations-array" count="25">
 LINEAR LINEAR LINEAR LINEAR LINEAR LINEAR LINEAR LINEAR LINEAR LINEAR LINEAR
LINEAR LINEAR LINEAR LINEAR LINEAR LINEAR LINEAR LINEAR LINEAR LINEAR LINEAR LINEAR
LINEAR LINEAR</Name_array><technique_common><accessor source="#jnt_right_handpinky2-Interpolations-array" count="25"><param type="name"/></accessor></technique_common></source><sampler id="jnt_right_handpinky2-Matrix-animation-transform"><input semantic="INPUT" source="#jnt_right_handpinky2-Matrix-animation-input"/><input semantic="OUTPUT" source="#jnt_right_handpinky2-Matrix-animation-output-transform"/><input semantic="INTERPOLATION" source="#jnt_right_handpinky2-Interpolations"/></sampler><channel source="#jnt_right_handpinky2-Matrix-animation-transform" target="jnt_right_handpinky2/matrix"/></animation></animation>
    <animation id="jnt_right_handpinky3-anim" name="jnt_right_handpinky3"><animation><source id="jnt_right_handpinky3-Matrix-animation-input"><float_array id="jnt_right_handpinky3-Matrix-animation-input-array" count="25">

0.000000 0.033333 0.066667 0.100000 0.133333 0.166667 0.200000 0.233333 0.266667 0.300000 0.333333 0.366667 0.400000 0.433333 0.466667 0.500000
0.533333 0.566667 0.600000 0.633333 0.666667 0.700000 0.733333 0.766667 0.800000</float_array><technique_common><accessor source="#jnt_right_handpinky3-Matrix-animation-input-array" count="25"><param name="TIME" type="float"/></accessor></technique_common></source><source id="jnt_right_handpinky3-Matrix-animation-output-transform"><float_array id="jnt_right_handpinky3-Matrix-animation-output-transform-array" count="400">

0.997525 -0.070305 -0.000000 0.075472 0.070305 0.997525 0.000002 -0.000001 -0.000000 -0.000002 1.000000 0.000000 0.000000 0.000000 0.000000 1.000000
0.997525 -0.070305 -0.000000 0.075471 0.070305 0.997525 0.000002 -0.000001 -0.000000 -0.000002 1.000000 -0.000000 0.000000 0.000000 0.000000 1.000000
0.997526 -0.070305 -0.000000 0.075471 0.070305 0.997525 0.000002 -0.000001 -0.000000 -0.000002 1.000000 0.000000 0.000000 0.000000 0.000000 1.000000
0.997526 -0.070305 -0.000000 0.075472 0.070305 0.997526 0.000002 -0.000002 -0.000000 -0.000002 1.000000 0.000000 0.000000 0.000000 0.000000 1.000000
0.997525 -0.070305 -0.000000 0.075471 0.070305 0.997526 0.000002 -0.000001 -0.000000 -0.000002 1.000000 0.000001 0.000000 0.000000 0.000000 1.000000
0.997526 -0.070305 -0.000000 0.075471 0.070305 0.997526 0.000002 -0.000002 -0.000000 -0.000002 1.000000 0.000000 0.000000 0.000000 0.000000 1.000000
0.997526 -0.070305 -0.000000 0.075471 0.070305 0.997525 0.000002 -0.000002 -0.000000 -0.000002 1.000000 0.000000 0.000000 0.000000 0.000000 1.000000
0.997525 -0.070305 0.000000 0.075471 0.070305 0.997525 0.000002 -0.000002 -0.000000 -0.000002 1.000000 0.000001 0.000000 0.000000 0.000000 1.000000
0.997526 -0.070305 -0.000000 0.075471 0.070305 0.997525 0.000002 -0.000001 -0.000000 -0.000002 1.000000 -0.000000 0.000000 0.000000 0.000000 1.000000
0.997526 -0.070305 0.000000 0.075471 0.070305 0.997526 0.000002 -0.000002 -0.000000 -0.000002 1.000000 0.000001 0.000000 0.000000 0.000000 1.000000
0.997526 -0.070305 -0.000000 0.075471 0.070305 0.997526 0.000002 -0.000002 -0.000000 -0.000002 1.000000 0.000001 0.000000 0.000000 0.000000 1.000000
0.998161 -0.060609 -0.000000 0.075471 0.060609 0.998161 0.000002 -0.000001 -0.000000 -0.000002 1.000000 0.000000 0.000000 0.000000 0.000000 1.000000
0.999298 -0.037456 -0.000000 0.075471 0.037456 0.999298 0.000002 -0.000002 -0.000000 -0.000002 1.000000 0.000000 0.000000 0.000000 0.000000 1.000000
0.999952 -0.009778 -0.000000 0.075471 0.009778 0.999952 0.000002 -0.000002 0.000000 -0.000002 1.000000 -0.000000 0.000000 0.000000 0.000000 1.000000
0.999910 0.013429 -0.000000 0.075470 -0.013429 0.999910 0.000002 -0.000002 0.000000 -0.000002 1.000000 -0.000000 0.000000 0.000000 0.000000 1.000000
0.999732 0.023161 -0.000000 0.075471 -0.023161 0.999732 0.000002 -0.000001 0.000000 -0.000002 1.000000 0.000000 0.000000 0.000000 0.000000 1.000000
0.999732 0.023161 -0.000000 0.075471 -0.023161 0.999732 0.000002 -0.000001 0.000000 -0.000002 1.000000 0.000000 0.000000 0.000000 0.000000 1.000000
0.999732 0.023161 0.000000 0.075471 -0.023161 0.999732 0.000002 -0.000002 0.000000 -0.000002 1.000000 0.000000 0.000000 0.000000 0.000000 1.000000
0.999732 0.023161 0.000000 0.075471 -0.023161 0.999732 0.000002 -0.000002 0.000000 -0.000002 1.000000 0.000000 0.000000 0.000000 0.000000 1.000000
0.999732 0.023161 -0.000000 0.075471 -0.023161 0.999732 0.000002 -0.000001 0.000000 -0.000002 1.000000 -0.000000 0.000000 0.000000 0.000000 1.000000
0.999732 0.023161 -0.000000 0.075471 -0.023161 0.999732 0.000002 -0.000000 0.000000 -0.000002 1.000000 -0.000000 0.000000 0.000000 0.000000 1.000000
0.999732 0.023161 0.000000 0.075471 -0.023161 0.999732 0.000002 -0.000002 0.000000 -0.000002 1.000000 0.000000 0.000000 0.000000 0.000000 1.000000
0.999731 0.023161 -0.000000 0.075471 -0.023161 0.999732 0.000002 -0.000002 0.000000 -0.000002 1.000000 -0.000000 0.000000 0.000000 0.000000 1.000000
0.999731 0.023161 -0.000000 0.075471 -0.023161 0.999732 0.000002 -0.000002 0.000000 -0.000002 1.000000 -0.000000 0.000000 0.000000 0.000000 1.000000
0.999732 0.023161 0.000000 0.075471 -0.023161 0.999732 0.000002 -0.000001 0.000000 -0.000002 1.000000 -0.000000 0.000000 0.000000 0.000000 1.000000</float_array><technique_common><accessor source="#jnt_right_handpinky3-Matrix-animation-output-transform-array" count="25" stride="16"><param type="float4x4"/></accessor></technique_common></source><source id="jnt_right_handpinky3-Interpolations"><Name_array id="jnt_right_handpinky3-Interpolations-array" count="25">
 LINEAR LINEAR LINEAR LINEAR LINEAR LINEAR LINEAR LINEAR LINEAR LINEAR LINEAR
LINEAR LINEAR LINEAR LINEAR LINEAR LINEAR LINEAR LINEAR LINEAR LINEAR LINEAR LINEAR
LINEAR LINEAR</Name_array><technique_common><accessor source="#jnt_right_handpinky3-Interpolations-array" count="25"><param type="name"/></accessor></technique_common></source><sampler id="jnt_right_handpinky3-Matrix-animation-transform"><input semantic="INPUT" source="#jnt_right_handpinky3-Matrix-animation-input"/><input semantic="OUTPUT" source="#jnt_right_handpinky3-Matrix-animation-output-transform"/><input semantic="INTERPOLATION" source="#jnt_right_handpinky3-Interpolations"/></sampler><channel source="#jnt_right_handpinky3-Matrix-animation-transform" target="jnt_right_handpinky3/matrix"/></animation></animation>
    <animation id="jnt_right_handpinky4-anim" name="jnt_right_handpinky4"><animation><source id="jnt_right_handpinky4-Matrix-animation-input"><float_array id="jnt_right_handpinky4-Matrix-animation-input-array" count="25">

0.000000 0.033333 0.066667 0.100000 0.133333 0.166667 0.200000 0.233333 0.266667 0.300000 0.333333 0.366667 0.400000 0.433333 0.466667 0.500000
0.533333 0.566667 0.600000 0.633333 0.666667 0.700000 0.733333 0.766667 0.800000</float_array><technique_common><accessor source="#jnt_right_handpinky4-Matrix-animation-input-array" count="25"><param name="TIME" type="float"/></accessor></technique_common></source><source id="jnt_right_handpinky4-Matrix-animation-output-transform"><float_array id="jnt_right_handpinky4-Matrix-animation-output-transform-array" count="400">

1.000000 0.000000 -0.000000 0.101152 -0.000000 1.000000 -0.000000 0.000000 0.000000 0.000000 1.000000 0.000000 0.000000 0.000000 0.000000 1.000000
1.000000 0.000000 0.000000 0.101152 -0.000000 1.000000 -0.000000 0.000000 -0.000000 0.000000 1.000000 0.000000 0.000000 0.000000 0.000000 1.000000
1.000000 0.000000 0.000000 0.101152 -0.000000 1.000000 -0.000000 0.000000 -0.000000 0.000000 1.000000 -0.000000 0.000000 0.000000 0.000000 1.000000
1.000000 0.000000 0.000000 0.101152 -0.000000 1.000000 0.000000 -0.000000 -0.000000 -0.000000 1.000000 -0.000000 0.000000 0.000000 0.000000 1.000000
1.000000 0.000000 0.000000 0.101152 -0.000000 1.000000 0.000000 0.000000 -0.000000 -0.000000 1.000000 -0.000000 0.000000 0.000000 0.000000 1.000000
1.000000 0.000000 0.000000 0.101152 -0.000000 1.000000 -0.000000 -0.000000 -0.000000 0.000000 1.000000 0.000000 0.000000 0.000000 0.000000 1.000000
1.000000 0.000000 0.000000 0.101152 -0.000000 1.000000 -0.000000 0.000000 -0.000000 0.000000 1.000000 -0.000000 0.000000 0.000000 0.000000 1.000000
1.000000 0.000000 -0.000000 0.101152 -0.000000 1.000000 0.000000 0.000000 0.000000 -0.000000 1.000000 0.000000 0.000000 0.000000 0.000000 1.000000
1.000000 0.000000 -0.000000 0.101152 -0.000000 1.000000 0.000000 0.000000 0.000000 -0.000000 1.000000 -0.000001 0.000000 0.000000 0.000000 1.000000
1.000000 -0.000000 0.000000 0.101152 0.000000 1.000000 -0.000000 0.000000 -0.000000 0.000000 1.000000 0.000000 0.000000 0.000000 0.000000 1.000000
1.000000 0.000000 0.000000 0.101152 -0.000000 1.000000 -0.000000 0.000000 -0.000000 0.000000 1.000000 -0.000000 0.000000 0.000000 0.000000 1.000000
1.000000 0.000000 0.000000 0.101152 -0.000000 1.000000 0.000000 0.000000 -0.000000 -0.000000 1.000000 -0.000000 0.000000 0.000000 0.000000 1.000000
1.000000 -0.000000 -0.000000 0.101152 0.000000 1.000000 -0.000000 0.000000 0.000000 0.000000 1.000000 -0.000000 0.000000 0.000000 0.000000 1.000000
1.000000 -0.000000 -0.000000 0.101152 0.000000 1.000000 -0.000000 0.000000 0.000000 0.000000 1.000000 0.000000 0.000000 0.000000 0.000000 1.000000
1.000000 -0.000000 -0.000000 0.101152 0.000000 1.000000 -0.000000 0.000000 0.000000 0.000000 1.000000 0.000000 0.000000 0.000000 0.000000 1.000000
1.000000 0.000000 -0.000000 0.101152 -0.000000 1.000000 0.000000 -0.000000 0.000000 -0.000000 1.000000 0.000000 0.000000 0.000000 0.000000 1.000000
1.000000 0.000000 -0.000000 0.101152 -0.000000 1.000000 0.000000 0.000000 0.000000 -0.000000 1.000000 0.000000 0.000000 0.000000 0.000000 1.000000
1.000000 0.000000 0.000000 0.101152 -0.000000 1.000000 -0.000000 0.000000 -0.000000 0.000000 1.000000 0.000000 0.000000 0.000000 0.000000 1.000000
1.000000 0.000000 -0.000000 0.101152 -0.000000 1.000000 -0.000000 -0.000000 0.000000 0.000000 1.000000 0.000000 0.000000 0.000000 0.000000 1.000000
1.000000 -0.000000 -0.000000 0.101152 0.000000 1.000000 -0.000000 0.000000 0.000000 0.000000 1.000000 -0.000000 0.000000 0.000000 0.000000 1.000000
1.000000 0.000000 0.000000 0.101152 -0.000000 1.000000 -0.000000 0.000001 -0.000000 0.000000 1.000000 -0.000000 0.000000 0.000000 0.000000 1.000000
1.000000 -0.000000 0.000000 0.101152 0.000000 1.000000 -0.000000 0.000000 -0.000000 0.000000 1.000000 -0.000000 0.000000 0.000000 0.000000 1.000000
1.000000 0.000000 -0.000000 0.101152 -0.000000 1.000000 -0.000000 0.000000 0.000000 0.000000 1.000000 0.000000 0.000000 0.000000 0.000000 1.000000
1.000000 0.000000 0.000000 0.101152 -0.000000 1.000000 -0.000000 0.000000 -0.000000 0.000000 1.000000 -0.000000 0.000000 0.000000 0.000000 1.000000
1.000000 0.000000 -0.000000 0.101152 -0.000000 1.000000 0.000000 0.000000 0.000000 -0.000000 1.000000 -0.000000 0.000000 0.000000 0.000000 1.000000</float_array><technique_common><accessor source="#jnt_right_handpinky4-Matrix-animation-output-transform-array" count="25" stride="16"><param type="float4x4"/></accessor></technique_common></source><source id="jnt_right_handpinky4-Interpolations"><Name_array id="jnt_right_handpinky4-Interpolations-array" count="25">
 LINEAR LINEAR LINEAR LINEAR LINEAR LINEAR LINEAR LINEAR LINEAR LINEAR LINEAR
LINEAR LINEAR LINEAR LINEAR LINEAR LINEAR LINEAR LINEAR LINEAR LINEAR LINEAR LINEAR
LINEAR LINEAR</Name_array><technique_common><accessor source="#jnt_right_handpinky4-Interpolations-array" count="25"><param type="name"/></accessor></technique_common></source><sampler id="jnt_right_handpinky4-Matrix-animation-transform"><input semantic="INPUT" source="#jnt_right_handpinky4-Matrix-animation-input"/><input semantic="OUTPUT" source="#jnt_right_handpinky4-Matrix-animation-output-transform"/><input semantic="INTERPOLATION" source="#jnt_right_handpinky4-Interpolations"/></sampler><channel source="#jnt_right_handpinky4-Matrix-animation-transform" target="jnt_right_handpinky4/matrix"/></animation></animation>
    <animation id="jnt_backpack-anim" name="jnt_backpack"><animation><source id="jnt_backpack-Matrix-animation-input"><float_array id="jnt_backpack-Matrix-animation-input-array" count="25">

0.000000 0.033333 0.066667 0.100000 0.133333 0.166667 0.200000 0.233333 0.266667 0.300000 0.333333 0.366667 0.400000 0.433333 0.466667 0.500000
0.533333 0.566667 0.600000 0.633333 0.666667 0.700000 0.733333 0.766667 0.800000</float_array><technique_common><accessor source="#jnt_backpack-Matrix-animation-input-array" count="25"><param name="TIME" type="float"/></accessor></technique_common></source><source id="jnt_backpack-Matrix-animation-output-transform"><float_array id="jnt_backpack-Matrix-animation-output-transform-array" count="400">

0.000000 0.995068 -0.099191 0.682545 0.000000 0.099191 0.995068 -0.705658 1.000000 -0.000000 0.000000 -0.000000 0.000000 0.000000 0.000000 1.000000
0.000000 0.995068 -0.099191 0.682545 0.000000 0.099191 0.995068 -0.705658 1.000000 -0.000000 0.000000 -0.000000 0.000000 0.000000 0.000000 1.000000
0.000000 0.995068 -0.099191 0.682545 0.000000 0.099191 0.995068 -0.705658 1.000000 -0.000000 0.000000 -0.000000 0.000000 0.000000 0.000000 1.000000
0.000000 0.995068 -0.099191 0.682545 0.000000 0.099191 0.995068 -0.705658 1.000000 -0.000000 0.000000 -0.000000 0.000000 0.000000 0.000000 1.000000
0.000000 0.995068 -0.099191 0.682545 0.000000 0.099191 0.995068 -0.705658 1.000000 -0.000000 0.000000 -0.000000 0.000000 0.000000 0.000000 1.000000
0.000000 0.995068 -0.099191 0.682545 0.000000 0.099191 0.995068 -0.705658 1.000000 -0.000000 0.000000 -0.000000 0.000000 0.000000 0.000000 1.000000
0.000000 0.995068 -0.099191 0.682545 0.000000 0.099191 0.995068 -0.705658 1.000000 -0.000000 0.000000 -0.000000 0.000000 0.000000 0.000000 1.000000
0.000000 0.995068 -0.099191 0.682545 0.000000 0.099191 0.995068 -0.705658 1.000000 -0.000000 0.000000 -0.000000 0.000000 0.000000 0.000000 1.000000
0.000000 0.995068 -0.099191 0.682545 0.000000 0.099191 0.995068 -0.705658 1.000000 -0.000000 0.000000 -0.000000 0.000000 0.000000 0.000000 1.000000
0.000000 0.995068 -0.099191 0.682545 0.000000 0.099191 0.995068 -0.705658 1.000000 -0.000000 0.000000 -0.000000 0.000000 0.000000 0.000000 1.000000
0.000000 0.995068 -0.099191 0.682545 0.000000 0.099191 0.995068 -0.705658 1.000000 -0.000000 0.000000 -0.000000 0.000000 0.000000 0.000000 1.000000
0.000000 0.995068 -0.099191 0.682545 0.000000 0.099191 0.995068 -0.705658 1.000000 -0.000000 0.000000 -0.000000 0.000000 0.000000 0.000000 1.000000
0.000000 0.995068 -0.099191 0.682545 0.000000 0.099191 0.995068 -0.705658 1.000000 -0.000000 0.000000 -0.000000 0.000000 0.000000 0.000000 1.000000
0.000000 0.995068 -0.099191 0.682545 0.000000 0.099191 0.995068 -0.705658 1.000000 -0.000000 0.000000 -0.000000 0.000000 0.000000 0.000000 1.000000
0.000000 0.995068 -0.099191 0.682545 0.000000 0.099191 0.995068 -0.705658 1.000000 -0.000000 0.000000 -0.000000 0.000000 0.000000 0.000000 1.000000
0.000000 0.995068 -0.099191 0.682545 0.000000 0.099191 0.995068 -0.705658 1.000000 -0.000000 0.000000 -0.000000 0.000000 0.000000 0.000000 1.000000
0.000000 0.995068 -0.099191 0.682545 0.000000 0.099191 0.995068 -0.705658 1.000000 -0.000000 0.000000 -0.000000 0.000000 0.000000 0.000000 1.000000
0.000000 0.995068 -0.099191 0.682545 0.000000 0.099191 0.995068 -0.705658 1.000000 -0.000000 0.000000 -0.000000 0.000000 0.000000 0.000000 1.000000
0.000000 0.995068 -0.099191 0.682545 0.000000 0.099191 0.995068 -0.705658 1.000000 -0.000000 0.000000 -0.000000 0.000000 0.000000 0.000000 1.000000
0.000000 0.995068 -0.099191 0.682545 0.000000 0.099191 0.995068 -0.705658 1.000000 -0.000000 0.000000 -0.000000 0.000000 0.000000 0.000000 1.000000
0.000000 0.995068 -0.099191 0.682545 0.000000 0.099191 0.995068 -0.705658 1.000000 -0.000000 0.000000 -0.000000 0.000000 0.000000 0.000000 1.000000
0.000000 0.995068 -0.099191 0.682545 0.000000 0.099191 0.995068 -0.705658 1.000000 -0.000000 0.000000 -0.000000 0.000000 0.000000 0.000000 1.000000
0.000000 0.995068 -0.099191 0.682545 0.000000 0.099191 0.995068 -0.705658 1.000000 -0.000000 0.000000 -0.000000 0.000000 0.000000 0.000000 1.000000
0.000000 0.995068 -0.099191 0.682545 0.000000 0.099191 0.995068 -0.705658 1.000000 -0.000000 0.000000 -0.000000 0.000000 0.000000 0.000000 1.000000
0.000000 0.995068 -0.099191 0.682545 0.000000 0.099191 0.995068 -0.705658 1.000000 -0.000000 0.000000 -0.000000 0.000000 0.000000 0.000000 1.000000</float_array><technique_common><accessor source="#jnt_backpack-Matrix-animation-output-transform-array" count="25" stride="16"><param type="float4x4"/></accessor></technique_common></source><source id="jnt_backpack-Interpolations"><Name_array id="jnt_backpack-Interpolations-array" count="25">
 LINEAR LINEAR LINEAR LINEAR LINEAR LINEAR LINEAR LINEAR LINEAR LINEAR LINEAR
LINEAR LINEAR LINEAR LINEAR LINEAR LINEAR LINEAR LINEAR LINEAR LINEAR LINEAR LINEAR
LINEAR LINEAR</Name_array><technique_common><accessor source="#jnt_backpack-Interpolations-array" count="25"><param type="name"/></accessor></technique_common></source><sampler id="jnt_backpack-Matrix-animation-transform"><input semantic="INPUT" source="#jnt_backpack-Matrix-animation-input"/><input semantic="OUTPUT" source="#jnt_backpack-Matrix-animation-output-transform"/><input semantic="INTERPOLATION" source="#jnt_backpack-Interpolations"/></sampler><channel source="#jnt_backpack-Matrix-animation-transform" target="jnt_backpack/matrix"/></animation></animation>
    <animation id="jnt_camera-anim" name="jnt_camera"><animation><source id="jnt_camera-Matrix-animation-input"><float_array id="jnt_camera-Matrix-animation-input-array" count="25">

0.000000 0.033333 0.066667 0.100000 0.133333 0.166667 0.200000 0.233333 0.266667 0.300000 0.333333 0.366667 0.400000 0.433333 0.466667 0.500000
0.533333 0.566667 0.600000 0.633333 0.666667 0.700000 0.733333 0.766667 0.800000</float_array><technique_common><accessor source="#jnt_camera-Matrix-animation-input-array" count="25"><param name="TIME" type="float"/></accessor></technique_common></source><source id="jnt_camera-Matrix-animation-output-transform"><float_array id="jnt_camera-Matrix-animation-output-transform-array" count="400">

1.000000 -0.000000 -0.000000 0.000000 0.000000 0.999988 0.004911 1.193611 0.000000 -0.004911 0.999988 0.007402 0.000000 0.000000 0.000000 1.000000
1.000000 -0.000000 -0.000000 0.000000 0.000000 0.999988 0.004911 1.193611 0.000000 -0.004911 0.999988 0.007402 0.000000 0.000000 0.000000 1.000000
1.000000 -0.000000 -0.000000 0.000000 0.000000 0.999988 0.004911 1.193611 0.000000 -0.004911 0.999988 0.007402 0.000000 0.000000 0.000000 1.000000
1.000000 -0.000000 -0.000000 0.000000 0.000000 0.999988 0.004911 1.193611 0.000000 -0.004911 0.999988 0.007402 0.000000 0.000000 0.000000 1.000000
1.000000 -0.000000 -0.000000 0.000000 0.000000 0.999988 0.004911 1.193611 0.000000 -0.004911 0.999988 0.007402 0.000000 0.000000 0.000000 1.000000
1.000000 -0.000000 -0.000000 0.000000 0.000000 0.999988 0.004911 1.193611 0.000000 -0.004911 0.999988 0.007402 0.000000 0.000000 0.000000 1.000000
1.000000 -0.000000 -0.000000 0.000000 0.000000 0.999988 0.004911 1.193611 0.000000 -0.004911 0.999988 0.007402 0.000000 0.000000 0.000000 1.000000
1.000000 -0.000000 -0.000000 0.000000 0.000000 0.999988 0.004911 1.193611 0.000000 -0.004911 0.999988 0.007402 0.000000 0.000000 0.000000 1.000000
1.000000 -0.000000 -0.000000 0.000000 0.000000 0.999988 0.004911 1.193611 0.000000 -0.004911 0.999988 0.007402 0.000000 0.000000 0.000000 1.000000
1.000000 -0.000000 -0.000000 0.000000 0.000000 0.999988 0.004911 1.193611 0.000000 -0.004911 0.999988 0.007402 0.000000 0.000000 0.000000 1.000000
1.000000 -0.000000 -0.000000 0.000000 0.000000 0.999988 0.004911 1.193611 0.000000 -0.004911 0.999988 0.007402 0.000000 0.000000 0.000000 1.000000
1.000000 -0.000000 -0.000000 0.000000 0.000000 0.999988 0.004911 1.193611 0.000000 -0.004911 0.999988 0.007402 0.000000 0.000000 0.000000 1.000000
1.000000 -0.000000 -0.000000 0.000000 0.000000 0.999988 0.004911 1.193611 0.000000 -0.004911 0.999988 0.007402 0.000000 0.000000 0.000000 1.000000
1.000000 -0.000000 -0.000000 0.000000 0.000000 0.999988 0.004911 1.193611 0.000000 -0.004911 0.999988 0.007402 0.000000 0.000000 0.000000 1.000000
1.000000 -0.000000 -0.000000 0.000000 0.000000 0.999988 0.004911 1.193611 0.000000 -0.004911 0.999988 0.007402 0.000000 0.000000 0.000000 1.000000
1.000000 -0.000000 -0.000000 0.000000 0.000000 0.999988 0.004911 1.193611 0.000000 -0.004911 0.999988 0.007402 0.000000 0.000000 0.000000 1.000000
1.000000 -0.000000 -0.000000 0.000000 0.000000 0.999988 0.004911 1.193611 0.000000 -0.004911 0.999988 0.007402 0.000000 0.000000 0.000000 1.000000
1.000000 -0.000000 -0.000000 0.000000 0.000000 0.999988 0.004911 1.193611 0.000000 -0.004911 0.999988 0.007402 0.000000 0.000000 0.000000 1.000000
1.000000 -0.000000 -0.000000 0.000000 0.000000 0.999988 0.004911 1.193611 0.000000 -0.004911 0.999988 0.007402 0.000000 0.000000 0.000000 1.000000
1.000000 -0.000000 -0.000000 0.000000 0.000000 0.999988 0.004911 1.193611 0.000000 -0.004911 0.999988 0.007402 0.000000 0.000000 0.000000 1.000000
1.000000 -0.000000 -0.000000 0.000000 0.000000 0.999988 0.004911 1.193611 0.000000 -0.004911 0.999988 0.007402 0.000000 0.000000 0.000000 1.000000
1.000000 -0.000000 -0.000000 0.000000 0.000000 0.999988 0.004911 1.193611 0.000000 -0.004911 0.999988 0.007402 0.000000 0.000000 0.000000 1.000000
1.000000 -0.000000 -0.000000 0.000000 0.000000 0.999988 0.004911 1.193611 0.000000 -0.004911 0.999988 0.007402 0.000000 0.000000 0.000000 1.000000
1.000000 -0.000000 -0.000000 0.000000 0.000000 0.999988 0.004911 1.193611 0.000000 -0.004911 0.999988 0.007402 0.000000 0.000000 0.000000 1.000000
1.000000 -0.000000 -0.000000 0.000000 0.000000 0.999988 0.004911 1.193611 0.000000 -0.004911 0.999988 0.007402 0.000000 0.000000 0.000000 1.000000</float_array><technique_common><accessor source="#jnt_camera-Matrix-animation-output-transform-array" count="25" stride="16"><param type="float4x4"/></accessor></technique_common></source><source id="jnt_camera-Interpolations"><Name_array id="jnt_camera-Interpolations-array" count="25">
 LINEAR LINEAR LINEAR LINEAR LINEAR LINEAR LINEAR LINEAR LINEAR LINEAR LINEAR
LINEAR LINEAR LINEAR LINEAR LINEAR LINEAR LINEAR LINEAR LINEAR LINEAR LINEAR LINEAR
LINEAR LINEAR</Name_array><technique_common><accessor source="#jnt_camera-Interpolations-array" count="25"><param type="name"/></accessor></technique_common></source><sampler id="jnt_camera-Matrix-animation-transform"><input semantic="INPUT" source="#jnt_camera-Matrix-animation-input"/><input semantic="OUTPUT" source="#jnt_camera-Matrix-animation-output-transform"/><input semantic="INTERPOLATION" source="#jnt_camera-Interpolations"/></sampler><channel source="#jnt_camera-Matrix-animation-transform" target="jnt_camera/matrix"/></animation></animation>
    <animation id="jnt_right_upleg-anim" name="jnt_right_upleg"><animation><source id="jnt_right_upleg-Matrix-animation-input"><float_array id="jnt_right_upleg-Matrix-animation-input-array" count="25">

0.000000 0.033333 0.066667 0.100000 0.133333 0.166667 0.200000 0.233333 0.266667 0.300000 0.333333 0.366667 0.400000 0.433333 0.466667 0.500000
0.533333 0.566667 0.600000 0.633333 0.666667 0.700000 0.733333 0.766667 0.800000</float_array><technique_common><accessor source="#jnt_right_upleg-Matrix-animation-input-array" count="25"><param name="TIME" type="float"/></accessor></technique_common></source><source id="jnt_right_upleg-Matrix-animation-output-transform"><float_array id="jnt_right_upleg-Matrix-animation-output-transform-array" count="400">

-0.112562 -0.332887 -0.936224 -0.446779 -0.993503 0.053585 0.100396 -0.111214 0.016747 0.941443 -0.336756 0.043020 0.000000 0.000000 0.000000 1.000000
-0.112562 -0.332887 -0.936224 -0.446779 -0.993503 0.053585 0.100396 -0.111214 0.016747 0.941443 -0.336756 0.043020 0.000000 0.000000 0.000000 1.000000
-0.112562 -0.332887 -0.936224 -0.446779 -0.993503 0.053585 0.100396 -0.111214 0.016747 0.941443 -0.336756 0.043020 0.000000 0.000000 0.000000 1.000000
-0.112562 -0.332887 -0.936224 -0.446779 -0.993503 0.053585 0.100396 -0.111214 0.016747 0.941443 -0.336756 0.043020 0.000000 0.000000 0.000000 1.000000
-0.112562 -0.332887 -0.936224 -0.446779 -0.993503 0.053585 0.100396 -0.111214 0.016747 0.941443 -0.336756 0.043020 0.000000 0.000000 0.000000 1.000000
-0.112562 -0.332887 -0.936224 -0.446779 -0.993503 0.053585 0.100396 -0.111214 0.016747 0.941443 -0.336756 0.043020 0.000000 0.000000 0.000000 1.000000
-0.112562 -0.332887 -0.936224 -0.446779 -0.993503 0.053585 0.100396 -0.111214 0.016747 0.941443 -0.336756 0.043020 0.000000 0.000000 0.000000 1.000000
-0.112562 -0.332887 -0.936224 -0.446779 -0.993503 0.053585 0.100396 -0.111214 0.016747 0.941443 -0.336756 0.043020 0.000000 0.000000 0.000000 1.000000
-0.112562 -0.332887 -0.936224 -0.446779 -0.993503 0.053585 0.100396 -0.111214 0.016747 0.941443 -0.336756 0.043020 0.000000 0.000000 0.000000 1.000000
-0.112562 -0.332887 -0.936224 -0.446779 -0.993503 0.053585 0.100396 -0.111214 0.016747 0.941443 -0.336756 0.043020 0.000000 0.000000 0.000000 1.000000
-0.112562 -0.332887 -0.936224 -0.446779 -0.993503 0.053585 0.100396 -0.111214 0.016747 0.941443 -0.336756 0.043020 0.000000 0.000000 0.000000 1.000000
-0.112562 -0.332887 -0.936224 -0.446779 -0.993503 0.053585 0.100396 -0.111214 0.016747 0.941443 -0.336756 0.043020 0.000000 0.000000 0.000000 1.000000
-0.112562 -0.332887 -0.936224 -0.446779 -0.993503 0.053585 0.100396 -0.111214 0.016747 0.941443 -0.336756 0.043020 0.000000 0.000000 0.000000 1.000000
-0.112562 -0.332887 -0.936224 -0.446779 -0.993503 0.053585 0.100396 -0.111214 0.016747 0.941443 -0.336756 0.043020 0.000000 0.000000 0.000000 1.000000
-0.112562 -0.332887 -0.936224 -0.446779 -0.993503 0.053585 0.100396 -0.111214 0.016747 0.941443 -0.336756 0.043020 0.000000 0.000000 0.000000 1.000000
-0.112562 -0.332887 -0.936224 -0.446779 -0.993503 0.053585 0.100396 -0.111214 0.016747 0.941443 -0.336756 0.043020 0.000000 0.000000 0.000000 1.000000
-0.112562 -0.332887 -0.936224 -0.446779 -0.993503 0.053585 0.100396 -0.111214 0.016747 0.941443 -0.336756 0.043020 0.000000 0.000000 0.000000 1.000000
-0.112562 -0.332887 -0.936224 -0.446779 -0.993503 0.053585 0.100396 -0.111214 0.016747 0.941443 -0.336756 0.043020 0.000000 0.000000 0.000000 1.000000
-0.112562 -0.332887 -0.936224 -0.446779 -0.993503 0.053585 0.100396 -0.111214 0.016747 0.941443 -0.336756 0.043020 0.000000 0.000000 0.000000 1.000000
-0.112562 -0.332887 -0.936224 -0.446779 -0.993503 0.053585 0.100396 -0.111214 0.016747 0.941443 -0.336756 0.043020 0.000000 0.000000 0.000000 1.000000
-0.112562 -0.332887 -0.936224 -0.446779 -0.993503 0.053585 0.100396 -0.111214 0.016747 0.941443 -0.336756 0.043020 0.000000 0.000000 0.000000 1.000000
-0.112562 -0.332887 -0.936224 -0.446779 -0.993503 0.053585 0.100396 -0.111214 0.016747 0.941443 -0.336756 0.043020 0.000000 0.000000 0.000000 1.000000
-0.112562 -0.332887 -0.936224 -0.446779 -0.993503 0.053585 0.100396 -0.111214 0.016747 0.941443 -0.336756 0.043020 0.000000 0.000000 0.000000 1.000000
-0.112562 -0.332887 -0.936224 -0.446779 -0.993503 0.053585 0.100396 -0.111214 0.016747 0.941443 -0.336756 0.043020 0.000000 0.000000 0.000000 1.000000
-0.112562 -0.332887 -0.936224 -0.446779 -0.993503 0.053585 0.100396 -0.111214 0.016747 0.941443 -0.336756 0.043020 0.000000 0.000000 0.000000 1.000000</float_array><technique_common><accessor source="#jnt_right_upleg-Matrix-animation-output-transform-array" count="25" stride="16"><param type="float4x4"/></accessor></technique_common></source><source id="jnt_right_upleg-Interpolations"><Name_array id="jnt_right_upleg-Interpolations-array" count="25">
 LINEAR LINEAR LINEAR LINEAR LINEAR LINEAR LINEAR LINEAR LINEAR LINEAR LINEAR
LINEAR LINEAR LINEAR LINEAR LINEAR LINEAR LINEAR LINEAR LINEAR LINEAR LINEAR LINEAR
LINEAR LINEAR</Name_array><technique_common><accessor source="#jnt_right_upleg-Interpolations-array" count="25"><param type="name"/></accessor></technique_common></source><sampler id="jnt_right_upleg-Matrix-animation-transform"><input semantic="INPUT" source="#jnt_right_upleg-Matrix-animation-input"/><input semantic="OUTPUT" source="#jnt_right_upleg-Matrix-animation-output-transform"/><input semantic="INTERPOLATION" source="#jnt_right_upleg-Interpolations"/></sampler><channel source="#jnt_right_upleg-Matrix-animation-transform" target="jnt_right_upleg/matrix"/></animation></animation>
    <animation id="jnt_right_uplegroll-anim" name="jnt_right_uplegroll"><animation><source id="jnt_right_uplegroll-Matrix-animation-input"><float_array id="jnt_right_uplegroll-Matrix-animation-input-array" count="25">

0.000000 0.033333 0.066667 0.100000 0.133333 0.166667 0.200000 0.233333 0.266667 0.300000 0.333333 0.366667 0.400000 0.433333 0.466667 0.500000
0.533333 0.566667 0.600000 0.633333 0.666667 0.700000 0.733333 0.766667 0.800000</float_array><technique_common><accessor source="#jnt_right_uplegroll-Matrix-animation-input-array" count="25"><param name="TIME" type="float"/></accessor></technique_common></source><source id="jnt_right_uplegroll-Matrix-animation-output-transform"><float_array id="jnt_right_uplegroll-Matrix-animation-output-transform-array" count="400">

1.000000 -0.000000 0.000000 0.430000 0.000000 1.000000 0.000000 0.000000 -0.000000 -0.000000 1.000000 -0.000000 0.000000 0.000000 0.000000 1.000000
1.000000 -0.000000 0.000000 0.430000 0.000000 1.000000 0.000000 0.000000 -0.000000 -0.000000 1.000000 -0.000000 0.000000 0.000000 0.000000 1.000000
1.000000 -0.000000 0.000000 0.430000 0.000000 1.000000 0.000000 0.000000 -0.000000 -0.000000 1.000000 -0.000000 0.000000 0.000000 0.000000 1.000000
1.000000 -0.000000 0.000000 0.430000 0.000000 1.000000 0.000000 0.000000 -0.000000 -0.000000 1.000000 -0.000000 0.000000 0.000000 0.000000 1.000000
1.000000 -0.000000 0.000000 0.430000 0.000000 1.000000 0.000000 0.000000 -0.000000 -0.000000 1.000000 -0.000000 0.000000 0.000000 0.000000 1.000000
1.000000 -0.000000 0.000000 0.430000 0.000000 1.000000 0.000000 0.000000 -0.000000 -0.000000 1.000000 -0.000000 0.000000 0.000000 0.000000 1.000000
1.000000 -0.000000 0.000000 0.430000 0.000000 1.000000 0.000000 0.000000 -0.000000 -0.000000 1.000000 -0.000000 0.000000 0.000000 0.000000 1.000000
1.000000 -0.000000 0.000000 0.430000 0.000000 1.000000 0.000000 0.000000 -0.000000 -0.000000 1.000000 -0.000000 0.000000 0.000000 0.000000 1.000000
1.000000 -0.000000 0.000000 0.430000 0.000000 1.000000 0.000000 0.000000 -0.000000 -0.000000 1.000000 -0.000000 0.000000 0.000000 0.000000 1.000000
1.000000 -0.000000 0.000000 0.430000 0.000000 1.000000 0.000000 0.000000 -0.000000 -0.000000 1.000000 -0.000000 0.000000 0.000000 0.000000 1.000000
1.000000 -0.000000 0.000000 0.430000 0.000000 1.000000 0.000000 0.000000 -0.000000 -0.000000 1.000000 -0.000000 0.000000 0.000000 0.000000 1.000000
1.000000 -0.000000 0.000000 0.430000 0.000000 1.000000 0.000000 0.000000 -0.000000 -0.000000 1.000000 -0.000000 0.000000 0.000000 0.000000 1.000000
1.000000 -0.000000 0.000000 0.430000 0.000000 1.000000 0.000000 0.000000 -0.000000 -0.000000 1.000000 -0.000000 0.000000 0.000000 0.000000 1.000000
1.000000 -0.000000 0.000000 0.430000 0.000000 1.000000 0.000000 0.000000 -0.000000 -0.000000 1.000000 -0.000000 0.000000 0.000000 0.000000 1.000000
1.000000 -0.000000 0.000000 0.430000 0.000000 1.000000 0.000000 0.000000 -0.000000 -0.000000 1.000000 -0.000000 0.000000 0.000000 0.000000 1.000000
1.000000 -0.000000 0.000000 0.430000 0.000000 1.000000 0.000000 0.000000 -0.000000 -0.000000 1.000000 -0.000000 0.000000 0.000000 0.000000 1.000000
1.000000 -0.000000 0.000000 0.430000 0.000000 1.000000 0.000000 0.000000 -0.000000 -0.000000 1.000000 -0.000000 0.000000 0.000000 0.000000 1.000000
1.000000 -0.000000 0.000000 0.430000 0.000000 1.000000 0.000000 0.000000 -0.000000 -0.000000 1.000000 -0.000000 0.000000 0.000000 0.000000 1.000000
1.000000 -0.000000 0.000000 0.430000 0.000000 1.000000 0.000000 0.000000 -0.000000 -0.000000 1.000000 -0.000000 0.000000 0.000000 0.000000 1.000000
1.000000 -0.000000 0.000000 0.430000 0.000000 1.000000 0.000000 0.000000 -0.000000 -0.000000 1.000000 -0.000000 0.000000 0.000000 0.000000 1.000000
1.000000 -0.000000 0.000000 0.430000 0.000000 1.000000 0.000000 0.000000 -0.000000 -0.000000 1.000000 -0.000000 0.000000 0.000000 0.000000 1.000000
1.000000 -0.000000 0.000000 0.430000 0.000000 1.000000 0.000000 0.000000 -0.000000 -0.000000 1.000000 -0.000000 0.000000 0.000000 0.000000 1.000000
1.000000 -0.000000 0.000000 0.430000 0.000000 1.000000 0.000000 0.000000 -0.000000 -0.000000 1.000000 -0.000000 0.000000 0.000000 0.000000 1.000000
1.000000 -0.000000 0.000000 0.430000 0.000000 1.000000 0.000000 0.000000 -0.000000 -0.000000 1.000000 -0.000000 0.000000 0.000000 0.000000 1.000000
1.000000 -0.000000 0.000000 0.430000 0.000000 1.000000 0.000000 0.000000 -0.000000 -0.000000 1.000000 -0.000000 0.000000 0.000000 0.000000 1.000000</float_array><technique_common><accessor source="#jnt_right_uplegroll-Matrix-animation-output-transform-array" count="25" stride="16"><param type="float4x4"/></accessor></technique_common></source><source id="jnt_right_uplegroll-Interpolations"><Name_array id="jnt_right_uplegroll-Interpolations-array" count="25">
 LINEAR LINEAR LINEAR LINEAR LINEAR LINEAR LINEAR LINEAR LINEAR LINEAR LINEAR
LINEAR LINEAR LINEAR LINEAR LINEAR LINEAR LINEAR LINEAR LINEAR LINEAR LINEAR LINEAR
LINEAR LINEAR</Name_array><technique_common><accessor source="#jnt_right_uplegroll-Interpolations-array" count="25"><param type="name"/></accessor></technique_common></source><sampler id="jnt_right_uplegroll-Matrix-animation-transform"><input semantic="INPUT" source="#jnt_right_uplegroll-Matrix-animation-input"/><input semantic="OUTPUT" source="#jnt_right_uplegroll-Matrix-animation-output-transform"/><input semantic="INTERPOLATION" source="#jnt_right_uplegroll-Interpolations"/></sampler><channel source="#jnt_right_uplegroll-Matrix-animation-transform" target="jnt_right_uplegroll/matrix"/></animation></animation>
    <animation id="jnt_right_leg-anim" name="jnt_right_leg"><animation><source id="jnt_right_leg-Matrix-animation-input"><float_array id="jnt_right_leg-Matrix-animation-input-array" count="25">

0.000000 0.033333 0.066667 0.100000 0.133333 0.166667 0.200000 0.233333 0.266667 0.300000 0.333333 0.366667 0.400000 0.433333 0.466667 0.500000
0.533333 0.566667 0.600000 0.633333 0.666667 0.700000 0.733333 0.766667 0.800000</float_array><technique_common><accessor source="#jnt_right_leg-Matrix-animation-input-array" count="25"><param name="TIME" type="float"/></accessor></technique_common></source><source id="jnt_right_leg-Matrix-animation-output-transform"><float_array id="jnt_right_leg-Matrix-animation-output-transform-array" count="400">

0.968055 0.250271 -0.015278 0.860324 -0.240257 0.943301 0.229042 0.000000 0.071735 -0.218055 0.973296 -0.000000 0.000000 0.000000 0.000000 1.000000
0.968055 0.250271 -0.015278 0.860324 -0.240257 0.943301 0.229042 0.000000 0.071735 -0.218055 0.973296 -0.000000 0.000000 0.000000 0.000000 1.000000
0.968055 0.250271 -0.015278 0.860324 -0.240257 0.943301 0.229042 0.000000 0.071735 -0.218055 0.973296 -0.000000 0.000000 0.000000 0.000000 1.000000
0.968055 0.250271 -0.015278 0.860324 -0.240257 0.943301 0.229042 0.000000 0.071735 -0.218055 0.973296 -0.000000 0.000000 0.000000 0.000000 1.000000
0.968055 0.250271 -0.015278 0.860324 -0.240257 0.943301 0.229042 0.000000 0.071735 -0.218055 0.973296 -0.000000 0.000000 0.000000 0.000000 1.000000
0.968055 0.250271 -0.015278 0.860324 -0.240257 0.943301 0.229042 0.000000 0.071735 -0.218055 0.973296 -0.000000 0.000000 0.000000 0.000000 1.000000
0.968055 0.250271 -0.015278 0.860324 -0.240257 0.943301 0.229042 0.000000 0.071735 -0.218055 0.973296 -0.000000 0.000000 0.000000 0.000000 1.000000
0.968055 0.250271 -0.015278 0.860324 -0.240257 0.943301 0.229042 0.000000 0.071735 -0.218055 0.973296 -0.000000 0.000000 0.000000 0.000000 1.000000
0.968055 0.250271 -0.015278 0.860324 -0.240257 0.943301 0.229042 0.000000 0.071735 -0.218055 0.973296 -0.000000 0.000000 0.000000 0.000000 1.000000
0.968055 0.250271 -0.015278 0.860324 -0.240257 0.943301 0.229042 0.000000 0.071735 -0.218055 0.973296 -0.000000 0.000000 0.000000 0.000000 1.000000
0.968055 0.250271 -0.015278 0.860324 -0.240257 0.943301 0.229042 0.000000 0.071735 -0.218055 0.973296 -0.000000 0.000000 0.000000 0.000000 1.000000
0.968055 0.250271 -0.015278 0.860324 -0.240257 0.943301 0.229042 0.000000 0.071735 -0.218055 0.973296 -0.000000 0.000000 0.000000 0.000000 1.000000
0.968055 0.250271 -0.015278 0.860324 -0.240257 0.943301 0.229042 0.000000 0.071735 -0.218055 0.973296 -0.000000 0.000000 0.000000 0.000000 1.000000
0.968055 0.250271 -0.015278 0.860324 -0.240257 0.943301 0.229042 0.000000 0.071735 -0.218055 0.973296 -0.000000 0.000000 0.000000 0.000000 1.000000
0.968055 0.250271 -0.015278 0.860324 -0.240257 0.943301 0.229042 0.000000 0.071735 -0.218055 0.973296 -0.000000 0.000000 0.000000 0.000000 1.000000
0.968055 0.250271 -0.015278 0.860324 -0.240257 0.943301 0.229042 0.000000 0.071735 -0.218055 0.973296 -0.000000 0.000000 0.000000 0.000000 1.000000
0.968055 0.250271 -0.015278 0.860324 -0.240257 0.943301 0.229042 0.000000 0.071735 -0.218055 0.973296 -0.000000 0.000000 0.000000 0.000000 1.000000
0.968055 0.250271 -0.015278 0.860324 -0.240257 0.943301 0.229042 0.000000 0.071735 -0.218055 0.973296 -0.000000 0.000000 0.000000 0.000000 1.000000
0.968055 0.250271 -0.015278 0.860324 -0.240257 0.943301 0.229042 0.000000 0.071735 -0.218055 0.973296 -0.000000 0.000000 0.000000 0.000000 1.000000
0.968055 0.250271 -0.015278 0.860324 -0.240257 0.943301 0.229042 0.000000 0.071735 -0.218055 0.973296 -0.000000 0.000000 0.000000 0.000000 1.000000
0.968055 0.250271 -0.015278 0.860324 -0.240257 0.943301 0.229042 0.000000 0.071735 -0.218055 0.973296 -0.000000 0.000000 0.000000 0.000000 1.000000
0.968055 0.250271 -0.015278 0.860324 -0.240257 0.943301 0.229042 0.000000 0.071735 -0.218055 0.973296 -0.000000 0.000000 0.000000 0.000000 1.000000
0.968055 0.250271 -0.015278 0.860324 -0.240257 0.943301 0.229042 0.000000 0.071735 -0.218055 0.973296 -0.000000 0.000000 0.000000 0.000000 1.000000
0.968055 0.250271 -0.015278 0.860324 -0.240257 0.943301 0.229042 0.000000 0.071735 -0.218055 0.973296 -0.000000 0.000000 0.000000 0.000000 1.000000
0.968055 0.250271 -0.015278 0.860324 -0.240257 0.943301 0.229042 0.000000 0.071735 -0.218055 0.973296 -0.000000 0.000000 0.000000 0.000000 1.000000</float_array><technique_common><accessor source="#jnt_right_leg-Matrix-animation-output-transform-array" count="25" stride="16"><param type="float4x4"/></accessor></technique_common></source><source id="jnt_right_leg-Interpolations"><Name_array id="jnt_right_leg-Interpolations-array" count="25">
 LINEAR LINEAR LINEAR LINEAR LINEAR LINEAR LINEAR LINEAR LINEAR LINEAR LINEAR
LINEAR LINEAR LINEAR LINEAR LINEAR LINEAR LINEAR LINEAR LINEAR LINEAR LINEAR LINEAR
LINEAR LINEAR</Name_array><technique_common><accessor source="#jnt_right_leg-Interpolations-array" count="25"><param type="name"/></accessor></technique_common></source><sampler id="jnt_right_leg-Matrix-animation-transform"><input semantic="INPUT" source="#jnt_right_leg-Matrix-animation-input"/><input semantic="OUTPUT" source="#jnt_right_leg-Matrix-animation-output-transform"/><input semantic="INTERPOLATION" source="#jnt_right_leg-Interpolations"/></sampler><channel source="#jnt_right_leg-Matrix-animation-transform" target="jnt_right_leg/matrix"/></animation></animation>
    <animation id="jnt_right_legroll-anim" name="jnt_right_legroll"><animation><source id="jnt_right_legroll-Matrix-animation-input"><float_array id="jnt_right_legroll-Matrix-animation-input-array" count="25">

0.000000 0.033333 0.066667 0.100000 0.133333 0.166667 0.200000 0.233333 0.266667 0.300000 0.333333 0.366667 0.400000 0.433333 0.466667 0.500000
0.533333 0.566667 0.600000 0.633333 0.666667 0.700000 0.733333 0.766667 0.800000</float_array><technique_common><accessor source="#jnt_right_legroll-Matrix-animation-input-array" count="25"><param name="TIME" type="float"/></accessor></technique_common></source><source id="jnt_right_legroll-Matrix-animation-output-transform"><float_array id="jnt_right_legroll-Matrix-animation-output-transform-array" count="400">

1.000000 0.000000 0.000000 0.384000 -0.000000 1.000000 0.000000 -0.000000 -0.000000 -0.000000 1.000000 0.000000 0.000000 0.000000 0.000000 1.000000
1.000000 0.000000 0.000000 0.384000 -0.000000 1.000000 0.000000 -0.000000 -0.000000 -0.000000 1.000000 0.000000 0.000000 0.000000 0.000000 1.000000
1.000000 0.000000 0.000000 0.384000 -0.000000 1.000000 0.000000 -0.000000 -0.000000 -0.000000 1.000000 0.000000 0.000000 0.000000 0.000000 1.000000
1.000000 0.000000 0.000000 0.384000 -0.000000 1.000000 0.000000 -0.000000 -0.000000 -0.000000 1.000000 0.000000 0.000000 0.000000 0.000000 1.000000
1.000000 0.000000 0.000000 0.384000 -0.000000 1.000000 0.000000 -0.000000 -0.000000 -0.000000 1.000000 0.000000 0.000000 0.000000 0.000000 1.000000
1.000000 0.000000 0.000000 0.384000 -0.000000 1.000000 0.000000 -0.000000 -0.000000 -0.000000 1.000000 0.000000 0.000000 0.000000 0.000000 1.000000
1.000000 0.000000 0.000000 0.384000 -0.000000 1.000000 0.000000 -0.000000 -0.000000 -0.000000 1.000000 0.000000 0.000000 0.000000 0.000000 1.000000
1.000000 0.000000 0.000000 0.384000 -0.000000 1.000000 0.000000 -0.000000 -0.000000 -0.000000 1.000000 0.000000 0.000000 0.000000 0.000000 1.000000
1.000000 0.000000 0.000000 0.384000 -0.000000 1.000000 0.000000 -0.000000 -0.000000 -0.000000 1.000000 0.000000 0.000000 0.000000 0.000000 1.000000
1.000000 0.000000 0.000000 0.384000 -0.000000 1.000000 0.000000 -0.000000 -0.000000 -0.000000 1.000000 0.000000 0.000000 0.000000 0.000000 1.000000
1.000000 0.000000 0.000000 0.384000 -0.000000 1.000000 0.000000 -0.000000 -0.000000 -0.000000 1.000000 0.000000 0.000000 0.000000 0.000000 1.000000
1.000000 0.000000 0.000000 0.384000 -0.000000 1.000000 0.000000 -0.000000 -0.000000 -0.000000 1.000000 0.000000 0.000000 0.000000 0.000000 1.000000
1.000000 0.000000 0.000000 0.384000 -0.000000 1.000000 0.000000 -0.000000 -0.000000 -0.000000 1.000000 0.000000 0.000000 0.000000 0.000000 1.000000
1.000000 0.000000 0.000000 0.384000 -0.000000 1.000000 0.000000 -0.000000 -0.000000 -0.000000 1.000000 0.000000 0.000000 0.000000 0.000000 1.000000
1.000000 0.000000 0.000000 0.384000 -0.000000 1.000000 0.000000 -0.000000 -0.000000 -0.000000 1.000000 0.000000 0.000000 0.000000 0.000000 1.000000
1.000000 0.000000 0.000000 0.384000 -0.000000 1.000000 0.000000 -0.000000 -0.000000 -0.000000 1.000000 0.000000 0.000000 0.000000 0.000000 1.000000
1.000000 0.000000 0.000000 0.384000 -0.000000 1.000000 0.000000 -0.000000 -0.000000 -0.000000 1.000000 0.000000 0.000000 0.000000 0.000000 1.000000
1.000000 0.000000 0.000000 0.384000 -0.000000 1.000000 0.000000 -0.000000 -0.000000 -0.000000 1.000000 0.000000 0.000000 0.000000 0.000000 1.000000
1.000000 0.000000 0.000000 0.384000 -0.000000 1.000000 0.000000 -0.000000 -0.000000 -0.000000 1.000000 0.000000 0.000000 0.000000 0.000000 1.000000
1.000000 0.000000 0.000000 0.384000 -0.000000 1.000000 0.000000 -0.000000 -0.000000 -0.000000 1.000000 0.000000 0.000000 0.000000 0.000000 1.000000
1.000000 0.000000 0.000000 0.384000 -0.000000 1.000000 0.000000 -0.000000 -0.000000 -0.000000 1.000000 0.000000 0.000000 0.000000 0.000000 1.000000
1.000000 0.000000 0.000000 0.384000 -0.000000 1.000000 0.000000 -0.000000 -0.000000 -0.000000 1.000000 0.000000 0.000000 0.000000 0.000000 1.000000
1.000000 0.000000 0.000000 0.384000 -0.000000 1.000000 0.000000 -0.000000 -0.000000 -0.000000 1.000000 0.000000 0.000000 0.000000 0.000000 1.000000
1.000000 0.000000 0.000000 0.384000 -0.000000 1.000000 0.000000 -0.000000 -0.000000 -0.000000 1.000000 0.000000 0.000000 0.000000 0.000000 1.000000
1.000000 0.000000 0.000000 0.384000 -0.000000 1.000000 0.000000 -0.000000 -0.000000 -0.000000 1.000000 0.000000 0.000000 0.000000 0.000000 1.000000</float_array><technique_common><accessor source="#jnt_right_legroll-Matrix-animation-output-transform-array" count="25" stride="16"><param type="float4x4"/></accessor></technique_common></source><source id="jnt_right_legroll-Interpolations"><Name_array id="jnt_right_legroll-Interpolations-array" count="25">
 LINEAR LINEAR LINEAR LINEAR LINEAR LINEAR LINEAR LINEAR LINEAR LINEAR LINEAR
LINEAR LINEAR LINEAR LINEAR LINEAR LINEAR LINEAR LINEAR LINEAR LINEAR LINEAR LINEAR
LINEAR LINEAR</Name_array><technique_common><accessor source="#jnt_right_legroll-Interpolations-array" count="25"><param type="name"/></accessor></technique_common></source><sampler id="jnt_right_legroll-Matrix-animation-transform"><input semantic="INPUT" source="#jnt_right_legroll-Matrix-animation-input"/><input semantic="OUTPUT" source="#jnt_right_legroll-Matrix-animation-output-transform"/><input semantic="INTERPOLATION" source="#jnt_right_legroll-Interpolations"/></sampler><channel source="#jnt_right_legroll-Matrix-animation-transform" target="jnt_right_legroll/matrix"/></animation></animation>
    <animation id="jnt_right_foot-anim" name="jnt_right_foot"><animation><source id="jnt_right_foot-Matrix-animation-input"><float_array id="jnt_right_foot-Matrix-animation-input-array" count="25">

0.000000 0.033333 0.066667 0.100000 0.133333 0.166667 0.200000 0.233333 0.266667 0.300000 0.333333 0.366667 0.400000 0.433333 0.466667 0.500000
0.533333 0.566667 0.600000 0.633333 0.666667 0.700000 0.733333 0.766667 0.800000</float_array><technique_common><accessor source="#jnt_right_foot-Matrix-animation-input-array" count="25"><param name="TIME" type="float"/></accessor></technique_common></source><source id="jnt_right_foot-Matrix-animation-output-transform"><float_array id="jnt_right_foot-Matrix-animation-output-transform-array" count="400">

0.278762 -0.954826 0.102952 0.768144 0.945567 0.291630 0.144415 -0.000001 -0.167916 0.057091 0.984147 0.000000 0.000000 0.000000 0.000000 1.000000
0.278762 -0.954826 0.102952 0.768144 0.945567 0.291630 0.144415 -0.000001 -0.167916 0.057091 0.984147 0.000000 0.000000 0.000000 0.000000 1.000000
0.278762 -0.954826 0.102952 0.768144 0.945567 0.291630 0.144415 -0.000001 -0.167916 0.057091 0.984147 0.000000 0.000000 0.000000 0.000000 1.000000
0.278762 -0.954826 0.102952 0.768144 0.945567 0.291630 0.144415 -0.000001 -0.167916 0.057091 0.984147 0.000000 0.000000 0.000000 0.000000 1.000000
0.278762 -0.954826 0.102952 0.768144 0.945567 0.291630 0.144415 -0.000001 -0.167916 0.057091 0.984147 0.000000 0.000000 0.000000 0.000000 1.000000
0.278762 -0.954826 0.102952 0.768144 0.945567 0.291630 0.144415 -0.000001 -0.167916 0.057091 0.984147 0.000000 0.000000 0.000000 0.000000 1.000000
0.278762 -0.954826 0.102952 0.768144 0.945567 0.291630 0.144415 -0.000001 -0.167916 0.057091 0.984147 0.000000 0.000000 0.000000 0.000000 1.000000
0.278762 -0.954826 0.102952 0.768144 0.945567 0.291630 0.144415 -0.000001 -0.167916 0.057091 0.984147 0.000000 0.000000 0.000000 0.000000 1.000000
0.278762 -0.954826 0.102952 0.768144 0.945567 0.291630 0.144415 -0.000001 -0.167916 0.057091 0.984147 0.000000 0.000000 0.000000 0.000000 1.000000
0.278762 -0.954826 0.102952 0.768144 0.945567 0.291630 0.144415 -0.000001 -0.167916 0.057091 0.984147 0.000000 0.000000 0.000000 0.000000 1.000000
0.278762 -0.954826 0.102952 0.768144 0.945567 0.291630 0.144415 -0.000001 -0.167916 0.057091 0.984147 0.000000 0.000000 0.000000 0.000000 1.000000
0.278762 -0.954826 0.102952 0.768144 0.945567 0.291630 0.144415 -0.000001 -0.167916 0.057091 0.984147 0.000000 0.000000 0.000000 0.000000 1.000000
0.278762 -0.954826 0.102952 0.768144 0.945567 0.291630 0.144415 -0.000001 -0.167916 0.057091 0.984147 0.000000 0.000000 0.000000 0.000000 1.000000
0.278762 -0.954826 0.102952 0.768144 0.945567 0.291630 0.144415 -0.000001 -0.167916 0.057091 0.984147 0.000000 0.000000 0.000000 0.000000 1.000000
0.278762 -0.954826 0.102952 0.768144 0.945567 0.291630 0.144415 -0.000001 -0.167916 0.057091 0.984147 0.000000 0.000000 0.000000 0.000000 1.000000
0.278762 -0.954826 0.102952 0.768144 0.945567 0.291630 0.144415 -0.000001 -0.167916 0.057091 0.984147 0.000000 0.000000 0.000000 0.000000 1.000000
0.278762 -0.954826 0.102952 0.768144 0.945567 0.291630 0.144415 -0.000001 -0.167916 0.057091 0.984147 0.000000 0.000000 0.000000 0.000000 1.000000
0.278762 -0.954826 0.102952 0.768144 0.945567 0.291630 0.144415 -0.000001 -0.167916 0.057091 0.984147 0.000000 0.000000 0.000000 0.000000 1.000000
0.278762 -0.954826 0.102952 0.768144 0.945567 0.291630 0.144415 -0.000001 -0.167916 0.057091 0.984147 0.000000 0.000000 0.000000 0.000000 1.000000
0.278762 -0.954826 0.102952 0.768144 0.945567 0.291630 0.144415 -0.000001 -0.167916 0.057091 0.984147 0.000000 0.000000 0.000000 0.000000 1.000000
0.278762 -0.954826 0.102952 0.768144 0.945567 0.291630 0.144415 -0.000001 -0.167916 0.057091 0.984147 0.000000 0.000000 0.000000 0.000000 1.000000
0.278762 -0.954826 0.102952 0.768144 0.945567 0.291630 0.144415 -0.000001 -0.167916 0.057091 0.984147 0.000000 0.000000 0.000000 0.000000 1.000000
0.278762 -0.954826 0.102952 0.768144 0.945567 0.291630 0.144415 -0.000001 -0.167916 0.057091 0.984147 0.000000 0.000000 0.000000 0.000000 1.000000
0.278762 -0.954826 0.102952 0.768144 0.945567 0.291630 0.144415 -0.000001 -0.167916 0.057091 0.984147 0.000000 0.000000 0.000000 0.000000 1.000000
0.278762 -0.954826 0.102952 0.768144 0.945567 0.291630 0.144415 -0.000001 -0.167916 0.057091 0.984147 0.000000 0.000000 0.000000 0.000000 1.000000</float_array><technique_common><accessor source="#jnt_right_foot-Matrix-animation-output-transform-array" count="25" stride="16"><param type="float4x4"/></accessor></technique_common></source><source id="jnt_right_foot-Interpolations"><Name_array id="jnt_right_foot-Interpolations-array" count="25">
 LINEAR LINEAR LINEAR LINEAR LINEAR LINEAR LINEAR LINEAR LINEAR LINEAR LINEAR
LINEAR LINEAR LINEAR LINEAR LINEAR LINEAR LINEAR LINEAR LINEAR LINEAR LINEAR LINEAR
LINEAR LINEAR</Name_array><technique_common><accessor source="#jnt_right_foot-Interpolations-array" count="25"><param type="name"/></accessor></technique_common></source><sampler id="jnt_right_foot-Matrix-animation-transform"><input semantic="INPUT" source="#jnt_right_foot-Matrix-animation-input"/><input semantic="OUTPUT" source="#jnt_right_foot-Matrix-animation-output-transform"/><input semantic="INTERPOLATION" source="#jnt_right_foot-Interpolations"/></sampler><channel source="#jnt_right_foot-Matrix-animation-transform" target="jnt_right_foot/matrix"/></animation></animation>
    <animation id="jnt_right_toebase-anim" name="jnt_right_toebase"><animation><source id="jnt_right_toebase-Matrix-animation-input"><float_array id="jnt_right_toebase-Matrix-animation-input-array" count="25">

0.000000 0.033333 0.066667 0.100000 0.133333 0.166667 0.200000 0.233333 0.266667 0.300000 0.333333 0.366667 0.400000 0.433333 0.466667 0.500000
0.533333 0.566667 0.600000 0.633333 0.666667 0.700000 0.733333 0.766667 0.800000</float_array><technique_common><accessor source="#jnt_right_toebase-Matrix-animation-input-array" count="25"><param name="TIME" type="float"/></accessor></technique_common></source><source id="jnt_right_toebase-Matrix-animation-output-transform"><float_array id="jnt_right_toebase-Matrix-animation-output-transform-array" count="400">

0.918936 -0.394407 -0.000000 0.441847 0.394407 0.918936 0.000000 0.000000 0.000000 -0.000000 1.000000 0.000000 0.000000 0.000000 0.000000 1.000000
0.918936 -0.394407 -0.000000 0.441847 0.394407 0.918936 0.000000 0.000000 0.000000 -0.000000 1.000000 0.000000 0.000000 0.000000 0.000000 1.000000
0.918936 -0.394407 -0.000000 0.441847 0.394407 0.918936 0.000000 0.000000 0.000000 -0.000000 1.000000 0.000000 0.000000 0.000000 0.000000 1.000000
0.918936 -0.394407 -0.000000 0.441847 0.394407 0.918936 0.000000 0.000000 0.000000 -0.000000 1.000000 0.000000 0.000000 0.000000 0.000000 1.000000
0.918936 -0.394407 -0.000000 0.441847 0.394407 0.918936 0.000000 0.000000 0.000000 -0.000000 1.000000 0.000000 0.000000 0.000000 0.000000 1.000000
0.918936 -0.394407 -0.000000 0.441847 0.394407 0.918936 0.000000 0.000000 0.000000 -0.000000 1.000000 0.000000 0.000000 0.000000 0.000000 1.000000
0.918936 -0.394407 -0.000000 0.441847 0.394407 0.918936 0.000000 0.000000 0.000000 -0.000000 1.000000 0.000000 0.000000 0.000000 0.000000 1.000000
0.918936 -0.394407 -0.000000 0.441847 0.394407 0.918936 0.000000 0.000000 0.000000 -0.000000 1.000000 0.000000 0.000000 0.000000 0.000000 1.000000
0.918936 -0.394407 -0.000000 0.441847 0.394407 0.918936 0.000000 0.000000 0.000000 -0.000000 1.000000 0.000000 0.000000 0.000000 0.000000 1.000000
0.918936 -0.394407 -0.000000 0.441847 0.394407 0.918936 0.000000 0.000000 0.000000 -0.000000 1.000000 0.000000 0.000000 0.000000 0.000000 1.000000
0.918936 -0.394407 -0.000000 0.441847 0.394407 0.918936 0.000000 0.000000 0.000000 -0.000000 1.000000 0.000000 0.000000 0.000000 0.000000 1.000000
0.918936 -0.394407 -0.000000 0.441847 0.394407 0.918936 0.000000 0.000000 0.000000 -0.000000 1.000000 0.000000 0.000000 0.000000 0.000000 1.000000
0.918936 -0.394407 -0.000000 0.441847 0.394407 0.918936 0.000000 0.000000 0.000000 -0.000000 1.000000 0.000000 0.000000 0.000000 0.000000 1.000000
0.918936 -0.394407 -0.000000 0.441847 0.394407 0.918936 0.000000 0.000000 0.000000 -0.000000 1.000000 0.000000 0.000000 0.000000 0.000000 1.000000
0.918936 -0.394407 -0.000000 0.441847 0.394407 0.918936 0.000000 0.000000 0.000000 -0.000000 1.000000 0.000000 0.000000 0.000000 0.000000 1.000000
0.918936 -0.394407 -0.000000 0.441847 0.394407 0.918936 0.000000 0.000000 0.000000 -0.000000 1.000000 0.000000 0.000000 0.000000 0.000000 1.000000
0.918936 -0.394407 -0.000000 0.441847 0.394407 0.918936 0.000000 0.000000 0.000000 -0.000000 1.000000 0.000000 0.000000 0.000000 0.000000 1.000000
0.918936 -0.394407 -0.000000 0.441847 0.394407 0.918936 0.000000 0.000000 0.000000 -0.000000 1.000000 0.000000 0.000000 0.000000 0.000000 1.000000
0.918936 -0.394407 -0.000000 0.441847 0.394407 0.918936 0.000000 0.000000 0.000000 -0.000000 1.000000 0.000000 0.000000 0.000000 0.000000 1.000000
0.918936 -0.394407 -0.000000 0.441847 0.394407 0.918936 0.000000 0.000000 0.000000 -0.000000 1.000000 0.000000 0.000000 0.000000 0.000000 1.000000
0.918936 -0.394407 -0.000000 0.441847 0.394407 0.918936 0.000000 0.000000 0.000000 -0.000000 1.000000 0.000000 0.000000 0.000000 0.000000 1.000000
0.918936 -0.394407 -0.000000 0.441847 0.394407 0.918936 0.000000 0.000000 0.000000 -0.000000 1.000000 0.000000 0.000000 0.000000 0.000000 1.000000
0.918936 -0.394407 -0.000000 0.441847 0.394407 0.918936 0.000000 0.000000 0.000000 -0.000000 1.000000 0.000000 0.000000 0.000000 0.000000 1.000000
0.918936 -0.394407 -0.000000 0.441847 0.394407 0.918936 0.000000 0.000000 0.000000 -0.000000 1.000000 0.000000 0.000000 0.000000 0.000000 1.000000
0.918936 -0.394407 -0.000000 0.441847 0.394407 0.918936 0.000000 0.000000 0.000000 -0.000000 1.000000 0.000000 0.000000 0.000000 0.000000 1.000000</float_array><technique_common><accessor source="#jnt_right_toebase-Matrix-animation-output-transform-array" count="25" stride="16"><param type="float4x4"/></accessor></technique_common></source><source id="jnt_right_toebase-Interpolations"><Name_array id="jnt_right_toebase-Interpolations-array" count="25">
 LINEAR LINEAR LINEAR LINEAR LINEAR LINEAR LINEAR LINEAR LINEAR LINEAR LINEAR
LINEAR LINEAR LINEAR LINEAR LINEAR LINEAR LINEAR LINEAR LINEAR LINEAR LINEAR LINEAR
LINEAR LINEAR</Name_array><technique_common><accessor source="#jnt_right_toebase-Interpolations-array" count="25"><param type="name"/></accessor></technique_common></source><sampler id="jnt_right_toebase-Matrix-animation-transform"><input semantic="INPUT" source="#jnt_right_toebase-Matrix-animation-input"/><input semantic="OUTPUT" source="#jnt_right_toebase-Matrix-animation-output-transform"/><input semantic="INTERPOLATION" source="#jnt_right_toebase-Interpolations"/></sampler><channel source="#jnt_right_toebase-Matrix-animation-transform" target="jnt_right_toebase/matrix"/></animation></animation>
    <animation id="jnt_right_toeend-anim" name="jnt_right_toeend"><animation><source id="jnt_right_toeend-Matrix-animation-input"><float_array id="jnt_right_toeend-Matrix-animation-input-array" count="25">

0.000000 0.033333 0.066667 0.100000 0.133333 0.166667 0.200000 0.233333 0.266667 0.300000 0.333333 0.366667 0.400000 0.433333 0.466667 0.500000
0.533333 0.566667 0.600000 0.633333 0.666667 0.700000 0.733333 0.766667 0.800000</float_array><technique_common><accessor source="#jnt_right_toeend-Matrix-animation-input-array" count="25"><param name="TIME" type="float"/></accessor></technique_common></source><source id="jnt_right_toeend-Matrix-animation-output-transform"><float_array id="jnt_right_toeend-Matrix-animation-output-transform-array" count="400">

1.000000 -0.000001 -0.000000 0.379397 0.000001 1.000000 -0.000000 0.000000 0.000000 0.000000 1.000000 0.000000 0.000000 0.000000 0.000000 1.000000
1.000000 -0.000001 -0.000000 0.379397 0.000001 1.000000 -0.000000 0.000000 0.000000 0.000000 1.000000 0.000000 0.000000 0.000000 0.000000 1.000000
1.000000 -0.000001 -0.000000 0.379397 0.000001 1.000000 -0.000000 0.000000 0.000000 0.000000 1.000000 0.000000 0.000000 0.000000 0.000000 1.000000
1.000000 -0.000001 -0.000000 0.379397 0.000001 1.000000 -0.000000 0.000000 0.000000 0.000000 1.000000 0.000000 0.000000 0.000000 0.000000 1.000000
1.000000 -0.000001 -0.000000 0.379397 0.000001 1.000000 -0.000000 0.000000 0.000000 0.000000 1.000000 0.000000 0.000000 0.000000 0.000000 1.000000
1.000000 -0.000001 -0.000000 0.379397 0.000001 1.000000 -0.000000 0.000000 0.000000 0.000000 1.000000 0.000000 0.000000 0.000000 0.000000 1.000000
1.000000 -0.000001 -0.000000 0.379397 0.000001 1.000000 -0.000000 0.000000 0.000000 0.000000 1.000000 0.000000 0.000000 0.000000 0.000000 1.000000
1.000000 -0.000001 -0.000000 0.379397 0.000001 1.000000 -0.000000 0.000000 0.000000 0.000000 1.000000 0.000000 0.000000 0.000000 0.000000 1.000000
1.000000 -0.000001 -0.000000 0.379397 0.000001 1.000000 -0.000000 0.000000 0.000000 0.000000 1.000000 0.000000 0.000000 0.000000 0.000000 1.000000
1.000000 -0.000001 -0.000000 0.379397 0.000001 1.000000 -0.000000 0.000000 0.000000 0.000000 1.000000 0.000000 0.000000 0.000000 0.000000 1.000000
1.000000 -0.000001 -0.000000 0.379397 0.000001 1.000000 -0.000000 0.000000 0.000000 0.000000 1.000000 0.000000 0.000000 0.000000 0.000000 1.000000
1.000000 -0.000001 -0.000000 0.379397 0.000001 1.000000 -0.000000 0.000000 0.000000 0.000000 1.000000 0.000000 0.000000 0.000000 0.000000 1.000000
1.000000 -0.000001 -0.000000 0.379397 0.000001 1.000000 -0.000000 0.000000 0.000000 0.000000 1.000000 0.000000 0.000000 0.000000 0.000000 1.000000
1.000000 -0.000001 -0.000000 0.379397 0.000001 1.000000 -0.000000 0.000000 0.000000 0.000000 1.000000 0.000000 0.000000 0.000000 0.000000 1.000000
1.000000 -0.000001 -0.000000 0.379397 0.000001 1.000000 -0.000000 0.000000 0.000000 0.000000 1.000000 0.000000 0.000000 0.000000 0.000000 1.000000
1.000000 -0.000001 -0.000000 0.379397 0.000001 1.000000 -0.000000 0.000000 0.000000 0.000000 1.000000 0.000000 0.000000 0.000000 0.000000 1.000000
1.000000 -0.000001 -0.000000 0.379397 0.000001 1.000000 -0.000000 0.000000 0.000000 0.000000 1.000000 0.000000 0.000000 0.000000 0.000000 1.000000
1.000000 -0.000001 -0.000000 0.379397 0.000001 1.000000 -0.000000 0.000000 0.000000 0.000000 1.000000 0.000000 0.000000 0.000000 0.000000 1.000000
1.000000 -0.000001 -0.000000 0.379397 0.000001 1.000000 -0.000000 0.000000 0.000000 0.000000 1.000000 0.000000 0.000000 0.000000 0.000000 1.000000
1.000000 -0.000001 -0.000000 0.379397 0.000001 1.000000 -0.000000 0.000000 0.000000 0.000000 1.000000 0.000000 0.000000 0.000000 0.000000 1.000000
1.000000 -0.000001 -0.000000 0.379397 0.000001 1.000000 -0.000000 0.000000 0.000000 0.000000 1.000000 0.000000 0.000000 0.000000 0.000000 1.000000
1.000000 -0.000001 -0.000000 0.379397 0.000001 1.000000 -0.000000 0.000000 0.000000 0.000000 1.000000 0.000000 0.000000 0.000000 0.000000 1.000000
1.000000 -0.000001 -0.000000 0.379397 0.000001 1.000000 -0.000000 0.000000 0.000000 0.000000 1.000000 0.000000 0.000000 0.000000 0.000000 1.000000
1.000000 -0.000001 -0.000000 0.379397 0.000001 1.000000 -0.000000 0.000000 0.000000 0.000000 1.000000 0.000000 0.000000 0.000000 0.000000 1.000000
1.000000 -0.000001 -0.000000 0.379397 0.000001 1.000000 -0.000000 0.000000 0.000000 0.000000 1.000000 0.000000 0.000000 0.000000 0.000000 1.000000</float_array><technique_common><accessor source="#jnt_right_toeend-Matrix-animation-output-transform-array" count="25" stride="16"><param type="float4x4"/></accessor></technique_common></source><source id="jnt_right_toeend-Interpolations"><Name_array id="jnt_right_toeend-Interpolations-array" count="25">
 LINEAR LINEAR LINEAR LINEAR LINEAR LINEAR LINEAR LINEAR LINEAR LINEAR LINEAR
LINEAR LINEAR LINEAR LINEAR LINEAR LINEAR LINEAR LINEAR LINEAR LINEAR LINEAR LINEAR
LINEAR LINEAR</Name_array><technique_common><accessor source="#jnt_right_toeend-Interpolations-array" count="25"><param type="name"/></accessor></technique_common></source><sampler id="jnt_right_toeend-Matrix-animation-transform"><input semantic="INPUT" source="#jnt_right_toeend-Matrix-animation-input"/><input semantic="OUTPUT" source="#jnt_right_toeend-Matrix-animation-output-transform"/><input semantic="INTERPOLATION" source="#jnt_right_toeend-Interpolations"/></sampler><channel source="#jnt_right_toeend-Matrix-animation-transform" target="jnt_right_toeend/matrix"/></animation></animation>
    <animation id="jnt_left_upleg-anim" name="jnt_left_upleg"><animation><source id="jnt_left_upleg-Matrix-animation-input"><float_array id="jnt_left_upleg-Matrix-animation-input-array" count="25">

0.000000 0.033333 0.066667 0.100000 0.133333 0.166667 0.200000 0.233333 0.266667 0.300000 0.333333 0.366667 0.400000 0.433333 0.466667 0.500000
0.533333 0.566667 0.600000 0.633333 0.666667 0.700000 0.733333 0.766667 0.800000</float_array><technique_common><accessor source="#jnt_left_upleg-Matrix-animation-input-array" count="25"><param name="TIME" type="float"/></accessor></technique_common></source><source id="jnt_left_upleg-Matrix-animation-output-transform"><float_array id="jnt_left_upleg-Matrix-animation-output-transform-array" count="400">

0.112561 0.332886 -0.936224 0.446779 -0.993504 0.053590 -0.100393 -0.111213 0.016753 0.941443 0.336756 0.043020 0.000000 0.000000 0.000000 1.000000
0.112561 0.332886 -0.936224 0.446779 -0.993504 0.053590 -0.100393 -0.111213 0.016753 0.941443 0.336756 0.043020 0.000000 0.000000 0.000000 1.000000
0.112561 0.332886 -0.936224 0.446779 -0.993504 0.053590 -0.100393 -0.111213 0.016753 0.941443 0.336756 0.043020 0.000000 0.000000 0.000000 1.000000
0.112561 0.332886 -0.936224 0.446779 -0.993504 0.053590 -0.100393 -0.111213 0.016753 0.941443 0.336756 0.043020 0.000000 0.000000 0.000000 1.000000
0.112561 0.332886 -0.936224 0.446779 -0.993504 0.053590 -0.100393 -0.111213 0.016753 0.941443 0.336756 0.043020 0.000000 0.000000 0.000000 1.000000
0.112561 0.332886 -0.936224 0.446779 -0.993504 0.053590 -0.100393 -0.111213 0.016753 0.941443 0.336756 0.043020 0.000000 0.000000 0.000000 1.000000
0.112561 0.332886 -0.936224 0.446779 -0.993504 0.053590 -0.100393 -0.111213 0.016753 0.941443 0.336756 0.043020 0.000000 0.000000 0.000000 1.000000
0.112561 0.332886 -0.936224 0.446779 -0.993504 0.053590 -0.100393 -0.111213 0.016753 0.941443 0.336756 0.043020 0.000000 0.000000 0.000000 1.000000
0.112561 0.332886 -0.936224 0.446779 -0.993504 0.053590 -0.100393 -0.111213 0.016753 0.941443 0.336756 0.043020 0.000000 0.000000 0.000000 1.000000
0.112561 0.332886 -0.936224 0.446779 -0.993504 0.053590 -0.100393 -0.111213 0.016753 0.941443 0.336756 0.043020 0.000000 0.000000 0.000000 1.000000
0.112561 0.332886 -0.936224 0.446779 -0.993504 0.053590 -0.100393 -0.111213 0.016753 0.941443 0.336756 0.043020 0.000000 0.000000 0.000000 1.000000
0.112561 0.332886 -0.936224 0.446779 -0.993504 0.053590 -0.100393 -0.111213 0.016753 0.941443 0.336756 0.043020 0.000000 0.000000 0.000000 1.000000
0.112561 0.332886 -0.936224 0.446779 -0.993504 0.053590 -0.100393 -0.111213 0.016753 0.941443 0.336756 0.043020 0.000000 0.000000 0.000000 1.000000
0.112561 0.332886 -0.936224 0.446779 -0.993504 0.053590 -0.100393 -0.111213 0.016753 0.941443 0.336756 0.043020 0.000000 0.000000 0.000000 1.000000
0.112561 0.332886 -0.936224 0.446779 -0.993504 0.053590 -0.100393 -0.111213 0.016753 0.941443 0.336756 0.043020 0.000000 0.000000 0.000000 1.000000
0.112561 0.332886 -0.936224 0.446779 -0.993504 0.053590 -0.100393 -0.111213 0.016753 0.941443 0.336756 0.043020 0.000000 0.000000 0.000000 1.000000
0.112561 0.332886 -0.936224 0.446779 -0.993504 0.053590 -0.100393 -0.111213 0.016753 0.941443 0.336756 0.043020 0.000000 0.000000 0.000000 1.000000
0.112561 0.332886 -0.936224 0.446779 -0.993504 0.053590 -0.100393 -0.111213 0.016753 0.941443 0.336756 0.043020 0.000000 0.000000 0.000000 1.000000
0.112561 0.332886 -0.936224 0.446779 -0.993504 0.053590 -0.100393 -0.111213 0.016753 0.941443 0.336756 0.043020 0.000000 0.000000 0.000000 1.000000
0.112561 0.332886 -0.936224 0.446779 -0.993504 0.053590 -0.100393 -0.111213 0.016753 0.941443 0.336756 0.043020 0.000000 0.000000 0.000000 1.000000
0.112561 0.332886 -0.936224 0.446779 -0.993504 0.053590 -0.100393 -0.111213 0.016753 0.941443 0.336756 0.043020 0.000000 0.000000 0.000000 1.000000
0.112561 0.332886 -0.936224 0.446779 -0.993504 0.053590 -0.100393 -0.111213 0.016753 0.941443 0.336756 0.043020 0.000000 0.000000 0.000000 1.000000
0.112561 0.332886 -0.936224 0.446779 -0.993504 0.053590 -0.100393 -0.111213 0.016753 0.941443 0.336756 0.043020 0.000000 0.000000 0.000000 1.000000
0.112561 0.332886 -0.936224 0.446779 -0.993504 0.053590 -0.100393 -0.111213 0.016753 0.941443 0.336756 0.043020 0.000000 0.000000 0.000000 1.000000
0.112561 0.332886 -0.936224 0.446779 -0.993504 0.053590 -0.100393 -0.111213 0.016753 0.941443 0.336756 0.043020 0.000000 0.000000 0.000000 1.000000</float_array><technique_common><accessor source="#jnt_left_upleg-Matrix-animation-output-transform-array" count="25" stride="16"><param type="float4x4"/></accessor></technique_common></source><source id="jnt_left_upleg-Interpolations"><Name_array id="jnt_left_upleg-Interpolations-array" count="25">
 LINEAR LINEAR LINEAR LINEAR LINEAR LINEAR LINEAR LINEAR LINEAR LINEAR LINEAR
LINEAR LINEAR LINEAR LINEAR LINEAR LINEAR LINEAR LINEAR LINEAR LINEAR LINEAR LINEAR
LINEAR LINEAR</Name_array><technique_common><accessor source="#jnt_left_upleg-Interpolations-array" count="25"><param type="name"/></accessor></technique_common></source><sampler id="jnt_left_upleg-Matrix-animation-transform"><input semantic="INPUT" source="#jnt_left_upleg-Matrix-animation-input"/><input semantic="OUTPUT" source="#jnt_left_upleg-Matrix-animation-output-transform"/><input semantic="INTERPOLATION" source="#jnt_left_upleg-Interpolations"/></sampler><channel source="#jnt_left_upleg-Matrix-animation-transform" target="jnt_left_upleg/matrix"/></animation></animation>
    <animation id="jnt_left_uplegroll-anim" name="jnt_left_uplegroll"><animation><source id="jnt_left_uplegroll-Matrix-animation-input"><float_array id="jnt_left_uplegroll-Matrix-animation-input-array" count="25">

0.000000 0.033333 0.066667 0.100000 0.133333 0.166667 0.200000 0.233333 0.266667 0.300000 0.333333 0.366667 0.400000 0.433333 0.466667 0.500000
0.533333 0.566667 0.600000 0.633333 0.666667 0.700000 0.733333 0.766667 0.800000</float_array><technique_common><accessor source="#jnt_left_uplegroll-Matrix-animation-input-array" count="25"><param name="TIME" type="float"/></accessor></technique_common></source><source id="jnt_left_uplegroll-Matrix-animation-output-transform"><float_array id="jnt_left_uplegroll-Matrix-animation-output-transform-array" count="400">

1.000000 -0.000000 -0.000000 0.430000 0.000000 1.000000 -0.000000 -0.000000 0.000000 0.000000 1.000000 0.000000 0.000000 0.000000 0.000000 1.000000
1.000000 -0.000000 -0.000000 0.430000 0.000000 1.000000 -0.000000 -0.000000 0.000000 0.000000 1.000000 0.000000 0.000000 0.000000 0.000000 1.000000
1.000000 -0.000000 -0.000000 0.430000 0.000000 1.000000 -0.000000 -0.000000 0.000000 0.000000 1.000000 0.000000 0.000000 0.000000 0.000000 1.000000
1.000000 -0.000000 -0.000000 0.430000 0.000000 1.000000 -0.000000 -0.000000 0.000000 0.000000 1.000000 0.000000 0.000000 0.000000 0.000000 1.000000
1.000000 -0.000000 -0.000000 0.430000 0.000000 1.000000 -0.000000 -0.000000 0.000000 0.000000 1.000000 0.000000 0.000000 0.000000 0.000000 1.000000
1.000000 -0.000000 -0.000000 0.430000 0.000000 1.000000 -0.000000 -0.000000 0.000000 0.000000 1.000000 0.000000 0.000000 0.000000 0.000000 1.000000
1.000000 -0.000000 -0.000000 0.430000 0.000000 1.000000 -0.000000 -0.000000 0.000000 0.000000 1.000000 0.000000 0.000000 0.000000 0.000000 1.000000
1.000000 -0.000000 -0.000000 0.430000 0.000000 1.000000 -0.000000 -0.000000 0.000000 0.000000 1.000000 0.000000 0.000000 0.000000 0.000000 1.000000
1.000000 -0.000000 -0.000000 0.430000 0.000000 1.000000 -0.000000 -0.000000 0.000000 0.000000 1.000000 0.000000 0.000000 0.000000 0.000000 1.000000
1.000000 -0.000000 -0.000000 0.430000 0.000000 1.000000 -0.000000 -0.000000 0.000000 0.000000 1.000000 0.000000 0.000000 0.000000 0.000000 1.000000
1.000000 -0.000000 -0.000000 0.430000 0.000000 1.000000 -0.000000 -0.000000 0.000000 0.000000 1.000000 0.000000 0.000000 0.000000 0.000000 1.000000
1.000000 -0.000000 -0.000000 0.430000 0.000000 1.000000 -0.000000 -0.000000 0.000000 0.000000 1.000000 0.000000 0.000000 0.000000 0.000000 1.000000
1.000000 -0.000000 -0.000000 0.430000 0.000000 1.000000 -0.000000 -0.000000 0.000000 0.000000 1.000000 0.000000 0.000000 0.000000 0.000000 1.000000
1.000000 -0.000000 -0.000000 0.430000 0.000000 1.000000 -0.000000 -0.000000 0.000000 0.000000 1.000000 0.000000 0.000000 0.000000 0.000000 1.000000
1.000000 -0.000000 -0.000000 0.430000 0.000000 1.000000 -0.000000 -0.000000 0.000000 0.000000 1.000000 0.000000 0.000000 0.000000 0.000000 1.000000
1.000000 -0.000000 -0.000000 0.430000 0.000000 1.000000 -0.000000 -0.000000 0.000000 0.000000 1.000000 0.000000 0.000000 0.000000 0.000000 1.000000
1.000000 -0.000000 -0.000000 0.430000 0.000000 1.000000 -0.000000 -0.000000 0.000000 0.000000 1.000000 0.000000 0.000000 0.000000 0.000000 1.000000
1.000000 -0.000000 -0.000000 0.430000 0.000000 1.000000 -0.000000 -0.000000 0.000000 0.000000 1.000000 0.000000 0.000000 0.000000 0.000000 1.000000
1.000000 -0.000000 -0.000000 0.430000 0.000000 1.000000 -0.000000 -0.000000 0.000000 0.000000 1.000000 0.000000 0.000000 0.000000 0.000000 1.000000
1.000000 -0.000000 -0.000000 0.430000 0.000000 1.000000 -0.000000 -0.000000 0.000000 0.000000 1.000000 0.000000 0.000000 0.000000 0.000000 1.000000
1.000000 -0.000000 -0.000000 0.430000 0.000000 1.000000 -0.000000 -0.000000 0.000000 0.000000 1.000000 0.000000 0.000000 0.000000 0.000000 1.000000
1.000000 -0.000000 -0.000000 0.430000 0.000000 1.000000 -0.000000 -0.000000 0.000000 0.000000 1.000000 0.000000 0.000000 0.000000 0.000000 1.000000
1.000000 -0.000000 -0.000000 0.430000 0.000000 1.000000 -0.000000 -0.000000 0.000000 0.000000 1.000000 0.000000 0.000000 0.000000 0.000000 1.000000
1.000000 -0.000000 -0.000000 0.430000 0.000000 1.000000 -0.000000 -0.000000 0.000000 0.000000 1.000000 0.000000 0.000000 0.000000 0.000000 1.000000
1.000000 -0.000000 -0.000000 0.430000 0.000000 1.000000 -0.000000 -0.000000 0.000000 0.000000 1.000000 0.000000 0.000000 0.000000 0.000000 1.000000</float_array><technique_common><accessor source="#jnt_left_uplegroll-Matrix-animation-output-transform-array" count="25" stride="16"><param type="float4x4"/></accessor></technique_common></source><source id="jnt_left_uplegroll-Interpolations"><Name_array id="jnt_left_uplegroll-Interpolations-array" count="25">
 LINEAR LINEAR LINEAR LINEAR LINEAR LINEAR LINEAR LINEAR LINEAR LINEAR LINEAR
LINEAR LINEAR LINEAR LINEAR LINEAR LINEAR LINEAR LINEAR LINEAR LINEAR LINEAR LINEAR
LINEAR LINEAR</Name_array><technique_common><accessor source="#jnt_left_uplegroll-Interpolations-array" count="25"><param type="name"/></accessor></technique_common></source><sampler id="jnt_left_uplegroll-Matrix-animation-transform"><input semantic="INPUT" source="#jnt_left_uplegroll-Matrix-animation-input"/><input semantic="OUTPUT" source="#jnt_left_uplegroll-Matrix-animation-output-transform"/><input semantic="INTERPOLATION" source="#jnt_left_uplegroll-Interpolations"/></sampler><channel source="#jnt_left_uplegroll-Matrix-animation-transform" target="jnt_left_uplegroll/matrix"/></animation></animation>
    <animation id="jnt_left_leg-anim" name="jnt_left_leg"><animation><source id="jnt_left_leg-Matrix-animation-input"><float_array id="jnt_left_leg-Matrix-animation-input-array" count="25">

0.000000 0.033333 0.066667 0.100000 0.133333 0.166667 0.200000 0.233333 0.266667 0.300000 0.333333 0.366667 0.400000 0.433333 0.466667 0.500000
0.533333 0.566667 0.600000 0.633333 0.666667 0.700000 0.733333 0.766667 0.800000</float_array><technique_common><accessor source="#jnt_left_leg-Matrix-animation-input-array" count="25"><param name="TIME" type="float"/></accessor></technique_common></source><source id="jnt_left_leg-Matrix-animation-output-transform"><float_array id="jnt_left_leg-Matrix-animation-output-transform-array" count="400">

0.968052 0.250285 0.015281 0.860328 -0.240269 0.943297 -0.229044 -0.000000 -0.071741 0.218054 0.973297 0.000001 0.000000 0.000000 0.000000 1.000000
0.968052 0.250285 0.015281 0.860328 -0.240269 0.943297 -0.229044 -0.000000 -0.071741 0.218054 0.973297 0.000001 0.000000 0.000000 0.000000 1.000000
0.968052 0.250285 0.015281 0.860328 -0.240269 0.943297 -0.229044 -0.000000 -0.071741 0.218054 0.973297 0.000001 0.000000 0.000000 0.000000 1.000000
0.968052 0.250285 0.015281 0.860328 -0.240269 0.943297 -0.229044 -0.000000 -0.071741 0.218054 0.973297 0.000001 0.000000 0.000000 0.000000 1.000000
0.968052 0.250285 0.015281 0.860328 -0.240269 0.943297 -0.229044 -0.000000 -0.071741 0.218054 0.973297 0.000001 0.000000 0.000000 0.000000 1.000000
0.968052 0.250285 0.015281 0.860328 -0.240269 0.943297 -0.229044 -0.000000 -0.071741 0.218054 0.973297 0.000001 0.000000 0.000000 0.000000 1.000000
0.968052 0.250285 0.015281 0.860328 -0.240269 0.943297 -0.229044 -0.000000 -0.071741 0.218054 0.973297 0.000001 0.000000 0.000000 0.000000 1.000000
0.968052 0.250285 0.015281 0.860328 -0.240269 0.943297 -0.229044 -0.000000 -0.071741 0.218054 0.973297 0.000001 0.000000 0.000000 0.000000 1.000000
0.968052 0.250285 0.015281 0.860328 -0.240269 0.943297 -0.229044 -0.000000 -0.071741 0.218054 0.973297 0.000001 0.000000 0.000000 0.000000 1.000000
0.968052 0.250285 0.015281 0.860328 -0.240269 0.943297 -0.229044 -0.000000 -0.071741 0.218054 0.973297 0.000001 0.000000 0.000000 0.000000 1.000000
0.968052 0.250285 0.015281 0.860328 -0.240269 0.943297 -0.229044 -0.000000 -0.071741 0.218054 0.973297 0.000001 0.000000 0.000000 0.000000 1.000000
0.968052 0.250285 0.015281 0.860328 -0.240269 0.943297 -0.229044 -0.000000 -0.071741 0.218054 0.973297 0.000001 0.000000 0.000000 0.000000 1.000000
0.968052 0.250285 0.015281 0.860328 -0.240269 0.943297 -0.229044 -0.000000 -0.071741 0.218054 0.973297 0.000001 0.000000 0.000000 0.000000 1.000000
0.968052 0.250285 0.015281 0.860328 -0.240269 0.943297 -0.229044 -0.000000 -0.071741 0.218054 0.973297 0.000001 0.000000 0.000000 0.000000 1.000000
0.968052 0.250285 0.015281 0.860328 -0.240269 0.943297 -0.229044 -0.000000 -0.071741 0.218054 0.973297 0.000001 0.000000 0.000000 0.000000 1.000000
0.968052 0.250285 0.015281 0.860328 -0.240269 0.943297 -0.229044 -0.000000 -0.071741 0.218054 0.973297 0.000001 0.000000 0.000000 0.000000 1.000000
0.968052 0.250285 0.015281 0.860328 -0.240269 0.943297 -0.229044 -0.000000 -0.071741 0.218054 0.973297 0.000001 0.000000 0.000000 0.000000 1.000000
0.968052 0.250285 0.015281 0.860328 -0.240269 0.943297 -0.229044 -0.000000 -0.071741 0.218054 0.973297 0.000001 0.000000 0.000000 0.000000 1.000000
0.968052 0.250285 0.015281 0.860328 -0.240269 0.943297 -0.229044 -0.000000 -0.071741 0.218054 0.973297 0.000001 0.000000 0.000000 0.000000 1.000000
0.968052 0.250285 0.015281 0.860328 -0.240269 0.943297 -0.229044 -0.000000 -0.071741 0.218054 0.973297 0.000001 0.000000 0.000000 0.000000 1.000000
0.968052 0.250285 0.015281 0.860328 -0.240269 0.943297 -0.229044 -0.000000 -0.071741 0.218054 0.973297 0.000001 0.000000 0.000000 0.000000 1.000000
0.968052 0.250285 0.015281 0.860328 -0.240269 0.943297 -0.229044 -0.000000 -0.071741 0.218054 0.973297 0.000001 0.000000 0.000000 0.000000 1.000000
0.968052 0.250285 0.015281 0.860328 -0.240269 0.943297 -0.229044 -0.000000 -0.071741 0.218054 0.973297 0.000001 0.000000 0.000000 0.000000 1.000000
0.968052 0.250285 0.015281 0.860328 -0.240269 0.943297 -0.229044 -0.000000 -0.071741 0.218054 0.973297 0.000001 0.000000 0.000000 0.000000 1.000000
0.968052 0.250285 0.015281 0.860328 -0.240269 0.943297 -0.229044 -0.000000 -0.071741 0.218054 0.973297 0.000001 0.000000 0.000000 0.000000 1.000000</float_array><technique_common><accessor source="#jnt_left_leg-Matrix-animation-output-transform-array" count="25" stride="16"><param type="float4x4"/></accessor></technique_common></source><source id="jnt_left_leg-Interpolations"><Name_array id="jnt_left_leg-Interpolations-array" count="25">
 LINEAR LINEAR LINEAR LINEAR LINEAR LINEAR LINEAR LINEAR LINEAR LINEAR LINEAR
LINEAR LINEAR LINEAR LINEAR LINEAR LINEAR LINEAR LINEAR LINEAR LINEAR LINEAR LINEAR
LINEAR LINEAR</Name_array><technique_common><accessor source="#jnt_left_leg-Interpolations-array" count="25"><param type="name"/></accessor></technique_common></source><sampler id="jnt_left_leg-Matrix-animation-transform"><input semantic="INPUT" source="#jnt_left_leg-Matrix-animation-input"/><input semantic="OUTPUT" source="#jnt_left_leg-Matrix-animation-output-transform"/><input semantic="INTERPOLATION" source="#jnt_left_leg-Interpolations"/></sampler><channel source="#jnt_left_leg-Matrix-animation-transform" target="jnt_left_leg/matrix"/></animation></animation>
    <animation id="jnt_left_legroll-anim" name="jnt_left_legroll"><animation><source id="jnt_left_legroll-Matrix-animation-input"><float_array id="jnt_left_legroll-Matrix-animation-input-array" count="25">

0.000000 0.033333 0.066667 0.100000 0.133333 0.166667 0.200000 0.233333 0.266667 0.300000 0.333333 0.366667 0.400000 0.433333 0.466667 0.500000
0.533333 0.566667 0.600000 0.633333 0.666667 0.700000 0.733333 0.766667 0.800000</float_array><technique_common><accessor source="#jnt_left_legroll-Matrix-animation-input-array" count="25"><param name="TIME" type="float"/></accessor></technique_common></source><source id="jnt_left_legroll-Matrix-animation-output-transform"><float_array id="jnt_left_legroll-Matrix-animation-output-transform-array" count="400">

1.000000 0.000000 -0.000000 0.384000 -0.000000 1.000000 -0.000000 0.000000 0.000000 0.000000 1.000000 -0.000000 0.000000 0.000000 0.000000 1.000000
1.000000 0.000000 -0.000000 0.384000 -0.000000 1.000000 -0.000000 0.000000 0.000000 0.000000 1.000000 -0.000000 0.000000 0.000000 0.000000 1.000000
1.000000 0.000000 -0.000000 0.384000 -0.000000 1.000000 -0.000000 0.000000 0.000000 0.000000 1.000000 -0.000000 0.000000 0.000000 0.000000 1.000000
1.000000 0.000000 -0.000000 0.384000 -0.000000 1.000000 -0.000000 0.000000 0.000000 0.000000 1.000000 -0.000000 0.000000 0.000000 0.000000 1.000000
1.000000 0.000000 -0.000000 0.384000 -0.000000 1.000000 -0.000000 0.000000 0.000000 0.000000 1.000000 -0.000000 0.000000 0.000000 0.000000 1.000000
1.000000 0.000000 -0.000000 0.384000 -0.000000 1.000000 -0.000000 0.000000 0.000000 0.000000 1.000000 -0.000000 0.000000 0.000000 0.000000 1.000000
1.000000 0.000000 -0.000000 0.384000 -0.000000 1.000000 -0.000000 0.000000 0.000000 0.000000 1.000000 -0.000000 0.000000 0.000000 0.000000 1.000000
1.000000 0.000000 -0.000000 0.384000 -0.000000 1.000000 -0.000000 0.000000 0.000000 0.000000 1.000000 -0.000000 0.000000 0.000000 0.000000 1.000000
1.000000 0.000000 -0.000000 0.384000 -0.000000 1.000000 -0.000000 0.000000 0.000000 0.000000 1.000000 -0.000000 0.000000 0.000000 0.000000 1.000000
1.000000 0.000000 -0.000000 0.384000 -0.000000 1.000000 -0.000000 0.000000 0.000000 0.000000 1.000000 -0.000000 0.000000 0.000000 0.000000 1.000000
1.000000 0.000000 -0.000000 0.384000 -0.000000 1.000000 -0.000000 0.000000 0.000000 0.000000 1.000000 -0.000000 0.000000 0.000000 0.000000 1.000000
1.000000 0.000000 -0.000000 0.384000 -0.000000 1.000000 -0.000000 0.000000 0.000000 0.000000 1.000000 -0.000000 0.000000 0.000000 0.000000 1.000000
1.000000 0.000000 -0.000000 0.384000 -0.000000 1.000000 -0.000000 0.000000 0.000000 0.000000 1.000000 -0.000000 0.000000 0.000000 0.000000 1.000000
1.000000 0.000000 -0.000000 0.384000 -0.000000 1.000000 -0.000000 0.000000 0.000000 0.000000 1.000000 -0.000000 0.000000 0.000000 0.000000 1.000000
1.000000 0.000000 -0.000000 0.384000 -0.000000 1.000000 -0.000000 0.000000 0.000000 0.000000 1.000000 -0.000000 0.000000 0.000000 0.000000 1.000000
1.000000 0.000000 -0.000000 0.384000 -0.000000 1.000000 -0.000000 0.000000 0.000000 0.000000 1.000000 -0.000000 0.000000 0.000000 0.000000 1.000000
1.000000 0.000000 -0.000000 0.384000 -0.000000 1.000000 -0.000000 0.000000 0.000000 0.000000 1.000000 -0.000000 0.000000 0.000000 0.000000 1.000000
1.000000 0.000000 -0.000000 0.384000 -0.000000 1.000000 -0.000000 0.000000 0.000000 0.000000 1.000000 -0.000000 0.000000 0.000000 0.000000 1.000000
1.000000 0.000000 -0.000000 0.384000 -0.000000 1.000000 -0.000000 0.000000 0.000000 0.000000 1.000000 -0.000000 0.000000 0.000000 0.000000 1.000000
1.000000 0.000000 -0.000000 0.384000 -0.000000 1.000000 -0.000000 0.000000 0.000000 0.000000 1.000000 -0.000000 0.000000 0.000000 0.000000 1.000000
1.000000 0.000000 -0.000000 0.384000 -0.000000 1.000000 -0.000000 0.000000 0.000000 0.000000 1.000000 -0.000000 0.000000 0.000000 0.000000 1.000000
1.000000 0.000000 -0.000000 0.384000 -0.000000 1.000000 -0.000000 0.000000 0.000000 0.000000 1.000000 -0.000000 0.000000 0.000000 0.000000 1.000000
1.000000 0.000000 -0.000000 0.384000 -0.000000 1.000000 -0.000000 0.000000 0.000000 0.000000 1.000000 -0.000000 0.000000 0.000000 0.000000 1.000000
1.000000 0.000000 -0.000000 0.384000 -0.000000 1.000000 -0.000000 0.000000 0.000000 0.000000 1.000000 -0.000000 0.000000 0.000000 0.000000 1.000000
1.000000 0.000000 -0.000000 0.384000 -0.000000 1.000000 -0.000000 0.000000 0.000000 0.000000 1.000000 -0.000000 0.000000 0.000000 0.000000 1.000000</float_array><technique_common><accessor source="#jnt_left_legroll-Matrix-animation-output-transform-array" count="25" stride="16"><param type="float4x4"/></accessor></technique_common></source><source id="jnt_left_legroll-Interpolations"><Name_array id="jnt_left_legroll-Interpolations-array" count="25">
 LINEAR LINEAR LINEAR LINEAR LINEAR LINEAR LINEAR LINEAR LINEAR LINEAR LINEAR
LINEAR LINEAR LINEAR LINEAR LINEAR LINEAR LINEAR LINEAR LINEAR LINEAR LINEAR LINEAR
LINEAR LINEAR</Name_array><technique_common><accessor source="#jnt_left_legroll-Interpolations-array" count="25"><param type="name"/></accessor></technique_common></source><sampler id="jnt_left_legroll-Matrix-animation-transform"><input semantic="INPUT" source="#jnt_left_legroll-Matrix-animation-input"/><input semantic="OUTPUT" source="#jnt_left_legroll-Matrix-animation-output-transform"/><input semantic="INTERPOLATION" source="#jnt_left_legroll-Interpolations"/></sampler><channel source="#jnt_left_legroll-Matrix-animation-transform" target="jnt_left_legroll/matrix"/></animation></animation>
    <animation id="jnt_left_foot-anim" name="jnt_left_foot"><animation><source id="jnt_left_foot-Matrix-animation-input"><float_array id="jnt_left_foot-Matrix-animation-input-array" count="25">

0.000000 0.033333 0.066667 0.100000 0.133333 0.166667 0.200000 0.233333 0.266667 0.300000 0.333333 0.366667 0.400000 0.433333 0.466667 0.500000
0.533333 0.566667 0.600000 0.633333 0.666667 0.700000 0.733333 0.766667 0.800000</float_array><technique_common><accessor source="#jnt_left_foot-Matrix-animation-input-array" count="25"><param name="TIME" type="float"/></accessor></technique_common></source><source id="jnt_left_foot-Matrix-animation-output-transform"><float_array id="jnt_left_foot-Matrix-animation-output-transform-array" count="400">

0.278754 -0.954828 -0.102953 0.768142 0.945569 0.291622 -0.144416 0.000000 0.167916 -0.057093 0.984147 -0.000001 0.000000 0.000000 0.000000 1.000000
0.278754 -0.954828 -0.102953 0.768142 0.945569 0.291622 -0.144416 0.000000 0.167916 -0.057093 0.984147 -0.000001 0.000000 0.000000 0.000000 1.000000
0.278754 -0.954828 -0.102953 0.768142 0.945569 0.291622 -0.144416 0.000000 0.167916 -0.057093 0.984147 -0.000001 0.000000 0.000000 0.000000 1.000000
0.278754 -0.954828 -0.102953 0.768142 0.945569 0.291622 -0.144416 0.000000 0.167916 -0.057093 0.984147 -0.000001 0.000000 0.000000 0.000000 1.000000
0.278754 -0.954828 -0.102953 0.768142 0.945569 0.291622 -0.144416 0.000000 0.167916 -0.057093 0.984147 -0.000001 0.000000 0.000000 0.000000 1.000000
0.278754 -0.954828 -0.102953 0.768142 0.945569 0.291622 -0.144416 0.000000 0.167916 -0.057093 0.984147 -0.000001 0.000000 0.000000 0.000000 1.000000
0.278754 -0.954828 -0.102953 0.768142 0.945569 0.291622 -0.144416 0.000000 0.167916 -0.057093 0.984147 -0.000001 0.000000 0.000000 0.000000 1.000000
0.278754 -0.954828 -0.102953 0.768142 0.945569 0.291622 -0.144416 0.000000 0.167916 -0.057093 0.984147 -0.000001 0.000000 0.000000 0.000000 1.000000
0.278754 -0.954828 -0.102953 0.768142 0.945569 0.291622 -0.144416 0.000000 0.167916 -0.057093 0.984147 -0.000001 0.000000 0.000000 0.000000 1.000000
0.278754 -0.954828 -0.102953 0.768142 0.945569 0.291622 -0.144416 0.000000 0.167916 -0.057093 0.984147 -0.000001 0.000000 0.000000 0.000000 1.000000
0.278754 -0.954828 -0.102953 0.768142 0.945569 0.291622 -0.144416 0.000000 0.167916 -0.057093 0.984147 -0.000001 0.000000 0.000000 0.000000 1.000000
0.278754 -0.954828 -0.102953 0.768142 0.945569 0.291622 -0.144416 0.000000 0.167916 -0.057093 0.984147 -0.000001 0.000000 0.000000 0.000000 1.000000
0.278754 -0.954828 -0.102953 0.768142 0.945569 0.291622 -0.144416 0.000000 0.167916 -0.057093 0.984147 -0.000001 0.000000 0.000000 0.000000 1.000000
0.278754 -0.954828 -0.102953 0.768142 0.945569 0.291622 -0.144416 0.000000 0.167916 -0.057093 0.984147 -0.000001 0.000000 0.000000 0.000000 1.000000
0.278754 -0.954828 -0.102953 0.768142 0.945569 0.291622 -0.144416 0.000000 0.167916 -0.057093 0.984147 -0.000001 0.000000 0.000000 0.000000 1.000000
0.278754 -0.954828 -0.102953 0.768142 0.945569 0.291622 -0.144416 0.000000 0.167916 -0.057093 0.984147 -0.000001 0.000000 0.000000 0.000000 1.000000
0.278754 -0.954828 -0.102953 0.768142 0.945569 0.291622 -0.144416 0.000000 0.167916 -0.057093 0.984147 -0.000001 0.000000 0.000000 0.000000 1.000000
0.278754 -0.954828 -0.102953 0.768142 0.945569 0.291622 -0.144416 0.000000 0.167916 -0.057093 0.984147 -0.000001 0.000000 0.000000 0.000000 1.000000
0.278754 -0.954828 -0.102953 0.768142 0.945569 0.291622 -0.144416 0.000000 0.167916 -0.057093 0.984147 -0.000001 0.000000 0.000000 0.000000 1.000000
0.278754 -0.954828 -0.102953 0.768142 0.945569 0.291622 -0.144416 0.000000 0.167916 -0.057093 0.984147 -0.000001 0.000000 0.000000 0.000000 1.000000
0.278754 -0.954828 -0.102953 0.768142 0.945569 0.291622 -0.144416 0.000000 0.167916 -0.057093 0.984147 -0.000001 0.000000 0.000000 0.000000 1.000000
0.278754 -0.954828 -0.102953 0.768142 0.945569 0.291622 -0.144416 0.000000 0.167916 -0.057093 0.984147 -0.000001 0.000000 0.000000 0.000000 1.000000
0.278754 -0.954828 -0.102953 0.768142 0.945569 0.291622 -0.144416 0.000000 0.167916 -0.057093 0.984147 -0.000001 0.000000 0.000000 0.000000 1.000000
0.278754 -0.954828 -0.102953 0.768142 0.945569 0.291622 -0.144416 0.000000 0.167916 -0.057093 0.984147 -0.000001 0.000000 0.000000 0.000000 1.000000
0.278754 -0.954828 -0.102953 0.768142 0.945569 0.291622 -0.144416 0.000000 0.167916 -0.057093 0.984147 -0.000001 0.000000 0.000000 0.000000 1.000000</float_array><technique_common><accessor source="#jnt_left_foot-Matrix-animation-output-transform-array" count="25" stride="16"><param type="float4x4"/></accessor></technique_common></source><source id="jnt_left_foot-Interpolations"><Name_array id="jnt_left_foot-Interpolations-array" count="25">
 LINEAR LINEAR LINEAR LINEAR LINEAR LINEAR LINEAR LINEAR LINEAR LINEAR LINEAR
LINEAR LINEAR LINEAR LINEAR LINEAR LINEAR LINEAR LINEAR LINEAR LINEAR LINEAR LINEAR
LINEAR LINEAR</Name_array><technique_common><accessor source="#jnt_left_foot-Interpolations-array" count="25"><param type="name"/></accessor></technique_common></source><sampler id="jnt_left_foot-Matrix-animation-transform"><input semantic="INPUT" source="#jnt_left_foot-Matrix-animation-input"/><input semantic="OUTPUT" source="#jnt_left_foot-Matrix-animation-output-transform"/><input semantic="INTERPOLATION" source="#jnt_left_foot-Interpolations"/></sampler><channel source="#jnt_left_foot-Matrix-animation-transform" target="jnt_left_foot/matrix"/></animation></animation>
    <animation id="jnt_left_toebase-anim" name="jnt_left_toebase"><animation><source id="jnt_left_toebase-Matrix-animation-input"><float_array id="jnt_left_toebase-Matrix-animation-input-array" count="25">

0.000000 0.033333 0.066667 0.100000 0.133333 0.166667 0.200000 0.233333 0.266667 0.300000 0.333333 0.366667 0.400000 0.433333 0.466667 0.500000
0.533333 0.566667 0.600000 0.633333 0.666667 0.700000 0.733333 0.766667 0.800000</float_array><technique_common><accessor source="#jnt_left_toebase-Matrix-animation-input-array" count="25"><param name="TIME" type="float"/></accessor></technique_common></source><source id="jnt_left_toebase-Matrix-animation-output-transform"><float_array id="jnt_left_toebase-Matrix-animation-output-transform-array" count="400">

0.918936 -0.394407 0.000000 0.441847 0.394407 0.918936 -0.000000 0.000000 0.000000 0.000000 1.000000 -0.000000 0.000000 0.000000 0.000000 1.000000
0.918936 -0.394407 0.000000 0.441847 0.394407 0.918936 -0.000000 0.000000 0.000000 0.000000 1.000000 -0.000000 0.000000 0.000000 0.000000 1.000000
0.918936 -0.394407 0.000000 0.441847 0.394407 0.918936 -0.000000 0.000000 0.000000 0.000000 1.000000 -0.000000 0.000000 0.000000 0.000000 1.000000
0.918936 -0.394407 0.000000 0.441847 0.394407 0.918936 -0.000000 0.000000 0.000000 0.000000 1.000000 -0.000000 0.000000 0.000000 0.000000 1.000000
0.918936 -0.394407 0.000000 0.441847 0.394407 0.918936 -0.000000 0.000000 0.000000 0.000000 1.000000 -0.000000 0.000000 0.000000 0.000000 1.000000
0.918936 -0.394407 0.000000 0.441847 0.394407 0.918936 -0.000000 0.000000 0.000000 0.000000 1.000000 -0.000000 0.000000 0.000000 0.000000 1.000000
0.918936 -0.394407 0.000000 0.441847 0.394407 0.918936 -0.000000 0.000000 0.000000 0.000000 1.000000 -0.000000 0.000000 0.000000 0.000000 1.000000
0.918936 -0.394407 0.000000 0.441847 0.394407 0.918936 -0.000000 0.000000 0.000000 0.000000 1.000000 -0.000000 0.000000 0.000000 0.000000 1.000000
0.918936 -0.394407 0.000000 0.441847 0.394407 0.918936 -0.000000 0.000000 0.000000 0.000000 1.000000 -0.000000 0.000000 0.000000 0.000000 1.000000
0.918936 -0.394407 0.000000 0.441847 0.394407 0.918936 -0.000000 0.000000 0.000000 0.000000 1.000000 -0.000000 0.000000 0.000000 0.000000 1.000000
0.918936 -0.394407 0.000000 0.441847 0.394407 0.918936 -0.000000 0.000000 0.000000 0.000000 1.000000 -0.000000 0.000000 0.000000 0.000000 1.000000
0.918936 -0.394407 0.000000 0.441847 0.394407 0.918936 -0.000000 0.000000 0.000000 0.000000 1.000000 -0.000000 0.000000 0.000000 0.000000 1.000000
0.918936 -0.394407 0.000000 0.441847 0.394407 0.918936 -0.000000 0.000000 0.000000 0.000000 1.000000 -0.000000 0.000000 0.000000 0.000000 1.000000
0.918936 -0.394407 0.000000 0.441847 0.394407 0.918936 -0.000000 0.000000 0.000000 0.000000 1.000000 -0.000000 0.000000 0.000000 0.000000 1.000000
0.918936 -0.394407 0.000000 0.441847 0.394407 0.918936 -0.000000 0.000000 0.000000 0.000000 1.000000 -0.000000 0.000000 0.000000 0.000000 1.000000
0.918936 -0.394407 0.000000 0.441847 0.394407 0.918936 -0.000000 0.000000 0.000000 0.000000 1.000000 -0.000000 0.000000 0.000000 0.000000 1.000000
0.918936 -0.394407 0.000000 0.441847 0.394407 0.918936 -0.000000 0.000000 0.000000 0.000000 1.000000 -0.000000 0.000000 0.000000 0.000000 1.000000
0.918936 -0.394407 0.000000 0.441847 0.394407 0.918936 -0.000000 0.000000 0.000000 0.000000 1.000000 -0.000000 0.000000 0.000000 0.000000 1.000000
0.918936 -0.394407 0.000000 0.441847 0.394407 0.918936 -0.000000 0.000000 0.000000 0.000000 1.000000 -0.000000 0.000000 0.000000 0.000000 1.000000
0.918936 -0.394407 0.000000 0.441847 0.394407 0.918936 -0.000000 0.000000 0.000000 0.000000 1.000000 -0.000000 0.000000 0.000000 0.000000 1.000000
0.918936 -0.394407 0.000000 0.441847 0.394407 0.918936 -0.000000 0.000000 0.000000 0.000000 1.000000 -0.000000 0.000000 0.000000 0.000000 1.000000
0.918936 -0.394407 0.000000 0.441847 0.394407 0.918936 -0.000000 0.000000 0.000000 0.000000 1.000000 -0.000000 0.000000 0.000000 0.000000 1.000000
0.918936 -0.394407 0.000000 0.441847 0.394407 0.918936 -0.000000 0.000000 0.000000 0.000000 1.000000 -0.000000 0.000000 0.000000 0.000000 1.000000
0.918936 -0.394407 0.000000 0.441847 0.394407 0.918936 -0.000000 0.000000 0.000000 0.000000 1.000000 -0.000000 0.000000 0.000000 0.000000 1.000000
0.918936 -0.394407 0.000000 0.441847 0.394407 0.918936 -0.000000 0.000000 0.000000 0.000000 1.000000 -0.000000 0.000000 0.000000 0.000000 1.000000</float_array><technique_common><accessor source="#jnt_left_toebase-Matrix-animation-output-transform-array" count="25" stride="16"><param type="float4x4"/></accessor></technique_common></source><source id="jnt_left_toebase-Interpolations"><Name_array id="jnt_left_toebase-Interpolations-array" count="25">
 LINEAR LINEAR LINEAR LINEAR LINEAR LINEAR LINEAR LINEAR LINEAR LINEAR LINEAR
LINEAR LINEAR LINEAR LINEAR LINEAR LINEAR LINEAR LINEAR LINEAR LINEAR LINEAR LINEAR
LINEAR LINEAR</Name_array><technique_common><accessor source="#jnt_left_toebase-Interpolations-array" count="25"><param type="name"/></accessor></technique_common></source><sampler id="jnt_left_toebase-Matrix-animation-transform"><input semantic="INPUT" source="#jnt_left_toebase-Matrix-animation-input"/><input semantic="OUTPUT" source="#jnt_left_toebase-Matrix-animation-output-transform"/><input semantic="INTERPOLATION" source="#jnt_left_toebase-Interpolations"/></sampler><channel source="#jnt_left_toebase-Matrix-animation-transform" target="jnt_left_toebase/matrix"/></animation></animation>
    <animation id="jnt_left_toeend-anim" name="jnt_left_toeend"><animation><source id="jnt_left_toeend-Matrix-animation-input"><float_array id="jnt_left_toeend-Matrix-animation-input-array" count="25">

0.000000 0.033333 0.066667 0.100000 0.133333 0.166667 0.200000 0.233333 0.266667 0.300000 0.333333 0.366667 0.400000 0.433333 0.466667 0.500000
0.533333 0.566667 0.600000 0.633333 0.666667 0.700000 0.733333 0.766667 0.800000</float_array><technique_common><accessor source="#jnt_left_toeend-Matrix-animation-input-array" count="25"><param name="TIME" type="float"/></accessor></technique_common></source><source id="jnt_left_toeend-Matrix-animation-output-transform"><float_array id="jnt_left_toeend-Matrix-animation-output-transform-array" count="400">

1.000000 -0.000001 -0.000000 0.379397 0.000001 1.000000 -0.000000 -0.000000 0.000000 0.000000 1.000000 -0.000000 0.000000 0.000000 0.000000 1.000000
1.000000 -0.000001 -0.000000 0.379397 0.000001 1.000000 -0.000000 -0.000000 0.000000 0.000000 1.000000 -0.000000 0.000000 0.000000 0.000000 1.000000
1.000000 -0.000001 -0.000000 0.379397 0.000001 1.000000 -0.000000 -0.000000 0.000000 0.000000 1.000000 -0.000000 0.000000 0.000000 0.000000 1.000000
1.000000 -0.000001 -0.000000 0.379397 0.000001 1.000000 -0.000000 -0.000000 0.000000 0.000000 1.000000 -0.000000 0.000000 0.000000 0.000000 1.000000
1.000000 -0.000001 -0.000000 0.379397 0.000001 1.000000 -0.000000 -0.000000 0.000000 0.000000 1.000000 -0.000000 0.000000 0.000000 0.000000 1.000000
1.000000 -0.000001 -0.000000 0.379397 0.000001 1.000000 -0.000000 -0.000000 0.000000 0.000000 1.000000 -0.000000 0.000000 0.000000 0.000000 1.000000
1.000000 -0.000001 -0.000000 0.379397 0.000001 1.000000 -0.000000 -0.000000 0.000000 0.000000 1.000000 -0.000000 0.000000 0.000000 0.000000 1.000000
1.000000 -0.000001 -0.000000 0.379397 0.000001 1.000000 -0.000000 -0.000000 0.000000 0.000000 1.000000 -0.000000 0.000000 0.000000 0.000000 1.000000
1.000000 -0.000001 -0.000000 0.379397 0.000001 1.000000 -0.000000 -0.000000 0.000000 0.000000 1.000000 -0.000000 0.000000 0.000000 0.000000 1.000000
1.000000 -0.000001 -0.000000 0.379397 0.000001 1.000000 -0.000000 -0.000000 0.000000 0.000000 1.000000 -0.000000 0.000000 0.000000 0.000000 1.000000
1.000000 -0.000001 -0.000000 0.379397 0.000001 1.000000 -0.000000 -0.000000 0.000000 0.000000 1.000000 -0.000000 0.000000 0.000000 0.000000 1.000000
1.000000 -0.000001 -0.000000 0.379397 0.000001 1.000000 -0.000000 -0.000000 0.000000 0.000000 1.000000 -0.000000 0.000000 0.000000 0.000000 1.000000
1.000000 -0.000001 -0.000000 0.379397 0.000001 1.000000 -0.000000 -0.000000 0.000000 0.000000 1.000000 -0.000000 0.000000 0.000000 0.000000 1.000000
1.000000 -0.000001 -0.000000 0.379397 0.000001 1.000000 -0.000000 -0.000000 0.000000 0.000000 1.000000 -0.000000 0.000000 0.000000 0.000000 1.000000
1.000000 -0.000001 -0.000000 0.379397 0.000001 1.000000 -0.000000 -0.000000 0.000000 0.000000 1.000000 -0.000000 0.000000 0.000000 0.000000 1.000000
1.000000 -0.000001 -0.000000 0.379397 0.000001 1.000000 -0.000000 -0.000000 0.000000 0.000000 1.000000 -0.000000 0.000000 0.000000 0.000000 1.000000
1.000000 -0.000001 -0.000000 0.379397 0.000001 1.000000 -0.000000 -0.000000 0.000000 0.000000 1.000000 -0.000000 0.000000 0.000000 0.000000 1.000000
1.000000 -0.000001 -0.000000 0.379397 0.000001 1.000000 -0.000000 -0.000000 0.000000 0.000000 1.000000 -0.000000 0.000000 0.000000 0.000000 1.000000
1.000000 -0.000001 -0.000000 0.379397 0.000001 1.000000 -0.000000 -0.000000 0.000000 0.000000 1.000000 -0.000000 0.000000 0.000000 0.000000 1.000000
1.000000 -0.000001 -0.000000 0.379397 0.000001 1.000000 -0.000000 -0.000000 0.000000 0.000000 1.000000 -0.000000 0.000000 0.000000 0.000000 1.000000
1.000000 -0.000001 -0.000000 0.379397 0.000001 1.000000 -0.000000 -0.000000 0.000000 0.000000 1.000000 -0.000000 0.000000 0.000000 0.000000 1.000000
1.000000 -0.000001 -0.000000 0.379397 0.000001 1.000000 -0.000000 -0.000000 0.000000 0.000000 1.000000 -0.000000 0.000000 0.000000 0.000000 1.000000
1.000000 -0.000001 -0.000000 0.379397 0.000001 1.000000 -0.000000 -0.000000 0.000000 0.000000 1.000000 -0.000000 0.000000 0.000000 0.000000 1.000000
1.000000 -0.000001 -0.000000 0.379397 0.000001 1.000000 -0.000000 -0.000000 0.000000 0.000000 1.000000 -0.000000 0.000000 0.000000 0.000000 1.000000
1.000000 -0.000001 -0.000000 0.379397 0.000001 1.000000 -0.000000 -0.000000 0.000000 0.000000 1.000000 -0.000000 0.000000 0.000000 0.000000 1.000000</float_array><technique_common><accessor source="#jnt_left_toeend-Matrix-animation-output-transform-array" count="25" stride="16"><param type="float4x4"/></accessor></technique_common></source><source id="jnt_left_toeend-Interpolations"><Name_array id="jnt_left_toeend-Interpolations-array" count="25">
 LINEAR LINEAR LINEAR LINEAR LINEAR LINEAR LINEAR LINEAR LINEAR LINEAR LINEAR
LINEAR LINEAR LINEAR LINEAR LINEAR LINEAR LINEAR LINEAR LINEAR LINEAR LINEAR LINEAR
LINEAR LINEAR</Name_array><technique_common><accessor source="#jnt_left_toeend-Interpolations-array" count="25"><param type="name"/></accessor></technique_common></source><sampler id="jnt_left_toeend-Matrix-animation-transform"><input semantic="INPUT" source="#jnt_left_toeend-Matrix-animation-input"/><input semantic="OUTPUT" source="#jnt_left_toeend-Matrix-animation-output-transform"/><input semantic="INTERPOLATION" source="#jnt_left_toeend-Interpolations"/></sampler><channel source="#jnt_left_toeend-Matrix-animation-transform" target="jnt_left_toeend/matrix"/></animation></animation>
  </library_animations>
  <library_visual_scenes>
    <visual_scene id="Scene" name="Scene">
      <node name="Armature" id="Armature" sid="Armature"><matrix sid="matrix">-0.713088 0.136287 -0.687699 -0.888242 -0.692789 0.013380 0.721016 1.700590 0.107467 0.990579 0.084877 -0.500148 0.000000 0.000000 0.000000 1.000000</matrix><extra><technique profile="FCOLLADA"><visibility>1.000000</visibility></technique></extra><node name="jnt_weapon" id="jnt_weapon" sid="jnt_weapon" type="JOINT"><matrix sid="matrix">1.000000 -0.000000 -0.000000 0.000000 0.000000 -0.000000 -1.000000 0.000000 0.000000 1.000000 -0.000000 0.000000 0.000000 0.000000 0.000000 1.000000</matrix><extra><technique profile="FCOLLADA"><visibility>1.000000</visibility></technique></extra><node name="jnt_bino" id="jnt_bino" sid="jnt_bino" type="JOINT"><matrix sid="matrix">1.000000 -0.000000 -0.000000 0.000000 0.000000 1.000000 0.000000 0.000000 0.000000 0.000000 1.000000 0.000000 0.000000 0.000000 0.000000 1.000000</matrix><extra><technique profile="FCOLLADA"><visibility>1.000000</visibility></technique></extra></node><node name="pejnt_barrel" id="pejnt_barrel" sid="pejnt_barrel" type="JOINT"><matrix sid="matrix">1.000000 -0.000000 -0.000000 0.000000 0.000000 1.000000 0.000000 0.000000 0.000000 0.000000 1.000000 0.600000 0.000000 0.000000 0.000000 1.000000</matrix><extra><technique profile="FCOLLADA"><visibility>1.000000</visibility></technique></extra></node></node></node>
      <node name="Character" id="Character" sid="Character"><matrix sid="matrix">1.000000 0.000000 0.000000 0.000000 0.000000 1.000000 -0.000000 0.000000 0.000000 0.000000 1.000000 0.000000 0.000000 0.000000 0.000000 1.000000</matrix><extra><technique profile="FCOLLADA"><visibility>1.000000</visibility></technique></extra><node name="HIK_root_jnt" id="HIK_root_jnt" sid="HIK_root_jnt" type="JOINT"><matrix sid="matrix">1.000000 0.000000 0.000000 0.000000 0.000000 1.000000 -0.000000 0.000000 0.000000 0.000000 1.000000 0.000000 0.000000 0.000000 0.000000 1.000000</matrix><extra><technique profile="FCOLLADA"><visibility>1.000000</visibility></technique></extra></node><node name="root_jnt" id="root_jnt" sid="root_jnt" type="JOINT"><matrix sid="matrix">1.000000 0.000000 0.000000 0.000000 0.000000 1.000000 -0.000000 0.000000 0.000000 0.000000 1.000000 0.000000 0.000000 0.000000 0.000000 1.000000</matrix><extra><technique profile="FCOLLADA"><visibility>1.000000</visibility></technique></extra><node name="jnt_hips" id="jnt_hips" sid="jnt_hips" type="JOINT"><matrix sid="matrix">1.000000 0.000000 0.000000 0.000000 -0.000000 0.999997 -0.002456 2.061423 -0.000000 0.002456 0.999997 -0.094053 0.000000 0.000000 0.000000 1.000000</matrix><extra><technique profile="FCOLLADA"><visibility>1.000000</visibility></technique></extra><node name="jnt_height" id="jnt_height" sid="jnt_height" type="JOINT"><matrix sid="matrix">1.000000 0.000000 0.000000 -0.000000 -0.000000 0.999997 -0.002456 -0.000000 -0.000000 0.002456 0.999997 0.000000 0.000000 0.000000 0.000000 1.000000</matrix><extra><technique profile="FCOLLADA"><visibility>1.000000</visibility></technique></extra><node name="jnt_spine1" id="jnt_spine1" sid="jnt_spine1" type="JOINT"><matrix sid="matrix">0.000000 0.000000 1.000000 0.000000 0.999914 -0.013155 -0.000000 0.212132 0.013155 0.999914 -0.000000 0.023482 0.000000 0.000000 0.000000 1.000000</matrix><extra><technique profile="FCOLLADA"><visibility>1.000000</visibility></technique></extra><node name="jnt_spine2" id="jnt_spine2" sid="jnt_spine2" type="JOINT"><matrix sid="matrix">0.998580 0.053271 -0.000000 0.426848 -0.053271 0.998580 -0.000000 0.000003 0.000000 0.000000 1.000000 -0.000000 0.000000 0.000000 0.000000 1.000000</matrix><extra><technique profile="FCOLLADA"><visibility>1.000000</visibility></technique></extra><node name="jnt_spine3" id="jnt_spine3" sid="jnt_spine3" type="JOINT"><matrix sid="matrix">0.997528 0.070262 -0.000000 0.555067 -0.070262 0.997528 -0.000000 0.000000 0.000000 0.000000 1.000000 -0.000000 0.000000 0.000000 0.000000 1.000000</matrix><extra><technique profile="FCOLLADA"><visibility>1.000000</visibility></technique></extra><node name="jnt_neck" id="jnt_neck" sid="jnt_neck" type="JOINT"><matrix sid="matrix">0.999409 -0.034365 -0.000000 0.867450 0.034365 0.999409 -0.000000 0.171573 0.000000 0.000000 1.000000 -0.000000 0.000000 0.000000 0.000000 1.000000</matrix><extra><technique profile="FCOLLADA"><visibility>1.000000</visibility></technique></extra><node name="jnt_head" id="jnt_head" sid="jnt_head" type="JOINT"><matrix sid="matrix">0.999537 -0.030417 -0.000001 0.273591 0.030417 0.999537 0.000000 0.000002 0.000001 -0.000000 1.000000 -0.000000 0.000000 0.000000 0.000000 1.000000</matrix><extra><technique profile="FCOLLADA"><visibility>1.000000</visibility></technique></extra><node name="jnt_headappend" id="jnt_headappend" sid="jnt_headappend" type="JOINT"><matrix sid="matrix">1.000000 0.000000 -0.000000 0.000000 -0.000000 1.000000 0.000000 0.000000 0.000000 -0.000000 1.000000 -0.000000 0.000000 0.000000 0.000000 1.000000</matrix><extra><technique profile="FCOLLADA"><visibility>1.000000</visibility></technique></extra></node></node></node><node name="jnt_left_armroot" id="jnt_left_armroot" sid="jnt_left_armroot" type="JOINT"><matrix sid="matrix">1.000000 -0.000004 -0.000000 0.000000 0.000004 1.000000 -0.000000 0.000000 0.000000 0.000000 1.000000 -0.000000 0.000000 0.000000 0.000000 1.000000</matrix><extra><technique profile="FCOLLADA"><visibility>1.000000</visibility></technique></extra><node name="jnt_left_shoulder" id="jnt_left_shoulder" sid="jnt_left_shoulder" type="JOINT"><matrix sid="matrix">-0.019289 0.092831 -0.995495 0.337657 0.352002 -0.931301 -0.093665 0.082785 -0.935800 -0.352223 -0.014713 0.166187 0.000000 0.000000 0.000000 1.000000</matrix><extra><technique profile="FCOLLADA"><visibility>1.000000</visibility></technique></extra><node name="jnt_left_arm" id="jnt_left_arm" sid="jnt_left_arm" type="JOINT"><matrix sid="matrix">0.736815 -0.536427 0.411522 -0.525417 0.101659 0.689656 0.716965 -0.032447 -0.668409 -0.486435 0.562681 0.009491 0.000000 0.000000 0.000000 1.000000</matrix><extra><technique profile="FCOLLADA"><visibility>1.000000</visibility></technique></extra><node name="jnt_left_armroll" id="jnt_left_armroll" sid="jnt_left_armroll" type="JOINT"><matrix sid="matrix">1.000000 -0.000000 -0.000000 -0.421995 0.000000 1.000000 -0.000000 0.000002 0.000000 0.000000 1.000000 -0.000003 0.000000 0.000000 0.000000 1.000000</matrix><extra><technique profile="FCOLLADA"><visibility>1.000000</visibility></technique></extra></node><node name="jnt_left_forearm" id="jnt_left_forearm" sid="jnt_left_forearm" type="JOINT"><matrix sid="matrix">-0.140953 -0.986881 0.078716 -0.843981 0.989716 -0.142422 -0.013351 0.000001 0.024387 0.076025 0.996808 0.000004 0.000000 0.000000 0.000000 1.000000</matrix><extra><technique profile="FCOLLADA"><visibility>1.000000</visibility></technique></extra><node name="jnt_left_forearmroll" id="jnt_left_forearmroll" sid="jnt_left_forearmroll" type="JOINT"><matrix sid="matrix">1.000000 0.000001 -0.000000 -0.487001 -0.000001 1.000000 -0.000000 -0.000001 0.000000 0.000000 1.000000 -0.000004 0.000000 0.000000 0.000000 1.000000</matrix><extra><technique profile="FCOLLADA"><visibility>1.000000</visibility></technique></extra></node><node name="jnt_left_hand" id="jnt_left_hand" sid="jnt_left_hand" type="JOINT"><matrix sid="matrix">0.934593 -0.355634 0.007687 -0.975262 0.353096 0.924875 -0.141174 -0.000001 0.043097 0.134655 0.989955 -0.000000 0.000000 0.000000 0.000000 1.000000</matrix><extra><technique profile="FCOLLADA"><visibility>1.000000</visibility></technique></extra><node name="jnt_left_handthumb1" id="jnt_left_handthumb1" sid="jnt_left_handthumb1" type="JOINT"><matrix sid="matrix">0.732148 -0.544609 0.409097 -0.060229 0.321053 0.805619 0.497899 -0.203939 -0.600736 -0.233195 0.764681 0.155678 0.000000 0.000000 0.000000 1.000000</matrix><extra><technique profile="FCOLLADA"><visibility>1.000000</visibility></technique></extra><node name="jnt_left_handthumb2" id="jnt_left_handthumb2" sid="jnt_left_handthumb2" type="JOINT"><matrix sid="matrix">0.980418 0.196925 -0.000001 -0.213227 -0.196925 0.980418 -0.000003 -0.000002 -0.000000 0.000003 1.000000 0.000004 0.000000 0.000000 0.000000 1.000000</matrix><extra><technique profile="FCOLLADA"><visibility>1.000000</visibility></technique></extra><node name="jnt_left_handthumb3" id="jnt_left_handthumb3" sid="jnt_left_handthumb3" type="JOINT"><matrix sid="matrix">0.991081 0.133259 -0.000001 -0.141879 -0.133259 0.991081 -0.000003 0.000003 0.000001 0.000003 1.000000 -0.000027 0.000000 0.000000 0.000000 1.000000</matrix><extra><technique profile="FCOLLADA"><visibility>1.000000</visibility></technique></extra><node name="jnt_left_handthumb4" id="jnt_left_handthumb4" sid="jnt_left_handthumb4" type="JOINT"><matrix sid="matrix">1.000000 -0.000000 0.000000 -0.122601 0.000000 1.000000 0.000000 -0.000006 -0.000000 -0.000000 1.000000 0.000005 0.000000 0.000000 0.000000 1.000000</matrix><extra><technique profile="FCOLLADA"><visibility>1.000000</visibility></technique></extra></node></node></node></node><node name="jnt_left_handindex1" id="jnt_left_handindex1" sid="jnt_left_handindex1" type="JOINT"><matrix sid="matrix">0.733507 0.676756 0.062996 -0.494375 0.045462 0.043627 -0.998013 -0.203977 -0.678159 0.734914 0.001234 -0.029847 0.000000 0.000000 0.000000 1.000000</matrix><extra><technique profile="FCOLLADA"><visibility>1.000000</visibility></technique></extra><node name="jnt_left_handindex2" id="jnt_left_handindex2" sid="jnt_left_handindex2" type="JOINT"><matrix sid="matrix">0.949193 0.314694 -0.000000 -0.145432 -0.314694 0.949193 -0.000000 0.001125 0.000000 0.000001 1.000000 0.000040 0.000000 0.000000 0.000000 1.000000</matrix><extra><technique profile="FCOLLADA"><visibility>1.000000</visibility></technique></extra><node name="jnt_left_handindex3" id="jnt_left_handindex3" sid="jnt_left_handindex3" type="JOINT"><matrix sid="matrix">0.988935 0.148348 -0.000000 -0.093752 -0.148348 0.988935 0.000001 0.000003 0.000000 -0.000001 1.000000 -0.000000 0.000000 0.000000 0.000000 1.000000</matrix><extra><technique profile="FCOLLADA"><visibility>1.000000</visibility></technique></extra><node name="jnt_left_handindex4" id="jnt_left_handindex4" sid="jnt_left_handindex4" type="JOINT"><matrix sid="matrix">1.000000 0.000000 -0.000000 -0.107084 -0.000000 1.000000 -0.000000 0.000049 0.000000 0.000000 1.000000 -0.001504 0.000000 0.000000 0.000000 1.000000</matrix><extra><technique profile="FCOLLADA"><visibility>1.000000</visibility></technique></extra></node></node></node></node><node name="jnt_left_weapon" id="jnt_left_weapon" sid="jnt_left_weapon" type="JOINT"><matrix sid="matrix">-0.068652 -0.108939 -0.991679 -0.369354 0.108715 -0.988918 0.101111 -0.054074 -0.991705 -0.100868 0.079734 0.296616 0.000000 0.000000 0.000000 1.000000</matrix><extra><technique profile="FCOLLADA"><visibility>1.000000</visibility></technique></extra></node><node name="jnt_left_handmiddle1" id="jnt_left_handmiddle1" sid="jnt_left_handmiddle1" type="JOINT"><matrix sid="matrix">0.674457 0.738239 0.010551 -0.489248 0.070583 -0.050246 -0.996240 -0.062065 -0.734933 0.672666 -0.085995 -0.036308 0.000000 0.000000 0.000000 1.000000</matrix><extra><technique profile="FCOLLADA"><visibility>1.000000</visibility></technique></extra><node name="jnt_left_handmiddle2" id="jnt_left_handmiddle2" sid="jnt_left_handmiddle2" type="JOINT"><matrix sid="matrix">0.928005 0.372568 -0.000000 -0.176688 -0.372568 0.928005 0.000000 0.000003 0.000000 -0.000000 1.000000 0.000001 0.000000 0.000000 0.000000 1.000000</matrix><extra><technique profile="FCOLLADA"><visibility>1.000000</visibility></technique></extra><node name="jnt_left_handmiddle3" id="jnt_left_handmiddle3" sid="jnt_left_handmiddle3" type="JOINT"><matrix sid="matrix">0.987143 0.159841 0.000000 -0.108367 -0.159841 0.987143 0.000000 0.000001 -0.000000 -0.000000 1.000000 -0.000001 0.000000 0.000000 0.000000 1.000000</matrix><extra><technique profile="FCOLLADA"><visibility>1.000000</visibility></technique></extra><node name="jnt_left_handmiddle4" id="jnt_left_handmiddle4" sid="jnt_left_handmiddle4" type="JOINT"><matrix sid="matrix">1.000000 -0.000000 -0.000000 -0.119193 0.000000 1.000000 0.000000 -0.000107 0.000000 -0.000000 1.000000 0.000005 0.000000 0.000000 0.000000 1.000000</matrix><extra><technique profile="FCOLLADA"><visibility>1.000000</visibility></technique></extra></node></node></node></node><node name="jnt_left_handring1" id="jnt_left_handring1" sid="jnt_left_handring1" type="JOINT"><matrix sid="matrix">0.677455 0.722406 -0.138508 -0.469963 0.025350 -0.211120 -0.977132 0.076796 -0.735127 0.658452 -0.161338 -0.036647 0.000000 0.000000 0.000000 1.000000</matrix><extra><technique profile="FCOLLADA"><visibility>1.000000</visibility></technique></extra><node name="jnt_left_handring2" id="jnt_left_handring2" sid="jnt_left_handring2" type="JOINT"><matrix sid="matrix">0.920576 0.390563 0.000000 -0.184233 -0.390563 0.920576 -0.000001 -0.000002 -0.000001 0.000001 1.000000 -0.000001 0.000000 0.000000 0.000000 1.000000</matrix><extra><technique profile="FCOLLADA"><visibility>1.000000</visibility></technique></extra><node name="jnt_left_handring3" id="jnt_left_handring3" sid="jnt_left_handring3" type="JOINT"><matrix sid="matrix">0.986698 0.162562 0.000000 -0.103958 -0.162562 0.986698 0.000001 0.000003 0.000000 -0.000001 1.000000 0.000000 0.000000 0.000000 0.000000 1.000000</matrix><extra><technique profile="FCOLLADA"><visibility>1.000000</visibility></technique></extra><node name="jnt_left_handring4" id="jnt_left_handring4" sid="jnt_left_handring4" type="JOINT"><matrix sid="matrix">1.000000 0.000000 0.000000 -0.120246 -0.000000 1.000000 0.000000 -0.000105 -0.000000 -0.000000 1.000000 0.000017 0.000000 0.000000 0.000000 1.000000</matrix><extra><technique profile="FCOLLADA"><visibility>1.000000</visibility></technique></extra></node></node></node></node><node name="jnt_left_handpinky1" id="jnt_left_handpinky1" sid="jnt_left_handpinky1" type="JOINT"><matrix sid="matrix">0.746484 0.664216 -0.039728 -0.407612 0.063818 -0.130897 -0.989340 0.208155 -0.662336 0.735991 -0.140101 0.012223 0.000000 0.000000 0.000000 1.000000</matrix><extra><technique profile="FCOLLADA"><visibility>1.000000</visibility></technique></extra><node name="jnt_left_handpinky2" id="jnt_left_handpinky2" sid="jnt_left_handpinky2" type="JOINT"><matrix sid="matrix">0.947856 0.318698 0.000001 -0.148503 -0.318698 0.947856 -0.000000 0.000001 -0.000001 0.000000 1.000000 -0.000001 0.000000 0.000000 0.000000 1.000000</matrix><extra><technique profile="FCOLLADA"><visibility>1.000000</visibility></technique></extra><node name="jnt_left_handpinky3" id="jnt_left_handpinky3" sid="jnt_left_handpinky3" type="JOINT"><matrix sid="matrix">0.997101 0.076084 -0.000000 -0.075474 -0.076084 0.997101 -0.000001 0.000002 0.000000 0.000001 1.000000 -0.000001 0.000000 0.000000 0.000000 1.000000</matrix><extra><technique profile="FCOLLADA"><visibility>1.000000</visibility></technique></extra><node name="jnt_left_handpinky4" id="jnt_left_handpinky4" sid="jnt_left_handpinky4" type="JOINT"><matrix sid="matrix">1.000000 0.000000 -0.000000 -0.101158 -0.000000 1.000000 -0.000000 -0.000003 0.000000 0.000000 1.000000 0.000000 0.000000 0.000000 0.000000 1.000000</matrix><extra><technique profile="FCOLLADA"><visibility>1.000000</visibility></technique></extra></node></node></node></node></node></node></node></node></node><node name="jnt_right_armroot" id="jnt_right_armroot" sid="jnt_right_armroot" type="JOINT"><matrix sid="matrix">1.000000 -0.000004 -0.000000 0.000000 0.000004 1.000000 -0.000000 0.000000 0.000000 0.000000 1.000000 -0.000000 0.000000 0.000000 0.000000 1.000000</matrix><extra><technique profile="FCOLLADA"><visibility>1.000000</visibility></technique></extra><node name="jnt_right_shoulder" id="jnt_right_shoulder" sid="jnt_right_shoulder" type="JOINT"><matrix sid="matrix">0.019288 -0.092831 0.995495 0.635987 -0.352003 0.931300 0.093665 0.114390 -0.935800 -0.352224 -0.014713 -0.266187 0.000000 0.000000 0.000000 1.000000</matrix><extra><technique profile="FCOLLADA"><visibility>1.000000</visibility></technique></extra><node name="jnt_right_arm" id="jnt_right_arm" sid="jnt_right_arm" type="JOINT"><matrix sid="matrix">0.358667 -0.498004 0.789524 0.525417 -0.774483 0.313393 0.549510 0.032447 -0.521090 -0.808564 -0.273292 -0.009491 0.000000 0.000000 0.000000 1.000000</matrix><extra><technique profile="FCOLLADA"><visibility>1.000000</visibility></technique></extra><node name="jnt_right_armroll" id="jnt_right_armroll" sid="jnt_right_armroll" type="JOINT"><matrix sid="matrix">1.000000 0.000000 -0.000000 0.421995 -0.000000 1.000000 -0.000000 -0.000002 0.000000 0.000000 1.000000 0.000004 0.000000 0.000000 0.000000 1.000000</matrix><extra><technique profile="FCOLLADA"><visibility>1.000000</visibility></technique></extra></node><node name="jnt_right_forearm" id="jnt_right_forearm" sid="jnt_right_forearm" type="JOINT"><matrix sid="matrix">0.146861 -0.934532 -0.324161 0.843981 0.845004 0.288887 -0.450014 -0.000002 0.514199 -0.207828 0.832110 -0.000003 0.000000 0.000000 0.000000 1.000000</matrix><extra><technique profile="FCOLLADA"><visibility>1.000000</visibility></technique></extra><node name="jnt_right_forearmroll" id="jnt_right_forearmroll" sid="jnt_right_forearmroll" type="JOINT"><matrix sid="matrix">1.000000 0.000001 0.000000 0.487001 -0.000001 1.000000 -0.000000 -0.000000 -0.000000 0.000000 1.000000 0.000004 0.000000 0.000000 0.000000 1.000000</matrix><extra><technique profile="FCOLLADA"><visibility>1.000000</visibility></technique></extra></node><node name="jnt_right_hand" id="jnt_right_hand" sid="jnt_right_hand" type="JOINT"><matrix sid="matrix">0.806382 0.547609 -0.223322 0.975261 -0.571763 0.818381 -0.057789 -0.000001 0.151117 0.174287 0.973030 0.000003 0.000000 0.000000 0.000000 1.000000</matrix><extra><technique profile="FCOLLADA"><visibility>1.000000</visibility></technique></extra><node name="jnt_right_handthumb1" id="jnt_right_handthumb1" sid="jnt_right_handthumb1" type="JOINT"><matrix sid="matrix">0.704754 -0.701223 0.107739 0.060226 0.151103 0.296740 0.942928 0.203939 -0.693174 -0.648253 0.315085 -0.155682 0.000000 0.000000 0.000000 1.000000</matrix><extra><technique profile="FCOLLADA"><visibility>1.000000</visibility></technique></extra><node name="jnt_right_handthumb2" id="jnt_right_handthumb2" sid="jnt_right_handthumb2" type="JOINT"><matrix sid="matrix">0.972001 0.234977 -0.000001 0.213224 -0.234977 0.972001 -0.000003 -0.000001 -0.000000 0.000004 1.000000 -0.000000 0.000000 0.000000 0.000000 1.000000</matrix><extra><technique profile="FCOLLADA"><visibility>1.000000</visibility></technique></extra><node name="jnt_right_handthumb3" id="jnt_right_handthumb3" sid="jnt_right_handthumb3" type="JOINT"><matrix sid="matrix">0.985135 0.171780 0.000001 0.141883 -0.171780 0.985135 0.000006 -0.000000 -0.000000 -0.000006 1.000000 0.000023 0.000000 0.000000 0.000000 1.000000</matrix><extra><technique profile="FCOLLADA"><visibility>1.000000</visibility></technique></extra><node name="jnt_right_handthumb4" id="jnt_right_handthumb4" sid="jnt_right_handthumb4" type="JOINT"><matrix sid="matrix">1.000000 -0.000002 -0.000000 0.122606 0.000002 1.000000 -0.000000 0.000001 0.000000 0.000000 1.000000 0.000000 0.000000 0.000000 0.000000 1.000000</matrix><extra><technique profile="FCOLLADA"><visibility>1.000000</visibility></technique></extra></node></node></node></node><node name="jnt_right_handindex1" id="jnt_right_handindex1" sid="jnt_right_handindex1" type="JOINT"><matrix sid="matrix">0.842519 0.520136 0.140073 0.494373 0.138857 0.041535 -0.989441 0.203977 -0.520462 0.853073 -0.037230 0.029845 0.000000 0.000000 0.000000 1.000000</matrix><extra><technique profile="FCOLLADA"><visibility>1.000000</visibility></technique></extra><node name="jnt_right_handindex2" id="jnt_right_handindex2" sid="jnt_right_handindex2" type="JOINT"><matrix sid="matrix">0.992374 0.123264 -0.000000 0.145440 -0.123264 0.992374 -0.000000 -0.001121 0.000000 0.000000 1.000000 -0.000039 0.000000 0.000000 0.000000 1.000000</matrix><extra><technique profile="FCOLLADA"><visibility>1.000000</visibility></technique></extra><node name="jnt_right_handindex3" id="jnt_right_handindex3" sid="jnt_right_handindex3" type="JOINT"><matrix sid="matrix">0.955955 0.293513 -0.000000 0.093746 -0.293513 0.955955 0.000000 0.000000 0.000000 -0.000000 1.000000 0.000000 0.000000 0.000000 0.000000 1.000000</matrix><extra><technique profile="FCOLLADA"><visibility>1.000000</visibility></technique></extra><node name="jnt_right_handindex4" id="jnt_right_handindex4" sid="jnt_right_handindex4" type="JOINT"><matrix sid="matrix">1.000000 -0.000000 0.000000 0.107088 0.000000 1.000000 -0.000000 -0.000052 -0.000000 0.000000 1.000000 0.001503 0.000000 0.000000 0.000000 1.000000</matrix><extra><technique profile="FCOLLADA"><visibility>1.000000</visibility></technique></extra></node></node></node></node><node name="jnt_right_weapon" id="jnt_right_weapon" sid="jnt_right_weapon" type="JOINT"><matrix sid="matrix">0.927838 -0.305646 0.213772 0.692213 0.204276 -0.063123 -0.976876 0.160680 0.312072 0.950051 0.003868 -0.485794 0.000000 0.000000 0.000000 1.000000</matrix><extra><technique profile="FCOLLADA"><visibility>1.000000</visibility></technique></extra></node><node name="jnt_right_handmiddle1" id="jnt_right_handmiddle1" sid="jnt_right_handmiddle1" type="JOINT"><matrix sid="matrix">0.759962 0.649966 -0.001409 0.489245 0.035941 -0.044187 -0.998376 0.062066 -0.648973 0.758677 -0.056941 0.036302 0.000000 0.000000 0.000000 1.000000</matrix><extra><technique profile="FCOLLADA"><visibility>1.000000</visibility></technique></extra><node name="jnt_right_handmiddle2" id="jnt_right_handmiddle2" sid="jnt_right_handmiddle2" type="JOINT"><matrix sid="matrix">0.966827 0.255432 -0.000000 0.176685 -0.255432 0.966827 -0.000000 0.000000 0.000000 0.000000 1.000000 0.000000 0.000000 0.000000 0.000000 1.000000</matrix><extra><technique profile="FCOLLADA"><visibility>1.000000</visibility></technique></extra><node name="jnt_right_handmiddle3" id="jnt_right_handmiddle3" sid="jnt_right_handmiddle3" type="JOINT"><matrix sid="matrix">0.999313 0.037052 -0.000000 0.108374 -0.037052 0.999313 0.000000 0.000000 0.000000 -0.000000 1.000000 -0.000000 0.000000 0.000000 0.000000 1.000000</matrix><extra><technique profile="FCOLLADA"><visibility>1.000000</visibility></technique></extra><node name="jnt_right_handmiddle4" id="jnt_right_handmiddle4" sid="jnt_right_handmiddle4" type="JOINT"><matrix sid="matrix">1.000000 0.000000 -0.000000 0.119191 -0.000000 1.000000 -0.000000 0.000105 0.000000 0.000000 1.000000 -0.000005 0.000000 0.000000 0.000000 1.000000</matrix><extra><technique profile="FCOLLADA"><visibility>1.000000</visibility></technique></extra></node></node></node></node><node name="jnt_right_handring1" id="jnt_right_handring1" sid="jnt_right_handring1" type="JOINT"><matrix sid="matrix">0.752478 0.631752 -0.186186 0.469962 -0.076832 -0.196562 -0.977476 -0.076798 -0.654120 0.749835 -0.099370 0.036646 0.000000 0.000000 0.000000 1.000000</matrix><extra><technique profile="FCOLLADA"><visibility>1.000000</visibility></technique></extra><node name="jnt_right_handring2" id="jnt_right_handring2" sid="jnt_right_handring2" type="JOINT"><matrix sid="matrix">0.963338 0.268290 -0.000001 0.184241 -0.268290 0.963338 -0.000001 0.000000 0.000000 0.000001 1.000000 -0.000000 0.000000 0.000000 0.000000 1.000000</matrix><extra><technique profile="FCOLLADA"><visibility>1.000000</visibility></technique></extra><node name="jnt_right_handring3" id="jnt_right_handring3" sid="jnt_right_handring3" type="JOINT"><matrix sid="matrix">0.999434 0.033644 0.000000 0.103951 -0.033644 0.999434 0.000001 0.000001 -0.000000 -0.000001 1.000000 0.000000 0.000000 0.000000 0.000000 1.000000</matrix><extra><technique profile="FCOLLADA"><visibility>1.000000</visibility></technique></extra><node name="jnt_right_handring4" id="jnt_right_handring4" sid="jnt_right_handring4" type="JOINT"><matrix sid="matrix">1.000000 -0.000000 0.000000 0.120247 -0.000000 1.000000 0.000000 0.000103 -0.000000 -0.000000 1.000000 -0.000016 0.000000 0.000000 0.000000 1.000000</matrix><extra><technique profile="FCOLLADA"><visibility>1.000000</visibility></technique></extra></node></node></node></node><node name="jnt_right_handpinky1" id="jnt_right_handpinky1" sid="jnt_right_handpinky1" type="JOINT"><matrix sid="matrix">0.831727 0.550768 -0.069898 0.407608 -0.008275 -0.113587 -0.993494 -0.208155 -0.555124 0.826893 -0.089915 -0.012229 0.000000 0.000000 0.000000 1.000000</matrix><extra><technique profile="FCOLLADA"><visibility>1.000000</visibility></technique></extra><node name="jnt_right_handpinky2" id="jnt_right_handpinky2" sid="jnt_right_handpinky2" type="JOINT"><matrix sid="matrix">0.984237 0.176854 -0.000001 0.148507 -0.176854 0.984237 -0.000001 0.000001 0.000000 0.000001 1.000000 0.000000 0.000000 0.000000 0.000000 1.000000</matrix><extra><technique profile="FCOLLADA"><visibility>1.000000</visibility></technique></extra><node name="jnt_right_handpinky3" id="jnt_right_handpinky3" sid="jnt_right_handpinky3" type="JOINT"><matrix sid="matrix">0.997525 -0.070305 -0.000000 0.075472 0.070305 0.997525 0.000002 -0.000001 -0.000000 -0.000002 1.000000 0.000000 0.000000 0.000000 0.000000 1.000000</matrix><extra><technique profile="FCOLLADA"><visibility>1.000000</visibility></technique></extra><node name="jnt_right_handpinky4" id="jnt_right_handpinky4" sid="jnt_right_handpinky4" type="JOINT"><matrix sid="matrix">1.000000 0.000000 -0.000000 0.101152 -0.000000 1.000000 -0.000000 0.000000 0.000000 0.000000 1.000000 0.000000 0.000000 0.000000 0.000000 1.000000</matrix><extra><technique profile="FCOLLADA"><visibility>1.000000</visibility></technique></extra></node></node></node></node></node></node></node></node></node><node name="jnt_backpack" id="jnt_backpack" sid="jnt_backpack" type="JOINT"><matrix sid="matrix">0.000000 0.995068 -0.099191 0.682545 0.000000 0.099191 0.995068 -0.705658 1.000000 -0.000000 0.000000 -0.000000 0.000000 0.000000 0.000000 1.000000</matrix><extra><technique profile="FCOLLADA"><visibility>1.000000</visibility></technique></extra></node></node></node></node><node name="jnt_camera" id="jnt_camera" sid="jnt_camera" type="JOINT"><matrix sid="matrix">1.000000 -0.000000 -0.000000 0.000000 0.000000 0.999988 0.004911 1.193611 0.000000 -0.004911 0.999988 0.007402 0.000000 0.000000 0.000000 1.000000</matrix><extra><technique profile="FCOLLADA"><visibility>1.000000</visibility></technique></extra></node></node><node name="jnt_right_upleg" id="jnt_right_upleg" sid="jnt_right_upleg" type="JOINT"><matrix sid="matrix">-0.112562 -0.332887 -0.936224 -0.446779 -0.993503 0.053585 0.100396 -0.111214 0.016747 0.941443 -0.336756 0.043020 0.000000 0.000000 0.000000 1.000000</matrix><extra><technique profile="FCOLLADA"><visibility>1.000000</visibility></technique></extra><node name="jnt_right_uplegroll" id="jnt_right_uplegroll" sid="jnt_right_uplegroll" type="JOINT"><matrix sid="matrix">1.000000 -0.000000 0.000000 0.430000 0.000000 1.000000 0.000000 0.000000 -0.000000 -0.000000 1.000000 -0.000000 0.000000 0.000000 0.000000 1.000000</matrix><extra><technique profile="FCOLLADA"><visibility>1.000000</visibility></technique></extra></node><node name="jnt_right_leg" id="jnt_right_leg" sid="jnt_right_leg" type="JOINT"><matrix sid="matrix">0.968055 0.250271 -0.015278 0.860324 -0.240257 0.943301 0.229042 0.000000 0.071735 -0.218055 0.973296 -0.000000 0.000000 0.000000 0.000000 1.000000</matrix><extra><technique profile="FCOLLADA"><visibility>1.000000</visibility></technique></extra><node name="jnt_right_legroll" id="jnt_right_legroll" sid="jnt_right_legroll" type="JOINT"><matrix sid="matrix">1.000000 0.000000 0.000000 0.384000 -0.000000 1.000000 0.000000 -0.000000 -0.000000 -0.000000 1.000000 0.000000 0.000000 0.000000 0.000000 1.000000</matrix><extra><technique profile="FCOLLADA"><visibility>1.000000</visibility></technique></extra></node><node name="jnt_right_foot" id="jnt_right_foot" sid="jnt_right_foot" type="JOINT"><matrix sid="matrix">0.278762 -0.954826 0.102952 0.768144 0.945567 0.291630 0.144415 -0.000001 -0.167916 0.057091 0.984147 0.000000 0.000000 0.000000 0.000000 1.000000</matrix><extra><technique profile="FCOLLADA"><visibility>1.000000</visibility></technique></extra><node name="jnt_right_toebase" id="jnt_right_toebase" sid="jnt_right_toebase" type="JOINT"><matrix sid="matrix">0.918936 -0.394407 -0.000000 0.441847 0.394407 0.918936 0.000000 0.000000 0.000000 -0.000000 1.000000 0.000000 0.000000 0.000000 0.000000 1.000000</matrix><extra><technique profile="FCOLLADA"><visibility>1.000000</visibility></technique></extra><node name="jnt_right_toeend" id="jnt_right_toeend" sid="jnt_right_toeend" type="JOINT"><matrix sid="matrix">1.000000 -0.000001 -0.000000 0.379397 0.000001 1.000000 -0.000000 0.000000 0.000000 0.000000 1.000000 0.000000 0.000000 0.000000 0.000000 1.000000</matrix><extra><technique profile="FCOLLADA"><visibility>1.000000</visibility></technique></extra></node></node></node></node></node><node name="jnt_left_upleg" id="jnt_left_upleg" sid="jnt_left_upleg" type="JOINT"><matrix sid="matrix">0.112561 0.332886 -0.936224 0.446779 -0.993504 0.053590 -0.100393 -0.111213 0.016753 0.941443 0.336756 0.043020 0.000000 0.000000 0.000000 1.000000</matrix><extra><technique profile="FCOLLADA"><visibility>1.000000</visibility></technique></extra><node name="jnt_left_uplegroll" id="jnt_left_uplegroll" sid="jnt_left_uplegroll" type="JOINT"><matrix sid="matrix">1.000000 -0.000000 -0.000000 0.430000 0.000000 1.000000 -0.000000 -0.000000 0.000000 0.000000 1.000000 0.000000 0.000000 0.000000 0.000000 1.000000</matrix><extra><technique profile="FCOLLADA"><visibility>1.000000</visibility></technique></extra></node><node name="jnt_left_leg" id="jnt_left_leg" sid="jnt_left_leg" type="JOINT"><matrix sid="matrix">0.968052 0.250285 0.015281 0.860328 -0.240269 0.943297 -0.229044 -0.000000 -0.071741 0.218054 0.973297 0.000001 0.000000 0.000000 0.000000 1.000000</matrix><extra><technique profile="FCOLLADA"><visibility>1.000000</visibility></technique></extra><node name="jnt_left_legroll" id="jnt_left_legroll" sid="jnt_left_legroll" type="JOINT"><matrix sid="matrix">1.000000 0.000000 -0.000000 0.384000 -0.000000 1.000000 -0.000000 0.000000 0.000000 0.000000 1.000000 -0.000000 0.000000 0.000000 0.000000 1.000000</matrix><extra><technique profile="FCOLLADA"><visibility>1.000000</visibility></technique></extra></node><node name="jnt_left_foot" id="jnt_left_foot" sid="jnt_left_foot" type="JOINT"><matrix sid="matrix">0.278754 -0.954828 -0.102953 0.768142 0.945569 0.291622 -0.144416 0.000000 0.167916 -0.057093 0.984147 -0.000001 0.000000 0.000000 0.000000 1.000000</matrix><extra><technique profile="FCOLLADA"><visibility>1.000000</visibility></technique></extra><node name="jnt_left_toebase" id="jnt_left_toebase" sid="jnt_left_toebase" type="JOINT"><matrix sid="matrix">0.918936 -0.394407 0.000000 0.441847 0.394407 0.918936 -0.000000 0.000000 0.000000 0.000000 1.000000 -0.000000 0.000000 0.000000 0.000000 1.000000</matrix><extra><technique profile="FCOLLADA"><visibility>1.000000</visibility></technique></extra><node name="jnt_left_toeend" id="jnt_left_toeend" sid="jnt_left_toeend" type="JOINT"><matrix sid="matrix">1.000000 -0.000001 -0.000000 0.379397 0.000001 1.000000 -0.000000 -0.000000 0.000000 0.000000 1.000000 -0.000000 0.000000 0.000000 0.000000 1.000000</matrix><extra><technique profile="FCOLLADA"><visibility>1.000000</visibility></technique></extra></node></node></node></node></node></node></node></node>
      <extra><technique profile="MAX3D"><frame_rate>60.000000</frame_rate></technique><technique profile="FCOLLADA"><start_time>0.000000</start_time><end_time>1.000000</end_time></technique></extra>
    </visual_scene>
  </library_visual_scenes>
  <scene>
    <instance_visual_scene url="#Scene"></instance_visual_scene>
  </scene>
</COLLADA>
