<?xml version="1.0"?>
<COLLADA xmlns="http://www.collada.org/2005/11/COLLADASchema" version="1.4.1">
 <asset>
  <contributor>
   <author></author>
   <authoring_tool>FBX COLLADA exporter</authoring_tool>
   <comments></comments>
  </contributor>
  <created>2026-09-14T16:36:56Z</created>
  <keywords></keywords>
  <modified>2026-09-14T16:36:56Z</modified>
  <revision></revision>
  <subject></subject>
  <title></title>
  <unit meter="0.010000" name="centimeter"></unit>
  <up_axis>Y_UP</up_axis>
 </asset>
 <library_animations>
  <animation id="Character-anim" name="Character">
   <animation>
    <source id="Character-Matrix-animation-input">
     <float_array id="Character-Matrix-animation-input-array" count="53">

0.000000 0.033333 0.066667 0.100000 0.133333 0.166667 0.200000 0.233333 0.266667 0.300000 0.333333 0.366667 0.400000 0.433333 0.466667 0.500000
0.533333 0.566667 0.600000 0.633333 0.666667 0.700000 0.733333 0.766667 0.800000 0.833333 0.866667 0.900000 0.933333 0.966667 1.000000 1.033333
1.066667 1.100000 1.133333 1.166667 1.200000 1.233333 1.266667 1.300000 1.333333 1.366667 1.400000 1.433333 1.466667 1.500000 1.533333 1.566667
1.600000 1.633333 1.666667 1.700000 1.733333</float_array>
     <technique_common>
      <accessor source="#Character-Matrix-animation-input-array" count="53">
       <param name="TIME" type="float"></param>
      </accessor>
     </technique_common>
    </source>
    <source id="Character-Matrix-animation-output-transform">
     <float_array id="Character-Matrix-animation-output-transform-array" count="848">

1.000000 0.000000 0.000000 0.000000 0.000000 1.000000 -0.000000 0.000000 0.000000 0.000000 1.000000 0.000000 0.000000 0.000000 0.000000 1.000000
1.000000 0.000000 0.000000 0.000000 0.000000 1.000000 -0.000000 0.000000 0.000000 0.000000 1.000000 0.000000 0.000000 0.000000 0.000000 1.000000
1.000000 0.000000 0.000000 0.000000 0.000000 1.000000 -0.000000 0.000000 0.000000 0.000000 1.000000 0.000000 0.000000 0.000000 0.000000 1.000000
1.000000 0.000000 0.000000 0.000000 0.000000 1.000000 -0.000000 0.000000 0.000000 0.000000 1.000000 0.000000 0.000000 0.000000 0.000000 1.000000
1.000000 0.000000 0.000000 0.000000 0.000000 1.000000 -0.000000 0.000000 0.000000 0.000000 1.000000 0.000000 0.000000 0.000000 0.000000 1.000000
1.000000 0.000000 0.000000 0.000000 0.000000 1.000000 -0.000000 0.000000 0.000000 0.000000 1.000000 0.000000 0.000000 0.000000 0.000000 1.000000
1.000000 0.000000 0.000000 0.000000 0.000000 1.000000 -0.000000 0.000000 0.000000 0.000000 1.000000 0.000000 0.000000 0.000000 0.000000 1.000000
1.000000 0.000000 0.000000 0.000000 0.000000 1.000000 -0.000000 0.000000 0.000000 0.000000 1.000000 0.000000 0.000000 0.000000 0.000000 1.000000
1.000000 0.000000 0.000000 0.000000 0.000000 1.000000 -0.000000 0.000000 0.000000 0.000000 1.000000 0.000000 0.000000 0.000000 0.000000 1.000000
1.000000 0.000000 0.000000 0.000000 0.000000 1.000000 -0.000000 0.000000 0.000000 0.000000 1.000000 0.000000 0.000000 0.000000 0.000000 1.000000
1.000000 0.000000 0.000000 0.000000 0.000000 1.000000 -0.000000 0.000000 0.000000 0.000000 1.000000 0.000000 0.000000 0.000000 0.000000 1.000000
1.000000 0.000000 0.000000 0.000000 0.000000 1.000000 -0.000000 0.000000 0.000000 0.000000 1.000000 0.000000 0.000000 0.000000 0.000000 1.000000
1.000000 0.000000 0.000000 0.000000 0.000000 1.000000 -0.000000 0.000000 0.000000 0.000000 1.000000 0.000000 0.000000 0.000000 0.000000 1.000000
1.000000 0.000000 0.000000 0.000000 0.000000 1.000000 -0.000000 0.000000 0.000000 0.000000 1.000000 0.000000 0.000000 0.000000 0.000000 1.000000
1.000000 0.000000 0.000000 0.000000 0.000000 1.000000 -0.000000 0.000000 0.000000 0.000000 1.000000 0.000000 0.000000 0.000000 0.000000 1.000000
1.000000 0.000000 0.000000 0.000000 0.000000 1.000000 -0.000000 0.000000 0.000000 0.000000 1.000000 0.000000 0.000000 0.000000 0.000000 1.000000
1.000000 0.000000 0.000000 0.000000 0.000000 1.000000 -0.000000 0.000000 0.000000 0.000000 1.000000 0.000000 0.000000 0.000000 0.000000 1.000000
1.000000 0.000000 0.000000 0.000000 0.000000 1.000000 -0.000000 0.000000 0.000000 0.000000 1.000000 0.000000 0.000000 0.000000 0.000000 1.000000
1.000000 0.000000 0.000000 0.000000 0.000000 1.000000 -0.000000 0.000000 0.000000 0.000000 1.000000 0.000000 0.000000 0.000000 0.000000 1.000000
1.000000 0.000000 0.000000 0.000000 0.000000 1.000000 -0.000000 0.000000 0.000000 0.000000 1.000000 0.000000 0.000000 0.000000 0.000000 1.000000
1.000000 0.000000 0.000000 0.000000 0.000000 1.000000 -0.000000 0.000000 0.000000 0.000000 1.000000 0.000000 0.000000 0.000000 0.000000 1.000000
1.000000 0.000000 0.000000 0.000000 0.000000 1.000000 -0.000000 0.000000 0.000000 0.000000 1.000000 0.000000 0.000000 0.000000 0.000000 1.000000
1.000000 0.000000 0.000000 0.000000 0.000000 1.000000 -0.000000 0.000000 0.000000 0.000000 1.000000 0.000000 0.000000 0.000000 0.000000 1.000000
1.000000 0.000000 0.000000 0.000000 0.000000 1.000000 -0.000000 0.000000 0.000000 0.000000 1.000000 0.000000 0.000000 0.000000 0.000000 1.000000
1.000000 0.000000 0.000000 0.000000 0.000000 1.000000 -0.000000 0.000000 0.000000 0.000000 1.000000 0.000000 0.000000 0.000000 0.000000 1.000000
1.000000 0.000000 0.000000 0.000000 0.000000 1.000000 -0.000000 0.000000 0.000000 0.000000 1.000000 0.000000 0.000000 0.000000 0.000000 1.000000
1.000000 0.000000 0.000000 0.000000 0.000000 1.000000 -0.000000 0.000000 0.000000 0.000000 1.000000 0.000000 0.000000 0.000000 0.000000 1.000000
1.000000 0.000000 0.000000 0.000000 0.000000 1.000000 -0.000000 0.000000 0.000000 0.000000 1.000000 0.000000 0.000000 0.000000 0.000000 1.000000
1.000000 0.000000 0.000000 0.000000 0.000000 1.000000 -0.000000 0.000000 0.000000 0.000000 1.000000 0.000000 0.000000 0.000000 0.000000 1.000000
1.000000 0.000000 0.000000 0.000000 0.000000 1.000000 -0.000000 0.000000 0.000000 0.000000 1.000000 0.000000 0.000000 0.000000 0.000000 1.000000
1.000000 0.000000 0.000000 0.000000 0.000000 1.000000 -0.000000 0.000000 0.000000 0.000000 1.000000 0.000000 0.000000 0.000000 0.000000 1.000000
1.000000 0.000000 0.000000 0.000000 0.000000 1.000000 -0.000000 0.000000 0.000000 0.000000 1.000000 0.000000 0.000000 0.000000 0.000000 1.000000
1.000000 0.000000 0.000000 0.000000 0.000000 1.000000 -0.000000 0.000000 0.000000 0.000000 1.000000 0.000000 0.000000 0.000000 0.000000 1.000000
1.000000 0.000000 0.000000 0.000000 0.000000 1.000000 -0.000000 0.000000 0.000000 0.000000 1.000000 0.000000 0.000000 0.000000 0.000000 1.000000
1.000000 0.000000 0.000000 0.000000 0.000000 1.000000 -0.000000 0.000000 0.000000 0.000000 1.000000 0.000000 0.000000 0.000000 0.000000 1.000000
1.000000 0.000000 0.000000 0.000000 0.000000 1.000000 -0.000000 0.000000 0.000000 0.000000 1.000000 0.000000 0.000000 0.000000 0.000000 1.000000
1.000000 0.000000 0.000000 0.000000 0.000000 1.000000 -0.000000 0.000000 0.000000 0.000000 1.000000 0.000000 0.000000 0.000000 0.000000 1.000000
1.000000 0.000000 0.000000 0.000000 0.000000 1.000000 -0.000000 0.000000 0.000000 0.000000 1.000000 0.000000 0.000000 0.000000 0.000000 1.000000
1.000000 0.000000 0.000000 0.000000 0.000000 1.000000 -0.000000 0.000000 0.000000 0.000000 1.000000 0.000000 0.000000 0.000000 0.000000 1.000000
1.000000 0.000000 0.000000 0.000000 0.000000 1.000000 -0.000000 0.000000 0.000000 0.000000 1.000000 0.000000 0.000000 0.000000 0.000000 1.000000
1.000000 0.000000 0.000000 0.000000 0.000000 1.000000 -0.000000 0.000000 0.000000 0.000000 1.000000 0.000000 0.000000 0.000000 0.000000 1.000000
1.000000 0.000000 0.000000 0.000000 0.000000 1.000000 -0.000000 0.000000 0.000000 0.000000 1.000000 0.000000 0.000000 0.000000 0.000000 1.000000
1.000000 0.000000 0.000000 0.000000 0.000000 1.000000 -0.000000 0.000000 0.000000 0.000000 1.000000 0.000000 0.000000 0.000000 0.000000 1.000000
1.000000 0.000000 0.000000 0.000000 0.000000 1.000000 -0.000000 0.000000 0.000000 0.000000 1.000000 0.000000 0.000000 0.000000 0.000000 1.000000
1.000000 0.000000 0.000000 0.000000 0.000000 1.000000 -0.000000 0.000000 0.000000 0.000000 1.000000 0.000000 0.000000 0.000000 0.000000 1.000000
1.000000 0.000000 0.000000 0.000000 0.000000 1.000000 -0.000000 0.000000 0.000000 0.000000 1.000000 0.000000 0.000000 0.000000 0.000000 1.000000
1.000000 0.000000 0.000000 0.000000 0.000000 1.000000 -0.000000 0.000000 0.000000 0.000000 1.000000 0.000000 0.000000 0.000000 0.000000 1.000000
1.000000 0.000000 0.000000 0.000000 0.000000 1.000000 -0.000000 0.000000 0.000000 0.000000 1.000000 0.000000 0.000000 0.000000 0.000000 1.000000
1.000000 0.000000 0.000000 0.000000 0.000000 1.000000 -0.000000 0.000000 0.000000 0.000000 1.000000 0.000000 0.000000 0.000000 0.000000 1.000000
1.000000 0.000000 0.000000 0.000000 0.000000 1.000000 -0.000000 0.000000 0.000000 0.000000 1.000000 0.000000 0.000000 0.000000 0.000000 1.000000
1.000000 0.000000 0.000000 0.000000 0.000000 1.000000 -0.000000 0.000000 0.000000 0.000000 1.000000 0.000000 0.000000 0.000000 0.000000 1.000000
1.000000 0.000000 0.000000 0.000000 0.000000 1.000000 -0.000000 0.000000 0.000000 0.000000 1.000000 0.000000 0.000000 0.000000 0.000000 1.000000
1.000000 0.000000 0.000000 0.000000 0.000000 1.000000 -0.000000 0.000000 0.000000 0.000000 1.000000 0.000000 0.000000 0.000000 0.000000 1.000000</float_array>
     <technique_common>
      <accessor source="#Character-Matrix-animation-output-transform-array" count="53" stride="16">
       <param type="float4x4"></param>
      </accessor>
     </technique_common>
    </source>
    <source id="Character-Interpolations">
     <Name_array id="Character-Interpolations-array" count="53">
 LINEAR LINEAR LINEAR LINEAR LINEAR LINEAR LINEAR LINEAR LINEAR LINEAR LINEAR
LINEAR LINEAR LINEAR LINEAR LINEAR LINEAR LINEAR LINEAR LINEAR LINEAR LINEAR LINEAR
LINEAR LINEAR LINEAR LINEAR LINEAR LINEAR LINEAR LINEAR LINEAR LINEAR LINEAR LINEAR
LINEAR LINEAR LINEAR LINEAR LINEAR LINEAR LINEAR LINEAR LINEAR LINEAR LINEAR LINEAR
LINEAR LINEAR LINEAR LINEAR LINEAR LINEAR</Name_array>
     <technique_common>
      <accessor source="#Character-Interpolations-array" count="53">
       <param type="name"></param>
      </accessor>
     </technique_common>
    </source>
    <sampler id="Character-Matrix-animation-transform">
     <input semantic="INPUT" source="#Character-Matrix-animation-input"></input>
     <input semantic="OUTPUT" source="#Character-Matrix-animation-output-transform"></input>
     <input semantic="INTERPOLATION" source="#Character-Interpolations"></input>
    </sampler>
    <channel source="#Character-Matrix-animation-transform" target="Character/matrix"></channel>
   </animation>
  </animation>
  <animation id="HIK_root_jnt-anim" name="HIK_root_jnt">
   <animation>
    <source id="HIK_root_jnt-Matrix-animation-input">
     <float_array id="HIK_root_jnt-Matrix-animation-input-array" count="53">

0.000000 0.033333 0.066667 0.100000 0.133333 0.166667 0.200000 0.233333 0.266667 0.300000 0.333333 0.366667 0.400000 0.433333 0.466667 0.500000
0.533333 0.566667 0.600000 0.633333 0.666667 0.700000 0.733333 0.766667 0.800000 0.833333 0.866667 0.900000 0.933333 0.966667 1.000000 1.033333
1.066667 1.100000 1.133333 1.166667 1.200000 1.233333 1.266667 1.300000 1.333333 1.366667 1.400000 1.433333 1.466667 1.500000 1.533333 1.566667
1.600000 1.633333 1.666667 1.700000 1.733333</float_array>
     <technique_common>
      <accessor source="#HIK_root_jnt-Matrix-animation-input-array" count="53">
       <param name="TIME" type="float"></param>
      </accessor>
     </technique_common>
    </source>
    <source id="HIK_root_jnt-Matrix-animation-output-transform">
     <float_array id="HIK_root_jnt-Matrix-animation-output-transform-array" count="848">

1.000000 0.000000 0.000000 0.000000 0.000000 1.000000 -0.000000 0.000000 0.000000 0.000000 1.000000 0.000000 0.000000 0.000000 0.000000 1.000000
1.000000 0.000000 0.000000 0.000000 0.000000 1.000000 -0.000000 0.000000 0.000000 0.000000 1.000000 0.000000 0.000000 0.000000 0.000000 1.000000
1.000000 0.000000 0.000000 0.000000 0.000000 1.000000 -0.000000 0.000000 0.000000 0.000000 1.000000 0.000000 0.000000 0.000000 0.000000 1.000000
1.000000 0.000000 0.000000 0.000000 0.000000 1.000000 -0.000000 0.000000 0.000000 0.000000 1.000000 0.000000 0.000000 0.000000 0.000000 1.000000
1.000000 0.000000 0.000000 0.000000 0.000000 1.000000 -0.000000 0.000000 0.000000 0.000000 1.000000 0.000000 0.000000 0.000000 0.000000 1.000000
1.000000 0.000000 0.000000 0.000000 0.000000 1.000000 -0.000000 0.000000 0.000000 0.000000 1.000000 0.000000 0.000000 0.000000 0.000000 1.000000
1.000000 0.000000 0.000000 0.000000 0.000000 1.000000 -0.000000 0.000000 0.000000 0.000000 1.000000 0.000000 0.000000 0.000000 0.000000 1.000000
1.000000 0.000000 0.000000 0.000000 0.000000 1.000000 -0.000000 0.000000 0.000000 0.000000 1.000000 0.000000 0.000000 0.000000 0.000000 1.000000
1.000000 0.000000 0.000000 0.000000 0.000000 1.000000 -0.000000 0.000000 0.000000 0.000000 1.000000 0.000000 0.000000 0.000000 0.000000 1.000000
1.000000 0.000000 0.000000 0.000000 0.000000 1.000000 -0.000000 0.000000 0.000000 0.000000 1.000000 0.000000 0.000000 0.000000 0.000000 1.000000
1.000000 0.000000 0.000000 0.000000 0.000000 1.000000 -0.000000 0.000000 0.000000 0.000000 1.000000 0.000000 0.000000 0.000000 0.000000 1.000000
1.000000 0.000000 0.000000 0.000000 0.000000 1.000000 -0.000000 0.000000 0.000000 0.000000 1.000000 0.000000 0.000000 0.000000 0.000000 1.000000
1.000000 0.000000 0.000000 0.000000 0.000000 1.000000 -0.000000 0.000000 0.000000 0.000000 1.000000 0.000000 0.000000 0.000000 0.000000 1.000000
1.000000 0.000000 0.000000 0.000000 0.000000 1.000000 -0.000000 0.000000 0.000000 0.000000 1.000000 0.000000 0.000000 0.000000 0.000000 1.000000
1.000000 0.000000 0.000000 0.000000 0.000000 1.000000 -0.000000 0.000000 0.000000 0.000000 1.000000 0.000000 0.000000 0.000000 0.000000 1.000000
1.000000 0.000000 0.000000 0.000000 0.000000 1.000000 -0.000000 0.000000 0.000000 0.000000 1.000000 0.000000 0.000000 0.000000 0.000000 1.000000
1.000000 0.000000 0.000000 0.000000 0.000000 1.000000 -0.000000 0.000000 0.000000 0.000000 1.000000 0.000000 0.000000 0.000000 0.000000 1.000000
1.000000 0.000000 0.000000 0.000000 0.000000 1.000000 -0.000000 0.000000 0.000000 0.000000 1.000000 0.000000 0.000000 0.000000 0.000000 1.000000
1.000000 0.000000 0.000000 0.000000 0.000000 1.000000 -0.000000 0.000000 0.000000 0.000000 1.000000 0.000000 0.000000 0.000000 0.000000 1.000000
1.000000 0.000000 0.000000 0.000000 0.000000 1.000000 -0.000000 0.000000 0.000000 0.000000 1.000000 0.000000 0.000000 0.000000 0.000000 1.000000
1.000000 0.000000 0.000000 0.000000 0.000000 1.000000 -0.000000 0.000000 0.000000 0.000000 1.000000 0.000000 0.000000 0.000000 0.000000 1.000000
1.000000 0.000000 0.000000 0.000000 0.000000 1.000000 -0.000000 0.000000 0.000000 0.000000 1.000000 0.000000 0.000000 0.000000 0.000000 1.000000
1.000000 0.000000 0.000000 0.000000 0.000000 1.000000 -0.000000 0.000000 0.000000 0.000000 1.000000 0.000000 0.000000 0.000000 0.000000 1.000000
1.000000 0.000000 0.000000 0.000000 0.000000 1.000000 -0.000000 0.000000 0.000000 0.000000 1.000000 0.000000 0.000000 0.000000 0.000000 1.000000
1.000000 0.000000 0.000000 0.000000 0.000000 1.000000 -0.000000 0.000000 0.000000 0.000000 1.000000 0.000000 0.000000 0.000000 0.000000 1.000000
1.000000 0.000000 0.000000 0.000000 0.000000 1.000000 -0.000000 0.000000 0.000000 0.000000 1.000000 0.000000 0.000000 0.000000 0.000000 1.000000
1.000000 0.000000 0.000000 0.000000 0.000000 1.000000 -0.000000 0.000000 0.000000 0.000000 1.000000 0.000000 0.000000 0.000000 0.000000 1.000000
1.000000 0.000000 0.000000 0.000000 0.000000 1.000000 -0.000000 0.000000 0.000000 0.000000 1.000000 0.000000 0.000000 0.000000 0.000000 1.000000
1.000000 0.000000 0.000000 0.000000 0.000000 1.000000 -0.000000 0.000000 0.000000 0.000000 1.000000 0.000000 0.000000 0.000000 0.000000 1.000000
1.000000 0.000000 0.000000 0.000000 0.000000 1.000000 -0.000000 0.000000 0.000000 0.000000 1.000000 0.000000 0.000000 0.000000 0.000000 1.000000
1.000000 0.000000 0.000000 0.000000 0.000000 1.000000 -0.000000 0.000000 0.000000 0.000000 1.000000 0.000000 0.000000 0.000000 0.000000 1.000000
1.000000 0.000000 0.000000 0.000000 0.000000 1.000000 -0.000000 0.000000 0.000000 0.000000 1.000000 0.000000 0.000000 0.000000 0.000000 1.000000
1.000000 0.000000 0.000000 0.000000 0.000000 1.000000 -0.000000 0.000000 0.000000 0.000000 1.000000 0.000000 0.000000 0.000000 0.000000 1.000000
1.000000 0.000000 0.000000 0.000000 0.000000 1.000000 -0.000000 0.000000 0.000000 0.000000 1.000000 0.000000 0.000000 0.000000 0.000000 1.000000
1.000000 0.000000 0.000000 0.000000 0.000000 1.000000 -0.000000 0.000000 0.000000 0.000000 1.000000 0.000000 0.000000 0.000000 0.000000 1.000000
1.000000 0.000000 0.000000 0.000000 0.000000 1.000000 -0.000000 0.000000 0.000000 0.000000 1.000000 0.000000 0.000000 0.000000 0.000000 1.000000
1.000000 0.000000 0.000000 0.000000 0.000000 1.000000 -0.000000 0.000000 0.000000 0.000000 1.000000 0.000000 0.000000 0.000000 0.000000 1.000000
1.000000 0.000000 0.000000 0.000000 0.000000 1.000000 -0.000000 0.000000 0.000000 0.000000 1.000000 0.000000 0.000000 0.000000 0.000000 1.000000
1.000000 0.000000 0.000000 0.000000 0.000000 1.000000 -0.000000 0.000000 0.000000 0.000000 1.000000 0.000000 0.000000 0.000000 0.000000 1.000000
1.000000 0.000000 0.000000 0.000000 0.000000 1.000000 -0.000000 0.000000 0.000000 0.000000 1.000000 0.000000 0.000000 0.000000 0.000000 1.000000
1.000000 0.000000 0.000000 0.000000 0.000000 1.000000 -0.000000 0.000000 0.000000 0.000000 1.000000 0.000000 0.000000 0.000000 0.000000 1.000000
1.000000 0.000000 0.000000 0.000000 0.000000 1.000000 -0.000000 0.000000 0.000000 0.000000 1.000000 0.000000 0.000000 0.000000 0.000000 1.000000
1.000000 0.000000 0.000000 0.000000 0.000000 1.000000 -0.000000 0.000000 0.000000 0.000000 1.000000 0.000000 0.000000 0.000000 0.000000 1.000000
1.000000 0.000000 0.000000 0.000000 0.000000 1.000000 -0.000000 0.000000 0.000000 0.000000 1.000000 0.000000 0.000000 0.000000 0.000000 1.000000
1.000000 0.000000 0.000000 0.000000 0.000000 1.000000 -0.000000 0.000000 0.000000 0.000000 1.000000 0.000000 0.000000 0.000000 0.000000 1.000000
1.000000 0.000000 0.000000 0.000000 0.000000 1.000000 -0.000000 0.000000 0.000000 0.000000 1.000000 0.000000 0.000000 0.000000 0.000000 1.000000
1.000000 0.000000 0.000000 0.000000 0.000000 1.000000 -0.000000 0.000000 0.000000 0.000000 1.000000 0.000000 0.000000 0.000000 0.000000 1.000000
1.000000 0.000000 0.000000 0.000000 0.000000 1.000000 -0.000000 0.000000 0.000000 0.000000 1.000000 0.000000 0.000000 0.000000 0.000000 1.000000
1.000000 0.000000 0.000000 0.000000 0.000000 1.000000 -0.000000 0.000000 0.000000 0.000000 1.000000 0.000000 0.000000 0.000000 0.000000 1.000000
1.000000 0.000000 0.000000 0.000000 0.000000 1.000000 -0.000000 0.000000 0.000000 0.000000 1.000000 0.000000 0.000000 0.000000 0.000000 1.000000
1.000000 0.000000 0.000000 0.000000 0.000000 1.000000 -0.000000 0.000000 0.000000 0.000000 1.000000 0.000000 0.000000 0.000000 0.000000 1.000000
1.000000 0.000000 0.000000 0.000000 0.000000 1.000000 -0.000000 0.000000 0.000000 0.000000 1.000000 0.000000 0.000000 0.000000 0.000000 1.000000
1.000000 0.000000 0.000000 0.000000 0.000000 1.000000 -0.000000 0.000000 0.000000 0.000000 1.000000 0.000000 0.000000 0.000000 0.000000 1.000000</float_array>
     <technique_common>
      <accessor source="#HIK_root_jnt-Matrix-animation-output-transform-array" count="53" stride="16">
       <param type="float4x4"></param>
      </accessor>
     </technique_common>
    </source>
    <source id="HIK_root_jnt-Interpolations">
     <Name_array id="HIK_root_jnt-Interpolations-array" count="53">
 LINEAR LINEAR LINEAR LINEAR LINEAR LINEAR LINEAR LINEAR LINEAR LINEAR LINEAR
LINEAR LINEAR LINEAR LINEAR LINEAR LINEAR LINEAR LINEAR LINEAR LINEAR LINEAR LINEAR
LINEAR LINEAR LINEAR LINEAR LINEAR LINEAR LINEAR LINEAR LINEAR LINEAR LINEAR LINEAR
LINEAR LINEAR LINEAR LINEAR LINEAR LINEAR LINEAR LINEAR LINEAR LINEAR LINEAR LINEAR
LINEAR LINEAR LINEAR LINEAR LINEAR LINEAR</Name_array>
     <technique_common>
      <accessor source="#HIK_root_jnt-Interpolations-array" count="53">
       <param type="name"></param>
      </accessor>
     </technique_common>
    </source>
    <sampler id="HIK_root_jnt-Matrix-animation-transform">
     <input semantic="INPUT" source="#HIK_root_jnt-Matrix-animation-input"></input>
     <input semantic="OUTPUT" source="#HIK_root_jnt-Matrix-animation-output-transform"></input>
     <input semantic="INTERPOLATION" source="#HIK_root_jnt-Interpolations"></input>
    </sampler>
    <channel source="#HIK_root_jnt-Matrix-animation-transform" target="HIK_root_jnt/matrix"></channel>
   </animation>
  </animation>
  <animation id="root_jnt-anim" name="root_jnt">
   <animation>
    <source id="root_jnt-Matrix-animation-input">
     <float_array id="root_jnt-Matrix-animation-input-array" count="53">

0.000000 0.033333 0.066667 0.100000 0.133333 0.166667 0.200000 0.233333 0.266667 0.300000 0.333333 0.366667 0.400000 0.433333 0.466667 0.500000
0.533333 0.566667 0.600000 0.633333 0.666667 0.700000 0.733333 0.766667 0.800000 0.833333 0.866667 0.900000 0.933333 0.966667 1.000000 1.033333
1.066667 1.100000 1.133333 1.166667 1.200000 1.233333 1.266667 1.300000 1.333333 1.366667 1.400000 1.433333 1.466667 1.500000 1.533333 1.566667
1.600000 1.633333 1.666667 1.700000 1.733333</float_array>
     <technique_common>
      <accessor source="#root_jnt-Matrix-animation-input-array" count="53">
       <param name="TIME" type="float"></param>
      </accessor>
     </technique_common>
    </source>
    <source id="root_jnt-Matrix-animation-output-transform">
     <float_array id="root_jnt-Matrix-animation-output-transform-array" count="848">

1.000000 0.000000 0.000000 0.000000 0.000000 1.000000 -0.000000 0.000000 0.000000 0.000000 1.000000 0.000000 0.000000 0.000000 0.000000 1.000000
1.000000 0.000000 0.000000 0.000000 0.000000 1.000000 -0.000000 0.000000 0.000000 0.000000 1.000000 0.000000 0.000000 0.000000 0.000000 1.000000
1.000000 0.000000 0.000000 0.000000 0.000000 1.000000 -0.000000 0.000000 0.000000 0.000000 1.000000 0.000000 0.000000 0.000000 0.000000 1.000000
1.000000 0.000000 0.000000 0.000000 0.000000 1.000000 -0.000000 0.000000 0.000000 0.000000 1.000000 0.000000 0.000000 0.000000 0.000000 1.000000
1.000000 0.000000 0.000000 0.000000 0.000000 1.000000 -0.000000 0.000000 0.000000 0.000000 1.000000 0.000000 0.000000 0.000000 0.000000 1.000000
1.000000 0.000000 0.000000 0.000000 0.000000 1.000000 -0.000000 0.000000 0.000000 0.000000 1.000000 0.000000 0.000000 0.000000 0.000000 1.000000
1.000000 0.000000 0.000000 0.000000 0.000000 1.000000 -0.000000 0.000000 0.000000 0.000000 1.000000 0.000000 0.000000 0.000000 0.000000 1.000000
1.000000 0.000000 0.000000 0.000000 0.000000 1.000000 -0.000000 0.000000 0.000000 0.000000 1.000000 0.000000 0.000000 0.000000 0.000000 1.000000
1.000000 0.000000 0.000000 0.000000 0.000000 1.000000 -0.000000 0.000000 0.000000 0.000000 1.000000 0.000000 0.000000 0.000000 0.000000 1.000000
1.000000 0.000000 0.000000 0.000000 0.000000 1.000000 -0.000000 0.000000 0.000000 0.000000 1.000000 0.000000 0.000000 0.000000 0.000000 1.000000
1.000000 0.000000 0.000000 0.000000 0.000000 1.000000 -0.000000 0.000000 0.000000 0.000000 1.000000 0.000000 0.000000 0.000000 0.000000 1.000000
1.000000 0.000000 0.000000 0.000000 0.000000 1.000000 -0.000000 0.000000 0.000000 0.000000 1.000000 0.000000 0.000000 0.000000 0.000000 1.000000
1.000000 0.000000 0.000000 0.000000 0.000000 1.000000 -0.000000 0.000000 0.000000 0.000000 1.000000 0.000000 0.000000 0.000000 0.000000 1.000000
1.000000 0.000000 0.000000 0.000000 0.000000 1.000000 -0.000000 0.000000 0.000000 0.000000 1.000000 0.000000 0.000000 0.000000 0.000000 1.000000
1.000000 0.000000 0.000000 0.000000 0.000000 1.000000 -0.000000 0.000000 0.000000 0.000000 1.000000 0.000000 0.000000 0.000000 0.000000 1.000000
1.000000 0.000000 0.000000 0.000000 0.000000 1.000000 -0.000000 0.000000 0.000000 0.000000 1.000000 0.000000 0.000000 0.000000 0.000000 1.000000
1.000000 0.000000 0.000000 0.000000 0.000000 1.000000 -0.000000 0.000000 0.000000 0.000000 1.000000 0.000000 0.000000 0.000000 0.000000 1.000000
1.000000 0.000000 0.000000 0.000000 0.000000 1.000000 -0.000000 0.000000 0.000000 0.000000 1.000000 0.000000 0.000000 0.000000 0.000000 1.000000
1.000000 0.000000 0.000000 0.000000 0.000000 1.000000 -0.000000 0.000000 0.000000 0.000000 1.000000 0.000000 0.000000 0.000000 0.000000 1.000000
1.000000 0.000000 0.000000 0.000000 0.000000 1.000000 -0.000000 0.000000 0.000000 0.000000 1.000000 0.000000 0.000000 0.000000 0.000000 1.000000
1.000000 0.000000 0.000000 0.000000 0.000000 1.000000 -0.000000 0.000000 0.000000 0.000000 1.000000 0.000000 0.000000 0.000000 0.000000 1.000000
1.000000 0.000000 0.000000 0.000000 0.000000 1.000000 -0.000000 0.000000 0.000000 0.000000 1.000000 0.000000 0.000000 0.000000 0.000000 1.000000
1.000000 0.000000 0.000000 0.000000 0.000000 1.000000 -0.000000 0.000000 0.000000 0.000000 1.000000 0.000000 0.000000 0.000000 0.000000 1.000000
1.000000 0.000000 0.000000 0.000000 0.000000 1.000000 -0.000000 0.000000 0.000000 0.000000 1.000000 0.000000 0.000000 0.000000 0.000000 1.000000
1.000000 0.000000 0.000000 0.000000 0.000000 1.000000 -0.000000 0.000000 0.000000 0.000000 1.000000 0.000000 0.000000 0.000000 0.000000 1.000000
1.000000 0.000000 0.000000 0.000000 0.000000 1.000000 -0.000000 0.000000 0.000000 0.000000 1.000000 0.000000 0.000000 0.000000 0.000000 1.000000
1.000000 0.000000 0.000000 0.000000 0.000000 1.000000 -0.000000 0.000000 0.000000 0.000000 1.000000 0.000000 0.000000 0.000000 0.000000 1.000000
1.000000 0.000000 0.000000 0.000000 0.000000 1.000000 -0.000000 0.000000 0.000000 0.000000 1.000000 0.000000 0.000000 0.000000 0.000000 1.000000
1.000000 0.000000 0.000000 0.000000 0.000000 1.000000 -0.000000 0.000000 0.000000 0.000000 1.000000 0.000000 0.000000 0.000000 0.000000 1.000000
1.000000 0.000000 0.000000 0.000000 0.000000 1.000000 -0.000000 0.000000 0.000000 0.000000 1.000000 0.000000 0.000000 0.000000 0.000000 1.000000
1.000000 0.000000 0.000000 0.000000 0.000000 1.000000 -0.000000 0.000000 0.000000 0.000000 1.000000 0.000000 0.000000 0.000000 0.000000 1.000000
1.000000 0.000000 0.000000 0.000000 0.000000 1.000000 -0.000000 0.000000 0.000000 0.000000 1.000000 0.000000 0.000000 0.000000 0.000000 1.000000
1.000000 0.000000 0.000000 0.000000 0.000000 1.000000 -0.000000 0.000000 0.000000 0.000000 1.000000 0.000000 0.000000 0.000000 0.000000 1.000000
1.000000 0.000000 0.000000 0.000000 0.000000 1.000000 -0.000000 0.000000 0.000000 0.000000 1.000000 0.000000 0.000000 0.000000 0.000000 1.000000
1.000000 0.000000 0.000000 0.000000 0.000000 1.000000 -0.000000 0.000000 0.000000 0.000000 1.000000 0.000000 0.000000 0.000000 0.000000 1.000000
1.000000 0.000000 0.000000 0.000000 0.000000 1.000000 -0.000000 0.000000 0.000000 0.000000 1.000000 0.000000 0.000000 0.000000 0.000000 1.000000
1.000000 0.000000 0.000000 0.000000 0.000000 1.000000 -0.000000 0.000000 0.000000 0.000000 1.000000 0.000000 0.000000 0.000000 0.000000 1.000000
1.000000 0.000000 0.000000 0.000000 0.000000 1.000000 -0.000000 0.000000 0.000000 0.000000 1.000000 0.000000 0.000000 0.000000 0.000000 1.000000
1.000000 0.000000 0.000000 0.000000 0.000000 1.000000 -0.000000 0.000000 0.000000 0.000000 1.000000 0.000000 0.000000 0.000000 0.000000 1.000000
1.000000 0.000000 0.000000 0.000000 0.000000 1.000000 -0.000000 0.000000 0.000000 0.000000 1.000000 0.000000 0.000000 0.000000 0.000000 1.000000
1.000000 0.000000 0.000000 0.000000 0.000000 1.000000 -0.000000 0.000000 0.000000 0.000000 1.000000 0.000000 0.000000 0.000000 0.000000 1.000000
1.000000 0.000000 0.000000 0.000000 0.000000 1.000000 -0.000000 0.000000 0.000000 0.000000 1.000000 0.000000 0.000000 0.000000 0.000000 1.000000
1.000000 0.000000 0.000000 0.000000 0.000000 1.000000 -0.000000 0.000000 0.000000 0.000000 1.000000 0.000000 0.000000 0.000000 0.000000 1.000000
1.000000 0.000000 0.000000 0.000000 0.000000 1.000000 -0.000000 0.000000 0.000000 0.000000 1.000000 0.000000 0.000000 0.000000 0.000000 1.000000
1.000000 0.000000 0.000000 0.000000 0.000000 1.000000 -0.000000 0.000000 0.000000 0.000000 1.000000 0.000000 0.000000 0.000000 0.000000 1.000000
1.000000 0.000000 0.000000 0.000000 0.000000 1.000000 -0.000000 0.000000 0.000000 0.000000 1.000000 0.000000 0.000000 0.000000 0.000000 1.000000
1.000000 0.000000 0.000000 0.000000 0.000000 1.000000 -0.000000 0.000000 0.000000 0.000000 1.000000 0.000000 0.000000 0.000000 0.000000 1.000000
1.000000 0.000000 0.000000 0.000000 0.000000 1.000000 -0.000000 0.000000 0.000000 0.000000 1.000000 0.000000 0.000000 0.000000 0.000000 1.000000
1.000000 0.000000 0.000000 0.000000 0.000000 1.000000 -0.000000 0.000000 0.000000 0.000000 1.000000 0.000000 0.000000 0.000000 0.000000 1.000000
1.000000 0.000000 0.000000 0.000000 0.000000 1.000000 -0.000000 0.000000 0.000000 0.000000 1.000000 0.000000 0.000000 0.000000 0.000000 1.000000
1.000000 0.000000 0.000000 0.000000 0.000000 1.000000 -0.000000 0.000000 0.000000 0.000000 1.000000 0.000000 0.000000 0.000000 0.000000 1.000000
1.000000 0.000000 0.000000 0.000000 0.000000 1.000000 -0.000000 0.000000 0.000000 0.000000 1.000000 0.000000 0.000000 0.000000 0.000000 1.000000
1.000000 0.000000 0.000000 0.000000 0.000000 1.000000 -0.000000 0.000000 0.000000 0.000000 1.000000 0.000000 0.000000 0.000000 0.000000 1.000000</float_array>
     <technique_common>
      <accessor source="#root_jnt-Matrix-animation-output-transform-array" count="53" stride="16">
       <param type="float4x4"></param>
      </accessor>
     </technique_common>
    </source>
    <source id="root_jnt-Interpolations">
     <Name_array id="root_jnt-Interpolations-array" count="53">
 LINEAR LINEAR LINEAR LINEAR LINEAR LINEAR LINEAR LINEAR LINEAR LINEAR LINEAR
LINEAR LINEAR LINEAR LINEAR LINEAR LINEAR LINEAR LINEAR LINEAR LINEAR LINEAR LINEAR
LINEAR LINEAR LINEAR LINEAR LINEAR LINEAR LINEAR LINEAR LINEAR LINEAR LINEAR LINEAR
LINEAR LINEAR LINEAR LINEAR LINEAR LINEAR LINEAR LINEAR LINEAR LINEAR LINEAR LINEAR
LINEAR LINEAR LINEAR LINEAR LINEAR LINEAR</Name_array>
     <technique_common>
      <accessor source="#root_jnt-Interpolations-array" count="53">
       <param type="name"></param>
      </accessor>
     </technique_common>
    </source>
    <sampler id="root_jnt-Matrix-animation-transform">
     <input semantic="INPUT" source="#root_jnt-Matrix-animation-input"></input>
     <input semantic="OUTPUT" source="#root_jnt-Matrix-animation-output-transform"></input>
     <input semantic="INTERPOLATION" source="#root_jnt-Interpolations"></input>
    </sampler>
    <channel source="#root_jnt-Matrix-animation-transform" target="root_jnt/matrix"></channel>
   </animation>
  </animation>
  <animation id="jnt_hips-anim" name="jnt_hips">
   <animation>
    <source id="jnt_hips-Matrix-animation-input">
     <float_array id="jnt_hips-Matrix-animation-input-array" count="53">

0.000000 0.033333 0.066667 0.100000 0.133333 0.166667 0.200000 0.233333 0.266667 0.300000 0.333333 0.366667 0.400000 0.433333 0.466667 0.500000
0.533333 0.566667 0.600000 0.633333 0.666667 0.700000 0.733333 0.766667 0.800000 0.833333 0.866667 0.900000 0.933333 0.966667 1.000000 1.033333
1.066667 1.100000 1.133333 1.166667 1.200000 1.233333 1.266667 1.300000 1.333333 1.366667 1.400000 1.433333 1.466667 1.500000 1.533333 1.566667
1.600000 1.633333 1.666667 1.700000 1.733333</float_array>
     <technique_common>
      <accessor source="#jnt_hips-Matrix-animation-input-array" count="53">
       <param name="TIME" type="float"></param>
      </accessor>
     </technique_common>
    </source>
    <source id="jnt_hips-Matrix-animation-output-transform">
     <float_array id="jnt_hips-Matrix-animation-output-transform-array" count="848">

1.000000 0.000000 0.000000 0.000000 -0.000000 0.999997 -0.002456 2.061423 -0.000000 0.002456 0.999997 -0.094053 0.000000 0.000000 0.000000 1.000000
1.000000 0.000000 0.000000 0.000000 -0.000000 0.999997 -0.002456 2.061423 -0.000000 0.002456 0.999997 -0.094053 0.000000 0.000000 0.000000 1.000000
1.000000 0.000000 0.000000 0.000000 -0.000000 0.999997 -0.002456 2.061423 -0.000000 0.002456 0.999997 -0.094053 0.000000 0.000000 0.000000 1.000000
1.000000 0.000000 0.000000 0.000000 -0.000000 0.999997 -0.002456 2.061423 -0.000000 0.002456 0.999997 -0.094053 0.000000 0.000000 0.000000 1.000000
1.000000 0.000000 0.000000 0.000000 -0.000000 0.999997 -0.002456 2.061423 -0.000000 0.002456 0.999997 -0.094053 0.000000 0.000000 0.000000 1.000000
1.000000 0.000000 0.000000 0.000000 -0.000000 0.999997 -0.002456 2.061423 -0.000000 0.002456 0.999997 -0.094053 0.000000 0.000000 0.000000 1.000000
1.000000 0.000000 0.000000 0.000000 -0.000000 0.999997 -0.002456 2.061423 -0.000000 0.002456 0.999997 -0.094053 0.000000 0.000000 0.000000 1.000000
1.000000 0.000000 0.000000 0.000000 -0.000000 0.999997 -0.002456 2.061423 -0.000000 0.002456 0.999997 -0.094053 0.000000 0.000000 0.000000 1.000000
1.000000 0.000000 0.000000 0.000000 -0.000000 0.999997 -0.002456 2.061423 -0.000000 0.002456 0.999997 -0.094053 0.000000 0.000000 0.000000 1.000000
1.000000 0.000000 0.000000 0.000000 -0.000000 0.999997 -0.002456 2.061423 -0.000000 0.002456 0.999997 -0.094053 0.000000 0.000000 0.000000 1.000000
1.000000 0.000000 0.000000 0.000000 -0.000000 0.999997 -0.002456 2.061423 -0.000000 0.002456 0.999997 -0.094053 0.000000 0.000000 0.000000 1.000000
1.000000 0.000000 0.000000 0.000000 -0.000000 0.999997 -0.002456 2.061423 -0.000000 0.002456 0.999997 -0.094053 0.000000 0.000000 0.000000 1.000000
1.000000 0.000000 0.000000 0.000000 -0.000000 0.999997 -0.002456 2.061423 -0.000000 0.002456 0.999997 -0.094053 0.000000 0.000000 0.000000 1.000000
1.000000 0.000000 0.000000 0.000000 -0.000000 0.999997 -0.002456 2.061423 -0.000000 0.002456 0.999997 -0.094053 0.000000 0.000000 0.000000 1.000000
1.000000 0.000000 0.000000 0.000000 -0.000000 0.999997 -0.002456 2.061423 -0.000000 0.002456 0.999997 -0.094053 0.000000 0.000000 0.000000 1.000000
1.000000 0.000000 0.000000 0.000000 -0.000000 0.999997 -0.002456 2.061423 -0.000000 0.002456 0.999997 -0.094053 0.000000 0.000000 0.000000 1.000000
1.000000 0.000000 0.000000 0.000000 -0.000000 0.999997 -0.002456 2.061423 -0.000000 0.002456 0.999997 -0.094053 0.000000 0.000000 0.000000 1.000000
1.000000 0.000000 0.000000 0.000000 -0.000000 0.999997 -0.002456 2.061423 -0.000000 0.002456 0.999997 -0.094053 0.000000 0.000000 0.000000 1.000000
1.000000 0.000000 0.000000 0.000000 -0.000000 0.999997 -0.002456 2.061423 -0.000000 0.002456 0.999997 -0.094053 0.000000 0.000000 0.000000 1.000000
1.000000 0.000000 0.000000 0.000000 -0.000000 0.999997 -0.002456 2.061423 -0.000000 0.002456 0.999997 -0.094053 0.000000 0.000000 0.000000 1.000000
1.000000 0.000000 0.000000 0.000000 -0.000000 0.999997 -0.002456 2.061423 -0.000000 0.002456 0.999997 -0.094053 0.000000 0.000000 0.000000 1.000000
1.000000 0.000000 0.000000 0.000000 -0.000000 0.999997 -0.002456 2.061423 -0.000000 0.002456 0.999997 -0.094053 0.000000 0.000000 0.000000 1.000000
1.000000 0.000000 0.000000 0.000000 -0.000000 0.999997 -0.002456 2.061423 -0.000000 0.002456 0.999997 -0.094053 0.000000 0.000000 0.000000 1.000000
1.000000 0.000000 0.000000 0.000000 -0.000000 0.999997 -0.002456 2.061423 -0.000000 0.002456 0.999997 -0.094053 0.000000 0.000000 0.000000 1.000000
1.000000 0.000000 0.000000 0.000000 -0.000000 0.999997 -0.002456 2.061423 -0.000000 0.002456 0.999997 -0.094053 0.000000 0.000000 0.000000 1.000000
1.000000 0.000000 0.000000 0.000000 -0.000000 0.999997 -0.002456 2.061423 -0.000000 0.002456 0.999997 -0.094053 0.000000 0.000000 0.000000 1.000000
1.000000 0.000000 0.000000 0.000000 -0.000000 0.999997 -0.002456 2.061423 -0.000000 0.002456 0.999997 -0.094053 0.000000 0.000000 0.000000 1.000000
1.000000 0.000000 0.000000 0.000000 -0.000000 0.999997 -0.002456 2.061423 -0.000000 0.002456 0.999997 -0.094053 0.000000 0.000000 0.000000 1.000000
1.000000 0.000000 0.000000 0.000000 -0.000000 0.999997 -0.002456 2.061423 -0.000000 0.002456 0.999997 -0.094053 0.000000 0.000000 0.000000 1.000000
1.000000 0.000000 0.000000 0.000000 -0.000000 0.999997 -0.002456 2.061423 -0.000000 0.002456 0.999997 -0.094053 0.000000 0.000000 0.000000 1.000000
1.000000 0.000000 0.000000 0.000000 -0.000000 0.999997 -0.002456 2.061423 -0.000000 0.002456 0.999997 -0.094053 0.000000 0.000000 0.000000 1.000000
1.000000 0.000000 0.000000 0.000000 -0.000000 0.999997 -0.002456 2.061423 -0.000000 0.002456 0.999997 -0.094053 0.000000 0.000000 0.000000 1.000000
1.000000 0.000000 0.000000 0.000000 -0.000000 0.999997 -0.002456 2.061423 -0.000000 0.002456 0.999997 -0.094053 0.000000 0.000000 0.000000 1.000000
1.000000 0.000000 0.000000 0.000000 -0.000000 0.999997 -0.002456 2.061423 -0.000000 0.002456 0.999997 -0.094053 0.000000 0.000000 0.000000 1.000000
1.000000 0.000000 0.000000 0.000000 -0.000000 0.999997 -0.002456 2.061423 -0.000000 0.002456 0.999997 -0.094053 0.000000 0.000000 0.000000 1.000000
1.000000 0.000000 0.000000 0.000000 -0.000000 0.999997 -0.002456 2.061423 -0.000000 0.002456 0.999997 -0.094053 0.000000 0.000000 0.000000 1.000000
1.000000 0.000000 0.000000 0.000000 -0.000000 0.999997 -0.002456 2.061423 -0.000000 0.002456 0.999997 -0.094053 0.000000 0.000000 0.000000 1.000000
1.000000 0.000000 0.000000 0.000000 -0.000000 0.999997 -0.002456 2.061423 -0.000000 0.002456 0.999997 -0.094053 0.000000 0.000000 0.000000 1.000000
1.000000 0.000000 0.000000 0.000000 -0.000000 0.999997 -0.002456 2.061423 -0.000000 0.002456 0.999997 -0.094053 0.000000 0.000000 0.000000 1.000000
1.000000 0.000000 0.000000 0.000000 -0.000000 0.999997 -0.002456 2.061423 -0.000000 0.002456 0.999997 -0.094053 0.000000 0.000000 0.000000 1.000000
1.000000 0.000000 0.000000 0.000000 -0.000000 0.999997 -0.002456 2.061423 -0.000000 0.002456 0.999997 -0.094053 0.000000 0.000000 0.000000 1.000000
1.000000 0.000000 0.000000 0.000000 -0.000000 0.999997 -0.002456 2.061423 -0.000000 0.002456 0.999997 -0.094053 0.000000 0.000000 0.000000 1.000000
1.000000 0.000000 0.000000 0.000000 -0.000000 0.999997 -0.002456 2.061423 -0.000000 0.002456 0.999997 -0.094053 0.000000 0.000000 0.000000 1.000000
1.000000 0.000000 0.000000 0.000000 -0.000000 0.999997 -0.002456 2.061423 -0.000000 0.002456 0.999997 -0.094053 0.000000 0.000000 0.000000 1.000000
1.000000 0.000000 0.000000 0.000000 -0.000000 0.999997 -0.002456 2.061423 -0.000000 0.002456 0.999997 -0.094053 0.000000 0.000000 0.000000 1.000000
1.000000 0.000000 0.000000 0.000000 -0.000000 0.999997 -0.002456 2.061423 -0.000000 0.002456 0.999997 -0.094053 0.000000 0.000000 0.000000 1.000000
1.000000 0.000000 0.000000 0.000000 -0.000000 0.999997 -0.002456 2.061423 -0.000000 0.002456 0.999997 -0.094053 0.000000 0.000000 0.000000 1.000000
1.000000 0.000000 0.000000 0.000000 -0.000000 0.999997 -0.002456 2.061423 -0.000000 0.002456 0.999997 -0.094053 0.000000 0.000000 0.000000 1.000000
1.000000 0.000000 0.000000 0.000000 -0.000000 0.999997 -0.002456 2.061423 -0.000000 0.002456 0.999997 -0.094053 0.000000 0.000000 0.000000 1.000000
1.000000 0.000000 0.000000 0.000000 -0.000000 0.999997 -0.002456 2.061423 -0.000000 0.002456 0.999997 -0.094053 0.000000 0.000000 0.000000 1.000000
1.000000 0.000000 0.000000 0.000000 -0.000000 0.999997 -0.002456 2.061423 -0.000000 0.002456 0.999997 -0.094053 0.000000 0.000000 0.000000 1.000000
1.000000 0.000000 0.000000 0.000000 -0.000000 0.999997 -0.002456 2.061423 -0.000000 0.002456 0.999997 -0.094053 0.000000 0.000000 0.000000 1.000000
1.000000 0.000000 0.000000 0.000000 -0.000000 0.999997 -0.002456 2.061423 -0.000000 0.002456 0.999997 -0.094053 0.000000 0.000000 0.000000 1.000000</float_array>
     <technique_common>
      <accessor source="#jnt_hips-Matrix-animation-output-transform-array" count="53" stride="16">
       <param type="float4x4"></param>
      </accessor>
     </technique_common>
    </source>
    <source id="jnt_hips-Interpolations">
     <Name_array id="jnt_hips-Interpolations-array" count="53">
 LINEAR LINEAR LINEAR LINEAR LINEAR LINEAR LINEAR LINEAR LINEAR LINEAR LINEAR
LINEAR LINEAR LINEAR LINEAR LINEAR LINEAR LINEAR LINEAR LINEAR LINEAR LINEAR LINEAR
LINEAR LINEAR LINEAR LINEAR LINEAR LINEAR LINEAR LINEAR LINEAR LINEAR LINEAR LINEAR
LINEAR LINEAR LINEAR LINEAR LINEAR LINEAR LINEAR LINEAR LINEAR LINEAR LINEAR LINEAR
LINEAR LINEAR LINEAR LINEAR LINEAR LINEAR</Name_array>
     <technique_common>
      <accessor source="#jnt_hips-Interpolations-array" count="53">
       <param type="name"></param>
      </accessor>
     </technique_common>
    </source>
    <sampler id="jnt_hips-Matrix-animation-transform">
     <input semantic="INPUT" source="#jnt_hips-Matrix-animation-input"></input>
     <input semantic="OUTPUT" source="#jnt_hips-Matrix-animation-output-transform"></input>
     <input semantic="INTERPOLATION" source="#jnt_hips-Interpolations"></input>
    </sampler>
    <channel source="#jnt_hips-Matrix-animation-transform" target="jnt_hips/matrix"></channel>
   </animation>
  </animation>
  <animation id="jnt_height-anim" name="jnt_height">
   <animation>
    <source id="jnt_height-Matrix-animation-input">
     <float_array id="jnt_height-Matrix-animation-input-array" count="53">

0.000000 0.033333 0.066667 0.100000 0.133333 0.166667 0.200000 0.233333 0.266667 0.300000 0.333333 0.366667 0.400000 0.433333 0.466667 0.500000
0.533333 0.566667 0.600000 0.633333 0.666667 0.700000 0.733333 0.766667 0.800000 0.833333 0.866667 0.900000 0.933333 0.966667 1.000000 1.033333
1.066667 1.100000 1.133333 1.166667 1.200000 1.233333 1.266667 1.300000 1.333333 1.366667 1.400000 1.433333 1.466667 1.500000 1.533333 1.566667
1.600000 1.633333 1.666667 1.700000 1.733333</float_array>
     <technique_common>
      <accessor source="#jnt_height-Matrix-animation-input-array" count="53">
       <param name="TIME" type="float"></param>
      </accessor>
     </technique_common>
    </source>
    <source id="jnt_height-Matrix-animation-output-transform">
     <float_array id="jnt_height-Matrix-animation-output-transform-array" count="848">

1.000000 0.000000 0.000000 -0.000000 -0.000000 0.999997 -0.002456 -0.000000 -0.000000 0.002456 0.999997 0.000000 0.000000 0.000000 0.000000 1.000000
1.000000 0.000000 0.000000 -0.000000 -0.000000 0.999997 -0.002456 -0.000000 -0.000000 0.002456 0.999997 0.000000 0.000000 0.000000 0.000000 1.000000
1.000000 0.000000 0.000000 -0.000000 -0.000000 0.999997 -0.002456 -0.000000 -0.000000 0.002456 0.999997 0.000000 0.000000 0.000000 0.000000 1.000000
1.000000 0.000000 0.000000 -0.000000 -0.000000 0.999997 -0.002456 -0.000000 -0.000000 0.002456 0.999997 0.000000 0.000000 0.000000 0.000000 1.000000
1.000000 0.000000 0.000000 -0.000000 -0.000000 0.999997 -0.002456 -0.000000 -0.000000 0.002456 0.999997 0.000000 0.000000 0.000000 0.000000 1.000000
1.000000 0.000000 0.000000 -0.000000 -0.000000 0.999997 -0.002456 -0.000000 -0.000000 0.002456 0.999997 0.000000 0.000000 0.000000 0.000000 1.000000
1.000000 0.000000 0.000000 -0.000000 -0.000000 0.999997 -0.002456 -0.000000 -0.000000 0.002456 0.999997 0.000000 0.000000 0.000000 0.000000 1.000000
1.000000 0.000000 0.000000 -0.000000 -0.000000 0.999997 -0.002456 -0.000000 -0.000000 0.002456 0.999997 0.000000 0.000000 0.000000 0.000000 1.000000
1.000000 0.000000 0.000000 -0.000000 -0.000000 0.999997 -0.002456 -0.000000 -0.000000 0.002456 0.999997 0.000000 0.000000 0.000000 0.000000 1.000000
1.000000 0.000000 0.000000 -0.000000 -0.000000 0.999997 -0.002456 -0.000000 -0.000000 0.002456 0.999997 0.000000 0.000000 0.000000 0.000000 1.000000
1.000000 0.000000 0.000000 -0.000000 -0.000000 0.999997 -0.002456 -0.000000 -0.000000 0.002456 0.999997 0.000000 0.000000 0.000000 0.000000 1.000000
1.000000 0.000000 0.000000 -0.000000 -0.000000 0.999997 -0.002456 -0.000000 -0.000000 0.002456 0.999997 0.000000 0.000000 0.000000 0.000000 1.000000
1.000000 0.000000 0.000000 -0.000000 -0.000000 0.999997 -0.002456 -0.000000 -0.000000 0.002456 0.999997 0.000000 0.000000 0.000000 0.000000 1.000000
1.000000 0.000000 0.000000 -0.000000 -0.000000 0.999997 -0.002456 -0.000000 -0.000000 0.002456 0.999997 0.000000 0.000000 0.000000 0.000000 1.000000
1.000000 0.000000 0.000000 -0.000000 -0.000000 0.999997 -0.002456 -0.000000 -0.000000 0.002456 0.999997 0.000000 0.000000 0.000000 0.000000 1.000000
1.000000 0.000000 0.000000 -0.000000 -0.000000 0.999997 -0.002456 -0.000000 -0.000000 0.002456 0.999997 0.000000 0.000000 0.000000 0.000000 1.000000
1.000000 0.000000 0.000000 -0.000000 -0.000000 0.999997 -0.002456 -0.000000 -0.000000 0.002456 0.999997 0.000000 0.000000 0.000000 0.000000 1.000000
1.000000 0.000000 0.000000 -0.000000 -0.000000 0.999997 -0.002456 -0.000000 -0.000000 0.002456 0.999997 0.000000 0.000000 0.000000 0.000000 1.000000
1.000000 0.000000 0.000000 -0.000000 -0.000000 0.999997 -0.002456 -0.000000 -0.000000 0.002456 0.999997 0.000000 0.000000 0.000000 0.000000 1.000000
1.000000 0.000000 0.000000 -0.000000 -0.000000 0.999997 -0.002456 -0.000000 -0.000000 0.002456 0.999997 0.000000 0.000000 0.000000 0.000000 1.000000
1.000000 0.000000 0.000000 -0.000000 -0.000000 0.999997 -0.002456 -0.000000 -0.000000 0.002456 0.999997 0.000000 0.000000 0.000000 0.000000 1.000000
1.000000 0.000000 0.000000 -0.000000 -0.000000 0.999997 -0.002456 -0.000000 -0.000000 0.002456 0.999997 0.000000 0.000000 0.000000 0.000000 1.000000
1.000000 0.000000 0.000000 -0.000000 -0.000000 0.999997 -0.002456 -0.000000 -0.000000 0.002456 0.999997 0.000000 0.000000 0.000000 0.000000 1.000000
1.000000 0.000000 0.000000 -0.000000 -0.000000 0.999997 -0.002456 -0.000000 -0.000000 0.002456 0.999997 0.000000 0.000000 0.000000 0.000000 1.000000
1.000000 0.000000 0.000000 -0.000000 -0.000000 0.999997 -0.002456 -0.000000 -0.000000 0.002456 0.999997 0.000000 0.000000 0.000000 0.000000 1.000000
1.000000 0.000000 0.000000 -0.000000 -0.000000 0.999997 -0.002456 -0.000000 -0.000000 0.002456 0.999997 0.000000 0.000000 0.000000 0.000000 1.000000
1.000000 0.000000 0.000000 -0.000000 -0.000000 0.999997 -0.002456 -0.000000 -0.000000 0.002456 0.999997 0.000000 0.000000 0.000000 0.000000 1.000000
1.000000 0.000000 0.000000 -0.000000 -0.000000 0.999997 -0.002456 -0.000000 -0.000000 0.002456 0.999997 0.000000 0.000000 0.000000 0.000000 1.000000
1.000000 0.000000 0.000000 -0.000000 -0.000000 0.999997 -0.002456 -0.000000 -0.000000 0.002456 0.999997 0.000000 0.000000 0.000000 0.000000 1.000000
1.000000 0.000000 0.000000 -0.000000 -0.000000 0.999997 -0.002456 -0.000000 -0.000000 0.002456 0.999997 0.000000 0.000000 0.000000 0.000000 1.000000
1.000000 0.000000 0.000000 -0.000000 -0.000000 0.999997 -0.002456 -0.000000 -0.000000 0.002456 0.999997 0.000000 0.000000 0.000000 0.000000 1.000000
1.000000 0.000000 0.000000 -0.000000 -0.000000 0.999997 -0.002456 -0.000000 -0.000000 0.002456 0.999997 0.000000 0.000000 0.000000 0.000000 1.000000
1.000000 0.000000 0.000000 -0.000000 -0.000000 0.999997 -0.002456 -0.000000 -0.000000 0.002456 0.999997 0.000000 0.000000 0.000000 0.000000 1.000000
1.000000 0.000000 0.000000 -0.000000 -0.000000 0.999997 -0.002456 -0.000000 -0.000000 0.002456 0.999997 0.000000 0.000000 0.000000 0.000000 1.000000
1.000000 0.000000 0.000000 -0.000000 -0.000000 0.999997 -0.002456 -0.000000 -0.000000 0.002456 0.999997 0.000000 0.000000 0.000000 0.000000 1.000000
1.000000 0.000000 0.000000 -0.000000 -0.000000 0.999997 -0.002456 -0.000000 -0.000000 0.002456 0.999997 0.000000 0.000000 0.000000 0.000000 1.000000
1.000000 0.000000 0.000000 -0.000000 -0.000000 0.999997 -0.002456 -0.000000 -0.000000 0.002456 0.999997 0.000000 0.000000 0.000000 0.000000 1.000000
1.000000 0.000000 0.000000 -0.000000 -0.000000 0.999997 -0.002456 -0.000000 -0.000000 0.002456 0.999997 0.000000 0.000000 0.000000 0.000000 1.000000
1.000000 0.000000 0.000000 -0.000000 -0.000000 0.999997 -0.002456 -0.000000 -0.000000 0.002456 0.999997 0.000000 0.000000 0.000000 0.000000 1.000000
1.000000 0.000000 0.000000 -0.000000 -0.000000 0.999997 -0.002456 -0.000000 -0.000000 0.002456 0.999997 0.000000 0.000000 0.000000 0.000000 1.000000
1.000000 0.000000 0.000000 -0.000000 -0.000000 0.999997 -0.002456 -0.000000 -0.000000 0.002456 0.999997 0.000000 0.000000 0.000000 0.000000 1.000000
1.000000 0.000000 0.000000 -0.000000 -0.000000 0.999997 -0.002456 -0.000000 -0.000000 0.002456 0.999997 0.000000 0.000000 0.000000 0.000000 1.000000
1.000000 0.000000 0.000000 -0.000000 -0.000000 0.999997 -0.002456 -0.000000 -0.000000 0.002456 0.999997 0.000000 0.000000 0.000000 0.000000 1.000000
1.000000 0.000000 0.000000 -0.000000 -0.000000 0.999997 -0.002456 -0.000000 -0.000000 0.002456 0.999997 0.000000 0.000000 0.000000 0.000000 1.000000
1.000000 0.000000 0.000000 -0.000000 -0.000000 0.999997 -0.002456 -0.000000 -0.000000 0.002456 0.999997 0.000000 0.000000 0.000000 0.000000 1.000000
1.000000 0.000000 0.000000 -0.000000 -0.000000 0.999997 -0.002456 -0.000000 -0.000000 0.002456 0.999997 0.000000 0.000000 0.000000 0.000000 1.000000
1.000000 0.000000 0.000000 -0.000000 -0.000000 0.999997 -0.002456 -0.000000 -0.000000 0.002456 0.999997 0.000000 0.000000 0.000000 0.000000 1.000000
1.000000 0.000000 0.000000 -0.000000 -0.000000 0.999997 -0.002456 -0.000000 -0.000000 0.002456 0.999997 0.000000 0.000000 0.000000 0.000000 1.000000
1.000000 0.000000 0.000000 -0.000000 -0.000000 0.999997 -0.002456 -0.000000 -0.000000 0.002456 0.999997 0.000000 0.000000 0.000000 0.000000 1.000000
1.000000 0.000000 0.000000 -0.000000 -0.000000 0.999997 -0.002456 -0.000000 -0.000000 0.002456 0.999997 0.000000 0.000000 0.000000 0.000000 1.000000
1.000000 0.000000 0.000000 -0.000000 -0.000000 0.999997 -0.002456 -0.000000 -0.000000 0.002456 0.999997 0.000000 0.000000 0.000000 0.000000 1.000000
1.000000 0.000000 0.000000 -0.000000 -0.000000 0.999997 -0.002456 -0.000000 -0.000000 0.002456 0.999997 0.000000 0.000000 0.000000 0.000000 1.000000
1.000000 0.000000 0.000000 -0.000000 -0.000000 0.999997 -0.002456 -0.000000 -0.000000 0.002456 0.999997 0.000000 0.000000 0.000000 0.000000 1.000000</float_array>
     <technique_common>
      <accessor source="#jnt_height-Matrix-animation-output-transform-array" count="53" stride="16">
       <param type="float4x4"></param>
      </accessor>
     </technique_common>
    </source>
    <source id="jnt_height-Interpolations">
     <Name_array id="jnt_height-Interpolations-array" count="53">
 LINEAR LINEAR LINEAR LINEAR LINEAR LINEAR LINEAR LINEAR LINEAR LINEAR LINEAR
LINEAR LINEAR LINEAR LINEAR LINEAR LINEAR LINEAR LINEAR LINEAR LINEAR LINEAR LINEAR
LINEAR LINEAR LINEAR LINEAR LINEAR LINEAR LINEAR LINEAR LINEAR LINEAR LINEAR LINEAR
LINEAR LINEAR LINEAR LINEAR LINEAR LINEAR LINEAR LINEAR LINEAR LINEAR LINEAR LINEAR
LINEAR LINEAR LINEAR LINEAR LINEAR LINEAR</Name_array>
     <technique_common>
      <accessor source="#jnt_height-Interpolations-array" count="53">
       <param type="name"></param>
      </accessor>
     </technique_common>
    </source>
    <sampler id="jnt_height-Matrix-animation-transform">
     <input semantic="INPUT" source="#jnt_height-Matrix-animation-input"></input>
     <input semantic="OUTPUT" source="#jnt_height-Matrix-animation-output-transform"></input>
     <input semantic="INTERPOLATION" source="#jnt_height-Interpolations"></input>
    </sampler>
    <channel source="#jnt_height-Matrix-animation-transform" target="jnt_height/matrix"></channel>
   </animation>
  </animation>
  <animation id="jnt_spine1-anim" name="jnt_spine1">
   <animation>
    <source id="jnt_spine1-Matrix-animation-input">
     <float_array id="jnt_spine1-Matrix-animation-input-array" count="53">

0.000000 0.033333 0.066667 0.100000 0.133333 0.166667 0.200000 0.233333 0.266667 0.300000 0.333333 0.366667 0.400000 0.433333 0.466667 0.500000
0.533333 0.566667 0.600000 0.633333 0.666667 0.700000 0.733333 0.766667 0.800000 0.833333 0.866667 0.900000 0.933333 0.966667 1.000000 1.033333
1.066667 1.100000 1.133333 1.166667 1.200000 1.233333 1.266667 1.300000 1.333333 1.366667 1.400000 1.433333 1.466667 1.500000 1.533333 1.566667
1.600000 1.633333 1.666667 1.700000 1.733333</float_array>
     <technique_common>
      <accessor source="#jnt_spine1-Matrix-animation-input-array" count="53">
       <param name="TIME" type="float"></param>
      </accessor>
     </technique_common>
    </source>
    <source id="jnt_spine1-Matrix-animation-output-transform">
     <float_array id="jnt_spine1-Matrix-animation-output-transform-array" count="848">

0.000000 0.000000 1.000000 0.000000 0.999914 -0.013155 -0.000000 0.212132 0.013155 0.999914 -0.000000 0.023482 0.000000 0.000000 0.000000 1.000000
0.000000 0.000000 1.000000 0.000000 0.999914 -0.013155 -0.000000 0.212132 0.013155 0.999914 -0.000000 0.023482 0.000000 0.000000 0.000000 1.000000
0.000000 0.000000 1.000000 0.000000 0.999914 -0.013155 -0.000000 0.212132 0.013155 0.999914 -0.000000 0.023482 0.000000 0.000000 0.000000 1.000000
0.000000 0.000000 1.000000 0.000000 0.999914 -0.013155 -0.000000 0.212132 0.013155 0.999914 -0.000000 0.023482 0.000000 0.000000 0.000000 1.000000
0.000000 0.000000 1.000000 0.000000 0.999914 -0.013155 -0.000000 0.212132 0.013155 0.999914 -0.000000 0.023482 0.000000 0.000000 0.000000 1.000000
0.000000 0.000000 1.000000 0.000000 0.999914 -0.013155 -0.000000 0.212132 0.013155 0.999914 -0.000000 0.023482 0.000000 0.000000 0.000000 1.000000
0.000000 0.000000 1.000000 0.000000 0.999914 -0.013155 -0.000000 0.212132 0.013155 0.999914 -0.000000 0.023482 0.000000 0.000000 0.000000 1.000000
0.000000 0.000000 1.000000 0.000000 0.999914 -0.013155 -0.000000 0.212132 0.013155 0.999914 -0.000000 0.023482 0.000000 0.000000 0.000000 1.000000
0.000000 0.000000 1.000000 0.000000 0.999914 -0.013155 -0.000000 0.212132 0.013155 0.999914 -0.000000 0.023482 0.000000 0.000000 0.000000 1.000000
0.000000 0.000000 1.000000 0.000000 0.999914 -0.013155 -0.000000 0.212132 0.013155 0.999914 -0.000000 0.023482 0.000000 0.000000 0.000000 1.000000
0.000000 0.000000 1.000000 0.000000 0.999914 -0.013155 -0.000000 0.212132 0.013155 0.999914 -0.000000 0.023482 0.000000 0.000000 0.000000 1.000000
0.000000 0.000000 1.000000 0.000000 0.999914 -0.013155 -0.000000 0.212132 0.013155 0.999914 -0.000000 0.023482 0.000000 0.000000 0.000000 1.000000
0.000000 0.000000 1.000000 0.000000 0.999914 -0.013155 -0.000000 0.212132 0.013155 0.999914 -0.000000 0.023482 0.000000 0.000000 0.000000 1.000000
0.000000 0.000000 1.000000 0.000000 0.999914 -0.013155 -0.000000 0.212132 0.013155 0.999914 -0.000000 0.023482 0.000000 0.000000 0.000000 1.000000
0.000000 0.000000 1.000000 0.000000 0.999914 -0.013155 -0.000000 0.212132 0.013155 0.999914 -0.000000 0.023482 0.000000 0.000000 0.000000 1.000000
0.000000 0.000000 1.000000 0.000000 0.999914 -0.013155 -0.000000 0.212132 0.013155 0.999914 -0.000000 0.023482 0.000000 0.000000 0.000000 1.000000
0.000000 0.000000 1.000000 0.000000 0.999914 -0.013155 -0.000000 0.212132 0.013155 0.999914 -0.000000 0.023482 0.000000 0.000000 0.000000 1.000000
0.000000 0.000000 1.000000 0.000000 0.999914 -0.013155 -0.000000 0.212132 0.013155 0.999914 -0.000000 0.023482 0.000000 0.000000 0.000000 1.000000
0.000000 0.000000 1.000000 0.000000 0.999914 -0.013155 -0.000000 0.212132 0.013155 0.999914 -0.000000 0.023482 0.000000 0.000000 0.000000 1.000000
0.000000 0.000000 1.000000 0.000000 0.999914 -0.013155 -0.000000 0.212132 0.013155 0.999914 -0.000000 0.023482 0.000000 0.000000 0.000000 1.000000
0.000000 0.000000 1.000000 0.000000 0.999914 -0.013155 -0.000000 0.212132 0.013155 0.999914 -0.000000 0.023482 0.000000 0.000000 0.000000 1.000000
0.000000 0.000000 1.000000 0.000000 0.999914 -0.013155 -0.000000 0.212132 0.013155 0.999914 -0.000000 0.023482 0.000000 0.000000 0.000000 1.000000
0.000000 0.000000 1.000000 0.000000 0.999914 -0.013155 -0.000000 0.212132 0.013155 0.999914 -0.000000 0.023482 0.000000 0.000000 0.000000 1.000000
0.000000 0.000000 1.000000 0.000000 0.999914 -0.013155 -0.000000 0.212132 0.013155 0.999914 -0.000000 0.023482 0.000000 0.000000 0.000000 1.000000
0.000000 0.000000 1.000000 0.000000 0.999914 -0.013155 -0.000000 0.212132 0.013155 0.999914 -0.000000 0.023482 0.000000 0.000000 0.000000 1.000000
0.000000 0.000000 1.000000 0.000000 0.999914 -0.013155 -0.000000 0.212132 0.013155 0.999914 -0.000000 0.023482 0.000000 0.000000 0.000000 1.000000
0.000000 0.000000 1.000000 0.000000 0.999914 -0.013155 -0.000000 0.212132 0.013155 0.999914 -0.000000 0.023482 0.000000 0.000000 0.000000 1.000000
0.000000 0.000000 1.000000 0.000000 0.999914 -0.013155 -0.000000 0.212132 0.013155 0.999914 -0.000000 0.023482 0.000000 0.000000 0.000000 1.000000
0.000000 0.000000 1.000000 0.000000 0.999914 -0.013155 -0.000000 0.212132 0.013155 0.999914 -0.000000 0.023482 0.000000 0.000000 0.000000 1.000000
0.000000 0.000000 1.000000 0.000000 0.999914 -0.013155 -0.000000 0.212132 0.013155 0.999914 -0.000000 0.023482 0.000000 0.000000 0.000000 1.000000
0.000000 0.000000 1.000000 0.000000 0.999914 -0.013155 -0.000000 0.212132 0.013155 0.999914 -0.000000 0.023482 0.000000 0.000000 0.000000 1.000000
0.000000 0.000000 1.000000 0.000000 0.999914 -0.013155 -0.000000 0.212132 0.013155 0.999914 -0.000000 0.023482 0.000000 0.000000 0.000000 1.000000
0.000000 0.000000 1.000000 0.000000 0.999914 -0.013155 -0.000000 0.212132 0.013155 0.999914 -0.000000 0.023482 0.000000 0.000000 0.000000 1.000000
0.000000 0.000000 1.000000 0.000000 0.999914 -0.013155 -0.000000 0.212132 0.013155 0.999914 -0.000000 0.023482 0.000000 0.000000 0.000000 1.000000
0.000000 0.000000 1.000000 0.000000 0.999914 -0.013155 -0.000000 0.212132 0.013155 0.999914 -0.000000 0.023482 0.000000 0.000000 0.000000 1.000000
0.000000 0.000000 1.000000 0.000000 0.999914 -0.013155 -0.000000 0.212132 0.013155 0.999914 -0.000000 0.023482 0.000000 0.000000 0.000000 1.000000
0.000000 0.000000 1.000000 0.000000 0.999914 -0.013155 -0.000000 0.212132 0.013155 0.999914 -0.000000 0.023482 0.000000 0.000000 0.000000 1.000000
0.000000 0.000000 1.000000 0.000000 0.999914 -0.013155 -0.000000 0.212132 0.013155 0.999914 -0.000000 0.023482 0.000000 0.000000 0.000000 1.000000
0.000000 0.000000 1.000000 0.000000 0.999914 -0.013155 -0.000000 0.212132 0.013155 0.999914 -0.000000 0.023482 0.000000 0.000000 0.000000 1.000000
0.000000 0.000000 1.000000 0.000000 0.999914 -0.013155 -0.000000 0.212132 0.013155 0.999914 -0.000000 0.023482 0.000000 0.000000 0.000000 1.000000
0.000000 0.000000 1.000000 0.000000 0.999914 -0.013155 -0.000000 0.212132 0.013155 0.999914 -0.000000 0.023482 0.000000 0.000000 0.000000 1.000000
0.000000 0.000000 1.000000 0.000000 0.999914 -0.013155 -0.000000 0.212132 0.013155 0.999914 -0.000000 0.023482 0.000000 0.000000 0.000000 1.000000
0.000000 0.000000 1.000000 0.000000 0.999914 -0.013155 -0.000000 0.212132 0.013155 0.999914 -0.000000 0.023482 0.000000 0.000000 0.000000 1.000000
0.000000 0.000000 1.000000 0.000000 0.999914 -0.013155 -0.000000 0.212132 0.013155 0.999914 -0.000000 0.023482 0.000000 0.000000 0.000000 1.000000
0.000000 0.000000 1.000000 0.000000 0.999914 -0.013155 -0.000000 0.212132 0.013155 0.999914 -0.000000 0.023482 0.000000 0.000000 0.000000 1.000000
0.000000 0.000000 1.000000 0.000000 0.999914 -0.013155 -0.000000 0.212132 0.013155 0.999914 -0.000000 0.023482 0.000000 0.000000 0.000000 1.000000
0.000000 0.000000 1.000000 0.000000 0.999914 -0.013155 -0.000000 0.212132 0.013155 0.999914 -0.000000 0.023482 0.000000 0.000000 0.000000 1.000000
0.000000 0.000000 1.000000 0.000000 0.999914 -0.013155 -0.000000 0.212132 0.013155 0.999914 -0.000000 0.023482 0.000000 0.000000 0.000000 1.000000
0.000000 0.000000 1.000000 0.000000 0.999914 -0.013155 -0.000000 0.212132 0.013155 0.999914 -0.000000 0.023482 0.000000 0.000000 0.000000 1.000000
0.000000 0.000000 1.000000 0.000000 0.999914 -0.013155 -0.000000 0.212132 0.013155 0.999914 -0.000000 0.023482 0.000000 0.000000 0.000000 1.000000
0.000000 0.000000 1.000000 0.000000 0.999914 -0.013155 -0.000000 0.212132 0.013155 0.999914 -0.000000 0.023482 0.000000 0.000000 0.000000 1.000000
0.000000 0.000000 1.000000 0.000000 0.999914 -0.013155 -0.000000 0.212132 0.013155 0.999914 -0.000000 0.023482 0.000000 0.000000 0.000000 1.000000
0.000000 0.000000 1.000000 0.000000 0.999914 -0.013155 -0.000000 0.212132 0.013155 0.999914 -0.000000 0.023482 0.000000 0.000000 0.000000 1.000000</float_array>
     <technique_common>
      <accessor source="#jnt_spine1-Matrix-animation-output-transform-array" count="53" stride="16">
       <param type="float4x4"></param>
      </accessor>
     </technique_common>
    </source>
    <source id="jnt_spine1-Interpolations">
     <Name_array id="jnt_spine1-Interpolations-array" count="53">
 LINEAR LINEAR LINEAR LINEAR LINEAR LINEAR LINEAR LINEAR LINEAR LINEAR LINEAR
LINEAR LINEAR LINEAR LINEAR LINEAR LINEAR LINEAR LINEAR LINEAR LINEAR LINEAR LINEAR
LINEAR LINEAR LINEAR LINEAR LINEAR LINEAR LINEAR LINEAR LINEAR LINEAR LINEAR LINEAR
LINEAR LINEAR LINEAR LINEAR LINEAR LINEAR LINEAR LINEAR LINEAR LINEAR LINEAR LINEAR
LINEAR LINEAR LINEAR LINEAR LINEAR LINEAR</Name_array>
     <technique_common>
      <accessor source="#jnt_spine1-Interpolations-array" count="53">
       <param type="name"></param>
      </accessor>
     </technique_common>
    </source>
    <sampler id="jnt_spine1-Matrix-animation-transform">
     <input semantic="INPUT" source="#jnt_spine1-Matrix-animation-input"></input>
     <input semantic="OUTPUT" source="#jnt_spine1-Matrix-animation-output-transform"></input>
     <input semantic="INTERPOLATION" source="#jnt_spine1-Interpolations"></input>
    </sampler>
    <channel source="#jnt_spine1-Matrix-animation-transform" target="jnt_spine1/matrix"></channel>
   </animation>
  </animation>
  <animation id="jnt_spine2-anim" name="jnt_spine2">
   <animation>
    <source id="jnt_spine2-Matrix-animation-input">
     <float_array id="jnt_spine2-Matrix-animation-input-array" count="53">

0.000000 0.033333 0.066667 0.100000 0.133333 0.166667 0.200000 0.233333 0.266667 0.300000 0.333333 0.366667 0.400000 0.433333 0.466667 0.500000
0.533333 0.566667 0.600000 0.633333 0.666667 0.700000 0.733333 0.766667 0.800000 0.833333 0.866667 0.900000 0.933333 0.966667 1.000000 1.033333
1.066667 1.100000 1.133333 1.166667 1.200000 1.233333 1.266667 1.300000 1.333333 1.366667 1.400000 1.433333 1.466667 1.500000 1.533333 1.566667
1.600000 1.633333 1.666667 1.700000 1.733333</float_array>
     <technique_common>
      <accessor source="#jnt_spine2-Matrix-animation-input-array" count="53">
       <param name="TIME" type="float"></param>
      </accessor>
     </technique_common>
    </source>
    <source id="jnt_spine2-Matrix-animation-output-transform">
     <float_array id="jnt_spine2-Matrix-animation-output-transform-array" count="848">

0.998580 0.053271 -0.000000 0.426848 -0.053271 0.998580 -0.000000 0.000003 0.000000 0.000000 1.000000 -0.000000 0.000000 0.000000 0.000000 1.000000
0.998580 0.053271 -0.000000 0.426848 -0.053271 0.998580 -0.000000 0.000003 0.000000 0.000000 1.000000 -0.000000 0.000000 0.000000 0.000000 1.000000
0.998580 0.053271 -0.000000 0.426848 -0.053271 0.998580 -0.000000 0.000003 0.000000 0.000000 1.000000 -0.000000 0.000000 0.000000 0.000000 1.000000
0.998580 0.053271 -0.000000 0.426848 -0.053271 0.998580 -0.000000 0.000003 0.000000 0.000000 1.000000 -0.000000 0.000000 0.000000 0.000000 1.000000
0.998580 0.053271 -0.000000 0.426848 -0.053271 0.998580 -0.000000 0.000003 0.000000 0.000000 1.000000 -0.000000 0.000000 0.000000 0.000000 1.000000
0.998580 0.053271 -0.000000 0.426848 -0.053271 0.998580 -0.000000 0.000003 0.000000 0.000000 1.000000 -0.000000 0.000000 0.000000 0.000000 1.000000
0.998580 0.053271 -0.000000 0.426848 -0.053271 0.998580 -0.000000 0.000003 0.000000 0.000000 1.000000 -0.000000 0.000000 0.000000 0.000000 1.000000
0.998580 0.053271 -0.000000 0.426848 -0.053271 0.998580 -0.000000 0.000003 0.000000 0.000000 1.000000 -0.000000 0.000000 0.000000 0.000000 1.000000
0.998580 0.053271 -0.000000 0.426848 -0.053271 0.998580 -0.000000 0.000003 0.000000 0.000000 1.000000 -0.000000 0.000000 0.000000 0.000000 1.000000
0.998580 0.053271 -0.000000 0.426848 -0.053271 0.998580 -0.000000 0.000003 0.000000 0.000000 1.000000 -0.000000 0.000000 0.000000 0.000000 1.000000
0.998580 0.053271 -0.000000 0.426848 -0.053271 0.998580 -0.000000 0.000003 0.000000 0.000000 1.000000 -0.000000 0.000000 0.000000 0.000000 1.000000
0.998580 0.053271 -0.000000 0.426848 -0.053271 0.998580 -0.000000 0.000003 0.000000 0.000000 1.000000 -0.000000 0.000000 0.000000 0.000000 1.000000
0.998580 0.053271 -0.000000 0.426848 -0.053271 0.998580 -0.000000 0.000003 0.000000 0.000000 1.000000 -0.000000 0.000000 0.000000 0.000000 1.000000
0.998580 0.053271 -0.000000 0.426848 -0.053271 0.998580 -0.000000 0.000003 0.000000 0.000000 1.000000 -0.000000 0.000000 0.000000 0.000000 1.000000
0.998580 0.053271 -0.000000 0.426848 -0.053271 0.998580 -0.000000 0.000003 0.000000 0.000000 1.000000 -0.000000 0.000000 0.000000 0.000000 1.000000
0.998580 0.053271 -0.000000 0.426848 -0.053271 0.998580 -0.000000 0.000003 0.000000 0.000000 1.000000 -0.000000 0.000000 0.000000 0.000000 1.000000
0.998580 0.053271 -0.000000 0.426848 -0.053271 0.998580 -0.000000 0.000003 0.000000 0.000000 1.000000 -0.000000 0.000000 0.000000 0.000000 1.000000
0.998580 0.053271 -0.000000 0.426848 -0.053271 0.998580 -0.000000 0.000003 0.000000 0.000000 1.000000 -0.000000 0.000000 0.000000 0.000000 1.000000
0.998580 0.053271 -0.000000 0.426848 -0.053271 0.998580 -0.000000 0.000003 0.000000 0.000000 1.000000 -0.000000 0.000000 0.000000 0.000000 1.000000
0.998580 0.053271 -0.000000 0.426848 -0.053271 0.998580 -0.000000 0.000003 0.000000 0.000000 1.000000 -0.000000 0.000000 0.000000 0.000000 1.000000
0.998580 0.053271 -0.000000 0.426848 -0.053271 0.998580 -0.000000 0.000003 0.000000 0.000000 1.000000 -0.000000 0.000000 0.000000 0.000000 1.000000
0.998580 0.053271 -0.000000 0.426848 -0.053271 0.998580 -0.000000 0.000003 0.000000 0.000000 1.000000 -0.000000 0.000000 0.000000 0.000000 1.000000
0.998580 0.053271 -0.000000 0.426848 -0.053271 0.998580 -0.000000 0.000003 0.000000 0.000000 1.000000 -0.000000 0.000000 0.000000 0.000000 1.000000
0.998580 0.053271 -0.000000 0.426848 -0.053271 0.998580 -0.000000 0.000003 0.000000 0.000000 1.000000 -0.000000 0.000000 0.000000 0.000000 1.000000
0.998580 0.053271 -0.000000 0.426848 -0.053271 0.998580 -0.000000 0.000003 0.000000 0.000000 1.000000 -0.000000 0.000000 0.000000 0.000000 1.000000
0.998580 0.053271 -0.000000 0.426848 -0.053271 0.998580 -0.000000 0.000003 0.000000 0.000000 1.000000 -0.000000 0.000000 0.000000 0.000000 1.000000
0.998580 0.053271 -0.000000 0.426848 -0.053271 0.998580 -0.000000 0.000003 0.000000 0.000000 1.000000 -0.000000 0.000000 0.000000 0.000000 1.000000
0.998580 0.053271 -0.000000 0.426848 -0.053271 0.998580 -0.000000 0.000003 0.000000 0.000000 1.000000 -0.000000 0.000000 0.000000 0.000000 1.000000
0.998580 0.053271 -0.000000 0.426848 -0.053271 0.998580 -0.000000 0.000003 0.000000 0.000000 1.000000 -0.000000 0.000000 0.000000 0.000000 1.000000
0.998580 0.053271 -0.000000 0.426848 -0.053271 0.998580 -0.000000 0.000003 0.000000 0.000000 1.000000 -0.000000 0.000000 0.000000 0.000000 1.000000
0.998580 0.053271 -0.000000 0.426848 -0.053271 0.998580 -0.000000 0.000003 0.000000 0.000000 1.000000 -0.000000 0.000000 0.000000 0.000000 1.000000
0.998580 0.053271 -0.000000 0.426848 -0.053271 0.998580 -0.000000 0.000003 0.000000 0.000000 1.000000 -0.000000 0.000000 0.000000 0.000000 1.000000
0.998580 0.053271 -0.000000 0.426848 -0.053271 0.998580 -0.000000 0.000003 0.000000 0.000000 1.000000 -0.000000 0.000000 0.000000 0.000000 1.000000
0.998580 0.053271 -0.000000 0.426848 -0.053271 0.998580 -0.000000 0.000003 0.000000 0.000000 1.000000 -0.000000 0.000000 0.000000 0.000000 1.000000
0.998580 0.053271 -0.000000 0.426848 -0.053271 0.998580 -0.000000 0.000003 0.000000 0.000000 1.000000 -0.000000 0.000000 0.000000 0.000000 1.000000
0.998580 0.053271 -0.000000 0.426848 -0.053271 0.998580 -0.000000 0.000003 0.000000 0.000000 1.000000 -0.000000 0.000000 0.000000 0.000000 1.000000
0.998580 0.053271 -0.000000 0.426848 -0.053271 0.998580 -0.000000 0.000003 0.000000 0.000000 1.000000 -0.000000 0.000000 0.000000 0.000000 1.000000
0.998580 0.053271 -0.000000 0.426848 -0.053271 0.998580 -0.000000 0.000003 0.000000 0.000000 1.000000 -0.000000 0.000000 0.000000 0.000000 1.000000
0.998580 0.053271 -0.000000 0.426848 -0.053271 0.998580 -0.000000 0.000003 0.000000 0.000000 1.000000 -0.000000 0.000000 0.000000 0.000000 1.000000
0.998580 0.053271 -0.000000 0.426848 -0.053271 0.998580 -0.000000 0.000003 0.000000 0.000000 1.000000 -0.000000 0.000000 0.000000 0.000000 1.000000
0.998580 0.053271 -0.000000 0.426848 -0.053271 0.998580 -0.000000 0.000003 0.000000 0.000000 1.000000 -0.000000 0.000000 0.000000 0.000000 1.000000
0.998580 0.053271 -0.000000 0.426848 -0.053271 0.998580 -0.000000 0.000003 0.000000 0.000000 1.000000 -0.000000 0.000000 0.000000 0.000000 1.000000
0.998580 0.053271 -0.000000 0.426848 -0.053271 0.998580 -0.000000 0.000003 0.000000 0.000000 1.000000 -0.000000 0.000000 0.000000 0.000000 1.000000
0.998580 0.053271 -0.000000 0.426848 -0.053271 0.998580 -0.000000 0.000003 0.000000 0.000000 1.000000 -0.000000 0.000000 0.000000 0.000000 1.000000
0.998580 0.053271 -0.000000 0.426848 -0.053271 0.998580 -0.000000 0.000003 0.000000 0.000000 1.000000 -0.000000 0.000000 0.000000 0.000000 1.000000
0.998580 0.053271 -0.000000 0.426848 -0.053271 0.998580 -0.000000 0.000003 0.000000 0.000000 1.000000 -0.000000 0.000000 0.000000 0.000000 1.000000
0.998580 0.053271 -0.000000 0.426848 -0.053271 0.998580 -0.000000 0.000003 0.000000 0.000000 1.000000 -0.000000 0.000000 0.000000 0.000000 1.000000
0.998580 0.053271 -0.000000 0.426848 -0.053271 0.998580 -0.000000 0.000003 0.000000 0.000000 1.000000 -0.000000 0.000000 0.000000 0.000000 1.000000
0.998580 0.053271 -0.000000 0.426848 -0.053271 0.998580 -0.000000 0.000003 0.000000 0.000000 1.000000 -0.000000 0.000000 0.000000 0.000000 1.000000
0.998580 0.053271 -0.000000 0.426848 -0.053271 0.998580 -0.000000 0.000003 0.000000 0.000000 1.000000 -0.000000 0.000000 0.000000 0.000000 1.000000
0.998580 0.053271 -0.000000 0.426848 -0.053271 0.998580 -0.000000 0.000003 0.000000 0.000000 1.000000 -0.000000 0.000000 0.000000 0.000000 1.000000
0.998580 0.053271 -0.000000 0.426848 -0.053271 0.998580 -0.000000 0.000003 0.000000 0.000000 1.000000 -0.000000 0.000000 0.000000 0.000000 1.000000
0.998580 0.053271 -0.000000 0.426848 -0.053271 0.998580 -0.000000 0.000003 0.000000 0.000000 1.000000 -0.000000 0.000000 0.000000 0.000000 1.000000</float_array>
     <technique_common>
      <accessor source="#jnt_spine2-Matrix-animation-output-transform-array" count="53" stride="16">
       <param type="float4x4"></param>
      </accessor>
     </technique_common>
    </source>
    <source id="jnt_spine2-Interpolations">
     <Name_array id="jnt_spine2-Interpolations-array" count="53">
 LINEAR LINEAR LINEAR LINEAR LINEAR LINEAR LINEAR LINEAR LINEAR LINEAR LINEAR
LINEAR LINEAR LINEAR LINEAR LINEAR LINEAR LINEAR LINEAR LINEAR LINEAR LINEAR LINEAR
LINEAR LINEAR LINEAR LINEAR LINEAR LINEAR LINEAR LINEAR LINEAR LINEAR LINEAR LINEAR
LINEAR LINEAR LINEAR LINEAR LINEAR LINEAR LINEAR LINEAR LINEAR LINEAR LINEAR LINEAR
LINEAR LINEAR LINEAR LINEAR LINEAR LINEAR</Name_array>
     <technique_common>
      <accessor source="#jnt_spine2-Interpolations-array" count="53">
       <param type="name"></param>
      </accessor>
     </technique_common>
    </source>
    <sampler id="jnt_spine2-Matrix-animation-transform">
     <input semantic="INPUT" source="#jnt_spine2-Matrix-animation-input"></input>
     <input semantic="OUTPUT" source="#jnt_spine2-Matrix-animation-output-transform"></input>
     <input semantic="INTERPOLATION" source="#jnt_spine2-Interpolations"></input>
    </sampler>
    <channel source="#jnt_spine2-Matrix-animation-transform" target="jnt_spine2/matrix"></channel>
   </animation>
  </animation>
  <animation id="jnt_spine3-anim" name="jnt_spine3">
   <animation>
    <source id="jnt_spine3-Matrix-animation-input">
     <float_array id="jnt_spine3-Matrix-animation-input-array" count="53">

0.000000 0.033333 0.066667 0.100000 0.133333 0.166667 0.200000 0.233333 0.266667 0.300000 0.333333 0.366667 0.400000 0.433333 0.466667 0.500000
0.533333 0.566667 0.600000 0.633333 0.666667 0.700000 0.733333 0.766667 0.800000 0.833333 0.866667 0.900000 0.933333 0.966667 1.000000 1.033333
1.066667 1.100000 1.133333 1.166667 1.200000 1.233333 1.266667 1.300000 1.333333 1.366667 1.400000 1.433333 1.466667 1.500000 1.533333 1.566667
1.600000 1.633333 1.666667 1.700000 1.733333</float_array>
     <technique_common>
      <accessor source="#jnt_spine3-Matrix-animation-input-array" count="53">
       <param name="TIME" type="float"></param>
      </accessor>
     </technique_common>
    </source>
    <source id="jnt_spine3-Matrix-animation-output-transform">
     <float_array id="jnt_spine3-Matrix-animation-output-transform-array" count="848">

0.997528 0.070262 -0.000000 0.555067 -0.070262 0.997528 -0.000000 0.000000 0.000000 0.000000 1.000000 -0.000000 0.000000 0.000000 0.000000 1.000000
0.997528 0.070262 -0.000000 0.555067 -0.070262 0.997528 -0.000000 0.000000 0.000000 0.000000 1.000000 -0.000000 0.000000 0.000000 0.000000 1.000000
0.997528 0.070262 -0.000000 0.555067 -0.070262 0.997528 -0.000000 0.000000 0.000000 0.000000 1.000000 -0.000000 0.000000 0.000000 0.000000 1.000000
0.997528 0.070262 -0.000000 0.555067 -0.070262 0.997528 -0.000000 0.000000 0.000000 0.000000 1.000000 -0.000000 0.000000 0.000000 0.000000 1.000000
0.997528 0.070262 -0.000000 0.555067 -0.070262 0.997528 -0.000000 0.000000 0.000000 0.000000 1.000000 -0.000000 0.000000 0.000000 0.000000 1.000000
0.997528 0.070262 -0.000000 0.555067 -0.070262 0.997528 -0.000000 0.000000 0.000000 0.000000 1.000000 -0.000000 0.000000 0.000000 0.000000 1.000000
0.997528 0.070262 -0.000000 0.555067 -0.070262 0.997528 -0.000000 0.000000 0.000000 0.000000 1.000000 -0.000000 0.000000 0.000000 0.000000 1.000000
0.997528 0.070262 -0.000000 0.555067 -0.070262 0.997528 -0.000000 0.000000 0.000000 0.000000 1.000000 -0.000000 0.000000 0.000000 0.000000 1.000000
0.997528 0.070262 -0.000000 0.555067 -0.070262 0.997528 -0.000000 0.000000 0.000000 0.000000 1.000000 -0.000000 0.000000 0.000000 0.000000 1.000000
0.997528 0.070262 -0.000000 0.555067 -0.070262 0.997528 -0.000000 0.000000 0.000000 0.000000 1.000000 -0.000000 0.000000 0.000000 0.000000 1.000000
0.997528 0.070262 -0.000000 0.555067 -0.070262 0.997528 -0.000000 0.000000 0.000000 0.000000 1.000000 -0.000000 0.000000 0.000000 0.000000 1.000000
0.997528 0.070262 -0.000000 0.555067 -0.070262 0.997528 -0.000000 0.000000 0.000000 0.000000 1.000000 -0.000000 0.000000 0.000000 0.000000 1.000000
0.997528 0.070262 -0.000000 0.555067 -0.070262 0.997528 -0.000000 0.000000 0.000000 0.000000 1.000000 -0.000000 0.000000 0.000000 0.000000 1.000000
0.997528 0.070262 -0.000000 0.555067 -0.070262 0.997528 -0.000000 0.000000 0.000000 0.000000 1.000000 -0.000000 0.000000 0.000000 0.000000 1.000000
0.997528 0.070262 -0.000000 0.555067 -0.070262 0.997528 -0.000000 0.000000 0.000000 0.000000 1.000000 -0.000000 0.000000 0.000000 0.000000 1.000000
0.997528 0.070262 -0.000000 0.555067 -0.070262 0.997528 -0.000000 0.000000 0.000000 0.000000 1.000000 -0.000000 0.000000 0.000000 0.000000 1.000000
0.997528 0.070262 -0.000000 0.555067 -0.070262 0.997528 -0.000000 0.000000 0.000000 0.000000 1.000000 -0.000000 0.000000 0.000000 0.000000 1.000000
0.997528 0.070262 -0.000000 0.555067 -0.070262 0.997528 -0.000000 0.000000 0.000000 0.000000 1.000000 -0.000000 0.000000 0.000000 0.000000 1.000000
0.997528 0.070262 -0.000000 0.555067 -0.070262 0.997528 -0.000000 0.000000 0.000000 0.000000 1.000000 -0.000000 0.000000 0.000000 0.000000 1.000000
0.997528 0.070262 -0.000000 0.555067 -0.070262 0.997528 -0.000000 0.000000 0.000000 0.000000 1.000000 -0.000000 0.000000 0.000000 0.000000 1.000000
0.997528 0.070262 -0.000000 0.555067 -0.070262 0.997528 -0.000000 0.000000 0.000000 0.000000 1.000000 -0.000000 0.000000 0.000000 0.000000 1.000000
0.997528 0.070262 -0.000000 0.555067 -0.070262 0.997528 -0.000000 0.000000 0.000000 0.000000 1.000000 -0.000000 0.000000 0.000000 0.000000 1.000000
0.997528 0.070262 -0.000000 0.555067 -0.070262 0.997528 -0.000000 0.000000 0.000000 0.000000 1.000000 -0.000000 0.000000 0.000000 0.000000 1.000000
0.997528 0.070262 -0.000000 0.555067 -0.070262 0.997528 -0.000000 0.000000 0.000000 0.000000 1.000000 -0.000000 0.000000 0.000000 0.000000 1.000000
0.997528 0.070262 -0.000000 0.555067 -0.070262 0.997528 -0.000000 0.000000 0.000000 0.000000 1.000000 -0.000000 0.000000 0.000000 0.000000 1.000000
0.997528 0.070262 -0.000000 0.555067 -0.070262 0.997528 -0.000000 0.000000 0.000000 0.000000 1.000000 -0.000000 0.000000 0.000000 0.000000 1.000000
0.997528 0.070262 -0.000000 0.555067 -0.070262 0.997528 -0.000000 0.000000 0.000000 0.000000 1.000000 -0.000000 0.000000 0.000000 0.000000 1.000000
0.997528 0.070262 -0.000000 0.555067 -0.070262 0.997528 -0.000000 0.000000 0.000000 0.000000 1.000000 -0.000000 0.000000 0.000000 0.000000 1.000000
0.997528 0.070262 -0.000000 0.555067 -0.070262 0.997528 -0.000000 0.000000 0.000000 0.000000 1.000000 -0.000000 0.000000 0.000000 0.000000 1.000000
0.997528 0.070262 -0.000000 0.555067 -0.070262 0.997528 -0.000000 0.000000 0.000000 0.000000 1.000000 -0.000000 0.000000 0.000000 0.000000 1.000000
0.997528 0.070262 -0.000000 0.555067 -0.070262 0.997528 -0.000000 0.000000 0.000000 0.000000 1.000000 -0.000000 0.000000 0.000000 0.000000 1.000000
0.997528 0.070262 -0.000000 0.555067 -0.070262 0.997528 -0.000000 0.000000 0.000000 0.000000 1.000000 -0.000000 0.000000 0.000000 0.000000 1.000000
0.997528 0.070262 -0.000000 0.555067 -0.070262 0.997528 -0.000000 0.000000 0.000000 0.000000 1.000000 -0.000000 0.000000 0.000000 0.000000 1.000000
0.997528 0.070262 -0.000000 0.555067 -0.070262 0.997528 -0.000000 0.000000 0.000000 0.000000 1.000000 -0.000000 0.000000 0.000000 0.000000 1.000000
0.997528 0.070262 -0.000000 0.555067 -0.070262 0.997528 -0.000000 0.000000 0.000000 0.000000 1.000000 -0.000000 0.000000 0.000000 0.000000 1.000000
0.997528 0.070262 -0.000000 0.555067 -0.070262 0.997528 -0.000000 0.000000 0.000000 0.000000 1.000000 -0.000000 0.000000 0.000000 0.000000 1.000000
0.997528 0.070262 -0.000000 0.555067 -0.070262 0.997528 -0.000000 0.000000 0.000000 0.000000 1.000000 -0.000000 0.000000 0.000000 0.000000 1.000000
0.997528 0.070262 -0.000000 0.555067 -0.070262 0.997528 -0.000000 0.000000 0.000000 0.000000 1.000000 -0.000000 0.000000 0.000000 0.000000 1.000000
0.997528 0.070262 -0.000000 0.555067 -0.070262 0.997528 -0.000000 0.000000 0.000000 0.000000 1.000000 -0.000000 0.000000 0.000000 0.000000 1.000000
0.997528 0.070262 -0.000000 0.555067 -0.070262 0.997528 -0.000000 0.000000 0.000000 0.000000 1.000000 -0.000000 0.000000 0.000000 0.000000 1.000000
0.997528 0.070262 -0.000000 0.555067 -0.070262 0.997528 -0.000000 0.000000 0.000000 0.000000 1.000000 -0.000000 0.000000 0.000000 0.000000 1.000000
0.997528 0.070262 -0.000000 0.555067 -0.070262 0.997528 -0.000000 0.000000 0.000000 0.000000 1.000000 -0.000000 0.000000 0.000000 0.000000 1.000000
0.997528 0.070262 -0.000000 0.555067 -0.070262 0.997528 -0.000000 0.000000 0.000000 0.000000 1.000000 -0.000000 0.000000 0.000000 0.000000 1.000000
0.997528 0.070262 -0.000000 0.555067 -0.070262 0.997528 -0.000000 0.000000 0.000000 0.000000 1.000000 -0.000000 0.000000 0.000000 0.000000 1.000000
0.997528 0.070262 -0.000000 0.555067 -0.070262 0.997528 -0.000000 0.000000 0.000000 0.000000 1.000000 -0.000000 0.000000 0.000000 0.000000 1.000000
0.997528 0.070262 -0.000000 0.555067 -0.070262 0.997528 -0.000000 0.000000 0.000000 0.000000 1.000000 -0.000000 0.000000 0.000000 0.000000 1.000000
0.997528 0.070262 -0.000000 0.555067 -0.070262 0.997528 -0.000000 0.000000 0.000000 0.000000 1.000000 -0.000000 0.000000 0.000000 0.000000 1.000000
0.997528 0.070262 -0.000000 0.555067 -0.070262 0.997528 -0.000000 0.000000 0.000000 0.000000 1.000000 -0.000000 0.000000 0.000000 0.000000 1.000000
0.997528 0.070262 -0.000000 0.555067 -0.070262 0.997528 -0.000000 0.000000 0.000000 0.000000 1.000000 -0.000000 0.000000 0.000000 0.000000 1.000000
0.997528 0.070262 -0.000000 0.555067 -0.070262 0.997528 -0.000000 0.000000 0.000000 0.000000 1.000000 -0.000000 0.000000 0.000000 0.000000 1.000000
0.997528 0.070262 -0.000000 0.555067 -0.070262 0.997528 -0.000000 0.000000 0.000000 0.000000 1.000000 -0.000000 0.000000 0.000000 0.000000 1.000000
0.997528 0.070262 -0.000000 0.555067 -0.070262 0.997528 -0.000000 0.000000 0.000000 0.000000 1.000000 -0.000000 0.000000 0.000000 0.000000 1.000000
0.997528 0.070262 -0.000000 0.555067 -0.070262 0.997528 -0.000000 0.000000 0.000000 0.000000 1.000000 -0.000000 0.000000 0.000000 0.000000 1.000000</float_array>
     <technique_common>
      <accessor source="#jnt_spine3-Matrix-animation-output-transform-array" count="53" stride="16">
       <param type="float4x4"></param>
      </accessor>
     </technique_common>
    </source>
    <source id="jnt_spine3-Interpolations">
     <Name_array id="jnt_spine3-Interpolations-array" count="53">
 LINEAR LINEAR LINEAR LINEAR LINEAR LINEAR LINEAR LINEAR LINEAR LINEAR LINEAR
LINEAR LINEAR LINEAR LINEAR LINEAR LINEAR LINEAR LINEAR LINEAR LINEAR LINEAR LINEAR
LINEAR LINEAR LINEAR LINEAR LINEAR LINEAR LINEAR LINEAR LINEAR LINEAR LINEAR LINEAR
LINEAR LINEAR LINEAR LINEAR LINEAR LINEAR LINEAR LINEAR LINEAR LINEAR LINEAR LINEAR
LINEAR LINEAR LINEAR LINEAR LINEAR LINEAR</Name_array>
     <technique_common>
      <accessor source="#jnt_spine3-Interpolations-array" count="53">
       <param type="name"></param>
      </accessor>
     </technique_common>
    </source>
    <sampler id="jnt_spine3-Matrix-animation-transform">
     <input semantic="INPUT" source="#jnt_spine3-Matrix-animation-input"></input>
     <input semantic="OUTPUT" source="#jnt_spine3-Matrix-animation-output-transform"></input>
     <input semantic="INTERPOLATION" source="#jnt_spine3-Interpolations"></input>
    </sampler>
    <channel source="#jnt_spine3-Matrix-animation-transform" target="jnt_spine3/matrix"></channel>
   </animation>
  </animation>
  <animation id="jnt_neck-anim" name="jnt_neck">
   <animation>
    <source id="jnt_neck-Matrix-animation-input">
     <float_array id="jnt_neck-Matrix-animation-input-array" count="53">

0.000000 0.033333 0.066667 0.100000 0.133333 0.166667 0.200000 0.233333 0.266667 0.300000 0.333333 0.366667 0.400000 0.433333 0.466667 0.500000
0.533333 0.566667 0.600000 0.633333 0.666667 0.700000 0.733333 0.766667 0.800000 0.833333 0.866667 0.900000 0.933333 0.966667 1.000000 1.033333
1.066667 1.100000 1.133333 1.166667 1.200000 1.233333 1.266667 1.300000 1.333333 1.366667 1.400000 1.433333 1.466667 1.500000 1.533333 1.566667
1.600000 1.633333 1.666667 1.700000 1.733333</float_array>
     <technique_common>
      <accessor source="#jnt_neck-Matrix-animation-input-array" count="53">
       <param name="TIME" type="float"></param>
      </accessor>
     </technique_common>
    </source>
    <source id="jnt_neck-Matrix-animation-output-transform">
     <float_array id="jnt_neck-Matrix-animation-output-transform-array" count="848">

0.999409 -0.034365 -0.000000 0.867450 0.034365 0.999409 -0.000000 0.171573 0.000000 0.000000 1.000000 -0.000000 0.000000 0.000000 0.000000 1.000000
0.999409 -0.034365 -0.000000 0.867450 0.034365 0.999409 -0.000000 0.171573 0.000000 0.000000 1.000000 -0.000000 0.000000 0.000000 0.000000 1.000000
0.999409 -0.034365 -0.000000 0.867450 0.034365 0.999409 -0.000000 0.171573 0.000000 0.000000 1.000000 -0.000000 0.000000 0.000000 0.000000 1.000000
0.999409 -0.034365 -0.000000 0.867450 0.034365 0.999409 -0.000000 0.171573 0.000000 0.000000 1.000000 -0.000000 0.000000 0.000000 0.000000 1.000000
0.999409 -0.034365 -0.000000 0.867450 0.034365 0.999409 -0.000000 0.171573 0.000000 0.000000 1.000000 -0.000000 0.000000 0.000000 0.000000 1.000000
0.999409 -0.034365 -0.000000 0.867450 0.034365 0.999409 -0.000000 0.171573 0.000000 0.000000 1.000000 -0.000000 0.000000 0.000000 0.000000 1.000000
0.999409 -0.034365 -0.000000 0.867450 0.034365 0.999409 -0.000000 0.171573 0.000000 0.000000 1.000000 -0.000000 0.000000 0.000000 0.000000 1.000000
0.999409 -0.034365 -0.000000 0.867450 0.034365 0.999409 -0.000000 0.171573 0.000000 0.000000 1.000000 -0.000000 0.000000 0.000000 0.000000 1.000000
0.999409 -0.034365 -0.000000 0.867450 0.034365 0.999409 -0.000000 0.171573 0.000000 0.000000 1.000000 -0.000000 0.000000 0.000000 0.000000 1.000000
0.999409 -0.034365 -0.000000 0.867450 0.034365 0.999409 -0.000000 0.171573 0.000000 0.000000 1.000000 -0.000000 0.000000 0.000000 0.000000 1.000000
0.999409 -0.034365 -0.000000 0.867450 0.034365 0.999409 -0.000000 0.171573 0.000000 0.000000 1.000000 -0.000000 0.000000 0.000000 0.000000 1.000000
0.999409 -0.034365 -0.000000 0.867450 0.034365 0.999409 -0.000000 0.171573 0.000000 0.000000 1.000000 -0.000000 0.000000 0.000000 0.000000 1.000000
0.999409 -0.034365 -0.000000 0.867450 0.034365 0.999409 -0.000000 0.171573 0.000000 0.000000 1.000000 -0.000000 0.000000 0.000000 0.000000 1.000000
0.999409 -0.034365 -0.000000 0.867450 0.034365 0.999409 -0.000000 0.171573 0.000000 0.000000 1.000000 -0.000000 0.000000 0.000000 0.000000 1.000000
0.999409 -0.034365 -0.000000 0.867450 0.034365 0.999409 -0.000000 0.171573 0.000000 0.000000 1.000000 -0.000000 0.000000 0.000000 0.000000 1.000000
0.999409 -0.034365 -0.000000 0.867450 0.034365 0.999409 -0.000000 0.171573 0.000000 0.000000 1.000000 -0.000000 0.000000 0.000000 0.000000 1.000000
0.999409 -0.034365 -0.000000 0.867450 0.034365 0.999409 -0.000000 0.171573 0.000000 0.000000 1.000000 -0.000000 0.000000 0.000000 0.000000 1.000000
0.999409 -0.034365 -0.000000 0.867450 0.034365 0.999409 -0.000000 0.171573 0.000000 0.000000 1.000000 -0.000000 0.000000 0.000000 0.000000 1.000000
0.999409 -0.034365 -0.000000 0.867450 0.034365 0.999409 -0.000000 0.171573 0.000000 0.000000 1.000000 -0.000000 0.000000 0.000000 0.000000 1.000000
0.999409 -0.034365 -0.000000 0.867450 0.034365 0.999409 -0.000000 0.171573 0.000000 0.000000 1.000000 -0.000000 0.000000 0.000000 0.000000 1.000000
0.999409 -0.034365 -0.000000 0.867450 0.034365 0.999409 -0.000000 0.171573 0.000000 0.000000 1.000000 -0.000000 0.000000 0.000000 0.000000 1.000000
0.999409 -0.034365 -0.000000 0.867450 0.034365 0.999409 -0.000000 0.171573 0.000000 0.000000 1.000000 -0.000000 0.000000 0.000000 0.000000 1.000000
0.999409 -0.034365 -0.000000 0.867450 0.034365 0.999409 -0.000000 0.171573 0.000000 0.000000 1.000000 -0.000000 0.000000 0.000000 0.000000 1.000000
0.999409 -0.034365 -0.000000 0.867450 0.034365 0.999409 -0.000000 0.171573 0.000000 0.000000 1.000000 -0.000000 0.000000 0.000000 0.000000 1.000000
0.999409 -0.034365 -0.000000 0.867450 0.034365 0.999409 -0.000000 0.171573 0.000000 0.000000 1.000000 -0.000000 0.000000 0.000000 0.000000 1.000000
0.999409 -0.034365 -0.000000 0.867450 0.034365 0.999409 -0.000000 0.171573 0.000000 0.000000 1.000000 -0.000000 0.000000 0.000000 0.000000 1.000000
0.999409 -0.034365 -0.000000 0.867450 0.034365 0.999409 -0.000000 0.171573 0.000000 0.000000 1.000000 -0.000000 0.000000 0.000000 0.000000 1.000000
0.999409 -0.034365 -0.000000 0.867450 0.034365 0.999409 -0.000000 0.171573 0.000000 0.000000 1.000000 -0.000000 0.000000 0.000000 0.000000 1.000000
0.999409 -0.034365 -0.000000 0.867450 0.034365 0.999409 -0.000000 0.171573 0.000000 0.000000 1.000000 -0.000000 0.000000 0.000000 0.000000 1.000000
0.999409 -0.034365 -0.000000 0.867450 0.034365 0.999409 -0.000000 0.171573 0.000000 0.000000 1.000000 -0.000000 0.000000 0.000000 0.000000 1.000000
0.999409 -0.034365 -0.000000 0.867450 0.034365 0.999409 -0.000000 0.171573 0.000000 0.000000 1.000000 -0.000000 0.000000 0.000000 0.000000 1.000000
0.999409 -0.034365 -0.000000 0.867450 0.034365 0.999409 -0.000000 0.171573 0.000000 0.000000 1.000000 -0.000000 0.000000 0.000000 0.000000 1.000000
0.999409 -0.034365 -0.000000 0.867450 0.034365 0.999409 -0.000000 0.171573 0.000000 0.000000 1.000000 -0.000000 0.000000 0.000000 0.000000 1.000000
0.999409 -0.034365 -0.000000 0.867450 0.034365 0.999409 -0.000000 0.171573 0.000000 0.000000 1.000000 -0.000000 0.000000 0.000000 0.000000 1.000000
0.999409 -0.034365 -0.000000 0.867450 0.034365 0.999409 -0.000000 0.171573 0.000000 0.000000 1.000000 -0.000000 0.000000 0.000000 0.000000 1.000000
0.999409 -0.034365 -0.000000 0.867450 0.034365 0.999409 -0.000000 0.171573 0.000000 0.000000 1.000000 -0.000000 0.000000 0.000000 0.000000 1.000000
0.999409 -0.034365 -0.000000 0.867450 0.034365 0.999409 -0.000000 0.171573 0.000000 0.000000 1.000000 -0.000000 0.000000 0.000000 0.000000 1.000000
0.999409 -0.034365 -0.000000 0.867450 0.034365 0.999409 -0.000000 0.171573 0.000000 0.000000 1.000000 -0.000000 0.000000 0.000000 0.000000 1.000000
0.999409 -0.034365 -0.000000 0.867450 0.034365 0.999409 -0.000000 0.171573 0.000000 0.000000 1.000000 -0.000000 0.000000 0.000000 0.000000 1.000000
0.999409 -0.034365 -0.000000 0.867450 0.034365 0.999409 -0.000000 0.171573 0.000000 0.000000 1.000000 -0.000000 0.000000 0.000000 0.000000 1.000000
0.999409 -0.034365 -0.000000 0.867450 0.034365 0.999409 -0.000000 0.171573 0.000000 0.000000 1.000000 -0.000000 0.000000 0.000000 0.000000 1.000000
0.999409 -0.034365 -0.000000 0.867450 0.034365 0.999409 -0.000000 0.171573 0.000000 0.000000 1.000000 -0.000000 0.000000 0.000000 0.000000 1.000000
0.999409 -0.034365 -0.000000 0.867450 0.034365 0.999409 -0.000000 0.171573 0.000000 0.000000 1.000000 -0.000000 0.000000 0.000000 0.000000 1.000000
0.999409 -0.034365 -0.000000 0.867450 0.034365 0.999409 -0.000000 0.171573 0.000000 0.000000 1.000000 -0.000000 0.000000 0.000000 0.000000 1.000000
0.999409 -0.034365 -0.000000 0.867450 0.034365 0.999409 -0.000000 0.171573 0.000000 0.000000 1.000000 -0.000000 0.000000 0.000000 0.000000 1.000000
0.999409 -0.034365 -0.000000 0.867450 0.034365 0.999409 -0.000000 0.171573 0.000000 0.000000 1.000000 -0.000000 0.000000 0.000000 0.000000 1.000000
0.999409 -0.034365 -0.000000 0.867450 0.034365 0.999409 -0.000000 0.171573 0.000000 0.000000 1.000000 -0.000000 0.000000 0.000000 0.000000 1.000000
0.999409 -0.034365 -0.000000 0.867450 0.034365 0.999409 -0.000000 0.171573 0.000000 0.000000 1.000000 -0.000000 0.000000 0.000000 0.000000 1.000000
0.999409 -0.034365 -0.000000 0.867450 0.034365 0.999409 -0.000000 0.171573 0.000000 0.000000 1.000000 -0.000000 0.000000 0.000000 0.000000 1.000000
0.999409 -0.034365 -0.000000 0.867450 0.034365 0.999409 -0.000000 0.171573 0.000000 0.000000 1.000000 -0.000000 0.000000 0.000000 0.000000 1.000000
0.999409 -0.034365 -0.000000 0.867450 0.034365 0.999409 -0.000000 0.171573 0.000000 0.000000 1.000000 -0.000000 0.000000 0.000000 0.000000 1.000000
0.999409 -0.034365 -0.000000 0.867450 0.034365 0.999409 -0.000000 0.171573 0.000000 0.000000 1.000000 -0.000000 0.000000 0.000000 0.000000 1.000000
0.999409 -0.034365 -0.000000 0.867450 0.034365 0.999409 -0.000000 0.171573 0.000000 0.000000 1.000000 -0.000000 0.000000 0.000000 0.000000 1.000000</float_array>
     <technique_common>
      <accessor source="#jnt_neck-Matrix-animation-output-transform-array" count="53" stride="16">
       <param type="float4x4"></param>
      </accessor>
     </technique_common>
    </source>
    <source id="jnt_neck-Interpolations">
     <Name_array id="jnt_neck-Interpolations-array" count="53">
 LINEAR LINEAR LINEAR LINEAR LINEAR LINEAR LINEAR LINEAR LINEAR LINEAR LINEAR
LINEAR LINEAR LINEAR LINEAR LINEAR LINEAR LINEAR LINEAR LINEAR LINEAR LINEAR LINEAR
LINEAR LINEAR LINEAR LINEAR LINEAR LINEAR LINEAR LINEAR LINEAR LINEAR LINEAR LINEAR
LINEAR LINEAR LINEAR LINEAR LINEAR LINEAR LINEAR LINEAR LINEAR LINEAR LINEAR LINEAR
LINEAR LINEAR LINEAR LINEAR LINEAR LINEAR</Name_array>
     <technique_common>
      <accessor source="#jnt_neck-Interpolations-array" count="53">
       <param type="name"></param>
      </accessor>
     </technique_common>
    </source>
    <sampler id="jnt_neck-Matrix-animation-transform">
     <input semantic="INPUT" source="#jnt_neck-Matrix-animation-input"></input>
     <input semantic="OUTPUT" source="#jnt_neck-Matrix-animation-output-transform"></input>
     <input semantic="INTERPOLATION" source="#jnt_neck-Interpolations"></input>
    </sampler>
    <channel source="#jnt_neck-Matrix-animation-transform" target="jnt_neck/matrix"></channel>
   </animation>
  </animation>
  <animation id="jnt_head-anim" name="jnt_head">
   <animation>
    <source id="jnt_head-Matrix-animation-input">
     <float_array id="jnt_head-Matrix-animation-input-array" count="53">

0.000000 0.033333 0.066667 0.100000 0.133333 0.166667 0.200000 0.233333 0.266667 0.300000 0.333333 0.366667 0.400000 0.433333 0.466667 0.500000
0.533333 0.566667 0.600000 0.633333 0.666667 0.700000 0.733333 0.766667 0.800000 0.833333 0.866667 0.900000 0.933333 0.966667 1.000000 1.033333
1.066667 1.100000 1.133333 1.166667 1.200000 1.233333 1.266667 1.300000 1.333333 1.366667 1.400000 1.433333 1.466667 1.500000 1.533333 1.566667
1.600000 1.633333 1.666667 1.700000 1.733333</float_array>
     <technique_common>
      <accessor source="#jnt_head-Matrix-animation-input-array" count="53">
       <param name="TIME" type="float"></param>
      </accessor>
     </technique_common>
    </source>
    <source id="jnt_head-Matrix-animation-output-transform">
     <float_array id="jnt_head-Matrix-animation-output-transform-array" count="848">

0.999537 -0.030417 -0.000001 0.273591 0.030417 0.999537 0.000000 0.000002 0.000001 -0.000000 1.000000 -0.000000 0.000000 0.000000 0.000000 1.000000
0.999537 -0.030417 -0.000001 0.273591 0.030417 0.999537 0.000000 0.000002 0.000001 -0.000000 1.000000 -0.000000 0.000000 0.000000 0.000000 1.000000
0.999537 -0.030417 -0.000001 0.273591 0.030417 0.999537 0.000000 0.000002 0.000001 -0.000000 1.000000 -0.000000 0.000000 0.000000 0.000000 1.000000
0.999537 -0.030417 -0.000001 0.273591 0.030417 0.999537 0.000000 0.000002 0.000001 -0.000000 1.000000 -0.000000 0.000000 0.000000 0.000000 1.000000
0.999537 -0.030417 -0.000001 0.273591 0.030417 0.999537 0.000000 0.000002 0.000001 -0.000000 1.000000 -0.000000 0.000000 0.000000 0.000000 1.000000
0.999537 -0.030417 -0.000001 0.273591 0.030417 0.999537 0.000000 0.000002 0.000001 -0.000000 1.000000 -0.000000 0.000000 0.000000 0.000000 1.000000
0.999537 -0.030417 -0.000001 0.273591 0.030417 0.999537 0.000000 0.000002 0.000001 -0.000000 1.000000 -0.000000 0.000000 0.000000 0.000000 1.000000
0.999537 -0.030417 -0.000001 0.273591 0.030417 0.999537 0.000000 0.000002 0.000001 -0.000000 1.000000 -0.000000 0.000000 0.000000 0.000000 1.000000
0.999537 -0.030417 -0.000001 0.273591 0.030417 0.999537 0.000000 0.000002 0.000001 -0.000000 1.000000 -0.000000 0.000000 0.000000 0.000000 1.000000
0.999537 -0.030417 -0.000001 0.273591 0.030417 0.999537 0.000000 0.000002 0.000001 -0.000000 1.000000 -0.000000 0.000000 0.000000 0.000000 1.000000
0.999537 -0.030417 -0.000001 0.273591 0.030417 0.999537 0.000000 0.000002 0.000001 -0.000000 1.000000 -0.000000 0.000000 0.000000 0.000000 1.000000
0.999537 -0.030417 -0.000001 0.273591 0.030417 0.999537 0.000000 0.000002 0.000001 -0.000000 1.000000 -0.000000 0.000000 0.000000 0.000000 1.000000
0.999537 -0.030417 -0.000001 0.273591 0.030417 0.999537 0.000000 0.000002 0.000001 -0.000000 1.000000 -0.000000 0.000000 0.000000 0.000000 1.000000
0.999537 -0.030417 -0.000001 0.273591 0.030417 0.999537 0.000000 0.000002 0.000001 -0.000000 1.000000 -0.000000 0.000000 0.000000 0.000000 1.000000
0.999537 -0.030417 -0.000001 0.273591 0.030417 0.999537 0.000000 0.000002 0.000001 -0.000000 1.000000 -0.000000 0.000000 0.000000 0.000000 1.000000
0.999537 -0.030417 -0.000001 0.273591 0.030417 0.999537 0.000000 0.000002 0.000001 -0.000000 1.000000 -0.000000 0.000000 0.000000 0.000000 1.000000
0.999537 -0.030417 -0.000001 0.273591 0.030417 0.999537 0.000000 0.000002 0.000001 -0.000000 1.000000 -0.000000 0.000000 0.000000 0.000000 1.000000
0.999537 -0.030417 -0.000001 0.273591 0.030417 0.999537 0.000000 0.000002 0.000001 -0.000000 1.000000 -0.000000 0.000000 0.000000 0.000000 1.000000
0.999537 -0.030417 -0.000001 0.273591 0.030417 0.999537 0.000000 0.000002 0.000001 -0.000000 1.000000 -0.000000 0.000000 0.000000 0.000000 1.000000
0.999537 -0.030417 -0.000001 0.273591 0.030417 0.999537 0.000000 0.000002 0.000001 -0.000000 1.000000 -0.000000 0.000000 0.000000 0.000000 1.000000
0.999537 -0.030417 -0.000001 0.273591 0.030417 0.999537 0.000000 0.000002 0.000001 -0.000000 1.000000 -0.000000 0.000000 0.000000 0.000000 1.000000
0.999537 -0.030417 -0.000001 0.273591 0.030417 0.999537 0.000000 0.000002 0.000001 -0.000000 1.000000 -0.000000 0.000000 0.000000 0.000000 1.000000
0.999537 -0.030417 -0.000001 0.273591 0.030417 0.999537 0.000000 0.000002 0.000001 -0.000000 1.000000 -0.000000 0.000000 0.000000 0.000000 1.000000
0.999537 -0.030417 -0.000001 0.273591 0.030417 0.999537 0.000000 0.000002 0.000001 -0.000000 1.000000 -0.000000 0.000000 0.000000 0.000000 1.000000
0.999537 -0.030417 -0.000001 0.273591 0.030417 0.999537 0.000000 0.000002 0.000001 -0.000000 1.000000 -0.000000 0.000000 0.000000 0.000000 1.000000
0.999537 -0.030417 -0.000001 0.273591 0.030417 0.999537 0.000000 0.000002 0.000001 -0.000000 1.000000 -0.000000 0.000000 0.000000 0.000000 1.000000
0.999537 -0.030417 -0.000001 0.273591 0.030417 0.999537 0.000000 0.000002 0.000001 -0.000000 1.000000 -0.000000 0.000000 0.000000 0.000000 1.000000
0.999537 -0.030417 -0.000001 0.273591 0.030417 0.999537 0.000000 0.000002 0.000001 -0.000000 1.000000 -0.000000 0.000000 0.000000 0.000000 1.000000
0.999537 -0.030417 -0.000001 0.273591 0.030417 0.999537 0.000000 0.000002 0.000001 -0.000000 1.000000 -0.000000 0.000000 0.000000 0.000000 1.000000
0.999537 -0.030417 -0.000001 0.273591 0.030417 0.999537 0.000000 0.000002 0.000001 -0.000000 1.000000 -0.000000 0.000000 0.000000 0.000000 1.000000
0.999537 -0.030417 -0.000001 0.273591 0.030417 0.999537 0.000000 0.000002 0.000001 -0.000000 1.000000 -0.000000 0.000000 0.000000 0.000000 1.000000
0.999537 -0.030417 -0.000001 0.273591 0.030417 0.999537 0.000000 0.000002 0.000001 -0.000000 1.000000 -0.000000 0.000000 0.000000 0.000000 1.000000
0.999537 -0.030417 -0.000001 0.273591 0.030417 0.999537 0.000000 0.000002 0.000001 -0.000000 1.000000 -0.000000 0.000000 0.000000 0.000000 1.000000
0.999537 -0.030417 -0.000001 0.273591 0.030417 0.999537 0.000000 0.000002 0.000001 -0.000000 1.000000 -0.000000 0.000000 0.000000 0.000000 1.000000
0.999537 -0.030417 -0.000001 0.273591 0.030417 0.999537 0.000000 0.000002 0.000001 -0.000000 1.000000 -0.000000 0.000000 0.000000 0.000000 1.000000
0.999537 -0.030417 -0.000001 0.273591 0.030417 0.999537 0.000000 0.000002 0.000001 -0.000000 1.000000 -0.000000 0.000000 0.000000 0.000000 1.000000
0.999537 -0.030417 -0.000001 0.273591 0.030417 0.999537 0.000000 0.000002 0.000001 -0.000000 1.000000 -0.000000 0.000000 0.000000 0.000000 1.000000
0.999537 -0.030417 -0.000001 0.273591 0.030417 0.999537 0.000000 0.000002 0.000001 -0.000000 1.000000 -0.000000 0.000000 0.000000 0.000000 1.000000
0.999537 -0.030417 -0.000001 0.273591 0.030417 0.999537 0.000000 0.000002 0.000001 -0.000000 1.000000 -0.000000 0.000000 0.000000 0.000000 1.000000
0.999537 -0.030417 -0.000001 0.273591 0.030417 0.999537 0.000000 0.000002 0.000001 -0.000000 1.000000 -0.000000 0.000000 0.000000 0.000000 1.000000
0.999537 -0.030417 -0.000001 0.273591 0.030417 0.999537 0.000000 0.000002 0.000001 -0.000000 1.000000 -0.000000 0.000000 0.000000 0.000000 1.000000
0.999537 -0.030417 -0.000001 0.273591 0.030417 0.999537 0.000000 0.000002 0.000001 -0.000000 1.000000 -0.000000 0.000000 0.000000 0.000000 1.000000
0.999537 -0.030417 -0.000001 0.273591 0.030417 0.999537 0.000000 0.000002 0.000001 -0.000000 1.000000 -0.000000 0.000000 0.000000 0.000000 1.000000
0.999537 -0.030417 -0.000001 0.273591 0.030417 0.999537 0.000000 0.000002 0.000001 -0.000000 1.000000 -0.000000 0.000000 0.000000 0.000000 1.000000
0.999537 -0.030417 -0.000001 0.273591 0.030417 0.999537 0.000000 0.000002 0.000001 -0.000000 1.000000 -0.000000 0.000000 0.000000 0.000000 1.000000
0.999537 -0.030417 -0.000001 0.273591 0.030417 0.999537 0.000000 0.000002 0.000001 -0.000000 1.000000 -0.000000 0.000000 0.000000 0.000000 1.000000
0.999537 -0.030417 -0.000001 0.273591 0.030417 0.999537 0.000000 0.000002 0.000001 -0.000000 1.000000 -0.000000 0.000000 0.000000 0.000000 1.000000
0.999537 -0.030417 -0.000001 0.273591 0.030417 0.999537 0.000000 0.000002 0.000001 -0.000000 1.000000 -0.000000 0.000000 0.000000 0.000000 1.000000
0.999537 -0.030417 -0.000001 0.273591 0.030417 0.999537 0.000000 0.000002 0.000001 -0.000000 1.000000 -0.000000 0.000000 0.000000 0.000000 1.000000
0.999537 -0.030417 -0.000001 0.273591 0.030417 0.999537 0.000000 0.000002 0.000001 -0.000000 1.000000 -0.000000 0.000000 0.000000 0.000000 1.000000
0.999537 -0.030417 -0.000001 0.273591 0.030417 0.999537 0.000000 0.000002 0.000001 -0.000000 1.000000 -0.000000 0.000000 0.000000 0.000000 1.000000
0.999537 -0.030417 -0.000001 0.273591 0.030417 0.999537 0.000000 0.000002 0.000001 -0.000000 1.000000 -0.000000 0.000000 0.000000 0.000000 1.000000
0.999537 -0.030417 -0.000001 0.273591 0.030417 0.999537 0.000000 0.000002 0.000001 -0.000000 1.000000 -0.000000 0.000000 0.000000 0.000000 1.000000</float_array>
     <technique_common>
      <accessor source="#jnt_head-Matrix-animation-output-transform-array" count="53" stride="16">
       <param type="float4x4"></param>
      </accessor>
     </technique_common>
    </source>
    <source id="jnt_head-Interpolations">
     <Name_array id="jnt_head-Interpolations-array" count="53">
 LINEAR LINEAR LINEAR LINEAR LINEAR LINEAR LINEAR LINEAR LINEAR LINEAR LINEAR
LINEAR LINEAR LINEAR LINEAR LINEAR LINEAR LINEAR LINEAR LINEAR LINEAR LINEAR LINEAR
LINEAR LINEAR LINEAR LINEAR LINEAR LINEAR LINEAR LINEAR LINEAR LINEAR LINEAR LINEAR
LINEAR LINEAR LINEAR LINEAR LINEAR LINEAR LINEAR LINEAR LINEAR LINEAR LINEAR LINEAR
LINEAR LINEAR LINEAR LINEAR LINEAR LINEAR</Name_array>
     <technique_common>
      <accessor source="#jnt_head-Interpolations-array" count="53">
       <param type="name"></param>
      </accessor>
     </technique_common>
    </source>
    <sampler id="jnt_head-Matrix-animation-transform">
     <input semantic="INPUT" source="#jnt_head-Matrix-animation-input"></input>
     <input semantic="OUTPUT" source="#jnt_head-Matrix-animation-output-transform"></input>
     <input semantic="INTERPOLATION" source="#jnt_head-Interpolations"></input>
    </sampler>
    <channel source="#jnt_head-Matrix-animation-transform" target="jnt_head/matrix"></channel>
   </animation>
  </animation>
  <animation id="jnt_headappend-anim" name="jnt_headappend">
   <animation>
    <source id="jnt_headappend-Matrix-animation-input">
     <float_array id="jnt_headappend-Matrix-animation-input-array" count="53">

0.000000 0.033333 0.066667 0.100000 0.133333 0.166667 0.200000 0.233333 0.266667 0.300000 0.333333 0.366667 0.400000 0.433333 0.466667 0.500000
0.533333 0.566667 0.600000 0.633333 0.666667 0.700000 0.733333 0.766667 0.800000 0.833333 0.866667 0.900000 0.933333 0.966667 1.000000 1.033333
1.066667 1.100000 1.133333 1.166667 1.200000 1.233333 1.266667 1.300000 1.333333 1.366667 1.400000 1.433333 1.466667 1.500000 1.533333 1.566667
1.600000 1.633333 1.666667 1.700000 1.733333</float_array>
     <technique_common>
      <accessor source="#jnt_headappend-Matrix-animation-input-array" count="53">
       <param name="TIME" type="float"></param>
      </accessor>
     </technique_common>
    </source>
    <source id="jnt_headappend-Matrix-animation-output-transform">
     <float_array id="jnt_headappend-Matrix-animation-output-transform-array" count="848">

1.000000 0.000000 -0.000000 0.000001 -0.000000 1.000000 0.000000 0.000000 0.000000 -0.000000 1.000000 -0.000000 0.000000 0.000000 0.000000 1.000000
1.000000 0.000000 -0.000000 0.000001 -0.000000 1.000000 0.000000 0.000000 0.000000 -0.000000 1.000000 -0.000000 0.000000 0.000000 0.000000 1.000000
1.000000 0.000000 -0.000000 0.000001 -0.000000 1.000000 0.000000 0.000000 0.000000 -0.000000 1.000000 -0.000000 0.000000 0.000000 0.000000 1.000000
1.000000 0.000000 -0.000000 0.000001 -0.000000 1.000000 0.000000 0.000000 0.000000 -0.000000 1.000000 -0.000000 0.000000 0.000000 0.000000 1.000000
1.000000 0.000000 -0.000000 0.000001 -0.000000 1.000000 0.000000 0.000000 0.000000 -0.000000 1.000000 -0.000000 0.000000 0.000000 0.000000 1.000000
1.000000 0.000000 -0.000000 0.000001 -0.000000 1.000000 0.000000 0.000000 0.000000 -0.000000 1.000000 -0.000000 0.000000 0.000000 0.000000 1.000000
1.000000 0.000000 -0.000000 0.000001 -0.000000 1.000000 0.000000 0.000000 0.000000 -0.000000 1.000000 -0.000000 0.000000 0.000000 0.000000 1.000000
1.000000 0.000000 -0.000000 0.000001 -0.000000 1.000000 0.000000 0.000000 0.000000 -0.000000 1.000000 -0.000000 0.000000 0.000000 0.000000 1.000000
1.000000 0.000000 -0.000000 0.000001 -0.000000 1.000000 0.000000 0.000000 0.000000 -0.000000 1.000000 -0.000000 0.000000 0.000000 0.000000 1.000000
1.000000 0.000000 -0.000000 0.000001 -0.000000 1.000000 0.000000 0.000000 0.000000 -0.000000 1.000000 -0.000000 0.000000 0.000000 0.000000 1.000000
1.000000 0.000000 -0.000000 0.000001 -0.000000 1.000000 0.000000 0.000000 0.000000 -0.000000 1.000000 -0.000000 0.000000 0.000000 0.000000 1.000000
1.000000 0.000000 -0.000000 0.000001 -0.000000 1.000000 0.000000 0.000000 0.000000 -0.000000 1.000000 -0.000000 0.000000 0.000000 0.000000 1.000000
1.000000 0.000000 -0.000000 0.000001 -0.000000 1.000000 0.000000 0.000000 0.000000 -0.000000 1.000000 -0.000000 0.000000 0.000000 0.000000 1.000000
1.000000 0.000000 -0.000000 0.000001 -0.000000 1.000000 0.000000 0.000000 0.000000 -0.000000 1.000000 -0.000000 0.000000 0.000000 0.000000 1.000000
1.000000 0.000000 -0.000000 0.000001 -0.000000 1.000000 0.000000 0.000000 0.000000 -0.000000 1.000000 -0.000000 0.000000 0.000000 0.000000 1.000000
1.000000 0.000000 -0.000000 0.000001 -0.000000 1.000000 0.000000 0.000000 0.000000 -0.000000 1.000000 -0.000000 0.000000 0.000000 0.000000 1.000000
1.000000 0.000000 -0.000000 0.000001 -0.000000 1.000000 0.000000 0.000000 0.000000 -0.000000 1.000000 -0.000000 0.000000 0.000000 0.000000 1.000000
1.000000 0.000000 -0.000000 0.000001 -0.000000 1.000000 0.000000 0.000000 0.000000 -0.000000 1.000000 -0.000000 0.000000 0.000000 0.000000 1.000000
1.000000 0.000000 -0.000000 0.000001 -0.000000 1.000000 0.000000 0.000000 0.000000 -0.000000 1.000000 -0.000000 0.000000 0.000000 0.000000 1.000000
1.000000 0.000000 -0.000000 0.000001 -0.000000 1.000000 0.000000 0.000000 0.000000 -0.000000 1.000000 -0.000000 0.000000 0.000000 0.000000 1.000000
1.000000 0.000000 -0.000000 0.000001 -0.000000 1.000000 0.000000 0.000000 0.000000 -0.000000 1.000000 -0.000000 0.000000 0.000000 0.000000 1.000000
1.000000 0.000000 -0.000000 0.000001 -0.000000 1.000000 0.000000 0.000000 0.000000 -0.000000 1.000000 -0.000000 0.000000 0.000000 0.000000 1.000000
1.000000 0.000000 -0.000000 0.000001 -0.000000 1.000000 0.000000 0.000000 0.000000 -0.000000 1.000000 -0.000000 0.000000 0.000000 0.000000 1.000000
1.000000 0.000000 -0.000000 0.000001 -0.000000 1.000000 0.000000 0.000000 0.000000 -0.000000 1.000000 -0.000000 0.000000 0.000000 0.000000 1.000000
1.000000 0.000000 -0.000000 0.000001 -0.000000 1.000000 0.000000 0.000000 0.000000 -0.000000 1.000000 -0.000000 0.000000 0.000000 0.000000 1.000000
1.000000 0.000000 -0.000000 0.000001 -0.000000 1.000000 0.000000 0.000000 0.000000 -0.000000 1.000000 -0.000000 0.000000 0.000000 0.000000 1.000000
1.000000 0.000000 -0.000000 0.000001 -0.000000 1.000000 0.000000 0.000000 0.000000 -0.000000 1.000000 -0.000000 0.000000 0.000000 0.000000 1.000000
1.000000 0.000000 -0.000000 0.000001 -0.000000 1.000000 0.000000 0.000000 0.000000 -0.000000 1.000000 -0.000000 0.000000 0.000000 0.000000 1.000000
1.000000 0.000000 -0.000000 0.000001 -0.000000 1.000000 0.000000 0.000000 0.000000 -0.000000 1.000000 -0.000000 0.000000 0.000000 0.000000 1.000000
1.000000 0.000000 -0.000000 0.000001 -0.000000 1.000000 0.000000 0.000000 0.000000 -0.000000 1.000000 -0.000000 0.000000 0.000000 0.000000 1.000000
1.000000 0.000000 -0.000000 0.000001 -0.000000 1.000000 0.000000 0.000000 0.000000 -0.000000 1.000000 -0.000000 0.000000 0.000000 0.000000 1.000000
1.000000 0.000000 -0.000000 0.000001 -0.000000 1.000000 0.000000 0.000000 0.000000 -0.000000 1.000000 -0.000000 0.000000 0.000000 0.000000 1.000000
1.000000 0.000000 -0.000000 0.000001 -0.000000 1.000000 0.000000 0.000000 0.000000 -0.000000 1.000000 -0.000000 0.000000 0.000000 0.000000 1.000000
1.000000 0.000000 -0.000000 0.000001 -0.000000 1.000000 0.000000 0.000000 0.000000 -0.000000 1.000000 -0.000000 0.000000 0.000000 0.000000 1.000000
1.000000 0.000000 -0.000000 0.000001 -0.000000 1.000000 0.000000 0.000000 0.000000 -0.000000 1.000000 -0.000000 0.000000 0.000000 0.000000 1.000000
1.000000 0.000000 -0.000000 0.000001 -0.000000 1.000000 0.000000 0.000000 0.000000 -0.000000 1.000000 -0.000000 0.000000 0.000000 0.000000 1.000000
1.000000 0.000000 -0.000000 0.000001 -0.000000 1.000000 0.000000 0.000000 0.000000 -0.000000 1.000000 -0.000000 0.000000 0.000000 0.000000 1.000000
1.000000 0.000000 -0.000000 0.000001 -0.000000 1.000000 0.000000 0.000000 0.000000 -0.000000 1.000000 -0.000000 0.000000 0.000000 0.000000 1.000000
1.000000 0.000000 -0.000000 0.000001 -0.000000 1.000000 0.000000 0.000000 0.000000 -0.000000 1.000000 -0.000000 0.000000 0.000000 0.000000 1.000000
1.000000 0.000000 -0.000000 0.000001 -0.000000 1.000000 0.000000 0.000000 0.000000 -0.000000 1.000000 -0.000000 0.000000 0.000000 0.000000 1.000000
1.000000 0.000000 -0.000000 0.000001 -0.000000 1.000000 0.000000 0.000000 0.000000 -0.000000 1.000000 -0.000000 0.000000 0.000000 0.000000 1.000000
1.000000 0.000000 -0.000000 0.000001 -0.000000 1.000000 0.000000 0.000000 0.000000 -0.000000 1.000000 -0.000000 0.000000 0.000000 0.000000 1.000000
1.000000 0.000000 -0.000000 0.000001 -0.000000 1.000000 0.000000 0.000000 0.000000 -0.000000 1.000000 -0.000000 0.000000 0.000000 0.000000 1.000000
1.000000 0.000000 -0.000000 0.000001 -0.000000 1.000000 0.000000 0.000000 0.000000 -0.000000 1.000000 -0.000000 0.000000 0.000000 0.000000 1.000000
1.000000 0.000000 -0.000000 0.000001 -0.000000 1.000000 0.000000 0.000000 0.000000 -0.000000 1.000000 -0.000000 0.000000 0.000000 0.000000 1.000000
1.000000 0.000000 -0.000000 0.000001 -0.000000 1.000000 0.000000 0.000000 0.000000 -0.000000 1.000000 -0.000000 0.000000 0.000000 0.000000 1.000000
1.000000 0.000000 -0.000000 0.000001 -0.000000 1.000000 0.000000 0.000000 0.000000 -0.000000 1.000000 -0.000000 0.000000 0.000000 0.000000 1.000000
1.000000 0.000000 -0.000000 0.000001 -0.000000 1.000000 0.000000 0.000000 0.000000 -0.000000 1.000000 -0.000000 0.000000 0.000000 0.000000 1.000000
1.000000 0.000000 -0.000000 0.000001 -0.000000 1.000000 0.000000 0.000000 0.000000 -0.000000 1.000000 -0.000000 0.000000 0.000000 0.000000 1.000000
1.000000 0.000000 -0.000000 0.000001 -0.000000 1.000000 0.000000 0.000000 0.000000 -0.000000 1.000000 -0.000000 0.000000 0.000000 0.000000 1.000000
1.000000 0.000000 -0.000000 0.000001 -0.000000 1.000000 0.000000 0.000000 0.000000 -0.000000 1.000000 -0.000000 0.000000 0.000000 0.000000 1.000000
1.000000 0.000000 -0.000000 0.000001 -0.000000 1.000000 0.000000 0.000000 0.000000 -0.000000 1.000000 -0.000000 0.000000 0.000000 0.000000 1.000000
1.000000 0.000000 -0.000000 0.000001 -0.000000 1.000000 0.000000 0.000000 0.000000 -0.000000 1.000000 -0.000000 0.000000 0.000000 0.000000 1.000000</float_array>
     <technique_common>
      <accessor source="#jnt_headappend-Matrix-animation-output-transform-array" count="53" stride="16">
       <param type="float4x4"></param>
      </accessor>
     </technique_common>
    </source>
    <source id="jnt_headappend-Interpolations">
     <Name_array id="jnt_headappend-Interpolations-array" count="53">
 LINEAR LINEAR LINEAR LINEAR LINEAR LINEAR LINEAR LINEAR LINEAR LINEAR LINEAR
LINEAR LINEAR LINEAR LINEAR LINEAR LINEAR LINEAR LINEAR LINEAR LINEAR LINEAR LINEAR
LINEAR LINEAR LINEAR LINEAR LINEAR LINEAR LINEAR LINEAR LINEAR LINEAR LINEAR LINEAR
LINEAR LINEAR LINEAR LINEAR LINEAR LINEAR LINEAR LINEAR LINEAR LINEAR LINEAR LINEAR
LINEAR LINEAR LINEAR LINEAR LINEAR LINEAR</Name_array>
     <technique_common>
      <accessor source="#jnt_headappend-Interpolations-array" count="53">
       <param type="name"></param>
      </accessor>
     </technique_common>
    </source>
    <sampler id="jnt_headappend-Matrix-animation-transform">
     <input semantic="INPUT" source="#jnt_headappend-Matrix-animation-input"></input>
     <input semantic="OUTPUT" source="#jnt_headappend-Matrix-animation-output-transform"></input>
     <input semantic="INTERPOLATION" source="#jnt_headappend-Interpolations"></input>
    </sampler>
    <channel source="#jnt_headappend-Matrix-animation-transform" target="jnt_headappend/matrix"></channel>
   </animation>
  </animation>
  <animation id="jnt_left_armroot-anim" name="jnt_left_armroot">
   <animation>
    <source id="jnt_left_armroot-Matrix-animation-input">
     <float_array id="jnt_left_armroot-Matrix-animation-input-array" count="53">

0.000000 0.033333 0.066667 0.100000 0.133333 0.166667 0.200000 0.233333 0.266667 0.300000 0.333333 0.366667 0.400000 0.433333 0.466667 0.500000
0.533333 0.566667 0.600000 0.633333 0.666667 0.700000 0.733333 0.766667 0.800000 0.833333 0.866667 0.900000 0.933333 0.966667 1.000000 1.033333
1.066667 1.100000 1.133333 1.166667 1.200000 1.233333 1.266667 1.300000 1.333333 1.366667 1.400000 1.433333 1.466667 1.500000 1.533333 1.566667
1.600000 1.633333 1.666667 1.700000 1.733333</float_array>
     <technique_common>
      <accessor source="#jnt_left_armroot-Matrix-animation-input-array" count="53">
       <param name="TIME" type="float"></param>
      </accessor>
     </technique_common>
    </source>
    <source id="jnt_left_armroot-Matrix-animation-output-transform">
     <float_array id="jnt_left_armroot-Matrix-animation-output-transform-array" count="848">

0.999937 -0.010412 -0.004204 -0.857250 0.010594 0.998888 0.045934 0.597269 0.003721 -0.045975 0.998936 -0.437203 0.000000 0.000000 0.000000 1.000000
0.999937 -0.010412 -0.004204 -0.857250 0.010594 0.998888 0.045934 0.597269 0.003721 -0.045975 0.998936 -0.437203 0.000000 0.000000 0.000000 1.000000
0.999937 -0.010412 -0.004204 -0.857250 0.010594 0.998888 0.045934 0.597269 0.003721 -0.045975 0.998936 -0.437203 0.000000 0.000000 0.000000 1.000000
0.999937 -0.010412 -0.004204 -0.857250 0.010594 0.998888 0.045934 0.597269 0.003721 -0.045975 0.998936 -0.437203 0.000000 0.000000 0.000000 1.000000
0.999937 -0.010412 -0.004204 -0.857250 0.010594 0.998888 0.045934 0.597269 0.003721 -0.045975 0.998936 -0.437203 0.000000 0.000000 0.000000 1.000000
0.999937 -0.010412 -0.004204 -0.857250 0.010594 0.998888 0.045934 0.597269 0.003721 -0.045975 0.998936 -0.437203 0.000000 0.000000 0.000000 1.000000
0.999937 -0.010412 -0.004204 -0.857250 0.010594 0.998888 0.045934 0.597269 0.003721 -0.045975 0.998936 -0.437203 0.000000 0.000000 0.000000 1.000000
0.999937 -0.010412 -0.004204 -0.857250 0.010594 0.998888 0.045934 0.597269 0.003721 -0.045975 0.998936 -0.437203 0.000000 0.000000 0.000000 1.000000
0.999937 -0.010412 -0.004204 -0.857250 0.010594 0.998888 0.045934 0.597269 0.003721 -0.045975 0.998936 -0.437203 0.000000 0.000000 0.000000 1.000000
0.999937 -0.010412 -0.004204 -0.857250 0.010594 0.998888 0.045934 0.597269 0.003721 -0.045975 0.998936 -0.437203 0.000000 0.000000 0.000000 1.000000
0.999937 -0.010412 -0.004204 -0.857250 0.010594 0.998888 0.045934 0.597269 0.003721 -0.045975 0.998936 -0.437203 0.000000 0.000000 0.000000 1.000000
0.999937 -0.010412 -0.004204 -0.857250 0.010594 0.998888 0.045934 0.597269 0.003721 -0.045975 0.998936 -0.437203 0.000000 0.000000 0.000000 1.000000
0.999937 -0.010412 -0.004204 -0.857250 0.010594 0.998888 0.045934 0.597269 0.003721 -0.045975 0.998936 -0.437203 0.000000 0.000000 0.000000 1.000000
0.999937 -0.010412 -0.004204 -0.857250 0.010594 0.998888 0.045934 0.597269 0.003721 -0.045975 0.998936 -0.437203 0.000000 0.000000 0.000000 1.000000
0.999937 -0.010412 -0.004204 -0.857250 0.010594 0.998888 0.045934 0.597269 0.003721 -0.045975 0.998936 -0.437203 0.000000 0.000000 0.000000 1.000000
0.999937 -0.010412 -0.004204 -0.857250 0.010594 0.998888 0.045934 0.597269 0.003721 -0.045975 0.998936 -0.437203 0.000000 0.000000 0.000000 1.000000
0.999937 -0.010412 -0.004204 -0.857250 0.010594 0.998888 0.045934 0.597269 0.003721 -0.045975 0.998936 -0.437203 0.000000 0.000000 0.000000 1.000000
0.999937 -0.010412 -0.004204 -0.857250 0.010594 0.998888 0.045934 0.597269 0.003721 -0.045975 0.998936 -0.437203 0.000000 0.000000 0.000000 1.000000
0.999937 -0.010412 -0.004204 -0.857250 0.010594 0.998888 0.045934 0.597269 0.003721 -0.045975 0.998936 -0.437203 0.000000 0.000000 0.000000 1.000000
0.999937 -0.010412 -0.004204 -0.857250 0.010594 0.998888 0.045934 0.597269 0.003721 -0.045975 0.998936 -0.437203 0.000000 0.000000 0.000000 1.000000
0.999937 -0.010412 -0.004204 -0.857250 0.010594 0.998888 0.045934 0.597269 0.003721 -0.045975 0.998936 -0.437203 0.000000 0.000000 0.000000 1.000000
0.999937 -0.010412 -0.004204 -0.857250 0.010594 0.998888 0.045934 0.597269 0.003721 -0.045975 0.998936 -0.437203 0.000000 0.000000 0.000000 1.000000
0.999937 -0.010412 -0.004204 -0.857250 0.010594 0.998888 0.045934 0.597269 0.003721 -0.045975 0.998936 -0.437203 0.000000 0.000000 0.000000 1.000000
0.999937 -0.010412 -0.004204 -0.857250 0.010594 0.998888 0.045934 0.597269 0.003721 -0.045975 0.998936 -0.437203 0.000000 0.000000 0.000000 1.000000
0.999937 -0.010412 -0.004204 -0.857250 0.010594 0.998888 0.045934 0.597269 0.003721 -0.045975 0.998936 -0.437203 0.000000 0.000000 0.000000 1.000000
0.999937 -0.010412 -0.004204 -0.857250 0.010594 0.998888 0.045934 0.597269 0.003721 -0.045975 0.998936 -0.437203 0.000000 0.000000 0.000000 1.000000
0.999937 -0.010412 -0.004204 -0.857250 0.010594 0.998888 0.045934 0.597269 0.003721 -0.045975 0.998936 -0.437203 0.000000 0.000000 0.000000 1.000000
0.999937 -0.010412 -0.004204 -0.857250 0.010594 0.998888 0.045934 0.597269 0.003721 -0.045975 0.998936 -0.437203 0.000000 0.000000 0.000000 1.000000
0.999937 -0.010412 -0.004204 -0.857250 0.010594 0.998888 0.045934 0.597269 0.003721 -0.045975 0.998936 -0.437203 0.000000 0.000000 0.000000 1.000000
0.999937 -0.010412 -0.004204 -0.857250 0.010594 0.998888 0.045934 0.597269 0.003721 -0.045975 0.998936 -0.437203 0.000000 0.000000 0.000000 1.000000
0.999937 -0.010412 -0.004204 -0.857250 0.010594 0.998888 0.045934 0.597269 0.003721 -0.045975 0.998936 -0.437203 0.000000 0.000000 0.000000 1.000000
0.999937 -0.010412 -0.004204 -0.857250 0.010594 0.998888 0.045934 0.597269 0.003721 -0.045975 0.998936 -0.437203 0.000000 0.000000 0.000000 1.000000
0.999937 -0.010412 -0.004204 -0.857250 0.010594 0.998888 0.045934 0.597269 0.003721 -0.045975 0.998936 -0.437203 0.000000 0.000000 0.000000 1.000000
0.999937 -0.010412 -0.004204 -0.857250 0.010594 0.998888 0.045934 0.597269 0.003721 -0.045975 0.998936 -0.437203 0.000000 0.000000 0.000000 1.000000
0.999937 -0.010412 -0.004204 -0.857250 0.010594 0.998888 0.045934 0.597269 0.003721 -0.045975 0.998936 -0.437203 0.000000 0.000000 0.000000 1.000000
0.999937 -0.010412 -0.004204 -0.857250 0.010594 0.998888 0.045934 0.597269 0.003721 -0.045975 0.998936 -0.437203 0.000000 0.000000 0.000000 1.000000
0.999937 -0.010412 -0.004204 -0.857250 0.010594 0.998888 0.045934 0.597269 0.003721 -0.045975 0.998936 -0.437203 0.000000 0.000000 0.000000 1.000000
0.999937 -0.010412 -0.004204 -0.857250 0.010594 0.998888 0.045934 0.597269 0.003721 -0.045975 0.998936 -0.437203 0.000000 0.000000 0.000000 1.000000
0.999937 -0.010412 -0.004204 -0.857250 0.010594 0.998888 0.045934 0.597269 0.003721 -0.045975 0.998936 -0.437203 0.000000 0.000000 0.000000 1.000000
0.999937 -0.010412 -0.004204 -0.857250 0.010594 0.998888 0.045934 0.597269 0.003721 -0.045975 0.998936 -0.437203 0.000000 0.000000 0.000000 1.000000
0.999937 -0.010412 -0.004204 -0.857250 0.010594 0.998888 0.045934 0.597269 0.003721 -0.045975 0.998936 -0.437203 0.000000 0.000000 0.000000 1.000000
0.999937 -0.010412 -0.004204 -0.857250 0.010594 0.998888 0.045934 0.597269 0.003721 -0.045975 0.998936 -0.437203 0.000000 0.000000 0.000000 1.000000
0.999937 -0.010412 -0.004204 -0.857250 0.010594 0.998888 0.045934 0.597269 0.003721 -0.045975 0.998936 -0.437203 0.000000 0.000000 0.000000 1.000000
0.999937 -0.010412 -0.004204 -0.857250 0.010594 0.998888 0.045934 0.597269 0.003721 -0.045975 0.998936 -0.437203 0.000000 0.000000 0.000000 1.000000
0.999937 -0.010412 -0.004204 -0.857250 0.010594 0.998888 0.045934 0.597269 0.003721 -0.045975 0.998936 -0.437203 0.000000 0.000000 0.000000 1.000000
0.999937 -0.010412 -0.004204 -0.857250 0.010594 0.998888 0.045934 0.597269 0.003721 -0.045975 0.998936 -0.437203 0.000000 0.000000 0.000000 1.000000
0.999937 -0.010412 -0.004204 -0.857250 0.010594 0.998888 0.045934 0.597269 0.003721 -0.045975 0.998936 -0.437203 0.000000 0.000000 0.000000 1.000000
0.999937 -0.010412 -0.004204 -0.857250 0.010594 0.998888 0.045934 0.597269 0.003721 -0.045975 0.998936 -0.437203 0.000000 0.000000 0.000000 1.000000
0.999937 -0.010412 -0.004204 -0.857250 0.010594 0.998888 0.045934 0.597269 0.003721 -0.045975 0.998936 -0.437203 0.000000 0.000000 0.000000 1.000000
0.999937 -0.010412 -0.004204 -0.857250 0.010594 0.998888 0.045934 0.597269 0.003721 -0.045975 0.998936 -0.437203 0.000000 0.000000 0.000000 1.000000
0.999937 -0.010412 -0.004204 -0.857250 0.010594 0.998888 0.045934 0.597269 0.003721 -0.045975 0.998936 -0.437203 0.000000 0.000000 0.000000 1.000000
0.999937 -0.010412 -0.004204 -0.857250 0.010594 0.998888 0.045934 0.597269 0.003721 -0.045975 0.998936 -0.437203 0.000000 0.000000 0.000000 1.000000
0.999937 -0.010412 -0.004204 -0.857250 0.010594 0.998888 0.045934 0.597269 0.003721 -0.045975 0.998936 -0.437203 0.000000 0.000000 0.000000 1.000000</float_array>
     <technique_common>
      <accessor source="#jnt_left_armroot-Matrix-animation-output-transform-array" count="53" stride="16">
       <param type="float4x4"></param>
      </accessor>
     </technique_common>
    </source>
    <source id="jnt_left_armroot-Interpolations">
     <Name_array id="jnt_left_armroot-Interpolations-array" count="53">
 LINEAR LINEAR LINEAR LINEAR LINEAR LINEAR LINEAR LINEAR LINEAR LINEAR LINEAR
LINEAR LINEAR LINEAR LINEAR LINEAR LINEAR LINEAR LINEAR LINEAR LINEAR LINEAR LINEAR
LINEAR LINEAR LINEAR LINEAR LINEAR LINEAR LINEAR LINEAR LINEAR LINEAR LINEAR LINEAR
LINEAR LINEAR LINEAR LINEAR LINEAR LINEAR LINEAR LINEAR LINEAR LINEAR LINEAR LINEAR
LINEAR LINEAR LINEAR LINEAR LINEAR LINEAR</Name_array>
     <technique_common>
      <accessor source="#jnt_left_armroot-Interpolations-array" count="53">
       <param type="name"></param>
      </accessor>
     </technique_common>
    </source>
    <sampler id="jnt_left_armroot-Matrix-animation-transform">
     <input semantic="INPUT" source="#jnt_left_armroot-Matrix-animation-input"></input>
     <input semantic="OUTPUT" source="#jnt_left_armroot-Matrix-animation-output-transform"></input>
     <input semantic="INTERPOLATION" source="#jnt_left_armroot-Interpolations"></input>
    </sampler>
    <channel source="#jnt_left_armroot-Matrix-animation-transform" target="jnt_left_armroot/matrix"></channel>
   </animation>
  </animation>
  <animation id="jnt_left_shoulder-anim" name="jnt_left_shoulder">
   <animation>
    <source id="jnt_left_shoulder-Matrix-animation-input">
     <float_array id="jnt_left_shoulder-Matrix-animation-input-array" count="53">

0.000000 0.033333 0.066667 0.100000 0.133333 0.166667 0.200000 0.233333 0.266667 0.300000 0.333333 0.366667 0.400000 0.433333 0.466667 0.500000
0.533333 0.566667 0.600000 0.633333 0.666667 0.700000 0.733333 0.766667 0.800000 0.833333 0.866667 0.900000 0.933333 0.966667 1.000000 1.033333
1.066667 1.100000 1.133333 1.166667 1.200000 1.233333 1.266667 1.300000 1.333333 1.366667 1.400000 1.433333 1.466667 1.500000 1.533333 1.566667
1.600000 1.633333 1.666667 1.700000 1.733333</float_array>
     <technique_common>
      <accessor source="#jnt_left_shoulder-Matrix-animation-input-array" count="53">
       <param name="TIME" type="float"></param>
      </accessor>
     </technique_common>
    </source>
    <source id="jnt_left_shoulder-Matrix-animation-output-transform">
     <float_array id="jnt_left_shoulder-Matrix-animation-output-transform-array" count="848">

-0.019289 0.092831 -0.995495 0.635987 0.352002 -0.931301 -0.093665 0.114390 -0.935800 -0.352223 -0.014713 0.266187 0.000000 0.000000 0.000000 1.000000
-0.019289 0.092831 -0.995495 0.635987 0.352002 -0.931301 -0.093665 0.114390 -0.935800 -0.352223 -0.014713 0.266187 0.000000 0.000000 0.000000 1.000000
-0.019289 0.092831 -0.995495 0.635987 0.352002 -0.931301 -0.093665 0.114390 -0.935800 -0.352223 -0.014713 0.266187 0.000000 0.000000 0.000000 1.000000
-0.019289 0.092831 -0.995495 0.635987 0.352002 -0.931301 -0.093665 0.114390 -0.935800 -0.352223 -0.014713 0.266187 0.000000 0.000000 0.000000 1.000000
-0.019289 0.092831 -0.995495 0.635987 0.352002 -0.931301 -0.093665 0.114390 -0.935800 -0.352223 -0.014713 0.266187 0.000000 0.000000 0.000000 1.000000
-0.019289 0.092831 -0.995495 0.635987 0.352002 -0.931301 -0.093665 0.114390 -0.935800 -0.352223 -0.014713 0.266187 0.000000 0.000000 0.000000 1.000000
-0.019289 0.092831 -0.995495 0.635987 0.352002 -0.931301 -0.093665 0.114390 -0.935800 -0.352223 -0.014713 0.266187 0.000000 0.000000 0.000000 1.000000
-0.019289 0.092831 -0.995495 0.635987 0.352002 -0.931301 -0.093665 0.114390 -0.935800 -0.352223 -0.014713 0.266187 0.000000 0.000000 0.000000 1.000000
-0.019289 0.092831 -0.995495 0.635987 0.352002 -0.931301 -0.093665 0.114390 -0.935800 -0.352223 -0.014713 0.266187 0.000000 0.000000 0.000000 1.000000
-0.019289 0.092831 -0.995495 0.635987 0.352002 -0.931301 -0.093665 0.114390 -0.935800 -0.352223 -0.014713 0.266187 0.000000 0.000000 0.000000 1.000000
-0.019289 0.092831 -0.995495 0.635987 0.352002 -0.931301 -0.093665 0.114390 -0.935800 -0.352223 -0.014713 0.266187 0.000000 0.000000 0.000000 1.000000
-0.019289 0.092831 -0.995495 0.635987 0.352002 -0.931301 -0.093665 0.114390 -0.935800 -0.352223 -0.014713 0.266187 0.000000 0.000000 0.000000 1.000000
-0.019289 0.092831 -0.995495 0.635987 0.352002 -0.931301 -0.093665 0.114390 -0.935800 -0.352223 -0.014713 0.266187 0.000000 0.000000 0.000000 1.000000
-0.019289 0.092831 -0.995495 0.635987 0.352002 -0.931301 -0.093665 0.114390 -0.935800 -0.352223 -0.014713 0.266187 0.000000 0.000000 0.000000 1.000000
-0.019289 0.092831 -0.995495 0.635987 0.352002 -0.931301 -0.093665 0.114390 -0.935800 -0.352223 -0.014713 0.266187 0.000000 0.000000 0.000000 1.000000
-0.019289 0.092831 -0.995495 0.635987 0.352002 -0.931301 -0.093665 0.114390 -0.935800 -0.352223 -0.014713 0.266187 0.000000 0.000000 0.000000 1.000000
-0.019289 0.092831 -0.995495 0.635987 0.352002 -0.931301 -0.093665 0.114390 -0.935800 -0.352223 -0.014713 0.266187 0.000000 0.000000 0.000000 1.000000
-0.019289 0.092831 -0.995495 0.635987 0.352002 -0.931301 -0.093665 0.114390 -0.935800 -0.352223 -0.014713 0.266187 0.000000 0.000000 0.000000 1.000000
-0.019289 0.092831 -0.995495 0.635987 0.352002 -0.931301 -0.093665 0.114390 -0.935800 -0.352223 -0.014713 0.266187 0.000000 0.000000 0.000000 1.000000
-0.019289 0.092831 -0.995495 0.635987 0.352002 -0.931301 -0.093665 0.114390 -0.935800 -0.352223 -0.014713 0.266187 0.000000 0.000000 0.000000 1.000000
-0.019289 0.092831 -0.995495 0.635987 0.352002 -0.931301 -0.093665 0.114390 -0.935800 -0.352223 -0.014713 0.266187 0.000000 0.000000 0.000000 1.000000
-0.019289 0.092831 -0.995495 0.635987 0.352002 -0.931301 -0.093665 0.114390 -0.935800 -0.352223 -0.014713 0.266187 0.000000 0.000000 0.000000 1.000000
-0.019289 0.092831 -0.995495 0.635987 0.352002 -0.931301 -0.093665 0.114390 -0.935800 -0.352223 -0.014713 0.266187 0.000000 0.000000 0.000000 1.000000
-0.019289 0.092831 -0.995495 0.635987 0.352002 -0.931301 -0.093665 0.114390 -0.935800 -0.352223 -0.014713 0.266187 0.000000 0.000000 0.000000 1.000000
-0.019289 0.092831 -0.995495 0.635987 0.352002 -0.931301 -0.093665 0.114390 -0.935800 -0.352223 -0.014713 0.266187 0.000000 0.000000 0.000000 1.000000
-0.019289 0.092831 -0.995495 0.635987 0.352002 -0.931301 -0.093665 0.114390 -0.935800 -0.352223 -0.014713 0.266187 0.000000 0.000000 0.000000 1.000000
-0.019289 0.092831 -0.995495 0.635987 0.352002 -0.931301 -0.093665 0.114390 -0.935800 -0.352223 -0.014713 0.266187 0.000000 0.000000 0.000000 1.000000
-0.019289 0.092831 -0.995495 0.635987 0.352002 -0.931301 -0.093665 0.114390 -0.935800 -0.352223 -0.014713 0.266187 0.000000 0.000000 0.000000 1.000000
-0.019289 0.092831 -0.995495 0.635987 0.352002 -0.931301 -0.093665 0.114390 -0.935800 -0.352223 -0.014713 0.266187 0.000000 0.000000 0.000000 1.000000
-0.019289 0.092831 -0.995495 0.635987 0.352002 -0.931301 -0.093665 0.114390 -0.935800 -0.352223 -0.014713 0.266187 0.000000 0.000000 0.000000 1.000000
-0.019289 0.092831 -0.995495 0.635987 0.352002 -0.931301 -0.093665 0.114390 -0.935800 -0.352223 -0.014713 0.266187 0.000000 0.000000 0.000000 1.000000
-0.019289 0.092831 -0.995495 0.635987 0.352002 -0.931301 -0.093665 0.114390 -0.935800 -0.352223 -0.014713 0.266187 0.000000 0.000000 0.000000 1.000000
-0.019289 0.092831 -0.995495 0.635987 0.352002 -0.931301 -0.093665 0.114390 -0.935800 -0.352223 -0.014713 0.266187 0.000000 0.000000 0.000000 1.000000
-0.019289 0.092831 -0.995495 0.635987 0.352002 -0.931301 -0.093665 0.114390 -0.935800 -0.352223 -0.014713 0.266187 0.000000 0.000000 0.000000 1.000000
-0.019289 0.092831 -0.995495 0.635987 0.352002 -0.931301 -0.093665 0.114390 -0.935800 -0.352223 -0.014713 0.266187 0.000000 0.000000 0.000000 1.000000
-0.019289 0.092831 -0.995495 0.635987 0.352002 -0.931301 -0.093665 0.114390 -0.935800 -0.352223 -0.014713 0.266187 0.000000 0.000000 0.000000 1.000000
-0.019289 0.092831 -0.995495 0.635987 0.352002 -0.931301 -0.093665 0.114390 -0.935800 -0.352223 -0.014713 0.266187 0.000000 0.000000 0.000000 1.000000
-0.019289 0.092831 -0.995495 0.635987 0.352002 -0.931301 -0.093665 0.114390 -0.935800 -0.352223 -0.014713 0.266187 0.000000 0.000000 0.000000 1.000000
-0.019289 0.092831 -0.995495 0.635987 0.352002 -0.931301 -0.093665 0.114390 -0.935800 -0.352223 -0.014713 0.266187 0.000000 0.000000 0.000000 1.000000
-0.019289 0.092831 -0.995495 0.635987 0.352002 -0.931301 -0.093665 0.114390 -0.935800 -0.352223 -0.014713 0.266187 0.000000 0.000000 0.000000 1.000000
-0.019289 0.092831 -0.995495 0.635987 0.352002 -0.931301 -0.093665 0.114390 -0.935800 -0.352223 -0.014713 0.266187 0.000000 0.000000 0.000000 1.000000
-0.019289 0.092831 -0.995495 0.635987 0.352002 -0.931301 -0.093665 0.114390 -0.935800 -0.352223 -0.014713 0.266187 0.000000 0.000000 0.000000 1.000000
-0.019289 0.092831 -0.995495 0.635987 0.352002 -0.931301 -0.093665 0.114390 -0.935800 -0.352223 -0.014713 0.266187 0.000000 0.000000 0.000000 1.000000
-0.019289 0.092831 -0.995495 0.635987 0.352002 -0.931301 -0.093665 0.114390 -0.935800 -0.352223 -0.014713 0.266187 0.000000 0.000000 0.000000 1.000000
-0.019289 0.092831 -0.995495 0.635987 0.352002 -0.931301 -0.093665 0.114390 -0.935800 -0.352223 -0.014713 0.266187 0.000000 0.000000 0.000000 1.000000
-0.019289 0.092831 -0.995495 0.635987 0.352002 -0.931301 -0.093665 0.114390 -0.935800 -0.352223 -0.014713 0.266187 0.000000 0.000000 0.000000 1.000000
-0.019289 0.092831 -0.995495 0.635987 0.352002 -0.931301 -0.093665 0.114390 -0.935800 -0.352223 -0.014713 0.266187 0.000000 0.000000 0.000000 1.000000
-0.019289 0.092831 -0.995495 0.635987 0.352002 -0.931301 -0.093665 0.114390 -0.935800 -0.352223 -0.014713 0.266187 0.000000 0.000000 0.000000 1.000000
-0.019289 0.092831 -0.995495 0.635987 0.352002 -0.931301 -0.093665 0.114390 -0.935800 -0.352223 -0.014713 0.266187 0.000000 0.000000 0.000000 1.000000
-0.019289 0.092831 -0.995495 0.635987 0.352002 -0.931301 -0.093665 0.114390 -0.935800 -0.352223 -0.014713 0.266187 0.000000 0.000000 0.000000 1.000000
-0.019289 0.092831 -0.995495 0.635987 0.352002 -0.931301 -0.093665 0.114390 -0.935800 -0.352223 -0.014713 0.266187 0.000000 0.000000 0.000000 1.000000
-0.019289 0.092831 -0.995495 0.635987 0.352002 -0.931301 -0.093665 0.114390 -0.935800 -0.352223 -0.014713 0.266187 0.000000 0.000000 0.000000 1.000000
-0.019289 0.092831 -0.995495 0.635987 0.352002 -0.931301 -0.093665 0.114390 -0.935800 -0.352223 -0.014713 0.266187 0.000000 0.000000 0.000000 1.000000</float_array>
     <technique_common>
      <accessor source="#jnt_left_shoulder-Matrix-animation-output-transform-array" count="53" stride="16">
       <param type="float4x4"></param>
      </accessor>
     </technique_common>
    </source>
    <source id="jnt_left_shoulder-Interpolations">
     <Name_array id="jnt_left_shoulder-Interpolations-array" count="53">
 LINEAR LINEAR LINEAR LINEAR LINEAR LINEAR LINEAR LINEAR LINEAR LINEAR LINEAR
LINEAR LINEAR LINEAR LINEAR LINEAR LINEAR LINEAR LINEAR LINEAR LINEAR LINEAR LINEAR
LINEAR LINEAR LINEAR LINEAR LINEAR LINEAR LINEAR LINEAR LINEAR LINEAR LINEAR LINEAR
LINEAR LINEAR LINEAR LINEAR LINEAR LINEAR LINEAR LINEAR LINEAR LINEAR LINEAR LINEAR
LINEAR LINEAR LINEAR LINEAR LINEAR LINEAR</Name_array>
     <technique_common>
      <accessor source="#jnt_left_shoulder-Interpolations-array" count="53">
       <param type="name"></param>
      </accessor>
     </technique_common>
    </source>
    <sampler id="jnt_left_shoulder-Matrix-animation-transform">
     <input semantic="INPUT" source="#jnt_left_shoulder-Matrix-animation-input"></input>
     <input semantic="OUTPUT" source="#jnt_left_shoulder-Matrix-animation-output-transform"></input>
     <input semantic="INTERPOLATION" source="#jnt_left_shoulder-Interpolations"></input>
    </sampler>
    <channel source="#jnt_left_shoulder-Matrix-animation-transform" target="jnt_left_shoulder/matrix"></channel>
   </animation>
  </animation>
  <animation id="jnt_left_arm-anim" name="jnt_left_arm">
   <animation>
    <source id="jnt_left_arm-Matrix-animation-input">
     <float_array id="jnt_left_arm-Matrix-animation-input-array" count="53">

0.000000 0.033333 0.066667 0.100000 0.133333 0.166667 0.200000 0.233333 0.266667 0.300000 0.333333 0.366667 0.400000 0.433333 0.466667 0.500000
0.533333 0.566667 0.600000 0.633333 0.666667 0.700000 0.733333 0.766667 0.800000 0.833333 0.866667 0.900000 0.933333 0.966667 1.000000 1.033333
1.066667 1.100000 1.133333 1.166667 1.200000 1.233333 1.266667 1.300000 1.333333 1.366667 1.400000 1.433333 1.466667 1.500000 1.533333 1.566667
1.600000 1.633333 1.666667 1.700000 1.733333</float_array>
     <technique_common>
      <accessor source="#jnt_left_arm-Matrix-animation-input-array" count="53">
       <param name="TIME" type="float"></param>
      </accessor>
     </technique_common>
    </source>
    <source id="jnt_left_arm-Matrix-animation-output-transform">
     <float_array id="jnt_left_arm-Matrix-animation-output-transform-array" count="848">

-0.289298 -0.414005 0.863079 -0.525417 0.937942 0.057533 0.341988 -0.032447 -0.191241 0.908454 0.371668 0.009492 0.000000 0.000000 0.000000 1.000000
-0.304933 -0.443148 0.842991 -0.525417 0.924011 0.076750 0.374586 -0.032447 -0.230697 0.893156 0.386070 0.009492 0.000000 0.000000 0.000000 1.000000
-0.338587 -0.494250 0.800671 -0.525417 0.893293 0.098492 0.438552 -0.032447 -0.295614 0.863722 0.408161 0.009492 0.000000 0.000000 0.000000 1.000000
-0.373341 -0.517404 0.770006 -0.525417 0.869871 0.093212 0.484394 -0.032447 -0.322401 0.850649 0.415274 0.009492 0.000000 0.000000 0.000000 1.000000
-0.396418 -0.504099 0.767292 -0.525417 0.869015 0.063508 0.490695 -0.032447 -0.296088 0.861307 0.412893 0.009492 0.000000 0.000000 0.000000 1.000000
-0.406604 -0.480783 0.776865 -0.525417 0.879828 0.023015 0.474736 -0.032447 -0.246125 0.876537 0.413648 0.009492 0.000000 0.000000 0.000000 1.000000
-0.405109 -0.454246 0.793440 -0.525417 0.895340 -0.021425 0.444869 -0.032447 -0.185081 0.890619 0.415383 0.009492 0.000000 0.000000 0.000000 1.000000
-0.392453 -0.430271 0.812925 -0.525417 0.911390 -0.062860 0.406716 -0.032447 -0.123899 0.900508 0.416814 0.009492 0.000000 0.000000 0.000000 1.000000
-0.367119 -0.414300 0.832813 -0.525417 0.927201 -0.091458 0.363228 -0.032447 -0.074318 0.905533 0.417715 0.009492 0.000000 0.000000 0.000000 1.000000
-0.325684 -0.410406 0.851760 -0.525417 0.944272 -0.095682 0.314954 -0.032447 -0.047761 0.906869 0.418697 0.009492 0.000000 0.000000 0.000000 1.000000
-0.261619 -0.420948 0.868537 -0.525417 0.963508 -0.061079 0.260623 -0.032447 -0.056660 0.905025 0.421566 0.009492 0.000000 0.000000 0.000000 1.000000
-0.163402 -0.441533 0.882240 -0.525417 0.980386 0.027221 0.195203 -0.032447 -0.110204 0.896832 0.428424 0.009492 0.000000 0.000000 0.000000 1.000000
-0.050416 -0.455412 0.888851 -0.525417 0.981934 0.139928 0.127389 -0.032447 -0.182390 0.879215 0.440130 0.009492 0.000000 0.000000 0.000000 1.000000
0.058186 -0.456744 0.887692 -0.525417 0.965919 0.250416 0.065532 -0.032447 -0.252224 0.853625 0.455748 0.009492 0.000000 0.000000 0.000000 1.000000
0.151737 -0.444254 0.882957 -0.525417 0.940460 0.339777 0.009338 -0.032447 -0.304157 0.828969 0.469360 0.009492 0.000000 0.000000 0.000000 1.000000
0.226335 -0.414912 0.881260 -0.525417 0.919793 0.388784 -0.053186 -0.032447 -0.320553 0.822615 0.469628 0.009492 0.000000 0.000000 0.000000 1.000000
0.277989 -0.382331 0.881218 -0.525417 0.907496 0.405285 -0.110439 -0.032447 -0.314921 0.830402 0.459627 0.009492 0.000000 0.000000 0.000000 1.000000
0.285231 -0.375629 0.881785 -0.525417 0.906957 0.403299 -0.121573 -0.032447 -0.309957 0.834418 0.455712 0.009492 0.000000 0.000000 0.000000 1.000000
0.284320 -0.373952 0.882792 -0.525417 0.909135 0.397482 -0.124430 -0.032447 -0.304363 0.837955 0.452985 0.009492 0.000000 0.000000 0.000000 1.000000
0.283913 -0.372008 0.883743 -0.525417 0.911244 0.391488 -0.127952 -0.032447 -0.298376 0.841633 0.450139 0.009492 0.000000 0.000000 0.000000 1.000000
0.283941 -0.369860 0.884636 -0.525417 0.913269 0.385375 -0.132008 -0.032447 -0.292093 0.845393 0.447205 0.009492 0.000000 0.000000 0.000000 1.000000
0.284327 -0.367570 0.885466 -0.525417 0.915197 0.379202 -0.136461 -0.032447 -0.285611 0.849175 0.444215 0.009492 0.000000 0.000000 0.000000 1.000000
0.285010 -0.365194 0.886229 -0.525417 0.917011 0.373039 -0.141188 -0.032447 -0.279038 0.852921 0.441206 0.009492 0.000000 0.000000 0.000000 1.000000
0.285917 -0.362792 0.886923 -0.525417 0.918701 0.366956 -0.146059 -0.032447 -0.272474 0.856577 0.438216 0.009492 0.000000 0.000000 0.000000 1.000000
0.286976 -0.360417 0.887549 -0.525417 0.920261 0.361021 -0.150949 -0.032447 -0.266019 0.860095 0.435281 0.009492 0.000000 0.000000 0.000000 1.000000
0.288115 -0.358123 0.888108 -0.525417 0.921686 0.355306 -0.155733 -0.032447 -0.259779 0.863426 0.432446 0.009492 0.000000 0.000000 0.000000 1.000000
0.289278 -0.355982 0.888591 -0.525417 0.922945 0.349991 -0.160250 -0.032447 -0.253953 0.866477 0.429796 0.009492 0.000000 0.000000 0.000000 1.000000
0.290416 -0.354065 0.888986 -0.525417 0.923999 0.345283 -0.164334 -0.032447 -0.248767 0.869147 0.427431 0.009492 0.000000 0.000000 0.000000 1.000000
0.291458 -0.352426 0.889296 -0.525417 0.924848 0.341293 -0.167855 -0.032447 -0.244354 0.871386 0.425413 0.009492 0.000000 0.000000 0.000000 1.000000
0.292340 -0.351117 0.889524 -0.525417 0.925490 0.338134 -0.170690 -0.032447 -0.240846 0.873145 0.423805 0.009492 0.000000 0.000000 0.000000 1.000000
0.292993 -0.350191 0.889674 -0.525417 0.925922 0.335918 -0.172707 -0.032447 -0.238378 0.874371 0.422671 0.009492 0.000000 0.000000 0.000000 1.000000
0.293352 -0.349701 0.889749 -0.525417 0.926142 0.334757 -0.173779 -0.032447 -0.237079 0.875013 0.422074 0.009492 0.000000 0.000000 0.000000 1.000000
0.290771 -0.351995 0.889692 -0.525417 0.930965 0.318683 -0.178177 -0.032447 -0.220812 0.880080 0.420358 0.009492 0.000000 0.000000 0.000000 1.000000
0.271764 -0.365091 0.890422 -0.525417 0.942317 0.288821 -0.169180 -0.032447 -0.195407 0.885037 0.422522 0.009492 0.000000 0.000000 0.000000 1.000000
0.227908 -0.393229 0.890745 -0.525417 0.951747 0.283060 -0.118556 -0.032447 -0.205516 0.874784 0.438766 0.009492 0.000000 0.000000 0.000000 1.000000
0.171798 -0.422140 0.890102 -0.525417 0.957286 0.284848 -0.049672 -0.032447 -0.232575 0.860615 0.453044 0.009492 0.000000 0.000000 0.000000 1.000000
0.118686 -0.439211 0.890509 -0.525417 0.960828 0.277014 0.008569 -0.032447 -0.250448 0.854609 0.454884 0.009492 0.000000 0.000000 0.000000 1.000000
0.060254 -0.445258 0.893372 -0.525417 0.971485 0.231773 0.049994 -0.032447 -0.229321 0.864885 0.446526 0.009492 0.000000 0.000000 0.000000 1.000000
-0.024567 -0.444971 0.895207 -0.525417 0.982588 0.154222 0.103623 -0.032447 -0.184170 0.882165 0.433434 0.009492 0.000000 0.000000 0.000000 1.000000
-0.141512 -0.435528 0.888982 -0.525417 0.980991 0.058762 0.184947 -0.032447 -0.132788 0.898255 0.418933 0.009492 0.000000 0.000000 0.000000 1.000000
-0.256752 -0.411797 0.874357 -0.525417 0.962872 -0.030909 0.268186 -0.032447 -0.083413 0.910751 0.404443 0.009492 0.000000 0.000000 0.000000 1.000000
-0.354154 -0.379815 0.854584 -0.525417 0.934253 -0.102855 0.341456 -0.032447 -0.041792 0.919326 0.391270 0.009492 0.000000 0.000000 0.000000 1.000000
-0.424051 -0.349708 0.835394 -0.525417 0.905526 -0.149144 0.397216 -0.032447 -0.014316 0.924911 0.379914 0.009492 0.000000 0.000000 0.000000 1.000000
-0.460782 -0.331357 0.823336 -0.525417 0.887497 -0.166294 0.429763 -0.032447 -0.005490 0.928735 0.370703 0.009492 0.000000 0.000000 0.000000 1.000000
-0.447281 -0.340344 0.827107 -0.525417 0.893683 -0.133183 0.428479 -0.032447 -0.035674 0.930821 0.363730 0.009492 0.000000 0.000000 0.000000 1.000000
-0.400029 -0.367924 0.839410 -0.525417 0.911447 -0.063625 0.406470 -0.032447 -0.096142 0.927676 0.360794 0.009492 0.000000 0.000000 0.000000 1.000000
-0.349202 -0.395675 0.849410 -0.525417 0.923635 0.007483 0.383201 -0.032447 -0.157980 0.918360 0.362846 0.009492 0.000000 0.000000 0.000000 1.000000
-0.304923 -0.417155 0.856156 -0.525417 0.929691 0.064670 0.362622 -0.032447 -0.206638 0.906531 0.368105 0.009492 0.000000 0.000000 0.000000 1.000000
-0.279151 -0.430355 0.858410 -0.525417 0.930588 0.099223 0.352367 -0.032447 -0.236818 0.897189 0.372784 0.009492 0.000000 0.000000 0.000000 1.000000
-0.271595 -0.432098 0.859958 -0.525417 0.932174 0.104116 0.346716 -0.032447 -0.239351 0.895796 0.374512 0.009492 0.000000 0.000000 0.000000 1.000000
-0.275299 -0.425580 0.862027 -0.525417 0.935360 0.088550 0.342435 -0.032447 -0.222067 0.900578 0.373692 0.009492 0.000000 0.000000 0.000000 1.000000
-0.282241 -0.419014 0.862999 -0.525417 0.937271 0.071425 0.341209 -0.032447 -0.204611 0.905166 0.372570 0.009492 0.000000 0.000000 0.000000 1.000000
-0.288282 -0.414657 0.863106 -0.525417 0.937899 0.059380 0.341790 -0.032447 -0.192977 0.908038 0.371787 0.009492 0.000000 0.000000 0.000000 1.000000</float_array>
     <technique_common>
      <accessor source="#jnt_left_arm-Matrix-animation-output-transform-array" count="53" stride="16">
       <param type="float4x4"></param>
      </accessor>
     </technique_common>
    </source>
    <source id="jnt_left_arm-Interpolations">
     <Name_array id="jnt_left_arm-Interpolations-array" count="53">
 LINEAR LINEAR LINEAR LINEAR LINEAR LINEAR LINEAR LINEAR LINEAR LINEAR LINEAR
LINEAR LINEAR LINEAR LINEAR LINEAR LINEAR LINEAR LINEAR LINEAR LINEAR LINEAR LINEAR
LINEAR LINEAR LINEAR LINEAR LINEAR LINEAR LINEAR LINEAR LINEAR LINEAR LINEAR LINEAR
LINEAR LINEAR LINEAR LINEAR LINEAR LINEAR LINEAR LINEAR LINEAR LINEAR LINEAR LINEAR
LINEAR LINEAR LINEAR LINEAR LINEAR LINEAR</Name_array>
     <technique_common>
      <accessor source="#jnt_left_arm-Interpolations-array" count="53">
       <param type="name"></param>
      </accessor>
     </technique_common>
    </source>
    <sampler id="jnt_left_arm-Matrix-animation-transform">
     <input semantic="INPUT" source="#jnt_left_arm-Matrix-animation-input"></input>
     <input semantic="OUTPUT" source="#jnt_left_arm-Matrix-animation-output-transform"></input>
     <input semantic="INTERPOLATION" source="#jnt_left_arm-Interpolations"></input>
    </sampler>
    <channel source="#jnt_left_arm-Matrix-animation-transform" target="jnt_left_arm/matrix"></channel>
   </animation>
  </animation>
  <animation id="jnt_left_armroll-anim" name="jnt_left_armroll">
   <animation>
    <source id="jnt_left_armroll-Matrix-animation-input">
     <float_array id="jnt_left_armroll-Matrix-animation-input-array" count="53">

0.000000 0.033333 0.066667 0.100000 0.133333 0.166667 0.200000 0.233333 0.266667 0.300000 0.333333 0.366667 0.400000 0.433333 0.466667 0.500000
0.533333 0.566667 0.600000 0.633333 0.666667 0.700000 0.733333 0.766667 0.800000 0.833333 0.866667 0.900000 0.933333 0.966667 1.000000 1.033333
1.066667 1.100000 1.133333 1.166667 1.200000 1.233333 1.266667 1.300000 1.333333 1.366667 1.400000 1.433333 1.466667 1.500000 1.533333 1.566667
1.600000 1.633333 1.666667 1.700000 1.733333</float_array>
     <technique_common>
      <accessor source="#jnt_left_armroll-Matrix-animation-input-array" count="53">
       <param name="TIME" type="float"></param>
      </accessor>
     </technique_common>
    </source>
    <source id="jnt_left_armroll-Matrix-animation-output-transform">
     <float_array id="jnt_left_armroll-Matrix-animation-output-transform-array" count="848">

1.000000 -0.000000 0.000000 -0.421995 0.000000 1.000000 -0.000000 0.000002 -0.000000 0.000000 1.000000 -0.000004 0.000000 0.000000 0.000000 1.000000
1.000000 -0.000000 0.000000 -0.421995 0.000000 1.000000 -0.000000 0.000002 -0.000000 0.000000 1.000000 -0.000004 0.000000 0.000000 0.000000 1.000000
1.000000 -0.000000 0.000000 -0.421995 0.000000 1.000000 -0.000000 0.000002 -0.000000 0.000000 1.000000 -0.000004 0.000000 0.000000 0.000000 1.000000
1.000000 -0.000000 0.000000 -0.421995 0.000000 1.000000 -0.000000 0.000002 -0.000000 0.000000 1.000000 -0.000004 0.000000 0.000000 0.000000 1.000000
1.000000 -0.000000 0.000000 -0.421995 0.000000 1.000000 -0.000000 0.000002 -0.000000 0.000000 1.000000 -0.000004 0.000000 0.000000 0.000000 1.000000
1.000000 -0.000000 -0.000000 -0.421995 0.000000 1.000000 0.000000 0.000002 0.000000 -0.000000 1.000000 -0.000004 0.000000 0.000000 0.000000 1.000000
1.000000 -0.000000 0.000000 -0.421995 0.000000 1.000000 0.000000 0.000002 -0.000000 -0.000000 1.000000 -0.000004 0.000000 0.000000 0.000000 1.000000
1.000000 -0.000000 0.000000 -0.421995 0.000000 1.000000 0.000000 0.000002 -0.000000 -0.000000 1.000000 -0.000004 0.000000 0.000000 0.000000 1.000000
1.000000 -0.000000 0.000000 -0.421995 0.000000 1.000000 -0.000000 0.000002 -0.000000 0.000000 1.000000 -0.000004 0.000000 0.000000 0.000000 1.000000
1.000000 -0.000000 0.000000 -0.421995 0.000000 1.000000 0.000000 0.000002 -0.000000 -0.000000 1.000000 -0.000004 0.000000 0.000000 0.000000 1.000000
1.000000 -0.000000 0.000000 -0.421995 0.000000 1.000000 0.000000 0.000002 -0.000000 -0.000000 1.000000 -0.000004 0.000000 0.000000 0.000000 1.000000
1.000000 -0.000000 0.000000 -0.421995 0.000000 1.000000 -0.000000 0.000002 -0.000000 0.000000 1.000000 -0.000004 0.000000 0.000000 0.000000 1.000000
1.000000 -0.000000 0.000000 -0.421995 0.000000 1.000000 0.000000 0.000002 -0.000000 -0.000000 1.000000 -0.000004 0.000000 0.000000 0.000000 1.000000
1.000000 -0.000000 0.000000 -0.421995 0.000000 1.000000 0.000000 0.000002 -0.000000 -0.000000 1.000000 -0.000004 0.000000 0.000000 0.000000 1.000000
1.000000 -0.000000 0.000000 -0.421995 0.000000 1.000000 0.000000 0.000002 -0.000000 -0.000000 1.000000 -0.000004 0.000000 0.000000 0.000000 1.000000
1.000000 -0.000000 -0.000000 -0.421995 0.000000 1.000000 0.000000 0.000001 0.000000 -0.000000 1.000000 -0.000004 0.000000 0.000000 0.000000 1.000000
1.000000 -0.000000 -0.000000 -0.421995 0.000000 1.000000 -0.000000 0.000003 0.000000 0.000000 1.000000 -0.000004 0.000000 0.000000 0.000000 1.000000
1.000000 -0.000000 -0.000000 -0.421995 0.000000 1.000000 0.000000 0.000003 0.000000 -0.000000 1.000000 -0.000004 0.000000 0.000000 0.000000 1.000000
1.000000 -0.000000 0.000000 -0.421995 0.000000 1.000000 -0.000000 0.000002 -0.000000 0.000000 1.000000 -0.000004 0.000000 0.000000 0.000000 1.000000
1.000000 -0.000000 -0.000000 -0.421995 0.000000 1.000000 -0.000000 0.000002 0.000000 0.000000 1.000000 -0.000004 0.000000 0.000000 0.000000 1.000000
1.000000 -0.000000 0.000000 -0.421995 0.000000 1.000000 -0.000000 0.000003 -0.000000 0.000000 1.000000 -0.000004 0.000000 0.000000 0.000000 1.000000
1.000000 -0.000000 -0.000000 -0.421995 0.000000 1.000000 0.000000 0.000002 0.000000 -0.000000 1.000000 -0.000004 0.000000 0.000000 0.000000 1.000000
1.000000 -0.000000 0.000000 -0.421995 0.000000 1.000000 -0.000000 0.000002 -0.000000 0.000000 1.000000 -0.000004 0.000000 0.000000 0.000000 1.000000
1.000000 -0.000000 -0.000000 -0.421995 0.000000 1.000000 -0.000000 0.000002 0.000000 0.000000 1.000000 -0.000004 0.000000 0.000000 0.000000 1.000000
1.000000 -0.000000 0.000000 -0.421995 0.000000 1.000000 0.000000 0.000002 -0.000000 -0.000000 1.000000 -0.000004 0.000000 0.000000 0.000000 1.000000
1.000000 -0.000000 -0.000000 -0.421995 0.000000 1.000000 0.000000 0.000002 0.000000 -0.000000 1.000000 -0.000004 0.000000 0.000000 0.000000 1.000000
1.000000 -0.000000 -0.000000 -0.421995 0.000000 1.000000 -0.000000 0.000002 0.000000 0.000000 1.000000 -0.000004 0.000000 0.000000 0.000000 1.000000
1.000000 -0.000000 -0.000000 -0.421995 0.000000 1.000000 0.000000 0.000002 0.000000 -0.000000 1.000000 -0.000004 0.000000 0.000000 0.000000 1.000000
1.000000 -0.000000 -0.000000 -0.421995 0.000000 1.000000 -0.000000 0.000002 0.000000 0.000000 1.000000 -0.000004 0.000000 0.000000 0.000000 1.000000
1.000000 -0.000000 -0.000000 -0.421995 0.000000 1.000000 -0.000000 0.000002 0.000000 -0.000000 1.000000 -0.000004 0.000000 0.000000 0.000000 1.000000
1.000000 -0.000000 0.000000 -0.421995 0.000000 1.000000 -0.000000 0.000002 0.000000 0.000000 1.000000 -0.000004 0.000000 0.000000 0.000000 1.000000
1.000000 -0.000000 -0.000000 -0.421995 0.000000 1.000000 0.000000 0.000002 0.000000 -0.000000 1.000000 -0.000004 0.000000 0.000000 0.000000 1.000000
1.000000 -0.000000 0.000000 -0.421995 0.000000 1.000000 0.000000 0.000002 -0.000000 -0.000000 1.000000 -0.000004 0.000000 0.000000 0.000000 1.000000
1.000000 -0.000000 -0.000000 -0.421995 0.000000 1.000000 -0.000000 0.000002 0.000000 0.000000 1.000000 -0.000004 0.000000 0.000000 0.000000 1.000000
1.000000 -0.000000 -0.000000 -0.421995 0.000000 1.000000 -0.000000 0.000002 0.000000 0.000000 1.000000 -0.000004 0.000000 0.000000 0.000000 1.000000
1.000000 -0.000000 -0.000000 -0.421995 0.000000 1.000000 0.000000 0.000002 0.000000 -0.000000 1.000000 -0.000004 0.000000 0.000000 0.000000 1.000000
1.000000 -0.000000 0.000000 -0.421995 0.000000 1.000000 0.000000 0.000003 -0.000000 -0.000000 1.000000 -0.000004 0.000000 0.000000 0.000000 1.000000
1.000000 -0.000000 0.000000 -0.421995 0.000000 1.000000 -0.000000 0.000003 -0.000000 0.000000 1.000000 -0.000004 0.000000 0.000000 0.000000 1.000000
1.000000 -0.000000 0.000000 -0.421995 0.000000 1.000000 -0.000000 0.000003 -0.000000 0.000000 1.000000 -0.000004 0.000000 0.000000 0.000000 1.000000
1.000000 -0.000000 0.000000 -0.421995 0.000000 1.000000 -0.000000 0.000002 -0.000000 0.000000 1.000000 -0.000004 0.000000 0.000000 0.000000 1.000000
1.000000 -0.000000 0.000000 -0.421995 0.000000 1.000000 0.000000 0.000002 -0.000000 -0.000000 1.000000 -0.000004 0.000000 0.000000 0.000000 1.000000
1.000000 -0.000000 0.000000 -0.421995 0.000000 1.000000 -0.000000 0.000002 -0.000000 0.000000 1.000000 -0.000004 0.000000 0.000000 0.000000 1.000000
1.000000 -0.000000 0.000000 -0.421995 0.000000 1.000000 -0.000000 0.000002 -0.000000 0.000000 1.000000 -0.000004 0.000000 0.000000 0.000000 1.000000
1.000000 -0.000000 -0.000000 -0.421995 0.000000 1.000000 -0.000000 0.000002 0.000000 0.000000 1.000000 -0.000004 0.000000 0.000000 0.000000 1.000000
1.000000 -0.000000 0.000000 -0.421995 0.000000 1.000000 0.000000 0.000001 -0.000000 -0.000000 1.000000 -0.000004 0.000000 0.000000 0.000000 1.000000
1.000000 -0.000000 0.000000 -0.421995 0.000000 1.000000 -0.000000 0.000002 -0.000000 0.000000 1.000000 -0.000004 0.000000 0.000000 0.000000 1.000000
1.000000 -0.000000 0.000000 -0.421995 0.000000 1.000000 -0.000000 0.000002 -0.000000 0.000000 1.000000 -0.000004 0.000000 0.000000 0.000000 1.000000
1.000000 -0.000000 0.000000 -0.421995 0.000000 1.000000 0.000000 0.000002 -0.000000 -0.000000 1.000000 -0.000004 0.000000 0.000000 0.000000 1.000000
1.000000 -0.000000 0.000000 -0.421995 0.000000 1.000000 0.000000 0.000002 -0.000000 -0.000000 1.000000 -0.000004 0.000000 0.000000 0.000000 1.000000
1.000000 -0.000000 0.000000 -0.421995 0.000000 1.000000 -0.000000 0.000002 -0.000000 0.000000 1.000000 -0.000004 0.000000 0.000000 0.000000 1.000000
1.000000 -0.000000 0.000000 -0.421995 0.000000 1.000000 -0.000000 0.000002 -0.000000 0.000000 1.000000 -0.000004 0.000000 0.000000 0.000000 1.000000
1.000000 -0.000000 0.000000 -0.421995 0.000000 1.000000 0.000000 0.000002 -0.000000 -0.000000 1.000000 -0.000004 0.000000 0.000000 0.000000 1.000000
1.000000 -0.000000 0.000000 -0.421995 0.000000 1.000000 -0.000000 0.000003 -0.000000 0.000000 1.000000 -0.000004 0.000000 0.000000 0.000000 1.000000</float_array>
     <technique_common>
      <accessor source="#jnt_left_armroll-Matrix-animation-output-transform-array" count="53" stride="16">
       <param type="float4x4"></param>
      </accessor>
     </technique_common>
    </source>
    <source id="jnt_left_armroll-Interpolations">
     <Name_array id="jnt_left_armroll-Interpolations-array" count="53">
 LINEAR LINEAR LINEAR LINEAR LINEAR LINEAR LINEAR LINEAR LINEAR LINEAR LINEAR
LINEAR LINEAR LINEAR LINEAR LINEAR LINEAR LINEAR LINEAR LINEAR LINEAR LINEAR LINEAR
LINEAR LINEAR LINEAR LINEAR LINEAR LINEAR LINEAR LINEAR LINEAR LINEAR LINEAR LINEAR
LINEAR LINEAR LINEAR LINEAR LINEAR LINEAR LINEAR LINEAR LINEAR LINEAR LINEAR LINEAR
LINEAR LINEAR LINEAR LINEAR LINEAR LINEAR</Name_array>
     <technique_common>
      <accessor source="#jnt_left_armroll-Interpolations-array" count="53">
       <param type="name"></param>
      </accessor>
     </technique_common>
    </source>
    <sampler id="jnt_left_armroll-Matrix-animation-transform">
     <input semantic="INPUT" source="#jnt_left_armroll-Matrix-animation-input"></input>
     <input semantic="OUTPUT" source="#jnt_left_armroll-Matrix-animation-output-transform"></input>
     <input semantic="INTERPOLATION" source="#jnt_left_armroll-Interpolations"></input>
    </sampler>
    <channel source="#jnt_left_armroll-Matrix-animation-transform" target="jnt_left_armroll/matrix"></channel>
   </animation>
  </animation>
  <animation id="jnt_left_forearm-anim" name="jnt_left_forearm">
   <animation>
    <source id="jnt_left_forearm-Matrix-animation-input">
     <float_array id="jnt_left_forearm-Matrix-animation-input-array" count="53">

0.000000 0.033333 0.066667 0.100000 0.133333 0.166667 0.200000 0.233333 0.266667 0.300000 0.333333 0.366667 0.400000 0.433333 0.466667 0.500000
0.533333 0.566667 0.600000 0.633333 0.666667 0.700000 0.733333 0.766667 0.800000 0.833333 0.866667 0.900000 0.933333 0.966667 1.000000 1.033333
1.066667 1.100000 1.133333 1.166667 1.200000 1.233333 1.266667 1.300000 1.333333 1.366667 1.400000 1.433333 1.466667 1.500000 1.533333 1.566667
1.600000 1.633333 1.666667 1.700000 1.733333</float_array>
     <technique_common>
      <accessor source="#jnt_left_forearm-Matrix-animation-input-array" count="53">
       <param name="TIME" type="float"></param>
      </accessor>
     </technique_common>
    </source>
    <source id="jnt_left_forearm-Matrix-animation-output-transform">
     <float_array id="jnt_left_forearm-Matrix-animation-output-transform-array" count="848">

0.394104 -0.124830 0.910549 -0.843981 0.777291 0.573921 -0.257746 0.000001 -0.490409 0.809340 0.323214 0.000004 0.000000 0.000000 0.000000 1.000000
0.376679 -0.182662 0.908156 -0.843981 0.804679 0.550202 -0.223094 0.000001 -0.458919 0.814808 0.354234 0.000004 0.000000 0.000000 0.000000 1.000000
0.352504 -0.285627 0.891155 -0.843981 0.846644 0.503022 -0.173672 0.000001 -0.398666 0.815712 0.419142 0.000004 0.000000 0.000000 0.000000 1.000000
0.353255 -0.345222 0.869501 -0.843981 0.866343 0.471487 -0.164775 0.000001 -0.353075 0.811493 0.465636 0.000004 0.000000 0.000000 0.000000 1.000000
0.384036 -0.347630 0.855377 -0.843981 0.861754 0.467567 -0.196878 0.000001 -0.331505 0.812733 0.479134 0.000003 0.000000 0.000000 0.000000 1.000000
0.429981 -0.330131 0.840315 -0.843981 0.843926 0.477675 -0.244166 0.000001 -0.320791 0.814150 0.483997 0.000004 0.000000 0.000000 0.000000 1.000000
0.481874 -0.300843 0.822977 -0.843981 0.816832 0.494168 -0.297630 0.000001 -0.317149 0.815653 0.483865 0.000003 0.000000 0.000000 0.000000 1.000000
0.529115 -0.267529 0.805273 -0.843981 0.786574 0.510655 -0.347178 0.000001 -0.318337 0.817104 0.480627 0.000004 0.000000 0.000000 0.000000 1.000000
0.557761 -0.237455 0.795310 -0.843981 0.763476 0.522657 -0.379386 0.000001 -0.325588 0.818806 0.472809 0.000004 0.000000 0.000000 0.000000 1.000000
0.552377 -0.216154 0.805082 -0.843981 0.759646 0.528209 -0.379385 0.000001 -0.343246 0.821141 0.455971 0.000004 0.000000 0.000000 0.000000 1.000000
0.488358 -0.208495 0.847371 -0.843981 0.787166 0.524388 -0.324634 0.000001 -0.376667 0.825558 0.420209 0.000004 0.000000 0.000000 0.000000 1.000000
0.317045 -0.217276 0.923187 -0.843981 0.848623 0.499614 -0.173851 0.000001 -0.423464 0.838556 0.342786 0.000004 0.000000 0.000000 0.000000 1.000000
0.085753 -0.226026 0.970339 -0.843981 0.886228 0.462319 0.029370 0.000001 -0.455245 0.857422 0.239956 0.000004 0.000000 0.000000 0.000000 1.000000
-0.142536 -0.226208 0.963594 -0.843981 0.876467 0.423483 0.229063 0.000001 -0.459882 0.877207 0.137902 0.000004 0.000000 0.000000 0.000000 1.000000
-0.320477 -0.215128 0.922504 -0.843981 0.834969 0.395765 0.382359 0.000001 -0.447351 0.892799 0.052791 0.000004 0.000000 0.000000 0.000000 1.000000
-0.418614 -0.189933 0.888081 -0.843981 0.793702 0.398731 0.459402 0.000001 -0.441362 0.897184 -0.016164 0.000004 0.000000 0.000000 0.000000 1.000000
-0.453624 -0.162999 0.876160 -0.843981 0.770996 0.421315 0.477555 0.000001 -0.446981 0.892146 -0.065447 0.000004 0.000000 0.000000 0.000000 1.000000
-0.453066 -0.156923 0.877557 -0.843981 0.769278 0.428623 0.473808 0.000001 -0.450493 0.889751 -0.073477 0.000004 0.000000 0.000000 0.000000 1.000000
-0.447050 -0.154374 0.881087 -0.843981 0.770881 0.433162 0.467026 0.000001 -0.453751 0.887997 -0.074641 0.000004 0.000000 0.000000 0.000000 1.000000
-0.441508 -0.151363 0.884398 -0.843981 0.772008 0.438220 0.460400 0.000001 -0.457249 0.886032 -0.076624 0.000004 0.000000 0.000000 0.000000 1.000000
-0.436417 -0.147976 0.887492 -0.843981 0.772715 0.443668 0.453950 0.000001 -0.460926 0.883890 -0.079280 0.000004 0.000000 0.000000 0.000000 1.000000
-0.431752 -0.144311 0.890373 -0.843981 0.773064 0.449375 0.447700 0.000001 -0.464720 0.881610 -0.082457 0.000004 0.000000 0.000000 0.000000 1.000000
-0.427505 -0.140458 0.893034 -0.843981 0.773105 0.455214 0.441689 0.000001 -0.468561 0.879233 -0.086017 0.000004 0.000000 0.000000 0.000000 1.000000
-0.423655 -0.136515 0.895477 -0.843981 0.772898 0.461060 0.435950 0.000001 -0.472383 0.876805 -0.089818 0.000003 0.000000 0.000000 0.000000 1.000000
-0.420181 -0.132577 0.897702 -0.843981 0.772504 0.466790 0.430517 0.000001 -0.476116 0.874374 -0.093719 0.000003 0.000000 0.000000 0.000000 1.000000
-0.417061 -0.128744 0.899713 -0.843981 0.771984 0.472282 0.425432 0.000001 -0.479690 0.871995 -0.097582 0.000004 0.000000 0.000000 0.000000 1.000000
-0.414342 -0.125130 0.901478 -0.843981 0.771378 0.477386 0.420808 0.000001 -0.483009 0.869738 -0.101278 0.000003 0.000000 0.000000 0.000000 1.000000
-0.412088 -0.121860 0.902958 -0.843981 0.770727 0.481947 0.416782 0.000001 -0.485967 0.867685 -0.104683 0.000004 0.000000 0.000000 0.000000 1.000000
-0.410295 -0.119038 0.904150 -0.843981 0.770091 0.485841 0.413423 0.000001 -0.488487 0.865903 -0.107667 0.000004 0.000000 0.000000 0.000000 1.000000
-0.408958 -0.116768 0.905051 -0.843981 0.769527 0.488947 0.410802 0.000001 -0.490492 0.864462 -0.110102 0.000003 0.000000 0.000000 0.000000 1.000000
-0.408073 -0.115154 0.905657 -0.843981 0.769096 0.491142 0.408989 0.000001 -0.491903 0.863434 -0.111857 0.000004 0.000000 0.000000 0.000000 1.000000
-0.407634 -0.114298 0.905963 -0.843981 0.768854 0.492300 0.408050 0.000001 -0.492646 0.862888 -0.112800 0.000004 0.000000 0.000000 0.000000 1.000000
-0.360388 -0.118932 0.925189 -0.843981 0.784919 0.497241 0.369667 0.000001 -0.504008 0.859422 -0.085848 0.000004 0.000000 0.000000 0.000000 1.000000
-0.244453 -0.138800 0.959675 -0.843981 0.819880 0.498839 0.280992 0.000001 -0.517726 0.855508 -0.008144 0.000004 0.000000 0.000000 0.000000 1.000000
-0.112346 -0.178672 0.977473 -0.843981 0.854411 0.484849 0.186827 0.000001 -0.507308 0.856152 0.098189 0.000003 0.000000 0.000000 0.000000 1.000000
-0.001603 -0.216327 0.976319 -0.843981 0.875338 0.471758 0.105966 0.000001 -0.483510 0.854779 0.188603 0.000004 0.000000 0.000000 0.000000 1.000000
0.069038 -0.230743 0.970562 -0.843981 0.881142 0.470293 0.049131 0.000001 -0.467786 0.851811 0.235785 0.000004 0.000000 0.000000 0.000000 1.000000
0.199232 -0.211842 0.956781 -0.843981 0.860292 0.505346 -0.067251 0.000001 -0.469260 0.836509 0.282927 0.000003 0.000000 0.000000 0.000000 1.000000
0.376460 -0.177464 0.909277 -0.843981 0.804094 0.550051 -0.225558 0.000001 -0.460121 0.816057 0.349770 0.000003 0.000000 0.000000 0.000000 1.000000
0.557005 -0.145219 0.817714 -0.843981 0.715607 0.583607 -0.383809 0.000001 -0.421488 0.798945 0.428992 0.000003 0.000000 0.000000 0.000000 1.000000
0.700620 -0.114183 0.704339 -0.843981 0.611207 0.605384 -0.509838 0.000001 -0.368181 0.787700 0.493934 0.000004 0.000000 0.000000 0.000000 1.000000
0.799791 -0.087413 0.593880 -0.843981 0.511280 0.617580 -0.597652 0.000001 -0.314526 0.781635 0.538628 0.000004 0.000000 0.000000 0.000000 1.000000
0.855415 -0.068535 0.513389 -0.843981 0.438729 0.622703 -0.647888 0.000001 -0.275286 0.779451 0.562738 0.000004 0.000000 0.000000 0.000000 1.000000
0.873233 -0.058664 0.483759 -0.843981 0.410468 0.623596 -0.665315 0.000001 -0.262640 0.779543 0.568624 0.000004 0.000000 0.000000 0.000000 1.000000
0.826453 -0.065016 0.559239 -0.843981 0.473143 0.618566 -0.627305 0.000001 -0.305142 0.783038 0.541978 0.000004 0.000000 0.000000 0.000000 1.000000
0.711388 -0.085314 0.697603 -0.843981 0.592660 0.606318 -0.530220 0.000001 -0.377734 0.790632 0.481890 0.000003 0.000000 0.000000 0.000000 1.000000
0.568615 -0.109936 0.815225 -0.843981 0.698010 0.588871 -0.407447 0.000001 -0.435269 0.800716 0.411577 0.000003 0.000000 0.000000 0.000000 1.000000
0.432972 -0.131733 0.891730 -0.843981 0.769054 0.570018 -0.289200 0.000001 -0.470205 0.811003 0.348111 0.000004 0.000000 0.000000 0.000000 1.000000
0.338293 -0.149024 0.929166 -0.843981 0.807524 0.552946 -0.205320 0.000001 -0.483181 0.819782 0.307398 0.000003 0.000000 0.000000 0.000000 1.000000
0.307966 -0.152564 0.939085 -0.843981 0.817034 0.548138 -0.178889 0.000001 -0.487456 0.822356 0.293458 0.000004 0.000000 0.000000 0.000000 1.000000
0.329511 -0.143256 0.933220 -0.843981 0.806688 0.556309 -0.199436 0.000001 -0.490588 0.818534 0.298873 0.000004 0.000000 0.000000 0.000000 1.000000
0.363291 -0.132916 0.922146 -0.843981 0.791499 0.566154 -0.230216 0.000001 -0.491478 0.813512 0.310881 0.000004 0.000000 0.000000 0.000000 1.000000
0.389842 -0.125886 0.912237 -0.843981 0.779283 0.572905 -0.253965 0.000001 -0.490655 0.809896 0.321443 0.000004 0.000000 0.000000 0.000000 1.000000</float_array>
     <technique_common>
      <accessor source="#jnt_left_forearm-Matrix-animation-output-transform-array" count="53" stride="16">
       <param type="float4x4"></param>
      </accessor>
     </technique_common>
    </source>
    <source id="jnt_left_forearm-Interpolations">
     <Name_array id="jnt_left_forearm-Interpolations-array" count="53">
 LINEAR LINEAR LINEAR LINEAR LINEAR LINEAR LINEAR LINEAR LINEAR LINEAR LINEAR
LINEAR LINEAR LINEAR LINEAR LINEAR LINEAR LINEAR LINEAR LINEAR LINEAR LINEAR LINEAR
LINEAR LINEAR LINEAR LINEAR LINEAR LINEAR LINEAR LINEAR LINEAR LINEAR LINEAR LINEAR
LINEAR LINEAR LINEAR LINEAR LINEAR LINEAR LINEAR LINEAR LINEAR LINEAR LINEAR LINEAR
LINEAR LINEAR LINEAR LINEAR LINEAR LINEAR</Name_array>
     <technique_common>
      <accessor source="#jnt_left_forearm-Interpolations-array" count="53">
       <param type="name"></param>
      </accessor>
     </technique_common>
    </source>
    <sampler id="jnt_left_forearm-Matrix-animation-transform">
     <input semantic="INPUT" source="#jnt_left_forearm-Matrix-animation-input"></input>
     <input semantic="OUTPUT" source="#jnt_left_forearm-Matrix-animation-output-transform"></input>
     <input semantic="INTERPOLATION" source="#jnt_left_forearm-Interpolations"></input>
    </sampler>
    <channel source="#jnt_left_forearm-Matrix-animation-transform" target="jnt_left_forearm/matrix"></channel>
   </animation>
  </animation>
  <animation id="jnt_left_forearmroll-anim" name="jnt_left_forearmroll">
   <animation>
    <source id="jnt_left_forearmroll-Matrix-animation-input">
     <float_array id="jnt_left_forearmroll-Matrix-animation-input-array" count="53">

0.000000 0.033333 0.066667 0.100000 0.133333 0.166667 0.200000 0.233333 0.266667 0.300000 0.333333 0.366667 0.400000 0.433333 0.466667 0.500000
0.533333 0.566667 0.600000 0.633333 0.666667 0.700000 0.733333 0.766667 0.800000 0.833333 0.866667 0.900000 0.933333 0.966667 1.000000 1.033333
1.066667 1.100000 1.133333 1.166667 1.200000 1.233333 1.266667 1.300000 1.333333 1.366667 1.400000 1.433333 1.466667 1.500000 1.533333 1.566667
1.600000 1.633333 1.666667 1.700000 1.733333</float_array>
     <technique_common>
      <accessor source="#jnt_left_forearmroll-Matrix-animation-input-array" count="53">
       <param name="TIME" type="float"></param>
      </accessor>
     </technique_common>
    </source>
    <source id="jnt_left_forearmroll-Matrix-animation-output-transform">
     <float_array id="jnt_left_forearmroll-Matrix-animation-output-transform-array" count="848">

1.000000 0.000001 -0.000000 -0.487001 -0.000001 1.000000 -0.000000 -0.000000 0.000000 0.000000 1.000000 -0.000004 0.000000 0.000000 0.000000 1.000000
1.000000 0.000001 -0.000000 -0.487001 -0.000001 1.000000 -0.000000 -0.000001 0.000000 0.000000 1.000000 -0.000004 0.000000 0.000000 0.000000 1.000000
1.000000 0.000001 -0.000000 -0.487001 -0.000001 1.000000 -0.000000 -0.000001 0.000000 0.000000 1.000000 -0.000004 0.000000 0.000000 0.000000 1.000000
1.000000 0.000001 -0.000000 -0.487001 -0.000001 1.000000 -0.000000 -0.000001 0.000000 0.000000 1.000000 -0.000004 0.000000 0.000000 0.000000 1.000000
1.000000 0.000001 -0.000000 -0.487001 -0.000001 1.000000 -0.000000 0.000000 0.000000 0.000000 1.000000 -0.000004 0.000000 0.000000 0.000000 1.000000
1.000000 0.000001 -0.000000 -0.487001 -0.000001 1.000000 -0.000000 -0.000001 0.000000 0.000000 1.000000 -0.000004 0.000000 0.000000 0.000000 1.000000
1.000000 0.000001 -0.000000 -0.487001 -0.000001 1.000000 -0.000000 -0.000001 0.000000 0.000000 1.000000 -0.000004 0.000000 0.000000 0.000000 1.000000
1.000000 0.000001 -0.000000 -0.487001 -0.000001 1.000000 -0.000000 -0.000001 0.000000 0.000000 1.000000 -0.000004 0.000000 0.000000 0.000000 1.000000
1.000000 0.000001 -0.000000 -0.487001 -0.000001 1.000000 -0.000000 -0.000001 0.000000 0.000000 1.000000 -0.000004 0.000000 0.000000 0.000000 1.000000
1.000000 0.000001 -0.000000 -0.487001 -0.000001 1.000000 -0.000000 -0.000001 0.000000 0.000000 1.000000 -0.000004 0.000000 0.000000 0.000000 1.000000
1.000000 0.000001 -0.000000 -0.487001 -0.000001 1.000000 -0.000000 -0.000001 0.000000 0.000000 1.000000 -0.000004 0.000000 0.000000 0.000000 1.000000
1.000000 0.000001 -0.000000 -0.487001 -0.000001 1.000000 -0.000000 -0.000001 0.000000 0.000000 1.000000 -0.000004 0.000000 0.000000 0.000000 1.000000
1.000000 0.000001 -0.000000 -0.487001 -0.000001 1.000000 -0.000000 -0.000000 0.000000 0.000000 1.000000 -0.000004 0.000000 0.000000 0.000000 1.000000
1.000000 0.000001 -0.000000 -0.487001 -0.000001 1.000000 -0.000000 -0.000000 0.000000 0.000000 1.000000 -0.000004 0.000000 0.000000 0.000000 1.000000
1.000000 0.000001 -0.000000 -0.487001 -0.000001 1.000000 -0.000000 -0.000001 0.000000 0.000000 1.000000 -0.000004 0.000000 0.000000 0.000000 1.000000
1.000000 0.000001 -0.000000 -0.487001 -0.000001 1.000000 -0.000000 -0.000000 0.000000 0.000000 1.000000 -0.000004 0.000000 0.000000 0.000000 1.000000
1.000000 0.000001 -0.000000 -0.487001 -0.000001 1.000000 -0.000000 -0.000001 0.000000 0.000000 1.000000 -0.000004 0.000000 0.000000 0.000000 1.000000
1.000000 0.000001 -0.000000 -0.487001 -0.000001 1.000000 -0.000000 -0.000001 0.000000 0.000000 1.000000 -0.000004 0.000000 0.000000 0.000000 1.000000
1.000000 0.000001 -0.000000 -0.487001 -0.000001 1.000000 -0.000000 -0.000001 0.000000 0.000000 1.000000 -0.000004 0.000000 0.000000 0.000000 1.000000
1.000000 0.000001 -0.000000 -0.487001 -0.000001 1.000000 -0.000000 -0.000000 0.000000 0.000000 1.000000 -0.000004 0.000000 0.000000 0.000000 1.000000
1.000000 0.000001 -0.000000 -0.487001 -0.000001 1.000000 -0.000000 -0.000000 0.000000 0.000000 1.000000 -0.000004 0.000000 0.000000 0.000000 1.000000
1.000000 0.000001 -0.000000 -0.487001 -0.000001 1.000000 -0.000000 -0.000001 0.000000 0.000000 1.000000 -0.000004 0.000000 0.000000 0.000000 1.000000
1.000000 0.000001 -0.000000 -0.487001 -0.000001 1.000000 -0.000000 -0.000001 0.000000 0.000000 1.000000 -0.000004 0.000000 0.000000 0.000000 1.000000
1.000000 0.000001 -0.000000 -0.487001 -0.000001 1.000000 -0.000000 0.000000 0.000000 0.000000 1.000000 -0.000004 0.000000 0.000000 0.000000 1.000000
1.000000 0.000001 -0.000000 -0.487001 -0.000001 1.000000 -0.000000 -0.000000 0.000000 0.000000 1.000000 -0.000004 0.000000 0.000000 0.000000 1.000000
1.000000 0.000001 -0.000000 -0.487001 -0.000001 1.000000 -0.000000 0.000000 0.000000 0.000000 1.000000 -0.000004 0.000000 0.000000 0.000000 1.000000
1.000000 0.000001 -0.000000 -0.487001 -0.000001 1.000000 -0.000000 0.000000 0.000000 0.000000 1.000000 -0.000004 0.000000 0.000000 0.000000 1.000000
1.000000 0.000001 -0.000000 -0.487001 -0.000001 1.000000 -0.000000 -0.000000 0.000000 0.000000 1.000000 -0.000004 0.000000 0.000000 0.000000 1.000000
1.000000 0.000001 -0.000000 -0.487001 -0.000001 1.000000 -0.000000 -0.000000 0.000000 0.000000 1.000000 -0.000004 0.000000 0.000000 0.000000 1.000000
1.000000 0.000001 -0.000000 -0.487001 -0.000001 1.000000 -0.000000 -0.000000 0.000000 0.000000 1.000000 -0.000004 0.000000 0.000000 0.000000 1.000000
1.000000 0.000001 -0.000000 -0.487001 -0.000001 1.000000 -0.000000 -0.000001 0.000000 0.000000 1.000000 -0.000004 0.000000 0.000000 0.000000 1.000000
1.000000 0.000001 -0.000000 -0.487001 -0.000001 1.000000 -0.000000 -0.000000 0.000000 0.000000 1.000000 -0.000004 0.000000 0.000000 0.000000 1.000000
1.000000 0.000001 -0.000000 -0.487001 -0.000001 1.000000 -0.000000 -0.000001 0.000000 0.000000 1.000000 -0.000004 0.000000 0.000000 0.000000 1.000000
1.000000 0.000001 -0.000000 -0.487001 -0.000001 1.000000 -0.000000 -0.000000 0.000000 0.000000 1.000000 -0.000004 0.000000 0.000000 0.000000 1.000000
1.000000 0.000001 -0.000000 -0.487001 -0.000001 1.000000 -0.000000 -0.000001 0.000000 0.000000 1.000000 -0.000004 0.000000 0.000000 0.000000 1.000000
1.000000 0.000001 -0.000000 -0.487002 -0.000001 1.000000 -0.000000 -0.000001 0.000000 0.000000 1.000000 -0.000004 0.000000 0.000000 0.000000 1.000000
1.000000 0.000001 -0.000000 -0.487001 -0.000001 1.000000 -0.000000 -0.000000 0.000000 0.000000 1.000000 -0.000004 0.000000 0.000000 0.000000 1.000000
1.000000 0.000001 -0.000000 -0.487002 -0.000001 1.000000 -0.000000 -0.000000 0.000000 0.000000 1.000000 -0.000004 0.000000 0.000000 0.000000 1.000000
1.000000 0.000001 -0.000000 -0.487001 -0.000001 1.000000 -0.000000 -0.000000 0.000000 0.000000 1.000000 -0.000004 0.000000 0.000000 0.000000 1.000000
1.000000 0.000001 -0.000000 -0.487001 -0.000001 1.000000 -0.000000 0.000000 0.000000 0.000000 1.000000 -0.000004 0.000000 0.000000 0.000000 1.000000
1.000000 0.000001 -0.000000 -0.487001 -0.000001 1.000000 -0.000000 -0.000000 0.000000 0.000000 1.000000 -0.000004 0.000000 0.000000 0.000000 1.000000
1.000000 0.000001 -0.000000 -0.487001 -0.000001 1.000000 -0.000000 -0.000000 0.000000 0.000000 1.000000 -0.000004 0.000000 0.000000 0.000000 1.000000
1.000000 0.000001 -0.000000 -0.487001 -0.000001 1.000000 -0.000000 -0.000001 0.000000 0.000000 1.000000 -0.000004 0.000000 0.000000 0.000000 1.000000
1.000000 0.000001 -0.000000 -0.487001 -0.000001 1.000000 -0.000000 -0.000000 0.000000 0.000000 1.000000 -0.000004 0.000000 0.000000 0.000000 1.000000
1.000000 0.000001 -0.000000 -0.487001 -0.000001 1.000000 -0.000000 -0.000001 0.000000 0.000000 1.000000 -0.000004 0.000000 0.000000 0.000000 1.000000
1.000000 0.000001 -0.000000 -0.487001 -0.000001 1.000000 -0.000000 -0.000000 0.000000 0.000000 1.000000 -0.000004 0.000000 0.000000 0.000000 1.000000
1.000000 0.000001 -0.000000 -0.487001 -0.000001 1.000000 -0.000000 -0.000000 0.000000 0.000000 1.000000 -0.000004 0.000000 0.000000 0.000000 1.000000
1.000000 0.000001 -0.000000 -0.487001 -0.000001 1.000000 -0.000000 -0.000000 0.000000 0.000000 1.000000 -0.000004 0.000000 0.000000 0.000000 1.000000
1.000000 0.000001 -0.000000 -0.487001 -0.000001 1.000000 -0.000000 -0.000001 0.000000 0.000000 1.000000 -0.000004 0.000000 0.000000 0.000000 1.000000
1.000000 0.000001 -0.000000 -0.487001 -0.000001 1.000000 -0.000000 -0.000000 0.000000 0.000000 1.000000 -0.000004 0.000000 0.000000 0.000000 1.000000
1.000000 0.000001 -0.000000 -0.487001 -0.000001 1.000000 -0.000000 -0.000001 0.000000 0.000000 1.000000 -0.000004 0.000000 0.000000 0.000000 1.000000
1.000000 0.000001 -0.000000 -0.487001 -0.000001 1.000000 -0.000000 -0.000000 0.000000 0.000000 1.000000 -0.000004 0.000000 0.000000 0.000000 1.000000
1.000000 0.000001 -0.000000 -0.487001 -0.000001 1.000000 -0.000000 -0.000001 0.000000 0.000000 1.000000 -0.000004 0.000000 0.000000 0.000000 1.000000</float_array>
     <technique_common>
      <accessor source="#jnt_left_forearmroll-Matrix-animation-output-transform-array" count="53" stride="16">
       <param type="float4x4"></param>
      </accessor>
     </technique_common>
    </source>
    <source id="jnt_left_forearmroll-Interpolations">
     <Name_array id="jnt_left_forearmroll-Interpolations-array" count="53">
 LINEAR LINEAR LINEAR LINEAR LINEAR LINEAR LINEAR LINEAR LINEAR LINEAR LINEAR
LINEAR LINEAR LINEAR LINEAR LINEAR LINEAR LINEAR LINEAR LINEAR LINEAR LINEAR LINEAR
LINEAR LINEAR LINEAR LINEAR LINEAR LINEAR LINEAR LINEAR LINEAR LINEAR LINEAR LINEAR
LINEAR LINEAR LINEAR LINEAR LINEAR LINEAR LINEAR LINEAR LINEAR LINEAR LINEAR LINEAR
LINEAR LINEAR LINEAR LINEAR LINEAR LINEAR</Name_array>
     <technique_common>
      <accessor source="#jnt_left_forearmroll-Interpolations-array" count="53">
       <param type="name"></param>
      </accessor>
     </technique_common>
    </source>
    <sampler id="jnt_left_forearmroll-Matrix-animation-transform">
     <input semantic="INPUT" source="#jnt_left_forearmroll-Matrix-animation-input"></input>
     <input semantic="OUTPUT" source="#jnt_left_forearmroll-Matrix-animation-output-transform"></input>
     <input semantic="INTERPOLATION" source="#jnt_left_forearmroll-Interpolations"></input>
    </sampler>
    <channel source="#jnt_left_forearmroll-Matrix-animation-transform" target="jnt_left_forearmroll/matrix"></channel>
   </animation>
  </animation>
  <animation id="jnt_left_hand-anim" name="jnt_left_hand">
   <animation>
    <source id="jnt_left_hand-Matrix-animation-input">
     <float_array id="jnt_left_hand-Matrix-animation-input-array" count="53">

0.000000 0.033333 0.066667 0.100000 0.133333 0.166667 0.200000 0.233333 0.266667 0.300000 0.333333 0.366667 0.400000 0.433333 0.466667 0.500000
0.533333 0.566667 0.600000 0.633333 0.666667 0.700000 0.733333 0.766667 0.800000 0.833333 0.866667 0.900000 0.933333 0.966667 1.000000 1.033333
1.066667 1.100000 1.133333 1.166667 1.200000 1.233333 1.266667 1.300000 1.333333 1.366667 1.400000 1.433333 1.466667 1.500000 1.533333 1.566667
1.600000 1.633333 1.666667 1.700000 1.733333</float_array>
     <technique_common>
      <accessor source="#jnt_left_hand-Matrix-animation-input-array" count="53">
       <param name="TIME" type="float"></param>
      </accessor>
     </technique_common>
    </source>
    <source id="jnt_left_hand-Matrix-animation-output-transform">
     <float_array id="jnt_left_hand-Matrix-animation-output-transform-array" count="848">

0.999059 0.027226 0.033758 -0.975262 0.013028 0.554028 -0.832396 -0.000001 -0.041365 0.832052 0.553152 0.000000 0.000000 0.000000 0.000000 1.000000
0.998265 0.013223 0.057374 -0.975262 0.039628 0.569795 -0.820830 -0.000001 -0.043545 0.821680 0.568283 0.000000 0.000000 0.000000 0.000000 1.000000
0.993917 -0.018654 0.108538 -0.975262 0.098218 0.595964 -0.796981 -0.000001 -0.049818 0.802794 0.594171 0.000000 0.000000 0.000000 0.000000 1.000000
0.987601 -0.045958 0.150107 -0.975262 0.147149 0.604150 -0.783166 -0.000001 -0.054694 0.795544 0.603421 0.000000 0.000000 0.000000 0.000000 1.000000
0.982273 -0.052171 0.180050 -0.975262 0.175642 0.591736 -0.786764 -0.000001 -0.065496 0.804442 0.590409 0.000000 0.000000 0.000000 0.000000 1.000000
0.973387 -0.047249 0.224245 -0.975262 0.210267 0.573275 -0.791923 -0.000001 -0.091136 0.817999 0.567953 0.000000 0.000000 0.000000 0.000000 1.000000
0.960304 -0.031891 0.277126 -0.975262 0.248134 0.551570 -0.796366 -0.000001 -0.127458 0.833519 0.537588 0.000000 0.000000 0.000000 0.000000 1.000000
0.943515 -0.008424 0.331222 -0.975262 0.285208 0.529430 -0.798974 -0.000001 -0.168629 0.848312 0.501927 0.000000 0.000000 0.000000 0.000000 1.000000
0.925368 0.016914 0.378692 -0.975262 0.317922 0.509440 -0.799622 -0.000001 -0.206446 0.860340 0.466042 0.000000 0.000000 0.000000 0.000000 1.000000
0.909864 0.034751 0.413449 -0.975262 0.344020 0.493875 -0.798584 -0.000001 -0.231944 0.868838 0.437403 0.000000 0.000000 0.000000 0.000000 1.000000
0.903363 0.030943 0.427759 -0.975262 0.360560 0.485283 -0.796552 -0.000001 -0.232233 0.873809 0.427230 0.000000 0.000000 0.000000 0.000000 1.000000
0.917157 -0.014704 0.398256 -0.975262 0.354550 0.486440 -0.798542 -0.000001 -0.181986 0.873590 0.451355 0.000000 0.000000 0.000000 0.000000 1.000000
0.938458 -0.076547 0.336805 -0.975262 0.328840 0.496282 -0.803472 -0.000001 -0.105646 0.864780 0.490911 0.000000 0.000000 0.000000 0.000000 1.000000
0.955806 -0.132981 0.262204 -0.975262 0.292833 0.509959 -0.808821 -0.000001 -0.026155 0.849858 0.526362 0.000000 0.000000 0.000000 0.000000 1.000000
0.965974 -0.171997 0.193159 -0.975262 0.255630 0.521345 -0.814157 -0.000001 0.039330 0.835833 0.547573 0.000000 0.000000 0.000000 0.000000 1.000000
0.970463 -0.188690 0.150323 -0.975262 0.228838 0.522711 -0.821222 -0.000000 0.076381 0.831366 0.550451 0.000000 0.000000 0.000000 0.000000 1.000000
0.971936 -0.191426 0.136736 -0.975262 0.218199 0.516350 -0.828113 -0.000001 0.087919 0.834709 0.543628 0.000000 0.000000 0.000000 0.000000 1.000000
0.972130 -0.190155 0.137125 -0.975262 0.217603 0.514205 -0.829603 -0.000000 0.087243 0.836322 0.541253 0.000000 0.000000 0.000000 0.000000 1.000000
0.972229 -0.188107 0.139234 -0.975262 0.218162 0.513117 -0.830130 -0.000001 0.084711 0.837452 0.539905 0.000000 0.000000 0.000000 0.000000 1.000000
0.972349 -0.185950 0.141281 -0.975262 0.218617 0.512038 -0.830676 -0.000001 0.082123 0.838593 0.538532 0.000000 0.000000 0.000000 0.000000 1.000000
0.972483 -0.183714 0.143267 -0.975262 0.218988 0.510978 -0.831231 -0.000001 0.079503 0.839732 0.537148 0.000000 0.000000 0.000000 0.000000 1.000000
0.972626 -0.181432 0.145191 -0.975262 0.219291 0.509943 -0.831787 -0.000001 0.076874 0.840857 0.535770 0.000000 0.000000 0.000000 0.000000 1.000000
0.972772 -0.179140 0.147048 -0.975262 0.219543 0.508943 -0.832332 -0.000001 0.074265 0.841953 0.534414 0.000000 0.000000 0.000000 0.000000 1.000000
0.972916 -0.176873 0.148832 -0.975262 0.219758 0.507985 -0.832861 -0.000001 0.071706 0.843011 0.533096 0.000000 0.000000 0.000000 0.000000 1.000000
0.973052 -0.174667 0.150533 -0.975262 0.219946 0.507077 -0.833364 -0.000000 0.069229 0.844017 0.531830 0.000000 0.000000 0.000000 0.000000 1.000000
0.973179 -0.172557 0.152141 -0.975262 0.220118 0.506229 -0.833835 -0.000000 0.066866 0.844959 0.530634 0.000000 0.000000 0.000000 0.000000 1.000000
0.973292 -0.170602 0.153615 -0.975262 0.220270 0.505457 -0.834262 -0.000001 0.064681 0.845818 0.529536 0.000000 0.000000 0.000000 0.000000 1.000000
0.973391 -0.168864 0.154904 -0.975262 0.220394 0.504787 -0.834635 -0.000001 0.062747 0.846566 0.528572 0.000000 0.000000 0.000000 0.000000 1.000000
0.973473 -0.167389 0.155985 -0.975262 0.220490 0.504228 -0.834948 -0.000001 0.061110 0.847192 0.527760 0.000000 0.000000 0.000000 0.000000 1.000000
0.973537 -0.166220 0.156831 -0.975262 0.220561 0.503791 -0.835193 -0.000001 0.059816 0.847682 0.527121 0.000001 0.000000 0.000000 0.000000 1.000000
0.973582 -0.165400 0.157419 -0.975262 0.220607 0.503488 -0.835363 -0.000001 0.058910 0.848022 0.526675 0.000000 0.000000 0.000000 0.000000 1.000000
0.973606 -0.164970 0.157723 -0.975262 0.220628 0.503331 -0.835452 -0.000001 0.058438 0.848200 0.526443 0.000000 0.000000 0.000000 0.000000 1.000000
0.971557 -0.149567 0.183591 -0.975262 0.234640 0.503473 -0.831540 -0.000001 0.031938 0.850967 0.524247 0.000000 0.000000 0.000000 0.000000 1.000000
0.963751 -0.117250 0.239660 -0.975262 0.265658 0.504891 -0.821286 -0.000001 -0.024706 0.855182 0.517737 0.000000 0.000000 0.000000 0.000000 1.000000
0.951351 -0.093765 0.293495 -0.975262 0.299251 0.507972 -0.807721 -0.000001 -0.073351 0.856255 0.511319 0.000000 0.000000 0.000000 0.000000 1.000000
0.941563 -0.083124 0.326420 -0.975262 0.321503 0.510849 -0.797288 -0.000001 -0.100477 0.855642 0.507721 0.000000 0.000000 0.000000 0.000000 1.000000
0.941425 -0.075315 0.328705 -0.975262 0.319263 0.512919 -0.796859 -0.000000 -0.108584 0.855127 0.506919 0.000000 0.000000 0.000000 0.000000 1.000000
0.932942 -0.032080 0.358594 -0.975262 0.323739 0.510534 -0.796585 -0.000001 -0.157520 0.859259 0.486684 0.000000 0.000000 0.000000 0.000000 1.000000
0.916768 0.036233 0.397774 -0.975262 0.325635 0.508897 -0.796859 -0.000001 -0.231299 0.860064 0.454742 0.000000 0.000000 0.000000 0.000000 1.000000
0.899547 0.107412 0.423413 -0.975262 0.315078 0.511823 -0.799226 -0.000001 -0.302560 0.852350 0.426565 0.000000 0.000000 0.000000 0.000000 1.000000
0.885200 0.170957 0.432661 -0.975262 0.293369 0.516658 -0.804362 -0.000001 -0.361049 0.838951 0.407191 0.000000 0.000000 0.000000 0.000000 1.000000
0.875569 0.222521 0.428794 -0.975262 0.264656 0.521613 -0.811096 -0.000001 -0.404151 0.823653 0.397816 0.000000 0.000000 0.000000 0.000000 1.000000
0.874005 0.256434 0.412743 -0.975262 0.232172 0.525799 -0.818309 -0.000001 -0.426864 0.811034 0.400013 -0.000000 0.000000 0.000000 0.000000 1.000000
0.882710 0.268962 0.385337 -0.975262 0.199015 0.528871 -0.825038 -0.000001 -0.425698 0.804957 0.413311 0.000000 0.000000 0.000000 0.000000 1.000000
0.913525 0.236035 0.331300 -0.975262 0.164013 0.531583 -0.830974 -0.000000 -0.372253 0.813454 0.446901 -0.000000 0.000000 0.000000 0.000000 1.000000
0.953756 0.166451 0.250288 -0.975262 0.125528 0.536026 -0.834816 -0.000001 -0.273117 0.827629 0.490343 0.000000 0.000000 0.000000 0.000000 1.000000
0.982541 0.095021 0.159949 -0.975262 0.083579 0.542654 -0.835787 -0.000001 -0.166215 0.834565 0.525237 0.000000 0.000000 0.000000 0.000000 1.000000
0.996630 0.037979 0.072702 -0.975262 0.039885 0.550112 -0.834138 -0.000001 -0.071674 0.834227 0.546743 0.000000 0.000000 0.000000 0.000000 1.000000
0.999951 0.001956 0.009714 -0.975262 0.006991 0.555559 -0.831447 -0.000001 -0.007023 0.831475 0.555518 0.000000 0.000000 0.000000 0.000000 1.000000
0.999865 -0.008693 -0.013931 -0.975262 -0.006726 0.557163 -0.830376 -0.000000 0.014980 0.830358 0.557029 0.000000 0.000000 0.000000 0.000000 1.000000
0.999992 0.000192 -0.004050 -0.975262 -0.003473 0.556114 -0.831099 -0.000001 0.002093 0.831106 0.556110 0.000000 0.000000 0.000000 0.000000 1.000000
0.999782 0.014196 0.015324 -0.975262 0.004870 0.554948 -0.831870 -0.000001 -0.020313 0.831763 0.554758 0.000000 0.000000 0.000000 0.000000 1.000000
0.999191 0.025407 0.031178 -0.975262 0.011881 0.554148 -0.832333 -0.000001 -0.038425 0.832030 0.553398 0.000000 0.000000 0.000000 0.000000 1.000000</float_array>
     <technique_common>
      <accessor source="#jnt_left_hand-Matrix-animation-output-transform-array" count="53" stride="16">
       <param type="float4x4"></param>
      </accessor>
     </technique_common>
    </source>
    <source id="jnt_left_hand-Interpolations">
     <Name_array id="jnt_left_hand-Interpolations-array" count="53">
 LINEAR LINEAR LINEAR LINEAR LINEAR LINEAR LINEAR LINEAR LINEAR LINEAR LINEAR
LINEAR LINEAR LINEAR LINEAR LINEAR LINEAR LINEAR LINEAR LINEAR LINEAR LINEAR LINEAR
LINEAR LINEAR LINEAR LINEAR LINEAR LINEAR LINEAR LINEAR LINEAR LINEAR LINEAR LINEAR
LINEAR LINEAR LINEAR LINEAR LINEAR LINEAR LINEAR LINEAR LINEAR LINEAR LINEAR LINEAR
LINEAR LINEAR LINEAR LINEAR LINEAR LINEAR</Name_array>
     <technique_common>
      <accessor source="#jnt_left_hand-Interpolations-array" count="53">
       <param type="name"></param>
      </accessor>
     </technique_common>
    </source>
    <sampler id="jnt_left_hand-Matrix-animation-transform">
     <input semantic="INPUT" source="#jnt_left_hand-Matrix-animation-input"></input>
     <input semantic="OUTPUT" source="#jnt_left_hand-Matrix-animation-output-transform"></input>
     <input semantic="INTERPOLATION" source="#jnt_left_hand-Interpolations"></input>
    </sampler>
    <channel source="#jnt_left_hand-Matrix-animation-transform" target="jnt_left_hand/matrix"></channel>
   </animation>
  </animation>
  <animation id="jnt_left_handthumb1-anim" name="jnt_left_handthumb1">
   <animation>
    <source id="jnt_left_handthumb1-Matrix-animation-input">
     <float_array id="jnt_left_handthumb1-Matrix-animation-input-array" count="53">

0.000000 0.033333 0.066667 0.100000 0.133333 0.166667 0.200000 0.233333 0.266667 0.300000 0.333333 0.366667 0.400000 0.433333 0.466667 0.500000
0.533333 0.566667 0.600000 0.633333 0.666667 0.700000 0.733333 0.766667 0.800000 0.833333 0.866667 0.900000 0.933333 0.966667 1.000000 1.033333
1.066667 1.100000 1.133333 1.166667 1.200000 1.233333 1.266667 1.300000 1.333333 1.366667 1.400000 1.433333 1.466667 1.500000 1.533333 1.566667
1.600000 1.633333 1.666667 1.700000 1.733333</float_array>
     <technique_common>
      <accessor source="#jnt_left_handthumb1-Matrix-animation-input-array" count="53">
       <param name="TIME" type="float"></param>
      </accessor>
     </technique_common>
    </source>
    <source id="jnt_left_handthumb1-Matrix-animation-output-transform">
     <float_array id="jnt_left_handthumb1-Matrix-animation-output-transform-array" count="848">

0.847245 -0.522546 -0.095504 -0.060229 0.457005 0.625381 0.632491 -0.203939 -0.270779 -0.579521 0.768657 0.155677 0.000000 0.000000 0.000000 1.000000
0.827874 -0.548474 -0.117474 -0.060229 0.491601 0.608634 0.622811 -0.203939 -0.270097 -0.573360 0.773503 0.155678 0.000000 0.000000 0.000000 1.000000
0.788904 -0.594173 -0.156811 -0.060229 0.554330 0.577939 0.598919 -0.203940 -0.265234 -0.559415 0.785306 0.155678 0.000000 0.000000 0.000000 1.000000
0.766271 -0.617469 -0.177654 -0.060229 0.587694 0.561805 0.582229 -0.203939 -0.259702 -0.550551 0.793378 0.155678 0.000000 0.000000 0.000000 1.000000
0.769876 -0.613495 -0.175826 -0.060229 0.584754 0.567750 0.579415 -0.203939 -0.255643 -0.548893 0.795841 0.155678 0.000000 0.000000 0.000000 1.000000
0.778759 -0.604099 -0.169113 -0.060229 0.575922 0.581609 0.574495 -0.203939 -0.248694 -0.544789 0.800847 0.155678 0.000000 0.000000 0.000000 1.000000
0.789169 -0.592628 -0.161256 -0.060229 0.565162 0.597932 0.568392 -0.203939 -0.240425 -0.539693 0.806800 0.155678 0.000000 0.000000 0.000000 1.000000
0.797613 -0.582792 -0.155459 -0.060229 0.556415 0.611432 0.562631 -0.203939 -0.232844 -0.535261 0.811960 0.155678 0.000000 0.000000 0.000000 1.000000
0.800872 -0.578605 -0.154336 -0.060228 0.553575 0.617040 0.559301 -0.203939 -0.228383 -0.533365 0.814471 0.155678 0.000000 0.000000 0.000000 1.000000
0.797248 -0.581920 -0.160513 -0.060228 0.559509 0.612532 0.558350 -0.203939 -0.226595 -0.534952 0.813929 0.155677 0.000000 0.000000 0.000000 1.000000
0.787888 -0.590968 -0.173176 -0.060229 0.573143 0.600835 0.557229 -0.203939 -0.225255 -0.538289 0.812100 0.155677 0.000000 0.000000 0.000000 1.000000
0.773857 -0.604322 -0.189577 -0.060229 0.592388 0.584705 0.554253 -0.203939 -0.224101 -0.541216 0.810472 0.155678 0.000000 0.000000 0.000000 1.000000
0.756214 -0.620810 -0.206726 -0.060230 0.615155 0.566857 0.547959 -0.203939 -0.222994 -0.541542 0.810559 0.155679 0.000000 0.000000 0.000000 1.000000
0.736079 -0.639683 -0.221344 -0.060229 0.639420 0.549806 0.537452 -0.203939 -0.222103 -0.537139 0.813727 0.155678 0.000000 0.000000 0.000000 1.000000
0.714683 -0.659977 -0.231642 -0.060230 0.663442 0.534749 0.523344 -0.203940 -0.221525 -0.527706 0.820032 0.155678 0.000000 0.000000 0.000000 1.000000
0.693419 -0.680181 -0.237747 -0.060229 0.685767 0.521741 0.507454 -0.203939 -0.221118 -0.514918 0.828231 0.155678 0.000000 0.000000 0.000000 1.000000
0.673855 -0.698702 -0.240281 -0.060229 0.705093 0.510906 0.491752 -0.203939 -0.220828 -0.500790 0.836926 0.155678 0.000000 0.000000 0.000000 1.000000
0.657693 -0.713927 -0.240309 -0.060229 0.720245 0.502542 0.478225 -0.203940 -0.220652 -0.487606 0.844720 0.155678 0.000000 0.000000 0.000000 1.000000
0.646709 -0.724247 -0.239235 -0.060230 0.730139 0.497117 0.468797 -0.203939 -0.220597 -0.477851 0.850291 0.155678 0.000000 0.000000 0.000000 1.000000
0.642670 -0.728052 -0.238569 -0.060229 0.733694 0.495188 0.465277 -0.203940 -0.220609 -0.474056 0.852410 0.155678 0.000000 0.000000 0.000000 1.000000
0.642670 -0.728052 -0.238569 -0.060229 0.733694 0.495188 0.465277 -0.203939 -0.220609 -0.474056 0.852410 0.155678 0.000000 0.000000 0.000000 1.000000
0.642670 -0.728052 -0.238569 -0.060229 0.733694 0.495188 0.465277 -0.203939 -0.220609 -0.474056 0.852410 0.155678 0.000000 0.000000 0.000000 1.000000
0.642670 -0.728052 -0.238569 -0.060228 0.733694 0.495188 0.465277 -0.203939 -0.220609 -0.474056 0.852410 0.155678 0.000000 0.000000 0.000000 1.000000
0.642670 -0.728052 -0.238569 -0.060229 0.733694 0.495188 0.465277 -0.203939 -0.220609 -0.474056 0.852410 0.155678 0.000000 0.000000 0.000000 1.000000
0.642670 -0.728052 -0.238569 -0.060229 0.733694 0.495188 0.465277 -0.203939 -0.220609 -0.474056 0.852410 0.155678 0.000000 0.000000 0.000000 1.000000
0.642670 -0.728052 -0.238569 -0.060229 0.733694 0.495188 0.465277 -0.203939 -0.220609 -0.474056 0.852410 0.155678 0.000000 0.000000 0.000000 1.000000
0.642670 -0.728052 -0.238569 -0.060229 0.733694 0.495188 0.465277 -0.203939 -0.220609 -0.474056 0.852410 0.155678 0.000000 0.000000 0.000000 1.000000
0.642670 -0.728052 -0.238569 -0.060229 0.733694 0.495188 0.465277 -0.203939 -0.220609 -0.474056 0.852410 0.155678 0.000000 0.000000 0.000000 1.000000
0.642670 -0.728052 -0.238569 -0.060229 0.733694 0.495188 0.465277 -0.203939 -0.220609 -0.474056 0.852410 0.155678 0.000000 0.000000 0.000000 1.000000
0.642670 -0.728052 -0.238569 -0.060229 0.733694 0.495188 0.465277 -0.203939 -0.220609 -0.474056 0.852410 0.155678 0.000000 0.000000 0.000000 1.000000
0.642670 -0.728052 -0.238569 -0.060229 0.733694 0.495188 0.465277 -0.203940 -0.220609 -0.474056 0.852410 0.155678 0.000000 0.000000 0.000000 1.000000
0.642670 -0.728052 -0.238569 -0.060228 0.733694 0.495188 0.465277 -0.203939 -0.220609 -0.474056 0.852410 0.155678 0.000000 0.000000 0.000000 1.000000
0.642926 -0.727874 -0.238424 -0.060228 0.733461 0.495411 0.465407 -0.203939 -0.220640 -0.474096 0.852380 0.155678 0.000000 0.000000 0.000000 1.000000
0.644713 -0.726626 -0.237403 -0.060229 0.731827 0.496974 0.466312 -0.203939 -0.220851 -0.474375 0.852170 0.155678 0.000000 0.000000 0.000000 1.000000
0.649553 -0.723211 -0.234621 -0.060229 0.727370 0.501227 0.468727 -0.203939 -0.221390 -0.475119 0.851615 0.155678 0.000000 0.000000 0.000000 1.000000
0.658929 -0.716451 -0.229152 -0.060229 0.718608 0.509548 0.473247 -0.203939 -0.222294 -0.476507 0.850603 0.155678 0.000000 0.000000 0.000000 1.000000
0.681645 -0.698444 -0.218026 -0.060229 0.696713 0.528562 0.484988 -0.203940 -0.223497 -0.482492 0.846907 0.155678 0.000000 0.000000 0.000000 1.000000
0.718020 -0.666413 -0.200852 -0.060229 0.658986 0.558013 0.504341 -0.203939 -0.224021 -0.494485 0.839821 0.155678 0.000000 0.000000 0.000000 1.000000
0.757120 -0.627739 -0.180866 -0.060228 0.613778 0.588731 0.525996 -0.203939 -0.223707 -0.509254 0.831033 0.155678 0.000000 0.000000 0.000000 1.000000
0.789550 -0.591923 -0.161980 -0.060229 0.570837 0.611482 0.547936 -0.203939 -0.225288 -0.525088 0.820688 0.155678 0.000000 0.000000 0.000000 1.000000
0.809489 -0.568273 -0.147628 -0.060229 0.539103 0.619784 0.570295 -0.203939 -0.232586 -0.541234 0.808066 0.155678 0.000000 0.000000 0.000000 1.000000
0.823187 -0.551564 -0.134686 -0.060229 0.514202 0.623656 0.588769 -0.203939 -0.240746 -0.553923 0.797001 0.155677 0.000000 0.000000 0.000000 1.000000
0.832938 -0.539518 -0.123028 -0.060230 0.494451 0.625803 0.603232 -0.203940 -0.248463 -0.563286 0.788020 0.155678 0.000000 0.000000 0.000000 1.000000
0.839541 -0.531380 -0.113168 -0.060229 0.479459 0.626677 0.614324 -0.203940 -0.255520 -0.570010 0.780896 0.155678 0.000000 0.000000 0.000000 1.000000
0.843690 -0.526381 -0.105400 -0.060229 0.468761 0.626685 0.622518 -0.203939 -0.261629 -0.574620 0.775475 0.155678 0.000000 0.000000 0.000000 1.000000
0.845998 -0.523751 -0.099863 -0.060230 0.461833 0.626215 0.628144 -0.203940 -0.266456 -0.577528 0.771662 0.155679 0.000000 0.000000 0.000000 1.000000
0.847014 -0.522724 -0.096580 -0.060229 0.458111 0.625653 0.631421 -0.203939 -0.269633 -0.579066 0.769402 0.155678 0.000000 0.000000 0.000000 1.000000
0.847245 -0.522545 -0.095504 -0.060229 0.457005 0.625381 0.632491 -0.203939 -0.270779 -0.579521 0.768657 0.155678 0.000000 0.000000 0.000000 1.000000
0.847246 -0.522545 -0.095504 -0.060230 0.457005 0.625381 0.632491 -0.203940 -0.270779 -0.579521 0.768657 0.155678 0.000000 0.000000 0.000000 1.000000
0.847246 -0.522545 -0.095504 -0.060229 0.457005 0.625381 0.632491 -0.203940 -0.270779 -0.579521 0.768657 0.155678 0.000000 0.000000 0.000000 1.000000
0.847246 -0.522545 -0.095504 -0.060229 0.457005 0.625381 0.632491 -0.203940 -0.270779 -0.579521 0.768657 0.155677 0.000000 0.000000 0.000000 1.000000
0.847246 -0.522545 -0.095504 -0.060229 0.457005 0.625381 0.632492 -0.203939 -0.270779 -0.579521 0.768657 0.155678 0.000000 0.000000 0.000000 1.000000
0.847246 -0.522545 -0.095504 -0.060229 0.457005 0.625381 0.632491 -0.203940 -0.270779 -0.579521 0.768657 0.155678 0.000000 0.000000 0.000000 1.000000</float_array>
     <technique_common>
      <accessor source="#jnt_left_handthumb1-Matrix-animation-output-transform-array" count="53" stride="16">
       <param type="float4x4"></param>
      </accessor>
     </technique_common>
    </source>
    <source id="jnt_left_handthumb1-Interpolations">
     <Name_array id="jnt_left_handthumb1-Interpolations-array" count="53">
 LINEAR LINEAR LINEAR LINEAR LINEAR LINEAR LINEAR LINEAR LINEAR LINEAR LINEAR
LINEAR LINEAR LINEAR LINEAR LINEAR LINEAR LINEAR LINEAR LINEAR LINEAR LINEAR LINEAR
LINEAR LINEAR LINEAR LINEAR LINEAR LINEAR LINEAR LINEAR LINEAR LINEAR LINEAR LINEAR
LINEAR LINEAR LINEAR LINEAR LINEAR LINEAR LINEAR LINEAR LINEAR LINEAR LINEAR LINEAR
LINEAR LINEAR LINEAR LINEAR LINEAR LINEAR</Name_array>
     <technique_common>
      <accessor source="#jnt_left_handthumb1-Interpolations-array" count="53">
       <param type="name"></param>
      </accessor>
     </technique_common>
    </source>
    <sampler id="jnt_left_handthumb1-Matrix-animation-transform">
     <input semantic="INPUT" source="#jnt_left_handthumb1-Matrix-animation-input"></input>
     <input semantic="OUTPUT" source="#jnt_left_handthumb1-Matrix-animation-output-transform"></input>
     <input semantic="INTERPOLATION" source="#jnt_left_handthumb1-Interpolations"></input>
    </sampler>
    <channel source="#jnt_left_handthumb1-Matrix-animation-transform" target="jnt_left_handthumb1/matrix"></channel>
   </animation>
  </animation>
  <animation id="jnt_left_handthumb2-anim" name="jnt_left_handthumb2">
   <animation>
    <source id="jnt_left_handthumb2-Matrix-animation-input">
     <float_array id="jnt_left_handthumb2-Matrix-animation-input-array" count="53">

0.000000 0.033333 0.066667 0.100000 0.133333 0.166667 0.200000 0.233333 0.266667 0.300000 0.333333 0.366667 0.400000 0.433333 0.466667 0.500000
0.533333 0.566667 0.600000 0.633333 0.666667 0.700000 0.733333 0.766667 0.800000 0.833333 0.866667 0.900000 0.933333 0.966667 1.000000 1.033333
1.066667 1.100000 1.133333 1.166667 1.200000 1.233333 1.266667 1.300000 1.333333 1.366667 1.400000 1.433333 1.466667 1.500000 1.533333 1.566667
1.600000 1.633333 1.666667 1.700000 1.733333</float_array>
     <technique_common>
      <accessor source="#jnt_left_handthumb2-Matrix-animation-input-array" count="53">
       <param name="TIME" type="float"></param>
      </accessor>
     </technique_common>
    </source>
    <source id="jnt_left_handthumb2-Matrix-animation-output-transform">
     <float_array id="jnt_left_handthumb2-Matrix-animation-output-transform-array" count="848">

0.936673 0.350206 -0.000001 -0.213227 -0.350206 0.936672 -0.000003 -0.000001 -0.000001 0.000003 1.000000 0.000003 0.000000 0.000000 0.000000 1.000000
0.947785 0.318910 -0.000000 -0.213227 -0.318910 0.947785 -0.000003 -0.000002 -0.000001 0.000003 1.000000 0.000004 0.000000 0.000000 0.000000 1.000000
0.965627 0.259931 -0.000001 -0.213227 -0.259931 0.965627 -0.000003 -0.000002 -0.000000 0.000003 1.000000 0.000004 0.000000 0.000000 0.000000 1.000000
0.973707 0.227804 -0.000001 -0.213228 -0.227804 0.973707 -0.000003 -0.000002 -0.000000 0.000003 1.000000 0.000004 0.000000 0.000000 0.000000 1.000000
0.972222 0.234059 -0.000001 -0.213227 -0.234059 0.972222 -0.000003 -0.000002 -0.000000 0.000003 1.000000 0.000004 0.000000 0.000000 0.000000 1.000000
0.968544 0.248844 -0.000001 -0.213227 -0.248844 0.968544 -0.000003 -0.000002 -0.000000 0.000003 1.000000 0.000004 0.000000 0.000000 0.000000 1.000000
0.963859 0.266412 -0.000001 -0.213228 -0.266412 0.963859 -0.000003 -0.000001 -0.000000 0.000003 1.000000 0.000004 0.000000 0.000000 0.000000 1.000000
0.959688 0.281067 -0.000000 -0.213227 -0.281067 0.959688 -0.000003 -0.000002 -0.000000 0.000003 1.000000 0.000004 0.000000 0.000000 0.000000 1.000000
0.957872 0.287196 -0.000001 -0.213226 -0.287196 0.957872 -0.000003 -0.000002 -0.000000 0.000003 1.000000 0.000004 0.000000 0.000000 0.000000 1.000000
0.959340 0.282254 -0.000001 -0.213227 -0.282254 0.959340 -0.000003 -0.000002 -0.000000 0.000003 1.000000 0.000004 0.000000 0.000000 0.000000 1.000000
0.963228 0.268685 -0.000001 -0.213228 -0.268685 0.963228 -0.000003 -0.000002 -0.000000 0.000003 1.000000 0.000004 0.000000 0.000000 0.000000 1.000000
0.968669 0.248357 -0.000001 -0.213227 -0.248357 0.968669 -0.000003 -0.000002 -0.000000 0.000003 1.000000 0.000004 0.000000 0.000000 0.000000 1.000000
0.974803 0.223068 -0.000001 -0.213228 -0.223067 0.974803 -0.000003 -0.000002 -0.000000 0.000003 1.000000 0.000004 0.000000 0.000000 0.000000 1.000000
0.980897 0.194528 -0.000001 -0.213228 -0.194528 0.980897 -0.000003 -0.000001 -0.000000 0.000003 1.000000 0.000004 0.000000 0.000000 0.000000 1.000000
0.986376 0.164510 -0.000000 -0.213227 -0.164510 0.986376 -0.000003 -0.000002 -0.000000 0.000003 1.000000 0.000004 0.000000 0.000000 0.000000 1.000000
0.990847 0.134990 -0.000001 -0.213228 -0.134990 0.990847 -0.000003 -0.000002 0.000000 0.000003 1.000000 0.000004 0.000000 0.000000 0.000000 1.000000
0.994142 0.108084 -0.000001 -0.213226 -0.108084 0.994142 -0.000003 -0.000002 0.000000 0.000003 1.000000 0.000004 0.000000 0.000000 0.000000 1.000000
0.996293 0.086020 -0.000001 -0.213227 -0.086020 0.996293 -0.000003 -0.000002 0.000000 0.000003 1.000000 0.000004 0.000000 0.000000 0.000000 1.000000
0.997470 0.071093 -0.000001 -0.213227 -0.071093 0.997470 -0.000003 -0.000002 0.000000 0.000003 1.000000 0.000004 0.000000 0.000000 0.000000 1.000000
0.997845 0.065611 -0.000001 -0.213227 -0.065611 0.997845 -0.000003 -0.000002 0.000000 0.000003 1.000000 0.000004 0.000000 0.000000 0.000000 1.000000
0.997845 0.065611 -0.000001 -0.213227 -0.065611 0.997845 -0.000003 -0.000002 0.000000 0.000003 1.000000 0.000004 0.000000 0.000000 0.000000 1.000000
0.997845 0.065611 -0.000001 -0.213226 -0.065611 0.997845 -0.000003 -0.000002 0.000000 0.000003 1.000000 0.000004 0.000000 0.000000 0.000000 1.000000
0.997845 0.065611 -0.000001 -0.213227 -0.065611 0.997845 -0.000003 -0.000002 0.000000 0.000003 1.000000 0.000004 0.000000 0.000000 0.000000 1.000000
0.997845 0.065611 -0.000001 -0.213226 -0.065611 0.997845 -0.000003 -0.000002 0.000000 0.000003 1.000000 0.000004 0.000000 0.000000 0.000000 1.000000
0.997845 0.065611 -0.000001 -0.213227 -0.065611 0.997845 -0.000003 -0.000002 0.000000 0.000003 1.000000 0.000004 0.000000 0.000000 0.000000 1.000000
0.997845 0.065611 -0.000001 -0.213228 -0.065611 0.997845 -0.000003 -0.000001 0.000000 0.000003 1.000000 0.000004 0.000000 0.000000 0.000000 1.000000
0.997845 0.065611 -0.000001 -0.213227 -0.065611 0.997845 -0.000003 -0.000002 0.000000 0.000003 1.000000 0.000004 0.000000 0.000000 0.000000 1.000000
0.997845 0.065611 -0.000001 -0.213227 -0.065611 0.997845 -0.000003 -0.000002 0.000000 0.000003 1.000000 0.000004 0.000000 0.000000 0.000000 1.000000
0.997845 0.065611 -0.000000 -0.213229 -0.065611 0.997845 -0.000003 -0.000002 0.000000 0.000003 1.000000 0.000004 0.000000 0.000000 0.000000 1.000000
0.997845 0.065611 -0.000001 -0.213227 -0.065611 0.997845 -0.000003 -0.000002 0.000000 0.000003 1.000000 0.000004 0.000000 0.000000 0.000000 1.000000
0.997845 0.065611 -0.000001 -0.213227 -0.065611 0.997845 -0.000003 -0.000002 0.000000 0.000003 1.000000 0.000004 0.000000 0.000000 0.000000 1.000000
0.997845 0.065611 -0.000001 -0.213228 -0.065611 0.997845 -0.000003 -0.000002 0.000000 0.000003 1.000000 0.000004 0.000000 0.000000 0.000000 1.000000
0.997823 0.065949 -0.000001 -0.213227 -0.065949 0.997823 -0.000003 -0.000002 0.000000 0.000003 1.000000 0.000003 0.000000 0.000000 0.000000 1.000000
0.997664 0.068314 -0.000001 -0.213227 -0.068314 0.997664 -0.000003 -0.000002 0.000000 0.000003 1.000000 0.000004 0.000000 0.000000 0.000000 1.000000
0.997203 0.074735 -0.000001 -0.213227 -0.074735 0.997203 -0.000003 -0.000002 0.000000 0.000003 1.000000 0.000003 0.000000 0.000000 0.000000 1.000000
0.996187 0.087246 -0.000001 -0.213228 -0.087246 0.996187 -0.000003 -0.000002 0.000000 0.000003 1.000000 0.000004 0.000000 0.000000 0.000000 1.000000
0.993009 0.118038 -0.000001 -0.213228 -0.118038 0.993009 -0.000003 -0.000002 0.000000 0.000003 1.000000 0.000004 0.000000 0.000000 0.000000 1.000000
0.985708 0.168461 -0.000001 -0.213227 -0.168461 0.985708 -0.000003 -0.000002 -0.000000 0.000003 1.000000 0.000004 0.000000 0.000000 0.000000 1.000000
0.974551 0.224166 -0.000001 -0.213227 -0.224166 0.974551 -0.000003 -0.000002 -0.000000 0.000003 1.000000 0.000004 0.000000 0.000000 0.000000 1.000000
0.962539 0.271142 -0.000001 -0.213227 -0.271142 0.962539 -0.000003 -0.000002 -0.000000 0.000003 1.000000 0.000004 0.000000 0.000000 0.000000 1.000000
0.954225 0.299090 -0.000001 -0.213228 -0.299090 0.954225 -0.000003 -0.000002 -0.000000 0.000003 1.000000 0.000004 0.000000 0.000000 0.000000 1.000000
0.948068 0.318067 -0.000001 -0.213226 -0.318067 0.948068 -0.000003 -0.000002 -0.000000 0.000003 1.000000 0.000004 0.000000 0.000000 0.000000 1.000000
0.943437 0.331551 -0.000001 -0.213228 -0.331551 0.943437 -0.000003 -0.000002 -0.000001 0.000003 1.000000 0.000004 0.000000 0.000000 0.000000 1.000000
0.940221 0.340566 -0.000001 -0.213228 -0.340566 0.940221 -0.000003 -0.000002 -0.000001 0.000003 1.000000 0.000005 0.000000 0.000000 0.000000 1.000000
0.938213 0.346058 -0.000001 -0.213226 -0.346058 0.938213 -0.000003 -0.000002 -0.000001 0.000003 1.000000 0.000004 0.000000 0.000000 0.000000 1.000000
0.937151 0.348923 -0.000000 -0.213227 -0.348923 0.937151 -0.000003 -0.000002 -0.000001 0.000003 1.000000 0.000004 0.000000 0.000000 0.000000 1.000000
0.936741 0.350024 -0.000000 -0.213227 -0.350024 0.936740 -0.000003 -0.000003 -0.000001 0.000003 1.000000 0.000004 0.000000 0.000000 0.000000 1.000000
0.936672 0.350206 -0.000001 -0.213226 -0.350206 0.936672 -0.000003 -0.000001 -0.000001 0.000003 1.000000 0.000004 0.000000 0.000000 0.000000 1.000000
0.936672 0.350206 -0.000001 -0.213227 -0.350206 0.936672 -0.000003 -0.000002 -0.000001 0.000003 1.000000 0.000004 0.000000 0.000000 0.000000 1.000000
0.936673 0.350207 -0.000001 -0.213227 -0.350207 0.936673 -0.000003 -0.000002 -0.000001 0.000003 1.000000 0.000004 0.000000 0.000000 0.000000 1.000000
0.936673 0.350206 -0.000001 -0.213226 -0.350206 0.936673 -0.000003 -0.000003 -0.000001 0.000003 1.000000 0.000004 0.000000 0.000000 0.000000 1.000000
0.936673 0.350206 -0.000001 -0.213228 -0.350207 0.936672 -0.000003 -0.000002 -0.000001 0.000003 1.000000 0.000004 0.000000 0.000000 0.000000 1.000000
0.936673 0.350206 -0.000001 -0.213227 -0.350206 0.936673 -0.000003 -0.000002 -0.000001 0.000003 1.000000 0.000004 0.000000 0.000000 0.000000 1.000000</float_array>
     <technique_common>
      <accessor source="#jnt_left_handthumb2-Matrix-animation-output-transform-array" count="53" stride="16">
       <param type="float4x4"></param>
      </accessor>
     </technique_common>
    </source>
    <source id="jnt_left_handthumb2-Interpolations">
     <Name_array id="jnt_left_handthumb2-Interpolations-array" count="53">
 LINEAR LINEAR LINEAR LINEAR LINEAR LINEAR LINEAR LINEAR LINEAR LINEAR LINEAR
LINEAR LINEAR LINEAR LINEAR LINEAR LINEAR LINEAR LINEAR LINEAR LINEAR LINEAR LINEAR
LINEAR LINEAR LINEAR LINEAR LINEAR LINEAR LINEAR LINEAR LINEAR LINEAR LINEAR LINEAR
LINEAR LINEAR LINEAR LINEAR LINEAR LINEAR LINEAR LINEAR LINEAR LINEAR LINEAR LINEAR
LINEAR LINEAR LINEAR LINEAR LINEAR LINEAR</Name_array>
     <technique_common>
      <accessor source="#jnt_left_handthumb2-Interpolations-array" count="53">
       <param type="name"></param>
      </accessor>
     </technique_common>
    </source>
    <sampler id="jnt_left_handthumb2-Matrix-animation-transform">
     <input semantic="INPUT" source="#jnt_left_handthumb2-Matrix-animation-input"></input>
     <input semantic="OUTPUT" source="#jnt_left_handthumb2-Matrix-animation-output-transform"></input>
     <input semantic="INTERPOLATION" source="#jnt_left_handthumb2-Interpolations"></input>
    </sampler>
    <channel source="#jnt_left_handthumb2-Matrix-animation-transform" target="jnt_left_handthumb2/matrix"></channel>
   </animation>
  </animation>
  <animation id="jnt_left_handthumb3-anim" name="jnt_left_handthumb3">
   <animation>
    <source id="jnt_left_handthumb3-Matrix-animation-input">
     <float_array id="jnt_left_handthumb3-Matrix-animation-input-array" count="53">

0.000000 0.033333 0.066667 0.100000 0.133333 0.166667 0.200000 0.233333 0.266667 0.300000 0.333333 0.366667 0.400000 0.433333 0.466667 0.500000
0.533333 0.566667 0.600000 0.633333 0.666667 0.700000 0.733333 0.766667 0.800000 0.833333 0.866667 0.900000 0.933333 0.966667 1.000000 1.033333
1.066667 1.100000 1.133333 1.166667 1.200000 1.233333 1.266667 1.300000 1.333333 1.366667 1.400000 1.433333 1.466667 1.500000 1.533333 1.566667
1.600000 1.633333 1.666667 1.700000 1.733333</float_array>
     <technique_common>
      <accessor source="#jnt_left_handthumb3-Matrix-animation-input-array" count="53">
       <param name="TIME" type="float"></param>
      </accessor>
     </technique_common>
    </source>
    <source id="jnt_left_handthumb3-Matrix-animation-output-transform">
     <float_array id="jnt_left_handthumb3-Matrix-animation-output-transform-array" count="848">

0.957316 0.289044 -0.000001 -0.141879 -0.289044 0.957316 -0.000003 0.000003 0.000000 0.000003 1.000000 -0.000027 0.000000 0.000000 0.000000 1.000000
0.966386 0.257096 -0.000001 -0.141879 -0.257096 0.966386 -0.000003 0.000003 0.000000 0.000003 1.000000 -0.000027 0.000000 0.000000 0.000000 1.000000
0.980386 0.197088 -0.000001 -0.141879 -0.197088 0.980386 -0.000003 0.000003 0.000001 0.000003 1.000000 -0.000026 0.000000 0.000000 0.000000 1.000000
0.986376 0.164507 -0.000001 -0.141878 -0.164507 0.986376 -0.000003 0.000003 0.000001 0.000003 1.000000 -0.000027 0.000000 0.000000 0.000000 1.000000
0.985298 0.170845 -0.000001 -0.141879 -0.170845 0.985298 -0.000003 0.000004 0.000001 0.000003 1.000000 -0.000027 0.000000 0.000000 0.000000 1.000000
0.982581 0.185836 -0.000001 -0.141878 -0.185836 0.982581 -0.000003 0.000003 0.000001 0.000003 1.000000 -0.000027 0.000000 0.000000 0.000000 1.000000
0.979039 0.203670 -0.000001 -0.141879 -0.203670 0.979040 -0.000003 0.000003 0.000001 0.000003 1.000000 -0.000027 0.000000 0.000000 0.000000 1.000000
0.975823 0.218564 -0.000001 -0.141878 -0.218564 0.975823 -0.000003 0.000003 0.000000 0.000003 1.000000 -0.000027 0.000000 0.000000 0.000000 1.000000
0.974406 0.224797 -0.000001 -0.141881 -0.224797 0.974406 -0.000003 0.000003 0.000000 0.000003 1.000000 -0.000027 0.000000 0.000000 0.000000 1.000000
0.975552 0.219771 -0.000001 -0.141878 -0.219771 0.975552 -0.000003 0.000003 0.000000 0.000003 1.000000 -0.000027 0.000000 0.000000 0.000000 1.000000
0.978556 0.205979 -0.000001 -0.141878 -0.205979 0.978557 -0.000003 0.000003 0.000000 0.000003 1.000000 -0.000027 0.000000 0.000000 0.000000 1.000000
0.982674 0.185342 -0.000001 -0.141880 -0.185342 0.982674 -0.000003 0.000003 0.000001 0.000003 1.000000 -0.000027 0.000000 0.000000 0.000000 1.000000
0.987164 0.159710 -0.000001 -0.141878 -0.159710 0.987164 -0.000003 0.000003 0.000001 0.000003 1.000000 -0.000027 0.000000 0.000000 0.000000 1.000000
0.991404 0.130836 -0.000001 -0.141879 -0.130836 0.991404 -0.000003 0.000003 0.000001 0.000003 1.000000 -0.000027 0.000000 0.000000 0.000000 1.000000
0.994934 0.100527 -0.000001 -0.141880 -0.100527 0.994934 -0.000003 0.000003 0.000001 0.000003 1.000000 -0.000027 0.000000 0.000000 0.000000 1.000000
0.997492 0.070781 -0.000001 -0.141880 -0.070781 0.997492 -0.000003 0.000003 0.000001 0.000003 1.000000 -0.000027 0.000000 0.000000 0.000000 1.000000
0.999044 0.043718 -0.000001 -0.141878 -0.043718 0.999044 -0.000003 0.000003 0.000001 0.000003 1.000000 -0.000028 0.000000 0.000000 0.000000 1.000000
0.999768 0.021561 -0.000001 -0.141879 -0.021561 0.999768 -0.000003 0.000003 0.000001 0.000003 1.000000 -0.000027 0.000000 0.000000 0.000000 1.000000
0.999978 0.006589 -0.000001 -0.141879 -0.006589 0.999979 -0.000003 0.000003 0.000001 0.000003 1.000000 -0.000028 0.000000 0.000000 0.000000 1.000000
1.000000 0.001095 -0.000001 -0.141881 -0.001095 0.999999 -0.000003 0.000003 0.000001 0.000003 1.000000 -0.000027 0.000000 0.000000 0.000000 1.000000
0.999999 0.001095 -0.000001 -0.141879 -0.001095 0.999999 -0.000003 0.000003 0.000001 0.000003 1.000000 -0.000027 0.000000 0.000000 0.000000 1.000000
0.999999 0.001095 -0.000001 -0.141879 -0.001095 0.999999 -0.000003 0.000003 0.000001 0.000003 1.000000 -0.000027 0.000000 0.000000 0.000000 1.000000
0.999999 0.001095 -0.000001 -0.141879 -0.001095 0.999999 -0.000003 0.000003 0.000001 0.000003 1.000000 -0.000027 0.000000 0.000000 0.000000 1.000000
1.000000 0.001095 -0.000001 -0.141879 -0.001095 0.999999 -0.000003 0.000003 0.000001 0.000003 1.000000 -0.000027 0.000000 0.000000 0.000000 1.000000
0.999999 0.001095 -0.000001 -0.141879 -0.001095 0.999999 -0.000003 0.000003 0.000001 0.000003 1.000000 -0.000027 0.000000 0.000000 0.000000 1.000000
0.999999 0.001095 -0.000001 -0.141880 -0.001095 1.000000 -0.000003 0.000003 0.000001 0.000003 1.000000 -0.000027 0.000000 0.000000 0.000000 1.000000
0.999999 0.001095 -0.000001 -0.141879 -0.001095 0.999999 -0.000003 0.000003 0.000001 0.000003 1.000000 -0.000027 0.000000 0.000000 0.000000 1.000000
0.999999 0.001095 -0.000001 -0.141880 -0.001095 1.000000 -0.000003 0.000003 0.000001 0.000003 1.000000 -0.000027 0.000000 0.000000 0.000000 1.000000
0.999999 0.001095 -0.000001 -0.141880 -0.001095 0.999999 -0.000003 0.000003 0.000001 0.000003 1.000000 -0.000027 0.000000 0.000000 0.000000 1.000000
0.999999 0.001095 -0.000001 -0.141880 -0.001095 0.999999 -0.000003 0.000003 0.000001 0.000003 1.000000 -0.000027 0.000000 0.000000 0.000000 1.000000
0.999999 0.001095 -0.000001 -0.141880 -0.001095 0.999999 -0.000003 0.000003 0.000001 0.000003 1.000000 -0.000027 0.000000 0.000000 0.000000 1.000000
1.000000 0.001095 -0.000001 -0.141879 -0.001095 1.000000 -0.000003 0.000003 0.000001 0.000003 1.000000 -0.000027 0.000000 0.000000 0.000000 1.000000
0.999999 0.001433 -0.000001 -0.141879 -0.001433 0.999999 -0.000003 0.000003 0.000001 0.000003 1.000000 -0.000027 0.000000 0.000000 0.000000 1.000000
0.999993 0.003804 -0.000001 -0.141879 -0.003804 0.999993 -0.000003 0.000003 0.000001 0.000003 1.000000 -0.000027 0.000000 0.000000 0.000000 1.000000
0.999947 0.010241 -0.000001 -0.141879 -0.010241 0.999947 -0.000003 0.000003 0.000001 0.000003 1.000000 -0.000027 0.000000 0.000000 0.000000 1.000000
0.999740 0.022792 -0.000001 -0.141879 -0.022792 0.999740 -0.000003 0.000003 0.000001 0.000003 1.000000 -0.000027 0.000000 0.000000 0.000000 1.000000
0.998556 0.053725 -0.000001 -0.141879 -0.053725 0.998556 -0.000003 0.000003 0.000001 0.000003 1.000000 -0.000027 0.000000 0.000000 0.000000 1.000000
0.994523 0.104514 -0.000001 -0.141878 -0.104514 0.994523 -0.000003 0.000003 0.000001 0.000003 1.000000 -0.000026 0.000000 0.000000 0.000000 1.000000
0.986984 0.160822 -0.000001 -0.141880 -0.160822 0.986983 -0.000003 0.000004 0.000001 0.000003 1.000000 -0.000027 0.000000 0.000000 0.000000 1.000000
0.978028 0.208476 -0.000001 -0.141878 -0.208476 0.978028 -0.000003 0.000003 0.000000 0.000003 1.000000 -0.000027 0.000000 0.000000 0.000000 1.000000
0.971534 0.236902 -0.000001 -0.141880 -0.236902 0.971534 -0.000003 0.000003 0.000000 0.000003 1.000000 -0.000027 0.000000 0.000000 0.000000 1.000000
0.966614 0.256236 -0.000001 -0.141880 -0.256236 0.966614 -0.000003 0.000003 0.000000 0.000003 1.000000 -0.000027 0.000000 0.000000 0.000000 1.000000
0.962863 0.269991 -0.000001 -0.141879 -0.269991 0.962863 -0.000003 0.000003 0.000000 0.000003 1.000000 -0.000026 0.000000 0.000000 0.000000 1.000000
0.960234 0.279194 -0.000001 -0.141879 -0.279194 0.960235 -0.000003 0.000003 0.000000 0.000003 1.000000 -0.000027 0.000000 0.000000 0.000000 1.000000
0.958586 0.284804 -0.000001 -0.141879 -0.284804 0.958586 -0.000003 0.000002 0.000000 0.000003 1.000000 -0.000028 0.000000 0.000000 0.000000 1.000000
0.957711 0.287732 -0.000001 -0.141879 -0.287732 0.957711 -0.000003 0.000002 0.000000 0.000003 1.000000 -0.000027 0.000000 0.000000 0.000000 1.000000
0.957372 0.288858 -0.000001 -0.141880 -0.288858 0.957372 -0.000003 0.000003 0.000000 0.000003 1.000000 -0.000027 0.000000 0.000000 0.000000 1.000000
0.957316 0.289044 -0.000001 -0.141879 -0.289044 0.957316 -0.000003 0.000004 0.000000 0.000003 1.000000 -0.000027 0.000000 0.000000 0.000000 1.000000
0.957316 0.289044 -0.000001 -0.141879 -0.289044 0.957316 -0.000003 0.000003 0.000000 0.000003 1.000000 -0.000027 0.000000 0.000000 0.000000 1.000000
0.957316 0.289044 -0.000001 -0.141879 -0.289044 0.957316 -0.000003 0.000003 0.000000 0.000003 1.000000 -0.000027 0.000000 0.000000 0.000000 1.000000
0.957316 0.289044 -0.000001 -0.141879 -0.289044 0.957316 -0.000003 0.000003 0.000000 0.000003 1.000000 -0.000027 0.000000 0.000000 0.000000 1.000000
0.957316 0.289044 -0.000001 -0.141880 -0.289044 0.957316 -0.000003 0.000003 0.000000 0.000003 1.000000 -0.000027 0.000000 0.000000 0.000000 1.000000
0.957316 0.289044 -0.000001 -0.141879 -0.289044 0.957316 -0.000003 0.000003 0.000000 0.000003 1.000000 -0.000027 0.000000 0.000000 0.000000 1.000000</float_array>
     <technique_common>
      <accessor source="#jnt_left_handthumb3-Matrix-animation-output-transform-array" count="53" stride="16">
       <param type="float4x4"></param>
      </accessor>
     </technique_common>
    </source>
    <source id="jnt_left_handthumb3-Interpolations">
     <Name_array id="jnt_left_handthumb3-Interpolations-array" count="53">
 LINEAR LINEAR LINEAR LINEAR LINEAR LINEAR LINEAR LINEAR LINEAR LINEAR LINEAR
LINEAR LINEAR LINEAR LINEAR LINEAR LINEAR LINEAR LINEAR LINEAR LINEAR LINEAR LINEAR
LINEAR LINEAR LINEAR LINEAR LINEAR LINEAR LINEAR LINEAR LINEAR LINEAR LINEAR LINEAR
LINEAR LINEAR LINEAR LINEAR LINEAR LINEAR LINEAR LINEAR LINEAR LINEAR LINEAR LINEAR
LINEAR LINEAR LINEAR LINEAR LINEAR LINEAR</Name_array>
     <technique_common>
      <accessor source="#jnt_left_handthumb3-Interpolations-array" count="53">
       <param type="name"></param>
      </accessor>
     </technique_common>
    </source>
    <sampler id="jnt_left_handthumb3-Matrix-animation-transform">
     <input semantic="INPUT" source="#jnt_left_handthumb3-Matrix-animation-input"></input>
     <input semantic="OUTPUT" source="#jnt_left_handthumb3-Matrix-animation-output-transform"></input>
     <input semantic="INTERPOLATION" source="#jnt_left_handthumb3-Interpolations"></input>
    </sampler>
    <channel source="#jnt_left_handthumb3-Matrix-animation-transform" target="jnt_left_handthumb3/matrix"></channel>
   </animation>
  </animation>
  <animation id="jnt_left_handthumb4-anim" name="jnt_left_handthumb4">
   <animation>
    <source id="jnt_left_handthumb4-Matrix-animation-input">
     <float_array id="jnt_left_handthumb4-Matrix-animation-input-array" count="53">

0.000000 0.033333 0.066667 0.100000 0.133333 0.166667 0.200000 0.233333 0.266667 0.300000 0.333333 0.366667 0.400000 0.433333 0.466667 0.500000
0.533333 0.566667 0.600000 0.633333 0.666667 0.700000 0.733333 0.766667 0.800000 0.833333 0.866667 0.900000 0.933333 0.966667 1.000000 1.033333
1.066667 1.100000 1.133333 1.166667 1.200000 1.233333 1.266667 1.300000 1.333333 1.366667 1.400000 1.433333 1.466667 1.500000 1.533333 1.566667
1.600000 1.633333 1.666667 1.700000 1.733333</float_array>
     <technique_common>
      <accessor source="#jnt_left_handthumb4-Matrix-animation-input-array" count="53">
       <param name="TIME" type="float"></param>
      </accessor>
     </technique_common>
    </source>
    <source id="jnt_left_handthumb4-Matrix-animation-output-transform">
     <float_array id="jnt_left_handthumb4-Matrix-animation-output-transform-array" count="848">

1.000000 -0.000000 -0.000000 -0.122601 0.000000 1.000000 0.000000 -0.000006 0.000000 -0.000000 1.000000 0.000005 0.000000 0.000000 0.000000 1.000000
1.000000 -0.000000 0.000000 -0.122600 0.000000 1.000000 0.000000 -0.000006 -0.000000 -0.000000 1.000000 0.000005 0.000000 0.000000 0.000000 1.000000
1.000000 -0.000000 -0.000000 -0.122601 0.000000 1.000000 0.000000 -0.000006 0.000000 -0.000000 1.000000 0.000005 0.000000 0.000000 0.000000 1.000000
1.000000 -0.000000 0.000000 -0.122601 0.000000 1.000000 0.000000 -0.000006 -0.000000 -0.000000 1.000000 0.000005 0.000000 0.000000 0.000000 1.000000
1.000000 -0.000000 0.000000 -0.122601 0.000000 1.000000 0.000000 -0.000006 -0.000000 -0.000000 1.000000 0.000005 0.000000 0.000000 0.000000 1.000000
1.000000 -0.000000 -0.000000 -0.122601 0.000000 1.000000 0.000000 -0.000006 0.000000 -0.000000 1.000000 0.000005 0.000000 0.000000 0.000000 1.000000
1.000000 -0.000000 0.000000 -0.122601 0.000000 1.000000 0.000000 -0.000006 -0.000000 -0.000000 1.000000 0.000005 0.000000 0.000000 0.000000 1.000000
1.000000 -0.000000 -0.000000 -0.122601 0.000000 1.000000 0.000000 -0.000006 0.000000 -0.000000 1.000000 0.000005 0.000000 0.000000 0.000000 1.000000
1.000000 -0.000000 0.000000 -0.122601 0.000000 1.000000 0.000000 -0.000006 -0.000000 -0.000000 1.000000 0.000005 0.000000 0.000000 0.000000 1.000000
1.000000 -0.000000 0.000000 -0.122600 0.000000 1.000000 0.000000 -0.000006 -0.000000 -0.000000 1.000000 0.000005 0.000000 0.000000 0.000000 1.000000
1.000000 -0.000000 -0.000000 -0.122601 0.000000 1.000000 0.000000 -0.000006 0.000000 -0.000000 1.000000 0.000005 0.000000 0.000000 0.000000 1.000000
1.000000 -0.000000 -0.000000 -0.122600 0.000000 1.000000 0.000000 -0.000006 0.000000 -0.000000 1.000000 0.000005 0.000000 0.000000 0.000000 1.000000
1.000000 -0.000000 0.000000 -0.122601 0.000000 1.000000 0.000000 -0.000006 -0.000000 -0.000000 1.000000 0.000005 0.000000 0.000000 0.000000 1.000000
1.000000 -0.000000 0.000000 -0.122600 0.000000 1.000000 0.000000 -0.000006 -0.000000 -0.000000 1.000000 0.000005 0.000000 0.000000 0.000000 1.000000
1.000000 -0.000000 -0.000000 -0.122601 0.000000 1.000000 0.000000 -0.000006 0.000000 -0.000000 1.000000 0.000005 0.000000 0.000000 0.000000 1.000000
1.000000 -0.000000 -0.000000 -0.122601 0.000000 1.000000 0.000000 -0.000006 0.000000 -0.000000 1.000000 0.000005 0.000000 0.000000 0.000000 1.000000
1.000000 -0.000000 -0.000000 -0.122600 0.000000 1.000000 0.000000 -0.000006 0.000000 -0.000000 1.000000 0.000005 0.000000 0.000000 0.000000 1.000000
1.000000 -0.000000 -0.000000 -0.122601 0.000000 1.000000 0.000000 -0.000006 0.000000 -0.000000 1.000000 0.000005 0.000000 0.000000 0.000000 1.000000
1.000000 -0.000000 0.000000 -0.122601 0.000000 1.000000 0.000000 -0.000006 -0.000000 -0.000000 1.000000 0.000005 0.000000 0.000000 0.000000 1.000000
1.000000 -0.000000 0.000000 -0.122601 0.000000 1.000000 0.000000 -0.000006 -0.000000 -0.000000 1.000000 0.000005 0.000000 0.000000 0.000000 1.000000
1.000000 -0.000000 -0.000000 -0.122601 0.000000 1.000000 0.000000 -0.000006 0.000000 -0.000000 1.000000 0.000005 0.000000 0.000000 0.000000 1.000000
1.000000 -0.000000 -0.000000 -0.122601 0.000000 1.000000 0.000000 -0.000006 0.000000 -0.000000 1.000000 0.000005 0.000000 0.000000 0.000000 1.000000
1.000000 -0.000000 -0.000000 -0.122601 0.000000 1.000000 0.000000 -0.000006 0.000000 -0.000000 1.000000 0.000005 0.000000 0.000000 0.000000 1.000000
1.000000 -0.000000 -0.000000 -0.122601 0.000000 1.000000 0.000000 -0.000006 0.000000 -0.000000 1.000000 0.000005 0.000000 0.000000 0.000000 1.000000
1.000000 -0.000000 -0.000000 -0.122601 0.000000 1.000000 0.000000 -0.000006 0.000000 -0.000000 1.000000 0.000005 0.000000 0.000000 0.000000 1.000000
1.000000 -0.000000 0.000000 -0.122601 0.000000 1.000000 0.000000 -0.000006 -0.000000 -0.000000 1.000000 0.000005 0.000000 0.000000 0.000000 1.000000
1.000000 -0.000000 0.000000 -0.122601 0.000000 1.000000 0.000000 -0.000006 -0.000000 -0.000000 1.000000 0.000005 0.000000 0.000000 0.000000 1.000000
1.000000 -0.000000 0.000000 -0.122601 0.000000 1.000000 0.000000 -0.000006 -0.000000 -0.000000 1.000000 0.000005 0.000000 0.000000 0.000000 1.000000
1.000000 -0.000000 0.000000 -0.122601 0.000000 1.000000 0.000000 -0.000006 -0.000000 -0.000000 1.000000 0.000005 0.000000 0.000000 0.000000 1.000000
1.000000 -0.000000 0.000000 -0.122600 0.000000 1.000000 0.000000 -0.000006 -0.000000 -0.000000 1.000000 0.000005 0.000000 0.000000 0.000000 1.000000
1.000000 -0.000000 -0.000000 -0.122601 0.000000 1.000000 0.000000 -0.000006 0.000000 -0.000000 1.000000 0.000005 0.000000 0.000000 0.000000 1.000000
1.000000 -0.000000 -0.000000 -0.122601 0.000000 1.000000 0.000000 -0.000006 0.000000 -0.000000 1.000000 0.000005 0.000000 0.000000 0.000000 1.000000
1.000000 -0.000000 0.000000 -0.122600 0.000000 1.000000 0.000000 -0.000006 -0.000000 -0.000000 1.000000 0.000005 0.000000 0.000000 0.000000 1.000000
1.000000 -0.000000 -0.000000 -0.122601 0.000000 1.000000 0.000000 -0.000006 0.000000 -0.000000 1.000000 0.000005 0.000000 0.000000 0.000000 1.000000
1.000000 -0.000000 -0.000000 -0.122601 0.000000 1.000000 0.000000 -0.000006 0.000000 -0.000000 1.000000 0.000005 0.000000 0.000000 0.000000 1.000000
1.000000 -0.000000 -0.000000 -0.122601 0.000000 1.000000 0.000000 -0.000006 0.000000 -0.000000 1.000000 0.000005 0.000000 0.000000 0.000000 1.000000
1.000000 -0.000000 -0.000000 -0.122601 0.000000 1.000000 0.000000 -0.000006 0.000000 -0.000000 1.000000 0.000005 0.000000 0.000000 0.000000 1.000000
1.000000 -0.000000 0.000000 -0.122601 0.000000 1.000000 0.000000 -0.000006 -0.000000 -0.000000 1.000000 0.000005 0.000000 0.000000 0.000000 1.000000
1.000000 -0.000000 0.000000 -0.122601 0.000000 1.000000 0.000000 -0.000006 -0.000000 -0.000000 1.000000 0.000005 0.000000 0.000000 0.000000 1.000000
1.000000 -0.000000 0.000000 -0.122601 0.000000 1.000000 0.000000 -0.000006 -0.000000 -0.000000 1.000000 0.000005 0.000000 0.000000 0.000000 1.000000
1.000000 -0.000000 -0.000000 -0.122601 0.000000 1.000000 0.000000 -0.000006 0.000000 -0.000000 1.000000 0.000005 0.000000 0.000000 0.000000 1.000000
1.000000 -0.000000 0.000000 -0.122601 0.000000 1.000000 0.000000 -0.000006 -0.000000 -0.000000 1.000000 0.000005 0.000000 0.000000 0.000000 1.000000
1.000000 -0.000000 -0.000000 -0.122601 0.000000 1.000000 0.000000 -0.000005 0.000000 -0.000000 1.000000 0.000005 0.000000 0.000000 0.000000 1.000000
1.000000 -0.000000 -0.000000 -0.122601 0.000000 1.000000 0.000000 -0.000006 -0.000000 -0.000000 1.000000 0.000005 0.000000 0.000000 0.000000 1.000000
1.000000 -0.000000 -0.000000 -0.122601 0.000000 1.000000 0.000000 -0.000006 0.000000 -0.000000 1.000000 0.000005 0.000000 0.000000 0.000000 1.000000
1.000000 -0.000000 0.000000 -0.122601 0.000000 1.000000 0.000000 -0.000005 -0.000000 -0.000000 1.000000 0.000005 0.000000 0.000000 0.000000 1.000000
1.000000 -0.000000 -0.000000 -0.122601 0.000000 1.000000 0.000000 -0.000005 0.000000 -0.000000 1.000000 0.000005 0.000000 0.000000 0.000000 1.000000
1.000000 -0.000000 0.000000 -0.122601 0.000000 1.000000 0.000000 -0.000006 -0.000000 -0.000000 1.000000 0.000005 0.000000 0.000000 0.000000 1.000000
1.000000 -0.000000 0.000000 -0.122601 0.000000 1.000000 0.000000 -0.000006 -0.000000 -0.000000 1.000000 0.000005 0.000000 0.000000 0.000000 1.000000
1.000000 -0.000000 -0.000000 -0.122601 0.000000 1.000000 0.000000 -0.000006 0.000000 -0.000000 1.000000 0.000005 0.000000 0.000000 0.000000 1.000000
1.000000 -0.000000 -0.000000 -0.122601 0.000000 1.000000 0.000000 -0.000006 0.000000 -0.000000 1.000000 0.000005 0.000000 0.000000 0.000000 1.000000
1.000000 -0.000000 0.000000 -0.122601 0.000000 1.000000 0.000000 -0.000006 -0.000000 -0.000000 1.000000 0.000005 0.000000 0.000000 0.000000 1.000000
1.000000 -0.000000 -0.000000 -0.122601 0.000000 1.000000 0.000000 -0.000006 0.000000 -0.000000 1.000000 0.000005 0.000000 0.000000 0.000000 1.000000</float_array>
     <technique_common>
      <accessor source="#jnt_left_handthumb4-Matrix-animation-output-transform-array" count="53" stride="16">
       <param type="float4x4"></param>
      </accessor>
     </technique_common>
    </source>
    <source id="jnt_left_handthumb4-Interpolations">
     <Name_array id="jnt_left_handthumb4-Interpolations-array" count="53">
 LINEAR LINEAR LINEAR LINEAR LINEAR LINEAR LINEAR LINEAR LINEAR LINEAR LINEAR
LINEAR LINEAR LINEAR LINEAR LINEAR LINEAR LINEAR LINEAR LINEAR LINEAR LINEAR LINEAR
LINEAR LINEAR LINEAR LINEAR LINEAR LINEAR LINEAR LINEAR LINEAR LINEAR LINEAR LINEAR
LINEAR LINEAR LINEAR LINEAR LINEAR LINEAR LINEAR LINEAR LINEAR LINEAR LINEAR LINEAR
LINEAR LINEAR LINEAR LINEAR LINEAR LINEAR</Name_array>
     <technique_common>
      <accessor source="#jnt_left_handthumb4-Interpolations-array" count="53">
       <param type="name"></param>
      </accessor>
     </technique_common>
    </source>
    <sampler id="jnt_left_handthumb4-Matrix-animation-transform">
     <input semantic="INPUT" source="#jnt_left_handthumb4-Matrix-animation-input"></input>
     <input semantic="OUTPUT" source="#jnt_left_handthumb4-Matrix-animation-output-transform"></input>
     <input semantic="INTERPOLATION" source="#jnt_left_handthumb4-Interpolations"></input>
    </sampler>
    <channel source="#jnt_left_handthumb4-Matrix-animation-transform" target="jnt_left_handthumb4/matrix"></channel>
   </animation>
  </animation>
  <animation id="jnt_left_handindex1-anim" name="jnt_left_handindex1">
   <animation>
    <source id="jnt_left_handindex1-Matrix-animation-input">
     <float_array id="jnt_left_handindex1-Matrix-animation-input-array" count="53">

0.000000 0.033333 0.066667 0.100000 0.133333 0.166667 0.200000 0.233333 0.266667 0.300000 0.333333 0.366667 0.400000 0.433333 0.466667 0.500000
0.533333 0.566667 0.600000 0.633333 0.666667 0.700000 0.733333 0.766667 0.800000 0.833333 0.866667 0.900000 0.933333 0.966667 1.000000 1.033333
1.066667 1.100000 1.133333 1.166667 1.200000 1.233333 1.266667 1.300000 1.333333 1.366667 1.400000 1.433333 1.466667 1.500000 1.533333 1.566667
1.600000 1.633333 1.666667 1.700000 1.733333</float_array>
     <technique_common>
      <accessor source="#jnt_left_handindex1-Matrix-animation-input-array" count="53">
       <param name="TIME" type="float"></param>
      </accessor>
     </technique_common>
    </source>
    <source id="jnt_left_handindex1-Matrix-animation-output-transform">
     <float_array id="jnt_left_handindex1-Matrix-animation-output-transform-array" count="848">

0.803118 0.595024 -0.030790 -0.494375 -0.069847 0.042702 -0.996643 -0.203977 -0.591712 0.802573 0.075855 -0.029848 0.000000 0.000000 0.000000 1.000000
0.803118 0.595024 -0.030790 -0.494374 -0.069847 0.042702 -0.996643 -0.203977 -0.591712 0.802573 0.075855 -0.029847 0.000000 0.000000 0.000000 1.000000
0.803118 0.595024 -0.030790 -0.494375 -0.069847 0.042702 -0.996643 -0.203977 -0.591712 0.802573 0.075855 -0.029846 0.000000 0.000000 0.000000 1.000000
0.803118 0.595024 -0.030790 -0.494375 -0.069847 0.042702 -0.996643 -0.203977 -0.591712 0.802572 0.075855 -0.029847 0.000000 0.000000 0.000000 1.000000
0.803118 0.595024 -0.030790 -0.494375 -0.069847 0.042702 -0.996643 -0.203977 -0.591712 0.802573 0.075855 -0.029848 0.000000 0.000000 0.000000 1.000000
0.803118 0.595024 -0.030790 -0.494375 -0.069847 0.042702 -0.996643 -0.203977 -0.591712 0.802573 0.075855 -0.029847 0.000000 0.000000 0.000000 1.000000
0.803118 0.595024 -0.030790 -0.494375 -0.069847 0.042702 -0.996643 -0.203977 -0.591712 0.802573 0.075855 -0.029847 0.000000 0.000000 0.000000 1.000000
0.803118 0.595024 -0.030790 -0.494375 -0.069847 0.042702 -0.996643 -0.203977 -0.591712 0.802573 0.075855 -0.029847 0.000000 0.000000 0.000000 1.000000
0.818870 0.573246 -0.029000 -0.494373 -0.064983 0.042391 -0.996986 -0.203977 -0.570288 0.818286 0.071965 -0.029848 0.000000 0.000000 0.000000 1.000000
0.849401 0.527189 -0.024298 -0.494375 -0.054393 0.041657 -0.997650 -0.203977 -0.524938 0.848726 0.064059 -0.029848 0.000000 0.000000 0.000000 1.000000
0.872673 0.487919 -0.019377 -0.494375 -0.045060 0.040954 -0.998144 -0.203977 -0.486221 0.871927 0.057725 -0.029847 0.000000 0.000000 0.000000 1.000000
0.871742 0.489614 -0.018564 -0.494375 -0.044276 0.040986 -0.998178 -0.203977 -0.487961 0.870976 0.057407 -0.029847 0.000000 0.000000 0.000000 1.000000
0.840866 0.540929 -0.018445 -0.494375 -0.048836 0.041886 -0.997928 -0.203977 -0.539035 0.840025 0.061637 -0.029847 0.000000 0.000000 0.000000 1.000000
0.794623 0.606873 -0.016692 -0.494375 -0.053690 0.042860 -0.997637 -0.203977 -0.604724 0.793642 0.066641 -0.029846 0.000000 0.000000 0.000000 1.000000
0.756859 0.653412 -0.014696 -0.494375 -0.056839 0.043405 -0.997439 -0.203977 -0.651101 0.755757 0.069991 -0.029848 0.000000 0.000000 0.000000 1.000000
0.750624 0.660547 -0.015532 -0.494375 -0.058896 0.043477 -0.997317 -0.203977 -0.658099 0.749525 0.071538 -0.029848 0.000000 0.000000 0.000000 1.000000
0.750566 0.660579 -0.016887 -0.494375 -0.060701 0.043477 -0.997209 -0.203977 -0.658001 0.749496 0.072730 -0.029847 0.000000 0.000000 0.000000 1.000000
0.750544 0.660572 -0.018125 -0.494374 -0.062345 0.043477 -0.997107 -0.203976 -0.657873 0.749503 0.073814 -0.029848 0.000000 0.000000 0.000000 1.000000
0.750579 0.660500 -0.019252 -0.494376 -0.063832 0.043476 -0.997013 -0.203977 -0.657691 0.749566 0.074793 -0.029847 0.000000 0.000000 0.000000 1.000000
0.750692 0.660341 -0.020275 -0.494374 -0.065168 0.043475 -0.996927 -0.203977 -0.657430 0.749706 0.075669 -0.029847 0.000000 0.000000 0.000000 1.000000
0.750904 0.660070 -0.021200 -0.494375 -0.066357 0.043472 -0.996848 -0.203977 -0.657068 0.749945 0.076444 -0.029848 0.000000 0.000000 0.000000 1.000000
0.751238 0.659664 -0.022035 -0.494375 -0.067406 0.043468 -0.996778 -0.203977 -0.656581 0.750303 0.077120 -0.029847 0.000000 0.000000 0.000000 1.000000
0.751712 0.659097 -0.022785 -0.494375 -0.068318 0.043462 -0.996716 -0.203977 -0.655943 0.750801 0.077700 -0.029847 0.000000 0.000000 0.000000 1.000000
0.752349 0.658346 -0.023458 -0.494375 -0.069100 0.043455 -0.996663 -0.203977 -0.655130 0.751460 0.078185 -0.029847 0.000000 0.000000 0.000000 1.000000
0.753169 0.657387 -0.024060 -0.494375 -0.069756 0.043445 -0.996618 -0.203977 -0.654118 0.752300 0.078578 -0.029848 0.000000 0.000000 0.000000 1.000000
0.754191 0.656194 -0.024596 -0.494375 -0.070291 0.043433 -0.996580 -0.203977 -0.652882 0.753341 0.078881 -0.029847 0.000000 0.000000 0.000000 1.000000
0.755435 0.654743 -0.025075 -0.494374 -0.070710 0.043418 -0.996551 -0.203977 -0.651397 0.754603 0.079096 -0.029847 0.000000 0.000000 0.000000 1.000000
0.756921 0.653009 -0.025502 -0.494375 -0.071017 0.043401 -0.996531 -0.203977 -0.649636 0.756106 0.079225 -0.029847 0.000000 0.000000 0.000000 1.000000
0.758667 0.650964 -0.025882 -0.494375 -0.071217 0.043380 -0.996517 -0.203977 -0.647574 0.757868 0.079271 -0.029848 0.000000 0.000000 0.000000 1.000000
0.760691 0.648584 -0.026221 -0.494375 -0.071315 0.043354 -0.996511 -0.203977 -0.645184 0.759908 0.079233 -0.029847 0.000000 0.000000 0.000000 1.000000
0.763012 0.645840 -0.026525 -0.494375 -0.071315 0.043325 -0.996512 -0.203977 -0.642438 0.762242 0.079116 -0.029847 0.000000 0.000000 0.000000 1.000000
0.780858 0.624515 -0.015545 -0.494375 -0.054316 0.043082 -0.997594 -0.203977 -0.622343 0.779823 0.067562 -0.029847 0.000000 0.000000 0.000000 1.000000
0.810908 0.585166 0.002967 -0.494375 -0.027061 0.042564 -0.998727 -0.203977 -0.584548 0.809796 0.050351 -0.029848 0.000000 0.000000 0.000000 1.000000
0.831192 0.555954 0.005938 -0.494375 -0.021042 0.042128 -0.998891 -0.203977 -0.555588 0.830145 0.046715 -0.029847 0.000000 0.000000 0.000000 1.000000
0.837558 0.546339 0.003359 -0.494375 -0.023374 0.041974 -0.998845 -0.203977 -0.545848 0.836512 0.047926 -0.029847 0.000000 0.000000 0.000000 1.000000
0.836458 0.548001 -0.005656 -0.494375 -0.034269 0.042001 -0.998530 -0.203977 -0.546958 0.835422 0.053912 -0.029847 0.000000 0.000000 0.000000 1.000000
0.828582 0.559388 -0.023178 -0.494375 -0.056381 0.042181 -0.997518 -0.203977 -0.557022 0.827832 0.066489 -0.029847 0.000000 0.000000 0.000000 1.000000
0.823275 0.566689 -0.032887 -0.494374 -0.068928 0.042293 -0.996725 -0.203977 -0.563442 0.822846 0.073880 -0.029847 0.000000 0.000000 0.000000 1.000000
0.823275 0.566689 -0.032887 -0.494375 -0.068928 0.042293 -0.996725 -0.203978 -0.563442 0.822845 0.073880 -0.029847 0.000000 0.000000 0.000000 1.000000
0.823275 0.566689 -0.032888 -0.494375 -0.068928 0.042293 -0.996724 -0.203977 -0.563442 0.822846 0.073880 -0.029847 0.000000 0.000000 0.000000 1.000000
0.823275 0.566689 -0.032887 -0.494374 -0.068928 0.042293 -0.996725 -0.203977 -0.563442 0.822846 0.073880 -0.029848 0.000000 0.000000 0.000000 1.000000
0.823275 0.566689 -0.032888 -0.494375 -0.068928 0.042293 -0.996725 -0.203977 -0.563442 0.822846 0.073880 -0.029847 0.000000 0.000000 0.000000 1.000000
0.823275 0.566689 -0.032888 -0.494374 -0.068928 0.042293 -0.996725 -0.203977 -0.563442 0.822846 0.073879 -0.029847 0.000000 0.000000 0.000000 1.000000
0.823275 0.566689 -0.032887 -0.494376 -0.068928 0.042293 -0.996725 -0.203977 -0.563442 0.822846 0.073880 -0.029847 0.000000 0.000000 0.000000 1.000000
0.823275 0.566689 -0.032888 -0.494375 -0.068928 0.042293 -0.996725 -0.203978 -0.563442 0.822846 0.073880 -0.029847 0.000000 0.000000 0.000000 1.000000
0.823275 0.566689 -0.032888 -0.494375 -0.068928 0.042293 -0.996725 -0.203977 -0.563442 0.822845 0.073879 -0.029847 0.000000 0.000000 0.000000 1.000000
0.823275 0.566689 -0.032888 -0.494375 -0.068928 0.042293 -0.996725 -0.203977 -0.563442 0.822846 0.073880 -0.029847 0.000000 0.000000 0.000000 1.000000
0.823275 0.566689 -0.032887 -0.494375 -0.068928 0.042293 -0.996725 -0.203977 -0.563442 0.822846 0.073880 -0.029847 0.000000 0.000000 0.000000 1.000000
0.823275 0.566689 -0.032888 -0.494374 -0.068928 0.042293 -0.996725 -0.203977 -0.563442 0.822846 0.073880 -0.029848 0.000000 0.000000 0.000000 1.000000
0.823275 0.566689 -0.032887 -0.494375 -0.068928 0.042293 -0.996725 -0.203978 -0.563442 0.822846 0.073880 -0.029848 0.000000 0.000000 0.000000 1.000000
0.823275 0.566689 -0.032887 -0.494375 -0.068928 0.042293 -0.996725 -0.203977 -0.563442 0.822846 0.073880 -0.029848 0.000000 0.000000 0.000000 1.000000
0.823275 0.566689 -0.032887 -0.494375 -0.068928 0.042293 -0.996725 -0.203977 -0.563442 0.822846 0.073880 -0.029847 0.000000 0.000000 0.000000 1.000000
0.823275 0.566689 -0.032887 -0.494375 -0.068928 0.042293 -0.996725 -0.203977 -0.563442 0.822846 0.073880 -0.029847 0.000000 0.000000 0.000000 1.000000</float_array>
     <technique_common>
      <accessor source="#jnt_left_handindex1-Matrix-animation-output-transform-array" count="53" stride="16">
       <param type="float4x4"></param>
      </accessor>
     </technique_common>
    </source>
    <source id="jnt_left_handindex1-Interpolations">
     <Name_array id="jnt_left_handindex1-Interpolations-array" count="53">
 LINEAR LINEAR LINEAR LINEAR LINEAR LINEAR LINEAR LINEAR LINEAR LINEAR LINEAR
LINEAR LINEAR LINEAR LINEAR LINEAR LINEAR LINEAR LINEAR LINEAR LINEAR LINEAR LINEAR
LINEAR LINEAR LINEAR LINEAR LINEAR LINEAR LINEAR LINEAR LINEAR LINEAR LINEAR LINEAR
LINEAR LINEAR LINEAR LINEAR LINEAR LINEAR LINEAR LINEAR LINEAR LINEAR LINEAR LINEAR
LINEAR LINEAR LINEAR LINEAR LINEAR LINEAR</Name_array>
     <technique_common>
      <accessor source="#jnt_left_handindex1-Interpolations-array" count="53">
       <param type="name"></param>
      </accessor>
     </technique_common>
    </source>
    <sampler id="jnt_left_handindex1-Matrix-animation-transform">
     <input semantic="INPUT" source="#jnt_left_handindex1-Matrix-animation-input"></input>
     <input semantic="OUTPUT" source="#jnt_left_handindex1-Matrix-animation-output-transform"></input>
     <input semantic="INTERPOLATION" source="#jnt_left_handindex1-Interpolations"></input>
    </sampler>
    <channel source="#jnt_left_handindex1-Matrix-animation-transform" target="jnt_left_handindex1/matrix"></channel>
   </animation>
  </animation>
  <animation id="jnt_left_handindex2-anim" name="jnt_left_handindex2">
   <animation>
    <source id="jnt_left_handindex2-Matrix-animation-input">
     <float_array id="jnt_left_handindex2-Matrix-animation-input-array" count="53">

0.000000 0.033333 0.066667 0.100000 0.133333 0.166667 0.200000 0.233333 0.266667 0.300000 0.333333 0.366667 0.400000 0.433333 0.466667 0.500000
0.533333 0.566667 0.600000 0.633333 0.666667 0.700000 0.733333 0.766667 0.800000 0.833333 0.866667 0.900000 0.933333 0.966667 1.000000 1.033333
1.066667 1.100000 1.133333 1.166667 1.200000 1.233333 1.266667 1.300000 1.333333 1.366667 1.400000 1.433333 1.466667 1.500000 1.533333 1.566667
1.600000 1.633333 1.666667 1.700000 1.733333</float_array>
     <technique_common>
      <accessor source="#jnt_left_handindex2-Matrix-animation-input-array" count="53">
       <param name="TIME" type="float"></param>
      </accessor>
     </technique_common>
    </source>
    <source id="jnt_left_handindex2-Matrix-animation-output-transform">
     <float_array id="jnt_left_handindex2-Matrix-animation-output-transform-array" count="848">

0.977194 0.212348 -0.000000 -0.145432 -0.212348 0.977194 -0.000000 0.001125 0.000000 0.000001 1.000000 0.000040 0.000000 0.000000 0.000000 1.000000
0.977194 0.212348 -0.000000 -0.145433 -0.212348 0.977194 -0.000000 0.001125 0.000000 0.000000 1.000000 0.000040 0.000000 0.000000 0.000000 1.000000
0.977194 0.212348 -0.000000 -0.145432 -0.212348 0.977194 -0.000001 0.001124 0.000000 0.000001 1.000000 0.000039 0.000000 0.000000 0.000000 1.000000
0.977194 0.212348 -0.000000 -0.145432 -0.212348 0.977194 -0.000000 0.001125 0.000000 0.000001 1.000000 0.000040 0.000000 0.000000 0.000000 1.000000
0.977194 0.212348 -0.000000 -0.145432 -0.212348 0.977194 -0.000001 0.001125 0.000000 0.000001 1.000000 0.000040 0.000000 0.000000 0.000000 1.000000
0.977194 0.212348 -0.000000 -0.145432 -0.212348 0.977194 -0.000000 0.001125 0.000000 0.000001 1.000000 0.000040 0.000000 0.000000 0.000000 1.000000
0.977194 0.212348 -0.000000 -0.145432 -0.212348 0.977194 -0.000000 0.001125 0.000000 0.000000 1.000000 0.000039 0.000000 0.000000 0.000000 1.000000
0.977194 0.212348 -0.000000 -0.145432 -0.212348 0.977194 -0.000000 0.001125 0.000000 0.000001 1.000000 0.000040 0.000000 0.000000 0.000000 1.000000
0.982544 0.186030 -0.000000 -0.145433 -0.186030 0.982544 -0.000000 0.001124 0.000000 0.000000 1.000000 0.000040 0.000000 0.000000 0.000000 1.000000
0.991314 0.131518 -0.000000 -0.145432 -0.131518 0.991314 -0.000000 0.001124 0.000000 0.000000 1.000000 0.000040 0.000000 0.000000 0.000000 1.000000
0.996280 0.086173 -0.000000 -0.145431 -0.086173 0.996280 -0.000000 0.001125 0.000000 0.000001 1.000000 0.000041 0.000000 0.000000 0.000000 1.000000
0.996111 0.088109 -0.000000 -0.145432 -0.088109 0.996111 -0.000000 0.001125 0.000000 0.000001 1.000000 0.000040 0.000000 0.000000 0.000000 1.000000
0.989043 0.147624 -0.000000 -0.145432 -0.147624 0.989043 -0.000000 0.001125 0.000000 0.000000 1.000000 0.000040 0.000000 0.000000 0.000000 1.000000
0.973936 0.226825 -0.000000 -0.145432 -0.226825 0.973936 -0.000000 0.001125 0.000000 0.000000 1.000000 0.000040 0.000000 0.000000 0.000000 1.000000
0.958576 0.284838 -0.000000 -0.145432 -0.284838 0.958576 -0.000000 0.001125 0.000000 0.000001 1.000000 0.000040 0.000000 0.000000 0.000000 1.000000
0.955834 0.293906 -0.000000 -0.145431 -0.293906 0.955834 -0.000000 0.001125 0.000000 0.000001 1.000000 0.000040 0.000000 0.000000 0.000000 1.000000
0.955822 0.293947 -0.000000 -0.145432 -0.293947 0.955822 -0.000000 0.001125 0.000000 0.000001 1.000000 0.000040 0.000000 0.000000 0.000000 1.000000
0.955824 0.293938 -0.000000 -0.145433 -0.293938 0.955824 -0.000000 0.001124 0.000000 0.000000 1.000000 0.000040 0.000000 0.000000 0.000000 1.000000
0.955852 0.293847 -0.000000 -0.145433 -0.293847 0.955852 -0.000000 0.001125 0.000000 0.000001 1.000000 0.000040 0.000000 0.000000 0.000000 1.000000
0.955915 0.293644 -0.000000 -0.145432 -0.293644 0.955915 -0.000000 0.001125 0.000000 0.000000 1.000000 0.000039 0.000000 0.000000 0.000000 1.000000
0.956021 0.293299 -0.000000 -0.145432 -0.293299 0.956021 -0.000000 0.001125 0.000000 0.000001 1.000000 0.000040 0.000000 0.000000 0.000000 1.000000
0.956180 0.292781 -0.000000 -0.145433 -0.292781 0.956180 -0.000000 0.001124 0.000000 0.000001 1.000000 0.000040 0.000000 0.000000 0.000000 1.000000
0.956400 0.292059 -0.000000 -0.145432 -0.292059 0.956400 -0.000000 0.001125 0.000000 0.000000 1.000000 0.000040 0.000000 0.000000 0.000000 1.000000
0.956691 0.291104 -0.000000 -0.145433 -0.291104 0.956692 -0.000000 0.001125 0.000000 0.000000 1.000000 0.000040 0.000000 0.000000 0.000000 1.000000
0.957062 0.289884 -0.000000 -0.145432 -0.289884 0.957062 -0.000000 0.001124 0.000000 0.000001 1.000000 0.000040 0.000000 0.000000 0.000000 1.000000
0.957520 0.288368 -0.000000 -0.145432 -0.288368 0.957520 -0.000000 0.001125 0.000000 0.000001 1.000000 0.000040 0.000000 0.000000 0.000000 1.000000
0.958072 0.286526 -0.000000 -0.145432 -0.286526 0.958072 -0.000000 0.001124 0.000000 0.000000 1.000000 0.000039 0.000000 0.000000 0.000000 1.000000
0.958728 0.284326 -0.000000 -0.145432 -0.284326 0.958728 -0.000000 0.001125 0.000000 0.000001 1.000000 0.000040 0.000000 0.000000 0.000000 1.000000
0.959491 0.281737 -0.000000 -0.145433 -0.281737 0.959491 -0.000000 0.001125 0.000000 0.000001 1.000000 0.000040 0.000000 0.000000 0.000000 1.000000
0.960370 0.278728 -0.000000 -0.145432 -0.278728 0.960370 -0.000001 0.001125 0.000000 0.000001 1.000000 0.000040 0.000000 0.000000 0.000000 1.000000
0.961368 0.275266 -0.000000 -0.145432 -0.275266 0.961368 -0.000000 0.001124 0.000000 0.000001 1.000000 0.000041 0.000000 0.000000 0.000000 1.000000
0.968608 0.248593 -0.000000 -0.145432 -0.248593 0.968608 -0.000000 0.001125 0.000000 0.000001 1.000000 0.000040 0.000000 0.000000 0.000000 1.000000
0.979716 0.200390 -0.000000 -0.145431 -0.200390 0.979716 -0.000000 0.001124 0.000000 0.000001 1.000000 0.000040 0.000000 0.000000 0.000000 1.000000
0.986229 0.165387 -0.000000 -0.145433 -0.165387 0.986229 -0.000000 0.001125 0.000000 0.000001 1.000000 0.000040 0.000000 0.000000 0.000000 1.000000
0.988071 0.154001 -0.000000 -0.145432 -0.154001 0.988071 -0.000000 0.001125 0.000000 0.000001 1.000000 0.000040 0.000000 0.000000 0.000000 1.000000
0.987762 0.155965 -0.000000 -0.145432 -0.155965 0.987763 -0.000000 0.001124 0.000000 0.000000 1.000000 0.000040 0.000000 0.000000 0.000000 1.000000
0.985536 0.169469 -0.000000 -0.145432 -0.169469 0.985536 -0.000000 0.001124 0.000000 0.000001 1.000000 0.000040 0.000000 0.000000 0.000000 1.000000
0.983999 0.178176 -0.000000 -0.145432 -0.178176 0.983999 -0.000000 0.001125 0.000000 0.000001 1.000000 0.000040 0.000000 0.000000 0.000000 1.000000
0.983999 0.178176 -0.000000 -0.145432 -0.178176 0.983999 -0.000000 0.001125 0.000000 0.000001 1.000000 0.000040 0.000000 0.000000 0.000000 1.000000
0.983999 0.178176 -0.000000 -0.145432 -0.178176 0.983999 -0.000000 0.001124 0.000000 0.000001 1.000000 0.000039 0.000000 0.000000 0.000000 1.000000
0.983999 0.178176 -0.000000 -0.145431 -0.178176 0.983999 -0.000000 0.001125 0.000000 0.000000 1.000000 0.000040 0.000000 0.000000 0.000000 1.000000
0.983999 0.178176 -0.000000 -0.145431 -0.178176 0.983999 -0.000000 0.001125 0.000000 0.000000 1.000000 0.000040 0.000000 0.000000 0.000000 1.000000
0.983999 0.178176 -0.000000 -0.145432 -0.178176 0.983999 -0.000000 0.001124 0.000000 0.000000 1.000000 0.000040 0.000000 0.000000 0.000000 1.000000
0.983999 0.178176 -0.000000 -0.145431 -0.178176 0.983999 -0.000000 0.001125 0.000000 0.000001 1.000000 0.000040 0.000000 0.000000 0.000000 1.000000
0.983999 0.178176 -0.000000 -0.145432 -0.178176 0.983999 -0.000000 0.001124 0.000000 0.000001 1.000000 0.000040 0.000000 0.000000 0.000000 1.000000
0.983999 0.178176 -0.000000 -0.145432 -0.178176 0.983999 -0.000000 0.001125 0.000000 0.000001 1.000000 0.000040 0.000000 0.000000 0.000000 1.000000
0.983999 0.178176 -0.000000 -0.145432 -0.178176 0.983999 -0.000000 0.001124 0.000000 0.000001 1.000000 0.000040 0.000000 0.000000 0.000000 1.000000
0.983998 0.178176 -0.000000 -0.145433 -0.178176 0.983999 -0.000000 0.001125 0.000000 0.000001 1.000000 0.000040 0.000000 0.000000 0.000000 1.000000
0.983999 0.178176 -0.000000 -0.145432 -0.178176 0.983999 -0.000001 0.001125 0.000000 0.000001 1.000000 0.000040 0.000000 0.000000 0.000000 1.000000
0.983999 0.178176 -0.000000 -0.145433 -0.178176 0.983999 -0.000000 0.001125 0.000000 0.000000 1.000000 0.000040 0.000000 0.000000 0.000000 1.000000
0.983999 0.178176 -0.000000 -0.145432 -0.178176 0.983999 -0.000000 0.001125 0.000000 0.000001 1.000000 0.000040 0.000000 0.000000 0.000000 1.000000
0.983999 0.178176 -0.000000 -0.145432 -0.178176 0.983999 -0.000000 0.001124 0.000000 0.000000 1.000000 0.000040 0.000000 0.000000 0.000000 1.000000
0.983999 0.178176 -0.000000 -0.145432 -0.178176 0.983999 -0.000000 0.001125 0.000000 0.000000 1.000000 0.000040 0.000000 0.000000 0.000000 1.000000</float_array>
     <technique_common>
      <accessor source="#jnt_left_handindex2-Matrix-animation-output-transform-array" count="53" stride="16">
       <param type="float4x4"></param>
      </accessor>
     </technique_common>
    </source>
    <source id="jnt_left_handindex2-Interpolations">
     <Name_array id="jnt_left_handindex2-Interpolations-array" count="53">
 LINEAR LINEAR LINEAR LINEAR LINEAR LINEAR LINEAR LINEAR LINEAR LINEAR LINEAR
LINEAR LINEAR LINEAR LINEAR LINEAR LINEAR LINEAR LINEAR LINEAR LINEAR LINEAR LINEAR
LINEAR LINEAR LINEAR LINEAR LINEAR LINEAR LINEAR LINEAR LINEAR LINEAR LINEAR LINEAR
LINEAR LINEAR LINEAR LINEAR LINEAR LINEAR LINEAR LINEAR LINEAR LINEAR LINEAR LINEAR
LINEAR LINEAR LINEAR LINEAR LINEAR LINEAR</Name_array>
     <technique_common>
      <accessor source="#jnt_left_handindex2-Interpolations-array" count="53">
       <param type="name"></param>
      </accessor>
     </technique_common>
    </source>
    <sampler id="jnt_left_handindex2-Matrix-animation-transform">
     <input semantic="INPUT" source="#jnt_left_handindex2-Matrix-animation-input"></input>
     <input semantic="OUTPUT" source="#jnt_left_handindex2-Matrix-animation-output-transform"></input>
     <input semantic="INTERPOLATION" source="#jnt_left_handindex2-Interpolations"></input>
    </sampler>
    <channel source="#jnt_left_handindex2-Matrix-animation-transform" target="jnt_left_handindex2/matrix"></channel>
   </animation>
  </animation>
  <animation id="jnt_left_handindex3-anim" name="jnt_left_handindex3">
   <animation>
    <source id="jnt_left_handindex3-Matrix-animation-input">
     <float_array id="jnt_left_handindex3-Matrix-animation-input-array" count="53">

0.000000 0.033333 0.066667 0.100000 0.133333 0.166667 0.200000 0.233333 0.266667 0.300000 0.333333 0.366667 0.400000 0.433333 0.466667 0.500000
0.533333 0.566667 0.600000 0.633333 0.666667 0.700000 0.733333 0.766667 0.800000 0.833333 0.866667 0.900000 0.933333 0.966667 1.000000 1.033333
1.066667 1.100000 1.133333 1.166667 1.200000 1.233333 1.266667 1.300000 1.333333 1.366667 1.400000 1.433333 1.466667 1.500000 1.533333 1.566667
1.600000 1.633333 1.666667 1.700000 1.733333</float_array>
     <technique_common>
      <accessor source="#jnt_left_handindex3-Matrix-animation-input-array" count="53">
       <param name="TIME" type="float"></param>
      </accessor>
     </technique_common>
    </source>
    <source id="jnt_left_handindex3-Matrix-animation-output-transform">
     <float_array id="jnt_left_handindex3-Matrix-animation-output-transform-array" count="848">

0.999087 0.042728 -0.000000 -0.093752 -0.042728 0.999086 0.000001 0.000003 0.000000 -0.000001 1.000000 -0.000000 0.000000 0.000000 0.000000 1.000000
0.999087 0.042728 -0.000000 -0.093752 -0.042728 0.999086 0.000001 0.000003 0.000000 -0.000001 1.000000 -0.000000 0.000000 0.000000 0.000000 1.000000
0.999087 0.042728 -0.000000 -0.093752 -0.042728 0.999087 0.000001 0.000003 0.000000 -0.000001 1.000000 -0.000000 0.000000 0.000000 0.000000 1.000000
0.999087 0.042728 -0.000000 -0.093752 -0.042728 0.999087 0.000001 0.000003 0.000000 -0.000001 1.000000 -0.000000 0.000000 0.000000 0.000000 1.000000
0.999087 0.042728 -0.000000 -0.093751 -0.042728 0.999087 0.000001 0.000003 0.000000 -0.000001 1.000000 -0.000000 0.000000 0.000000 0.000000 1.000000
0.999087 0.042728 -0.000000 -0.093752 -0.042728 0.999087 0.000001 0.000003 0.000000 -0.000001 1.000000 -0.000000 0.000000 0.000000 0.000000 1.000000
0.999087 0.042728 -0.000000 -0.093752 -0.042728 0.999087 0.000001 0.000003 0.000000 -0.000001 1.000000 0.000000 0.000000 0.000000 0.000000 1.000000
0.999087 0.042728 -0.000000 -0.093752 -0.042728 0.999087 0.000001 0.000003 0.000000 -0.000001 1.000000 0.000000 0.000000 0.000000 0.000000 1.000000
0.999874 0.015883 -0.000000 -0.093752 -0.015883 0.999874 0.000001 0.000003 0.000000 -0.000001 1.000000 0.000000 0.000000 0.000000 0.000000 1.000000
0.999227 -0.039325 -0.000000 -0.093752 0.039325 0.999227 0.000001 0.000002 0.000000 -0.000001 1.000000 0.000001 0.000000 0.000000 0.000000 1.000000
0.996393 -0.084854 -0.000000 -0.093752 0.084854 0.996393 0.000001 0.000003 0.000000 -0.000001 1.000000 -0.000000 0.000000 0.000000 0.000000 1.000000
0.996557 -0.082917 -0.000000 -0.093752 0.082917 0.996556 0.000001 0.000003 0.000000 -0.000001 1.000000 -0.000000 0.000000 0.000000 0.000000 1.000000
0.999734 -0.023068 -0.000000 -0.093752 0.023068 0.999734 0.000001 0.000003 0.000000 -0.000001 1.000000 0.000000 0.000000 0.000000 0.000000 1.000000
0.998343 0.057548 -0.000000 -0.093752 -0.057548 0.998343 0.000001 0.000003 0.000000 -0.000001 1.000000 -0.000000 0.000000 0.000000 0.000000 1.000000
0.993093 0.117331 -0.000000 -0.093752 -0.117331 0.993093 0.000001 0.000002 0.000000 -0.000001 1.000000 -0.000000 0.000000 0.000000 0.000000 1.000000
0.991937 0.126733 -0.000000 -0.093752 -0.126733 0.991937 0.000001 0.000003 0.000000 -0.000001 1.000000 0.000000 0.000000 0.000000 0.000000 1.000000
0.991931 0.126776 -0.000000 -0.093752 -0.126776 0.991931 0.000001 0.000003 0.000000 -0.000001 1.000000 0.000000 0.000000 0.000000 0.000000 1.000000
0.991933 0.126766 -0.000000 -0.093752 -0.126766 0.991933 0.000001 0.000003 0.000000 -0.000001 1.000000 -0.000000 0.000000 0.000000 0.000000 1.000000
0.991945 0.126672 -0.000000 -0.093752 -0.126672 0.991945 0.000001 0.000003 0.000000 -0.000001 1.000000 -0.000000 0.000000 0.000000 0.000000 1.000000
0.991972 0.126461 -0.000000 -0.093752 -0.126461 0.991971 0.000001 0.000002 0.000000 -0.000001 1.000000 -0.000000 0.000000 0.000000 0.000000 1.000000
0.992017 0.126103 -0.000000 -0.093753 -0.126103 0.992017 0.000001 0.000002 0.000000 -0.000001 1.000000 0.000000 0.000000 0.000000 0.000000 1.000000
0.992085 0.125565 -0.000000 -0.093752 -0.125565 0.992085 0.000001 0.000004 0.000000 -0.000001 1.000000 -0.000000 0.000000 0.000000 0.000000 1.000000
0.992180 0.124817 -0.000000 -0.093753 -0.124817 0.992180 0.000001 0.000003 0.000000 -0.000001 1.000000 0.000001 0.000000 0.000000 0.000000 1.000000
0.992304 0.123826 -0.000000 -0.093752 -0.123826 0.992304 0.000001 0.000004 0.000000 -0.000001 1.000000 -0.000000 0.000000 0.000000 0.000000 1.000000
0.992461 0.122561 -0.000000 -0.093752 -0.122561 0.992461 0.000001 0.000003 0.000000 -0.000001 1.000000 0.000000 0.000000 0.000000 0.000000 1.000000
0.992654 0.120989 -0.000000 -0.093751 -0.120989 0.992654 0.000001 0.000003 0.000000 -0.000001 1.000000 -0.000000 0.000000 0.000000 0.000000 1.000000
0.992885 0.119080 -0.000000 -0.093753 -0.119080 0.992884 0.000001 0.000002 0.000000 -0.000001 1.000000 -0.000000 0.000000 0.000000 0.000000 1.000000
0.993156 0.116800 -0.000000 -0.093752 -0.116800 0.993155 0.000001 0.000003 0.000000 -0.000001 1.000000 0.000000 0.000000 0.000000 0.000000 1.000000
0.993467 0.114119 -0.000000 -0.093752 -0.114119 0.993467 0.000001 0.000003 0.000000 -0.000001 1.000000 0.000000 0.000000 0.000000 0.000000 1.000000
0.993820 0.111004 -0.000000 -0.093753 -0.111004 0.993820 0.000001 0.000003 0.000000 -0.000001 1.000000 0.000000 0.000000 0.000000 0.000000 1.000000
0.994213 0.107423 -0.000000 -0.093752 -0.107423 0.994213 0.000001 0.000003 0.000000 -0.000001 1.000000 0.000000 0.000000 0.000000 0.000000 1.000000
0.996802 0.079906 -0.000000 -0.093752 -0.079906 0.996802 0.000001 0.000002 0.000000 -0.000001 1.000000 0.000000 0.000000 0.000000 0.000000 1.000000
0.999534 0.030515 -0.000000 -0.093751 -0.030515 0.999534 0.000001 0.000003 0.000000 -0.000001 1.000000 -0.000000 0.000000 0.000000 0.000000 1.000000
0.999987 -0.005086 -0.000000 -0.093753 0.005086 0.999987 0.000001 0.000002 0.000000 -0.000001 1.000000 0.000001 0.000000 0.000000 0.000000 1.000000
0.999862 -0.016619 -0.000000 -0.093752 0.016619 0.999862 0.000001 0.000003 0.000000 -0.000001 1.000000 -0.000000 0.000000 0.000000 0.000000 1.000000
0.999893 -0.014631 -0.000000 -0.093752 0.014631 0.999893 0.000001 0.000003 0.000000 -0.000001 1.000000 -0.000000 0.000000 0.000000 0.000000 1.000000
0.999999 -0.000945 -0.000000 -0.093752 0.000945 1.000000 0.000001 0.000003 0.000000 -0.000001 1.000000 -0.000000 0.000000 0.000000 0.000000 1.000000
0.999969 0.007896 -0.000000 -0.093752 -0.007896 0.999969 0.000001 0.000003 0.000000 -0.000001 1.000000 -0.000000 0.000000 0.000000 0.000000 1.000000
0.999969 0.007896 -0.000000 -0.093753 -0.007896 0.999969 0.000001 0.000003 0.000000 -0.000001 1.000000 0.000001 0.000000 0.000000 0.000000 1.000000
0.999969 0.007896 -0.000000 -0.093752 -0.007896 0.999969 0.000001 0.000003 0.000000 -0.000001 1.000000 -0.000001 0.000000 0.000000 0.000000 1.000000
0.999969 0.007896 -0.000000 -0.093752 -0.007896 0.999969 0.000001 0.000002 0.000000 -0.000001 1.000000 -0.000000 0.000000 0.000000 0.000000 1.000000
0.999969 0.007896 -0.000000 -0.093752 -0.007896 0.999969 0.000001 0.000003 0.000000 -0.000001 1.000000 0.000000 0.000000 0.000000 0.000000 1.000000
0.999969 0.007896 -0.000000 -0.093753 -0.007896 0.999969 0.000001 0.000003 0.000000 -0.000001 1.000000 0.000000 0.000000 0.000000 0.000000 1.000000
0.999969 0.007896 -0.000000 -0.093753 -0.007896 0.999969 0.000001 0.000003 0.000000 -0.000001 1.000000 -0.000000 0.000000 0.000000 0.000000 1.000000
0.999969 0.007896 -0.000000 -0.093752 -0.007896 0.999969 0.000001 0.000003 0.000000 -0.000001 1.000000 -0.000000 0.000000 0.000000 0.000000 1.000000
0.999969 0.007896 -0.000000 -0.093751 -0.007896 0.999969 0.000001 0.000003 0.000000 -0.000001 1.000000 -0.000000 0.000000 0.000000 0.000000 1.000000
0.999969 0.007896 -0.000000 -0.093752 -0.007896 0.999969 0.000001 0.000003 0.000000 -0.000001 1.000000 -0.000000 0.000000 0.000000 0.000000 1.000000
0.999969 0.007896 -0.000000 -0.093753 -0.007896 0.999969 0.000001 0.000003 0.000000 -0.000001 1.000000 -0.000000 0.000000 0.000000 0.000000 1.000000
0.999969 0.007896 -0.000000 -0.093752 -0.007896 0.999969 0.000001 0.000003 0.000000 -0.000001 1.000000 0.000000 0.000000 0.000000 0.000000 1.000000
0.999969 0.007896 -0.000000 -0.093752 -0.007896 0.999969 0.000001 0.000003 0.000000 -0.000001 1.000000 -0.000000 0.000000 0.000000 0.000000 1.000000
0.999969 0.007896 -0.000000 -0.093753 -0.007896 0.999969 0.000001 0.000002 0.000000 -0.000001 1.000000 0.000000 0.000000 0.000000 0.000000 1.000000
0.999969 0.007896 -0.000000 -0.093752 -0.007896 0.999969 0.000001 0.000003 0.000000 -0.000001 1.000000 0.000000 0.000000 0.000000 0.000000 1.000000
0.999969 0.007896 -0.000000 -0.093752 -0.007896 0.999969 0.000001 0.000003 0.000000 -0.000001 1.000000 -0.000001 0.000000 0.000000 0.000000 1.000000</float_array>
     <technique_common>
      <accessor source="#jnt_left_handindex3-Matrix-animation-output-transform-array" count="53" stride="16">
       <param type="float4x4"></param>
      </accessor>
     </technique_common>
    </source>
    <source id="jnt_left_handindex3-Interpolations">
     <Name_array id="jnt_left_handindex3-Interpolations-array" count="53">
 LINEAR LINEAR LINEAR LINEAR LINEAR LINEAR LINEAR LINEAR LINEAR LINEAR LINEAR
LINEAR LINEAR LINEAR LINEAR LINEAR LINEAR LINEAR LINEAR LINEAR LINEAR LINEAR LINEAR
LINEAR LINEAR LINEAR LINEAR LINEAR LINEAR LINEAR LINEAR LINEAR LINEAR LINEAR LINEAR
LINEAR LINEAR LINEAR LINEAR LINEAR LINEAR LINEAR LINEAR LINEAR LINEAR LINEAR LINEAR
LINEAR LINEAR LINEAR LINEAR LINEAR LINEAR</Name_array>
     <technique_common>
      <accessor source="#jnt_left_handindex3-Interpolations-array" count="53">
       <param type="name"></param>
      </accessor>
     </technique_common>
    </source>
    <sampler id="jnt_left_handindex3-Matrix-animation-transform">
     <input semantic="INPUT" source="#jnt_left_handindex3-Matrix-animation-input"></input>
     <input semantic="OUTPUT" source="#jnt_left_handindex3-Matrix-animation-output-transform"></input>
     <input semantic="INTERPOLATION" source="#jnt_left_handindex3-Interpolations"></input>
    </sampler>
    <channel source="#jnt_left_handindex3-Matrix-animation-transform" target="jnt_left_handindex3/matrix"></channel>
   </animation>
  </animation>
  <animation id="jnt_left_handindex4-anim" name="jnt_left_handindex4">
   <animation>
    <source id="jnt_left_handindex4-Matrix-animation-input">
     <float_array id="jnt_left_handindex4-Matrix-animation-input-array" count="53">

0.000000 0.033333 0.066667 0.100000 0.133333 0.166667 0.200000 0.233333 0.266667 0.300000 0.333333 0.366667 0.400000 0.433333 0.466667 0.500000
0.533333 0.566667 0.600000 0.633333 0.666667 0.700000 0.733333 0.766667 0.800000 0.833333 0.866667 0.900000 0.933333 0.966667 1.000000 1.033333
1.066667 1.100000 1.133333 1.166667 1.200000 1.233333 1.266667 1.300000 1.333333 1.366667 1.400000 1.433333 1.466667 1.500000 1.533333 1.566667
1.600000 1.633333 1.666667 1.700000 1.733333</float_array>
     <technique_common>
      <accessor source="#jnt_left_handindex4-Matrix-animation-input-array" count="53">
       <param name="TIME" type="float"></param>
      </accessor>
     </technique_common>
    </source>
    <source id="jnt_left_handindex4-Matrix-animation-output-transform">
     <float_array id="jnt_left_handindex4-Matrix-animation-output-transform-array" count="848">

1.000000 -0.000000 0.000000 -0.107084 0.000000 1.000000 -0.000000 0.000049 -0.000000 0.000000 1.000000 -0.001504 0.000000 0.000000 0.000000 1.000000
1.000000 0.000000 -0.000000 -0.107084 -0.000000 1.000000 -0.000000 0.000049 -0.000000 0.000000 1.000000 -0.001504 0.000000 0.000000 0.000000 1.000000
1.000000 -0.000000 -0.000000 -0.107084 0.000000 1.000000 0.000000 0.000049 0.000000 -0.000000 1.000000 -0.001504 0.000000 0.000000 0.000000 1.000000
1.000000 0.000000 0.000000 -0.107084 -0.000000 1.000000 0.000000 0.000049 -0.000000 -0.000000 1.000000 -0.001504 0.000000 0.000000 0.000000 1.000000
1.000000 0.000000 -0.000000 -0.107084 -0.000000 1.000000 0.000000 0.000048 0.000000 -0.000000 1.000000 -0.001504 0.000000 0.000000 0.000000 1.000000
1.000000 -0.000000 0.000000 -0.107084 0.000000 1.000000 -0.000000 0.000049 -0.000000 0.000000 1.000000 -0.001504 0.000000 0.000000 0.000000 1.000000
1.000000 0.000000 -0.000000 -0.107084 -0.000000 1.000000 -0.000000 0.000048 0.000000 0.000000 1.000000 -0.001503 0.000000 0.000000 0.000000 1.000000
1.000000 0.000000 -0.000000 -0.107084 -0.000000 1.000000 0.000000 0.000049 0.000000 -0.000000 1.000000 -0.001504 0.000000 0.000000 0.000000 1.000000
1.000000 -0.000000 0.000000 -0.107084 0.000000 1.000000 -0.000000 0.000048 -0.000000 0.000000 1.000000 -0.001504 0.000000 0.000000 0.000000 1.000000
1.000000 0.000000 0.000000 -0.107084 -0.000000 1.000000 -0.000000 0.000048 -0.000000 0.000000 1.000000 -0.001504 0.000000 0.000000 0.000000 1.000000
1.000000 0.000000 0.000000 -0.107084 -0.000000 1.000000 -0.000000 0.000048 -0.000000 0.000000 1.000000 -0.001504 0.000000 0.000000 0.000000 1.000000
1.000000 0.000000 0.000000 -0.107085 -0.000000 1.000000 -0.000000 0.000049 -0.000000 0.000000 1.000000 -0.001504 0.000000 0.000000 0.000000 1.000000
1.000000 -0.000000 -0.000000 -0.107084 0.000000 1.000000 -0.000000 0.000049 0.000000 0.000000 1.000000 -0.001504 0.000000 0.000000 0.000000 1.000000
1.000000 -0.000000 0.000000 -0.107084 0.000000 1.000000 0.000000 0.000048 -0.000000 -0.000000 1.000000 -0.001504 0.000000 0.000000 0.000000 1.000000
1.000000 0.000000 -0.000000 -0.107084 -0.000000 1.000000 0.000000 0.000048 0.000000 -0.000000 1.000000 -0.001504 0.000000 0.000000 0.000000 1.000000
1.000000 0.000000 -0.000000 -0.107084 -0.000000 1.000000 -0.000000 0.000048 0.000000 0.000000 1.000000 -0.001504 0.000000 0.000000 0.000000 1.000000
1.000000 0.000000 -0.000000 -0.107084 -0.000000 1.000000 0.000000 0.000048 0.000000 0.000000 1.000000 -0.001504 0.000000 0.000000 0.000000 1.000000
1.000000 -0.000000 -0.000000 -0.107084 0.000000 1.000000 0.000000 0.000048 0.000000 -0.000000 1.000000 -0.001504 0.000000 0.000000 0.000000 1.000000
1.000000 0.000000 -0.000000 -0.107084 -0.000000 1.000000 -0.000000 0.000048 0.000000 0.000000 1.000000 -0.001504 0.000000 0.000000 0.000000 1.000000
1.000000 0.000000 -0.000000 -0.107084 -0.000000 1.000000 -0.000000 0.000049 0.000000 0.000000 1.000000 -0.001504 0.000000 0.000000 0.000000 1.000000
1.000000 0.000000 -0.000000 -0.107084 -0.000000 1.000000 -0.000000 0.000049 0.000000 0.000000 1.000000 -0.001504 0.000000 0.000000 0.000000 1.000000
1.000000 -0.000000 0.000000 -0.107084 0.000000 1.000000 -0.000000 0.000049 -0.000000 0.000000 1.000000 -0.001504 0.000000 0.000000 0.000000 1.000000
1.000000 -0.000000 0.000000 -0.107084 0.000000 1.000000 0.000000 0.000048 -0.000000 -0.000000 1.000000 -0.001504 0.000000 0.000000 0.000000 1.000000
1.000000 -0.000000 0.000000 -0.107084 0.000000 1.000000 -0.000000 0.000049 -0.000000 0.000000 1.000000 -0.001504 0.000000 0.000000 0.000000 1.000000
1.000000 0.000000 0.000000 -0.107084 -0.000000 1.000000 -0.000000 0.000049 -0.000000 0.000000 1.000000 -0.001504 0.000000 0.000000 0.000000 1.000000
1.000000 0.000000 0.000000 -0.107084 -0.000000 1.000000 0.000000 0.000048 -0.000000 -0.000000 1.000000 -0.001504 0.000000 0.000000 0.000000 1.000000
1.000000 -0.000000 0.000000 -0.107084 0.000000 1.000000 -0.000000 0.000049 -0.000000 0.000000 1.000000 -0.001504 0.000000 0.000000 0.000000 1.000000
1.000000 0.000000 -0.000000 -0.107085 -0.000000 1.000000 0.000000 0.000048 0.000000 -0.000000 1.000000 -0.001504 0.000000 0.000000 0.000000 1.000000
1.000000 0.000000 -0.000000 -0.107084 -0.000000 1.000000 0.000000 0.000049 0.000000 -0.000000 1.000000 -0.001504 0.000000 0.000000 0.000000 1.000000
1.000000 0.000000 -0.000000 -0.107084 -0.000000 1.000000 -0.000000 0.000049 0.000000 0.000000 1.000000 -0.001505 0.000000 0.000000 0.000000 1.000000
1.000000 -0.000000 -0.000000 -0.107084 0.000000 1.000000 0.000000 0.000048 0.000000 -0.000000 1.000000 -0.001504 0.000000 0.000000 0.000000 1.000000
1.000000 -0.000000 0.000000 -0.107084 0.000000 1.000000 0.000000 0.000048 -0.000000 -0.000000 1.000000 -0.001504 0.000000 0.000000 0.000000 1.000000
1.000000 0.000000 0.000000 -0.107085 0.000000 1.000000 0.000000 0.000049 -0.000000 -0.000000 1.000000 -0.001504 0.000000 0.000000 0.000000 1.000000
1.000000 -0.000000 0.000000 -0.107084 0.000000 1.000000 -0.000000 0.000049 -0.000000 0.000000 1.000000 -0.001504 0.000000 0.000000 0.000000 1.000000
1.000000 0.000000 -0.000000 -0.107084 -0.000000 1.000000 -0.000000 0.000048 0.000000 0.000000 1.000000 -0.001504 0.000000 0.000000 0.000000 1.000000
1.000000 -0.000000 -0.000000 -0.107084 0.000000 1.000000 0.000000 0.000049 0.000000 -0.000000 1.000000 -0.001504 0.000000 0.000000 0.000000 1.000000
1.000000 -0.000000 -0.000000 -0.107084 0.000000 1.000000 0.000000 0.000049 0.000000 -0.000000 1.000000 -0.001504 0.000000 0.000000 0.000000 1.000000
1.000000 0.000000 -0.000000 -0.107084 -0.000000 1.000000 -0.000000 0.000048 -0.000000 0.000000 1.000000 -0.001504 0.000000 0.000000 0.000000 1.000000
1.000000 -0.000000 -0.000000 -0.107085 0.000000 1.000000 0.000000 0.000049 0.000000 -0.000000 1.000000 -0.001504 0.000000 0.000000 0.000000 1.000000
1.000000 0.000000 0.000000 -0.107084 -0.000000 1.000000 0.000000 0.000049 -0.000000 -0.000000 1.000000 -0.001504 0.000000 0.000000 0.000000 1.000000
1.000000 -0.000000 0.000000 -0.107084 0.000000 1.000000 0.000000 0.000048 -0.000000 -0.000000 1.000000 -0.001504 0.000000 0.000000 0.000000 1.000000
1.000000 0.000000 -0.000000 -0.107084 -0.000000 1.000000 -0.000000 0.000049 0.000000 0.000000 1.000000 -0.001504 0.000000 0.000000 0.000000 1.000000
1.000000 0.000000 0.000000 -0.107084 -0.000000 1.000000 -0.000000 0.000049 -0.000000 0.000000 1.000000 -0.001504 0.000000 0.000000 0.000000 1.000000
1.000000 0.000000 0.000000 -0.107084 -0.000000 1.000000 0.000000 0.000049 -0.000000 -0.000000 1.000000 -0.001504 0.000000 0.000000 0.000000 1.000000
1.000000 -0.000000 -0.000000 -0.107085 0.000000 1.000000 0.000000 0.000049 -0.000000 -0.000000 1.000000 -0.001504 0.000000 0.000000 0.000000 1.000000
1.000000 0.000000 0.000000 -0.107084 -0.000000 1.000000 0.000000 0.000049 -0.000000 -0.000000 1.000000 -0.001504 0.000000 0.000000 0.000000 1.000000
1.000000 0.000000 0.000000 -0.107085 -0.000000 1.000000 0.000000 0.000049 -0.000000 -0.000000 1.000000 -0.001504 0.000000 0.000000 0.000000 1.000000
1.000000 -0.000000 0.000000 -0.107084 0.000000 1.000000 0.000000 0.000049 -0.000000 -0.000000 1.000000 -0.001504 0.000000 0.000000 0.000000 1.000000
1.000000 -0.000000 0.000000 -0.107084 0.000000 1.000000 0.000000 0.000049 -0.000000 -0.000000 1.000000 -0.001504 0.000000 0.000000 0.000000 1.000000
1.000000 0.000000 -0.000000 -0.107084 -0.000000 1.000000 0.000000 0.000048 0.000000 -0.000000 1.000000 -0.001504 0.000000 0.000000 0.000000 1.000000
1.000000 0.000000 -0.000000 -0.107084 -0.000000 1.000000 0.000000 0.000049 0.000000 -0.000000 1.000000 -0.001504 0.000000 0.000000 0.000000 1.000000
1.000000 0.000000 -0.000000 -0.107084 -0.000000 1.000000 -0.000000 0.000048 0.000000 0.000000 1.000000 -0.001504 0.000000 0.000000 0.000000 1.000000
1.000000 0.000000 0.000000 -0.107084 -0.000000 1.000000 0.000000 0.000048 -0.000000 -0.000000 1.000000 -0.001504 0.000000 0.000000 0.000000 1.000000</float_array>
     <technique_common>
      <accessor source="#jnt_left_handindex4-Matrix-animation-output-transform-array" count="53" stride="16">
       <param type="float4x4"></param>
      </accessor>
     </technique_common>
    </source>
    <source id="jnt_left_handindex4-Interpolations">
     <Name_array id="jnt_left_handindex4-Interpolations-array" count="53">
 LINEAR LINEAR LINEAR LINEAR LINEAR LINEAR LINEAR LINEAR LINEAR LINEAR LINEAR
LINEAR LINEAR LINEAR LINEAR LINEAR LINEAR LINEAR LINEAR LINEAR LINEAR LINEAR LINEAR
LINEAR LINEAR LINEAR LINEAR LINEAR LINEAR LINEAR LINEAR LINEAR LINEAR LINEAR LINEAR
LINEAR LINEAR LINEAR LINEAR LINEAR LINEAR LINEAR LINEAR LINEAR LINEAR LINEAR LINEAR
LINEAR LINEAR LINEAR LINEAR LINEAR LINEAR</Name_array>
     <technique_common>
      <accessor source="#jnt_left_handindex4-Interpolations-array" count="53">
       <param type="name"></param>
      </accessor>
     </technique_common>
    </source>
    <sampler id="jnt_left_handindex4-Matrix-animation-transform">
     <input semantic="INPUT" source="#jnt_left_handindex4-Matrix-animation-input"></input>
     <input semantic="OUTPUT" source="#jnt_left_handindex4-Matrix-animation-output-transform"></input>
     <input semantic="INTERPOLATION" source="#jnt_left_handindex4-Interpolations"></input>
    </sampler>
    <channel source="#jnt_left_handindex4-Matrix-animation-transform" target="jnt_left_handindex4/matrix"></channel>
   </animation>
  </animation>
  <animation id="jnt_left_weapon-anim" name="jnt_left_weapon">
   <animation>
    <source id="jnt_left_weapon-Matrix-animation-input">
     <float_array id="jnt_left_weapon-Matrix-animation-input-array" count="53">

0.000000 0.033333 0.066667 0.100000 0.133333 0.166667 0.200000 0.233333 0.266667 0.300000 0.333333 0.366667 0.400000 0.433333 0.466667 0.500000
0.533333 0.566667 0.600000 0.633333 0.666667 0.700000 0.733333 0.766667 0.800000 0.833333 0.866667 0.900000 0.933333 0.966667 1.000000 1.033333
1.066667 1.100000 1.133333 1.166667 1.200000 1.233333 1.266667 1.300000 1.333333 1.366667 1.400000 1.433333 1.466667 1.500000 1.533333 1.566667
1.600000 1.633333 1.666667 1.700000 1.733333</float_array>
     <technique_common>
      <accessor source="#jnt_left_weapon-Matrix-animation-input-array" count="53">
       <param name="TIME" type="float"></param>
      </accessor>
     </technique_common>
    </source>
    <source id="jnt_left_weapon-Matrix-animation-output-transform">
     <float_array id="jnt_left_weapon-Matrix-animation-output-transform-array" count="848">

-0.068652 -0.108937 -0.991680 -0.369354 0.108715 -0.988918 0.101109 -0.054074 -0.991705 -0.100868 0.079734 0.296616 0.000000 0.000000 0.000000 1.000000
-0.068652 -0.108939 -0.991679 -0.369354 0.108715 -0.988918 0.101111 -0.054074 -0.991705 -0.100868 0.079734 0.296616 0.000000 0.000000 0.000000 1.000000
-0.068652 -0.108939 -0.991679 -0.369354 0.108715 -0.988918 0.101111 -0.054074 -0.991705 -0.100868 0.079734 0.296616 0.000000 0.000000 0.000000 1.000000
-0.068652 -0.108940 -0.991679 -0.369354 0.108715 -0.988918 0.101111 -0.054074 -0.991705 -0.100868 0.079734 0.296616 0.000000 0.000000 0.000000 1.000000
-0.068652 -0.108939 -0.991679 -0.369354 0.108715 -0.988918 0.101111 -0.054074 -0.991705 -0.100868 0.079734 0.296616 0.000000 0.000000 0.000000 1.000000
-0.068652 -0.108938 -0.991679 -0.369354 0.108715 -0.988918 0.101110 -0.054074 -0.991705 -0.100868 0.079734 0.296616 0.000000 0.000000 0.000000 1.000000
-0.068652 -0.108937 -0.991680 -0.369354 0.108715 -0.988918 0.101109 -0.054074 -0.991705 -0.100868 0.079734 0.296616 0.000000 0.000000 0.000000 1.000000
-0.068652 -0.108938 -0.991680 -0.369354 0.108715 -0.988918 0.101110 -0.054074 -0.991705 -0.100868 0.079734 0.296616 0.000000 0.000000 0.000000 1.000000
-0.068652 -0.108938 -0.991679 -0.369353 0.108715 -0.988918 0.101110 -0.054074 -0.991705 -0.100868 0.079734 0.296616 0.000000 0.000000 0.000000 1.000000
-0.068652 -0.108938 -0.991680 -0.369354 0.108715 -0.988918 0.101110 -0.054074 -0.991705 -0.100868 0.079734 0.296616 0.000000 0.000000 0.000000 1.000000
-0.068652 -0.108939 -0.991679 -0.369354 0.108715 -0.988918 0.101111 -0.054074 -0.991705 -0.100868 0.079734 0.296616 0.000000 0.000000 0.000000 1.000000
-0.068652 -0.108939 -0.991679 -0.369354 0.108715 -0.988918 0.101111 -0.054074 -0.991705 -0.100868 0.079734 0.296616 0.000000 0.000000 0.000000 1.000000
-0.068652 -0.108939 -0.991679 -0.369354 0.108715 -0.988918 0.101111 -0.054074 -0.991705 -0.100868 0.079735 0.296616 0.000000 0.000000 0.000000 1.000000
-0.068652 -0.108939 -0.991679 -0.369354 0.108715 -0.988918 0.101111 -0.054074 -0.991705 -0.100868 0.079734 0.296616 0.000000 0.000000 0.000000 1.000000
-0.068652 -0.108939 -0.991679 -0.369354 0.108715 -0.988918 0.101111 -0.054074 -0.991705 -0.100868 0.079734 0.296616 0.000000 0.000000 0.000000 1.000000
-0.068652 -0.108939 -0.991679 -0.369354 0.108715 -0.988918 0.101111 -0.054074 -0.991705 -0.100868 0.079734 0.296616 0.000000 0.000000 0.000000 1.000000
-0.068652 -0.108939 -0.991679 -0.369354 0.108715 -0.988918 0.101111 -0.054074 -0.991705 -0.100868 0.079734 0.296616 0.000000 0.000000 0.000000 1.000000
-0.068652 -0.108937 -0.991680 -0.369354 0.108715 -0.988918 0.101109 -0.054074 -0.991705 -0.100868 0.079734 0.296616 0.000000 0.000000 0.000000 1.000000
-0.068652 -0.108939 -0.991679 -0.369354 0.108715 -0.988917 0.101111 -0.054074 -0.991705 -0.100868 0.079734 0.296616 0.000000 0.000000 0.000000 1.000000
-0.068652 -0.108939 -0.991680 -0.369354 0.108715 -0.988918 0.101111 -0.054074 -0.991705 -0.100868 0.079735 0.296616 0.000000 0.000000 0.000000 1.000000
-0.068652 -0.108939 -0.991679 -0.369354 0.108715 -0.988918 0.101111 -0.054074 -0.991705 -0.100868 0.079734 0.296616 0.000000 0.000000 0.000000 1.000000
-0.068652 -0.108938 -0.991680 -0.369354 0.108715 -0.988918 0.101110 -0.054074 -0.991705 -0.100868 0.079734 0.296616 0.000000 0.000000 0.000000 1.000000
-0.068652 -0.108938 -0.991680 -0.369354 0.108715 -0.988918 0.101110 -0.054074 -0.991705 -0.100868 0.079734 0.296616 0.000000 0.000000 0.000000 1.000000
-0.068652 -0.108938 -0.991680 -0.369354 0.108715 -0.988918 0.101110 -0.054074 -0.991705 -0.100868 0.079734 0.296616 0.000000 0.000000 0.000000 1.000000
-0.068652 -0.108939 -0.991679 -0.369354 0.108715 -0.988918 0.101111 -0.054074 -0.991705 -0.100868 0.079734 0.296616 0.000000 0.000000 0.000000 1.000000
-0.068652 -0.108938 -0.991680 -0.369354 0.108715 -0.988918 0.101110 -0.054074 -0.991705 -0.100868 0.079734 0.296616 0.000000 0.000000 0.000000 1.000000
-0.068652 -0.108939 -0.991679 -0.369354 0.108715 -0.988918 0.101111 -0.054074 -0.991705 -0.100868 0.079734 0.296616 0.000000 0.000000 0.000000 1.000000
-0.068652 -0.108939 -0.991679 -0.369354 0.108715 -0.988918 0.101111 -0.054074 -0.991705 -0.100868 0.079734 0.296616 0.000000 0.000000 0.000000 1.000000
-0.068652 -0.108939 -0.991679 -0.369354 0.108715 -0.988918 0.101111 -0.054074 -0.991705 -0.100868 0.079734 0.296616 0.000000 0.000000 0.000000 1.000000
-0.068652 -0.108938 -0.991680 -0.369354 0.108715 -0.988918 0.101110 -0.054074 -0.991705 -0.100868 0.079734 0.296616 0.000000 0.000000 0.000000 1.000000
-0.068652 -0.108939 -0.991679 -0.369354 0.108715 -0.988918 0.101111 -0.054074 -0.991705 -0.100868 0.079734 0.296616 0.000000 0.000000 0.000000 1.000000
-0.068652 -0.108938 -0.991680 -0.369354 0.108715 -0.988918 0.101110 -0.054074 -0.991705 -0.100868 0.079734 0.296616 0.000000 0.000000 0.000000 1.000000
-0.068652 -0.108938 -0.991680 -0.369354 0.108715 -0.988918 0.101110 -0.054074 -0.991705 -0.100868 0.079734 0.296616 0.000000 0.000000 0.000000 1.000000
-0.068652 -0.108939 -0.991679 -0.369354 0.108715 -0.988918 0.101111 -0.054074 -0.991705 -0.100868 0.079734 0.296616 0.000000 0.000000 0.000000 1.000000
-0.068652 -0.108939 -0.991679 -0.369354 0.108715 -0.988918 0.101111 -0.054074 -0.991705 -0.100868 0.079735 0.296616 0.000000 0.000000 0.000000 1.000000
-0.068652 -0.108939 -0.991679 -0.369354 0.108715 -0.988918 0.101111 -0.054074 -0.991705 -0.100868 0.079734 0.296616 0.000000 0.000000 0.000000 1.000000
-0.068652 -0.108938 -0.991679 -0.369354 0.108715 -0.988918 0.101110 -0.054074 -0.991705 -0.100868 0.079734 0.296616 0.000000 0.000000 0.000000 1.000000
-0.068652 -0.108938 -0.991680 -0.369354 0.108715 -0.988918 0.101110 -0.054074 -0.991705 -0.100868 0.079734 0.296616 0.000000 0.000000 0.000000 1.000000
-0.068652 -0.108939 -0.991679 -0.369354 0.108715 -0.988918 0.101111 -0.054074 -0.991705 -0.100868 0.079734 0.296616 0.000000 0.000000 0.000000 1.000000
-0.068652 -0.108938 -0.991680 -0.369354 0.108715 -0.988918 0.101110 -0.054074 -0.991705 -0.100868 0.079734 0.296616 0.000000 0.000000 0.000000 1.000000
-0.068652 -0.108938 -0.991680 -0.369354 0.108715 -0.988918 0.101110 -0.054074 -0.991705 -0.100868 0.079734 0.296616 0.000000 0.000000 0.000000 1.000000
-0.068652 -0.108938 -0.991680 -0.369354 0.108715 -0.988918 0.101110 -0.054074 -0.991705 -0.100868 0.079735 0.296616 0.000000 0.000000 0.000000 1.000000
-0.068652 -0.108939 -0.991679 -0.369354 0.108715 -0.988918 0.101111 -0.054074 -0.991705 -0.100868 0.079734 0.296616 0.000000 0.000000 0.000000 1.000000
-0.068652 -0.108939 -0.991679 -0.369354 0.108715 -0.988918 0.101111 -0.054074 -0.991705 -0.100868 0.079734 0.296616 0.000000 0.000000 0.000000 1.000000
-0.068652 -0.108939 -0.991679 -0.369354 0.108715 -0.988918 0.101111 -0.054074 -0.991705 -0.100868 0.079734 0.296616 0.000000 0.000000 0.000000 1.000000
-0.068652 -0.108939 -0.991679 -0.369354 0.108715 -0.988918 0.101111 -0.054074 -0.991705 -0.100868 0.079734 0.296616 0.000000 0.000000 0.000000 1.000000
-0.068652 -0.108939 -0.991680 -0.369354 0.108715 -0.988918 0.101111 -0.054074 -0.991705 -0.100868 0.079735 0.296616 0.000000 0.000000 0.000000 1.000000
-0.068652 -0.108939 -0.991679 -0.369354 0.108715 -0.988918 0.101111 -0.054074 -0.991705 -0.100868 0.079734 0.296616 0.000000 0.000000 0.000000 1.000000
-0.068652 -0.108939 -0.991679 -0.369354 0.108715 -0.988918 0.101111 -0.054074 -0.991705 -0.100868 0.079734 0.296616 0.000000 0.000000 0.000000 1.000000
-0.068652 -0.108938 -0.991680 -0.369354 0.108715 -0.988918 0.101110 -0.054074 -0.991705 -0.100868 0.079734 0.296616 0.000000 0.000000 0.000000 1.000000
-0.068652 -0.108938 -0.991680 -0.369354 0.108715 -0.988918 0.101110 -0.054074 -0.991705 -0.100868 0.079734 0.296616 0.000000 0.000000 0.000000 1.000000
-0.068652 -0.108937 -0.991680 -0.369354 0.108715 -0.988918 0.101109 -0.054074 -0.991705 -0.100868 0.079734 0.296616 0.000000 0.000000 0.000000 1.000000
-0.068652 -0.108939 -0.991679 -0.369354 0.108715 -0.988918 0.101111 -0.054074 -0.991705 -0.100868 0.079734 0.296616 0.000000 0.000000 0.000000 1.000000</float_array>
     <technique_common>
      <accessor source="#jnt_left_weapon-Matrix-animation-output-transform-array" count="53" stride="16">
       <param type="float4x4"></param>
      </accessor>
     </technique_common>
    </source>
    <source id="jnt_left_weapon-Interpolations">
     <Name_array id="jnt_left_weapon-Interpolations-array" count="53">
 LINEAR LINEAR LINEAR LINEAR LINEAR LINEAR LINEAR LINEAR LINEAR LINEAR LINEAR
LINEAR LINEAR LINEAR LINEAR LINEAR LINEAR LINEAR LINEAR LINEAR LINEAR LINEAR LINEAR
LINEAR LINEAR LINEAR LINEAR LINEAR LINEAR LINEAR LINEAR LINEAR LINEAR LINEAR LINEAR
LINEAR LINEAR LINEAR LINEAR LINEAR LINEAR LINEAR LINEAR LINEAR LINEAR LINEAR LINEAR
LINEAR LINEAR LINEAR LINEAR LINEAR LINEAR</Name_array>
     <technique_common>
      <accessor source="#jnt_left_weapon-Interpolations-array" count="53">
       <param type="name"></param>
      </accessor>
     </technique_common>
    </source>
    <sampler id="jnt_left_weapon-Matrix-animation-transform">
     <input semantic="INPUT" source="#jnt_left_weapon-Matrix-animation-input"></input>
     <input semantic="OUTPUT" source="#jnt_left_weapon-Matrix-animation-output-transform"></input>
     <input semantic="INTERPOLATION" source="#jnt_left_weapon-Interpolations"></input>
    </sampler>
    <channel source="#jnt_left_weapon-Matrix-animation-transform" target="jnt_left_weapon/matrix"></channel>
   </animation>
  </animation>
  <animation id="jnt_left_handmiddle1-anim" name="jnt_left_handmiddle1">
   <animation>
    <source id="jnt_left_handmiddle1-Matrix-animation-input">
     <float_array id="jnt_left_handmiddle1-Matrix-animation-input-array" count="53">

0.000000 0.033333 0.066667 0.100000 0.133333 0.166667 0.200000 0.233333 0.266667 0.300000 0.333333 0.366667 0.400000 0.433333 0.466667 0.500000
0.533333 0.566667 0.600000 0.633333 0.666667 0.700000 0.733333 0.766667 0.800000 0.833333 0.866667 0.900000 0.933333 0.966667 1.000000 1.033333
1.066667 1.100000 1.133333 1.166667 1.200000 1.233333 1.266667 1.300000 1.333333 1.366667 1.400000 1.433333 1.466667 1.500000 1.533333 1.566667
1.600000 1.633333 1.666667 1.700000 1.733333</float_array>
     <technique_common>
      <accessor source="#jnt_left_handmiddle1-Matrix-animation-input-array" count="53">
       <param name="TIME" type="float"></param>
      </accessor>
     </technique_common>
    </source>
    <source id="jnt_left_handmiddle1-Matrix-animation-output-transform">
     <float_array id="jnt_left_handmiddle1-Matrix-animation-output-transform-array" count="848">

0.640058 0.767591 -0.033615 -0.489248 0.010231 -0.052262 -0.998581 -0.062066 -0.768259 0.638806 -0.041303 -0.036309 0.000000 0.000000 0.000000 1.000000
0.640058 0.767591 -0.033615 -0.489248 0.010231 -0.052262 -0.998581 -0.062066 -0.768259 0.638806 -0.041303 -0.036308 0.000000 0.000000 0.000000 1.000000
0.640058 0.767591 -0.033615 -0.489248 0.010231 -0.052262 -0.998581 -0.062066 -0.768259 0.638806 -0.041303 -0.036308 0.000000 0.000000 0.000000 1.000000
0.640058 0.767591 -0.033615 -0.489249 0.010231 -0.052262 -0.998581 -0.062066 -0.768259 0.638806 -0.041303 -0.036308 0.000000 0.000000 0.000000 1.000000
0.640058 0.767591 -0.033615 -0.489248 0.010231 -0.052262 -0.998581 -0.062066 -0.768259 0.638806 -0.041303 -0.036309 0.000000 0.000000 0.000000 1.000000
0.640058 0.767591 -0.033615 -0.489248 0.010231 -0.052262 -0.998581 -0.062066 -0.768258 0.638806 -0.041303 -0.036308 0.000000 0.000000 0.000000 1.000000
0.640058 0.767591 -0.033615 -0.489248 0.010231 -0.052262 -0.998581 -0.062066 -0.768259 0.638806 -0.041304 -0.036308 0.000000 0.000000 0.000000 1.000000
0.640058 0.767591 -0.033615 -0.489248 0.010231 -0.052262 -0.998581 -0.062065 -0.768259 0.638806 -0.041303 -0.036308 0.000000 0.000000 0.000000 1.000000
0.659745 0.750854 -0.030893 -0.489248 0.011410 -0.051112 -0.998628 -0.062065 -0.751403 0.658487 -0.042288 -0.036308 0.000000 0.000000 0.000000 1.000000
0.698855 0.714839 -0.024626 -0.489248 0.014560 -0.048639 -0.998710 -0.062066 -0.715115 0.697595 -0.044400 -0.036309 0.000000 0.000000 0.000000 1.000000
0.729700 0.683511 -0.018739 -0.489249 0.017898 -0.046489 -0.998759 -0.062066 -0.683533 0.728459 -0.046156 -0.036308 0.000000 0.000000 0.000000 1.000000
0.731228 0.681890 -0.018207 -0.489247 0.018381 -0.046378 -0.998755 -0.062066 -0.681886 0.729983 -0.046447 -0.036308 0.000000 0.000000 0.000000 1.000000
0.709264 0.704624 -0.021206 -0.489248 0.017766 -0.047938 -0.998693 -0.062066 -0.704719 0.707960 -0.046519 -0.036308 0.000000 0.000000 0.000000 1.000000
0.678617 0.734070 -0.024897 -0.489248 0.017406 -0.049959 -0.998599 -0.062066 -0.734286 0.677233 -0.046680 -0.036309 0.000000 0.000000 0.000000 1.000000
0.654970 0.755149 -0.027646 -0.489248 0.017123 -0.051407 -0.998531 -0.062066 -0.755461 0.653534 -0.046600 -0.036308 0.000000 0.000000 0.000000 1.000000
0.651201 0.758358 -0.028823 -0.489248 0.015926 -0.051627 -0.998539 -0.062066 -0.758738 0.649791 -0.045698 -0.036308 0.000000 0.000000 0.000000 1.000000
0.651621 0.757966 -0.029609 -0.489248 0.014649 -0.051601 -0.998560 -0.062066 -0.758403 0.650249 -0.044727 -0.036308 0.000000 0.000000 0.000000 1.000000
0.652457 0.757221 -0.030262 -0.489248 0.013511 -0.051549 -0.998579 -0.062066 -0.757705 0.651121 -0.043865 -0.036309 0.000000 0.000000 0.000000 1.000000
0.653629 0.756188 -0.030795 -0.489249 0.012507 -0.051478 -0.998596 -0.062065 -0.756712 0.652326 -0.043105 -0.036308 0.000000 0.000000 0.000000 1.000000
0.655058 0.754933 -0.031222 -0.489247 0.011631 -0.051392 -0.998611 -0.062066 -0.755489 0.653785 -0.042446 -0.036308 0.000000 0.000000 0.000000 1.000000
0.656666 0.753522 -0.031553 -0.489249 0.010876 -0.051295 -0.998624 -0.062066 -0.754104 0.655419 -0.041879 -0.036308 0.000000 0.000000 0.000000 1.000000
0.658373 0.752020 -0.031801 -0.489248 0.010237 -0.051192 -0.998637 -0.062066 -0.752623 0.657149 -0.041402 -0.036308 0.000000 0.000000 0.000000 1.000000
0.660101 0.750496 -0.031977 -0.489248 0.009707 -0.051088 -0.998647 -0.062066 -0.751114 0.658898 -0.041008 -0.036308 0.000000 0.000000 0.000000 1.000000
0.661774 0.749016 -0.032093 -0.489249 0.009278 -0.050986 -0.998656 -0.062066 -0.749646 0.660587 -0.040690 -0.036307 0.000000 0.000000 0.000000 1.000000
0.663313 0.747650 -0.032160 -0.489248 0.008944 -0.050892 -0.998664 -0.062066 -0.748289 0.662140 -0.040444 -0.036308 0.000000 0.000000 0.000000 1.000000
0.664643 0.746467 -0.032190 -0.489248 0.008698 -0.050811 -0.998670 -0.062065 -0.747110 0.663479 -0.040264 -0.036308 0.000000 0.000000 0.000000 1.000000
0.665687 0.745536 -0.032197 -0.489247 0.008531 -0.050747 -0.998675 -0.062066 -0.746182 0.664530 -0.040142 -0.036308 0.000000 0.000000 0.000000 1.000000
0.666369 0.744926 -0.032192 -0.489248 0.008437 -0.050705 -0.998678 -0.062066 -0.745574 0.665217 -0.040073 -0.036308 0.000000 0.000000 0.000000 1.000000
0.666614 0.744708 -0.032188 -0.489248 0.008407 -0.050690 -0.998679 -0.062066 -0.745356 0.665463 -0.040051 -0.036308 0.000000 0.000000 0.000000 1.000000
0.666614 0.744708 -0.032188 -0.489248 0.008407 -0.050690 -0.998679 -0.062065 -0.745356 0.665463 -0.040051 -0.036308 0.000000 0.000000 0.000000 1.000000
0.666614 0.744708 -0.032188 -0.489248 0.008407 -0.050690 -0.998679 -0.062066 -0.745356 0.665463 -0.040051 -0.036309 0.000000 0.000000 0.000000 1.000000
0.691324 0.722018 -0.027580 -0.489248 0.011470 -0.049132 -0.998727 -0.062066 -0.722454 0.690127 -0.042248 -0.036308 0.000000 0.000000 0.000000 1.000000
0.727865 0.685446 -0.019420 -0.489249 0.017257 -0.046622 -0.998764 -0.062065 -0.685504 0.726630 -0.045763 -0.036308 0.000000 0.000000 0.000000 1.000000
0.734610 0.678258 -0.017714 -0.489248 0.018507 -0.046129 -0.998764 -0.062066 -0.678237 0.733374 -0.046439 -0.036309 0.000000 0.000000 0.000000 1.000000
0.734610 0.678259 -0.017714 -0.489248 0.018507 -0.046129 -0.998764 -0.062066 -0.678237 0.733374 -0.046439 -0.036307 0.000000 0.000000 0.000000 1.000000
0.727865 0.685446 -0.019420 -0.489248 0.017257 -0.046622 -0.998764 -0.062065 -0.685503 0.726630 -0.045763 -0.036308 0.000000 0.000000 0.000000 1.000000
0.691324 0.722018 -0.027580 -0.489247 0.011470 -0.049132 -0.998727 -0.062066 -0.722454 0.690127 -0.042248 -0.036308 0.000000 0.000000 0.000000 1.000000
0.666614 0.744708 -0.032188 -0.489248 0.008407 -0.050690 -0.998679 -0.062066 -0.745356 0.665463 -0.040051 -0.036308 0.000000 0.000000 0.000000 1.000000
0.666614 0.744708 -0.032188 -0.489248 0.008407 -0.050690 -0.998679 -0.062066 -0.745356 0.665463 -0.040051 -0.036309 0.000000 0.000000 0.000000 1.000000
0.666614 0.744708 -0.032188 -0.489247 0.008407 -0.050690 -0.998679 -0.062066 -0.745356 0.665463 -0.040051 -0.036308 0.000000 0.000000 0.000000 1.000000
0.666614 0.744708 -0.032188 -0.489248 0.008407 -0.050690 -0.998679 -0.062066 -0.745356 0.665463 -0.040051 -0.036308 0.000000 0.000000 0.000000 1.000000
0.666614 0.744708 -0.032187 -0.489248 0.008407 -0.050690 -0.998679 -0.062066 -0.745356 0.665463 -0.040051 -0.036308 0.000000 0.000000 0.000000 1.000000
0.666614 0.744708 -0.032187 -0.489248 0.008407 -0.050690 -0.998679 -0.062066 -0.745356 0.665463 -0.040051 -0.036308 0.000000 0.000000 0.000000 1.000000
0.666614 0.744708 -0.032188 -0.489248 0.008407 -0.050690 -0.998679 -0.062066 -0.745356 0.665463 -0.040051 -0.036308 0.000000 0.000000 0.000000 1.000000
0.666614 0.744708 -0.032188 -0.489248 0.008407 -0.050690 -0.998679 -0.062066 -0.745356 0.665463 -0.040051 -0.036308 0.000000 0.000000 0.000000 1.000000
0.666614 0.744708 -0.032188 -0.489249 0.008407 -0.050690 -0.998679 -0.062066 -0.745356 0.665462 -0.040052 -0.036308 0.000000 0.000000 0.000000 1.000000
0.666614 0.744708 -0.032188 -0.489248 0.008407 -0.050690 -0.998679 -0.062066 -0.745356 0.665463 -0.040051 -0.036308 0.000000 0.000000 0.000000 1.000000
0.666614 0.744708 -0.032187 -0.489247 0.008407 -0.050690 -0.998679 -0.062066 -0.745356 0.665463 -0.040051 -0.036308 0.000000 0.000000 0.000000 1.000000
0.666614 0.744708 -0.032187 -0.489248 0.008407 -0.050690 -0.998679 -0.062066 -0.745356 0.665463 -0.040051 -0.036308 0.000000 0.000000 0.000000 1.000000
0.666614 0.744708 -0.032188 -0.489248 0.008407 -0.050690 -0.998679 -0.062066 -0.745356 0.665463 -0.040051 -0.036308 0.000000 0.000000 0.000000 1.000000
0.666614 0.744708 -0.032188 -0.489248 0.008407 -0.050690 -0.998679 -0.062066 -0.745356 0.665463 -0.040051 -0.036308 0.000000 0.000000 0.000000 1.000000
0.666614 0.744708 -0.032188 -0.489247 0.008407 -0.050690 -0.998679 -0.062066 -0.745356 0.665463 -0.040051 -0.036309 0.000000 0.000000 0.000000 1.000000
0.666614 0.744708 -0.032188 -0.489248 0.008407 -0.050690 -0.998679 -0.062066 -0.745356 0.665463 -0.040051 -0.036308 0.000000 0.000000 0.000000 1.000000</float_array>
     <technique_common>
      <accessor source="#jnt_left_handmiddle1-Matrix-animation-output-transform-array" count="53" stride="16">
       <param type="float4x4"></param>
      </accessor>
     </technique_common>
    </source>
    <source id="jnt_left_handmiddle1-Interpolations">
     <Name_array id="jnt_left_handmiddle1-Interpolations-array" count="53">
 LINEAR LINEAR LINEAR LINEAR LINEAR LINEAR LINEAR LINEAR LINEAR LINEAR LINEAR
LINEAR LINEAR LINEAR LINEAR LINEAR LINEAR LINEAR LINEAR LINEAR LINEAR LINEAR LINEAR
LINEAR LINEAR LINEAR LINEAR LINEAR LINEAR LINEAR LINEAR LINEAR LINEAR LINEAR LINEAR
LINEAR LINEAR LINEAR LINEAR LINEAR LINEAR LINEAR LINEAR LINEAR LINEAR LINEAR LINEAR
LINEAR LINEAR LINEAR LINEAR LINEAR LINEAR</Name_array>
     <technique_common>
      <accessor source="#jnt_left_handmiddle1-Interpolations-array" count="53">
       <param type="name"></param>
      </accessor>
     </technique_common>
    </source>
    <sampler id="jnt_left_handmiddle1-Matrix-animation-transform">
     <input semantic="INPUT" source="#jnt_left_handmiddle1-Matrix-animation-input"></input>
     <input semantic="OUTPUT" source="#jnt_left_handmiddle1-Matrix-animation-output-transform"></input>
     <input semantic="INTERPOLATION" source="#jnt_left_handmiddle1-Interpolations"></input>
    </sampler>
    <channel source="#jnt_left_handmiddle1-Matrix-animation-transform" target="jnt_left_handmiddle1/matrix"></channel>
   </animation>
  </animation>
  <animation id="jnt_left_handmiddle2-anim" name="jnt_left_handmiddle2">
   <animation>
    <source id="jnt_left_handmiddle2-Matrix-animation-input">
     <float_array id="jnt_left_handmiddle2-Matrix-animation-input-array" count="53">

0.000000 0.033333 0.066667 0.100000 0.133333 0.166667 0.200000 0.233333 0.266667 0.300000 0.333333 0.366667 0.400000 0.433333 0.466667 0.500000
0.533333 0.566667 0.600000 0.633333 0.666667 0.700000 0.733333 0.766667 0.800000 0.833333 0.866667 0.900000 0.933333 0.966667 1.000000 1.033333
1.066667 1.100000 1.133333 1.166667 1.200000 1.233333 1.266667 1.300000 1.333333 1.366667 1.400000 1.433333 1.466667 1.500000 1.533333 1.566667
1.600000 1.633333 1.666667 1.700000 1.733333</float_array>
     <technique_common>
      <accessor source="#jnt_left_handmiddle2-Matrix-animation-input-array" count="53">
       <param name="TIME" type="float"></param>
      </accessor>
     </technique_common>
    </source>
    <source id="jnt_left_handmiddle2-Matrix-animation-output-transform">
     <float_array id="jnt_left_handmiddle2-Matrix-animation-output-transform-array" count="848">

0.910363 0.413810 -0.000000 -0.176688 -0.413810 0.910363 0.000000 0.000005 0.000000 0.000000 1.000000 0.000001 0.000000 0.000000 0.000000 1.000000
0.910363 0.413810 -0.000000 -0.176688 -0.413810 0.910363 -0.000000 0.000004 0.000000 0.000000 1.000000 0.000000 0.000000 0.000000 0.000000 1.000000
0.910363 0.413810 -0.000000 -0.176688 -0.413810 0.910363 0.000000 0.000004 0.000000 0.000000 1.000000 -0.000000 0.000000 0.000000 0.000000 1.000000
0.910363 0.413810 -0.000000 -0.176689 -0.413810 0.910363 0.000000 0.000004 0.000000 -0.000000 1.000000 -0.000000 0.000000 0.000000 0.000000 1.000000
0.910363 0.413810 -0.000000 -0.176688 -0.413810 0.910363 0.000000 0.000004 0.000000 -0.000000 1.000000 -0.000000 0.000000 0.000000 0.000000 1.000000
0.910363 0.413810 -0.000000 -0.176688 -0.413810 0.910363 0.000000 0.000002 0.000000 0.000000 1.000000 0.000001 0.000000 0.000000 0.000000 1.000000
0.910363 0.413810 -0.000000 -0.176688 -0.413810 0.910363 0.000000 0.000004 0.000000 0.000000 1.000000 -0.000000 0.000000 0.000000 0.000000 1.000000
0.910363 0.413810 -0.000000 -0.176687 -0.413810 0.910363 0.000000 0.000005 0.000000 -0.000000 1.000000 -0.000000 0.000000 0.000000 0.000000 1.000000
0.920760 0.390130 -0.000000 -0.176688 -0.390130 0.920760 0.000000 0.000004 0.000000 0.000000 1.000000 -0.000001 0.000000 0.000000 0.000000 1.000000
0.940212 0.340590 -0.000000 -0.176687 -0.340590 0.940212 0.000000 0.000004 0.000000 0.000000 1.000000 0.000000 0.000000 0.000000 0.000000 1.000000
0.954293 0.298872 -0.000000 -0.176688 -0.298872 0.954293 0.000000 0.000003 0.000000 0.000000 1.000000 -0.000000 0.000000 0.000000 0.000000 1.000000
0.954956 0.296746 -0.000000 -0.176688 -0.296746 0.954956 0.000000 0.000004 0.000000 -0.000000 1.000000 0.000000 0.000000 0.000000 0.000000 1.000000
0.945074 0.326856 -0.000000 -0.176688 -0.326856 0.945074 0.000000 0.000003 0.000000 -0.000000 1.000000 -0.000000 0.000000 0.000000 0.000000 1.000000
0.930294 0.366816 -0.000000 -0.176688 -0.366816 0.930294 0.000000 0.000004 0.000000 -0.000000 1.000000 -0.000000 0.000000 0.000000 0.000000 1.000000
0.918180 0.396164 -0.000000 -0.176688 -0.396164 0.918180 0.000000 0.000004 0.000000 -0.000000 1.000000 0.000000 0.000000 0.000000 0.000000 1.000000
0.916213 0.400691 -0.000000 -0.176688 -0.400691 0.916213 0.000000 0.000003 0.000000 0.000000 1.000000 0.000000 0.000000 0.000000 0.000000 1.000000
0.916455 0.400138 -0.000000 -0.176688 -0.400138 0.916455 0.000000 0.000004 0.000000 -0.000000 1.000000 -0.000000 0.000000 0.000000 0.000000 1.000000
0.916914 0.399086 -0.000000 -0.176688 -0.399086 0.916914 0.000000 0.000004 0.000000 0.000000 1.000000 -0.000000 0.000000 0.000000 0.000000 1.000000
0.917546 0.397629 -0.000000 -0.176688 -0.397628 0.917547 0.000000 0.000004 0.000000 0.000000 1.000000 -0.000000 0.000000 0.000000 0.000000 1.000000
0.918311 0.395860 -0.000000 -0.176687 -0.395860 0.918311 0.000000 0.000004 0.000000 -0.000000 1.000000 -0.000000 0.000000 0.000000 0.000000 1.000000
0.919164 0.393874 -0.000000 -0.176688 -0.393874 0.919165 0.000000 0.000003 0.000000 0.000000 1.000000 0.000000 0.000000 0.000000 0.000000 1.000000
0.920066 0.391765 -0.000000 -0.176688 -0.391765 0.920066 0.000000 0.000003 0.000000 -0.000000 1.000000 0.000000 0.000000 0.000000 0.000000 1.000000
0.920972 0.389628 -0.000000 -0.176688 -0.389628 0.920972 0.000000 0.000003 0.000000 -0.000000 1.000000 -0.000000 0.000000 0.000000 0.000000 1.000000
0.921846 0.387557 -0.000000 -0.176688 -0.387557 0.921846 0.000000 0.000004 0.000000 -0.000000 1.000000 -0.000000 0.000000 0.000000 0.000000 1.000000
0.922646 0.385648 -0.000000 -0.176688 -0.385648 0.922646 0.000000 0.000003 0.000000 -0.000000 1.000000 0.000000 0.000000 0.000000 0.000000 1.000000
0.923335 0.383996 -0.000000 -0.176688 -0.383996 0.923335 0.000000 0.000003 0.000000 -0.000000 1.000000 -0.000000 0.000000 0.000000 0.000000 1.000000
0.923874 0.382698 -0.000000 -0.176688 -0.382698 0.923874 0.000000 0.000004 0.000000 0.000000 1.000000 -0.000000 0.000000 0.000000 0.000000 1.000000
0.924225 0.381849 -0.000000 -0.176687 -0.381849 0.924225 0.000000 0.000003 0.000000 -0.000000 1.000000 0.000000 0.000000 0.000000 0.000000 1.000000
0.924350 0.381544 -0.000000 -0.176688 -0.381544 0.924351 0.000000 0.000004 0.000000 -0.000000 1.000000 0.000000 0.000000 0.000000 0.000000 1.000000
0.924350 0.381544 -0.000000 -0.176688 -0.381544 0.924350 0.000000 0.000003 0.000000 0.000000 1.000000 -0.000000 0.000000 0.000000 0.000000 1.000000
0.924350 0.381544 -0.000000 -0.176688 -0.381544 0.924350 0.000000 0.000003 0.000000 0.000000 1.000000 0.000000 0.000000 0.000000 0.000000 1.000000
0.936629 0.350322 -0.000000 -0.176688 -0.350322 0.936629 0.000000 0.000003 0.000000 -0.000000 1.000000 0.000000 0.000000 0.000000 0.000000 1.000000
0.953493 0.301415 -0.000000 -0.176688 -0.301415 0.953493 0.000000 0.000003 0.000000 -0.000000 1.000000 0.000000 0.000000 0.000000 0.000000 1.000000
0.956421 0.291991 -0.000000 -0.176688 -0.291991 0.956421 0.000000 0.000003 0.000000 -0.000000 1.000000 0.000000 0.000000 0.000000 0.000000 1.000000
0.956421 0.291991 -0.000000 -0.176688 -0.291991 0.956421 0.000000 0.000003 0.000000 -0.000000 1.000000 -0.000000 0.000000 0.000000 0.000000 1.000000
0.953493 0.301415 -0.000000 -0.176688 -0.301415 0.953493 0.000000 0.000003 0.000000 -0.000000 1.000000 -0.000001 0.000000 0.000000 0.000000 1.000000
0.936629 0.350322 -0.000000 -0.176689 -0.350322 0.936629 0.000000 0.000003 0.000000 0.000000 1.000000 0.000000 0.000000 0.000000 0.000000 1.000000
0.924350 0.381544 -0.000000 -0.176688 -0.381544 0.924351 0.000000 0.000003 0.000000 -0.000000 1.000000 0.000000 0.000000 0.000000 0.000000 1.000000
0.924350 0.381544 -0.000000 -0.176688 -0.381544 0.924350 0.000000 0.000003 0.000000 0.000000 1.000000 -0.000000 0.000000 0.000000 0.000000 1.000000
0.924350 0.381544 -0.000000 -0.176688 -0.381544 0.924351 0.000000 0.000003 0.000000 0.000000 1.000000 -0.000000 0.000000 0.000000 0.000000 1.000000
0.924350 0.381544 -0.000000 -0.176688 -0.381544 0.924350 0.000000 0.000003 0.000000 -0.000000 1.000000 -0.000000 0.000000 0.000000 0.000000 1.000000
0.924351 0.381544 -0.000000 -0.176689 -0.381544 0.924351 0.000000 0.000003 0.000000 -0.000000 1.000000 0.000000 0.000000 0.000000 0.000000 1.000000
0.924350 0.381544 -0.000000 -0.176688 -0.381544 0.924350 0.000000 0.000003 0.000000 0.000000 1.000000 0.000000 0.000000 0.000000 0.000000 1.000000
0.924350 0.381544 -0.000000 -0.176688 -0.381544 0.924351 0.000000 0.000003 0.000000 -0.000000 1.000000 0.000000 0.000000 0.000000 0.000000 1.000000
0.924350 0.381544 -0.000000 -0.176689 -0.381544 0.924350 0.000000 0.000004 0.000000 -0.000000 1.000000 0.000000 0.000000 0.000000 0.000000 1.000000
0.924350 0.381544 -0.000000 -0.176688 -0.381544 0.924350 0.000000 0.000003 0.000000 -0.000000 1.000000 0.000000 0.000000 0.000000 0.000000 1.000000
0.924350 0.381544 -0.000000 -0.176688 -0.381544 0.924350 0.000000 0.000003 0.000000 -0.000000 1.000000 -0.000000 0.000000 0.000000 0.000000 1.000000
0.924350 0.381544 -0.000000 -0.176688 -0.381544 0.924350 0.000000 0.000004 0.000000 0.000000 1.000000 0.000000 0.000000 0.000000 0.000000 1.000000
0.924350 0.381544 -0.000000 -0.176689 -0.381544 0.924350 0.000000 0.000003 0.000000 0.000000 1.000000 -0.000000 0.000000 0.000000 0.000000 1.000000
0.924350 0.381544 -0.000000 -0.176688 -0.381544 0.924351 0.000000 0.000003 0.000000 0.000000 1.000000 -0.000000 0.000000 0.000000 0.000000 1.000000
0.924350 0.381544 -0.000000 -0.176687 -0.381544 0.924350 0.000000 0.000003 0.000000 0.000000 1.000000 -0.000000 0.000000 0.000000 0.000000 1.000000
0.924351 0.381544 -0.000000 -0.176689 -0.381545 0.924350 0.000000 0.000004 0.000000 -0.000000 1.000000 0.000000 0.000000 0.000000 0.000000 1.000000
0.924350 0.381544 -0.000000 -0.176688 -0.381544 0.924351 0.000000 0.000003 0.000000 0.000000 1.000000 0.000000 0.000000 0.000000 0.000000 1.000000</float_array>
     <technique_common>
      <accessor source="#jnt_left_handmiddle2-Matrix-animation-output-transform-array" count="53" stride="16">
       <param type="float4x4"></param>
      </accessor>
     </technique_common>
    </source>
    <source id="jnt_left_handmiddle2-Interpolations">
     <Name_array id="jnt_left_handmiddle2-Interpolations-array" count="53">
 LINEAR LINEAR LINEAR LINEAR LINEAR LINEAR LINEAR LINEAR LINEAR LINEAR LINEAR
LINEAR LINEAR LINEAR LINEAR LINEAR LINEAR LINEAR LINEAR LINEAR LINEAR LINEAR LINEAR
LINEAR LINEAR LINEAR LINEAR LINEAR LINEAR LINEAR LINEAR LINEAR LINEAR LINEAR LINEAR
LINEAR LINEAR LINEAR LINEAR LINEAR LINEAR LINEAR LINEAR LINEAR LINEAR LINEAR LINEAR
LINEAR LINEAR LINEAR LINEAR LINEAR LINEAR</Name_array>
     <technique_common>
      <accessor source="#jnt_left_handmiddle2-Interpolations-array" count="53">
       <param type="name"></param>
      </accessor>
     </technique_common>
    </source>
    <sampler id="jnt_left_handmiddle2-Matrix-animation-transform">
     <input semantic="INPUT" source="#jnt_left_handmiddle2-Matrix-animation-input"></input>
     <input semantic="OUTPUT" source="#jnt_left_handmiddle2-Matrix-animation-output-transform"></input>
     <input semantic="INTERPOLATION" source="#jnt_left_handmiddle2-Interpolations"></input>
    </sampler>
    <channel source="#jnt_left_handmiddle2-Matrix-animation-transform" target="jnt_left_handmiddle2/matrix"></channel>
   </animation>
  </animation>
  <animation id="jnt_left_handmiddle3-anim" name="jnt_left_handmiddle3">
   <animation>
    <source id="jnt_left_handmiddle3-Matrix-animation-input">
     <float_array id="jnt_left_handmiddle3-Matrix-animation-input-array" count="53">

0.000000 0.033333 0.066667 0.100000 0.133333 0.166667 0.200000 0.233333 0.266667 0.300000 0.333333 0.366667 0.400000 0.433333 0.466667 0.500000
0.533333 0.566667 0.600000 0.633333 0.666667 0.700000 0.733333 0.766667 0.800000 0.833333 0.866667 0.900000 0.933333 0.966667 1.000000 1.033333
1.066667 1.100000 1.133333 1.166667 1.200000 1.233333 1.266667 1.300000 1.333333 1.366667 1.400000 1.433333 1.466667 1.500000 1.533333 1.566667
1.600000 1.633333 1.666667 1.700000 1.733333</float_array>
     <technique_common>
      <accessor source="#jnt_left_handmiddle3-Matrix-animation-input-array" count="53">
       <param name="TIME" type="float"></param>
      </accessor>
     </technique_common>
    </source>
    <source id="jnt_left_handmiddle3-Matrix-animation-output-transform">
     <float_array id="jnt_left_handmiddle3-Matrix-animation-output-transform-array" count="848">

0.978982 0.203949 0.000000 -0.108368 -0.203949 0.978981 0.000000 0.000002 -0.000000 -0.000000 1.000000 0.000001 0.000000 0.000000 0.000000 1.000000
0.978981 0.203949 0.000000 -0.108366 -0.203949 0.978981 0.000000 0.000002 -0.000000 -0.000000 1.000000 0.000000 0.000000 0.000000 0.000000 1.000000
0.978982 0.203949 0.000000 -0.108367 -0.203949 0.978982 0.000000 0.000001 -0.000000 -0.000000 1.000000 0.000000 0.000000 0.000000 0.000000 1.000000
0.978982 0.203949 0.000000 -0.108367 -0.203949 0.978981 0.000000 0.000002 -0.000000 -0.000000 1.000000 0.000000 0.000000 0.000000 0.000000 1.000000
0.978982 0.203949 0.000000 -0.108366 -0.203949 0.978981 0.000000 0.000002 -0.000000 -0.000000 1.000000 -0.000000 0.000000 0.000000 0.000000 1.000000
0.978981 0.203949 0.000000 -0.108367 -0.203949 0.978981 0.000000 0.000001 -0.000000 -0.000000 1.000000 -0.000000 0.000000 0.000000 0.000000 1.000000
0.978981 0.203949 0.000000 -0.108367 -0.203949 0.978981 0.000000 0.000001 -0.000000 -0.000000 1.000000 -0.000000 0.000000 0.000000 0.000000 1.000000
0.978981 0.203949 0.000000 -0.108367 -0.203949 0.978981 0.000000 0.000001 -0.000000 -0.000000 1.000000 0.000000 0.000000 0.000000 0.000000 1.000000
0.983928 0.178565 0.000000 -0.108367 -0.178565 0.983928 -0.000000 0.000001 -0.000000 -0.000000 1.000000 -0.000000 0.000000 0.000000 0.000000 1.000000
0.992035 0.125964 0.000000 -0.108367 -0.125964 0.992035 0.000000 0.000001 -0.000000 -0.000000 1.000000 -0.000000 0.000000 0.000000 0.000000 1.000000
0.996618 0.082173 0.000000 -0.108367 -0.082173 0.996618 0.000000 0.000001 -0.000000 -0.000000 1.000000 0.000000 0.000000 0.000000 0.000000 1.000000
0.996798 0.079953 0.000000 -0.108367 -0.079953 0.996798 0.000000 0.000001 -0.000000 -0.000000 1.000000 -0.000000 0.000000 0.000000 0.000000 1.000000
0.993765 0.111498 0.000000 -0.108366 -0.111498 0.993764 0.000000 0.000001 -0.000000 -0.000000 1.000000 -0.000000 0.000000 0.000000 0.000000 1.000000
0.988113 0.153727 0.000000 -0.108366 -0.153727 0.988113 0.000000 0.000001 -0.000000 -0.000000 1.000000 -0.000000 0.000000 0.000000 0.000000 1.000000
0.982735 0.185018 0.000000 -0.108366 -0.185018 0.982735 0.000000 0.000002 -0.000000 -0.000000 1.000000 -0.000001 0.000000 0.000000 0.000000 1.000000
0.981810 0.189867 0.000000 -0.108367 -0.189867 0.981810 0.000000 0.000001 -0.000000 -0.000000 1.000000 0.000000 0.000000 0.000000 0.000000 1.000000
0.981924 0.189274 0.000000 -0.108367 -0.189274 0.981924 0.000000 0.000002 -0.000000 -0.000000 1.000000 -0.000000 0.000000 0.000000 0.000000 1.000000
0.982141 0.188146 0.000000 -0.108367 -0.188146 0.982141 0.000000 0.000002 -0.000000 -0.000000 1.000000 0.000000 0.000000 0.000000 0.000000 1.000000
0.982438 0.186586 0.000000 -0.108367 -0.186586 0.982439 0.000000 0.000001 -0.000000 -0.000000 1.000000 0.000000 0.000000 0.000000 0.000000 1.000000
0.982796 0.184693 0.000000 -0.108368 -0.184693 0.982796 -0.000000 0.000001 -0.000000 -0.000000 1.000000 -0.000000 0.000000 0.000000 0.000000 1.000000
0.983193 0.182568 0.000000 -0.108367 -0.182568 0.983193 0.000000 0.000002 -0.000000 -0.000000 1.000000 -0.000000 0.000000 0.000000 0.000000 1.000000
0.983609 0.180313 0.000000 -0.108366 -0.180313 0.983609 0.000000 0.000002 -0.000000 -0.000000 1.000000 -0.000000 0.000000 0.000000 0.000000 1.000000
0.984025 0.178028 0.000000 -0.108366 -0.178028 0.984025 0.000000 0.000001 -0.000000 -0.000000 1.000000 -0.000000 0.000000 0.000000 0.000000 1.000000
0.984423 0.175816 0.000000 -0.108367 -0.175816 0.984423 0.000000 0.000002 -0.000000 -0.000000 1.000000 0.000001 0.000000 0.000000 0.000000 1.000000
0.984785 0.173778 0.000000 -0.108367 -0.173778 0.984785 -0.000000 0.000002 -0.000000 -0.000000 1.000000 -0.000001 0.000000 0.000000 0.000000 1.000000
0.985094 0.172016 0.000000 -0.108366 -0.172016 0.985094 0.000000 0.000001 -0.000000 -0.000000 1.000000 0.000000 0.000000 0.000000 0.000000 1.000000
0.985335 0.170631 0.000000 -0.108367 -0.170631 0.985335 0.000000 0.000001 -0.000000 -0.000000 1.000000 0.000000 0.000000 0.000000 0.000000 1.000000
0.985491 0.169725 0.000000 -0.108367 -0.169725 0.985491 0.000000 0.000000 -0.000000 -0.000000 1.000000 0.000000 0.000000 0.000000 0.000000 1.000000
0.985547 0.169401 0.000000 -0.108367 -0.169401 0.985547 0.000000 0.000001 -0.000000 -0.000000 1.000000 0.000001 0.000000 0.000000 0.000000 1.000000
0.985547 0.169401 0.000000 -0.108367 -0.169401 0.985547 0.000000 0.000002 -0.000000 -0.000000 1.000000 0.000000 0.000000 0.000000 0.000000 1.000000
0.985547 0.169401 0.000000 -0.108367 -0.169401 0.985547 0.000000 0.000001 -0.000000 -0.000000 1.000000 -0.000000 0.000000 0.000000 0.000000 1.000000
0.990675 0.136245 0.000000 -0.108367 -0.136245 0.990675 0.000000 0.000001 -0.000000 -0.000000 1.000000 -0.000001 0.000000 0.000000 0.000000 1.000000
0.996395 0.084829 0.000000 -0.108368 -0.084829 0.996395 0.000000 0.000002 -0.000000 -0.000000 1.000000 0.000000 0.000000 0.000000 0.000000 1.000000
0.997184 0.074992 0.000000 -0.108366 -0.074992 0.997184 0.000000 0.000001 -0.000000 -0.000000 1.000000 0.000000 0.000000 0.000000 0.000000 1.000000
0.997184 0.074993 0.000000 -0.108367 -0.074993 0.997184 0.000000 0.000002 -0.000000 -0.000000 1.000000 0.000000 0.000000 0.000000 0.000000 1.000000
0.996395 0.084829 0.000000 -0.108367 -0.084829 0.996395 0.000000 0.000001 -0.000000 -0.000000 1.000000 0.000001 0.000000 0.000000 0.000000 1.000000
0.990675 0.136245 0.000000 -0.108367 -0.136245 0.990675 0.000000 0.000002 -0.000000 -0.000000 1.000000 -0.000000 0.000000 0.000000 0.000000 1.000000
0.985547 0.169401 0.000000 -0.108367 -0.169401 0.985547 0.000000 0.000002 -0.000000 -0.000000 1.000000 -0.000000 0.000000 0.000000 0.000000 1.000000
0.985547 0.169401 0.000000 -0.108367 -0.169401 0.985547 0.000000 0.000002 -0.000000 -0.000000 1.000000 -0.000000 0.000000 0.000000 0.000000 1.000000
0.985547 0.169401 0.000000 -0.108367 -0.169401 0.985547 0.000000 0.000002 -0.000000 -0.000000 1.000000 -0.000000 0.000000 0.000000 0.000000 1.000000
0.985547 0.169401 0.000000 -0.108367 -0.169401 0.985547 0.000000 0.000002 -0.000000 -0.000000 1.000000 -0.000000 0.000000 0.000000 0.000000 1.000000
0.985548 0.169401 0.000000 -0.108367 -0.169401 0.985547 0.000000 0.000001 -0.000000 -0.000000 1.000000 0.000000 0.000000 0.000000 0.000000 1.000000
0.985547 0.169401 0.000000 -0.108368 -0.169401 0.985547 0.000000 0.000001 -0.000000 -0.000000 1.000000 -0.000000 0.000000 0.000000 0.000000 1.000000
0.985547 0.169401 0.000000 -0.108367 -0.169401 0.985547 0.000000 0.000001 -0.000000 -0.000000 1.000000 0.000000 0.000000 0.000000 0.000000 1.000000
0.985547 0.169401 0.000000 -0.108367 -0.169401 0.985547 0.000000 0.000001 -0.000000 -0.000000 1.000000 0.000000 0.000000 0.000000 0.000000 1.000000
0.985547 0.169401 0.000000 -0.108367 -0.169401 0.985547 0.000000 0.000002 -0.000000 -0.000000 1.000000 0.000000 0.000000 0.000000 0.000000 1.000000
0.985547 0.169401 0.000000 -0.108367 -0.169401 0.985547 0.000000 0.000002 -0.000000 -0.000000 1.000000 -0.000000 0.000000 0.000000 0.000000 1.000000
0.985547 0.169401 0.000000 -0.108367 -0.169401 0.985547 0.000000 0.000001 -0.000000 -0.000000 1.000000 -0.000000 0.000000 0.000000 0.000000 1.000000
0.985547 0.169401 0.000000 -0.108366 -0.169401 0.985547 0.000000 0.000002 -0.000000 -0.000000 1.000000 0.000000 0.000000 0.000000 0.000000 1.000000
0.985547 0.169401 0.000000 -0.108367 -0.169401 0.985547 0.000000 0.000001 -0.000000 -0.000000 1.000000 -0.000000 0.000000 0.000000 0.000000 1.000000
0.985547 0.169401 0.000000 -0.108367 -0.169401 0.985547 0.000000 0.000001 -0.000000 -0.000000 1.000000 -0.000000 0.000000 0.000000 0.000000 1.000000
0.985547 0.169401 0.000000 -0.108367 -0.169401 0.985547 0.000000 0.000001 -0.000000 -0.000000 1.000000 -0.000000 0.000000 0.000000 0.000000 1.000000
0.985547 0.169401 0.000000 -0.108367 -0.169401 0.985547 0.000000 0.000002 -0.000000 -0.000000 1.000000 -0.000000 0.000000 0.000000 0.000000 1.000000</float_array>
     <technique_common>
      <accessor source="#jnt_left_handmiddle3-Matrix-animation-output-transform-array" count="53" stride="16">
       <param type="float4x4"></param>
      </accessor>
     </technique_common>
    </source>
    <source id="jnt_left_handmiddle3-Interpolations">
     <Name_array id="jnt_left_handmiddle3-Interpolations-array" count="53">
 LINEAR LINEAR LINEAR LINEAR LINEAR LINEAR LINEAR LINEAR LINEAR LINEAR LINEAR
LINEAR LINEAR LINEAR LINEAR LINEAR LINEAR LINEAR LINEAR LINEAR LINEAR LINEAR LINEAR
LINEAR LINEAR LINEAR LINEAR LINEAR LINEAR LINEAR LINEAR LINEAR LINEAR LINEAR LINEAR
LINEAR LINEAR LINEAR LINEAR LINEAR LINEAR LINEAR LINEAR LINEAR LINEAR LINEAR LINEAR
LINEAR LINEAR LINEAR LINEAR LINEAR LINEAR</Name_array>
     <technique_common>
      <accessor source="#jnt_left_handmiddle3-Interpolations-array" count="53">
       <param type="name"></param>
      </accessor>
     </technique_common>
    </source>
    <sampler id="jnt_left_handmiddle3-Matrix-animation-transform">
     <input semantic="INPUT" source="#jnt_left_handmiddle3-Matrix-animation-input"></input>
     <input semantic="OUTPUT" source="#jnt_left_handmiddle3-Matrix-animation-output-transform"></input>
     <input semantic="INTERPOLATION" source="#jnt_left_handmiddle3-Interpolations"></input>
    </sampler>
    <channel source="#jnt_left_handmiddle3-Matrix-animation-transform" target="jnt_left_handmiddle3/matrix"></channel>
   </animation>
  </animation>
  <animation id="jnt_left_handmiddle4-anim" name="jnt_left_handmiddle4">
   <animation>
    <source id="jnt_left_handmiddle4-Matrix-animation-input">
     <float_array id="jnt_left_handmiddle4-Matrix-animation-input-array" count="53">

0.000000 0.033333 0.066667 0.100000 0.133333 0.166667 0.200000 0.233333 0.266667 0.300000 0.333333 0.366667 0.400000 0.433333 0.466667 0.500000
0.533333 0.566667 0.600000 0.633333 0.666667 0.700000 0.733333 0.766667 0.800000 0.833333 0.866667 0.900000 0.933333 0.966667 1.000000 1.033333
1.066667 1.100000 1.133333 1.166667 1.200000 1.233333 1.266667 1.300000 1.333333 1.366667 1.400000 1.433333 1.466667 1.500000 1.533333 1.566667
1.600000 1.633333 1.666667 1.700000 1.733333</float_array>
     <technique_common>
      <accessor source="#jnt_left_handmiddle4-Matrix-animation-input-array" count="53">
       <param name="TIME" type="float"></param>
      </accessor>
     </technique_common>
    </source>
    <source id="jnt_left_handmiddle4-Matrix-animation-output-transform">
     <float_array id="jnt_left_handmiddle4-Matrix-animation-output-transform-array" count="848">

1.000000 0.000000 0.000000 -0.119193 -0.000000 1.000000 -0.000000 -0.000106 -0.000000 0.000000 1.000000 0.000005 0.000000 0.000000 0.000000 1.000000
1.000000 -0.000000 -0.000000 -0.119193 0.000000 1.000000 0.000000 -0.000107 0.000000 -0.000000 1.000000 0.000005 0.000000 0.000000 0.000000 1.000000
1.000000 -0.000000 -0.000000 -0.119193 0.000000 1.000000 -0.000000 -0.000107 0.000000 0.000000 1.000000 0.000005 0.000000 0.000000 0.000000 1.000000
1.000000 -0.000000 -0.000000 -0.119193 0.000000 1.000000 -0.000000 -0.000107 0.000000 0.000000 1.000000 0.000005 0.000000 0.000000 0.000000 1.000000
1.000000 -0.000000 -0.000000 -0.119193 0.000000 1.000000 0.000000 -0.000107 0.000000 -0.000000 1.000000 0.000005 0.000000 0.000000 0.000000 1.000000
1.000000 0.000000 -0.000000 -0.119193 -0.000000 1.000000 -0.000000 -0.000106 0.000000 0.000000 1.000000 0.000005 0.000000 0.000000 0.000000 1.000000
1.000000 0.000000 0.000000 -0.119193 -0.000000 1.000000 0.000000 -0.000107 -0.000000 -0.000000 1.000000 0.000005 0.000000 0.000000 0.000000 1.000000
1.000000 0.000000 0.000000 -0.119193 -0.000000 1.000000 0.000000 -0.000107 -0.000000 -0.000000 1.000000 0.000005 0.000000 0.000000 0.000000 1.000000
1.000000 -0.000000 -0.000000 -0.119193 0.000000 1.000000 -0.000000 -0.000107 0.000000 0.000000 1.000000 0.000005 0.000000 0.000000 0.000000 1.000000
1.000000 -0.000000 0.000000 -0.119193 0.000000 1.000000 -0.000000 -0.000107 -0.000000 0.000000 1.000000 0.000005 0.000000 0.000000 0.000000 1.000000
1.000000 0.000000 0.000000 -0.119193 -0.000000 1.000000 -0.000000 -0.000106 -0.000000 0.000000 1.000000 0.000005 0.000000 0.000000 0.000000 1.000000
1.000000 0.000000 0.000000 -0.119193 -0.000000 1.000000 -0.000000 -0.000106 -0.000000 0.000000 1.000000 0.000005 0.000000 0.000000 0.000000 1.000000
1.000000 0.000000 -0.000000 -0.119193 -0.000000 1.000000 -0.000000 -0.000106 0.000000 0.000000 1.000000 0.000005 0.000000 0.000000 0.000000 1.000000
1.000000 0.000000 -0.000000 -0.119193 -0.000000 1.000000 0.000000 -0.000106 0.000000 -0.000000 1.000000 0.000005 0.000000 0.000000 0.000000 1.000000
1.000000 0.000000 0.000000 -0.119193 -0.000000 1.000000 0.000000 -0.000107 -0.000000 -0.000000 1.000000 0.000005 0.000000 0.000000 0.000000 1.000000
1.000000 0.000000 0.000000 -0.119193 -0.000000 1.000000 0.000000 -0.000106 -0.000000 -0.000000 1.000000 0.000005 0.000000 0.000000 0.000000 1.000000
1.000000 0.000000 0.000000 -0.119193 -0.000000 1.000000 -0.000000 -0.000106 -0.000000 0.000000 1.000000 0.000005 0.000000 0.000000 0.000000 1.000000
1.000000 -0.000000 -0.000000 -0.119193 0.000000 1.000000 -0.000000 -0.000107 0.000000 0.000000 1.000000 0.000005 0.000000 0.000000 0.000000 1.000000
1.000000 -0.000000 -0.000000 -0.119193 0.000000 1.000000 -0.000000 -0.000107 0.000000 0.000000 1.000000 0.000005 0.000000 0.000000 0.000000 1.000000
1.000000 -0.000000 -0.000000 -0.119193 0.000000 1.000000 0.000000 -0.000107 0.000000 -0.000000 1.000000 0.000005 0.000000 0.000000 0.000000 1.000000
1.000000 -0.000000 -0.000000 -0.119193 0.000000 1.000000 0.000000 -0.000106 0.000000 -0.000000 1.000000 0.000005 0.000000 0.000000 0.000000 1.000000
1.000000 -0.000000 -0.000000 -0.119193 0.000000 1.000000 0.000000 -0.000107 0.000000 -0.000000 1.000000 0.000005 0.000000 0.000000 0.000000 1.000000
1.000000 -0.000000 -0.000000 -0.119193 0.000000 1.000000 0.000000 -0.000107 0.000000 -0.000000 1.000000 0.000005 0.000000 0.000000 0.000000 1.000000
1.000000 0.000000 -0.000000 -0.119193 -0.000000 1.000000 0.000000 -0.000106 0.000000 -0.000000 1.000000 0.000005 0.000000 0.000000 0.000000 1.000000
1.000000 0.000000 -0.000000 -0.119193 -0.000000 1.000000 -0.000000 -0.000106 0.000000 0.000000 1.000000 0.000005 0.000000 0.000000 0.000000 1.000000
1.000000 0.000000 0.000000 -0.119193 -0.000000 1.000000 0.000000 -0.000106 -0.000000 -0.000000 1.000000 0.000005 0.000000 0.000000 0.000000 1.000000
1.000000 0.000000 0.000000 -0.119193 -0.000000 1.000000 0.000000 -0.000107 -0.000000 -0.000000 1.000000 0.000005 0.000000 0.000000 0.000000 1.000000
1.000000 -0.000000 -0.000000 -0.119193 0.000000 1.000000 -0.000000 -0.000106 0.000000 0.000000 1.000000 0.000005 0.000000 0.000000 0.000000 1.000000
1.000000 -0.000000 -0.000000 -0.119193 0.000000 1.000000 0.000000 -0.000106 0.000000 -0.000000 1.000000 0.000005 0.000000 0.000000 0.000000 1.000000
1.000000 -0.000000 -0.000000 -0.119193 0.000000 1.000000 -0.000000 -0.000106 0.000000 0.000000 1.000000 0.000005 0.000000 0.000000 0.000000 1.000000
1.000000 0.000000 0.000000 -0.119193 -0.000000 1.000000 0.000000 -0.000106 -0.000000 -0.000000 1.000000 0.000005 0.000000 0.000000 0.000000 1.000000
1.000000 0.000000 -0.000000 -0.119193 -0.000000 1.000000 -0.000000 -0.000107 0.000000 0.000000 1.000000 0.000005 0.000000 0.000000 0.000000 1.000000
1.000000 0.000000 -0.000000 -0.119193 -0.000000 1.000000 -0.000000 -0.000106 0.000000 0.000000 1.000000 0.000005 0.000000 0.000000 0.000000 1.000000
1.000000 -0.000000 -0.000000 -0.119193 0.000000 1.000000 0.000000 -0.000106 0.000000 -0.000000 1.000000 0.000005 0.000000 0.000000 0.000000 1.000000
1.000000 0.000000 -0.000000 -0.119193 -0.000000 1.000000 -0.000000 -0.000107 0.000000 0.000000 1.000000 0.000005 0.000000 0.000000 0.000000 1.000000
1.000000 0.000000 0.000000 -0.119193 -0.000000 1.000000 0.000000 -0.000106 -0.000000 -0.000000 1.000000 0.000005 0.000000 0.000000 0.000000 1.000000
1.000000 -0.000000 0.000000 -0.119193 0.000000 1.000000 0.000000 -0.000106 -0.000000 -0.000000 1.000000 0.000005 0.000000 0.000000 0.000000 1.000000
1.000000 0.000000 -0.000000 -0.119193 -0.000000 1.000000 -0.000000 -0.000107 0.000000 0.000000 1.000000 0.000005 0.000000 0.000000 0.000000 1.000000
1.000000 -0.000000 -0.000000 -0.119193 0.000000 1.000000 -0.000000 -0.000106 0.000000 0.000000 1.000000 0.000005 0.000000 0.000000 0.000000 1.000000
1.000000 0.000000 0.000000 -0.119193 -0.000000 1.000000 -0.000000 -0.000107 -0.000000 0.000000 1.000000 0.000005 0.000000 0.000000 0.000000 1.000000
1.000000 -0.000000 0.000000 -0.119193 0.000000 1.000000 -0.000000 -0.000106 -0.000000 0.000000 1.000000 0.000005 0.000000 0.000000 0.000000 1.000000
1.000000 0.000000 -0.000000 -0.119193 -0.000000 1.000000 -0.000000 -0.000107 0.000000 0.000000 1.000000 0.000005 0.000000 0.000000 0.000000 1.000000
1.000000 0.000000 0.000000 -0.119193 -0.000000 1.000000 0.000000 -0.000106 -0.000000 -0.000000 1.000000 0.000005 0.000000 0.000000 0.000000 1.000000
1.000000 0.000000 -0.000000 -0.119193 -0.000000 1.000000 0.000000 -0.000107 0.000000 -0.000000 1.000000 0.000005 0.000000 0.000000 0.000000 1.000000
1.000000 0.000000 -0.000000 -0.119193 -0.000000 1.000000 -0.000000 -0.000107 0.000000 0.000000 1.000000 0.000005 0.000000 0.000000 0.000000 1.000000
1.000000 0.000000 -0.000000 -0.119193 -0.000000 1.000000 -0.000000 -0.000107 0.000000 0.000000 1.000000 0.000005 0.000000 0.000000 0.000000 1.000000
1.000000 -0.000000 -0.000000 -0.119193 0.000000 1.000000 0.000000 -0.000107 0.000000 -0.000000 1.000000 0.000005 0.000000 0.000000 0.000000 1.000000
1.000000 0.000000 -0.000000 -0.119193 -0.000000 1.000000 -0.000000 -0.000107 0.000000 0.000000 1.000000 0.000005 0.000000 0.000000 0.000000 1.000000
1.000000 0.000000 0.000000 -0.119193 -0.000000 1.000000 -0.000000 -0.000107 -0.000000 0.000000 1.000000 0.000005 0.000000 0.000000 0.000000 1.000000
1.000000 0.000000 -0.000000 -0.119193 -0.000000 1.000000 -0.000000 -0.000106 0.000000 0.000000 1.000000 0.000005 0.000000 0.000000 0.000000 1.000000
1.000000 0.000000 0.000000 -0.119193 -0.000000 1.000000 -0.000000 -0.000106 -0.000000 0.000000 1.000000 0.000005 0.000000 0.000000 0.000000 1.000000
1.000000 0.000000 -0.000000 -0.119193 -0.000000 1.000000 0.000000 -0.000106 0.000000 -0.000000 1.000000 0.000005 0.000000 0.000000 0.000000 1.000000
1.000000 -0.000000 -0.000000 -0.119193 0.000000 1.000000 -0.000000 -0.000107 0.000000 0.000000 1.000000 0.000005 0.000000 0.000000 0.000000 1.000000</float_array>
     <technique_common>
      <accessor source="#jnt_left_handmiddle4-Matrix-animation-output-transform-array" count="53" stride="16">
       <param type="float4x4"></param>
      </accessor>
     </technique_common>
    </source>
    <source id="jnt_left_handmiddle4-Interpolations">
     <Name_array id="jnt_left_handmiddle4-Interpolations-array" count="53">
 LINEAR LINEAR LINEAR LINEAR LINEAR LINEAR LINEAR LINEAR LINEAR LINEAR LINEAR
LINEAR LINEAR LINEAR LINEAR LINEAR LINEAR LINEAR LINEAR LINEAR LINEAR LINEAR LINEAR
LINEAR LINEAR LINEAR LINEAR LINEAR LINEAR LINEAR LINEAR LINEAR LINEAR LINEAR LINEAR
LINEAR LINEAR LINEAR LINEAR LINEAR LINEAR LINEAR LINEAR LINEAR LINEAR LINEAR LINEAR
LINEAR LINEAR LINEAR LINEAR LINEAR LINEAR</Name_array>
     <technique_common>
      <accessor source="#jnt_left_handmiddle4-Interpolations-array" count="53">
       <param type="name"></param>
      </accessor>
     </technique_common>
    </source>
    <sampler id="jnt_left_handmiddle4-Matrix-animation-transform">
     <input semantic="INPUT" source="#jnt_left_handmiddle4-Matrix-animation-input"></input>
     <input semantic="OUTPUT" source="#jnt_left_handmiddle4-Matrix-animation-output-transform"></input>
     <input semantic="INTERPOLATION" source="#jnt_left_handmiddle4-Interpolations"></input>
    </sampler>
    <channel source="#jnt_left_handmiddle4-Matrix-animation-transform" target="jnt_left_handmiddle4/matrix"></channel>
   </animation>
  </animation>
  <animation id="jnt_left_handring1-anim" name="jnt_left_handring1">
   <animation>
    <source id="jnt_left_handring1-Matrix-animation-input">
     <float_array id="jnt_left_handring1-Matrix-animation-input-array" count="53">

0.000000 0.033333 0.066667 0.100000 0.133333 0.166667 0.200000 0.233333 0.266667 0.300000 0.333333 0.366667 0.400000 0.433333 0.466667 0.500000
0.533333 0.566667 0.600000 0.633333 0.666667 0.700000 0.733333 0.766667 0.800000 0.833333 0.866667 0.900000 0.933333 0.966667 1.000000 1.033333
1.066667 1.100000 1.133333 1.166667 1.200000 1.233333 1.266667 1.300000 1.333333 1.366667 1.400000 1.433333 1.466667 1.500000 1.533333 1.566667
1.600000 1.633333 1.666667 1.700000 1.733333</float_array>
     <technique_common>
      <accessor source="#jnt_left_handring1-Matrix-animation-input-array" count="53">
       <param name="TIME" type="float"></param>
      </accessor>
     </technique_common>
    </source>
    <source id="jnt_left_handring1-Matrix-animation-output-transform">
     <float_array id="jnt_left_handring1-Matrix-animation-output-transform-array" count="848">

0.605660 0.778632 -0.164038 -0.469964 0.017593 -0.219202 -0.975521 0.076797 -0.795529 0.587948 -0.146460 -0.036647 0.000000 0.000000 0.000000 1.000000
0.605660 0.778632 -0.164038 -0.469963 0.017593 -0.219202 -0.975521 0.076797 -0.795529 0.587948 -0.146460 -0.036648 0.000000 0.000000 0.000000 1.000000
0.605660 0.778632 -0.164038 -0.469963 0.017593 -0.219202 -0.975521 0.076797 -0.795529 0.587948 -0.146460 -0.036647 0.000000 0.000000 0.000000 1.000000
0.605660 0.778632 -0.164038 -0.469963 0.017593 -0.219202 -0.975521 0.076797 -0.795529 0.587948 -0.146460 -0.036647 0.000000 0.000000 0.000000 1.000000
0.605660 0.778632 -0.164038 -0.469964 0.017593 -0.219202 -0.975521 0.076797 -0.795529 0.587948 -0.146460 -0.036647 0.000000 0.000000 0.000000 1.000000
0.605660 0.778632 -0.164038 -0.469963 0.017593 -0.219203 -0.975521 0.076797 -0.795529 0.587948 -0.146461 -0.036648 0.000000 0.000000 0.000000 1.000000
0.605660 0.778632 -0.164038 -0.469963 0.017593 -0.219202 -0.975521 0.076797 -0.795529 0.587948 -0.146460 -0.036647 0.000000 0.000000 0.000000 1.000000
0.605660 0.778632 -0.164038 -0.469963 0.017593 -0.219202 -0.975521 0.076798 -0.795529 0.587948 -0.146460 -0.036647 0.000000 0.000000 0.000000 1.000000
0.625569 0.763428 -0.160753 -0.469963 0.014136 -0.217106 -0.976046 0.076797 -0.780041 0.608311 -0.146606 -0.036647 0.000000 0.000000 0.000000 1.000000
0.665369 0.730576 -0.153440 -0.469964 0.007816 -0.212347 -0.977163 0.076797 -0.746474 0.648974 -0.146999 -0.036647 0.000000 0.000000 0.000000 1.000000
0.697021 0.701864 -0.146798 -0.469963 0.003410 -0.207967 -0.978130 0.076797 -0.717043 0.681277 -0.147350 -0.036647 0.000000 0.000000 0.000000 1.000000
0.697647 0.701310 -0.146465 -0.469963 0.003618 -0.207880 -0.978148 0.076797 -0.716432 0.681872 -0.147565 -0.036647 0.000000 0.000000 0.000000 1.000000
0.668795 0.727865 -0.151412 -0.469963 0.009420 -0.211942 -0.977237 0.076797 -0.743387 0.652145 -0.148602 -0.036647 0.000000 0.000000 0.000000 1.000000
0.628451 0.761717 -0.157596 -0.469964 0.018094 -0.216866 -0.976034 0.076797 -0.777639 0.610538 -0.150072 -0.036646 0.000000 0.000000 0.000000 1.000000
0.597264 0.785487 -0.162127 -0.469963 0.024788 -0.220123 -0.975157 0.076797 -0.801661 0.578408 -0.150942 -0.036647 0.000000 0.000000 0.000000 1.000000
0.592150 0.789049 -0.163587 -0.469963 0.024577 -0.220595 -0.975056 0.076797 -0.805453 0.573359 -0.150018 -0.036647 0.000000 0.000000 0.000000 1.000000
0.592430 0.788679 -0.164355 -0.469963 0.023087 -0.220546 -0.975103 0.076797 -0.805292 0.573885 -0.148866 -0.036647 0.000000 0.000000 0.000000 1.000000
0.593153 0.788009 -0.164961 -0.469962 0.021680 -0.220457 -0.975156 0.076797 -0.804798 0.574840 -0.147849 -0.036647 0.000000 0.000000 0.000000 1.000000
0.594239 0.787092 -0.165424 -0.469964 0.020365 -0.220336 -0.975211 0.076798 -0.804030 0.576140 -0.146962 -0.036646 0.000000 0.000000 0.000000 1.000000
0.595607 0.785988 -0.165761 -0.469963 0.019147 -0.220190 -0.975269 0.076797 -0.803048 0.577703 -0.146196 -0.036648 0.000000 0.000000 0.000000 1.000000
0.597172 0.784750 -0.165990 -0.469964 0.018034 -0.220025 -0.975328 0.076797 -0.801910 0.579445 -0.145545 -0.036647 0.000000 0.000000 0.000000 1.000000
0.598856 0.783437 -0.166128 -0.469963 0.017031 -0.219849 -0.975385 0.076797 -0.800676 0.581286 -0.145001 -0.036648 0.000000 0.000000 0.000000 1.000000
0.600575 0.782106 -0.166192 -0.469964 0.016144 -0.219671 -0.975441 0.076797 -0.799405 0.583142 -0.144556 -0.036647 0.000000 0.000000 0.000000 1.000000
0.602250 0.780816 -0.166198 -0.469963 0.015380 -0.219497 -0.975492 0.076798 -0.798160 0.584934 -0.144201 -0.036647 0.000000 0.000000 0.000000 1.000000
0.603799 0.779626 -0.166163 -0.469963 0.014744 -0.219337 -0.975538 0.076797 -0.797000 0.586579 -0.143930 -0.036647 0.000000 0.000000 0.000000 1.000000
0.605142 0.778596 -0.166106 -0.469963 0.014240 -0.219198 -0.975577 0.076797 -0.795990 0.587997 -0.143733 -0.036647 0.000000 0.000000 0.000000 1.000000
0.606200 0.777786 -0.166043 -0.469963 0.013874 -0.219088 -0.975607 0.076798 -0.795191 0.589109 -0.143602 -0.036646 0.000000 0.000000 0.000000 1.000000
0.606894 0.777256 -0.165992 -0.469963 0.013651 -0.219015 -0.975626 0.076797 -0.794666 0.589836 -0.143529 -0.036647 0.000000 0.000000 0.000000 1.000000
0.607143 0.777066 -0.165972 -0.469963 0.013575 -0.218990 -0.975633 0.076797 -0.794477 0.590095 -0.143507 -0.036647 0.000000 0.000000 0.000000 1.000000
0.607143 0.777066 -0.165972 -0.469963 0.013575 -0.218990 -0.975633 0.076797 -0.794477 0.590095 -0.143507 -0.036647 0.000000 0.000000 0.000000 1.000000
0.607143 0.777066 -0.165972 -0.469964 0.013575 -0.218990 -0.975633 0.076797 -0.794477 0.590095 -0.143507 -0.036647 0.000000 0.000000 0.000000 1.000000
0.641687 0.750201 -0.159490 -0.469963 0.008909 -0.215226 -0.976524 0.076797 -0.766916 0.625201 -0.144791 -0.036647 0.000000 0.000000 0.000000 1.000000
0.692692 0.705875 -0.148049 -0.469963 0.003532 -0.208590 -0.977997 0.076797 -0.721225 0.676928 -0.146982 -0.036647 0.000000 0.000000 0.000000 1.000000
0.702083 0.697039 -0.145658 -0.469963 0.002761 -0.207212 -0.978292 0.076797 -0.712090 0.686440 -0.147405 -0.036647 0.000000 0.000000 0.000000 1.000000
0.702083 0.697039 -0.145658 -0.469963 0.002761 -0.207212 -0.978292 0.076797 -0.712090 0.686440 -0.147405 -0.036648 0.000000 0.000000 0.000000 1.000000
0.692692 0.705875 -0.148049 -0.469963 0.003532 -0.208590 -0.977997 0.076797 -0.721225 0.676928 -0.146982 -0.036647 0.000000 0.000000 0.000000 1.000000
0.641686 0.750201 -0.159490 -0.469963 0.008909 -0.215226 -0.976524 0.076797 -0.766915 0.625201 -0.144791 -0.036647 0.000000 0.000000 0.000000 1.000000
0.607143 0.777066 -0.165972 -0.469962 0.013575 -0.218990 -0.975633 0.076797 -0.794477 0.590095 -0.143507 -0.036647 0.000000 0.000000 0.000000 1.000000
0.607143 0.777066 -0.165972 -0.469963 0.013575 -0.218990 -0.975633 0.076797 -0.794477 0.590095 -0.143507 -0.036647 0.000000 0.000000 0.000000 1.000000
0.607143 0.777066 -0.165972 -0.469963 0.013575 -0.218990 -0.975633 0.076797 -0.794477 0.590095 -0.143507 -0.036647 0.000000 0.000000 0.000000 1.000000
0.607143 0.777066 -0.165972 -0.469963 0.013575 -0.218990 -0.975633 0.076797 -0.794477 0.590095 -0.143507 -0.036647 0.000000 0.000000 0.000000 1.000000
0.607143 0.777066 -0.165972 -0.469963 0.013575 -0.218990 -0.975633 0.076797 -0.794477 0.590095 -0.143507 -0.036648 0.000000 0.000000 0.000000 1.000000
0.607143 0.777066 -0.165972 -0.469963 0.013575 -0.218990 -0.975633 0.076798 -0.794477 0.590095 -0.143507 -0.036647 0.000000 0.000000 0.000000 1.000000
0.607143 0.777066 -0.165972 -0.469963 0.013575 -0.218990 -0.975633 0.076798 -0.794477 0.590095 -0.143507 -0.036647 0.000000 0.000000 0.000000 1.000000
0.607143 0.777066 -0.165972 -0.469963 0.013575 -0.218990 -0.975633 0.076797 -0.794477 0.590095 -0.143507 -0.036647 0.000000 0.000000 0.000000 1.000000
0.607143 0.777066 -0.165971 -0.469963 0.013575 -0.218990 -0.975633 0.076797 -0.794477 0.590095 -0.143507 -0.036647 0.000000 0.000000 0.000000 1.000000
0.607143 0.777066 -0.165972 -0.469963 0.013575 -0.218990 -0.975633 0.076798 -0.794477 0.590095 -0.143507 -0.036647 0.000000 0.000000 0.000000 1.000000
0.607143 0.777066 -0.165972 -0.469963 0.013575 -0.218990 -0.975633 0.076797 -0.794477 0.590095 -0.143507 -0.036647 0.000000 0.000000 0.000000 1.000000
0.607143 0.777066 -0.165972 -0.469963 0.013575 -0.218990 -0.975633 0.076797 -0.794477 0.590095 -0.143507 -0.036647 0.000000 0.000000 0.000000 1.000000
0.607143 0.777066 -0.165972 -0.469963 0.013575 -0.218990 -0.975633 0.076797 -0.794477 0.590095 -0.143507 -0.036647 0.000000 0.000000 0.000000 1.000000
0.607143 0.777066 -0.165972 -0.469963 0.013575 -0.218990 -0.975633 0.076797 -0.794477 0.590095 -0.143507 -0.036648 0.000000 0.000000 0.000000 1.000000
0.607143 0.777066 -0.165972 -0.469963 0.013575 -0.218990 -0.975633 0.076798 -0.794477 0.590096 -0.143507 -0.036647 0.000000 0.000000 0.000000 1.000000
0.607143 0.777066 -0.165972 -0.469964 0.013575 -0.218990 -0.975633 0.076797 -0.794477 0.590095 -0.143507 -0.036646 0.000000 0.000000 0.000000 1.000000</float_array>
     <technique_common>
      <accessor source="#jnt_left_handring1-Matrix-animation-output-transform-array" count="53" stride="16">
       <param type="float4x4"></param>
      </accessor>
     </technique_common>
    </source>
    <source id="jnt_left_handring1-Interpolations">
     <Name_array id="jnt_left_handring1-Interpolations-array" count="53">
 LINEAR LINEAR LINEAR LINEAR LINEAR LINEAR LINEAR LINEAR LINEAR LINEAR LINEAR
LINEAR LINEAR LINEAR LINEAR LINEAR LINEAR LINEAR LINEAR LINEAR LINEAR LINEAR LINEAR
LINEAR LINEAR LINEAR LINEAR LINEAR LINEAR LINEAR LINEAR LINEAR LINEAR LINEAR LINEAR
LINEAR LINEAR LINEAR LINEAR LINEAR LINEAR LINEAR LINEAR LINEAR LINEAR LINEAR LINEAR
LINEAR LINEAR LINEAR LINEAR LINEAR LINEAR</Name_array>
     <technique_common>
      <accessor source="#jnt_left_handring1-Interpolations-array" count="53">
       <param type="name"></param>
      </accessor>
     </technique_common>
    </source>
    <sampler id="jnt_left_handring1-Matrix-animation-transform">
     <input semantic="INPUT" source="#jnt_left_handring1-Matrix-animation-input"></input>
     <input semantic="OUTPUT" source="#jnt_left_handring1-Matrix-animation-output-transform"></input>
     <input semantic="INTERPOLATION" source="#jnt_left_handring1-Interpolations"></input>
    </sampler>
    <channel source="#jnt_left_handring1-Matrix-animation-transform" target="jnt_left_handring1/matrix"></channel>
   </animation>
  </animation>
  <animation id="jnt_left_handring2-anim" name="jnt_left_handring2">
   <animation>
    <source id="jnt_left_handring2-Matrix-animation-input">
     <float_array id="jnt_left_handring2-Matrix-animation-input-array" count="53">

0.000000 0.033333 0.066667 0.100000 0.133333 0.166667 0.200000 0.233333 0.266667 0.300000 0.333333 0.366667 0.400000 0.433333 0.466667 0.500000
0.533333 0.566667 0.600000 0.633333 0.666667 0.700000 0.733333 0.766667 0.800000 0.833333 0.866667 0.900000 0.933333 0.966667 1.000000 1.033333
1.066667 1.100000 1.133333 1.166667 1.200000 1.233333 1.266667 1.300000 1.333333 1.366667 1.400000 1.433333 1.466667 1.500000 1.533333 1.566667
1.600000 1.633333 1.666667 1.700000 1.733333</float_array>
     <technique_common>
      <accessor source="#jnt_left_handring2-Matrix-animation-input-array" count="53">
       <param name="TIME" type="float"></param>
      </accessor>
     </technique_common>
    </source>
    <source id="jnt_left_handring2-Matrix-animation-output-transform">
     <float_array id="jnt_left_handring2-Matrix-animation-output-transform-array" count="848">

0.881477 0.472226 0.000000 -0.184234 -0.472226 0.881477 -0.000001 -0.000002 -0.000001 0.000001 1.000000 -0.000000 0.000000 0.000000 0.000000 1.000000
0.881478 0.472226 0.000000 -0.184233 -0.472226 0.881478 -0.000001 -0.000001 -0.000001 0.000001 1.000000 -0.000000 0.000000 0.000000 0.000000 1.000000
0.881477 0.472226 0.000000 -0.184233 -0.472226 0.881477 -0.000001 -0.000001 -0.000001 0.000001 1.000000 -0.000001 0.000000 0.000000 0.000000 1.000000
0.881477 0.472226 0.000000 -0.184233 -0.472226 0.881477 -0.000001 -0.000001 -0.000001 0.000001 1.000000 -0.000001 0.000000 0.000000 0.000000 1.000000
0.881478 0.472226 0.000000 -0.184233 -0.472226 0.881478 -0.000001 -0.000001 -0.000001 0.000001 1.000000 -0.000001 0.000000 0.000000 0.000000 1.000000
0.881477 0.472226 0.000000 -0.184233 -0.472226 0.881477 -0.000001 -0.000001 -0.000001 0.000001 1.000000 -0.000000 0.000000 0.000000 0.000000 1.000000
0.881477 0.472226 0.000000 -0.184234 -0.472226 0.881477 -0.000001 -0.000001 -0.000001 0.000001 1.000000 -0.000001 0.000000 0.000000 0.000000 1.000000
0.881477 0.472226 0.000000 -0.184234 -0.472226 0.881477 -0.000001 -0.000001 -0.000001 0.000001 1.000000 -0.000001 0.000000 0.000000 0.000000 1.000000
0.893232 0.449597 0.000000 -0.184234 -0.449597 0.893232 -0.000001 -0.000001 -0.000001 0.000001 1.000000 -0.000001 0.000000 0.000000 0.000000 1.000000
0.915593 0.402106 0.000000 -0.184233 -0.402106 0.915593 -0.000001 -0.000001 -0.000001 0.000001 1.000000 -0.000001 0.000000 0.000000 0.000000 1.000000
0.932193 0.361963 0.000000 -0.184233 -0.361963 0.932192 -0.000001 -0.000001 -0.000001 0.000001 1.000000 -0.000001 0.000000 0.000000 0.000000 1.000000
0.932488 0.361201 0.000000 -0.184233 -0.361201 0.932488 -0.000001 -0.000001 -0.000001 0.000001 1.000000 -0.000001 0.000000 0.000000 0.000000 1.000000
0.917270 0.398266 0.000000 -0.184233 -0.398266 0.917270 -0.000001 -0.000002 -0.000001 0.000001 1.000000 -0.000000 0.000000 0.000000 0.000000 1.000000
0.894495 0.447078 0.000000 -0.184233 -0.447078 0.894495 -0.000001 -0.000001 -0.000001 0.000001 1.000000 -0.000002 0.000000 0.000000 0.000000 1.000000
0.875852 0.482580 0.000000 -0.184234 -0.482580 0.875852 -0.000001 -0.000001 -0.000001 0.000001 1.000000 -0.000001 0.000000 0.000000 0.000000 1.000000
0.872845 0.487998 0.000000 -0.184233 -0.487998 0.872845 -0.000001 -0.000001 -0.000001 0.000001 1.000000 -0.000001 0.000000 0.000000 0.000000 1.000000
0.873159 0.487435 0.000000 -0.184234 -0.487435 0.873159 -0.000001 -0.000002 -0.000001 0.000001 1.000000 -0.000001 0.000000 0.000000 0.000000 1.000000
0.873729 0.486413 0.000000 -0.184233 -0.486413 0.873729 -0.000001 -0.000001 -0.000001 0.000001 1.000000 -0.000001 0.000000 0.000000 0.000000 1.000000
0.874503 0.485019 0.000000 -0.184233 -0.485019 0.874504 -0.000001 -0.000001 -0.000001 0.000001 1.000000 -0.000001 0.000000 0.000000 0.000000 1.000000
0.875433 0.483339 0.000000 -0.184233 -0.483339 0.875433 -0.000001 -0.000001 -0.000001 0.000001 1.000000 -0.000001 0.000000 0.000000 0.000000 1.000000
0.876467 0.481461 0.000000 -0.184233 -0.481461 0.876467 -0.000001 -0.000002 -0.000001 0.000001 1.000000 -0.000000 0.000000 0.000000 0.000000 1.000000
0.877557 0.479472 0.000000 -0.184234 -0.479472 0.877557 -0.000001 -0.000002 -0.000001 0.000001 1.000000 -0.000001 0.000000 0.000000 0.000000 1.000000
0.878653 0.477461 0.000000 -0.184233 -0.477461 0.878653 -0.000001 -0.000002 -0.000001 0.000001 1.000000 -0.000001 0.000000 0.000000 0.000000 1.000000
0.879708 0.475514 0.000000 -0.184233 -0.475514 0.879708 -0.000001 -0.000001 -0.000001 0.000001 1.000000 -0.000000 0.000000 0.000000 0.000000 1.000000
0.880675 0.473722 0.000000 -0.184233 -0.473722 0.880675 -0.000001 -0.000001 -0.000001 0.000001 1.000000 -0.000001 0.000000 0.000000 0.000000 1.000000
0.881506 0.472172 0.000000 -0.184232 -0.472172 0.881507 -0.000001 -0.000001 -0.000001 0.000001 1.000000 -0.000002 0.000000 0.000000 0.000000 1.000000
0.882157 0.470955 0.000000 -0.184233 -0.470955 0.882157 -0.000001 -0.000002 -0.000001 0.000001 1.000000 -0.000001 0.000000 0.000000 0.000000 1.000000
0.882582 0.470159 0.000000 -0.184233 -0.470159 0.882582 -0.000001 -0.000002 -0.000001 0.000001 1.000000 -0.000001 0.000000 0.000000 0.000000 1.000000
0.882733 0.469874 0.000000 -0.184233 -0.469874 0.882733 -0.000001 -0.000001 -0.000001 0.000001 1.000000 -0.000001 0.000000 0.000000 0.000000 1.000000
0.882734 0.469874 0.000000 -0.184233 -0.469874 0.882733 -0.000001 -0.000001 -0.000001 0.000001 1.000000 -0.000002 0.000000 0.000000 0.000000 1.000000
0.882734 0.469874 0.000000 -0.184233 -0.469874 0.882734 -0.000001 -0.000002 -0.000001 0.000001 1.000000 -0.000001 0.000000 0.000000 0.000000 1.000000
0.902706 0.430258 0.000000 -0.184232 -0.430258 0.902706 -0.000001 -0.000001 -0.000001 0.000001 1.000000 -0.000001 0.000000 0.000000 0.000000 1.000000
0.930023 0.367502 0.000000 -0.184234 -0.367502 0.930023 -0.000001 -0.000001 -0.000001 0.000001 1.000000 -0.000001 0.000000 0.000000 0.000000 1.000000
0.934741 0.355329 0.000000 -0.184233 -0.355329 0.934741 -0.000001 -0.000002 -0.000001 0.000001 1.000000 -0.000001 0.000000 0.000000 0.000000 1.000000
0.934741 0.355329 0.000000 -0.184233 -0.355329 0.934742 -0.000001 -0.000002 -0.000001 0.000001 1.000000 -0.000001 0.000000 0.000000 0.000000 1.000000
0.930023 0.367503 0.000000 -0.184233 -0.367502 0.930023 -0.000001 -0.000001 -0.000001 0.000001 1.000000 -0.000002 0.000000 0.000000 0.000000 1.000000
0.902706 0.430258 0.000000 -0.184234 -0.430258 0.902706 -0.000001 -0.000001 -0.000001 0.000001 1.000000 -0.000001 0.000000 0.000000 0.000000 1.000000
0.882733 0.469874 0.000000 -0.184233 -0.469874 0.882733 -0.000001 -0.000001 -0.000001 0.000001 1.000000 -0.000001 0.000000 0.000000 0.000000 1.000000
0.882733 0.469874 0.000000 -0.184232 -0.469874 0.882733 -0.000001 -0.000001 -0.000001 0.000001 1.000000 -0.000001 0.000000 0.000000 0.000000 1.000000
0.882733 0.469874 0.000000 -0.184233 -0.469874 0.882733 -0.000001 -0.000001 -0.000001 0.000001 1.000000 -0.000001 0.000000 0.000000 0.000000 1.000000
0.882734 0.469874 0.000000 -0.184233 -0.469874 0.882734 -0.000001 -0.000002 -0.000001 0.000001 1.000000 -0.000001 0.000000 0.000000 0.000000 1.000000
0.882734 0.469874 0.000000 -0.184233 -0.469874 0.882733 -0.000001 -0.000002 -0.000001 0.000001 1.000000 -0.000001 0.000000 0.000000 0.000000 1.000000
0.882734 0.469874 0.000000 -0.184233 -0.469874 0.882734 -0.000001 -0.000002 -0.000001 0.000001 1.000000 -0.000001 0.000000 0.000000 0.000000 1.000000
0.882734 0.469874 0.000000 -0.184233 -0.469874 0.882733 -0.000001 -0.000002 -0.000001 0.000001 1.000000 -0.000000 0.000000 0.000000 0.000000 1.000000
0.882733 0.469874 0.000000 -0.184233 -0.469874 0.882733 -0.000001 -0.000001 -0.000001 0.000001 1.000000 -0.000001 0.000000 0.000000 0.000000 1.000000
0.882733 0.469874 0.000000 -0.184232 -0.469874 0.882734 -0.000001 -0.000002 -0.000001 0.000001 1.000000 -0.000001 0.000000 0.000000 0.000000 1.000000
0.882733 0.469874 0.000000 -0.184233 -0.469874 0.882734 -0.000001 -0.000001 -0.000001 0.000001 1.000000 -0.000001 0.000000 0.000000 0.000000 1.000000
0.882733 0.469874 0.000000 -0.184232 -0.469874 0.882733 -0.000001 -0.000002 -0.000001 0.000001 1.000000 -0.000001 0.000000 0.000000 0.000000 1.000000
0.882734 0.469874 0.000000 -0.184232 -0.469874 0.882734 -0.000001 -0.000002 -0.000001 0.000001 1.000000 -0.000001 0.000000 0.000000 0.000000 1.000000
0.882734 0.469874 0.000000 -0.184234 -0.469874 0.882734 -0.000001 -0.000001 -0.000001 0.000001 1.000000 -0.000001 0.000000 0.000000 0.000000 1.000000
0.882733 0.469874 0.000000 -0.184233 -0.469874 0.882733 -0.000001 -0.000002 -0.000001 0.000001 1.000000 -0.000001 0.000000 0.000000 0.000000 1.000000
0.882734 0.469874 0.000000 -0.184234 -0.469874 0.882733 -0.000001 -0.000001 -0.000001 0.000001 1.000000 -0.000001 0.000000 0.000000 0.000000 1.000000
0.882734 0.469874 0.000000 -0.184232 -0.469874 0.882734 -0.000001 -0.000002 -0.000001 0.000001 1.000000 -0.000002 0.000000 0.000000 0.000000 1.000000</float_array>
     <technique_common>
      <accessor source="#jnt_left_handring2-Matrix-animation-output-transform-array" count="53" stride="16">
       <param type="float4x4"></param>
      </accessor>
     </technique_common>
    </source>
    <source id="jnt_left_handring2-Interpolations">
     <Name_array id="jnt_left_handring2-Interpolations-array" count="53">
 LINEAR LINEAR LINEAR LINEAR LINEAR LINEAR LINEAR LINEAR LINEAR LINEAR LINEAR
LINEAR LINEAR LINEAR LINEAR LINEAR LINEAR LINEAR LINEAR LINEAR LINEAR LINEAR LINEAR
LINEAR LINEAR LINEAR LINEAR LINEAR LINEAR LINEAR LINEAR LINEAR LINEAR LINEAR LINEAR
LINEAR LINEAR LINEAR LINEAR LINEAR LINEAR LINEAR LINEAR LINEAR LINEAR LINEAR LINEAR
LINEAR LINEAR LINEAR LINEAR LINEAR LINEAR</Name_array>
     <technique_common>
      <accessor source="#jnt_left_handring2-Interpolations-array" count="53">
       <param type="name"></param>
      </accessor>
     </technique_common>
    </source>
    <sampler id="jnt_left_handring2-Matrix-animation-transform">
     <input semantic="INPUT" source="#jnt_left_handring2-Matrix-animation-input"></input>
     <input semantic="OUTPUT" source="#jnt_left_handring2-Matrix-animation-output-transform"></input>
     <input semantic="INTERPOLATION" source="#jnt_left_handring2-Interpolations"></input>
    </sampler>
    <channel source="#jnt_left_handring2-Matrix-animation-transform" target="jnt_left_handring2/matrix"></channel>
   </animation>
  </animation>
  <animation id="jnt_left_handring3-anim" name="jnt_left_handring3">
   <animation>
    <source id="jnt_left_handring3-Matrix-animation-input">
     <float_array id="jnt_left_handring3-Matrix-animation-input-array" count="53">

0.000000 0.033333 0.066667 0.100000 0.133333 0.166667 0.200000 0.233333 0.266667 0.300000 0.333333 0.366667 0.400000 0.433333 0.466667 0.500000
0.533333 0.566667 0.600000 0.633333 0.666667 0.700000 0.733333 0.766667 0.800000 0.833333 0.866667 0.900000 0.933333 0.966667 1.000000 1.033333
1.066667 1.100000 1.133333 1.166667 1.200000 1.233333 1.266667 1.300000 1.333333 1.366667 1.400000 1.433333 1.466667 1.500000 1.533333 1.566667
1.600000 1.633333 1.666667 1.700000 1.733333</float_array>
     <technique_common>
      <accessor source="#jnt_left_handring3-Matrix-animation-input-array" count="53">
       <param name="TIME" type="float"></param>
      </accessor>
     </technique_common>
    </source>
    <source id="jnt_left_handring3-Matrix-animation-output-transform">
     <float_array id="jnt_left_handring3-Matrix-animation-output-transform-array" count="848">

0.967950 0.251140 0.000000 -0.103958 -0.251140 0.967951 0.000001 0.000003 0.000000 -0.000001 1.000000 0.000000 0.000000 0.000000 0.000000 1.000000
0.967951 0.251140 0.000000 -0.103958 -0.251140 0.967951 0.000001 0.000004 0.000000 -0.000001 1.000000 0.000000 0.000000 0.000000 0.000000 1.000000
0.967951 0.251140 0.000000 -0.103958 -0.251140 0.967951 0.000001 0.000003 0.000000 -0.000001 1.000000 -0.000000 0.000000 0.000000 0.000000 1.000000
0.967951 0.251140 0.000000 -0.103957 -0.251140 0.967951 0.000001 0.000003 0.000000 -0.000001 1.000000 -0.000000 0.000000 0.000000 0.000000 1.000000
0.967951 0.251140 0.000000 -0.103958 -0.251140 0.967951 0.000001 0.000004 0.000000 -0.000001 1.000000 -0.000000 0.000000 0.000000 0.000000 1.000000
0.967951 0.251140 0.000000 -0.103958 -0.251140 0.967951 0.000001 0.000003 0.000000 -0.000001 1.000000 -0.000000 0.000000 0.000000 0.000000 1.000000
0.967951 0.251140 0.000000 -0.103958 -0.251140 0.967951 0.000001 0.000002 0.000000 -0.000001 1.000000 -0.000000 0.000000 0.000000 0.000000 1.000000
0.967951 0.251140 0.000000 -0.103958 -0.251140 0.967951 0.000001 0.000002 0.000000 -0.000001 1.000000 0.000000 0.000000 0.000000 0.000000 1.000000
0.974039 0.226378 -0.000000 -0.103957 -0.226378 0.974040 0.000001 0.000001 0.000000 -0.000001 1.000000 -0.000000 0.000000 0.000000 0.000000 1.000000
0.984576 0.174955 0.000000 -0.103958 -0.174955 0.984576 0.000001 0.000004 0.000000 -0.000001 1.000000 0.000000 0.000000 0.000000 0.000000 1.000000
0.991246 0.132030 -0.000000 -0.103959 -0.132030 0.991246 0.000001 0.000002 0.000000 -0.000001 1.000000 0.000000 0.000000 0.000000 0.000000 1.000000
0.991353 0.131220 0.000000 -0.103958 -0.131219 0.991353 0.000001 0.000003 0.000000 -0.000001 1.000000 -0.000000 0.000000 0.000000 0.000000 1.000000
0.985301 0.170827 0.000000 -0.103958 -0.170827 0.985301 0.000001 0.000003 0.000000 -0.000001 1.000000 0.000000 0.000000 0.000000 0.000000 1.000000
0.974674 0.223632 0.000000 -0.103958 -0.223632 0.974674 0.000001 0.000003 0.000000 -0.000001 1.000000 -0.000000 0.000000 0.000000 0.000000 1.000000
0.964924 0.262529 0.000000 -0.103958 -0.262529 0.964924 0.000001 0.000003 0.000000 -0.000001 1.000000 -0.000000 0.000000 0.000000 0.000000 1.000000
0.963279 0.268502 0.000000 -0.103958 -0.268502 0.963279 0.000001 0.000003 0.000000 -0.000001 1.000000 0.000001 0.000000 0.000000 0.000000 1.000000
0.963452 0.267881 -0.000000 -0.103958 -0.267881 0.963452 0.000001 0.000003 0.000000 -0.000001 1.000000 -0.000000 0.000000 0.000000 0.000000 1.000000
0.963765 0.266754 0.000000 -0.103958 -0.266754 0.963765 0.000001 0.000003 0.000000 -0.000001 1.000000 -0.000000 0.000000 0.000000 0.000000 1.000000
0.964189 0.265216 0.000000 -0.103957 -0.265216 0.964189 0.000001 0.000003 0.000000 -0.000001 1.000000 -0.000000 0.000000 0.000000 0.000000 1.000000
0.964696 0.263365 0.000000 -0.103958 -0.263365 0.964697 0.000001 0.000003 0.000000 -0.000001 1.000000 -0.000000 0.000000 0.000000 0.000000 1.000000
0.965259 0.261296 0.000000 -0.103959 -0.261296 0.965259 0.000001 0.000003 0.000000 -0.000001 1.000000 0.000000 0.000000 0.000000 0.000000 1.000000
0.965849 0.259106 0.000000 -0.103958 -0.259106 0.965849 0.000001 0.000003 0.000000 -0.000001 1.000000 -0.000000 0.000000 0.000000 0.000000 1.000000
0.966440 0.256893 0.000000 -0.103959 -0.256893 0.966440 0.000001 0.000002 0.000000 -0.000001 1.000000 -0.000001 0.000000 0.000000 0.000000 1.000000
0.967006 0.254753 0.000000 -0.103958 -0.254753 0.967006 0.000001 0.000003 0.000000 -0.000001 1.000000 -0.000000 0.000000 0.000000 0.000000 1.000000
0.967523 0.252783 0.000000 -0.103958 -0.252783 0.967523 0.000001 0.000003 0.000000 -0.000001 1.000000 -0.000000 0.000000 0.000000 0.000000 1.000000
0.967966 0.251081 0.000000 -0.103957 -0.251081 0.967966 0.000001 0.000003 0.000000 -0.000001 1.000000 -0.000000 0.000000 0.000000 0.000000 1.000000
0.968312 0.249744 -0.000000 -0.103958 -0.249744 0.968312 0.000001 0.000003 0.000000 -0.000001 1.000000 -0.000000 0.000000 0.000000 0.000000 1.000000
0.968537 0.248871 0.000000 -0.103958 -0.248871 0.968537 0.000001 0.000002 0.000000 -0.000001 1.000000 -0.000001 0.000000 0.000000 0.000000 1.000000
0.968617 0.248558 0.000000 -0.103958 -0.248558 0.968617 0.000001 0.000003 0.000000 -0.000001 1.000000 -0.000000 0.000000 0.000000 0.000000 1.000000
0.968617 0.248558 0.000000 -0.103958 -0.248558 0.968617 0.000001 0.000002 0.000000 -0.000001 1.000000 0.000000 0.000000 0.000000 0.000000 1.000000
0.968617 0.248558 0.000000 -0.103959 -0.248558 0.968617 0.000001 0.000003 0.000000 -0.000001 1.000000 -0.000000 0.000000 0.000000 0.000000 1.000000
0.978688 0.205351 0.000000 -0.103959 -0.205351 0.978689 0.000001 0.000002 0.000000 -0.000001 1.000000 -0.000000 0.000000 0.000000 0.000000 1.000000
0.990443 0.137924 0.000000 -0.103958 -0.137924 0.990443 0.000001 0.000002 0.000000 -0.000001 1.000000 0.000000 0.000000 0.000000 0.000000 1.000000
0.992159 0.124982 0.000000 -0.103958 -0.124982 0.992159 0.000001 0.000003 0.000000 -0.000001 1.000000 -0.000000 0.000000 0.000000 0.000000 1.000000
0.992159 0.124982 0.000000 -0.103958 -0.124982 0.992159 0.000001 0.000002 0.000000 -0.000001 1.000000 0.000000 0.000000 0.000000 0.000000 1.000000
0.990443 0.137924 0.000000 -0.103958 -0.137924 0.990443 0.000001 0.000002 0.000000 -0.000001 1.000000 0.000001 0.000000 0.000000 0.000000 1.000000
0.978688 0.205351 -0.000000 -0.103958 -0.205351 0.978688 0.000001 0.000002 0.000000 -0.000001 1.000000 -0.000000 0.000000 0.000000 0.000000 1.000000
0.968617 0.248558 0.000000 -0.103957 -0.248558 0.968617 0.000001 0.000003 0.000000 -0.000001 1.000000 -0.000000 0.000000 0.000000 0.000000 1.000000
0.968617 0.248558 -0.000000 -0.103957 -0.248558 0.968617 0.000001 0.000002 0.000000 -0.000001 1.000000 -0.000000 0.000000 0.000000 0.000000 1.000000
0.968617 0.248558 0.000000 -0.103959 -0.248558 0.968617 0.000001 0.000002 0.000000 -0.000001 1.000000 0.000001 0.000000 0.000000 0.000000 1.000000
0.968617 0.248558 0.000000 -0.103959 -0.248558 0.968617 0.000001 0.000003 0.000000 -0.000001 1.000000 -0.000000 0.000000 0.000000 0.000000 1.000000
0.968617 0.248558 0.000000 -0.103958 -0.248558 0.968617 0.000001 0.000003 0.000000 -0.000001 1.000000 -0.000000 0.000000 0.000000 0.000000 1.000000
0.968617 0.248558 0.000000 -0.103958 -0.248558 0.968617 0.000001 0.000003 0.000000 -0.000001 1.000000 0.000000 0.000000 0.000000 0.000000 1.000000
0.968617 0.248558 0.000000 -0.103958 -0.248558 0.968617 0.000001 0.000003 0.000000 -0.000001 1.000000 -0.000000 0.000000 0.000000 0.000000 1.000000
0.968617 0.248558 0.000000 -0.103958 -0.248558 0.968617 0.000001 0.000003 0.000000 -0.000001 1.000000 -0.000000 0.000000 0.000000 0.000000 1.000000
0.968617 0.248558 0.000000 -0.103957 -0.248558 0.968617 0.000001 0.000003 0.000000 -0.000001 1.000000 0.000000 0.000000 0.000000 0.000000 1.000000
0.968617 0.248558 0.000000 -0.103958 -0.248558 0.968617 0.000001 0.000002 0.000000 -0.000001 1.000000 -0.000000 0.000000 0.000000 0.000000 1.000000
0.968617 0.248558 0.000000 -0.103958 -0.248558 0.968617 0.000001 0.000003 0.000000 -0.000001 1.000000 0.000000 0.000000 0.000000 0.000000 1.000000
0.968617 0.248558 0.000000 -0.103958 -0.248558 0.968617 0.000001 0.000003 0.000000 -0.000001 1.000000 -0.000000 0.000000 0.000000 0.000000 1.000000
0.968617 0.248558 0.000000 -0.103958 -0.248558 0.968617 0.000001 0.000002 0.000000 -0.000001 1.000000 -0.000000 0.000000 0.000000 0.000000 1.000000
0.968617 0.248558 0.000000 -0.103958 -0.248558 0.968617 0.000001 0.000003 0.000000 -0.000001 1.000000 0.000000 0.000000 0.000000 0.000000 1.000000
0.968617 0.248558 0.000000 -0.103958 -0.248558 0.968617 0.000001 0.000003 0.000000 -0.000001 1.000000 0.000000 0.000000 0.000000 0.000000 1.000000
0.968617 0.248558 0.000000 -0.103958 -0.248558 0.968617 0.000001 0.000003 0.000000 -0.000001 1.000000 0.000001 0.000000 0.000000 0.000000 1.000000</float_array>
     <technique_common>
      <accessor source="#jnt_left_handring3-Matrix-animation-output-transform-array" count="53" stride="16">
       <param type="float4x4"></param>
      </accessor>
     </technique_common>
    </source>
    <source id="jnt_left_handring3-Interpolations">
     <Name_array id="jnt_left_handring3-Interpolations-array" count="53">
 LINEAR LINEAR LINEAR LINEAR LINEAR LINEAR LINEAR LINEAR LINEAR LINEAR LINEAR
LINEAR LINEAR LINEAR LINEAR LINEAR LINEAR LINEAR LINEAR LINEAR LINEAR LINEAR LINEAR
LINEAR LINEAR LINEAR LINEAR LINEAR LINEAR LINEAR LINEAR LINEAR LINEAR LINEAR LINEAR
LINEAR LINEAR LINEAR LINEAR LINEAR LINEAR LINEAR LINEAR LINEAR LINEAR LINEAR LINEAR
LINEAR LINEAR LINEAR LINEAR LINEAR LINEAR</Name_array>
     <technique_common>
      <accessor source="#jnt_left_handring3-Interpolations-array" count="53">
       <param type="name"></param>
      </accessor>
     </technique_common>
    </source>
    <sampler id="jnt_left_handring3-Matrix-animation-transform">
     <input semantic="INPUT" source="#jnt_left_handring3-Matrix-animation-input"></input>
     <input semantic="OUTPUT" source="#jnt_left_handring3-Matrix-animation-output-transform"></input>
     <input semantic="INTERPOLATION" source="#jnt_left_handring3-Interpolations"></input>
    </sampler>
    <channel source="#jnt_left_handring3-Matrix-animation-transform" target="jnt_left_handring3/matrix"></channel>
   </animation>
  </animation>
  <animation id="jnt_left_handring4-anim" name="jnt_left_handring4">
   <animation>
    <source id="jnt_left_handring4-Matrix-animation-input">
     <float_array id="jnt_left_handring4-Matrix-animation-input-array" count="53">

0.000000 0.033333 0.066667 0.100000 0.133333 0.166667 0.200000 0.233333 0.266667 0.300000 0.333333 0.366667 0.400000 0.433333 0.466667 0.500000
0.533333 0.566667 0.600000 0.633333 0.666667 0.700000 0.733333 0.766667 0.800000 0.833333 0.866667 0.900000 0.933333 0.966667 1.000000 1.033333
1.066667 1.100000 1.133333 1.166667 1.200000 1.233333 1.266667 1.300000 1.333333 1.366667 1.400000 1.433333 1.466667 1.500000 1.533333 1.566667
1.600000 1.633333 1.666667 1.700000 1.733333</float_array>
     <technique_common>
      <accessor source="#jnt_left_handring4-Matrix-animation-input-array" count="53">
       <param name="TIME" type="float"></param>
      </accessor>
     </technique_common>
    </source>
    <source id="jnt_left_handring4-Matrix-animation-output-transform">
     <float_array id="jnt_left_handring4-Matrix-animation-output-transform-array" count="848">

1.000000 0.000000 -0.000000 -0.120246 -0.000000 1.000000 -0.000000 -0.000105 0.000000 0.000000 1.000000 0.000017 0.000000 0.000000 0.000000 1.000000
1.000000 0.000000 -0.000000 -0.120246 -0.000000 1.000000 0.000000 -0.000105 0.000000 -0.000000 1.000000 0.000017 0.000000 0.000000 0.000000 1.000000
1.000000 0.000000 -0.000000 -0.120246 -0.000000 1.000000 -0.000000 -0.000105 0.000000 0.000000 1.000000 0.000017 0.000000 0.000000 0.000000 1.000000
1.000000 0.000000 -0.000000 -0.120247 -0.000000 1.000000 0.000000 -0.000105 0.000000 -0.000000 1.000000 0.000017 0.000000 0.000000 0.000000 1.000000
1.000000 0.000000 0.000000 -0.120246 -0.000000 1.000000 0.000000 -0.000105 -0.000000 -0.000000 1.000000 0.000017 0.000000 0.000000 0.000000 1.000000
1.000000 0.000000 -0.000000 -0.120246 -0.000000 1.000000 -0.000000 -0.000105 0.000000 0.000000 1.000000 0.000017 0.000000 0.000000 0.000000 1.000000
1.000000 0.000000 0.000000 -0.120246 -0.000000 1.000000 0.000000 -0.000105 -0.000000 -0.000000 1.000000 0.000017 0.000000 0.000000 0.000000 1.000000
1.000000 0.000000 -0.000000 -0.120246 -0.000000 1.000000 -0.000000 -0.000106 0.000000 0.000000 1.000000 0.000017 0.000000 0.000000 0.000000 1.000000
1.000000 0.000000 -0.000000 -0.120246 -0.000000 1.000000 0.000000 -0.000105 0.000000 -0.000000 1.000000 0.000017 0.000000 0.000000 0.000000 1.000000
1.000000 0.000000 -0.000000 -0.120246 -0.000000 1.000000 0.000000 -0.000105 0.000000 -0.000000 1.000000 0.000017 0.000000 0.000000 0.000000 1.000000
1.000000 0.000000 0.000000 -0.120246 -0.000000 1.000000 -0.000000 -0.000105 -0.000000 0.000000 1.000000 0.000017 0.000000 0.000000 0.000000 1.000000
1.000000 0.000000 -0.000000 -0.120246 -0.000000 1.000000 0.000000 -0.000105 0.000000 -0.000000 1.000000 0.000017 0.000000 0.000000 0.000000 1.000000
1.000000 0.000000 -0.000000 -0.120246 -0.000000 1.000000 -0.000000 -0.000105 0.000000 0.000000 1.000000 0.000017 0.000000 0.000000 0.000000 1.000000
1.000000 0.000000 0.000000 -0.120246 -0.000000 1.000000 0.000000 -0.000105 -0.000000 -0.000000 1.000000 0.000017 0.000000 0.000000 0.000000 1.000000
1.000000 0.000000 -0.000000 -0.120246 -0.000000 1.000000 -0.000000 -0.000105 0.000000 0.000000 1.000000 0.000017 0.000000 0.000000 0.000000 1.000000
1.000000 0.000000 -0.000000 -0.120246 -0.000000 1.000000 0.000000 -0.000105 0.000000 -0.000000 1.000000 0.000017 0.000000 0.000000 0.000000 1.000000
1.000000 0.000000 -0.000000 -0.120246 -0.000000 1.000000 0.000000 -0.000105 0.000000 -0.000000 1.000000 0.000017 0.000000 0.000000 0.000000 1.000000
1.000000 0.000000 -0.000000 -0.120246 -0.000000 1.000000 0.000000 -0.000105 0.000000 -0.000000 1.000000 0.000017 0.000000 0.000000 0.000000 1.000000
1.000000 0.000000 -0.000000 -0.120246 -0.000000 1.000000 0.000000 -0.000105 0.000000 -0.000000 1.000000 0.000017 0.000000 0.000000 0.000000 1.000000
1.000000 0.000000 0.000000 -0.120246 -0.000000 1.000000 -0.000000 -0.000105 -0.000000 0.000000 1.000000 0.000017 0.000000 0.000000 0.000000 1.000000
1.000000 0.000000 -0.000000 -0.120246 -0.000000 1.000000 0.000000 -0.000105 0.000000 -0.000000 1.000000 0.000017 0.000000 0.000000 0.000000 1.000000
1.000000 0.000000 -0.000000 -0.120246 -0.000000 1.000000 -0.000000 -0.000105 0.000000 0.000000 1.000000 0.000017 0.000000 0.000000 0.000000 1.000000
1.000000 0.000000 0.000000 -0.120246 -0.000000 1.000000 -0.000000 -0.000105 -0.000000 0.000000 1.000000 0.000017 0.000000 0.000000 0.000000 1.000000
1.000000 0.000000 -0.000000 -0.120246 -0.000000 1.000000 0.000000 -0.000105 0.000000 -0.000000 1.000000 0.000017 0.000000 0.000000 0.000000 1.000000
1.000000 0.000000 0.000000 -0.120246 -0.000000 1.000000 0.000000 -0.000105 -0.000000 -0.000000 1.000000 0.000017 0.000000 0.000000 0.000000 1.000000
1.000000 0.000000 0.000000 -0.120246 -0.000000 1.000000 0.000000 -0.000105 -0.000000 -0.000000 1.000000 0.000017 0.000000 0.000000 0.000000 1.000000
1.000000 0.000000 0.000000 -0.120246 -0.000000 1.000000 -0.000000 -0.000105 -0.000000 0.000000 1.000000 0.000017 0.000000 0.000000 0.000000 1.000000
1.000000 0.000000 0.000000 -0.120246 -0.000000 1.000000 -0.000000 -0.000105 -0.000000 0.000000 1.000000 0.000017 0.000000 0.000000 0.000000 1.000000
1.000000 0.000000 0.000000 -0.120246 -0.000000 1.000000 0.000000 -0.000105 -0.000000 -0.000000 1.000000 0.000017 0.000000 0.000000 0.000000 1.000000
1.000000 0.000000 0.000000 -0.120246 -0.000000 1.000000 0.000000 -0.000105 -0.000000 -0.000000 1.000000 0.000017 0.000000 0.000000 0.000000 1.000000
1.000000 0.000000 0.000000 -0.120246 -0.000000 1.000000 0.000000 -0.000105 -0.000000 -0.000000 1.000000 0.000017 0.000000 0.000000 0.000000 1.000000
1.000000 0.000000 -0.000000 -0.120246 -0.000000 1.000000 0.000000 -0.000105 0.000000 -0.000000 1.000000 0.000017 0.000000 0.000000 0.000000 1.000000
1.000000 0.000000 -0.000000 -0.120246 -0.000000 1.000000 -0.000000 -0.000105 0.000000 0.000000 1.000000 0.000017 0.000000 0.000000 0.000000 1.000000
1.000000 0.000000 -0.000000 -0.120246 -0.000000 1.000000 -0.000000 -0.000105 0.000000 0.000000 1.000000 0.000017 0.000000 0.000000 0.000000 1.000000
1.000000 0.000000 -0.000000 -0.120246 -0.000000 1.000000 0.000000 -0.000105 0.000000 -0.000000 1.000000 0.000017 0.000000 0.000000 0.000000 1.000000
1.000000 0.000000 -0.000000 -0.120246 -0.000000 1.000000 -0.000000 -0.000105 0.000000 0.000000 1.000000 0.000017 0.000000 0.000000 0.000000 1.000000
1.000000 0.000000 -0.000000 -0.120246 -0.000000 1.000000 0.000000 -0.000105 0.000000 -0.000000 1.000000 0.000017 0.000000 0.000000 0.000000 1.000000
1.000000 0.000000 0.000000 -0.120246 -0.000000 1.000000 -0.000000 -0.000106 -0.000000 0.000000 1.000000 0.000017 0.000000 0.000000 0.000000 1.000000
1.000000 0.000000 -0.000000 -0.120246 -0.000000 1.000000 -0.000000 -0.000105 0.000000 0.000000 1.000000 0.000017 0.000000 0.000000 0.000000 1.000000
1.000000 0.000000 -0.000000 -0.120246 -0.000000 1.000000 0.000000 -0.000105 0.000000 -0.000000 1.000000 0.000017 0.000000 0.000000 0.000000 1.000000
1.000000 0.000000 -0.000000 -0.120246 -0.000000 1.000000 -0.000000 -0.000105 -0.000000 0.000000 1.000000 0.000017 0.000000 0.000000 0.000000 1.000000
1.000000 0.000000 -0.000000 -0.120246 -0.000000 1.000000 -0.000000 -0.000105 0.000000 0.000000 1.000000 0.000017 0.000000 0.000000 0.000000 1.000000
1.000000 0.000000 -0.000000 -0.120246 -0.000000 1.000000 0.000000 -0.000105 0.000000 -0.000000 1.000000 0.000017 0.000000 0.000000 0.000000 1.000000
1.000000 0.000000 0.000000 -0.120246 -0.000000 1.000000 -0.000000 -0.000105 -0.000000 0.000000 1.000000 0.000017 0.000000 0.000000 0.000000 1.000000
1.000000 0.000000 0.000000 -0.120246 -0.000000 1.000000 -0.000000 -0.000105 -0.000000 0.000000 1.000000 0.000017 0.000000 0.000000 0.000000 1.000000
1.000000 0.000000 -0.000000 -0.120246 -0.000000 1.000000 0.000000 -0.000105 0.000000 -0.000000 1.000000 0.000017 0.000000 0.000000 0.000000 1.000000
1.000000 0.000000 -0.000000 -0.120246 -0.000000 1.000000 -0.000000 -0.000105 0.000000 0.000000 1.000000 0.000017 0.000000 0.000000 0.000000 1.000000
1.000000 0.000000 0.000000 -0.120246 -0.000000 1.000000 -0.000000 -0.000105 -0.000000 0.000000 1.000000 0.000017 0.000000 0.000000 0.000000 1.000000
1.000000 0.000000 -0.000000 -0.120246 -0.000000 1.000000 0.000000 -0.000105 0.000000 -0.000000 1.000000 0.000017 0.000000 0.000000 0.000000 1.000000
1.000000 0.000000 0.000000 -0.120246 -0.000000 1.000000 -0.000000 -0.000105 -0.000000 0.000000 1.000000 0.000017 0.000000 0.000000 0.000000 1.000000
1.000000 0.000000 -0.000000 -0.120246 -0.000000 1.000000 0.000000 -0.000105 0.000000 -0.000000 1.000000 0.000017 0.000000 0.000000 0.000000 1.000000
1.000000 0.000000 0.000000 -0.120246 -0.000000 1.000000 -0.000000 -0.000105 -0.000000 0.000000 1.000000 0.000017 0.000000 0.000000 0.000000 1.000000
1.000000 0.000000 -0.000000 -0.120246 -0.000000 1.000000 0.000000 -0.000105 0.000000 -0.000000 1.000000 0.000017 0.000000 0.000000 0.000000 1.000000</float_array>
     <technique_common>
      <accessor source="#jnt_left_handring4-Matrix-animation-output-transform-array" count="53" stride="16">
       <param type="float4x4"></param>
      </accessor>
     </technique_common>
    </source>
    <source id="jnt_left_handring4-Interpolations">
     <Name_array id="jnt_left_handring4-Interpolations-array" count="53">
 LINEAR LINEAR LINEAR LINEAR LINEAR LINEAR LINEAR LINEAR LINEAR LINEAR LINEAR
LINEAR LINEAR LINEAR LINEAR LINEAR LINEAR LINEAR LINEAR LINEAR LINEAR LINEAR LINEAR
LINEAR LINEAR LINEAR LINEAR LINEAR LINEAR LINEAR LINEAR LINEAR LINEAR LINEAR LINEAR
LINEAR LINEAR LINEAR LINEAR LINEAR LINEAR LINEAR LINEAR LINEAR LINEAR LINEAR LINEAR
LINEAR LINEAR LINEAR LINEAR LINEAR LINEAR</Name_array>
     <technique_common>
      <accessor source="#jnt_left_handring4-Interpolations-array" count="53">
       <param type="name"></param>
      </accessor>
     </technique_common>
    </source>
    <sampler id="jnt_left_handring4-Matrix-animation-transform">
     <input semantic="INPUT" source="#jnt_left_handring4-Matrix-animation-input"></input>
     <input semantic="OUTPUT" source="#jnt_left_handring4-Matrix-animation-output-transform"></input>
     <input semantic="INTERPOLATION" source="#jnt_left_handring4-Interpolations"></input>
    </sampler>
    <channel source="#jnt_left_handring4-Matrix-animation-transform" target="jnt_left_handring4/matrix"></channel>
   </animation>
  </animation>
  <animation id="jnt_left_handpinky1-anim" name="jnt_left_handpinky1">
   <animation>
    <source id="jnt_left_handpinky1-Matrix-animation-input">
     <float_array id="jnt_left_handpinky1-Matrix-animation-input-array" count="53">

0.000000 0.033333 0.066667 0.100000 0.133333 0.166667 0.200000 0.233333 0.266667 0.300000 0.333333 0.366667 0.400000 0.433333 0.466667 0.500000
0.533333 0.566667 0.600000 0.633333 0.666667 0.700000 0.733333 0.766667 0.800000 0.833333 0.866667 0.900000 0.933333 0.966667 1.000000 1.033333
1.066667 1.100000 1.133333 1.166667 1.200000 1.233333 1.266667 1.300000 1.333333 1.366667 1.400000 1.433333 1.466667 1.500000 1.533333 1.566667
1.600000 1.633333 1.666667 1.700000 1.733333</float_array>
     <technique_common>
      <accessor source="#jnt_left_handpinky1-Matrix-animation-input-array" count="53">
       <param name="TIME" type="float"></param>
      </accessor>
     </technique_common>
    </source>
    <source id="jnt_left_handpinky1-Matrix-animation-output-transform">
     <float_array id="jnt_left_handpinky1-Matrix-animation-output-transform-array" count="848">

0.536721 0.840265 -0.076715 -0.407612 0.103818 -0.155996 -0.982287 0.208156 -0.837348 0.519250 -0.170960 0.012223 0.000000 0.000000 0.000000 1.000000
0.536721 0.840265 -0.076715 -0.407612 0.103818 -0.155996 -0.982287 0.208155 -0.837348 0.519250 -0.170961 0.012223 0.000000 0.000000 0.000000 1.000000
0.536721 0.840265 -0.076715 -0.407612 0.103818 -0.155996 -0.982287 0.208155 -0.837348 0.519250 -0.170961 0.012223 0.000000 0.000000 0.000000 1.000000
0.536721 0.840265 -0.076715 -0.407612 0.103818 -0.155996 -0.982287 0.208155 -0.837349 0.519249 -0.170961 0.012223 0.000000 0.000000 0.000000 1.000000
0.536721 0.840265 -0.076715 -0.407612 0.103818 -0.155996 -0.982287 0.208155 -0.837348 0.519250 -0.170961 0.012223 0.000000 0.000000 0.000000 1.000000
0.536721 0.840265 -0.076715 -0.407613 0.103818 -0.155996 -0.982287 0.208155 -0.837348 0.519250 -0.170961 0.012223 0.000000 0.000000 0.000000 1.000000
0.536721 0.840265 -0.076715 -0.407612 0.103818 -0.155996 -0.982287 0.208155 -0.837348 0.519250 -0.170961 0.012223 0.000000 0.000000 0.000000 1.000000
0.536721 0.840265 -0.076715 -0.407612 0.103818 -0.155996 -0.982287 0.208156 -0.837348 0.519250 -0.170960 0.012223 0.000000 0.000000 0.000000 1.000000
0.579725 0.811874 -0.069133 -0.407612 0.095796 -0.152169 -0.983701 0.208156 -0.809161 0.563654 -0.165991 0.012223 0.000000 0.000000 0.000000 1.000000
0.663597 0.746114 -0.054344 -0.407613 0.079911 -0.142925 -0.986502 0.208155 -0.743810 0.650297 -0.154467 0.012223 0.000000 0.000000 0.000000 1.000000
0.727424 0.684834 -0.043089 -0.407612 0.067560 -0.133968 -0.988680 0.208155 -0.682854 0.716279 -0.143719 0.012223 0.000000 0.000000 0.000000 1.000000
0.732459 0.679404 -0.043755 -0.407612 0.064436 -0.133162 -0.988997 0.208155 -0.677755 0.721580 -0.141314 0.012223 0.000000 0.000000 0.000000 1.000000
0.699122 0.712652 -0.057935 -0.407613 0.058811 -0.138069 -0.988675 0.208155 -0.712580 0.687797 -0.138439 0.012224 0.000000 0.000000 0.000000 1.000000
0.651599 0.755043 -0.072991 -0.407612 0.056432 -0.144206 -0.987937 0.208155 -0.756461 0.639620 -0.136573 0.012223 0.000000 0.000000 0.000000 1.000000
0.614263 0.784633 -0.083855 -0.407613 0.054758 -0.148395 -0.987411 0.208155 -0.787199 0.601938 -0.134119 0.012223 0.000000 0.000000 0.000000 1.000000
0.607956 0.788980 -0.088879 -0.407613 0.048987 -0.149003 -0.987623 0.208155 -0.792458 0.596077 -0.129237 0.012223 0.000000 0.000000 0.000000 1.000000
0.608414 0.788227 -0.092353 -0.407613 0.042944 -0.148898 -0.987920 0.208156 -0.792456 0.597099 -0.124442 0.012224 0.000000 0.000000 0.000000 1.000000
0.609712 0.786886 -0.095195 -0.407612 0.037640 -0.148711 -0.988164 0.208155 -0.791729 0.598912 -0.120289 0.012222 0.000000 0.000000 0.000000 1.000000
0.611698 0.785063 -0.097475 -0.407613 0.033032 -0.148455 -0.988367 0.208156 -0.790401 0.601363 -0.116742 0.012224 0.000000 0.000000 0.000000 1.000000
0.614222 0.782866 -0.099258 -0.407613 0.029077 -0.148148 -0.988538 0.208155 -0.788598 0.604295 -0.113759 0.012224 0.000000 0.000000 0.000000 1.000000
0.617127 0.780405 -0.100604 -0.407613 0.025732 -0.147802 -0.988682 0.208155 -0.786442 0.607554 -0.111294 0.012223 0.000000 0.000000 0.000000 1.000000
0.620261 0.777791 -0.101573 -0.407612 0.022953 -0.147434 -0.988805 0.208156 -0.784060 0.610986 -0.109300 0.012223 0.000000 0.000000 0.000000 1.000000
0.623468 0.775138 -0.102223 -0.407613 0.020696 -0.147061 -0.988911 0.208155 -0.781575 0.614438 -0.107730 0.012224 0.000000 0.000000 0.000000 1.000000
0.626594 0.772562 -0.102609 -0.407613 0.018915 -0.146696 -0.989001 0.208156 -0.779116 0.617761 -0.106532 0.012223 0.000000 0.000000 0.000000 1.000000
0.629488 0.770181 -0.102790 -0.407613 0.017565 -0.146360 -0.989075 0.208155 -0.776812 0.620806 -0.105660 0.012223 0.000000 0.000000 0.000000 1.000000
0.631999 0.768117 -0.102825 -0.407612 0.016597 -0.146067 -0.989135 0.208156 -0.774791 0.623426 -0.105063 0.012223 0.000000 0.000000 0.000000 1.000000
0.633978 0.766492 -0.102774 -0.407612 0.015965 -0.145837 -0.989180 0.208156 -0.773186 0.625477 -0.104694 0.012223 0.000000 0.000000 0.000000 1.000000
0.635275 0.765427 -0.102697 -0.407613 0.015621 -0.145686 -0.989208 0.208155 -0.772128 0.626814 -0.104507 0.012223 0.000000 0.000000 0.000000 1.000000
0.635741 0.765046 -0.102657 -0.407612 0.015516 -0.145632 -0.989217 0.208156 -0.771747 0.627293 -0.104455 0.012223 0.000000 0.000000 0.000000 1.000000
0.635740 0.765046 -0.102658 -0.407612 0.015516 -0.145632 -0.989217 0.208155 -0.771747 0.627292 -0.104455 0.012223 0.000000 0.000000 0.000000 1.000000
0.635741 0.765046 -0.102657 -0.407612 0.015516 -0.145632 -0.989217 0.208155 -0.771747 0.627293 -0.104455 0.012223 0.000000 0.000000 0.000000 1.000000
0.673888 0.734186 -0.082741 -0.407612 0.032352 -0.141204 -0.989452 0.208155 -0.738125 0.664103 -0.118909 0.012223 0.000000 0.000000 0.000000 1.000000
0.727932 0.684042 -0.046921 -0.407612 0.062028 -0.133851 -0.989058 0.208156 -0.682838 0.717057 -0.139864 0.012223 0.000000 0.000000 0.000000 1.000000
0.737421 0.674168 -0.041326 -0.407612 0.065600 -0.132383 -0.989025 0.208155 -0.672240 0.726618 -0.141847 0.012223 0.000000 0.000000 0.000000 1.000000
0.737421 0.674168 -0.041327 -0.407612 0.065600 -0.132383 -0.989026 0.208155 -0.672240 0.726617 -0.141847 0.012223 0.000000 0.000000 0.000000 1.000000
0.721212 0.691304 -0.044185 -0.407613 0.068774 -0.134927 -0.988466 0.208156 -0.689292 0.709854 -0.144854 0.012223 0.000000 0.000000 0.000000 1.000000
0.629870 0.774357 -0.060291 -0.407612 0.086340 -0.146950 -0.985369 0.208156 -0.771886 0.615449 -0.159418 0.012223 0.000000 0.000000 0.000000 1.000000
0.565747 0.821465 -0.071597 -0.407612 0.098412 -0.153474 -0.983240 0.208156 -0.818685 0.549219 -0.167670 0.012223 0.000000 0.000000 0.000000 1.000000
0.565747 0.821465 -0.071597 -0.407612 0.098412 -0.153474 -0.983240 0.208155 -0.818685 0.549219 -0.167670 0.012223 0.000000 0.000000 0.000000 1.000000
0.565747 0.821465 -0.071597 -0.407612 0.098412 -0.153474 -0.983240 0.208155 -0.818686 0.549219 -0.167670 0.012224 0.000000 0.000000 0.000000 1.000000
0.565747 0.821465 -0.071597 -0.407613 0.098412 -0.153474 -0.983240 0.208155 -0.818685 0.549219 -0.167670 0.012223 0.000000 0.000000 0.000000 1.000000
0.565747 0.821465 -0.071597 -0.407613 0.098412 -0.153474 -0.983240 0.208156 -0.818685 0.549219 -0.167670 0.012224 0.000000 0.000000 0.000000 1.000000
0.565747 0.821465 -0.071597 -0.407612 0.098412 -0.153474 -0.983240 0.208155 -0.818685 0.549219 -0.167670 0.012223 0.000000 0.000000 0.000000 1.000000
0.565747 0.821465 -0.071597 -0.407613 0.098412 -0.153474 -0.983240 0.208156 -0.818685 0.549219 -0.167670 0.012223 0.000000 0.000000 0.000000 1.000000
0.565747 0.821465 -0.071597 -0.407612 0.098412 -0.153474 -0.983240 0.208155 -0.818685 0.549219 -0.167670 0.012224 0.000000 0.000000 0.000000 1.000000
0.565747 0.821465 -0.071597 -0.407611 0.098412 -0.153474 -0.983240 0.208156 -0.818685 0.549219 -0.167670 0.012222 0.000000 0.000000 0.000000 1.000000
0.565747 0.821465 -0.071597 -0.407612 0.098412 -0.153474 -0.983240 0.208156 -0.818685 0.549219 -0.167670 0.012223 0.000000 0.000000 0.000000 1.000000
0.565747 0.821465 -0.071597 -0.407612 0.098412 -0.153474 -0.983240 0.208155 -0.818685 0.549219 -0.167670 0.012223 0.000000 0.000000 0.000000 1.000000
0.565747 0.821465 -0.071597 -0.407612 0.098412 -0.153474 -0.983240 0.208155 -0.818685 0.549219 -0.167670 0.012222 0.000000 0.000000 0.000000 1.000000
0.565747 0.821465 -0.071597 -0.407613 0.098412 -0.153474 -0.983240 0.208155 -0.818685 0.549219 -0.167670 0.012223 0.000000 0.000000 0.000000 1.000000
0.565747 0.821465 -0.071597 -0.407611 0.098412 -0.153474 -0.983240 0.208155 -0.818685 0.549219 -0.167670 0.012223 0.000000 0.000000 0.000000 1.000000
0.565747 0.821465 -0.071597 -0.407612 0.098412 -0.153474 -0.983240 0.208155 -0.818685 0.549219 -0.167670 0.012223 0.000000 0.000000 0.000000 1.000000
0.565747 0.821465 -0.071597 -0.407612 0.098412 -0.153474 -0.983240 0.208155 -0.818685 0.549219 -0.167670 0.012223 0.000000 0.000000 0.000000 1.000000</float_array>
     <technique_common>
      <accessor source="#jnt_left_handpinky1-Matrix-animation-output-transform-array" count="53" stride="16">
       <param type="float4x4"></param>
      </accessor>
     </technique_common>
    </source>
    <source id="jnt_left_handpinky1-Interpolations">
     <Name_array id="jnt_left_handpinky1-Interpolations-array" count="53">
 LINEAR LINEAR LINEAR LINEAR LINEAR LINEAR LINEAR LINEAR LINEAR LINEAR LINEAR
LINEAR LINEAR LINEAR LINEAR LINEAR LINEAR LINEAR LINEAR LINEAR LINEAR LINEAR LINEAR
LINEAR LINEAR LINEAR LINEAR LINEAR LINEAR LINEAR LINEAR LINEAR LINEAR LINEAR LINEAR
LINEAR LINEAR LINEAR LINEAR LINEAR LINEAR LINEAR LINEAR LINEAR LINEAR LINEAR LINEAR
LINEAR LINEAR LINEAR LINEAR LINEAR LINEAR</Name_array>
     <technique_common>
      <accessor source="#jnt_left_handpinky1-Interpolations-array" count="53">
       <param type="name"></param>
      </accessor>
     </technique_common>
    </source>
    <sampler id="jnt_left_handpinky1-Matrix-animation-transform">
     <input semantic="INPUT" source="#jnt_left_handpinky1-Matrix-animation-input"></input>
     <input semantic="OUTPUT" source="#jnt_left_handpinky1-Matrix-animation-output-transform"></input>
     <input semantic="INTERPOLATION" source="#jnt_left_handpinky1-Interpolations"></input>
    </sampler>
    <channel source="#jnt_left_handpinky1-Matrix-animation-transform" target="jnt_left_handpinky1/matrix"></channel>
   </animation>
  </animation>
  <animation id="jnt_left_handpinky2-anim" name="jnt_left_handpinky2">
   <animation>
    <source id="jnt_left_handpinky2-Matrix-animation-input">
     <float_array id="jnt_left_handpinky2-Matrix-animation-input-array" count="53">

0.000000 0.033333 0.066667 0.100000 0.133333 0.166667 0.200000 0.233333 0.266667 0.300000 0.333333 0.366667 0.400000 0.433333 0.466667 0.500000
0.533333 0.566667 0.600000 0.633333 0.666667 0.700000 0.733333 0.766667 0.800000 0.833333 0.866667 0.900000 0.933333 0.966667 1.000000 1.033333
1.066667 1.100000 1.133333 1.166667 1.200000 1.233333 1.266667 1.300000 1.333333 1.366667 1.400000 1.433333 1.466667 1.500000 1.533333 1.566667
1.600000 1.633333 1.666667 1.700000 1.733333</float_array>
     <technique_common>
      <accessor source="#jnt_left_handpinky2-Matrix-animation-input-array" count="53">
       <param name="TIME" type="float"></param>
      </accessor>
     </technique_common>
    </source>
    <source id="jnt_left_handpinky2-Matrix-animation-output-transform">
     <float_array id="jnt_left_handpinky2-Matrix-animation-output-transform-array" count="848">

0.822138 0.569288 0.000001 -0.148503 -0.569288 0.822138 -0.000000 0.000002 -0.000001 -0.000000 1.000000 -0.000001 0.000000 0.000000 0.000000 1.000000
0.822138 0.569288 0.000001 -0.148503 -0.569288 0.822138 -0.000000 0.000001 -0.000001 -0.000000 1.000000 -0.000001 0.000000 0.000000 0.000000 1.000000
0.822138 0.569288 0.000001 -0.148504 -0.569288 0.822138 -0.000000 0.000001 -0.000001 -0.000000 1.000000 -0.000001 0.000000 0.000000 0.000000 1.000000
0.822138 0.569288 0.000001 -0.148503 -0.569288 0.822138 -0.000000 0.000001 -0.000001 -0.000000 1.000000 -0.000001 0.000000 0.000000 0.000000 1.000000
0.822138 0.569288 0.000001 -0.148503 -0.569288 0.822138 -0.000000 0.000002 -0.000001 -0.000000 1.000000 -0.000001 0.000000 0.000000 0.000000 1.000000
0.822138 0.569288 0.000001 -0.148503 -0.569288 0.822138 -0.000000 0.000001 -0.000001 -0.000000 1.000000 -0.000001 0.000000 0.000000 0.000000 1.000000
0.822138 0.569288 0.000001 -0.148503 -0.569288 0.822138 -0.000000 0.000001 -0.000001 -0.000000 1.000000 -0.000000 0.000000 0.000000 0.000000 1.000000
0.822138 0.569288 0.000001 -0.148502 -0.569288 0.822138 -0.000000 0.000002 -0.000001 -0.000000 1.000000 -0.000001 0.000000 0.000000 0.000000 1.000000
0.851063 0.525063 0.000001 -0.148503 -0.525063 0.851063 -0.000000 0.000001 -0.000001 -0.000000 1.000000 -0.000000 0.000000 0.000000 0.000000 1.000000
0.903225 0.429168 0.000001 -0.148503 -0.429168 0.903225 -0.000000 0.000001 -0.000001 -0.000000 1.000000 -0.000001 0.000000 0.000000 0.000000 1.000000
0.938324 0.345758 0.000001 -0.148503 -0.345758 0.938324 -0.000000 0.000001 -0.000001 0.000000 1.000000 -0.000001 0.000000 0.000000 0.000000 1.000000
0.940935 0.338588 0.000001 -0.148503 -0.338588 0.940935 -0.000000 0.000001 -0.000001 -0.000000 1.000000 -0.000001 0.000000 0.000000 0.000000 1.000000
0.923736 0.383029 0.000001 -0.148503 -0.383029 0.923737 -0.000000 0.000001 -0.000001 -0.000000 1.000000 -0.000001 0.000000 0.000000 0.000000 1.000000
0.897138 0.441751 0.000001 -0.148503 -0.441750 0.897138 -0.000000 0.000001 -0.000001 -0.000000 1.000000 -0.000001 0.000000 0.000000 0.000000 1.000000
0.874861 0.484374 0.000001 -0.148502 -0.484374 0.874861 -0.000000 0.000001 -0.000001 -0.000000 1.000000 -0.000001 0.000000 0.000000 0.000000 1.000000
0.871291 0.490767 0.000001 -0.148503 -0.490767 0.871291 -0.000000 0.000001 -0.000001 -0.000000 1.000000 -0.000001 0.000000 0.000000 0.000000 1.000000
0.871915 0.489657 0.000001 -0.148503 -0.489657 0.871915 -0.000000 0.000001 -0.000001 -0.000000 1.000000 -0.000001 0.000000 0.000000 0.000000 1.000000
0.873021 0.487683 0.000001 -0.148503 -0.487683 0.873021 -0.000000 0.000002 -0.000001 -0.000000 1.000000 -0.000001 0.000000 0.000000 0.000000 1.000000
0.874512 0.485004 0.000001 -0.148503 -0.485004 0.874512 -0.000000 0.000001 -0.000001 -0.000000 1.000000 -0.000001 0.000000 0.000000 0.000000 1.000000
0.876289 0.481786 0.000001 -0.148503 -0.481786 0.876289 -0.000000 0.000001 -0.000001 -0.000000 1.000000 -0.000001 0.000000 0.000000 0.000000 1.000000
0.878257 0.478190 0.000001 -0.148504 -0.478190 0.878257 -0.000000 0.000001 -0.000001 -0.000000 1.000000 -0.000001 0.000000 0.000000 0.000000 1.000000
0.880318 0.474383 0.000001 -0.148503 -0.474383 0.880318 -0.000000 0.000001 -0.000001 -0.000000 1.000000 -0.000001 0.000000 0.000000 0.000000 1.000000
0.882383 0.470532 0.000001 -0.148503 -0.470532 0.882383 -0.000000 0.000001 -0.000001 -0.000000 1.000000 -0.000001 0.000000 0.000000 0.000000 1.000000
0.884361 0.466804 0.000001 -0.148504 -0.466804 0.884361 -0.000000 0.000001 -0.000001 -0.000000 1.000000 -0.000001 0.000000 0.000000 0.000000 1.000000
0.886165 0.463369 0.000001 -0.148502 -0.463369 0.886165 -0.000000 0.000001 -0.000001 -0.000000 1.000000 -0.000001 0.000000 0.000000 0.000000 1.000000
0.887712 0.460400 0.000001 -0.148504 -0.460400 0.887712 -0.000000 0.000001 -0.000001 -0.000000 1.000000 -0.000001 0.000000 0.000000 0.000000 1.000000
0.888918 0.458066 0.000001 -0.148503 -0.458066 0.888918 -0.000000 0.000001 -0.000001 -0.000000 1.000000 -0.000001 0.000000 0.000000 0.000000 1.000000
0.889703 0.456540 0.000001 -0.148503 -0.456540 0.889703 -0.000000 0.000002 -0.000001 -0.000000 1.000000 -0.000001 0.000000 0.000000 0.000000 1.000000
0.889983 0.455993 0.000001 -0.148503 -0.455993 0.889983 -0.000000 0.000001 -0.000001 -0.000000 1.000000 -0.000001 0.000000 0.000000 0.000000 1.000000
0.889983 0.455993 0.000001 -0.148503 -0.455993 0.889983 -0.000000 0.000001 -0.000001 -0.000000 1.000000 -0.000001 0.000000 0.000000 0.000000 1.000000
0.889983 0.455994 0.000001 -0.148502 -0.455993 0.889983 -0.000000 0.000001 -0.000001 -0.000000 1.000000 -0.000001 0.000000 0.000000 0.000000 1.000000
0.910938 0.412544 0.000001 -0.148504 -0.412544 0.910938 -0.000000 0.000002 -0.000001 -0.000000 1.000000 -0.000001 0.000000 0.000000 0.000000 1.000000
0.938709 0.344710 0.000001 -0.148503 -0.344710 0.938709 -0.000000 0.000001 -0.000001 0.000000 1.000000 -0.000001 0.000000 0.000000 0.000000 1.000000
0.943384 0.331703 0.000001 -0.148504 -0.331703 0.943384 -0.000000 0.000001 -0.000001 -0.000000 1.000000 -0.000000 0.000000 0.000000 0.000000 1.000000
0.943384 0.331703 0.000001 -0.148503 -0.331703 0.943384 -0.000000 0.000002 -0.000001 0.000000 1.000000 -0.000001 0.000000 0.000000 0.000000 1.000000
0.935114 0.354347 0.000001 -0.148503 -0.354346 0.935114 -0.000000 0.000002 -0.000001 0.000000 1.000000 -0.000001 0.000000 0.000000 0.000000 1.000000
0.882986 0.469400 0.000001 -0.148503 -0.469400 0.882986 -0.000000 0.000001 -0.000001 -0.000000 1.000000 -0.000001 0.000000 0.000000 0.000000 1.000000
0.841809 0.539775 0.000001 -0.148503 -0.539775 0.841809 -0.000000 0.000002 -0.000001 -0.000000 1.000000 -0.000001 0.000000 0.000000 0.000000 1.000000
0.841809 0.539775 0.000001 -0.148503 -0.539775 0.841809 -0.000000 0.000001 -0.000001 -0.000000 1.000000 -0.000001 0.000000 0.000000 0.000000 1.000000
0.841809 0.539775 0.000001 -0.148503 -0.539775 0.841809 -0.000000 0.000001 -0.000001 -0.000000 1.000000 -0.000001 0.000000 0.000000 0.000000 1.000000
0.841809 0.539775 0.000001 -0.148503 -0.539775 0.841809 -0.000000 0.000001 -0.000001 -0.000000 1.000000 -0.000001 0.000000 0.000000 0.000000 1.000000
0.841809 0.539775 0.000001 -0.148504 -0.539775 0.841809 -0.000000 0.000002 -0.000001 -0.000000 1.000000 -0.000001 0.000000 0.000000 0.000000 1.000000
0.841810 0.539775 0.000001 -0.148503 -0.539775 0.841809 -0.000000 0.000001 -0.000001 -0.000000 1.000000 -0.000001 0.000000 0.000000 0.000000 1.000000
0.841809 0.539775 0.000001 -0.148504 -0.539775 0.841809 -0.000000 0.000002 -0.000001 -0.000000 1.000000 -0.000001 0.000000 0.000000 0.000000 1.000000
0.841809 0.539775 0.000001 -0.148503 -0.539775 0.841810 -0.000000 0.000001 -0.000001 -0.000000 1.000000 -0.000001 0.000000 0.000000 0.000000 1.000000
0.841809 0.539775 0.000001 -0.148503 -0.539775 0.841809 -0.000000 0.000001 -0.000001 -0.000000 1.000000 -0.000001 0.000000 0.000000 0.000000 1.000000
0.841809 0.539775 0.000001 -0.148502 -0.539775 0.841809 -0.000000 0.000002 -0.000001 -0.000000 1.000000 -0.000001 0.000000 0.000000 0.000000 1.000000
0.841809 0.539775 0.000001 -0.148502 -0.539775 0.841809 -0.000000 0.000001 -0.000001 -0.000000 1.000000 -0.000001 0.000000 0.000000 0.000000 1.000000
0.841809 0.539775 0.000001 -0.148504 -0.539775 0.841809 -0.000000 0.000001 -0.000001 -0.000000 1.000000 -0.000000 0.000000 0.000000 0.000000 1.000000
0.841809 0.539775 0.000001 -0.148504 -0.539775 0.841809 -0.000000 0.000002 -0.000001 -0.000000 1.000000 -0.000001 0.000000 0.000000 0.000000 1.000000
0.841809 0.539775 0.000001 -0.148504 -0.539775 0.841809 -0.000000 0.000002 -0.000001 -0.000000 1.000000 -0.000001 0.000000 0.000000 0.000000 1.000000
0.841809 0.539775 0.000001 -0.148503 -0.539775 0.841810 -0.000000 0.000001 -0.000001 -0.000000 1.000000 -0.000001 0.000000 0.000000 0.000000 1.000000
0.841809 0.539775 0.000001 -0.148503 -0.539775 0.841810 -0.000000 0.000001 -0.000001 -0.000000 1.000000 -0.000001 0.000000 0.000000 0.000000 1.000000</float_array>
     <technique_common>
      <accessor source="#jnt_left_handpinky2-Matrix-animation-output-transform-array" count="53" stride="16">
       <param type="float4x4"></param>
      </accessor>
     </technique_common>
    </source>
    <source id="jnt_left_handpinky2-Interpolations">
     <Name_array id="jnt_left_handpinky2-Interpolations-array" count="53">
 LINEAR LINEAR LINEAR LINEAR LINEAR LINEAR LINEAR LINEAR LINEAR LINEAR LINEAR
LINEAR LINEAR LINEAR LINEAR LINEAR LINEAR LINEAR LINEAR LINEAR LINEAR LINEAR LINEAR
LINEAR LINEAR LINEAR LINEAR LINEAR LINEAR LINEAR LINEAR LINEAR LINEAR LINEAR LINEAR
LINEAR LINEAR LINEAR LINEAR LINEAR LINEAR LINEAR LINEAR LINEAR LINEAR LINEAR LINEAR
LINEAR LINEAR LINEAR LINEAR LINEAR LINEAR</Name_array>
     <technique_common>
      <accessor source="#jnt_left_handpinky2-Interpolations-array" count="53">
       <param type="name"></param>
      </accessor>
     </technique_common>
    </source>
    <sampler id="jnt_left_handpinky2-Matrix-animation-transform">
     <input semantic="INPUT" source="#jnt_left_handpinky2-Matrix-animation-input"></input>
     <input semantic="OUTPUT" source="#jnt_left_handpinky2-Matrix-animation-output-transform"></input>
     <input semantic="INTERPOLATION" source="#jnt_left_handpinky2-Interpolations"></input>
    </sampler>
    <channel source="#jnt_left_handpinky2-Matrix-animation-transform" target="jnt_left_handpinky2/matrix"></channel>
   </animation>
  </animation>
  <animation id="jnt_left_handpinky3-anim" name="jnt_left_handpinky3">
   <animation>
    <source id="jnt_left_handpinky3-Matrix-animation-input">
     <float_array id="jnt_left_handpinky3-Matrix-animation-input-array" count="53">

0.000000 0.033333 0.066667 0.100000 0.133333 0.166667 0.200000 0.233333 0.266667 0.300000 0.333333 0.366667 0.400000 0.433333 0.466667 0.500000
0.533333 0.566667 0.600000 0.633333 0.666667 0.700000 0.733333 0.766667 0.800000 0.833333 0.866667 0.900000 0.933333 0.966667 1.000000 1.033333
1.066667 1.100000 1.133333 1.166667 1.200000 1.233333 1.266667 1.300000 1.333333 1.366667 1.400000 1.433333 1.466667 1.500000 1.533333 1.566667
1.600000 1.633333 1.666667 1.700000 1.733333</float_array>
     <technique_common>
      <accessor source="#jnt_left_handpinky3-Matrix-animation-input-array" count="53">
       <param name="TIME" type="float"></param>
      </accessor>
     </technique_common>
    </source>
    <source id="jnt_left_handpinky3-Matrix-animation-output-transform">
     <float_array id="jnt_left_handpinky3-Matrix-animation-output-transform-array" count="848">

0.936795 0.349879 -0.000000 -0.075475 -0.349878 0.936795 -0.000001 0.000002 0.000000 0.000001 1.000000 0.000000 0.000000 0.000000 0.000000 1.000000
0.936795 0.349878 -0.000000 -0.075474 -0.349878 0.936795 -0.000001 0.000002 0.000000 0.000001 1.000000 -0.000000 0.000000 0.000000 0.000000 1.000000
0.936795 0.349878 -0.000000 -0.075474 -0.349878 0.936795 -0.000001 0.000002 0.000000 0.000001 1.000000 0.000000 0.000000 0.000000 0.000000 1.000000
0.936795 0.349878 -0.000000 -0.075474 -0.349878 0.936795 -0.000001 0.000003 0.000000 0.000001 1.000000 -0.000000 0.000000 0.000000 0.000000 1.000000
0.936795 0.349878 -0.000000 -0.075474 -0.349878 0.936795 -0.000001 0.000001 0.000000 0.000001 1.000000 0.000000 0.000000 0.000000 0.000000 1.000000
0.936795 0.349878 -0.000000 -0.075474 -0.349878 0.936795 -0.000001 0.000002 0.000000 0.000001 1.000000 -0.000000 0.000000 0.000000 0.000000 1.000000
0.936795 0.349878 -0.000000 -0.075474 -0.349878 0.936795 -0.000001 0.000003 0.000000 0.000001 1.000000 0.000000 0.000000 0.000000 0.000000 1.000000
0.936795 0.349878 -0.000000 -0.075474 -0.349878 0.936795 -0.000001 0.000002 0.000000 0.000001 1.000000 -0.000000 0.000000 0.000000 0.000000 1.000000
0.953970 0.299904 -0.000000 -0.075474 -0.299904 0.953970 -0.000001 0.000002 0.000000 0.000001 1.000000 0.000000 0.000000 0.000000 0.000000 1.000000
0.980975 0.194133 -0.000000 -0.075473 -0.194133 0.980975 -0.000001 0.000002 0.000000 0.000001 1.000000 -0.000000 0.000000 0.000000 0.000000 1.000000
0.994508 0.104656 -0.000000 -0.075474 -0.104656 0.994508 -0.000001 0.000002 0.000000 0.000001 1.000000 -0.000000 0.000000 0.000000 0.000000 1.000000
0.995278 0.097064 -0.000000 -0.075474 -0.097064 0.995278 -0.000001 0.000002 0.000000 0.000001 1.000000 -0.000000 0.000000 0.000000 0.000000 1.000000
0.989524 0.144368 -0.000000 -0.075474 -0.144368 0.989524 -0.000001 0.000002 0.000000 0.000001 1.000000 0.000000 0.000000 0.000000 0.000000 1.000000
0.978166 0.207824 -0.000000 -0.075473 -0.207824 0.978166 -0.000001 0.000002 0.000000 0.000001 1.000000 0.000000 0.000000 0.000000 0.000000 1.000000
0.967043 0.254615 -0.000000 -0.075474 -0.254615 0.967043 -0.000001 0.000002 0.000000 0.000001 1.000000 0.000000 0.000000 0.000000 0.000000 1.000000
0.965152 0.261688 -0.000000 -0.075473 -0.261688 0.965152 -0.000001 0.000002 0.000000 0.000001 1.000000 -0.000001 0.000000 0.000000 0.000000 1.000000
0.965485 0.260460 -0.000000 -0.075474 -0.260460 0.965485 -0.000001 0.000002 0.000000 0.000001 1.000000 -0.000000 0.000000 0.000000 0.000000 1.000000
0.966071 0.258274 -0.000000 -0.075474 -0.258274 0.966072 -0.000001 0.000002 0.000000 0.000001 1.000000 0.000000 0.000000 0.000000 0.000000 1.000000
0.966859 0.255311 -0.000000 -0.075474 -0.255311 0.966859 -0.000001 0.000002 0.000000 0.000001 1.000000 -0.000000 0.000000 0.000000 0.000000 1.000000
0.967791 0.251755 -0.000000 -0.075475 -0.251755 0.967791 -0.000001 0.000001 0.000000 0.000001 1.000000 -0.000000 0.000000 0.000000 0.000000 1.000000
0.968815 0.247786 -0.000000 -0.075474 -0.247786 0.968815 -0.000001 0.000001 0.000000 0.000001 1.000000 -0.000001 0.000000 0.000000 0.000000 1.000000
0.969879 0.243589 -0.000000 -0.075473 -0.243589 0.969879 -0.000001 0.000002 0.000000 0.000001 1.000000 -0.000001 0.000000 0.000000 0.000000 1.000000
0.970934 0.239348 -0.000000 -0.075474 -0.239348 0.970934 -0.000001 0.000002 0.000000 0.000001 1.000000 0.000000 0.000000 0.000000 0.000000 1.000000
0.971935 0.235249 -0.000000 -0.075474 -0.235249 0.971935 -0.000001 0.000001 0.000000 0.000001 1.000000 0.000000 0.000000 0.000000 0.000000 1.000000
0.972840 0.231477 -0.000000 -0.075475 -0.231477 0.972840 -0.000001 0.000001 0.000000 0.000001 1.000000 0.000000 0.000000 0.000000 0.000000 1.000000
0.973610 0.228218 -0.000000 -0.075474 -0.228218 0.973610 -0.000001 0.000002 0.000000 0.000001 1.000000 0.000001 0.000000 0.000000 0.000000 1.000000
0.974206 0.225659 -0.000000 -0.075474 -0.225659 0.974206 -0.000001 0.000002 0.000000 0.000001 1.000000 -0.000000 0.000000 0.000000 0.000000 1.000000
0.974592 0.223987 -0.000000 -0.075474 -0.223987 0.974592 -0.000001 0.000001 0.000000 0.000001 1.000000 -0.000000 0.000000 0.000000 0.000000 1.000000
0.974729 0.223389 -0.000000 -0.075474 -0.223389 0.974730 -0.000001 0.000002 0.000000 0.000001 1.000000 0.000000 0.000000 0.000000 0.000000 1.000000
0.974730 0.223389 -0.000000 -0.075474 -0.223389 0.974729 -0.000001 0.000002 0.000000 0.000001 1.000000 0.000000 0.000000 0.000000 0.000000 1.000000
0.974730 0.223389 -0.000000 -0.075474 -0.223389 0.974730 -0.000001 0.000001 0.000000 0.000001 1.000000 -0.000000 0.000000 0.000000 0.000000 1.000000
0.984368 0.176123 -0.000000 -0.075474 -0.176123 0.984368 -0.000001 0.000002 0.000000 0.000001 1.000000 0.000000 0.000000 0.000000 0.000000 1.000000
0.994625 0.103546 -0.000000 -0.075474 -0.103546 0.994624 -0.000001 0.000002 0.000000 0.000001 1.000000 0.000000 0.000000 0.000000 0.000000 1.000000
0.995961 0.089789 -0.000000 -0.075474 -0.089789 0.995961 -0.000001 0.000002 0.000000 0.000001 1.000000 -0.000000 0.000000 0.000000 0.000000 1.000000
0.995961 0.089789 -0.000000 -0.075473 -0.089789 0.995961 -0.000001 0.000001 0.000000 0.000001 1.000000 -0.000000 0.000000 0.000000 0.000000 1.000000
0.993507 0.113770 -0.000000 -0.075474 -0.113770 0.993507 -0.000001 0.000002 0.000000 0.000001 1.000000 -0.000000 0.000000 0.000000 0.000000 1.000000
0.971240 0.238104 -0.000000 -0.075474 -0.238104 0.971240 -0.000001 0.000001 0.000000 0.000001 1.000000 -0.000000 0.000000 0.000000 0.000000 1.000000
0.948613 0.316438 -0.000000 -0.075474 -0.316437 0.948614 -0.000001 0.000002 0.000000 0.000001 1.000000 -0.000000 0.000000 0.000000 0.000000 1.000000
0.948613 0.316438 -0.000000 -0.075474 -0.316438 0.948614 -0.000001 0.000001 0.000000 0.000001 1.000000 -0.000000 0.000000 0.000000 0.000000 1.000000
0.948614 0.316438 -0.000000 -0.075474 -0.316438 0.948614 -0.000001 0.000002 0.000000 0.000001 1.000000 0.000001 0.000000 0.000000 0.000000 1.000000
0.948613 0.316437 -0.000000 -0.075474 -0.316437 0.948613 -0.000001 0.000001 0.000000 0.000001 1.000000 0.000001 0.000000 0.000000 0.000000 1.000000
0.948614 0.316438 -0.000000 -0.075474 -0.316438 0.948614 -0.000001 0.000000 0.000000 0.000001 1.000000 0.000000 0.000000 0.000000 0.000000 1.000000
0.948613 0.316438 -0.000000 -0.075474 -0.316438 0.948613 -0.000001 0.000002 0.000000 0.000001 1.000000 -0.000000 0.000000 0.000000 0.000000 1.000000
0.948613 0.316438 -0.000000 -0.075474 -0.316437 0.948613 -0.000001 0.000002 0.000000 0.000001 1.000000 -0.000000 0.000000 0.000000 0.000000 1.000000
0.948614 0.316438 -0.000000 -0.075474 -0.316438 0.948613 -0.000001 0.000002 0.000000 0.000001 1.000000 -0.000000 0.000000 0.000000 0.000000 1.000000
0.948613 0.316438 -0.000000 -0.075474 -0.316438 0.948613 -0.000001 0.000001 0.000000 0.000001 1.000000 0.000000 0.000000 0.000000 0.000000 1.000000
0.948613 0.316437 -0.000000 -0.075474 -0.316437 0.948614 -0.000001 0.000001 0.000000 0.000001 1.000000 0.000000 0.000000 0.000000 0.000000 1.000000
0.948613 0.316438 -0.000000 -0.075474 -0.316438 0.948613 -0.000001 0.000001 0.000000 0.000001 1.000000 -0.000000 0.000000 0.000000 0.000000 1.000000
0.948613 0.316438 -0.000000 -0.075474 -0.316438 0.948613 -0.000001 0.000001 0.000000 0.000001 1.000000 0.000000 0.000000 0.000000 0.000000 1.000000
0.948613 0.316438 -0.000000 -0.075475 -0.316438 0.948613 -0.000001 0.000002 0.000000 0.000001 1.000000 -0.000000 0.000000 0.000000 0.000000 1.000000
0.948613 0.316437 -0.000000 -0.075475 -0.316437 0.948613 -0.000001 0.000001 0.000000 0.000001 1.000000 -0.000000 0.000000 0.000000 0.000000 1.000000
0.948614 0.316438 -0.000000 -0.075475 -0.316438 0.948613 -0.000001 0.000002 0.000000 0.000001 1.000000 -0.000000 0.000000 0.000000 0.000000 1.000000
0.948614 0.316438 -0.000000 -0.075474 -0.316438 0.948613 -0.000001 0.000003 0.000000 0.000001 1.000000 0.000000 0.000000 0.000000 0.000000 1.000000</float_array>
     <technique_common>
      <accessor source="#jnt_left_handpinky3-Matrix-animation-output-transform-array" count="53" stride="16">
       <param type="float4x4"></param>
      </accessor>
     </technique_common>
    </source>
    <source id="jnt_left_handpinky3-Interpolations">
     <Name_array id="jnt_left_handpinky3-Interpolations-array" count="53">
 LINEAR LINEAR LINEAR LINEAR LINEAR LINEAR LINEAR LINEAR LINEAR LINEAR LINEAR
LINEAR LINEAR LINEAR LINEAR LINEAR LINEAR LINEAR LINEAR LINEAR LINEAR LINEAR LINEAR
LINEAR LINEAR LINEAR LINEAR LINEAR LINEAR LINEAR LINEAR LINEAR LINEAR LINEAR LINEAR
LINEAR LINEAR LINEAR LINEAR LINEAR LINEAR LINEAR LINEAR LINEAR LINEAR LINEAR LINEAR
LINEAR LINEAR LINEAR LINEAR LINEAR LINEAR</Name_array>
     <technique_common>
      <accessor source="#jnt_left_handpinky3-Interpolations-array" count="53">
       <param type="name"></param>
      </accessor>
     </technique_common>
    </source>
    <sampler id="jnt_left_handpinky3-Matrix-animation-transform">
     <input semantic="INPUT" source="#jnt_left_handpinky3-Matrix-animation-input"></input>
     <input semantic="OUTPUT" source="#jnt_left_handpinky3-Matrix-animation-output-transform"></input>
     <input semantic="INTERPOLATION" source="#jnt_left_handpinky3-Interpolations"></input>
    </sampler>
    <channel source="#jnt_left_handpinky3-Matrix-animation-transform" target="jnt_left_handpinky3/matrix"></channel>
   </animation>
  </animation>
  <animation id="jnt_left_handpinky4-anim" name="jnt_left_handpinky4">
   <animation>
    <source id="jnt_left_handpinky4-Matrix-animation-input">
     <float_array id="jnt_left_handpinky4-Matrix-animation-input-array" count="53">

0.000000 0.033333 0.066667 0.100000 0.133333 0.166667 0.200000 0.233333 0.266667 0.300000 0.333333 0.366667 0.400000 0.433333 0.466667 0.500000
0.533333 0.566667 0.600000 0.633333 0.666667 0.700000 0.733333 0.766667 0.800000 0.833333 0.866667 0.900000 0.933333 0.966667 1.000000 1.033333
1.066667 1.100000 1.133333 1.166667 1.200000 1.233333 1.266667 1.300000 1.333333 1.366667 1.400000 1.433333 1.466667 1.500000 1.533333 1.566667
1.600000 1.633333 1.666667 1.700000 1.733333</float_array>
     <technique_common>
      <accessor source="#jnt_left_handpinky4-Matrix-animation-input-array" count="53">
       <param name="TIME" type="float"></param>
      </accessor>
     </technique_common>
    </source>
    <source id="jnt_left_handpinky4-Matrix-animation-output-transform">
     <float_array id="jnt_left_handpinky4-Matrix-animation-output-transform-array" count="848">

1.000000 0.000000 -0.000000 -0.101158 -0.000000 1.000000 0.000000 -0.000003 0.000000 -0.000000 1.000000 0.000000 0.000000 0.000000 0.000000 1.000000
1.000000 0.000001 0.000000 -0.101158 -0.000001 1.000000 -0.000000 -0.000003 -0.000000 0.000000 1.000000 -0.000000 0.000000 0.000000 0.000000 1.000000
1.000000 0.000000 0.000000 -0.101158 -0.000000 1.000000 -0.000000 -0.000003 -0.000000 0.000000 1.000000 0.000000 0.000000 0.000000 0.000000 1.000000
1.000000 0.000000 -0.000000 -0.101158 -0.000000 1.000000 0.000000 -0.000003 0.000000 -0.000000 1.000000 0.000000 0.000000 0.000000 0.000000 1.000000
1.000000 0.000000 0.000000 -0.101158 -0.000000 1.000000 -0.000000 -0.000003 -0.000000 0.000000 1.000000 -0.000000 0.000000 0.000000 0.000000 1.000000
1.000000 0.000001 -0.000000 -0.101158 -0.000001 1.000000 -0.000000 -0.000003 0.000000 0.000000 1.000000 0.000000 0.000000 0.000000 0.000000 1.000000
1.000000 0.000000 -0.000000 -0.101158 -0.000000 1.000000 0.000000 -0.000003 0.000000 -0.000000 1.000000 -0.000000 0.000000 0.000000 0.000000 1.000000
1.000000 0.000000 0.000000 -0.101158 -0.000000 1.000000 -0.000000 -0.000003 -0.000000 0.000000 1.000000 -0.000000 0.000000 0.000000 0.000000 1.000000
1.000000 0.000001 0.000000 -0.101158 -0.000001 1.000000 -0.000000 -0.000003 -0.000000 0.000000 1.000000 -0.000000 0.000000 0.000000 0.000000 1.000000
1.000000 0.000000 0.000000 -0.101158 -0.000000 1.000000 -0.000000 -0.000003 -0.000000 0.000000 1.000000 0.000000 0.000000 0.000000 0.000000 1.000000
1.000000 0.000000 0.000000 -0.101158 -0.000000 1.000000 -0.000000 -0.000003 -0.000000 0.000000 1.000000 0.000000 0.000000 0.000000 0.000000 1.000000
1.000000 0.000001 0.000000 -0.101158 -0.000001 1.000000 -0.000000 -0.000003 -0.000000 0.000000 1.000000 -0.000000 0.000000 0.000000 0.000000 1.000000
1.000000 0.000000 -0.000000 -0.101158 -0.000000 1.000000 -0.000000 -0.000003 0.000000 0.000000 1.000000 0.000000 0.000000 0.000000 0.000000 1.000000
1.000000 0.000000 0.000000 -0.101158 -0.000000 1.000000 -0.000000 -0.000003 -0.000000 0.000000 1.000000 0.000000 0.000000 0.000000 0.000000 1.000000
1.000000 0.000001 0.000000 -0.101158 -0.000001 1.000000 -0.000000 -0.000003 -0.000000 0.000000 1.000000 -0.000000 0.000000 0.000000 0.000000 1.000000
1.000000 0.000000 -0.000000 -0.101158 -0.000000 1.000000 -0.000000 -0.000003 0.000000 0.000000 1.000000 -0.000000 0.000000 0.000000 0.000000 1.000000
1.000000 0.000000 -0.000000 -0.101158 -0.000000 1.000000 -0.000000 -0.000003 0.000000 0.000000 1.000000 -0.000000 0.000000 0.000000 0.000000 1.000000
1.000000 0.000000 -0.000000 -0.101158 -0.000000 1.000000 -0.000000 -0.000003 0.000000 0.000000 1.000000 -0.000000 0.000000 0.000000 0.000000 1.000000
1.000000 0.000001 0.000000 -0.101158 -0.000001 1.000000 -0.000000 -0.000003 -0.000000 0.000000 1.000000 0.000000 0.000000 0.000000 0.000000 1.000000
1.000000 0.000000 0.000000 -0.101158 -0.000000 1.000000 -0.000000 -0.000003 -0.000000 0.000000 1.000000 0.000000 0.000000 0.000000 0.000000 1.000000
1.000000 0.000000 -0.000000 -0.101158 -0.000000 1.000000 -0.000000 -0.000003 0.000000 0.000000 1.000000 -0.000000 0.000000 0.000000 0.000000 1.000000
1.000000 0.000000 -0.000000 -0.101158 -0.000000 1.000000 -0.000000 -0.000003 0.000000 0.000000 1.000000 0.000000 0.000000 0.000000 0.000000 1.000000
1.000000 0.000000 -0.000000 -0.101158 -0.000000 1.000000 -0.000000 -0.000003 0.000000 0.000000 1.000000 0.000000 0.000000 0.000000 0.000000 1.000000
1.000000 0.000001 -0.000000 -0.101158 -0.000001 1.000000 -0.000000 -0.000003 0.000000 0.000000 1.000000 0.000000 0.000000 0.000000 0.000000 1.000000
1.000000 0.000001 -0.000000 -0.101158 -0.000001 1.000000 -0.000000 -0.000003 0.000000 0.000000 1.000000 -0.000000 0.000000 0.000000 0.000000 1.000000
1.000000 0.000001 -0.000000 -0.101158 -0.000001 1.000000 0.000000 -0.000003 0.000000 -0.000000 1.000000 -0.000000 0.000000 0.000000 0.000000 1.000000
1.000000 0.000000 -0.000000 -0.101158 -0.000000 1.000000 0.000000 -0.000003 0.000000 -0.000000 1.000000 0.000000 0.000000 0.000000 0.000000 1.000000
1.000000 0.000000 0.000000 -0.101158 -0.000000 1.000000 0.000000 -0.000003 -0.000000 -0.000000 1.000000 0.000000 0.000000 0.000000 0.000000 1.000000
1.000000 0.000000 0.000000 -0.101158 -0.000000 1.000000 -0.000000 -0.000004 -0.000000 0.000000 1.000000 0.000000 0.000000 0.000000 0.000000 1.000000
1.000000 0.000001 -0.000000 -0.101158 -0.000001 1.000000 0.000000 -0.000003 0.000000 -0.000000 1.000000 0.000000 0.000000 0.000000 0.000000 1.000000
1.000000 0.000000 0.000000 -0.101158 -0.000000 1.000000 0.000000 -0.000003 -0.000000 -0.000000 1.000000 0.000000 0.000000 0.000000 0.000000 1.000000
1.000000 0.000000 0.000000 -0.101158 -0.000000 1.000000 0.000000 -0.000003 -0.000000 -0.000000 1.000000 -0.000000 0.000000 0.000000 0.000000 1.000000
1.000000 0.000000 0.000000 -0.101158 -0.000000 1.000000 0.000000 -0.000003 -0.000000 -0.000000 1.000000 -0.000000 0.000000 0.000000 0.000000 1.000000
1.000000 0.000000 0.000000 -0.101158 -0.000000 1.000000 0.000000 -0.000003 -0.000000 -0.000000 1.000000 0.000000 0.000000 0.000000 0.000000 1.000000
1.000000 0.000000 -0.000000 -0.101158 -0.000000 1.000000 -0.000000 -0.000003 0.000000 0.000000 1.000000 -0.000000 0.000000 0.000000 0.000000 1.000000
1.000000 0.000000 0.000000 -0.101158 -0.000000 1.000000 0.000000 -0.000004 -0.000000 -0.000000 1.000000 0.000000 0.000000 0.000000 0.000000 1.000000
1.000000 0.000000 0.000000 -0.101158 -0.000000 1.000000 0.000000 -0.000003 -0.000000 -0.000000 1.000000 0.000000 0.000000 0.000000 0.000000 1.000000
1.000000 0.000001 -0.000000 -0.101158 -0.000001 1.000000 0.000000 -0.000003 0.000000 -0.000000 1.000000 0.000000 0.000000 0.000000 0.000000 1.000000
1.000000 0.000001 0.000000 -0.101158 -0.000001 1.000000 0.000000 -0.000003 -0.000000 -0.000000 1.000000 0.000000 0.000000 0.000000 0.000000 1.000000
1.000000 0.000000 0.000000 -0.101158 -0.000000 1.000000 0.000000 -0.000003 -0.000000 -0.000000 1.000000 0.000000 0.000000 0.000000 0.000000 1.000000
1.000000 0.000000 0.000000 -0.101158 -0.000000 1.000000 -0.000000 -0.000003 -0.000000 0.000000 1.000000 -0.000000 0.000000 0.000000 0.000000 1.000000
1.000000 0.000000 -0.000000 -0.101158 -0.000000 1.000000 0.000000 -0.000003 0.000000 -0.000000 1.000000 -0.000000 0.000000 0.000000 0.000000 1.000000
1.000000 0.000001 -0.000000 -0.101158 -0.000001 1.000000 0.000000 -0.000003 0.000000 -0.000000 1.000000 0.000000 0.000000 0.000000 0.000000 1.000000
1.000000 0.000000 0.000000 -0.101158 -0.000000 1.000000 0.000000 -0.000003 -0.000000 -0.000000 1.000000 -0.000000 0.000000 0.000000 0.000000 1.000000
1.000000 0.000000 0.000000 -0.101158 -0.000000 1.000000 -0.000000 -0.000004 -0.000000 0.000000 1.000000 0.000000 0.000000 0.000000 0.000000 1.000000
1.000000 0.000000 -0.000000 -0.101158 -0.000000 1.000000 -0.000000 -0.000003 0.000000 0.000000 1.000000 -0.000000 0.000000 0.000000 0.000000 1.000000
1.000000 0.000000 0.000000 -0.101158 -0.000000 1.000000 0.000000 -0.000003 -0.000000 -0.000000 1.000000 0.000000 0.000000 0.000000 0.000000 1.000000
1.000000 0.000000 0.000000 -0.101158 -0.000000 1.000000 -0.000000 -0.000003 -0.000000 0.000000 1.000000 0.000000 0.000000 0.000000 0.000000 1.000000
1.000000 0.000001 -0.000000 -0.101158 -0.000001 1.000000 0.000000 -0.000003 0.000000 -0.000000 1.000000 0.000000 0.000000 0.000000 0.000000 1.000000
1.000000 0.000001 -0.000000 -0.101158 -0.000001 1.000000 0.000000 -0.000003 0.000000 -0.000000 1.000000 0.000000 0.000000 0.000000 0.000000 1.000000
1.000000 0.000001 -0.000000 -0.101158 -0.000001 1.000000 -0.000000 -0.000003 0.000000 0.000000 1.000000 -0.000000 0.000000 0.000000 0.000000 1.000000
1.000000 0.000000 -0.000000 -0.101158 -0.000000 1.000000 -0.000000 -0.000003 0.000000 0.000000 1.000000 0.000000 0.000000 0.000000 0.000000 1.000000
1.000000 0.000001 -0.000000 -0.101158 -0.000001 1.000000 -0.000000 -0.000003 0.000000 0.000000 1.000000 0.000000 0.000000 0.000000 0.000000 1.000000</float_array>
     <technique_common>
      <accessor source="#jnt_left_handpinky4-Matrix-animation-output-transform-array" count="53" stride="16">
       <param type="float4x4"></param>
      </accessor>
     </technique_common>
    </source>
    <source id="jnt_left_handpinky4-Interpolations">
     <Name_array id="jnt_left_handpinky4-Interpolations-array" count="53">
 LINEAR LINEAR LINEAR LINEAR LINEAR LINEAR LINEAR LINEAR LINEAR LINEAR LINEAR
LINEAR LINEAR LINEAR LINEAR LINEAR LINEAR LINEAR LINEAR LINEAR LINEAR LINEAR LINEAR
LINEAR LINEAR LINEAR LINEAR LINEAR LINEAR LINEAR LINEAR LINEAR LINEAR LINEAR LINEAR
LINEAR LINEAR LINEAR LINEAR LINEAR LINEAR LINEAR LINEAR LINEAR LINEAR LINEAR LINEAR
LINEAR LINEAR LINEAR LINEAR LINEAR LINEAR</Name_array>
     <technique_common>
      <accessor source="#jnt_left_handpinky4-Interpolations-array" count="53">
       <param type="name"></param>
      </accessor>
     </technique_common>
    </source>
    <sampler id="jnt_left_handpinky4-Matrix-animation-transform">
     <input semantic="INPUT" source="#jnt_left_handpinky4-Matrix-animation-input"></input>
     <input semantic="OUTPUT" source="#jnt_left_handpinky4-Matrix-animation-output-transform"></input>
     <input semantic="INTERPOLATION" source="#jnt_left_handpinky4-Interpolations"></input>
    </sampler>
    <channel source="#jnt_left_handpinky4-Matrix-animation-transform" target="jnt_left_handpinky4/matrix"></channel>
   </animation>
  </animation>
  <animation id="jnt_right_armroot-anim" name="jnt_right_armroot">
   <animation>
    <source id="jnt_right_armroot-Matrix-animation-input">
     <float_array id="jnt_right_armroot-Matrix-animation-input-array" count="53">

0.000000 0.033333 0.066667 0.100000 0.133333 0.166667 0.200000 0.233333 0.266667 0.300000 0.333333 0.366667 0.400000 0.433333 0.466667 0.500000
0.533333 0.566667 0.600000 0.633333 0.666667 0.700000 0.733333 0.766667 0.800000 0.833333 0.866667 0.900000 0.933333 0.966667 1.000000 1.033333
1.066667 1.100000 1.133333 1.166667 1.200000 1.233333 1.266667 1.300000 1.333333 1.366667 1.400000 1.433333 1.466667 1.500000 1.533333 1.566667
1.600000 1.633333 1.666667 1.700000 1.733333</float_array>
     <technique_common>
      <accessor source="#jnt_right_armroot-Matrix-animation-input-array" count="53">
       <param name="TIME" type="float"></param>
      </accessor>
     </technique_common>
    </source>
    <source id="jnt_right_armroot-Matrix-animation-output-transform">
     <float_array id="jnt_right_armroot-Matrix-animation-output-transform-array" count="848">

1.000000 -0.000004 -0.000000 -1.159978 0.000004 1.000000 -0.000000 -0.738130 0.000000 0.000000 1.000000 0.820651 0.000000 0.000000 0.000000 1.000000
1.000000 -0.000004 -0.000000 -1.159978 0.000004 1.000000 -0.000000 -0.738130 0.000000 0.000000 1.000000 0.820651 0.000000 0.000000 0.000000 1.000000
1.000000 -0.000004 -0.000000 -1.159978 0.000004 1.000000 -0.000000 -0.738130 0.000000 0.000000 1.000000 0.820651 0.000000 0.000000 0.000000 1.000000
1.000000 -0.000004 -0.000000 -1.159978 0.000004 1.000000 -0.000000 -0.738130 0.000000 0.000000 1.000000 0.820651 0.000000 0.000000 0.000000 1.000000
1.000000 -0.000004 -0.000000 -1.159978 0.000004 1.000000 -0.000000 -0.738130 0.000000 0.000000 1.000000 0.820651 0.000000 0.000000 0.000000 1.000000
1.000000 -0.000004 -0.000000 -1.159978 0.000004 1.000000 -0.000000 -0.738130 0.000000 0.000000 1.000000 0.820651 0.000000 0.000000 0.000000 1.000000
1.000000 -0.000004 -0.000000 -1.159978 0.000004 1.000000 -0.000000 -0.738130 0.000000 0.000000 1.000000 0.820651 0.000000 0.000000 0.000000 1.000000
1.000000 -0.000004 -0.000000 -1.159978 0.000004 1.000000 -0.000000 -0.738130 0.000000 0.000000 1.000000 0.820651 0.000000 0.000000 0.000000 1.000000
1.000000 -0.000004 -0.000000 -1.159978 0.000004 1.000000 -0.000000 -0.738130 0.000000 0.000000 1.000000 0.820651 0.000000 0.000000 0.000000 1.000000
1.000000 -0.000004 -0.000000 -1.159978 0.000004 1.000000 -0.000000 -0.738130 0.000000 0.000000 1.000000 0.820651 0.000000 0.000000 0.000000 1.000000
1.000000 -0.000004 -0.000000 -1.159978 0.000004 1.000000 -0.000000 -0.738130 0.000000 0.000000 1.000000 0.820651 0.000000 0.000000 0.000000 1.000000
1.000000 -0.000004 -0.000000 -1.159978 0.000004 1.000000 -0.000000 -0.738130 0.000000 0.000000 1.000000 0.820651 0.000000 0.000000 0.000000 1.000000
1.000000 -0.000004 -0.000000 -1.159978 0.000004 1.000000 -0.000000 -0.738130 0.000000 0.000000 1.000000 0.820651 0.000000 0.000000 0.000000 1.000000
1.000000 -0.000004 -0.000000 -1.159978 0.000004 1.000000 -0.000000 -0.738130 0.000000 0.000000 1.000000 0.820651 0.000000 0.000000 0.000000 1.000000
1.000000 -0.000004 -0.000000 -1.159978 0.000004 1.000000 -0.000000 -0.738130 0.000000 0.000000 1.000000 0.820651 0.000000 0.000000 0.000000 1.000000
1.000000 -0.000004 -0.000000 -1.159978 0.000004 1.000000 -0.000000 -0.738130 0.000000 0.000000 1.000000 0.820651 0.000000 0.000000 0.000000 1.000000
1.000000 -0.000004 -0.000000 -1.159978 0.000004 1.000000 -0.000000 -0.738130 0.000000 0.000000 1.000000 0.820651 0.000000 0.000000 0.000000 1.000000
1.000000 -0.000004 -0.000000 -1.159978 0.000004 1.000000 -0.000000 -0.738130 0.000000 0.000000 1.000000 0.820651 0.000000 0.000000 0.000000 1.000000
1.000000 -0.000004 -0.000000 -1.159978 0.000004 1.000000 -0.000000 -0.738130 0.000000 0.000000 1.000000 0.820651 0.000000 0.000000 0.000000 1.000000
1.000000 -0.000004 -0.000000 -1.159978 0.000004 1.000000 -0.000000 -0.738130 0.000000 0.000000 1.000000 0.820651 0.000000 0.000000 0.000000 1.000000
1.000000 -0.000004 -0.000000 -1.159978 0.000004 1.000000 -0.000000 -0.738130 0.000000 0.000000 1.000000 0.820651 0.000000 0.000000 0.000000 1.000000
1.000000 -0.000004 -0.000000 -1.159978 0.000004 1.000000 -0.000000 -0.738130 0.000000 0.000000 1.000000 0.820651 0.000000 0.000000 0.000000 1.000000
1.000000 -0.000004 -0.000000 -1.159978 0.000004 1.000000 -0.000000 -0.738130 0.000000 0.000000 1.000000 0.820651 0.000000 0.000000 0.000000 1.000000
1.000000 -0.000004 -0.000000 -1.159978 0.000004 1.000000 -0.000000 -0.738130 0.000000 0.000000 1.000000 0.820651 0.000000 0.000000 0.000000 1.000000
1.000000 -0.000004 -0.000000 -1.159978 0.000004 1.000000 -0.000000 -0.738130 0.000000 0.000000 1.000000 0.820651 0.000000 0.000000 0.000000 1.000000
1.000000 -0.000004 -0.000000 -1.159978 0.000004 1.000000 -0.000000 -0.738130 0.000000 0.000000 1.000000 0.820651 0.000000 0.000000 0.000000 1.000000
1.000000 -0.000004 -0.000000 -1.159978 0.000004 1.000000 -0.000000 -0.738130 0.000000 0.000000 1.000000 0.820651 0.000000 0.000000 0.000000 1.000000
1.000000 -0.000004 -0.000000 -1.159978 0.000004 1.000000 -0.000000 -0.738130 0.000000 0.000000 1.000000 0.820651 0.000000 0.000000 0.000000 1.000000
1.000000 -0.000004 -0.000000 -1.159978 0.000004 1.000000 -0.000000 -0.738130 0.000000 0.000000 1.000000 0.820651 0.000000 0.000000 0.000000 1.000000
1.000000 -0.000004 -0.000000 -1.159978 0.000004 1.000000 -0.000000 -0.738130 0.000000 0.000000 1.000000 0.820651 0.000000 0.000000 0.000000 1.000000
1.000000 -0.000004 -0.000000 -1.159978 0.000004 1.000000 -0.000000 -0.738130 0.000000 0.000000 1.000000 0.820651 0.000000 0.000000 0.000000 1.000000
1.000000 -0.000004 -0.000000 -1.159978 0.000004 1.000000 -0.000000 -0.738130 0.000000 0.000000 1.000000 0.820651 0.000000 0.000000 0.000000 1.000000
1.000000 -0.000004 -0.000000 -1.159978 0.000004 1.000000 -0.000000 -0.738130 0.000000 0.000000 1.000000 0.820651 0.000000 0.000000 0.000000 1.000000
1.000000 -0.000004 -0.000000 -1.159978 0.000004 1.000000 -0.000000 -0.738130 0.000000 0.000000 1.000000 0.820651 0.000000 0.000000 0.000000 1.000000
1.000000 -0.000004 -0.000000 -1.159978 0.000004 1.000000 -0.000000 -0.738130 0.000000 0.000000 1.000000 0.820651 0.000000 0.000000 0.000000 1.000000
1.000000 -0.000004 -0.000000 -1.159978 0.000004 1.000000 -0.000000 -0.738130 0.000000 0.000000 1.000000 0.820651 0.000000 0.000000 0.000000 1.000000
1.000000 -0.000004 -0.000000 -1.159978 0.000004 1.000000 -0.000000 -0.738130 0.000000 0.000000 1.000000 0.820651 0.000000 0.000000 0.000000 1.000000
1.000000 -0.000004 -0.000000 -1.159978 0.000004 1.000000 -0.000000 -0.738130 0.000000 0.000000 1.000000 0.820651 0.000000 0.000000 0.000000 1.000000
1.000000 -0.000004 -0.000000 -1.159978 0.000004 1.000000 -0.000000 -0.738130 0.000000 0.000000 1.000000 0.820651 0.000000 0.000000 0.000000 1.000000
1.000000 -0.000004 -0.000000 -1.159978 0.000004 1.000000 -0.000000 -0.738130 0.000000 0.000000 1.000000 0.820651 0.000000 0.000000 0.000000 1.000000
1.000000 -0.000004 -0.000000 -1.159978 0.000004 1.000000 -0.000000 -0.738130 0.000000 0.000000 1.000000 0.820651 0.000000 0.000000 0.000000 1.000000
1.000000 -0.000004 -0.000000 -1.159978 0.000004 1.000000 -0.000000 -0.738130 0.000000 0.000000 1.000000 0.820651 0.000000 0.000000 0.000000 1.000000
1.000000 -0.000004 -0.000000 -1.159978 0.000004 1.000000 -0.000000 -0.738130 0.000000 0.000000 1.000000 0.820651 0.000000 0.000000 0.000000 1.000000
1.000000 -0.000004 -0.000000 -1.159978 0.000004 1.000000 -0.000000 -0.738130 0.000000 0.000000 1.000000 0.820651 0.000000 0.000000 0.000000 1.000000
1.000000 -0.000004 -0.000000 -1.159978 0.000004 1.000000 -0.000000 -0.738130 0.000000 0.000000 1.000000 0.820651 0.000000 0.000000 0.000000 1.000000
1.000000 -0.000004 -0.000000 -1.159978 0.000004 1.000000 -0.000000 -0.738130 0.000000 0.000000 1.000000 0.820651 0.000000 0.000000 0.000000 1.000000
1.000000 -0.000004 -0.000000 -1.159978 0.000004 1.000000 -0.000000 -0.738130 0.000000 0.000000 1.000000 0.820651 0.000000 0.000000 0.000000 1.000000
1.000000 -0.000004 -0.000000 -1.159978 0.000004 1.000000 -0.000000 -0.738130 0.000000 0.000000 1.000000 0.820651 0.000000 0.000000 0.000000 1.000000
1.000000 -0.000004 -0.000000 -1.159978 0.000004 1.000000 -0.000000 -0.738130 0.000000 0.000000 1.000000 0.820651 0.000000 0.000000 0.000000 1.000000
1.000000 -0.000004 -0.000000 -1.159978 0.000004 1.000000 -0.000000 -0.738130 0.000000 0.000000 1.000000 0.820651 0.000000 0.000000 0.000000 1.000000
1.000000 -0.000004 -0.000000 -1.159978 0.000004 1.000000 -0.000000 -0.738130 0.000000 0.000000 1.000000 0.820651 0.000000 0.000000 0.000000 1.000000
1.000000 -0.000004 -0.000000 -1.159978 0.000004 1.000000 -0.000000 -0.738130 0.000000 0.000000 1.000000 0.820651 0.000000 0.000000 0.000000 1.000000
1.000000 -0.000004 -0.000000 -1.159978 0.000004 1.000000 -0.000000 -0.738130 0.000000 0.000000 1.000000 0.820651 0.000000 0.000000 0.000000 1.000000</float_array>
     <technique_common>
      <accessor source="#jnt_right_armroot-Matrix-animation-output-transform-array" count="53" stride="16">
       <param type="float4x4"></param>
      </accessor>
     </technique_common>
    </source>
    <source id="jnt_right_armroot-Interpolations">
     <Name_array id="jnt_right_armroot-Interpolations-array" count="53">
 LINEAR LINEAR LINEAR LINEAR LINEAR LINEAR LINEAR LINEAR LINEAR LINEAR LINEAR
LINEAR LINEAR LINEAR LINEAR LINEAR LINEAR LINEAR LINEAR LINEAR LINEAR LINEAR LINEAR
LINEAR LINEAR LINEAR LINEAR LINEAR LINEAR LINEAR LINEAR LINEAR LINEAR LINEAR LINEAR
LINEAR LINEAR LINEAR LINEAR LINEAR LINEAR LINEAR LINEAR LINEAR LINEAR LINEAR LINEAR
LINEAR LINEAR LINEAR LINEAR LINEAR LINEAR</Name_array>
     <technique_common>
      <accessor source="#jnt_right_armroot-Interpolations-array" count="53">
       <param type="name"></param>
      </accessor>
     </technique_common>
    </source>
    <sampler id="jnt_right_armroot-Matrix-animation-transform">
     <input semantic="INPUT" source="#jnt_right_armroot-Matrix-animation-input"></input>
     <input semantic="OUTPUT" source="#jnt_right_armroot-Matrix-animation-output-transform"></input>
     <input semantic="INTERPOLATION" source="#jnt_right_armroot-Interpolations"></input>
    </sampler>
    <channel source="#jnt_right_armroot-Matrix-animation-transform" target="jnt_right_armroot/matrix"></channel>
   </animation>
  </animation>
  <animation id="jnt_right_shoulder-anim" name="jnt_right_shoulder">
   <animation>
    <source id="jnt_right_shoulder-Matrix-animation-input">
     <float_array id="jnt_right_shoulder-Matrix-animation-input-array" count="53">

0.000000 0.033333 0.066667 0.100000 0.133333 0.166667 0.200000 0.233333 0.266667 0.300000 0.333333 0.366667 0.400000 0.433333 0.466667 0.500000
0.533333 0.566667 0.600000 0.633333 0.666667 0.700000 0.733333 0.766667 0.800000 0.833333 0.866667 0.900000 0.933333 0.966667 1.000000 1.033333
1.066667 1.100000 1.133333 1.166667 1.200000 1.233333 1.266667 1.300000 1.333333 1.366667 1.400000 1.433333 1.466667 1.500000 1.533333 1.566667
1.600000 1.633333 1.666667 1.700000 1.733333</float_array>
     <technique_common>
      <accessor source="#jnt_right_shoulder-Matrix-animation-input-array" count="53">
       <param name="TIME" type="float"></param>
      </accessor>
     </technique_common>
    </source>
    <source id="jnt_right_shoulder-Matrix-animation-output-transform">
     <float_array id="jnt_right_shoulder-Matrix-animation-output-transform-array" count="848">

0.019288 -0.092831 0.995495 0.635987 -0.352003 0.931300 0.093665 0.114390 -0.935800 -0.352224 -0.014713 -0.266187 0.000000 0.000000 0.000000 1.000000
0.019288 -0.092831 0.995495 0.635987 -0.352003 0.931300 0.093665 0.114390 -0.935800 -0.352224 -0.014713 -0.266187 0.000000 0.000000 0.000000 1.000000
0.019288 -0.092831 0.995495 0.635987 -0.352003 0.931300 0.093665 0.114390 -0.935800 -0.352224 -0.014713 -0.266187 0.000000 0.000000 0.000000 1.000000
0.019288 -0.092831 0.995495 0.635987 -0.352003 0.931300 0.093665 0.114390 -0.935800 -0.352224 -0.014713 -0.266187 0.000000 0.000000 0.000000 1.000000
0.019288 -0.092831 0.995495 0.635987 -0.352003 0.931300 0.093665 0.114390 -0.935800 -0.352224 -0.014713 -0.266187 0.000000 0.000000 0.000000 1.000000
0.019288 -0.092831 0.995495 0.635987 -0.352003 0.931300 0.093665 0.114390 -0.935800 -0.352224 -0.014713 -0.266187 0.000000 0.000000 0.000000 1.000000
0.019288 -0.092831 0.995495 0.635987 -0.352003 0.931300 0.093665 0.114390 -0.935800 -0.352224 -0.014713 -0.266187 0.000000 0.000000 0.000000 1.000000
0.019288 -0.092831 0.995495 0.635987 -0.352003 0.931300 0.093665 0.114390 -0.935800 -0.352224 -0.014713 -0.266187 0.000000 0.000000 0.000000 1.000000
0.019288 -0.092831 0.995495 0.635987 -0.352003 0.931300 0.093665 0.114390 -0.935800 -0.352224 -0.014713 -0.266187 0.000000 0.000000 0.000000 1.000000
0.019288 -0.092831 0.995495 0.635987 -0.352003 0.931300 0.093665 0.114390 -0.935800 -0.352224 -0.014713 -0.266187 0.000000 0.000000 0.000000 1.000000
0.019288 -0.092831 0.995495 0.635987 -0.352003 0.931300 0.093665 0.114390 -0.935800 -0.352224 -0.014713 -0.266187 0.000000 0.000000 0.000000 1.000000
0.019288 -0.092831 0.995495 0.635987 -0.352003 0.931300 0.093665 0.114390 -0.935800 -0.352224 -0.014713 -0.266187 0.000000 0.000000 0.000000 1.000000
0.019288 -0.092831 0.995495 0.635987 -0.352003 0.931300 0.093665 0.114390 -0.935800 -0.352224 -0.014713 -0.266187 0.000000 0.000000 0.000000 1.000000
0.019288 -0.092831 0.995495 0.635987 -0.352003 0.931300 0.093665 0.114390 -0.935800 -0.352224 -0.014713 -0.266187 0.000000 0.000000 0.000000 1.000000
0.019288 -0.092831 0.995495 0.635987 -0.352003 0.931300 0.093665 0.114390 -0.935800 -0.352224 -0.014713 -0.266187 0.000000 0.000000 0.000000 1.000000
0.019288 -0.092831 0.995495 0.635987 -0.352003 0.931300 0.093665 0.114390 -0.935800 -0.352224 -0.014713 -0.266187 0.000000 0.000000 0.000000 1.000000
0.019288 -0.092831 0.995495 0.635987 -0.352003 0.931300 0.093665 0.114390 -0.935800 -0.352224 -0.014713 -0.266187 0.000000 0.000000 0.000000 1.000000
0.019288 -0.092831 0.995495 0.635987 -0.352003 0.931300 0.093665 0.114390 -0.935800 -0.352224 -0.014713 -0.266187 0.000000 0.000000 0.000000 1.000000
0.019288 -0.092831 0.995495 0.635987 -0.352003 0.931300 0.093665 0.114390 -0.935800 -0.352224 -0.014713 -0.266187 0.000000 0.000000 0.000000 1.000000
0.019288 -0.092831 0.995495 0.635987 -0.352003 0.931300 0.093665 0.114390 -0.935800 -0.352224 -0.014713 -0.266187 0.000000 0.000000 0.000000 1.000000
0.019288 -0.092831 0.995495 0.635987 -0.352003 0.931300 0.093665 0.114390 -0.935800 -0.352224 -0.014713 -0.266187 0.000000 0.000000 0.000000 1.000000
0.019288 -0.092831 0.995495 0.635987 -0.352003 0.931300 0.093665 0.114390 -0.935800 -0.352224 -0.014713 -0.266187 0.000000 0.000000 0.000000 1.000000
0.019288 -0.092831 0.995495 0.635987 -0.352003 0.931300 0.093665 0.114390 -0.935800 -0.352224 -0.014713 -0.266187 0.000000 0.000000 0.000000 1.000000
0.019288 -0.092831 0.995495 0.635987 -0.352003 0.931300 0.093665 0.114390 -0.935800 -0.352224 -0.014713 -0.266187 0.000000 0.000000 0.000000 1.000000
0.019288 -0.092831 0.995495 0.635987 -0.352003 0.931300 0.093665 0.114390 -0.935800 -0.352224 -0.014713 -0.266187 0.000000 0.000000 0.000000 1.000000
0.019288 -0.092831 0.995495 0.635987 -0.352003 0.931300 0.093665 0.114390 -0.935800 -0.352224 -0.014713 -0.266187 0.000000 0.000000 0.000000 1.000000
0.019288 -0.092831 0.995495 0.635987 -0.352003 0.931300 0.093665 0.114390 -0.935800 -0.352224 -0.014713 -0.266187 0.000000 0.000000 0.000000 1.000000
0.019288 -0.092831 0.995495 0.635987 -0.352003 0.931300 0.093665 0.114390 -0.935800 -0.352224 -0.014713 -0.266187 0.000000 0.000000 0.000000 1.000000
0.019288 -0.092831 0.995495 0.635987 -0.352003 0.931300 0.093665 0.114390 -0.935800 -0.352224 -0.014713 -0.266187 0.000000 0.000000 0.000000 1.000000
0.019288 -0.092831 0.995495 0.635987 -0.352003 0.931300 0.093665 0.114390 -0.935800 -0.352224 -0.014713 -0.266187 0.000000 0.000000 0.000000 1.000000
0.019288 -0.092831 0.995495 0.635987 -0.352003 0.931300 0.093665 0.114390 -0.935800 -0.352224 -0.014713 -0.266187 0.000000 0.000000 0.000000 1.000000
0.019288 -0.092831 0.995495 0.635987 -0.352003 0.931300 0.093665 0.114390 -0.935800 -0.352224 -0.014713 -0.266187 0.000000 0.000000 0.000000 1.000000
0.019288 -0.092831 0.995495 0.635987 -0.352003 0.931300 0.093665 0.114390 -0.935800 -0.352224 -0.014713 -0.266187 0.000000 0.000000 0.000000 1.000000
0.019288 -0.092831 0.995495 0.635987 -0.352003 0.931300 0.093665 0.114390 -0.935800 -0.352224 -0.014713 -0.266187 0.000000 0.000000 0.000000 1.000000
0.019288 -0.092831 0.995495 0.635987 -0.352003 0.931300 0.093665 0.114390 -0.935800 -0.352224 -0.014713 -0.266187 0.000000 0.000000 0.000000 1.000000
0.019288 -0.092831 0.995495 0.635987 -0.352003 0.931300 0.093665 0.114390 -0.935800 -0.352224 -0.014713 -0.266187 0.000000 0.000000 0.000000 1.000000
0.019288 -0.092831 0.995495 0.635987 -0.352003 0.931300 0.093665 0.114390 -0.935800 -0.352224 -0.014713 -0.266187 0.000000 0.000000 0.000000 1.000000
0.019288 -0.092831 0.995495 0.635987 -0.352003 0.931300 0.093665 0.114390 -0.935800 -0.352224 -0.014713 -0.266187 0.000000 0.000000 0.000000 1.000000
0.019288 -0.092831 0.995495 0.635987 -0.352003 0.931300 0.093665 0.114390 -0.935800 -0.352224 -0.014713 -0.266187 0.000000 0.000000 0.000000 1.000000
0.019288 -0.092831 0.995495 0.635987 -0.352003 0.931300 0.093665 0.114390 -0.935800 -0.352224 -0.014713 -0.266187 0.000000 0.000000 0.000000 1.000000
0.019288 -0.092831 0.995495 0.635987 -0.352003 0.931300 0.093665 0.114390 -0.935800 -0.352224 -0.014713 -0.266187 0.000000 0.000000 0.000000 1.000000
0.019288 -0.092831 0.995495 0.635987 -0.352003 0.931300 0.093665 0.114390 -0.935800 -0.352224 -0.014713 -0.266187 0.000000 0.000000 0.000000 1.000000
0.019288 -0.092831 0.995495 0.635987 -0.352003 0.931300 0.093665 0.114390 -0.935800 -0.352224 -0.014713 -0.266187 0.000000 0.000000 0.000000 1.000000
0.019288 -0.092831 0.995495 0.635987 -0.352003 0.931300 0.093665 0.114390 -0.935800 -0.352224 -0.014713 -0.266187 0.000000 0.000000 0.000000 1.000000
0.019288 -0.092831 0.995495 0.635987 -0.352003 0.931300 0.093665 0.114390 -0.935800 -0.352224 -0.014713 -0.266187 0.000000 0.000000 0.000000 1.000000
0.019288 -0.092831 0.995495 0.635987 -0.352003 0.931300 0.093665 0.114390 -0.935800 -0.352224 -0.014713 -0.266187 0.000000 0.000000 0.000000 1.000000
0.019288 -0.092831 0.995495 0.635987 -0.352003 0.931300 0.093665 0.114390 -0.935800 -0.352224 -0.014713 -0.266187 0.000000 0.000000 0.000000 1.000000
0.019288 -0.092831 0.995495 0.635987 -0.352003 0.931300 0.093665 0.114390 -0.935800 -0.352224 -0.014713 -0.266187 0.000000 0.000000 0.000000 1.000000
0.019288 -0.092831 0.995495 0.635987 -0.352003 0.931300 0.093665 0.114390 -0.935800 -0.352224 -0.014713 -0.266187 0.000000 0.000000 0.000000 1.000000
0.019288 -0.092831 0.995495 0.635987 -0.352003 0.931300 0.093665 0.114390 -0.935800 -0.352224 -0.014713 -0.266187 0.000000 0.000000 0.000000 1.000000
0.019288 -0.092831 0.995495 0.635987 -0.352003 0.931300 0.093665 0.114390 -0.935800 -0.352224 -0.014713 -0.266187 0.000000 0.000000 0.000000 1.000000
0.019288 -0.092831 0.995495 0.635987 -0.352003 0.931300 0.093665 0.114390 -0.935800 -0.352224 -0.014713 -0.266187 0.000000 0.000000 0.000000 1.000000
0.019288 -0.092831 0.995495 0.635987 -0.352003 0.931300 0.093665 0.114390 -0.935800 -0.352224 -0.014713 -0.266187 0.000000 0.000000 0.000000 1.000000</float_array>
     <technique_common>
      <accessor source="#jnt_right_shoulder-Matrix-animation-output-transform-array" count="53" stride="16">
       <param type="float4x4"></param>
      </accessor>
     </technique_common>
    </source>
    <source id="jnt_right_shoulder-Interpolations">
     <Name_array id="jnt_right_shoulder-Interpolations-array" count="53">
 LINEAR LINEAR LINEAR LINEAR LINEAR LINEAR LINEAR LINEAR LINEAR LINEAR LINEAR
LINEAR LINEAR LINEAR LINEAR LINEAR LINEAR LINEAR LINEAR LINEAR LINEAR LINEAR LINEAR
LINEAR LINEAR LINEAR LINEAR LINEAR LINEAR LINEAR LINEAR LINEAR LINEAR LINEAR LINEAR
LINEAR LINEAR LINEAR LINEAR LINEAR LINEAR LINEAR LINEAR LINEAR LINEAR LINEAR LINEAR
LINEAR LINEAR LINEAR LINEAR LINEAR LINEAR</Name_array>
     <technique_common>
      <accessor source="#jnt_right_shoulder-Interpolations-array" count="53">
       <param type="name"></param>
      </accessor>
     </technique_common>
    </source>
    <sampler id="jnt_right_shoulder-Matrix-animation-transform">
     <input semantic="INPUT" source="#jnt_right_shoulder-Matrix-animation-input"></input>
     <input semantic="OUTPUT" source="#jnt_right_shoulder-Matrix-animation-output-transform"></input>
     <input semantic="INTERPOLATION" source="#jnt_right_shoulder-Interpolations"></input>
    </sampler>
    <channel source="#jnt_right_shoulder-Matrix-animation-transform" target="jnt_right_shoulder/matrix"></channel>
   </animation>
  </animation>
  <animation id="jnt_right_arm-anim" name="jnt_right_arm">
   <animation>
    <source id="jnt_right_arm-Matrix-animation-input">
     <float_array id="jnt_right_arm-Matrix-animation-input-array" count="53">

0.000000 0.033333 0.066667 0.100000 0.133333 0.166667 0.200000 0.233333 0.266667 0.300000 0.333333 0.366667 0.400000 0.433333 0.466667 0.500000
0.533333 0.566667 0.600000 0.633333 0.666667 0.700000 0.733333 0.766667 0.800000 0.833333 0.866667 0.900000 0.933333 0.966667 1.000000 1.033333
1.066667 1.100000 1.133333 1.166667 1.200000 1.233333 1.266667 1.300000 1.333333 1.366667 1.400000 1.433333 1.466667 1.500000 1.533333 1.566667
1.600000 1.633333 1.666667 1.700000 1.733333</float_array>
     <technique_common>
      <accessor source="#jnt_right_arm-Matrix-animation-input-array" count="53">
       <param name="TIME" type="float"></param>
      </accessor>
     </technique_common>
    </source>
    <source id="jnt_right_arm-Matrix-animation-output-transform">
     <float_array id="jnt_right_arm-Matrix-animation-output-transform-array" count="848">

0.502419 -0.859073 -0.097818 0.525417 -0.137582 0.032259 -0.989965 0.032447 0.853608 0.510835 -0.101985 -0.009491 0.000000 0.000000 0.000000 1.000000
0.500987 -0.859991 -0.097087 0.525417 -0.123907 0.039752 -0.991497 0.032447 0.856539 0.508757 -0.086644 -0.009491 0.000000 0.000000 0.000000 1.000000
0.498167 -0.861963 -0.094066 0.525417 -0.089368 0.056866 -0.994374 0.032447 0.862464 0.503770 -0.048703 -0.009491 0.000000 0.000000 0.000000 1.000000
0.495514 -0.864138 -0.087926 0.525417 -0.043709 0.076292 -0.996127 0.032447 0.867499 0.497438 0.000033 -0.009491 0.000000 0.000000 0.000000 1.000000
0.495725 -0.864858 -0.079228 0.525417 0.001878 0.092293 -0.995730 0.032447 0.868478 0.493459 0.047376 -0.009491 0.000000 0.000000 0.000000 1.000000
0.502501 -0.861299 -0.075201 0.525417 0.035242 0.107313 -0.993600 0.032447 0.863858 0.496635 0.084279 -0.009491 0.000000 0.000000 0.000000 1.000000
0.520483 -0.850163 -0.079503 0.525417 0.057106 0.127558 -0.990185 0.032447 0.851961 0.510834 0.114941 -0.009491 0.000000 0.000000 0.000000 1.000000
0.557429 -0.825150 -0.091649 0.525417 0.072976 0.158661 -0.984632 0.032447 0.827011 0.542174 0.148659 -0.009491 0.000000 0.000000 0.000000 1.000000
0.614017 -0.781061 -0.113697 0.525417 0.087038 0.210173 -0.973782 0.032447 0.784479 0.588022 0.197031 -0.009491 0.000000 0.000000 0.000000 1.000000
0.689519 -0.709911 -0.143491 0.525417 0.103250 0.292443 -0.950692 0.032447 0.716870 0.640705 0.274944 -0.009491 0.000000 0.000000 0.000000 1.000000
0.779332 -0.601374 -0.176044 0.525417 0.113477 0.411751 -0.904203 0.032447 0.616251 0.684697 0.389133 -0.009491 0.000000 0.000000 0.000000 1.000000
0.874240 -0.438244 -0.208916 0.525417 0.077636 0.550974 -0.830903 0.032447 0.479246 0.710190 0.515707 -0.009491 0.000000 0.000000 0.000000 1.000000
0.944919 -0.236668 -0.226091 0.525417 -0.002794 0.684907 -0.728625 0.032447 0.327293 0.689123 0.646520 -0.009491 0.000000 0.000000 0.000000 1.000000
0.977443 -0.030524 -0.208982 0.525417 -0.104684 0.789373 -0.604922 0.032447 0.183430 0.613154 0.768372 -0.009491 0.000000 0.000000 0.000000 1.000000
0.977274 0.126726 -0.169929 0.525417 -0.195237 0.850342 -0.488671 0.032447 0.082570 0.510742 0.855759 -0.009491 0.000000 0.000000 0.000000 1.000000
0.972066 0.187025 -0.141812 0.525417 -0.230561 0.873988 -0.427768 0.032447 0.043939 0.448515 0.892695 -0.009491 0.000000 0.000000 0.000000 1.000000
0.974158 0.177545 -0.139624 0.525417 -0.221052 0.876399 -0.427856 0.032447 0.046403 0.447663 0.892997 -0.009491 0.000000 0.000000 0.000000 1.000000
0.975664 0.167628 -0.141352 0.525417 -0.213265 0.875287 -0.434039 0.032447 0.050967 0.453621 0.889736 -0.009491 0.000000 0.000000 0.000000 1.000000
0.976780 0.160336 -0.142103 0.525417 -0.207354 0.874357 -0.438751 0.032447 0.053901 0.458029 0.887301 -0.009491 0.000000 0.000000 0.000000 1.000000
0.977670 0.154099 -0.142885 0.525417 -0.202437 0.873107 -0.443513 0.032447 0.056409 0.462534 0.884805 -0.009491 0.000000 0.000000 0.000000 1.000000
0.978373 0.148808 -0.143677 0.525417 -0.198398 0.871605 -0.448266 0.032447 0.058524 0.467076 0.882278 -0.009491 0.000000 0.000000 0.000000 1.000000
0.978924 0.144361 -0.144456 0.525417 -0.195125 0.869926 -0.452939 0.032447 0.060279 0.471580 0.879760 -0.009491 0.000000 0.000000 0.000000 1.000000
0.979353 0.140658 -0.145197 0.525417 -0.192509 0.868137 -0.457469 0.032447 0.061704 0.475975 0.877291 -0.009491 0.000000 0.000000 0.000000 1.000000
0.979686 0.137607 -0.145877 0.525417 -0.190442 0.866306 -0.461785 0.032447 0.062829 0.480185 0.874914 -0.009491 0.000000 0.000000 0.000000 1.000000
0.979948 0.135097 -0.146459 0.525417 -0.188801 0.864505 -0.465816 0.032447 0.063685 0.484127 0.872677 -0.009491 0.000000 0.000000 0.000000 1.000000
0.980165 0.133022 -0.146909 0.525417 -0.187463 0.862810 -0.469486 0.032447 0.064302 0.487713 0.870632 -0.009491 0.000000 0.000000 0.000000 1.000000
0.980296 0.131628 -0.147290 0.525417 -0.186669 0.861186 -0.472771 0.032447 0.064615 0.490950 0.868788 -0.009491 0.000000 0.000000 0.000000 1.000000
0.980398 0.130470 -0.147639 0.525417 -0.186043 0.859725 -0.475669 0.032447 0.064868 0.493812 0.867145 -0.009491 0.000000 0.000000 0.000000 1.000000
0.980513 0.129723 -0.147535 0.525417 -0.185511 0.858536 -0.478018 0.032447 0.064654 0.496072 0.865870 -0.009491 0.000000 0.000000 0.000000 1.000000
0.980589 0.129260 -0.147438 0.525417 -0.185195 0.857572 -0.479867 0.032447 0.064411 0.497857 0.864864 -0.009491 0.000000 0.000000 0.000000 1.000000
0.980630 0.129016 -0.147376 0.525417 -0.185047 0.856879 -0.481160 0.032447 0.064207 0.499112 0.864156 -0.009491 0.000000 0.000000 0.000000 1.000000
0.980646 0.128926 -0.147347 0.525417 -0.185004 0.856508 -0.481837 0.032447 0.064083 0.499771 0.863784 -0.009491 0.000000 0.000000 0.000000 1.000000
0.980648 0.128917 -0.147343 0.525417 -0.185001 0.856459 -0.481925 0.032447 0.064065 0.499857 0.863735 -0.009491 0.000000 0.000000 0.000000 1.000000
0.979609 0.128735 -0.154253 0.525417 -0.188821 0.852244 -0.487879 0.032447 0.068654 0.507057 0.859174 -0.009491 0.000000 0.000000 0.000000 1.000000
0.972424 0.119921 -0.200025 0.525417 -0.210312 0.821591 -0.529865 0.032447 0.100797 0.557322 0.824155 -0.009491 0.000000 0.000000 0.000000 1.000000
0.960388 0.083027 -0.266008 0.525417 -0.231967 0.767164 -0.598038 0.032447 0.154419 0.636054 0.756035 -0.009491 0.000000 0.000000 0.000000 1.000000
0.945979 -0.001323 -0.324224 0.525417 -0.231343 0.697875 -0.677828 0.032447 0.227165 0.716218 0.659869 -0.009491 0.000000 0.000000 0.000000 1.000000
0.925296 -0.148480 -0.348972 0.525417 -0.183460 0.630096 -0.754533 0.032447 0.331919 0.762189 0.555785 -0.009491 0.000000 0.000000 0.000000 1.000000
0.890841 -0.313715 -0.328609 0.525417 -0.107785 0.556714 -0.823681 0.032447 0.441343 0.769189 0.462130 -0.009491 0.000000 0.000000 0.000000 1.000000
0.834425 -0.465204 -0.295500 0.525417 -0.044592 0.477432 -0.877536 0.032447 0.549315 0.745415 0.377636 -0.009491 0.000000 0.000000 0.000000 1.000000
0.762508 -0.594210 -0.255921 0.525417 -0.005799 0.389270 -0.921105 0.032447 0.646953 0.703834 0.293376 -0.009491 0.000000 0.000000 0.000000 1.000000
0.683524 -0.699110 -0.209856 0.525417 0.018861 0.304323 -0.952382 0.032447 0.729684 0.647018 0.221198 -0.009491 0.000000 0.000000 0.000000 1.000000
0.606927 -0.778026 -0.162217 0.525417 0.038416 0.232589 -0.971816 0.032447 0.793828 0.583590 0.171053 -0.009491 0.000000 0.000000 0.000000 1.000000
0.544402 -0.830620 -0.117028 0.525417 0.058086 0.176509 -0.982583 0.032447 0.836811 0.528122 0.144339 -0.009491 0.000000 0.000000 0.000000 1.000000
0.506305 -0.857843 -0.088089 0.525417 0.054243 0.133627 -0.989546 0.032447 0.860647 0.496234 0.114188 -0.009491 0.000000 0.000000 0.000000 1.000000
0.491485 -0.867273 -0.079237 0.525417 0.014375 0.099051 -0.994978 0.032447 0.870768 0.487877 0.061149 -0.009491 0.000000 0.000000 0.000000 1.000000
0.490455 -0.867526 -0.082777 0.525417 -0.044777 0.069774 -0.996557 0.032447 0.870316 0.492472 -0.004624 -0.009491 0.000000 0.000000 0.000000 1.000000
0.495109 -0.864007 -0.091418 0.525417 -0.105597 0.044598 -0.993408 0.032447 0.862390 0.501499 -0.069156 -0.009491 0.000000 0.000000 0.000000 1.000000
0.501679 -0.859441 -0.098382 0.525417 -0.151967 0.024400 -0.988084 0.032447 0.851601 0.510652 -0.118365 -0.009491 0.000000 0.000000 0.000000 1.000000
0.504930 -0.857259 -0.100758 0.525417 -0.170266 0.015517 -0.985276 0.032447 0.846201 0.514650 -0.138127 -0.009491 0.000000 0.000000 0.000000 1.000000
0.504657 -0.857556 -0.099594 0.525417 -0.163675 0.018232 -0.986345 0.032447 0.847663 0.514067 -0.131160 -0.009491 0.000000 0.000000 0.000000 1.000000
0.503606 -0.858283 -0.098642 0.525417 -0.150457 0.025303 -0.988292 0.032447 0.850732 0.512551 -0.116392 -0.009491 0.000000 0.000000 0.000000 1.000000
0.502595 -0.858956 -0.097934 0.525417 -0.139403 0.031277 -0.989741 0.032447 0.853209 0.511091 -0.104022 -0.009491 0.000000 0.000000 0.000000 1.000000</float_array>
     <technique_common>
      <accessor source="#jnt_right_arm-Matrix-animation-output-transform-array" count="53" stride="16">
       <param type="float4x4"></param>
      </accessor>
     </technique_common>
    </source>
    <source id="jnt_right_arm-Interpolations">
     <Name_array id="jnt_right_arm-Interpolations-array" count="53">
 LINEAR LINEAR LINEAR LINEAR LINEAR LINEAR LINEAR LINEAR LINEAR LINEAR LINEAR
LINEAR LINEAR LINEAR LINEAR LINEAR LINEAR LINEAR LINEAR LINEAR LINEAR LINEAR LINEAR
LINEAR LINEAR LINEAR LINEAR LINEAR LINEAR LINEAR LINEAR LINEAR LINEAR LINEAR LINEAR
LINEAR LINEAR LINEAR LINEAR LINEAR LINEAR LINEAR LINEAR LINEAR LINEAR LINEAR LINEAR
LINEAR LINEAR LINEAR LINEAR LINEAR LINEAR</Name_array>
     <technique_common>
      <accessor source="#jnt_right_arm-Interpolations-array" count="53">
       <param type="name"></param>
      </accessor>
     </technique_common>
    </source>
    <sampler id="jnt_right_arm-Matrix-animation-transform">
     <input semantic="INPUT" source="#jnt_right_arm-Matrix-animation-input"></input>
     <input semantic="OUTPUT" source="#jnt_right_arm-Matrix-animation-output-transform"></input>
     <input semantic="INTERPOLATION" source="#jnt_right_arm-Interpolations"></input>
    </sampler>
    <channel source="#jnt_right_arm-Matrix-animation-transform" target="jnt_right_arm/matrix"></channel>
   </animation>
  </animation>
  <animation id="jnt_right_armroll-anim" name="jnt_right_armroll">
   <animation>
    <source id="jnt_right_armroll-Matrix-animation-input">
     <float_array id="jnt_right_armroll-Matrix-animation-input-array" count="53">

0.000000 0.033333 0.066667 0.100000 0.133333 0.166667 0.200000 0.233333 0.266667 0.300000 0.333333 0.366667 0.400000 0.433333 0.466667 0.500000
0.533333 0.566667 0.600000 0.633333 0.666667 0.700000 0.733333 0.766667 0.800000 0.833333 0.866667 0.900000 0.933333 0.966667 1.000000 1.033333
1.066667 1.100000 1.133333 1.166667 1.200000 1.233333 1.266667 1.300000 1.333333 1.366667 1.400000 1.433333 1.466667 1.500000 1.533333 1.566667
1.600000 1.633333 1.666667 1.700000 1.733333</float_array>
     <technique_common>
      <accessor source="#jnt_right_armroll-Matrix-animation-input-array" count="53">
       <param name="TIME" type="float"></param>
      </accessor>
     </technique_common>
    </source>
    <source id="jnt_right_armroll-Matrix-animation-output-transform">
     <float_array id="jnt_right_armroll-Matrix-animation-output-transform-array" count="848">

1.000000 0.000000 -0.000000 0.421995 -0.000000 1.000000 -0.000000 -0.000002 0.000000 0.000000 1.000000 0.000004 0.000000 0.000000 0.000000 1.000000
1.000000 0.000000 -0.000000 0.421995 -0.000000 1.000000 0.000000 -0.000003 0.000000 -0.000000 1.000000 0.000004 0.000000 0.000000 0.000000 1.000000
1.000000 0.000000 -0.000000 0.421995 -0.000000 1.000000 -0.000000 -0.000003 0.000000 0.000000 1.000000 0.000004 0.000000 0.000000 0.000000 1.000000
1.000000 0.000000 -0.000000 0.421995 -0.000000 1.000000 0.000000 -0.000002 0.000000 -0.000000 1.000000 0.000004 0.000000 0.000000 0.000000 1.000000
1.000000 0.000000 -0.000000 0.421995 -0.000000 1.000000 -0.000000 -0.000002 0.000000 0.000000 1.000000 0.000004 0.000000 0.000000 0.000000 1.000000
1.000000 0.000000 -0.000000 0.421995 -0.000000 1.000000 -0.000000 -0.000002 0.000000 0.000000 1.000000 0.000004 0.000000 0.000000 0.000000 1.000000
1.000000 0.000000 -0.000000 0.421995 -0.000000 1.000000 -0.000000 -0.000002 0.000000 0.000000 1.000000 0.000004 0.000000 0.000000 0.000000 1.000000
1.000000 0.000000 -0.000000 0.421995 -0.000000 1.000000 -0.000000 -0.000002 0.000000 0.000000 1.000000 0.000004 0.000000 0.000000 0.000000 1.000000
1.000000 0.000000 -0.000000 0.421995 -0.000000 1.000000 -0.000000 -0.000002 0.000000 0.000000 1.000000 0.000004 0.000000 0.000000 0.000000 1.000000
1.000000 0.000000 -0.000000 0.421995 -0.000000 1.000000 0.000000 -0.000002 0.000000 -0.000000 1.000000 0.000004 0.000000 0.000000 0.000000 1.000000
1.000000 0.000000 -0.000000 0.421995 -0.000000 1.000000 0.000000 -0.000002 0.000000 -0.000000 1.000000 0.000004 0.000000 0.000000 0.000000 1.000000
1.000000 0.000000 -0.000000 0.421995 -0.000000 1.000000 0.000000 -0.000003 0.000000 -0.000000 1.000000 0.000004 0.000000 0.000000 0.000000 1.000000
1.000000 0.000000 -0.000000 0.421995 -0.000000 1.000000 -0.000000 -0.000002 0.000000 0.000000 1.000000 0.000004 0.000000 0.000000 0.000000 1.000000
1.000000 0.000000 -0.000000 0.421995 -0.000000 1.000000 0.000000 -0.000002 0.000000 -0.000000 1.000000 0.000004 0.000000 0.000000 0.000000 1.000000
1.000000 0.000000 -0.000000 0.421995 -0.000000 1.000000 -0.000000 -0.000002 0.000000 0.000000 1.000000 0.000004 0.000000 0.000000 0.000000 1.000000
1.000000 0.000000 -0.000000 0.421995 -0.000000 1.000000 -0.000000 -0.000002 0.000000 0.000000 1.000000 0.000004 0.000000 0.000000 0.000000 1.000000
1.000000 0.000000 -0.000000 0.421995 -0.000000 1.000000 -0.000000 -0.000002 0.000000 0.000000 1.000000 0.000004 0.000000 0.000000 0.000000 1.000000
1.000000 0.000000 -0.000000 0.421995 -0.000000 1.000000 -0.000000 -0.000003 0.000000 0.000000 1.000000 0.000004 0.000000 0.000000 0.000000 1.000000
1.000000 0.000000 -0.000000 0.421995 -0.000000 1.000000 -0.000000 -0.000002 0.000000 0.000000 1.000000 0.000004 0.000000 0.000000 0.000000 1.000000
1.000000 0.000000 -0.000000 0.421995 -0.000000 1.000000 -0.000000 -0.000002 0.000000 0.000000 1.000000 0.000004 0.000000 0.000000 0.000000 1.000000
1.000000 0.000000 -0.000000 0.421995 -0.000000 1.000000 0.000000 -0.000002 0.000000 -0.000000 1.000000 0.000003 0.000000 0.000000 0.000000 1.000000
1.000000 0.000000 -0.000000 0.421995 -0.000000 1.000000 0.000000 -0.000002 0.000000 -0.000000 1.000000 0.000004 0.000000 0.000000 0.000000 1.000000
1.000000 0.000000 -0.000000 0.421995 -0.000000 1.000000 0.000000 -0.000002 0.000000 -0.000000 1.000000 0.000004 0.000000 0.000000 0.000000 1.000000
1.000000 0.000000 -0.000000 0.421995 -0.000000 1.000000 0.000000 -0.000002 0.000000 -0.000000 1.000000 0.000004 0.000000 0.000000 0.000000 1.000000
1.000000 0.000000 -0.000000 0.421995 -0.000000 1.000000 0.000000 -0.000002 0.000000 -0.000000 1.000000 0.000004 0.000000 0.000000 0.000000 1.000000
1.000000 0.000000 -0.000000 0.421995 -0.000000 1.000000 0.000000 -0.000002 0.000000 -0.000000 1.000000 0.000004 0.000000 0.000000 0.000000 1.000000
1.000000 0.000000 -0.000000 0.421995 -0.000000 1.000000 0.000000 -0.000002 0.000000 -0.000000 1.000000 0.000004 0.000000 0.000000 0.000000 1.000000
1.000000 0.000000 -0.000000 0.421995 -0.000000 1.000000 0.000000 -0.000002 0.000000 -0.000000 1.000000 0.000004 0.000000 0.000000 0.000000 1.000000
1.000000 0.000000 -0.000000 0.421995 -0.000000 1.000000 0.000000 -0.000002 0.000000 -0.000000 1.000000 0.000004 0.000000 0.000000 0.000000 1.000000
1.000000 0.000000 -0.000000 0.421995 -0.000000 1.000000 0.000000 -0.000002 0.000000 -0.000000 1.000000 0.000004 0.000000 0.000000 0.000000 1.000000
1.000000 0.000000 -0.000000 0.421995 -0.000000 1.000000 0.000000 -0.000002 0.000000 -0.000000 1.000000 0.000004 0.000000 0.000000 0.000000 1.000000
1.000000 0.000000 -0.000000 0.421995 -0.000000 1.000000 0.000000 -0.000002 0.000000 -0.000000 1.000000 0.000004 0.000000 0.000000 0.000000 1.000000
1.000000 0.000000 -0.000000 0.421995 -0.000000 1.000000 0.000000 -0.000003 0.000000 -0.000000 1.000000 0.000004 0.000000 0.000000 0.000000 1.000000
1.000000 0.000000 -0.000000 0.421995 -0.000000 1.000000 0.000000 -0.000002 0.000000 -0.000000 1.000000 0.000004 0.000000 0.000000 0.000000 1.000000
1.000000 0.000000 -0.000000 0.421995 -0.000000 1.000000 0.000000 -0.000002 0.000000 -0.000000 1.000000 0.000004 0.000000 0.000000 0.000000 1.000000
1.000000 0.000000 -0.000000 0.421995 -0.000000 1.000000 -0.000000 -0.000002 0.000000 0.000000 1.000000 0.000004 0.000000 0.000000 0.000000 1.000000
1.000000 0.000000 0.000000 0.421995 -0.000000 1.000000 -0.000000 -0.000002 -0.000000 0.000000 1.000000 0.000004 0.000000 0.000000 0.000000 1.000000
1.000000 0.000000 -0.000000 0.421995 -0.000000 1.000000 -0.000000 -0.000003 0.000000 0.000000 1.000000 0.000004 0.000000 0.000000 0.000000 1.000000
1.000000 0.000000 -0.000000 0.421995 -0.000000 1.000000 0.000000 -0.000003 0.000000 -0.000000 1.000000 0.000004 0.000000 0.000000 0.000000 1.000000
1.000000 0.000000 -0.000000 0.421995 -0.000000 1.000000 -0.000000 -0.000002 0.000000 0.000000 1.000000 0.000004 0.000000 0.000000 0.000000 1.000000
1.000000 0.000000 -0.000000 0.421995 -0.000000 1.000000 0.000000 -0.000003 0.000000 -0.000000 1.000000 0.000004 0.000000 0.000000 0.000000 1.000000
1.000000 0.000000 -0.000000 0.421995 -0.000000 1.000000 -0.000000 -0.000002 0.000000 0.000000 1.000000 0.000004 0.000000 0.000000 0.000000 1.000000
1.000000 0.000000 -0.000000 0.421995 -0.000000 1.000000 -0.000000 -0.000002 0.000000 0.000000 1.000000 0.000004 0.000000 0.000000 0.000000 1.000000
1.000000 0.000000 -0.000000 0.421995 -0.000000 1.000000 0.000000 -0.000002 0.000000 -0.000000 1.000000 0.000004 0.000000 0.000000 0.000000 1.000000
1.000000 0.000000 -0.000000 0.421995 -0.000000 1.000000 0.000000 -0.000002 0.000000 -0.000000 1.000000 0.000004 0.000000 0.000000 0.000000 1.000000
1.000000 0.000000 -0.000000 0.421995 -0.000000 1.000000 -0.000000 -0.000002 0.000000 0.000000 1.000000 0.000004 0.000000 0.000000 0.000000 1.000000
1.000000 0.000000 -0.000000 0.421994 -0.000000 1.000000 -0.000000 -0.000002 0.000000 0.000000 1.000000 0.000004 0.000000 0.000000 0.000000 1.000000
1.000000 0.000000 -0.000000 0.421995 -0.000000 1.000000 -0.000000 -0.000002 0.000000 0.000000 1.000000 0.000004 0.000000 0.000000 0.000000 1.000000
1.000000 0.000000 -0.000000 0.421995 -0.000000 1.000000 0.000000 -0.000002 0.000000 -0.000000 1.000000 0.000004 0.000000 0.000000 0.000000 1.000000
1.000000 0.000000 -0.000000 0.421995 -0.000000 1.000000 -0.000000 -0.000002 0.000000 0.000000 1.000000 0.000004 0.000000 0.000000 0.000000 1.000000
1.000000 0.000000 -0.000000 0.421995 -0.000000 1.000000 -0.000000 -0.000002 0.000000 0.000000 1.000000 0.000004 0.000000 0.000000 0.000000 1.000000
1.000000 0.000000 -0.000000 0.421995 -0.000000 1.000000 -0.000000 -0.000002 0.000000 0.000000 1.000000 0.000004 0.000000 0.000000 0.000000 1.000000
1.000000 0.000000 -0.000000 0.421995 -0.000000 1.000000 -0.000000 -0.000003 0.000000 0.000000 1.000000 0.000004 0.000000 0.000000 0.000000 1.000000</float_array>
     <technique_common>
      <accessor source="#jnt_right_armroll-Matrix-animation-output-transform-array" count="53" stride="16">
       <param type="float4x4"></param>
      </accessor>
     </technique_common>
    </source>
    <source id="jnt_right_armroll-Interpolations">
     <Name_array id="jnt_right_armroll-Interpolations-array" count="53">
 LINEAR LINEAR LINEAR LINEAR LINEAR LINEAR LINEAR LINEAR LINEAR LINEAR LINEAR
LINEAR LINEAR LINEAR LINEAR LINEAR LINEAR LINEAR LINEAR LINEAR LINEAR LINEAR LINEAR
LINEAR LINEAR LINEAR LINEAR LINEAR LINEAR LINEAR LINEAR LINEAR LINEAR LINEAR LINEAR
LINEAR LINEAR LINEAR LINEAR LINEAR LINEAR LINEAR LINEAR LINEAR LINEAR LINEAR LINEAR
LINEAR LINEAR LINEAR LINEAR LINEAR LINEAR</Name_array>
     <technique_common>
      <accessor source="#jnt_right_armroll-Interpolations-array" count="53">
       <param type="name"></param>
      </accessor>
     </technique_common>
    </source>
    <sampler id="jnt_right_armroll-Matrix-animation-transform">
     <input semantic="INPUT" source="#jnt_right_armroll-Matrix-animation-input"></input>
     <input semantic="OUTPUT" source="#jnt_right_armroll-Matrix-animation-output-transform"></input>
     <input semantic="INTERPOLATION" source="#jnt_right_armroll-Interpolations"></input>
    </sampler>
    <channel source="#jnt_right_armroll-Matrix-animation-transform" target="jnt_right_armroll/matrix"></channel>
   </animation>
  </animation>
  <animation id="jnt_right_forearm-anim" name="jnt_right_forearm">
   <animation>
    <source id="jnt_right_forearm-Matrix-animation-input">
     <float_array id="jnt_right_forearm-Matrix-animation-input-array" count="53">

0.000000 0.033333 0.066667 0.100000 0.133333 0.166667 0.200000 0.233333 0.266667 0.300000 0.333333 0.366667 0.400000 0.433333 0.466667 0.500000
0.533333 0.566667 0.600000 0.633333 0.666667 0.700000 0.733333 0.766667 0.800000 0.833333 0.866667 0.900000 0.933333 0.966667 1.000000 1.033333
1.066667 1.100000 1.133333 1.166667 1.200000 1.233333 1.266667 1.300000 1.333333 1.366667 1.400000 1.433333 1.466667 1.500000 1.533333 1.566667
1.600000 1.633333 1.666667 1.700000 1.733333</float_array>
     <technique_common>
      <accessor source="#jnt_right_forearm-Matrix-animation-input-array" count="53">
       <param name="TIME" type="float"></param>
      </accessor>
     </technique_common>
    </source>
    <source id="jnt_right_forearm-Matrix-animation-output-transform">
     <float_array id="jnt_right_forearm-Matrix-animation-output-transform-array" count="848">

0.404190 0.134740 0.904696 0.843981 0.238947 0.939190 -0.246631 -0.000002 -0.882913 0.315860 0.347415 -0.000003 0.000000 0.000000 0.000000 1.000000
0.412184 0.125175 0.902460 0.843981 0.246310 0.938325 -0.242648 -0.000002 -0.877175 0.322301 0.355931 -0.000003 0.000000 0.000000 0.000000 1.000000
0.431742 0.100105 0.896425 0.843981 0.266056 0.935473 -0.232605 -0.000002 -0.861866 0.338924 0.377249 -0.000003 0.000000 0.000000 0.000000 1.000000
0.456339 0.064916 0.887435 0.843981 0.294276 0.930204 -0.219368 -0.000002 -0.839735 0.361257 0.405385 -0.000003 0.000000 0.000000 0.000000 1.000000
0.475784 0.023329 0.879252 0.843981 0.329579 0.922088 -0.202808 -0.000002 -0.815480 0.386276 0.431026 -0.000003 0.000000 0.000000 0.000000 1.000000
0.470990 -0.025978 0.881756 0.843981 0.375793 0.910239 -0.173912 -0.000001 -0.798090 0.413269 0.438476 -0.000003 0.000000 0.000000 0.000000 1.000000
0.438321 -0.088207 0.894479 0.843981 0.437212 0.890426 -0.126440 -0.000002 -0.785315 0.446499 0.428858 -0.000003 0.000000 0.000000 0.000000 1.000000
0.376893 -0.171837 0.910177 0.843981 0.519961 0.852458 -0.054370 -0.000001 -0.766545 0.493749 0.410634 -0.000003 0.000000 0.000000 0.000000 1.000000
0.287125 -0.279060 0.916343 0.843981 0.620343 0.783090 0.044103 -0.000002 -0.729887 0.555784 0.397957 -0.000003 0.000000 0.000000 0.000000 1.000000
0.171879 -0.407831 0.896733 0.843981 0.730279 0.663695 0.161872 -0.000001 -0.661174 0.627043 0.411905 -0.000003 0.000000 0.000000 0.000000 1.000000
0.032223 -0.542827 0.839226 0.843981 0.831126 0.480934 0.279165 -0.000002 -0.555151 0.688506 0.466654 -0.000003 0.000000 0.000000 0.000000 1.000000
-0.137491 -0.652012 0.745638 0.843981 0.893554 0.243168 0.377400 -0.000002 -0.427385 0.718157 0.549174 -0.000003 0.000000 0.000000 0.000000 1.000000
-0.296280 -0.716490 0.631552 0.843981 0.907478 -0.004983 0.420072 -0.000001 -0.297831 0.697578 0.651675 -0.000003 0.000000 0.000000 0.000000 1.000000
-0.413042 -0.747315 0.520496 0.843981 0.893026 -0.220264 0.392414 -0.000002 -0.178610 0.626900 0.758350 -0.000003 0.000000 0.000000 0.000000 1.000000
-0.476574 -0.763212 0.436331 0.843981 0.874838 -0.362698 0.321106 -0.000002 -0.086816 0.534750 0.840538 -0.000003 0.000000 0.000000 0.000000 1.000000
-0.487143 -0.778720 0.395330 0.843981 0.872408 -0.413212 0.261075 -0.000001 -0.039949 0.472070 0.880655 -0.000003 0.000000 0.000000 0.000000 1.000000
-0.471153 -0.790772 0.390761 0.843981 0.881370 -0.404658 0.243800 -0.000002 -0.034665 0.459272 0.887618 -0.000003 0.000000 0.000000 0.000000 1.000000
-0.464654 -0.793366 0.393275 0.843981 0.884697 -0.397117 0.244150 -0.000002 -0.037524 0.461375 0.886411 -0.000003 0.000000 0.000000 0.000000 1.000000
-0.461817 -0.793966 0.395402 0.843981 0.886073 -0.392870 0.246022 -0.000002 -0.039991 0.463972 0.884946 -0.000003 0.000000 0.000000 0.000000 1.000000
-0.460333 -0.793829 0.397401 0.843981 0.886726 -0.389703 0.248693 -0.000002 -0.042551 0.466867 0.883303 -0.000003 0.000000 0.000000 0.000000 1.000000
-0.460022 -0.793074 0.399265 0.843981 0.886759 -0.387489 0.252014 -0.000002 -0.045155 0.469984 0.881519 -0.000003 0.000000 0.000000 0.000000 1.000000
-0.460701 -0.791814 0.400979 0.843981 0.886271 -0.386106 0.255825 -0.000001 -0.047746 0.473234 0.879641 -0.000003 0.000000 0.000000 0.000000 1.000000
-0.462184 -0.790163 0.402527 0.843981 0.885358 -0.385431 0.259970 -0.000002 -0.050272 0.476534 0.877717 -0.000003 0.000000 0.000000 0.000000 1.000000
-0.464287 -0.788228 0.403897 0.843981 0.884117 -0.385343 0.264288 -0.000002 -0.052681 0.479798 0.875796 -0.000003 0.000000 0.000000 0.000000 1.000000
-0.466802 -0.786135 0.405077 0.843981 0.882655 -0.385711 0.268602 -0.000002 -0.054915 0.482927 0.873937 -0.000003 0.000000 0.000000 0.000000 1.000000
-0.469526 -0.784005 0.406054 0.843981 0.881082 -0.386412 0.272728 -0.000001 -0.056916 0.485820 0.872203 -0.000003 0.000000 0.000000 0.000000 1.000000
-0.472583 -0.781782 0.406795 0.843981 0.879330 -0.387557 0.276727 -0.000001 -0.058684 0.488484 0.870597 -0.000003 0.000000 0.000000 0.000000 1.000000
-0.475402 -0.779733 0.407442 0.843981 0.877703 -0.388635 0.280357 -0.000001 -0.060258 0.490895 0.869132 -0.000003 0.000000 0.000000 0.000000 1.000000
-0.477994 -0.778001 0.407720 0.843981 0.876224 -0.389972 0.283113 -0.000002 -0.061263 0.492580 0.868108 -0.000004 0.000000 0.000000 0.000000 1.000000
-0.480189 -0.776554 0.407899 0.843981 0.874968 -0.391157 0.285354 -0.000002 -0.062040 0.493922 0.867290 -0.000003 0.000000 0.000000 0.000000 1.000000
-0.481820 -0.775486 0.408007 0.843981 0.874032 -0.392059 0.286980 -0.000002 -0.062586 0.494884 0.866702 -0.000003 0.000000 0.000000 0.000000 1.000000
-0.482717 -0.774902 0.408057 0.843981 0.873517 -0.392565 0.287857 -0.000001 -0.062872 0.495397 0.866388 -0.000003 0.000000 0.000000 0.000000 1.000000
-0.482838 -0.774824 0.408063 0.843981 0.873448 -0.392634 0.287973 -0.000002 -0.062909 0.495465 0.866346 -0.000003 0.000000 0.000000 0.000000 1.000000
-0.480909 -0.773698 0.412453 0.843981 0.874080 -0.386245 0.294617 -0.000002 -0.068637 0.502201 0.862022 -0.000003 0.000000 0.000000 0.000000 1.000000
-0.466261 -0.764769 0.444666 0.843981 0.877783 -0.337456 0.340031 -0.000001 -0.109990 0.548863 0.828644 -0.000003 0.000000 0.000000 0.000000 1.000000
-0.439319 -0.745280 0.501553 0.843981 0.879719 -0.243858 0.408201 -0.000002 -0.181917 0.620556 0.762769 -0.000003 0.000000 0.000000 0.000000 1.000000
-0.403798 -0.711418 0.575179 0.843981 0.873196 -0.112163 0.474286 -0.000002 -0.272903 0.693760 0.666499 -0.000003 0.000000 0.000000 0.000000 1.000000
-0.354339 -0.670309 0.652020 0.843981 0.860646 0.038908 0.507715 -0.000001 -0.365695 0.741061 0.563111 -0.000003 0.000000 0.000000 0.000000 1.000000
-0.272317 -0.621248 0.734774 0.843981 0.848348 0.205320 0.488005 -0.000002 -0.454037 0.756236 0.471123 -0.000003 0.000000 0.000000 0.000000 1.000000
-0.150664 -0.551831 0.820233 0.843981 0.821476 0.391705 0.414421 -0.000002 -0.549980 0.736240 0.394300 -0.000003 0.000000 0.000000 0.000000 1.000000
-0.014643 -0.451484 0.892158 0.843981 0.762401 0.572256 0.302108 -0.000002 -0.646940 0.684606 0.335832 -0.000003 0.000000 0.000000 0.000000 1.000000
0.123993 -0.330770 0.935530 0.843981 0.674154 0.719885 0.165174 -0.000002 -0.728109 0.610211 0.312250 -0.000003 0.000000 0.000000 0.000000 1.000000
0.255300 -0.208757 0.944056 0.843981 0.570760 0.820669 0.027123 -0.000001 -0.780420 0.531905 0.328667 -0.000003 0.000000 0.000000 0.000000 1.000000
0.368191 -0.104053 0.923909 0.843981 0.472639 0.876687 -0.089619 -0.000001 -0.800654 0.469672 0.371968 -0.000003 0.000000 0.000000 0.000000 1.000000
0.436293 -0.024481 0.899471 0.843981 0.393694 0.904063 -0.166357 -0.000002 -0.809106 0.426697 0.404075 -0.000003 0.000000 0.000000 0.000000 1.000000
0.455306 0.035515 0.889626 0.843981 0.333827 0.919499 -0.207559 -0.000002 -0.825382 0.391484 0.406797 -0.000003 0.000000 0.000000 0.000000 1.000000
0.445451 0.080560 0.891674 0.843981 0.288644 0.929842 -0.228206 -0.000001 -0.847501 0.359031 0.390946 -0.000003 0.000000 0.000000 0.000000 1.000000
0.424757 0.113345 0.898184 0.843981 0.254280 0.937255 -0.238526 -0.000002 -0.868863 0.329706 0.369284 -0.000003 0.000000 0.000000 0.000000 1.000000
0.405814 0.133951 0.904086 0.843981 0.232002 0.941703 -0.243662 -0.000001 -0.884019 0.308632 0.351079 -0.000003 0.000000 0.000000 0.000000 1.000000
0.397638 0.142556 0.906400 0.843981 0.223357 0.943102 -0.246315 -0.000002 -0.889941 0.300395 0.343172 -0.000003 0.000000 0.000000 0.000000 1.000000
0.398861 0.142203 0.905918 0.843982 0.226097 0.942154 -0.247438 -0.000001 -0.888701 0.303519 0.343637 -0.000003 0.000000 0.000000 0.000000 1.000000
0.401408 0.138655 0.905343 0.843981 0.232636 0.940622 -0.247203 -0.000002 -0.885863 0.309845 0.345317 -0.000003 0.000000 0.000000 0.000000 1.000000
0.403778 0.135310 0.904795 0.843981 0.238062 0.939390 -0.246723 -0.000002 -0.883340 0.315019 0.347092 -0.000003 0.000000 0.000000 0.000000 1.000000</float_array>
     <technique_common>
      <accessor source="#jnt_right_forearm-Matrix-animation-output-transform-array" count="53" stride="16">
       <param type="float4x4"></param>
      </accessor>
     </technique_common>
    </source>
    <source id="jnt_right_forearm-Interpolations">
     <Name_array id="jnt_right_forearm-Interpolations-array" count="53">
 LINEAR LINEAR LINEAR LINEAR LINEAR LINEAR LINEAR LINEAR LINEAR LINEAR LINEAR
LINEAR LINEAR LINEAR LINEAR LINEAR LINEAR LINEAR LINEAR LINEAR LINEAR LINEAR LINEAR
LINEAR LINEAR LINEAR LINEAR LINEAR LINEAR LINEAR LINEAR LINEAR LINEAR LINEAR LINEAR
LINEAR LINEAR LINEAR LINEAR LINEAR LINEAR LINEAR LINEAR LINEAR LINEAR LINEAR LINEAR
LINEAR LINEAR LINEAR LINEAR LINEAR LINEAR</Name_array>
     <technique_common>
      <accessor source="#jnt_right_forearm-Interpolations-array" count="53">
       <param type="name"></param>
      </accessor>
     </technique_common>
    </source>
    <sampler id="jnt_right_forearm-Matrix-animation-transform">
     <input semantic="INPUT" source="#jnt_right_forearm-Matrix-animation-input"></input>
     <input semantic="OUTPUT" source="#jnt_right_forearm-Matrix-animation-output-transform"></input>
     <input semantic="INTERPOLATION" source="#jnt_right_forearm-Interpolations"></input>
    </sampler>
    <channel source="#jnt_right_forearm-Matrix-animation-transform" target="jnt_right_forearm/matrix"></channel>
   </animation>
  </animation>
  <animation id="jnt_right_forearmroll-anim" name="jnt_right_forearmroll">
   <animation>
    <source id="jnt_right_forearmroll-Matrix-animation-input">
     <float_array id="jnt_right_forearmroll-Matrix-animation-input-array" count="53">

0.000000 0.033333 0.066667 0.100000 0.133333 0.166667 0.200000 0.233333 0.266667 0.300000 0.333333 0.366667 0.400000 0.433333 0.466667 0.500000
0.533333 0.566667 0.600000 0.633333 0.666667 0.700000 0.733333 0.766667 0.800000 0.833333 0.866667 0.900000 0.933333 0.966667 1.000000 1.033333
1.066667 1.100000 1.133333 1.166667 1.200000 1.233333 1.266667 1.300000 1.333333 1.366667 1.400000 1.433333 1.466667 1.500000 1.533333 1.566667
1.600000 1.633333 1.666667 1.700000 1.733333</float_array>
     <technique_common>
      <accessor source="#jnt_right_forearmroll-Matrix-animation-input-array" count="53">
       <param name="TIME" type="float"></param>
      </accessor>
     </technique_common>
    </source>
    <source id="jnt_right_forearmroll-Matrix-animation-output-transform">
     <float_array id="jnt_right_forearmroll-Matrix-animation-output-transform-array" count="848">

1.000000 0.000001 0.000000 0.487001 -0.000001 1.000000 -0.000000 -0.000000 -0.000000 0.000000 1.000000 0.000004 0.000000 0.000000 0.000000 1.000000
1.000000 0.000001 0.000000 0.487001 -0.000001 1.000000 -0.000000 0.000000 -0.000000 0.000000 1.000000 0.000004 0.000000 0.000000 0.000000 1.000000
1.000000 0.000001 0.000000 0.487001 -0.000001 1.000000 -0.000000 -0.000000 -0.000000 0.000000 1.000000 0.000004 0.000000 0.000000 0.000000 1.000000
1.000000 0.000001 0.000000 0.487001 -0.000001 1.000000 -0.000000 -0.000000 -0.000000 0.000000 1.000000 0.000003 0.000000 0.000000 0.000000 1.000000
1.000000 0.000001 0.000000 0.487001 -0.000001 1.000000 -0.000000 -0.000000 -0.000000 0.000000 1.000000 0.000004 0.000000 0.000000 0.000000 1.000000
1.000000 0.000001 0.000000 0.487001 -0.000001 1.000000 -0.000000 -0.000000 -0.000000 0.000000 1.000000 0.000004 0.000000 0.000000 0.000000 1.000000
1.000000 0.000001 0.000000 0.487001 -0.000001 1.000000 -0.000000 -0.000000 -0.000000 0.000000 1.000000 0.000004 0.000000 0.000000 0.000000 1.000000
1.000000 0.000001 0.000000 0.487001 -0.000001 1.000000 -0.000000 0.000000 -0.000000 0.000000 1.000000 0.000003 0.000000 0.000000 0.000000 1.000000
1.000000 0.000001 0.000000 0.487001 -0.000001 1.000000 -0.000000 -0.000000 -0.000000 0.000000 1.000000 0.000004 0.000000 0.000000 0.000000 1.000000
1.000000 0.000001 0.000000 0.487001 -0.000001 1.000000 -0.000000 -0.000000 -0.000000 0.000000 1.000000 0.000004 0.000000 0.000000 0.000000 1.000000
1.000000 0.000001 0.000000 0.487001 -0.000001 1.000000 -0.000000 -0.000000 -0.000000 0.000000 1.000000 0.000004 0.000000 0.000000 0.000000 1.000000
1.000000 0.000001 0.000000 0.487001 -0.000001 1.000000 -0.000000 -0.000000 -0.000000 0.000000 1.000000 0.000004 0.000000 0.000000 0.000000 1.000000
1.000000 0.000001 0.000000 0.487001 -0.000001 1.000000 -0.000000 -0.000000 -0.000000 0.000000 1.000000 0.000003 0.000000 0.000000 0.000000 1.000000
1.000000 0.000001 0.000000 0.487001 -0.000001 1.000000 -0.000000 -0.000000 -0.000000 0.000000 1.000000 0.000004 0.000000 0.000000 0.000000 1.000000
1.000000 0.000001 0.000000 0.487001 -0.000001 1.000000 -0.000000 -0.000000 -0.000000 0.000000 1.000000 0.000003 0.000000 0.000000 0.000000 1.000000
1.000000 0.000001 0.000000 0.487001 -0.000001 1.000000 -0.000000 -0.000000 -0.000000 0.000000 1.000000 0.000004 0.000000 0.000000 0.000000 1.000000
1.000000 0.000001 0.000000 0.487001 -0.000001 1.000000 -0.000000 -0.000000 -0.000000 0.000000 1.000000 0.000004 0.000000 0.000000 0.000000 1.000000
1.000000 0.000001 0.000000 0.487001 -0.000001 1.000000 -0.000000 -0.000000 -0.000000 0.000000 1.000000 0.000003 0.000000 0.000000 0.000000 1.000000
1.000000 0.000001 0.000000 0.487001 -0.000001 1.000000 -0.000000 -0.000000 -0.000000 0.000000 1.000000 0.000003 0.000000 0.000000 0.000000 1.000000
1.000000 0.000001 0.000000 0.487001 -0.000001 1.000000 -0.000000 -0.000000 -0.000000 0.000000 1.000000 0.000004 0.000000 0.000000 0.000000 1.000000
1.000000 0.000001 0.000000 0.487001 -0.000001 1.000000 -0.000000 -0.000000 -0.000000 0.000000 1.000000 0.000003 0.000000 0.000000 0.000000 1.000000
1.000000 0.000001 0.000000 0.487001 -0.000001 1.000000 -0.000000 -0.000000 -0.000000 0.000000 1.000000 0.000004 0.000000 0.000000 0.000000 1.000000
1.000000 0.000001 0.000000 0.487001 -0.000001 1.000000 -0.000000 -0.000000 -0.000000 0.000000 1.000000 0.000003 0.000000 0.000000 0.000000 1.000000
1.000000 0.000001 0.000000 0.487001 -0.000001 1.000000 -0.000000 -0.000000 -0.000000 0.000000 1.000000 0.000004 0.000000 0.000000 0.000000 1.000000
1.000000 0.000001 0.000000 0.487001 -0.000001 1.000000 -0.000000 -0.000000 -0.000000 0.000000 1.000000 0.000004 0.000000 0.000000 0.000000 1.000000
1.000000 0.000001 0.000000 0.487001 -0.000001 1.000000 -0.000000 -0.000000 -0.000000 0.000000 1.000000 0.000003 0.000000 0.000000 0.000000 1.000000
1.000000 0.000001 0.000000 0.487001 -0.000001 1.000000 -0.000000 -0.000000 -0.000000 0.000000 1.000000 0.000004 0.000000 0.000000 0.000000 1.000000
1.000000 0.000001 0.000000 0.487001 -0.000001 1.000000 -0.000000 -0.000000 -0.000000 0.000000 1.000000 0.000004 0.000000 0.000000 0.000000 1.000000
1.000000 0.000001 0.000000 0.487001 -0.000001 1.000000 -0.000000 -0.000000 -0.000000 0.000000 1.000000 0.000003 0.000000 0.000000 0.000000 1.000000
1.000000 0.000001 0.000000 0.487001 -0.000001 1.000000 -0.000000 -0.000000 -0.000000 0.000000 1.000000 0.000004 0.000000 0.000000 0.000000 1.000000
1.000000 0.000001 0.000000 0.487001 -0.000001 1.000000 -0.000000 -0.000000 -0.000000 0.000000 1.000000 0.000004 0.000000 0.000000 0.000000 1.000000
1.000000 0.000001 0.000000 0.487001 -0.000001 1.000000 -0.000000 -0.000000 -0.000000 0.000000 1.000000 0.000003 0.000000 0.000000 0.000000 1.000000
1.000000 0.000001 0.000000 0.487001 -0.000001 1.000000 -0.000000 -0.000000 -0.000000 0.000000 1.000000 0.000004 0.000000 0.000000 0.000000 1.000000
1.000000 0.000001 0.000000 0.487001 -0.000001 1.000000 -0.000000 -0.000000 -0.000000 0.000000 1.000000 0.000003 0.000000 0.000000 0.000000 1.000000
1.000000 0.000001 0.000000 0.487001 -0.000001 1.000000 -0.000000 -0.000000 -0.000000 0.000000 1.000000 0.000004 0.000000 0.000000 0.000000 1.000000
1.000000 0.000001 0.000000 0.487001 -0.000001 1.000000 -0.000000 -0.000000 -0.000000 0.000000 1.000000 0.000003 0.000000 0.000000 0.000000 1.000000
1.000000 0.000001 0.000000 0.487001 -0.000001 1.000000 -0.000000 -0.000000 -0.000000 0.000000 1.000000 0.000004 0.000000 0.000000 0.000000 1.000000
1.000000 0.000001 0.000000 0.487001 -0.000001 1.000000 -0.000000 -0.000000 -0.000000 0.000000 1.000000 0.000004 0.000000 0.000000 0.000000 1.000000
1.000000 0.000001 0.000000 0.487001 -0.000001 1.000000 -0.000000 -0.000000 -0.000000 0.000000 1.000000 0.000003 0.000000 0.000000 0.000000 1.000000
1.000000 0.000001 0.000000 0.487001 -0.000001 1.000000 -0.000000 -0.000000 -0.000000 0.000000 1.000000 0.000003 0.000000 0.000000 0.000000 1.000000
1.000000 0.000001 0.000000 0.487001 -0.000001 1.000000 -0.000000 -0.000001 -0.000000 0.000000 1.000000 0.000004 0.000000 0.000000 0.000000 1.000000
1.000000 0.000001 0.000000 0.487001 -0.000001 1.000000 -0.000000 -0.000000 -0.000000 0.000000 1.000000 0.000004 0.000000 0.000000 0.000000 1.000000
1.000000 0.000001 0.000000 0.487001 -0.000001 1.000000 -0.000000 -0.000000 -0.000000 0.000000 1.000000 0.000004 0.000000 0.000000 0.000000 1.000000
1.000000 0.000001 0.000000 0.487001 -0.000001 1.000000 -0.000000 -0.000000 -0.000000 0.000000 1.000000 0.000004 0.000000 0.000000 0.000000 1.000000
1.000000 0.000001 0.000000 0.487001 -0.000001 1.000000 -0.000000 -0.000000 -0.000000 0.000000 1.000000 0.000004 0.000000 0.000000 0.000000 1.000000
1.000000 0.000001 0.000000 0.487001 -0.000001 1.000000 -0.000000 -0.000000 -0.000000 0.000000 1.000000 0.000004 0.000000 0.000000 0.000000 1.000000
1.000000 0.000001 0.000000 0.487001 -0.000001 1.000000 -0.000000 -0.000000 -0.000000 0.000000 1.000000 0.000003 0.000000 0.000000 0.000000 1.000000
1.000000 0.000001 0.000000 0.487001 -0.000001 1.000000 -0.000000 0.000000 -0.000000 0.000000 1.000000 0.000003 0.000000 0.000000 0.000000 1.000000
1.000000 0.000001 0.000000 0.487001 -0.000001 1.000000 -0.000000 -0.000000 -0.000000 0.000000 1.000000 0.000004 0.000000 0.000000 0.000000 1.000000
1.000000 0.000001 0.000000 0.487002 -0.000001 1.000000 -0.000000 0.000000 -0.000000 0.000000 1.000000 0.000004 0.000000 0.000000 0.000000 1.000000
1.000000 0.000001 0.000000 0.487001 -0.000001 1.000000 -0.000000 -0.000000 -0.000000 0.000000 1.000000 0.000003 0.000000 0.000000 0.000000 1.000000
1.000000 0.000001 0.000000 0.487001 -0.000001 1.000000 0.000000 -0.000000 -0.000000 -0.000000 1.000000 0.000004 0.000000 0.000000 0.000000 1.000000
1.000000 0.000001 0.000000 0.487001 -0.000001 1.000000 -0.000000 -0.000000 -0.000000 0.000000 1.000000 0.000004 0.000000 0.000000 0.000000 1.000000</float_array>
     <technique_common>
      <accessor source="#jnt_right_forearmroll-Matrix-animation-output-transform-array" count="53" stride="16">
       <param type="float4x4"></param>
      </accessor>
     </technique_common>
    </source>
    <source id="jnt_right_forearmroll-Interpolations">
     <Name_array id="jnt_right_forearmroll-Interpolations-array" count="53">
 LINEAR LINEAR LINEAR LINEAR LINEAR LINEAR LINEAR LINEAR LINEAR LINEAR LINEAR
LINEAR LINEAR LINEAR LINEAR LINEAR LINEAR LINEAR LINEAR LINEAR LINEAR LINEAR LINEAR
LINEAR LINEAR LINEAR LINEAR LINEAR LINEAR LINEAR LINEAR LINEAR LINEAR LINEAR LINEAR
LINEAR LINEAR LINEAR LINEAR LINEAR LINEAR LINEAR LINEAR LINEAR LINEAR LINEAR LINEAR
LINEAR LINEAR LINEAR LINEAR LINEAR LINEAR</Name_array>
     <technique_common>
      <accessor source="#jnt_right_forearmroll-Interpolations-array" count="53">
       <param type="name"></param>
      </accessor>
     </technique_common>
    </source>
    <sampler id="jnt_right_forearmroll-Matrix-animation-transform">
     <input semantic="INPUT" source="#jnt_right_forearmroll-Matrix-animation-input"></input>
     <input semantic="OUTPUT" source="#jnt_right_forearmroll-Matrix-animation-output-transform"></input>
     <input semantic="INTERPOLATION" source="#jnt_right_forearmroll-Interpolations"></input>
    </sampler>
    <channel source="#jnt_right_forearmroll-Matrix-animation-transform" target="jnt_right_forearmroll/matrix"></channel>
   </animation>
  </animation>
  <animation id="jnt_right_hand-anim" name="jnt_right_hand">
   <animation>
    <source id="jnt_right_hand-Matrix-animation-input">
     <float_array id="jnt_right_hand-Matrix-animation-input-array" count="53">

0.000000 0.033333 0.066667 0.100000 0.133333 0.166667 0.200000 0.233333 0.266667 0.300000 0.333333 0.366667 0.400000 0.433333 0.466667 0.500000
0.533333 0.566667 0.600000 0.633333 0.666667 0.700000 0.733333 0.766667 0.800000 0.833333 0.866667 0.900000 0.933333 0.966667 1.000000 1.033333
1.066667 1.100000 1.133333 1.166667 1.200000 1.233333 1.266667 1.300000 1.333333 1.366667 1.400000 1.433333 1.466667 1.500000 1.533333 1.566667
1.600000 1.633333 1.666667 1.700000 1.733333</float_array>
     <technique_common>
      <accessor source="#jnt_right_hand-Matrix-animation-input-array" count="53">
       <param name="TIME" type="float"></param>
      </accessor>
     </technique_common>
    </source>
    <source id="jnt_right_hand-Matrix-animation-output-transform">
     <float_array id="jnt_right_hand-Matrix-animation-output-transform-array" count="848">

0.760728 0.556681 0.333764 0.975261 -0.253657 0.728302 -0.636580 -0.000000 -0.597453 0.399603 0.695246 0.000002 0.000000 0.000000 0.000000 1.000000
0.764295 0.551553 0.334130 0.975261 -0.251035 0.731739 -0.633671 -0.000000 -0.593999 0.400433 0.697723 0.000002 0.000000 0.000000 0.000000 1.000000
0.775243 0.536975 0.332651 0.975261 -0.244258 0.740502 -0.626095 -0.000001 -0.582526 0.404123 0.705229 0.000003 0.000000 0.000000 0.000000 1.000000
0.793658 0.513673 0.325956 0.975261 -0.234079 0.752386 -0.615730 -0.000001 -0.561528 0.412379 0.717376 0.000002 0.000000 0.000000 0.000000 1.000000
0.820357 0.481007 0.309268 0.975261 -0.221309 0.765724 -0.603895 -0.000000 -0.527291 0.426966 0.734618 0.000002 0.000000 0.000000 0.000000 1.000000
0.857173 0.435693 0.274637 0.975261 -0.207612 0.780310 -0.589927 -0.000000 -0.471329 0.448652 0.759315 0.000003 0.000000 0.000000 0.000000 1.000000
0.899097 0.378334 0.220201 0.975261 -0.193979 0.795283 -0.574367 -0.000001 -0.392424 0.473697 0.788425 0.000002 0.000000 0.000000 0.000000 1.000000
0.937797 0.315708 0.144448 0.975261 -0.187098 0.810035 -0.555731 -0.000000 -0.292457 0.494137 0.818717 0.000002 0.000000 0.000000 0.000000 1.000000
0.966265 0.252195 0.052248 0.975261 -0.186183 0.824160 -0.534879 -0.000000 -0.177954 0.507108 0.843311 0.000002 0.000000 0.000000 0.000000 1.000000
0.979815 0.194071 -0.047947 0.975261 -0.191022 0.838233 -0.510760 -0.000000 -0.058933 0.509610 0.858385 0.000003 0.000000 0.000000 0.000000 1.000000
0.979523 0.142663 -0.142066 0.975261 -0.194297 0.854746 -0.481309 -0.000000 0.052765 0.499056 0.864962 0.000003 0.000000 0.000000 0.000000 1.000000
0.973814 0.094547 -0.206756 0.975261 -0.180525 0.874373 -0.450425 -0.000000 0.138196 0.475954 0.868545 0.000002 0.000000 0.000000 0.000000 1.000000
0.972305 0.032923 -0.231387 0.975261 -0.132322 0.893618 -0.428880 -0.000000 0.192652 0.447620 0.873225 0.000002 0.000000 0.000000 0.000000 1.000000
0.974678 -0.045890 -0.218853 0.975261 -0.051610 0.906127 -0.419846 -0.000000 0.217576 0.420510 0.880813 0.000003 0.000000 0.000000 0.000000 1.000000
0.972893 -0.133720 -0.188677 0.975261 0.042125 0.904696 -0.423970 -0.000000 0.227388 0.404529 0.885805 0.000002 0.000000 0.000000 0.000000 1.000000
0.967792 -0.193725 -0.160778 0.975261 0.108086 0.896519 -0.429617 -0.000000 0.227368 0.398402 0.888583 0.000003 0.000000 0.000000 0.000000 1.000000
0.967166 -0.212574 -0.139292 0.975261 0.134616 0.893371 -0.428680 -0.000000 0.215566 0.395854 0.892654 0.000002 0.000000 0.000000 0.000000 1.000000
0.967822 -0.211570 -0.136232 0.975261 0.135220 0.893840 -0.427511 -0.000000 0.212218 0.395333 0.893687 0.000002 0.000000 0.000000 0.000000 1.000000
0.968500 -0.207250 -0.138041 0.975261 0.130715 0.894963 -0.426562 -0.000000 0.211946 0.395081 0.893862 0.000002 0.000000 0.000000 0.000000 1.000000
0.969161 -0.202386 -0.140593 0.975261 0.125408 0.896184 -0.425590 -0.000000 0.212131 0.394834 0.893928 0.000002 0.000000 0.000000 0.000000 1.000000
0.969783 -0.197099 -0.143780 0.975261 0.119450 0.897467 -0.424601 -0.000000 0.212726 0.394596 0.893891 0.000002 0.000000 0.000000 0.000000 1.000000
0.970345 -0.191513 -0.147491 0.975261 0.113001 0.898774 -0.423600 -0.000000 0.213686 0.394371 0.893762 0.000002 0.000000 0.000000 0.000000 1.000000
0.970829 -0.185758 -0.151609 0.975261 0.106225 0.900072 -0.422595 -0.000000 0.214959 0.394163 0.893548 0.000002 0.000000 0.000000 0.000000 1.000000
0.971222 -0.179964 -0.156014 0.975261 0.099290 0.901332 -0.421595 -0.000000 0.216492 0.393972 0.893262 0.000002 0.000000 0.000000 0.000000 1.000000
0.971518 -0.174264 -0.160577 0.975261 0.092368 0.902526 -0.420613 -0.000000 0.218223 0.393800 0.892917 0.000003 0.000000 0.000000 0.000000 1.000000
0.971714 -0.168792 -0.165167 0.975261 0.085634 0.903631 -0.419663 -0.000000 0.220086 0.393649 0.892526 0.000002 0.000000 0.000000 0.000000 1.000000
0.971824 -0.163663 -0.169624 0.975261 0.079256 0.904630 -0.418763 -0.000000 0.221984 0.393520 0.892113 0.000002 0.000000 0.000000 0.000000 1.000000
0.971868 -0.159063 -0.173703 0.975261 0.073500 0.905494 -0.417945 -0.000000 0.223766 0.393420 0.891711 0.000002 0.000000 0.000000 0.000000 1.000000
0.971943 -0.154843 -0.177063 0.975261 0.068363 0.906223 -0.417236 -0.000001 0.225065 0.393425 0.891383 0.000002 0.000000 0.000000 0.000000 1.000000
0.971978 -0.151444 -0.179788 0.975261 0.064216 0.906791 -0.416661 -0.000000 0.226131 0.393440 0.891106 0.000002 0.000000 0.000000 0.000000 1.000000
0.971986 -0.149032 -0.181747 0.975261 0.061263 0.907184 -0.416249 -0.000000 0.226913 0.393454 0.890901 0.000002 0.000000 0.000000 0.000000 1.000000
0.971985 -0.147756 -0.182796 0.975261 0.059696 0.907389 -0.416031 -0.000000 0.227338 0.393463 0.890789 0.000002 0.000000 0.000000 0.000000 1.000000
0.971984 -0.147589 -0.182933 0.975261 0.059491 0.907416 -0.416002 -0.000000 0.227394 0.393464 0.890774 0.000002 0.000000 0.000000 0.000000 1.000000
0.972921 -0.148823 -0.176849 0.975261 0.063134 0.907144 -0.416058 -0.000001 0.222347 0.393627 0.891975 0.000002 0.000000 0.000000 0.000000 1.000000
0.978616 -0.152425 -0.138117 0.975261 0.082352 0.905643 -0.415967 -0.000000 0.188488 0.395698 0.898830 0.000003 0.000000 0.000000 0.000000 1.000000
0.985750 -0.144211 -0.086607 0.975261 0.095729 0.904257 -0.416120 -0.000000 0.138324 0.401900 0.905176 0.000002 0.000000 0.000000 0.000000 1.000000
0.992449 -0.108716 -0.056799 0.975261 0.074782 0.903336 -0.422364 -0.000000 0.097226 0.414928 0.904645 0.000003 0.000000 0.000000 0.000000 1.000000
0.996658 -0.041035 -0.070632 0.975261 0.005557 0.896724 -0.442556 -0.000000 0.081498 0.440685 0.893955 0.000002 0.000000 0.000000 0.000000 1.000000
0.995712 0.038310 -0.084206 0.975261 -0.073091 0.883746 -0.462223 -0.000000 0.056709 0.466396 0.882757 0.000002 0.000000 0.000000 0.000000 1.000000
0.993362 0.096671 -0.062340 0.975261 -0.114823 0.865766 -0.487098 -0.000000 0.006883 0.491023 0.871120 0.000002 0.000000 0.000000 0.000000 1.000000
0.988474 0.151083 -0.009609 0.975261 -0.134508 0.847358 -0.513704 -0.000000 -0.069469 0.509076 0.857913 0.000002 0.000000 0.000000 0.000000 1.000000
0.975497 0.211393 0.060975 0.975261 -0.146036 0.829427 -0.539189 -0.000000 -0.164555 0.517073 0.839974 0.000002 0.000000 0.000000 0.000000 1.000000
0.950502 0.279223 0.136306 0.975261 -0.157504 0.811124 -0.563268 -0.000000 -0.267839 0.513919 0.814954 0.000002 0.000000 0.000000 0.000000 1.000000
0.914244 0.351465 0.201569 0.975261 -0.175877 0.792447 -0.584033 -0.000000 -0.365000 0.498497 0.786305 0.000003 0.000000 0.000000 0.000000 1.000000
0.873097 0.418037 0.250891 0.975261 -0.197519 0.773765 -0.601892 -0.000000 -0.445744 0.475954 0.758142 0.000003 0.000000 0.000000 0.000000 1.000000
0.832359 0.473336 0.288324 0.975261 -0.217366 0.757335 -0.615789 -0.000000 -0.509833 0.449886 0.733261 0.000002 0.000000 0.000000 0.000000 1.000000
0.795399 0.516498 0.317129 0.975261 -0.234175 0.744500 -0.625205 -0.000000 -0.559020 0.423024 0.713125 0.000002 0.000000 0.000000 0.000000 1.000000
0.764531 0.548059 0.339299 0.975261 -0.247660 0.735735 -0.630364 -0.000000 -0.595111 0.397902 0.698224 0.000002 0.000000 0.000000 0.000000 1.000000
0.743263 0.568562 0.352558 0.975261 -0.259115 0.730520 -0.631823 -0.000000 -0.616781 0.378258 0.690291 0.000003 0.000000 0.000000 0.000000 1.000000
0.736941 0.575269 0.354942 0.975261 -0.263670 0.728140 -0.632685 -0.000000 -0.622412 0.372664 0.688277 0.000003 0.000000 0.000000 0.000000 1.000000
0.743168 0.571137 0.348573 0.975261 -0.261726 0.727581 -0.634134 -0.000000 -0.615793 0.380037 0.690196 0.000003 0.000000 0.000000 0.000000 1.000000
0.752554 0.563657 0.340521 0.975261 -0.257561 0.727831 -0.635551 -0.000000 -0.606074 0.390581 0.692907 0.000003 0.000000 0.000000 0.000000 1.000000
0.759618 0.557651 0.334672 0.975261 -0.254199 0.728227 -0.636450 -0.000000 -0.598634 0.398385 0.694929 0.000003 0.000000 0.000000 0.000000 1.000000</float_array>
     <technique_common>
      <accessor source="#jnt_right_hand-Matrix-animation-output-transform-array" count="53" stride="16">
       <param type="float4x4"></param>
      </accessor>
     </technique_common>
    </source>
    <source id="jnt_right_hand-Interpolations">
     <Name_array id="jnt_right_hand-Interpolations-array" count="53">
 LINEAR LINEAR LINEAR LINEAR LINEAR LINEAR LINEAR LINEAR LINEAR LINEAR LINEAR
LINEAR LINEAR LINEAR LINEAR LINEAR LINEAR LINEAR LINEAR LINEAR LINEAR LINEAR LINEAR
LINEAR LINEAR LINEAR LINEAR LINEAR LINEAR LINEAR LINEAR LINEAR LINEAR LINEAR LINEAR
LINEAR LINEAR LINEAR LINEAR LINEAR LINEAR LINEAR LINEAR LINEAR LINEAR LINEAR LINEAR
LINEAR LINEAR LINEAR LINEAR LINEAR LINEAR</Name_array>
     <technique_common>
      <accessor source="#jnt_right_hand-Interpolations-array" count="53">
       <param type="name"></param>
      </accessor>
     </technique_common>
    </source>
    <sampler id="jnt_right_hand-Matrix-animation-transform">
     <input semantic="INPUT" source="#jnt_right_hand-Matrix-animation-input"></input>
     <input semantic="OUTPUT" source="#jnt_right_hand-Matrix-animation-output-transform"></input>
     <input semantic="INTERPOLATION" source="#jnt_right_hand-Interpolations"></input>
    </sampler>
    <channel source="#jnt_right_hand-Matrix-animation-transform" target="jnt_right_hand/matrix"></channel>
   </animation>
  </animation>
  <animation id="jnt_right_handthumb1-anim" name="jnt_right_handthumb1">
   <animation>
    <source id="jnt_right_handthumb1-Matrix-animation-input">
     <float_array id="jnt_right_handthumb1-Matrix-animation-input-array" count="53">

0.000000 0.033333 0.066667 0.100000 0.133333 0.166667 0.200000 0.233333 0.266667 0.300000 0.333333 0.366667 0.400000 0.433333 0.466667 0.500000
0.533333 0.566667 0.600000 0.633333 0.666667 0.700000 0.733333 0.766667 0.800000 0.833333 0.866667 0.900000 0.933333 0.966667 1.000000 1.033333
1.066667 1.100000 1.133333 1.166667 1.200000 1.233333 1.266667 1.300000 1.333333 1.366667 1.400000 1.433333 1.466667 1.500000 1.533333 1.566667
1.600000 1.633333 1.666667 1.700000 1.733333</float_array>
     <technique_common>
      <accessor source="#jnt_right_handthumb1-Matrix-animation-input-array" count="53">
       <param name="TIME" type="float"></param>
      </accessor>
     </technique_common>
    </source>
    <source id="jnt_right_handthumb1-Matrix-animation-output-transform">
     <float_array id="jnt_right_handthumb1-Matrix-animation-output-transform-array" count="848">

0.840651 -0.501489 0.204487 0.060227 0.200669 0.639129 0.742460 0.203939 -0.503029 -0.583115 0.637918 -0.155682 0.000000 0.000000 0.000000 1.000000
0.840651 -0.501489 0.204487 0.060226 0.200669 0.639129 0.742459 0.203939 -0.503029 -0.583115 0.637918 -0.155682 0.000000 0.000000 0.000000 1.000000
0.840651 -0.501489 0.204487 0.060226 0.200669 0.639129 0.742459 0.203939 -0.503029 -0.583115 0.637918 -0.155682 0.000000 0.000000 0.000000 1.000000
0.840651 -0.501489 0.204487 0.060227 0.200669 0.639129 0.742460 0.203939 -0.503029 -0.583115 0.637917 -0.155681 0.000000 0.000000 0.000000 1.000000
0.840651 -0.501489 0.204487 0.060227 0.200669 0.639129 0.742460 0.203940 -0.503029 -0.583115 0.637918 -0.155682 0.000000 0.000000 0.000000 1.000000
0.840651 -0.501489 0.204487 0.060227 0.200669 0.639129 0.742459 0.203939 -0.503029 -0.583115 0.637918 -0.155682 0.000000 0.000000 0.000000 1.000000
0.840651 -0.501489 0.204487 0.060227 0.200669 0.639129 0.742459 0.203939 -0.503029 -0.583115 0.637918 -0.155681 0.000000 0.000000 0.000000 1.000000
0.840651 -0.501489 0.204487 0.060227 0.200669 0.639129 0.742460 0.203939 -0.503029 -0.583115 0.637918 -0.155682 0.000000 0.000000 0.000000 1.000000
0.840651 -0.501489 0.204487 0.060226 0.200669 0.639129 0.742459 0.203939 -0.503029 -0.583115 0.637918 -0.155682 0.000000 0.000000 0.000000 1.000000
0.840651 -0.501489 0.204487 0.060227 0.200669 0.639129 0.742459 0.203939 -0.503029 -0.583115 0.637917 -0.155682 0.000000 0.000000 0.000000 1.000000
0.840651 -0.501489 0.204487 0.060226 0.200669 0.639129 0.742459 0.203939 -0.503029 -0.583115 0.637918 -0.155682 0.000000 0.000000 0.000000 1.000000
0.840651 -0.501489 0.204487 0.060227 0.200669 0.639129 0.742460 0.203939 -0.503029 -0.583115 0.637918 -0.155682 0.000000 0.000000 0.000000 1.000000
0.840651 -0.501489 0.204487 0.060227 0.200669 0.639129 0.742459 0.203939 -0.503029 -0.583115 0.637917 -0.155682 0.000000 0.000000 0.000000 1.000000
0.840651 -0.501489 0.204487 0.060227 0.200669 0.639129 0.742460 0.203939 -0.503029 -0.583115 0.637917 -0.155682 0.000000 0.000000 0.000000 1.000000
0.840651 -0.501489 0.204487 0.060226 0.200669 0.639129 0.742459 0.203940 -0.503029 -0.583115 0.637918 -0.155682 0.000000 0.000000 0.000000 1.000000
0.840651 -0.501489 0.204487 0.060226 0.200669 0.639129 0.742459 0.203939 -0.503029 -0.583115 0.637917 -0.155682 0.000000 0.000000 0.000000 1.000000
0.840651 -0.501489 0.204487 0.060227 0.200669 0.639129 0.742460 0.203939 -0.503029 -0.583115 0.637918 -0.155682 0.000000 0.000000 0.000000 1.000000
0.840651 -0.501489 0.204487 0.060227 0.200669 0.639129 0.742459 0.203940 -0.503029 -0.583115 0.637918 -0.155682 0.000000 0.000000 0.000000 1.000000
0.840651 -0.501489 0.204487 0.060226 0.200669 0.639129 0.742459 0.203939 -0.503029 -0.583115 0.637917 -0.155682 0.000000 0.000000 0.000000 1.000000
0.840651 -0.501489 0.204487 0.060226 0.200669 0.639129 0.742460 0.203939 -0.503029 -0.583115 0.637918 -0.155683 0.000000 0.000000 0.000000 1.000000
0.840651 -0.501489 0.204487 0.060226 0.200669 0.639129 0.742459 0.203939 -0.503029 -0.583115 0.637918 -0.155682 0.000000 0.000000 0.000000 1.000000
0.840651 -0.501489 0.204487 0.060226 0.200669 0.639129 0.742459 0.203939 -0.503029 -0.583115 0.637918 -0.155682 0.000000 0.000000 0.000000 1.000000
0.840651 -0.501489 0.204487 0.060227 0.200669 0.639129 0.742460 0.203939 -0.503029 -0.583115 0.637918 -0.155682 0.000000 0.000000 0.000000 1.000000
0.840651 -0.501489 0.204487 0.060227 0.200669 0.639129 0.742460 0.203940 -0.503029 -0.583115 0.637918 -0.155682 0.000000 0.000000 0.000000 1.000000
0.840651 -0.501489 0.204487 0.060227 0.200669 0.639129 0.742460 0.203939 -0.503029 -0.583115 0.637918 -0.155682 0.000000 0.000000 0.000000 1.000000
0.840651 -0.501489 0.204487 0.060227 0.200669 0.639129 0.742460 0.203939 -0.503029 -0.583115 0.637918 -0.155682 0.000000 0.000000 0.000000 1.000000
0.840651 -0.501489 0.204487 0.060226 0.200669 0.639129 0.742459 0.203939 -0.503029 -0.583115 0.637918 -0.155682 0.000000 0.000000 0.000000 1.000000
0.840651 -0.501489 0.204487 0.060226 0.200669 0.639129 0.742459 0.203940 -0.503029 -0.583115 0.637918 -0.155682 0.000000 0.000000 0.000000 1.000000
0.840651 -0.501489 0.204487 0.060226 0.200669 0.639129 0.742459 0.203939 -0.503029 -0.583115 0.637918 -0.155683 0.000000 0.000000 0.000000 1.000000
0.840651 -0.501489 0.204487 0.060227 0.200669 0.639129 0.742460 0.203940 -0.503029 -0.583115 0.637918 -0.155682 0.000000 0.000000 0.000000 1.000000
0.840650 -0.501489 0.204487 0.060226 0.200669 0.639129 0.742460 0.203939 -0.503029 -0.583115 0.637917 -0.155683 0.000000 0.000000 0.000000 1.000000
0.840651 -0.501489 0.204487 0.060226 0.200669 0.639129 0.742460 0.203939 -0.503029 -0.583115 0.637918 -0.155682 0.000000 0.000000 0.000000 1.000000
0.840651 -0.501489 0.204487 0.060227 0.200669 0.639129 0.742459 0.203939 -0.503029 -0.583115 0.637918 -0.155682 0.000000 0.000000 0.000000 1.000000
0.840651 -0.501489 0.204487 0.060227 0.200669 0.639129 0.742460 0.203940 -0.503029 -0.583115 0.637918 -0.155682 0.000000 0.000000 0.000000 1.000000
0.840651 -0.501489 0.204487 0.060227 0.200669 0.639129 0.742460 0.203940 -0.503029 -0.583115 0.637918 -0.155681 0.000000 0.000000 0.000000 1.000000
0.840651 -0.501489 0.204487 0.060226 0.200669 0.639129 0.742459 0.203939 -0.503029 -0.583115 0.637918 -0.155682 0.000000 0.000000 0.000000 1.000000
0.840651 -0.501489 0.204487 0.060226 0.200669 0.639129 0.742459 0.203940 -0.503029 -0.583115 0.637918 -0.155682 0.000000 0.000000 0.000000 1.000000
0.840651 -0.501489 0.204487 0.060227 0.200669 0.639129 0.742460 0.203939 -0.503029 -0.583115 0.637918 -0.155682 0.000000 0.000000 0.000000 1.000000
0.840651 -0.501489 0.204487 0.060227 0.200669 0.639129 0.742459 0.203939 -0.503029 -0.583115 0.637918 -0.155682 0.000000 0.000000 0.000000 1.000000
0.840651 -0.501489 0.204487 0.060227 0.200669 0.639129 0.742460 0.203940 -0.503029 -0.583115 0.637918 -0.155682 0.000000 0.000000 0.000000 1.000000
0.840651 -0.501489 0.204487 0.060227 0.200669 0.639129 0.742459 0.203939 -0.503029 -0.583115 0.637917 -0.155683 0.000000 0.000000 0.000000 1.000000
0.840651 -0.501489 0.204487 0.060227 0.200669 0.639129 0.742459 0.203940 -0.503029 -0.583115 0.637918 -0.155681 0.000000 0.000000 0.000000 1.000000
0.840651 -0.501489 0.204487 0.060227 0.200669 0.639129 0.742459 0.203939 -0.503029 -0.583115 0.637918 -0.155681 0.000000 0.000000 0.000000 1.000000
0.840651 -0.501489 0.204487 0.060226 0.200669 0.639129 0.742459 0.203939 -0.503029 -0.583115 0.637917 -0.155682 0.000000 0.000000 0.000000 1.000000
0.840651 -0.501489 0.204487 0.060226 0.200669 0.639129 0.742459 0.203939 -0.503029 -0.583115 0.637917 -0.155682 0.000000 0.000000 0.000000 1.000000
0.840651 -0.501489 0.204487 0.060226 0.200669 0.639129 0.742459 0.203939 -0.503029 -0.583115 0.637918 -0.155682 0.000000 0.000000 0.000000 1.000000
0.840651 -0.501489 0.204487 0.060227 0.200669 0.639129 0.742460 0.203940 -0.503029 -0.583115 0.637918 -0.155682 0.000000 0.000000 0.000000 1.000000
0.840650 -0.501489 0.204487 0.060227 0.200669 0.639129 0.742459 0.203939 -0.503029 -0.583115 0.637917 -0.155682 0.000000 0.000000 0.000000 1.000000
0.840651 -0.501489 0.204487 0.060227 0.200669 0.639129 0.742459 0.203940 -0.503029 -0.583115 0.637917 -0.155682 0.000000 0.000000 0.000000 1.000000
0.840651 -0.501489 0.204487 0.060226 0.200669 0.639129 0.742460 0.203940 -0.503029 -0.583115 0.637918 -0.155682 0.000000 0.000000 0.000000 1.000000
0.840651 -0.501489 0.204487 0.060226 0.200669 0.639129 0.742460 0.203939 -0.503029 -0.583115 0.637918 -0.155683 0.000000 0.000000 0.000000 1.000000
0.840651 -0.501489 0.204487 0.060227 0.200669 0.639129 0.742459 0.203940 -0.503029 -0.583115 0.637918 -0.155682 0.000000 0.000000 0.000000 1.000000
0.840651 -0.501489 0.204487 0.060226 0.200669 0.639129 0.742460 0.203940 -0.503029 -0.583115 0.637917 -0.155683 0.000000 0.000000 0.000000 1.000000</float_array>
     <technique_common>
      <accessor source="#jnt_right_handthumb1-Matrix-animation-output-transform-array" count="53" stride="16">
       <param type="float4x4"></param>
      </accessor>
     </technique_common>
    </source>
    <source id="jnt_right_handthumb1-Interpolations">
     <Name_array id="jnt_right_handthumb1-Interpolations-array" count="53">
 LINEAR LINEAR LINEAR LINEAR LINEAR LINEAR LINEAR LINEAR LINEAR LINEAR LINEAR
LINEAR LINEAR LINEAR LINEAR LINEAR LINEAR LINEAR LINEAR LINEAR LINEAR LINEAR LINEAR
LINEAR LINEAR LINEAR LINEAR LINEAR LINEAR LINEAR LINEAR LINEAR LINEAR LINEAR LINEAR
LINEAR LINEAR LINEAR LINEAR LINEAR LINEAR LINEAR LINEAR LINEAR LINEAR LINEAR LINEAR
LINEAR LINEAR LINEAR LINEAR LINEAR LINEAR</Name_array>
     <technique_common>
      <accessor source="#jnt_right_handthumb1-Interpolations-array" count="53">
       <param type="name"></param>
      </accessor>
     </technique_common>
    </source>
    <sampler id="jnt_right_handthumb1-Matrix-animation-transform">
     <input semantic="INPUT" source="#jnt_right_handthumb1-Matrix-animation-input"></input>
     <input semantic="OUTPUT" source="#jnt_right_handthumb1-Matrix-animation-output-transform"></input>
     <input semantic="INTERPOLATION" source="#jnt_right_handthumb1-Interpolations"></input>
    </sampler>
    <channel source="#jnt_right_handthumb1-Matrix-animation-transform" target="jnt_right_handthumb1/matrix"></channel>
   </animation>
  </animation>
  <animation id="jnt_right_handthumb2-anim" name="jnt_right_handthumb2">
   <animation>
    <source id="jnt_right_handthumb2-Matrix-animation-input">
     <float_array id="jnt_right_handthumb2-Matrix-animation-input-array" count="53">

0.000000 0.033333 0.066667 0.100000 0.133333 0.166667 0.200000 0.233333 0.266667 0.300000 0.333333 0.366667 0.400000 0.433333 0.466667 0.500000
0.533333 0.566667 0.600000 0.633333 0.666667 0.700000 0.733333 0.766667 0.800000 0.833333 0.866667 0.900000 0.933333 0.966667 1.000000 1.033333
1.066667 1.100000 1.133333 1.166667 1.200000 1.233333 1.266667 1.300000 1.333333 1.366667 1.400000 1.433333 1.466667 1.500000 1.533333 1.566667
1.600000 1.633333 1.666667 1.700000 1.733333</float_array>
     <technique_common>
      <accessor source="#jnt_right_handthumb2-Matrix-animation-input-array" count="53">
       <param name="TIME" type="float"></param>
      </accessor>
     </technique_common>
    </source>
    <source id="jnt_right_handthumb2-Matrix-animation-output-transform">
     <float_array id="jnt_right_handthumb2-Matrix-animation-output-transform-array" count="848">

0.925479 0.378799 -0.000001 0.213224 -0.378800 0.925479 -0.000003 -0.000001 -0.000001 0.000003 1.000000 0.000000 0.000000 0.000000 0.000000 1.000000
0.925479 0.378800 -0.000001 0.213224 -0.378800 0.925479 -0.000003 -0.000000 -0.000001 0.000003 1.000000 0.000000 0.000000 0.000000 0.000000 1.000000
0.925479 0.378800 -0.000001 0.213224 -0.378800 0.925479 -0.000003 -0.000001 -0.000001 0.000003 1.000000 -0.000001 0.000000 0.000000 0.000000 1.000000
0.925479 0.378799 -0.000001 0.213224 -0.378800 0.925479 -0.000003 -0.000000 -0.000001 0.000003 1.000000 0.000001 0.000000 0.000000 0.000000 1.000000
0.925479 0.378800 -0.000001 0.213224 -0.378800 0.925479 -0.000003 -0.000000 -0.000001 0.000003 1.000000 0.000001 0.000000 0.000000 0.000000 1.000000
0.925479 0.378800 -0.000001 0.213224 -0.378799 0.925479 -0.000003 -0.000000 -0.000001 0.000003 1.000000 -0.000000 0.000000 0.000000 0.000000 1.000000
0.925479 0.378800 -0.000001 0.213224 -0.378800 0.925479 -0.000003 -0.000001 -0.000001 0.000003 1.000000 -0.000000 0.000000 0.000000 0.000000 1.000000
0.925479 0.378799 -0.000001 0.213224 -0.378800 0.925479 -0.000003 -0.000001 -0.000001 0.000003 1.000000 0.000000 0.000000 0.000000 0.000000 1.000000
0.925479 0.378799 -0.000001 0.213224 -0.378800 0.925479 -0.000003 -0.000001 -0.000001 0.000003 1.000000 0.000000 0.000000 0.000000 0.000000 1.000000
0.925479 0.378799 -0.000001 0.213224 -0.378800 0.925479 -0.000003 -0.000000 -0.000001 0.000003 1.000000 0.000000 0.000000 0.000000 0.000000 1.000000
0.925479 0.378800 -0.000001 0.213224 -0.378800 0.925479 -0.000003 -0.000000 -0.000001 0.000003 1.000000 -0.000000 0.000000 0.000000 0.000000 1.000000
0.925479 0.378800 -0.000001 0.213224 -0.378800 0.925479 -0.000003 -0.000001 -0.000001 0.000003 1.000000 0.000000 0.000000 0.000000 0.000000 1.000000
0.925479 0.378800 -0.000001 0.213224 -0.378800 0.925479 -0.000003 -0.000001 -0.000001 0.000003 1.000000 0.000000 0.000000 0.000000 0.000000 1.000000
0.925479 0.378800 -0.000001 0.213224 -0.378800 0.925479 -0.000003 -0.000000 -0.000001 0.000003 1.000000 0.000000 0.000000 0.000000 0.000000 1.000000
0.925479 0.378799 -0.000001 0.213224 -0.378799 0.925479 -0.000003 -0.000000 -0.000001 0.000003 1.000000 -0.000000 0.000000 0.000000 0.000000 1.000000
0.925479 0.378800 -0.000001 0.213224 -0.378800 0.925479 -0.000003 -0.000000 -0.000001 0.000003 1.000000 0.000001 0.000000 0.000000 0.000000 1.000000
0.925479 0.378799 -0.000001 0.213224 -0.378800 0.925479 -0.000003 -0.000001 -0.000001 0.000003 1.000000 0.000000 0.000000 0.000000 0.000000 1.000000
0.925479 0.378799 -0.000001 0.213224 -0.378800 0.925479 -0.000003 -0.000000 -0.000001 0.000003 1.000000 0.000000 0.000000 0.000000 0.000000 1.000000
0.925478 0.378800 -0.000001 0.213224 -0.378799 0.925479 -0.000003 -0.000001 -0.000001 0.000003 1.000000 -0.000000 0.000000 0.000000 0.000000 1.000000
0.925479 0.378800 -0.000001 0.213224 -0.378800 0.925479 -0.000003 -0.000001 -0.000001 0.000003 1.000000 -0.000000 0.000000 0.000000 0.000000 1.000000
0.925479 0.378800 -0.000001 0.213224 -0.378800 0.925479 -0.000003 -0.000000 -0.000001 0.000003 1.000000 0.000000 0.000000 0.000000 0.000000 1.000000
0.925479 0.378800 -0.000001 0.213224 -0.378800 0.925479 -0.000003 -0.000001 -0.000001 0.000003 1.000000 0.000000 0.000000 0.000000 0.000000 1.000000
0.925479 0.378800 -0.000001 0.213224 -0.378800 0.925479 -0.000003 -0.000001 -0.000001 0.000003 1.000000 -0.000000 0.000000 0.000000 0.000000 1.000000
0.925479 0.378800 -0.000001 0.213224 -0.378799 0.925479 -0.000003 -0.000001 -0.000001 0.000003 1.000000 -0.000000 0.000000 0.000000 0.000000 1.000000
0.925479 0.378800 -0.000001 0.213224 -0.378800 0.925479 -0.000003 -0.000001 -0.000001 0.000003 1.000000 -0.000001 0.000000 0.000000 0.000000 1.000000
0.925479 0.378799 -0.000001 0.213224 -0.378799 0.925479 -0.000003 -0.000001 -0.000001 0.000003 1.000000 -0.000000 0.000000 0.000000 0.000000 1.000000
0.925479 0.378800 -0.000001 0.213224 -0.378800 0.925479 -0.000003 -0.000000 -0.000001 0.000003 1.000000 0.000000 0.000000 0.000000 0.000000 1.000000
0.925479 0.378799 -0.000001 0.213224 -0.378800 0.925479 -0.000003 -0.000001 -0.000001 0.000003 1.000000 -0.000000 0.000000 0.000000 0.000000 1.000000
0.925479 0.378799 -0.000001 0.213224 -0.378799 0.925479 -0.000003 -0.000001 -0.000001 0.000003 1.000000 0.000000 0.000000 0.000000 0.000000 1.000000
0.925479 0.378800 -0.000001 0.213224 -0.378800 0.925479 -0.000003 -0.000001 -0.000001 0.000003 1.000000 -0.000000 0.000000 0.000000 0.000000 1.000000
0.925479 0.378799 -0.000001 0.213224 -0.378800 0.925479 -0.000003 -0.000001 -0.000001 0.000003 1.000000 0.000000 0.000000 0.000000 0.000000 1.000000
0.925479 0.378800 -0.000001 0.213224 -0.378800 0.925479 -0.000003 -0.000001 -0.000001 0.000003 1.000000 -0.000000 0.000000 0.000000 0.000000 1.000000
0.925479 0.378800 -0.000001 0.213224 -0.378800 0.925479 -0.000003 -0.000001 -0.000001 0.000003 1.000000 0.000000 0.000000 0.000000 0.000000 1.000000
0.925478 0.378800 -0.000001 0.213224 -0.378800 0.925479 -0.000003 -0.000000 -0.000001 0.000003 1.000000 0.000000 0.000000 0.000000 0.000000 1.000000
0.925479 0.378800 -0.000001 0.213224 -0.378800 0.925479 -0.000003 -0.000001 -0.000001 0.000003 1.000000 0.000001 0.000000 0.000000 0.000000 1.000000
0.925479 0.378799 -0.000001 0.213224 -0.378800 0.925479 -0.000003 -0.000000 -0.000001 0.000003 1.000000 -0.000001 0.000000 0.000000 0.000000 1.000000
0.925479 0.378800 -0.000001 0.213224 -0.378800 0.925479 -0.000003 -0.000000 -0.000001 0.000003 1.000000 0.000000 0.000000 0.000000 0.000000 1.000000
0.925479 0.378800 -0.000001 0.213224 -0.378800 0.925479 -0.000003 -0.000000 -0.000001 0.000003 1.000000 0.000000 0.000000 0.000000 0.000000 1.000000
0.925479 0.378800 -0.000001 0.213224 -0.378800 0.925479 -0.000003 -0.000001 -0.000001 0.000003 1.000000 0.000000 0.000000 0.000000 0.000000 1.000000
0.925479 0.378800 -0.000001 0.213224 -0.378800 0.925479 -0.000003 -0.000001 -0.000001 0.000003 1.000000 -0.000000 0.000000 0.000000 0.000000 1.000000
0.925479 0.378800 -0.000001 0.213224 -0.378800 0.925479 -0.000003 -0.000001 -0.000001 0.000003 1.000000 0.000000 0.000000 0.000000 0.000000 1.000000
0.925479 0.378799 -0.000001 0.213224 -0.378799 0.925479 -0.000003 -0.000000 -0.000001 0.000003 1.000000 0.000000 0.000000 0.000000 0.000000 1.000000
0.925479 0.378800 -0.000001 0.213224 -0.378800 0.925479 -0.000003 -0.000000 -0.000001 0.000003 1.000000 -0.000001 0.000000 0.000000 0.000000 1.000000
0.925479 0.378800 -0.000001 0.213224 -0.378800 0.925479 -0.000003 -0.000001 -0.000001 0.000003 1.000000 -0.000001 0.000000 0.000000 0.000000 1.000000
0.925479 0.378800 -0.000001 0.213224 -0.378800 0.925479 -0.000003 -0.000001 -0.000001 0.000003 1.000000 -0.000000 0.000000 0.000000 0.000000 1.000000
0.925479 0.378799 -0.000001 0.213224 -0.378800 0.925479 -0.000003 -0.000001 -0.000001 0.000003 1.000000 0.000000 0.000000 0.000000 0.000000 1.000000
0.925479 0.378800 -0.000001 0.213224 -0.378800 0.925479 -0.000003 -0.000000 -0.000001 0.000003 1.000000 -0.000000 0.000000 0.000000 0.000000 1.000000
0.925479 0.378799 -0.000001 0.213224 -0.378799 0.925479 -0.000003 -0.000001 -0.000001 0.000003 1.000000 -0.000000 0.000000 0.000000 0.000000 1.000000
0.925479 0.378800 -0.000001 0.213224 -0.378800 0.925479 -0.000003 -0.000000 -0.000001 0.000003 1.000000 -0.000000 0.000000 0.000000 0.000000 1.000000
0.925479 0.378799 -0.000001 0.213224 -0.378799 0.925479 -0.000003 -0.000001 -0.000001 0.000003 1.000000 0.000001 0.000000 0.000000 0.000000 1.000000
0.925479 0.378800 -0.000001 0.213224 -0.378800 0.925479 -0.000003 -0.000001 -0.000001 0.000003 1.000000 0.000001 0.000000 0.000000 0.000000 1.000000
0.925479 0.378800 -0.000001 0.213224 -0.378800 0.925479 -0.000003 -0.000000 -0.000001 0.000003 1.000000 0.000000 0.000000 0.000000 0.000000 1.000000
0.925479 0.378800 -0.000001 0.213224 -0.378800 0.925479 -0.000003 -0.000000 -0.000001 0.000003 1.000000 0.000000 0.000000 0.000000 0.000000 1.000000</float_array>
     <technique_common>
      <accessor source="#jnt_right_handthumb2-Matrix-animation-output-transform-array" count="53" stride="16">
       <param type="float4x4"></param>
      </accessor>
     </technique_common>
    </source>
    <source id="jnt_right_handthumb2-Interpolations">
     <Name_array id="jnt_right_handthumb2-Interpolations-array" count="53">
 LINEAR LINEAR LINEAR LINEAR LINEAR LINEAR LINEAR LINEAR LINEAR LINEAR LINEAR
LINEAR LINEAR LINEAR LINEAR LINEAR LINEAR LINEAR LINEAR LINEAR LINEAR LINEAR LINEAR
LINEAR LINEAR LINEAR LINEAR LINEAR LINEAR LINEAR LINEAR LINEAR LINEAR LINEAR LINEAR
LINEAR LINEAR LINEAR LINEAR LINEAR LINEAR LINEAR LINEAR LINEAR LINEAR LINEAR LINEAR
LINEAR LINEAR LINEAR LINEAR LINEAR LINEAR</Name_array>
     <technique_common>
      <accessor source="#jnt_right_handthumb2-Interpolations-array" count="53">
       <param type="name"></param>
      </accessor>
     </technique_common>
    </source>
    <sampler id="jnt_right_handthumb2-Matrix-animation-transform">
     <input semantic="INPUT" source="#jnt_right_handthumb2-Matrix-animation-input"></input>
     <input semantic="OUTPUT" source="#jnt_right_handthumb2-Matrix-animation-output-transform"></input>
     <input semantic="INTERPOLATION" source="#jnt_right_handthumb2-Interpolations"></input>
    </sampler>
    <channel source="#jnt_right_handthumb2-Matrix-animation-transform" target="jnt_right_handthumb2/matrix"></channel>
   </animation>
  </animation>
  <animation id="jnt_right_handthumb3-anim" name="jnt_right_handthumb3">
   <animation>
    <source id="jnt_right_handthumb3-Matrix-animation-input">
     <float_array id="jnt_right_handthumb3-Matrix-animation-input-array" count="53">

0.000000 0.033333 0.066667 0.100000 0.133333 0.166667 0.200000 0.233333 0.266667 0.300000 0.333333 0.366667 0.400000 0.433333 0.466667 0.500000
0.533333 0.566667 0.600000 0.633333 0.666667 0.700000 0.733333 0.766667 0.800000 0.833333 0.866667 0.900000 0.933333 0.966667 1.000000 1.033333
1.066667 1.100000 1.133333 1.166667 1.200000 1.233333 1.266667 1.300000 1.333333 1.366667 1.400000 1.433333 1.466667 1.500000 1.533333 1.566667
1.600000 1.633333 1.666667 1.700000 1.733333</float_array>
     <technique_common>
      <accessor source="#jnt_right_handthumb3-Matrix-animation-input-array" count="53">
       <param name="TIME" type="float"></param>
      </accessor>
     </technique_common>
    </source>
    <source id="jnt_right_handthumb3-Matrix-animation-output-transform">
     <float_array id="jnt_right_handthumb3-Matrix-animation-output-transform-array" count="848">

0.947989 0.318304 0.000001 0.141882 -0.318304 0.947989 0.000006 -0.000000 0.000001 -0.000006 1.000000 0.000023 0.000000 0.000000 0.000000 1.000000
0.947988 0.318304 0.000001 0.141882 -0.318304 0.947989 0.000006 -0.000000 0.000001 -0.000006 1.000000 0.000023 0.000000 0.000000 0.000000 1.000000
0.947989 0.318304 0.000001 0.141882 -0.318304 0.947989 0.000006 -0.000001 0.000001 -0.000006 1.000000 0.000023 0.000000 0.000000 0.000000 1.000000
0.947988 0.318304 0.000001 0.141882 -0.318304 0.947989 0.000006 -0.000001 0.000001 -0.000006 1.000000 0.000023 0.000000 0.000000 0.000000 1.000000
0.947989 0.318304 0.000001 0.141882 -0.318304 0.947988 0.000006 -0.000000 0.000001 -0.000006 1.000000 0.000024 0.000000 0.000000 0.000000 1.000000
0.947989 0.318304 0.000001 0.141882 -0.318304 0.947989 0.000006 -0.000000 0.000001 -0.000006 1.000000 0.000023 0.000000 0.000000 0.000000 1.000000
0.947988 0.318304 0.000001 0.141882 -0.318304 0.947988 0.000006 -0.000001 0.000001 -0.000006 1.000000 0.000022 0.000000 0.000000 0.000000 1.000000
0.947989 0.318304 0.000001 0.141882 -0.318304 0.947988 0.000006 -0.000001 0.000001 -0.000006 1.000000 0.000023 0.000000 0.000000 0.000000 1.000000
0.947988 0.318304 0.000001 0.141882 -0.318304 0.947989 0.000006 -0.000000 0.000001 -0.000006 1.000000 0.000024 0.000000 0.000000 0.000000 1.000000
0.947988 0.318304 0.000001 0.141882 -0.318304 0.947988 0.000006 -0.000001 0.000001 -0.000006 1.000000 0.000023 0.000000 0.000000 0.000000 1.000000
0.947988 0.318304 0.000001 0.141882 -0.318304 0.947989 0.000006 -0.000001 0.000001 -0.000006 1.000000 0.000023 0.000000 0.000000 0.000000 1.000000
0.947989 0.318304 0.000001 0.141882 -0.318304 0.947988 0.000006 -0.000001 0.000001 -0.000006 1.000000 0.000023 0.000000 0.000000 0.000000 1.000000
0.947989 0.318305 0.000001 0.141882 -0.318305 0.947989 0.000006 -0.000000 0.000001 -0.000006 1.000000 0.000023 0.000000 0.000000 0.000000 1.000000
0.947989 0.318304 0.000001 0.141882 -0.318304 0.947989 0.000006 -0.000001 0.000001 -0.000006 1.000000 0.000023 0.000000 0.000000 0.000000 1.000000
0.947989 0.318304 0.000001 0.141882 -0.318304 0.947989 0.000006 -0.000000 0.000001 -0.000006 1.000000 0.000022 0.000000 0.000000 0.000000 1.000000
0.947989 0.318304 0.000001 0.141882 -0.318305 0.947988 0.000006 -0.000001 0.000001 -0.000006 1.000000 0.000023 0.000000 0.000000 0.000000 1.000000
0.947988 0.318305 0.000001 0.141882 -0.318304 0.947989 0.000006 -0.000001 0.000001 -0.000006 1.000000 0.000023 0.000000 0.000000 0.000000 1.000000
0.947988 0.318304 0.000001 0.141882 -0.318304 0.947988 0.000006 -0.000000 0.000001 -0.000006 1.000000 0.000022 0.000000 0.000000 0.000000 1.000000
0.947989 0.318304 0.000001 0.141882 -0.318304 0.947989 0.000006 -0.000001 0.000001 -0.000006 1.000000 0.000023 0.000000 0.000000 0.000000 1.000000
0.947989 0.318304 0.000001 0.141882 -0.318304 0.947989 0.000006 -0.000001 0.000001 -0.000006 1.000000 0.000023 0.000000 0.000000 0.000000 1.000000
0.947989 0.318304 0.000001 0.141882 -0.318304 0.947989 0.000006 -0.000001 0.000001 -0.000006 1.000000 0.000023 0.000000 0.000000 0.000000 1.000000
0.947989 0.318304 0.000001 0.141882 -0.318304 0.947989 0.000006 -0.000001 0.000001 -0.000006 1.000000 0.000022 0.000000 0.000000 0.000000 1.000000
0.947989 0.318304 0.000001 0.141882 -0.318304 0.947989 0.000006 -0.000001 0.000001 -0.000006 1.000000 0.000023 0.000000 0.000000 0.000000 1.000000
0.947989 0.318304 0.000001 0.141882 -0.318304 0.947989 0.000006 -0.000001 0.000001 -0.000006 1.000000 0.000023 0.000000 0.000000 0.000000 1.000000
0.947988 0.318304 0.000001 0.141882 -0.318304 0.947988 0.000006 -0.000000 0.000001 -0.000006 1.000000 0.000023 0.000000 0.000000 0.000000 1.000000
0.947989 0.318304 0.000001 0.141882 -0.318304 0.947989 0.000006 -0.000000 0.000001 -0.000006 1.000000 0.000023 0.000000 0.000000 0.000000 1.000000
0.947989 0.318304 0.000001 0.141882 -0.318304 0.947988 0.000006 -0.000001 0.000001 -0.000006 1.000000 0.000023 0.000000 0.000000 0.000000 1.000000
0.947989 0.318304 0.000001 0.141882 -0.318304 0.947988 0.000006 -0.000001 0.000001 -0.000006 1.000000 0.000023 0.000000 0.000000 0.000000 1.000000
0.947989 0.318304 0.000001 0.141882 -0.318304 0.947989 0.000006 -0.000001 0.000001 -0.000006 1.000000 0.000023 0.000000 0.000000 0.000000 1.000000
0.947989 0.318304 0.000001 0.141882 -0.318304 0.947989 0.000006 -0.000001 0.000001 -0.000006 1.000000 0.000023 0.000000 0.000000 0.000000 1.000000
0.947989 0.318304 0.000001 0.141882 -0.318304 0.947989 0.000006 -0.000001 0.000001 -0.000006 1.000000 0.000022 0.000000 0.000000 0.000000 1.000000
0.947988 0.318304 0.000001 0.141882 -0.318304 0.947988 0.000006 -0.000001 0.000001 -0.000006 1.000000 0.000022 0.000000 0.000000 0.000000 1.000000
0.947989 0.318305 0.000001 0.141882 -0.318305 0.947989 0.000006 -0.000001 0.000001 -0.000006 1.000000 0.000024 0.000000 0.000000 0.000000 1.000000
0.947989 0.318304 0.000001 0.141881 -0.318305 0.947989 0.000006 -0.000001 0.000001 -0.000006 1.000000 0.000023 0.000000 0.000000 0.000000 1.000000
0.947988 0.318304 0.000001 0.141882 -0.318304 0.947989 0.000006 -0.000001 0.000001 -0.000006 1.000000 0.000023 0.000000 0.000000 0.000000 1.000000
0.947989 0.318304 0.000001 0.141882 -0.318304 0.947989 0.000006 -0.000001 0.000001 -0.000006 1.000000 0.000023 0.000000 0.000000 0.000000 1.000000
0.947989 0.318304 0.000001 0.141882 -0.318305 0.947989 0.000006 -0.000001 0.000001 -0.000006 1.000000 0.000023 0.000000 0.000000 0.000000 1.000000
0.947988 0.318304 0.000001 0.141882 -0.318304 0.947988 0.000006 -0.000001 0.000001 -0.000006 1.000000 0.000022 0.000000 0.000000 0.000000 1.000000
0.947989 0.318304 0.000001 0.141882 -0.318304 0.947989 0.000006 -0.000000 0.000001 -0.000006 1.000000 0.000023 0.000000 0.000000 0.000000 1.000000
0.947988 0.318304 0.000001 0.141882 -0.318304 0.947989 0.000006 -0.000001 0.000001 -0.000006 1.000000 0.000023 0.000000 0.000000 0.000000 1.000000
0.947989 0.318304 0.000001 0.141882 -0.318304 0.947989 0.000006 -0.000001 0.000001 -0.000006 1.000000 0.000023 0.000000 0.000000 0.000000 1.000000
0.947989 0.318304 0.000001 0.141882 -0.318304 0.947989 0.000006 -0.000001 0.000001 -0.000006 1.000000 0.000023 0.000000 0.000000 0.000000 1.000000
0.947989 0.318304 0.000001 0.141882 -0.318304 0.947989 0.000006 -0.000001 0.000001 -0.000006 1.000000 0.000023 0.000000 0.000000 0.000000 1.000000
0.947989 0.318304 0.000001 0.141882 -0.318304 0.947989 0.000006 -0.000001 0.000001 -0.000006 1.000000 0.000024 0.000000 0.000000 0.000000 1.000000
0.947988 0.318304 0.000001 0.141882 -0.318304 0.947988 0.000006 -0.000001 0.000001 -0.000006 1.000000 0.000024 0.000000 0.000000 0.000000 1.000000
0.947988 0.318304 0.000001 0.141882 -0.318304 0.947988 0.000006 -0.000000 0.000001 -0.000006 1.000000 0.000024 0.000000 0.000000 0.000000 1.000000
0.947989 0.318304 0.000001 0.141882 -0.318304 0.947989 0.000006 -0.000000 0.000001 -0.000006 1.000000 0.000023 0.000000 0.000000 0.000000 1.000000
0.947989 0.318304 0.000001 0.141882 -0.318304 0.947988 0.000006 -0.000000 0.000001 -0.000006 1.000000 0.000023 0.000000 0.000000 0.000000 1.000000
0.947989 0.318304 0.000001 0.141882 -0.318304 0.947988 0.000006 -0.000000 0.000001 -0.000006 1.000000 0.000022 0.000000 0.000000 0.000000 1.000000
0.947989 0.318304 0.000001 0.141882 -0.318304 0.947988 0.000006 -0.000001 0.000001 -0.000006 1.000000 0.000023 0.000000 0.000000 0.000000 1.000000
0.947989 0.318304 0.000001 0.141882 -0.318304 0.947988 0.000006 -0.000000 0.000001 -0.000006 1.000000 0.000023 0.000000 0.000000 0.000000 1.000000
0.947989 0.318305 0.000001 0.141882 -0.318304 0.947989 0.000006 -0.000001 0.000001 -0.000006 1.000000 0.000023 0.000000 0.000000 0.000000 1.000000
0.947989 0.318304 0.000001 0.141882 -0.318305 0.947989 0.000006 -0.000001 0.000001 -0.000006 1.000000 0.000023 0.000000 0.000000 0.000000 1.000000</float_array>
     <technique_common>
      <accessor source="#jnt_right_handthumb3-Matrix-animation-output-transform-array" count="53" stride="16">
       <param type="float4x4"></param>
      </accessor>
     </technique_common>
    </source>
    <source id="jnt_right_handthumb3-Interpolations">
     <Name_array id="jnt_right_handthumb3-Interpolations-array" count="53">
 LINEAR LINEAR LINEAR LINEAR LINEAR LINEAR LINEAR LINEAR LINEAR LINEAR LINEAR
LINEAR LINEAR LINEAR LINEAR LINEAR LINEAR LINEAR LINEAR LINEAR LINEAR LINEAR LINEAR
LINEAR LINEAR LINEAR LINEAR LINEAR LINEAR LINEAR LINEAR LINEAR LINEAR LINEAR LINEAR
LINEAR LINEAR LINEAR LINEAR LINEAR LINEAR LINEAR LINEAR LINEAR LINEAR LINEAR LINEAR
LINEAR LINEAR LINEAR LINEAR LINEAR LINEAR</Name_array>
     <technique_common>
      <accessor source="#jnt_right_handthumb3-Interpolations-array" count="53">
       <param type="name"></param>
      </accessor>
     </technique_common>
    </source>
    <sampler id="jnt_right_handthumb3-Matrix-animation-transform">
     <input semantic="INPUT" source="#jnt_right_handthumb3-Matrix-animation-input"></input>
     <input semantic="OUTPUT" source="#jnt_right_handthumb3-Matrix-animation-output-transform"></input>
     <input semantic="INTERPOLATION" source="#jnt_right_handthumb3-Interpolations"></input>
    </sampler>
    <channel source="#jnt_right_handthumb3-Matrix-animation-transform" target="jnt_right_handthumb3/matrix"></channel>
   </animation>
  </animation>
  <animation id="jnt_right_handthumb4-anim" name="jnt_right_handthumb4">
   <animation>
    <source id="jnt_right_handthumb4-Matrix-animation-input">
     <float_array id="jnt_right_handthumb4-Matrix-animation-input-array" count="53">

0.000000 0.033333 0.066667 0.100000 0.133333 0.166667 0.200000 0.233333 0.266667 0.300000 0.333333 0.366667 0.400000 0.433333 0.466667 0.500000
0.533333 0.566667 0.600000 0.633333 0.666667 0.700000 0.733333 0.766667 0.800000 0.833333 0.866667 0.900000 0.933333 0.966667 1.000000 1.033333
1.066667 1.100000 1.133333 1.166667 1.200000 1.233333 1.266667 1.300000 1.333333 1.366667 1.400000 1.433333 1.466667 1.500000 1.533333 1.566667
1.600000 1.633333 1.666667 1.700000 1.733333</float_array>
     <technique_common>
      <accessor source="#jnt_right_handthumb4-Matrix-animation-input-array" count="53">
       <param name="TIME" type="float"></param>
      </accessor>
     </technique_common>
    </source>
    <source id="jnt_right_handthumb4-Matrix-animation-output-transform">
     <float_array id="jnt_right_handthumb4-Matrix-animation-output-transform-array" count="848">

1.000000 -0.000002 -0.000000 0.122606 0.000002 1.000000 -0.000000 0.000000 0.000000 0.000000 1.000000 0.000000 0.000000 0.000000 0.000000 1.000000
1.000000 -0.000002 -0.000000 0.122606 0.000002 1.000000 -0.000000 0.000000 0.000000 0.000000 1.000000 -0.000000 0.000000 0.000000 0.000000 1.000000
1.000000 -0.000002 -0.000000 0.122606 0.000002 1.000000 -0.000000 0.000000 0.000000 0.000000 1.000000 -0.000000 0.000000 0.000000 0.000000 1.000000
1.000000 -0.000002 -0.000000 0.122606 0.000002 1.000000 -0.000000 0.000000 0.000000 0.000000 1.000000 -0.000000 0.000000 0.000000 0.000000 1.000000
1.000000 -0.000002 -0.000000 0.122606 0.000002 1.000000 -0.000000 0.000001 0.000000 0.000000 1.000000 0.000000 0.000000 0.000000 0.000000 1.000000
1.000000 -0.000002 -0.000000 0.122606 0.000002 1.000000 -0.000000 0.000001 0.000000 0.000000 1.000000 -0.000000 0.000000 0.000000 0.000000 1.000000
1.000000 -0.000002 -0.000000 0.122606 0.000002 1.000000 -0.000000 0.000000 0.000000 0.000000 1.000000 -0.000000 0.000000 0.000000 0.000000 1.000000
1.000000 -0.000002 -0.000000 0.122606 0.000002 1.000000 -0.000000 0.000001 0.000000 0.000000 1.000000 0.000000 0.000000 0.000000 0.000000 1.000000
1.000000 -0.000002 -0.000000 0.122606 0.000002 1.000000 -0.000000 0.000001 0.000000 0.000000 1.000000 0.000000 0.000000 0.000000 0.000000 1.000000
1.000000 -0.000002 -0.000000 0.122606 0.000002 1.000000 -0.000000 0.000000 0.000000 0.000000 1.000000 -0.000000 0.000000 0.000000 0.000000 1.000000
1.000000 -0.000002 0.000000 0.122606 0.000002 1.000000 -0.000000 0.000000 -0.000000 0.000000 1.000000 0.000000 0.000000 0.000000 0.000000 1.000000
1.000000 -0.000002 -0.000000 0.122606 0.000002 1.000000 -0.000000 0.000000 0.000000 0.000000 1.000000 -0.000000 0.000000 0.000000 0.000000 1.000000
1.000000 -0.000002 0.000000 0.122606 0.000002 1.000000 -0.000000 0.000000 -0.000000 0.000000 1.000000 0.000000 0.000000 0.000000 0.000000 1.000000
1.000000 -0.000002 0.000000 0.122606 0.000002 1.000000 -0.000000 0.000001 -0.000000 0.000000 1.000000 -0.000000 0.000000 0.000000 0.000000 1.000000
1.000000 -0.000002 -0.000000 0.122606 0.000002 1.000000 -0.000000 0.000000 0.000000 0.000000 1.000000 0.000000 0.000000 0.000000 0.000000 1.000000
1.000000 -0.000002 -0.000000 0.122606 0.000002 1.000000 -0.000000 0.000000 0.000000 0.000000 1.000000 -0.000000 0.000000 0.000000 0.000000 1.000000
1.000000 -0.000002 -0.000000 0.122606 0.000002 1.000000 -0.000000 0.000000 0.000000 0.000000 1.000000 -0.000000 0.000000 0.000000 0.000000 1.000000
1.000000 -0.000002 -0.000000 0.122606 0.000002 1.000000 -0.000000 0.000001 0.000000 0.000000 1.000000 0.000000 0.000000 0.000000 0.000000 1.000000
1.000000 -0.000002 -0.000000 0.122606 0.000002 1.000000 -0.000000 0.000000 0.000000 0.000000 1.000000 0.000000 0.000000 0.000000 0.000000 1.000000
1.000000 -0.000002 -0.000000 0.122606 0.000002 1.000000 -0.000000 0.000001 0.000000 0.000000 1.000000 -0.000000 0.000000 0.000000 0.000000 1.000000
1.000000 -0.000002 -0.000000 0.122606 0.000002 1.000000 -0.000000 0.000000 0.000000 0.000000 1.000000 -0.000000 0.000000 0.000000 0.000000 1.000000
1.000000 -0.000002 -0.000000 0.122606 0.000002 1.000000 -0.000000 0.000000 0.000000 0.000000 1.000000 0.000000 0.000000 0.000000 0.000000 1.000000
1.000000 -0.000002 -0.000000 0.122606 0.000002 1.000000 -0.000000 0.000000 0.000000 0.000000 1.000000 -0.000000 0.000000 0.000000 0.000000 1.000000
1.000000 -0.000002 -0.000000 0.122606 0.000002 1.000000 -0.000000 0.000000 0.000000 0.000000 1.000000 -0.000000 0.000000 0.000000 0.000000 1.000000
1.000000 -0.000002 -0.000000 0.122606 0.000002 1.000000 -0.000000 0.000000 0.000000 0.000000 1.000000 0.000000 0.000000 0.000000 0.000000 1.000000
1.000000 -0.000002 -0.000000 0.122606 0.000002 1.000000 -0.000000 0.000000 0.000000 0.000000 1.000000 -0.000000 0.000000 0.000000 0.000000 1.000000
1.000000 -0.000002 -0.000000 0.122606 0.000002 1.000000 -0.000000 0.000000 0.000000 0.000000 1.000000 -0.000000 0.000000 0.000000 0.000000 1.000000
1.000000 -0.000002 -0.000000 0.122606 0.000002 1.000000 -0.000000 0.000000 0.000000 0.000000 1.000000 -0.000000 0.000000 0.000000 0.000000 1.000000
1.000000 -0.000002 -0.000000 0.122606 0.000002 1.000000 -0.000000 0.000001 0.000000 0.000000 1.000000 -0.000000 0.000000 0.000000 0.000000 1.000000
1.000000 -0.000002 -0.000000 0.122606 0.000002 1.000000 -0.000000 0.000000 0.000000 0.000000 1.000000 0.000000 0.000000 0.000000 0.000000 1.000000
1.000000 -0.000002 -0.000000 0.122606 0.000002 1.000000 -0.000000 0.000000 0.000000 0.000000 1.000000 -0.000000 0.000000 0.000000 0.000000 1.000000
1.000000 -0.000002 -0.000000 0.122606 0.000002 1.000000 -0.000000 0.000000 0.000000 0.000000 1.000000 -0.000000 0.000000 0.000000 0.000000 1.000000
1.000000 -0.000002 -0.000000 0.122606 0.000002 1.000000 -0.000000 0.000000 0.000000 0.000000 1.000000 0.000000 0.000000 0.000000 0.000000 1.000000
1.000000 -0.000002 -0.000000 0.122606 0.000002 1.000000 -0.000000 0.000001 0.000000 0.000000 1.000000 0.000000 0.000000 0.000000 0.000000 1.000000
1.000000 -0.000002 -0.000000 0.122606 0.000002 1.000000 -0.000000 0.000000 0.000000 0.000000 1.000000 -0.000000 0.000000 0.000000 0.000000 1.000000
1.000000 -0.000002 -0.000000 0.122606 0.000002 1.000000 -0.000000 0.000000 0.000000 0.000000 1.000000 0.000000 0.000000 0.000000 0.000000 1.000000
1.000000 -0.000002 -0.000000 0.122606 0.000002 1.000000 -0.000000 0.000000 0.000000 0.000000 1.000000 0.000000 0.000000 0.000000 0.000000 1.000000
1.000000 -0.000002 -0.000000 0.122606 0.000002 1.000000 -0.000000 0.000000 0.000000 0.000000 1.000000 0.000000 0.000000 0.000000 0.000000 1.000000
1.000000 -0.000002 -0.000000 0.122606 0.000002 1.000000 -0.000000 0.000001 0.000000 0.000000 1.000000 0.000000 0.000000 0.000000 0.000000 1.000000
1.000000 -0.000002 -0.000000 0.122606 0.000002 1.000000 -0.000000 0.000000 0.000000 0.000000 1.000000 0.000000 0.000000 0.000000 0.000000 1.000000
1.000000 -0.000002 -0.000000 0.122606 0.000002 1.000000 -0.000000 0.000000 0.000000 0.000000 1.000000 0.000001 0.000000 0.000000 0.000000 1.000000
1.000000 -0.000002 -0.000000 0.122606 0.000002 1.000000 -0.000000 0.000000 0.000000 0.000000 1.000000 -0.000000 0.000000 0.000000 0.000000 1.000000
1.000000 -0.000002 -0.000000 0.122606 0.000002 1.000000 -0.000000 0.000000 0.000000 0.000000 1.000000 0.000000 0.000000 0.000000 0.000000 1.000000
1.000000 -0.000002 -0.000000 0.122606 0.000002 1.000000 -0.000000 0.000000 0.000000 0.000000 1.000000 -0.000000 0.000000 0.000000 0.000000 1.000000
1.000000 -0.000002 -0.000000 0.122606 0.000002 1.000000 -0.000000 0.000001 0.000000 0.000000 1.000000 -0.000000 0.000000 0.000000 0.000000 1.000000
1.000000 -0.000002 -0.000000 0.122606 0.000002 1.000000 -0.000000 0.000000 0.000000 0.000000 1.000000 0.000000 0.000000 0.000000 0.000000 1.000000
1.000000 -0.000002 -0.000000 0.122606 0.000002 1.000000 -0.000000 0.000000 0.000000 0.000000 1.000000 0.000000 0.000000 0.000000 0.000000 1.000000
1.000000 -0.000002 -0.000000 0.122606 0.000002 1.000000 -0.000000 0.000001 0.000000 0.000000 1.000000 0.000000 0.000000 0.000000 0.000000 1.000000
1.000000 -0.000002 -0.000000 0.122606 0.000002 1.000000 -0.000000 0.000000 0.000000 0.000000 1.000000 -0.000000 0.000000 0.000000 0.000000 1.000000
1.000000 -0.000002 -0.000000 0.122606 0.000002 1.000000 -0.000000 0.000000 0.000000 0.000000 1.000000 -0.000000 0.000000 0.000000 0.000000 1.000000
1.000000 -0.000002 -0.000000 0.122606 0.000002 1.000000 -0.000000 0.000000 0.000000 0.000000 1.000000 -0.000000 0.000000 0.000000 0.000000 1.000000
1.000000 -0.000002 -0.000000 0.122606 0.000002 1.000000 -0.000000 0.000000 0.000000 0.000000 1.000000 0.000000 0.000000 0.000000 0.000000 1.000000
1.000000 -0.000002 -0.000000 0.122606 0.000002 1.000000 -0.000000 0.000000 0.000000 0.000000 1.000000 0.000000 0.000000 0.000000 0.000000 1.000000</float_array>
     <technique_common>
      <accessor source="#jnt_right_handthumb4-Matrix-animation-output-transform-array" count="53" stride="16">
       <param type="float4x4"></param>
      </accessor>
     </technique_common>
    </source>
    <source id="jnt_right_handthumb4-Interpolations">
     <Name_array id="jnt_right_handthumb4-Interpolations-array" count="53">
 LINEAR LINEAR LINEAR LINEAR LINEAR LINEAR LINEAR LINEAR LINEAR LINEAR LINEAR
LINEAR LINEAR LINEAR LINEAR LINEAR LINEAR LINEAR LINEAR LINEAR LINEAR LINEAR LINEAR
LINEAR LINEAR LINEAR LINEAR LINEAR LINEAR LINEAR LINEAR LINEAR LINEAR LINEAR LINEAR
LINEAR LINEAR LINEAR LINEAR LINEAR LINEAR LINEAR LINEAR LINEAR LINEAR LINEAR LINEAR
LINEAR LINEAR LINEAR LINEAR LINEAR LINEAR</Name_array>
     <technique_common>
      <accessor source="#jnt_right_handthumb4-Interpolations-array" count="53">
       <param type="name"></param>
      </accessor>
     </technique_common>
    </source>
    <sampler id="jnt_right_handthumb4-Matrix-animation-transform">
     <input semantic="INPUT" source="#jnt_right_handthumb4-Matrix-animation-input"></input>
     <input semantic="OUTPUT" source="#jnt_right_handthumb4-Matrix-animation-output-transform"></input>
     <input semantic="INTERPOLATION" source="#jnt_right_handthumb4-Interpolations"></input>
    </sampler>
    <channel source="#jnt_right_handthumb4-Matrix-animation-transform" target="jnt_right_handthumb4/matrix"></channel>
   </animation>
  </animation>
  <animation id="jnt_right_handindex1-anim" name="jnt_right_handindex1">
   <animation>
    <source id="jnt_right_handindex1-Matrix-animation-input">
     <float_array id="jnt_right_handindex1-Matrix-animation-input-array" count="53">

0.000000 0.033333 0.066667 0.100000 0.133333 0.166667 0.200000 0.233333 0.266667 0.300000 0.333333 0.366667 0.400000 0.433333 0.466667 0.500000
0.533333 0.566667 0.600000 0.633333 0.666667 0.700000 0.733333 0.766667 0.800000 0.833333 0.866667 0.900000 0.933333 0.966667 1.000000 1.033333
1.066667 1.100000 1.133333 1.166667 1.200000 1.233333 1.266667 1.300000 1.333333 1.366667 1.400000 1.433333 1.466667 1.500000 1.533333 1.566667
1.600000 1.633333 1.666667 1.700000 1.733333</float_array>
     <technique_common>
      <accessor source="#jnt_right_handindex1-Matrix-animation-input-array" count="53">
       <param name="TIME" type="float"></param>
      </accessor>
     </technique_common>
    </source>
    <source id="jnt_right_handindex1-Matrix-animation-output-transform">
     <float_array id="jnt_right_handindex1-Matrix-animation-output-transform-array" count="848">

0.773118 0.581355 -0.253605 0.494373 -0.340123 0.042510 -0.939420 0.203977 -0.535356 0.812539 0.230597 0.029845 0.000000 0.000000 0.000000 1.000000
0.773118 0.581355 -0.253605 0.494373 -0.340123 0.042510 -0.939420 0.203977 -0.535356 0.812539 0.230597 0.029845 0.000000 0.000000 0.000000 1.000000
0.773118 0.581355 -0.253605 0.494373 -0.340123 0.042509 -0.939420 0.203978 -0.535356 0.812539 0.230596 0.029845 0.000000 0.000000 0.000000 1.000000
0.773118 0.581355 -0.253605 0.494373 -0.340123 0.042510 -0.939420 0.203977 -0.535356 0.812539 0.230597 0.029845 0.000000 0.000000 0.000000 1.000000
0.773118 0.581355 -0.253605 0.494372 -0.340123 0.042509 -0.939420 0.203977 -0.535356 0.812539 0.230596 0.029845 0.000000 0.000000 0.000000 1.000000
0.773118 0.581355 -0.253605 0.494373 -0.340123 0.042509 -0.939420 0.203977 -0.535356 0.812539 0.230596 0.029845 0.000000 0.000000 0.000000 1.000000
0.773118 0.581355 -0.253605 0.494373 -0.340123 0.042510 -0.939420 0.203977 -0.535356 0.812539 0.230597 0.029845 0.000000 0.000000 0.000000 1.000000
0.773118 0.581355 -0.253605 0.494373 -0.340123 0.042510 -0.939420 0.203977 -0.535356 0.812539 0.230597 0.029845 0.000000 0.000000 0.000000 1.000000
0.773118 0.581355 -0.253605 0.494372 -0.340123 0.042510 -0.939420 0.203977 -0.535355 0.812539 0.230597 0.029845 0.000000 0.000000 0.000000 1.000000
0.773118 0.581355 -0.253605 0.494373 -0.340123 0.042510 -0.939420 0.203977 -0.535356 0.812539 0.230597 0.029845 0.000000 0.000000 0.000000 1.000000
0.773118 0.581355 -0.253605 0.494373 -0.340123 0.042509 -0.939420 0.203977 -0.535356 0.812539 0.230597 0.029845 0.000000 0.000000 0.000000 1.000000
0.773118 0.581355 -0.253605 0.494373 -0.340123 0.042510 -0.939420 0.203977 -0.535356 0.812539 0.230597 0.029844 0.000000 0.000000 0.000000 1.000000
0.773118 0.581355 -0.253605 0.494372 -0.340123 0.042510 -0.939420 0.203977 -0.535356 0.812539 0.230597 0.029845 0.000000 0.000000 0.000000 1.000000
0.773118 0.581355 -0.253605 0.494372 -0.340123 0.042510 -0.939420 0.203977 -0.535356 0.812539 0.230597 0.029845 0.000000 0.000000 0.000000 1.000000
0.773118 0.581355 -0.253605 0.494372 -0.340122 0.042509 -0.939420 0.203977 -0.535356 0.812539 0.230597 0.029844 0.000000 0.000000 0.000000 1.000000
0.773118 0.581355 -0.253605 0.494373 -0.340123 0.042510 -0.939420 0.203977 -0.535355 0.812539 0.230597 0.029846 0.000000 0.000000 0.000000 1.000000
0.773118 0.581355 -0.253605 0.494373 -0.340123 0.042510 -0.939420 0.203977 -0.535356 0.812539 0.230597 0.029845 0.000000 0.000000 0.000000 1.000000
0.773118 0.581355 -0.253605 0.494372 -0.340123 0.042510 -0.939420 0.203977 -0.535355 0.812539 0.230597 0.029845 0.000000 0.000000 0.000000 1.000000
0.773118 0.581355 -0.253605 0.494373 -0.340123 0.042510 -0.939420 0.203977 -0.535355 0.812539 0.230597 0.029845 0.000000 0.000000 0.000000 1.000000
0.773118 0.581355 -0.253605 0.494373 -0.340123 0.042510 -0.939420 0.203977 -0.535356 0.812539 0.230597 0.029845 0.000000 0.000000 0.000000 1.000000
0.773118 0.581355 -0.253605 0.494373 -0.340123 0.042510 -0.939420 0.203977 -0.535356 0.812539 0.230597 0.029845 0.000000 0.000000 0.000000 1.000000
0.773118 0.581355 -0.253605 0.494373 -0.340123 0.042510 -0.939420 0.203977 -0.535356 0.812539 0.230597 0.029846 0.000000 0.000000 0.000000 1.000000
0.773118 0.581355 -0.253605 0.494373 -0.340123 0.042510 -0.939420 0.203977 -0.535355 0.812539 0.230597 0.029845 0.000000 0.000000 0.000000 1.000000
0.773118 0.581355 -0.253605 0.494372 -0.340123 0.042509 -0.939420 0.203977 -0.535356 0.812539 0.230597 0.029844 0.000000 0.000000 0.000000 1.000000
0.773118 0.581355 -0.253605 0.494372 -0.340123 0.042510 -0.939420 0.203977 -0.535356 0.812539 0.230597 0.029844 0.000000 0.000000 0.000000 1.000000
0.773118 0.581355 -0.253605 0.494373 -0.340123 0.042510 -0.939420 0.203977 -0.535355 0.812539 0.230597 0.029845 0.000000 0.000000 0.000000 1.000000
0.773118 0.581355 -0.253605 0.494372 -0.340123 0.042510 -0.939420 0.203977 -0.535356 0.812539 0.230597 0.029844 0.000000 0.000000 0.000000 1.000000
0.773118 0.581355 -0.253605 0.494372 -0.340123 0.042509 -0.939420 0.203977 -0.535355 0.812539 0.230597 0.029844 0.000000 0.000000 0.000000 1.000000
0.773118 0.581355 -0.253605 0.494372 -0.340123 0.042510 -0.939420 0.203977 -0.535355 0.812539 0.230597 0.029844 0.000000 0.000000 0.000000 1.000000
0.773118 0.581355 -0.253605 0.494372 -0.340123 0.042509 -0.939420 0.203977 -0.535356 0.812539 0.230597 0.029844 0.000000 0.000000 0.000000 1.000000
0.773118 0.581355 -0.253605 0.494372 -0.340123 0.042510 -0.939420 0.203977 -0.535356 0.812539 0.230597 0.029844 0.000000 0.000000 0.000000 1.000000
0.773118 0.581355 -0.253605 0.494372 -0.340123 0.042510 -0.939420 0.203977 -0.535355 0.812539 0.230597 0.029845 0.000000 0.000000 0.000000 1.000000
0.773118 0.581355 -0.253605 0.494372 -0.340123 0.042510 -0.939420 0.203977 -0.535356 0.812539 0.230597 0.029844 0.000000 0.000000 0.000000 1.000000
0.773118 0.581355 -0.253605 0.494373 -0.340123 0.042509 -0.939420 0.203977 -0.535356 0.812539 0.230597 0.029846 0.000000 0.000000 0.000000 1.000000
0.773118 0.581355 -0.253605 0.494372 -0.340123 0.042509 -0.939420 0.203977 -0.535356 0.812539 0.230596 0.029845 0.000000 0.000000 0.000000 1.000000
0.773118 0.581355 -0.253605 0.494373 -0.340123 0.042510 -0.939420 0.203977 -0.535356 0.812539 0.230597 0.029844 0.000000 0.000000 0.000000 1.000000
0.773118 0.581355 -0.253605 0.494372 -0.340123 0.042510 -0.939420 0.203977 -0.535356 0.812539 0.230597 0.029845 0.000000 0.000000 0.000000 1.000000
0.773118 0.581355 -0.253605 0.494372 -0.340123 0.042510 -0.939420 0.203977 -0.535356 0.812539 0.230597 0.029845 0.000000 0.000000 0.000000 1.000000
0.773118 0.581355 -0.253605 0.494372 -0.340123 0.042510 -0.939420 0.203977 -0.535356 0.812539 0.230597 0.029845 0.000000 0.000000 0.000000 1.000000
0.773118 0.581355 -0.253605 0.494372 -0.340123 0.042510 -0.939420 0.203977 -0.535356 0.812539 0.230597 0.029845 0.000000 0.000000 0.000000 1.000000
0.773118 0.581355 -0.253605 0.494373 -0.340123 0.042509 -0.939420 0.203977 -0.535355 0.812539 0.230597 0.029845 0.000000 0.000000 0.000000 1.000000
0.773118 0.581355 -0.253605 0.494373 -0.340123 0.042509 -0.939420 0.203978 -0.535356 0.812539 0.230597 0.029846 0.000000 0.000000 0.000000 1.000000
0.773118 0.581355 -0.253605 0.494373 -0.340123 0.042509 -0.939420 0.203976 -0.535356 0.812539 0.230597 0.029845 0.000000 0.000000 0.000000 1.000000
0.773118 0.581355 -0.253605 0.494373 -0.340123 0.042509 -0.939420 0.203977 -0.535356 0.812539 0.230597 0.029844 0.000000 0.000000 0.000000 1.000000
0.773118 0.581355 -0.253605 0.494373 -0.340123 0.042510 -0.939420 0.203977 -0.535356 0.812539 0.230597 0.029845 0.000000 0.000000 0.000000 1.000000
0.773118 0.581355 -0.253605 0.494373 -0.340123 0.042509 -0.939420 0.203977 -0.535356 0.812539 0.230597 0.029845 0.000000 0.000000 0.000000 1.000000
0.773118 0.581355 -0.253605 0.494373 -0.340123 0.042509 -0.939420 0.203977 -0.535355 0.812539 0.230597 0.029845 0.000000 0.000000 0.000000 1.000000
0.773118 0.581355 -0.253605 0.494373 -0.340123 0.042510 -0.939420 0.203977 -0.535356 0.812539 0.230597 0.029845 0.000000 0.000000 0.000000 1.000000
0.773118 0.581355 -0.253605 0.494373 -0.340123 0.042509 -0.939420 0.203977 -0.535356 0.812539 0.230597 0.029845 0.000000 0.000000 0.000000 1.000000
0.773118 0.581355 -0.253605 0.494372 -0.340123 0.042509 -0.939420 0.203977 -0.535356 0.812539 0.230597 0.029845 0.000000 0.000000 0.000000 1.000000
0.773118 0.581355 -0.253605 0.494373 -0.340123 0.042509 -0.939420 0.203977 -0.535356 0.812539 0.230597 0.029845 0.000000 0.000000 0.000000 1.000000
0.773118 0.581355 -0.253605 0.494372 -0.340123 0.042510 -0.939420 0.203977 -0.535356 0.812539 0.230597 0.029845 0.000000 0.000000 0.000000 1.000000
0.773118 0.581355 -0.253605 0.494373 -0.340123 0.042510 -0.939420 0.203977 -0.535356 0.812539 0.230597 0.029845 0.000000 0.000000 0.000000 1.000000</float_array>
     <technique_common>
      <accessor source="#jnt_right_handindex1-Matrix-animation-output-transform-array" count="53" stride="16">
       <param type="float4x4"></param>
      </accessor>
     </technique_common>
    </source>
    <source id="jnt_right_handindex1-Interpolations">
     <Name_array id="jnt_right_handindex1-Interpolations-array" count="53">
 LINEAR LINEAR LINEAR LINEAR LINEAR LINEAR LINEAR LINEAR LINEAR LINEAR LINEAR
LINEAR LINEAR LINEAR LINEAR LINEAR LINEAR LINEAR LINEAR LINEAR LINEAR LINEAR LINEAR
LINEAR LINEAR LINEAR LINEAR LINEAR LINEAR LINEAR LINEAR LINEAR LINEAR LINEAR LINEAR
LINEAR LINEAR LINEAR LINEAR LINEAR LINEAR LINEAR LINEAR LINEAR LINEAR LINEAR LINEAR
LINEAR LINEAR LINEAR LINEAR LINEAR LINEAR</Name_array>
     <technique_common>
      <accessor source="#jnt_right_handindex1-Interpolations-array" count="53">
       <param type="name"></param>
      </accessor>
     </technique_common>
    </source>
    <sampler id="jnt_right_handindex1-Matrix-animation-transform">
     <input semantic="INPUT" source="#jnt_right_handindex1-Matrix-animation-input"></input>
     <input semantic="OUTPUT" source="#jnt_right_handindex1-Matrix-animation-output-transform"></input>
     <input semantic="INTERPOLATION" source="#jnt_right_handindex1-Interpolations"></input>
    </sampler>
    <channel source="#jnt_right_handindex1-Matrix-animation-transform" target="jnt_right_handindex1/matrix"></channel>
   </animation>
  </animation>
  <animation id="jnt_right_handindex2-anim" name="jnt_right_handindex2">
   <animation>
    <source id="jnt_right_handindex2-Matrix-animation-input">
     <float_array id="jnt_right_handindex2-Matrix-animation-input-array" count="53">

0.000000 0.033333 0.066667 0.100000 0.133333 0.166667 0.200000 0.233333 0.266667 0.300000 0.333333 0.366667 0.400000 0.433333 0.466667 0.500000
0.533333 0.566667 0.600000 0.633333 0.666667 0.700000 0.733333 0.766667 0.800000 0.833333 0.866667 0.900000 0.933333 0.966667 1.000000 1.033333
1.066667 1.100000 1.133333 1.166667 1.200000 1.233333 1.266667 1.300000 1.333333 1.366667 1.400000 1.433333 1.466667 1.500000 1.533333 1.566667
1.600000 1.633333 1.666667 1.700000 1.733333</float_array>
     <technique_common>
      <accessor source="#jnt_right_handindex2-Matrix-animation-input-array" count="53">
       <param name="TIME" type="float"></param>
      </accessor>
     </technique_common>
    </source>
    <source id="jnt_right_handindex2-Matrix-animation-output-transform">
     <float_array id="jnt_right_handindex2-Matrix-animation-output-transform-array" count="848">

0.980654 0.195750 -0.000000 0.145441 -0.195750 0.980654 -0.000000 -0.001121 0.000000 0.000000 1.000000 -0.000039 0.000000 0.000000 0.000000 1.000000
0.980654 0.195750 -0.000000 0.145440 -0.195750 0.980654 -0.000000 -0.001121 0.000000 0.000000 1.000000 -0.000039 0.000000 0.000000 0.000000 1.000000
0.980654 0.195750 -0.000000 0.145440 -0.195750 0.980654 -0.000000 -0.001121 0.000000 0.000000 1.000000 -0.000038 0.000000 0.000000 0.000000 1.000000
0.980654 0.195750 -0.000000 0.145440 -0.195750 0.980654 -0.000000 -0.001121 0.000000 0.000000 1.000000 -0.000039 0.000000 0.000000 0.000000 1.000000
0.980654 0.195750 -0.000000 0.145440 -0.195750 0.980654 -0.000000 -0.001120 0.000000 0.000000 1.000000 -0.000039 0.000000 0.000000 0.000000 1.000000
0.980654 0.195750 -0.000000 0.145439 -0.195750 0.980654 -0.000000 -0.001120 0.000000 0.000000 1.000000 -0.000040 0.000000 0.000000 0.000000 1.000000
0.980654 0.195750 -0.000000 0.145440 -0.195750 0.980654 -0.000000 -0.001121 0.000000 0.000000 1.000000 -0.000039 0.000000 0.000000 0.000000 1.000000
0.980654 0.195750 -0.000000 0.145439 -0.195750 0.980654 -0.000000 -0.001121 0.000000 0.000000 1.000000 -0.000039 0.000000 0.000000 0.000000 1.000000
0.980654 0.195750 -0.000000 0.145440 -0.195750 0.980654 -0.000000 -0.001121 0.000000 0.000000 1.000000 -0.000039 0.000000 0.000000 0.000000 1.000000
0.980654 0.195750 -0.000000 0.145440 -0.195750 0.980654 -0.000000 -0.001120 0.000000 0.000000 1.000000 -0.000039 0.000000 0.000000 0.000000 1.000000
0.980654 0.195750 -0.000000 0.145440 -0.195750 0.980654 -0.000000 -0.001121 0.000000 0.000000 1.000000 -0.000039 0.000000 0.000000 0.000000 1.000000
0.980654 0.195750 -0.000000 0.145439 -0.195750 0.980654 -0.000000 -0.001121 0.000000 0.000000 1.000000 -0.000039 0.000000 0.000000 0.000000 1.000000
0.980654 0.195750 -0.000000 0.145440 -0.195750 0.980654 -0.000000 -0.001121 0.000000 0.000000 1.000000 -0.000039 0.000000 0.000000 0.000000 1.000000
0.980654 0.195750 -0.000000 0.145440 -0.195750 0.980654 -0.000000 -0.001121 0.000000 0.000000 1.000000 -0.000039 0.000000 0.000000 0.000000 1.000000
0.980654 0.195750 -0.000000 0.145440 -0.195750 0.980654 -0.000000 -0.001121 0.000000 0.000000 1.000000 -0.000039 0.000000 0.000000 0.000000 1.000000
0.980654 0.195750 -0.000000 0.145440 -0.195750 0.980654 -0.000000 -0.001121 0.000000 0.000000 1.000000 -0.000039 0.000000 0.000000 0.000000 1.000000
0.980654 0.195750 -0.000000 0.145440 -0.195750 0.980654 -0.000000 -0.001120 0.000000 0.000000 1.000000 -0.000039 0.000000 0.000000 0.000000 1.000000
0.980654 0.195750 -0.000000 0.145440 -0.195750 0.980654 -0.000000 -0.001120 0.000000 0.000000 1.000000 -0.000039 0.000000 0.000000 0.000000 1.000000
0.980654 0.195750 -0.000000 0.145440 -0.195750 0.980654 -0.000000 -0.001121 0.000000 0.000000 1.000000 -0.000039 0.000000 0.000000 0.000000 1.000000
0.980654 0.195750 -0.000000 0.145440 -0.195750 0.980654 -0.000000 -0.001121 0.000000 0.000000 1.000000 -0.000039 0.000000 0.000000 0.000000 1.000000
0.980654 0.195750 -0.000000 0.145440 -0.195750 0.980654 -0.000000 -0.001120 0.000000 0.000000 1.000000 -0.000039 0.000000 0.000000 0.000000 1.000000
0.980654 0.195750 -0.000000 0.145440 -0.195750 0.980654 -0.000000 -0.001120 0.000000 0.000000 1.000000 -0.000039 0.000000 0.000000 0.000000 1.000000
0.980654 0.195750 -0.000000 0.145440 -0.195750 0.980654 -0.000000 -0.001121 0.000000 0.000000 1.000000 -0.000039 0.000000 0.000000 0.000000 1.000000
0.980654 0.195750 -0.000000 0.145440 -0.195750 0.980654 -0.000000 -0.001121 0.000000 0.000000 1.000000 -0.000039 0.000000 0.000000 0.000000 1.000000
0.980654 0.195750 -0.000000 0.145440 -0.195750 0.980654 -0.000000 -0.001120 0.000000 0.000000 1.000000 -0.000039 0.000000 0.000000 0.000000 1.000000
0.980654 0.195750 -0.000000 0.145440 -0.195750 0.980654 -0.000000 -0.001121 0.000000 0.000000 1.000000 -0.000039 0.000000 0.000000 0.000000 1.000000
0.980654 0.195750 -0.000000 0.145440 -0.195750 0.980654 -0.000000 -0.001120 0.000000 0.000000 1.000000 -0.000039 0.000000 0.000000 0.000000 1.000000
0.980654 0.195750 -0.000000 0.145440 -0.195750 0.980654 -0.000000 -0.001120 0.000000 0.000000 1.000000 -0.000039 0.000000 0.000000 0.000000 1.000000
0.980654 0.195750 -0.000000 0.145440 -0.195750 0.980654 -0.000000 -0.001121 0.000000 0.000000 1.000000 -0.000039 0.000000 0.000000 0.000000 1.000000
0.980654 0.195750 -0.000000 0.145440 -0.195750 0.980654 -0.000000 -0.001120 0.000000 0.000000 1.000000 -0.000039 0.000000 0.000000 0.000000 1.000000
0.980654 0.195750 -0.000000 0.145441 -0.195750 0.980654 -0.000000 -0.001120 0.000000 0.000000 1.000000 -0.000039 0.000000 0.000000 0.000000 1.000000
0.980654 0.195750 -0.000000 0.145440 -0.195750 0.980654 -0.000000 -0.001120 0.000000 0.000000 1.000000 -0.000039 0.000000 0.000000 0.000000 1.000000
0.980654 0.195750 -0.000000 0.145440 -0.195750 0.980654 -0.000000 -0.001121 0.000000 0.000000 1.000000 -0.000039 0.000000 0.000000 0.000000 1.000000
0.980654 0.195750 -0.000000 0.145440 -0.195750 0.980654 -0.000000 -0.001121 0.000000 0.000000 1.000000 -0.000039 0.000000 0.000000 0.000000 1.000000
0.980654 0.195750 -0.000000 0.145440 -0.195750 0.980654 -0.000000 -0.001120 0.000000 0.000000 1.000000 -0.000039 0.000000 0.000000 0.000000 1.000000
0.980654 0.195750 -0.000000 0.145440 -0.195750 0.980654 -0.000000 -0.001121 0.000000 0.000000 1.000000 -0.000039 0.000000 0.000000 0.000000 1.000000
0.980654 0.195750 -0.000000 0.145440 -0.195750 0.980654 -0.000000 -0.001121 0.000000 0.000000 1.000000 -0.000039 0.000000 0.000000 0.000000 1.000000
0.980654 0.195750 -0.000000 0.145440 -0.195750 0.980654 -0.000000 -0.001121 0.000000 0.000000 1.000000 -0.000039 0.000000 0.000000 0.000000 1.000000
0.980654 0.195750 -0.000000 0.145440 -0.195750 0.980654 -0.000000 -0.001120 0.000000 0.000000 1.000000 -0.000039 0.000000 0.000000 0.000000 1.000000
0.980654 0.195750 -0.000000 0.145440 -0.195750 0.980654 -0.000000 -0.001120 0.000000 0.000000 1.000000 -0.000039 0.000000 0.000000 0.000000 1.000000
0.980654 0.195750 -0.000000 0.145440 -0.195750 0.980654 -0.000000 -0.001121 0.000000 0.000000 1.000000 -0.000039 0.000000 0.000000 0.000000 1.000000
0.980654 0.195750 -0.000000 0.145439 -0.195750 0.980653 -0.000000 -0.001120 0.000000 0.000000 1.000000 -0.000038 0.000000 0.000000 0.000000 1.000000
0.980654 0.195750 -0.000000 0.145440 -0.195750 0.980654 -0.000000 -0.001121 0.000000 0.000000 1.000000 -0.000039 0.000000 0.000000 0.000000 1.000000
0.980654 0.195750 -0.000000 0.145440 -0.195750 0.980654 -0.000000 -0.001121 0.000000 0.000000 1.000000 -0.000039 0.000000 0.000000 0.000000 1.000000
0.980654 0.195750 -0.000000 0.145440 -0.195750 0.980654 -0.000000 -0.001121 0.000000 0.000000 1.000000 -0.000039 0.000000 0.000000 0.000000 1.000000
0.980654 0.195750 -0.000000 0.145440 -0.195750 0.980653 -0.000000 -0.001121 0.000000 0.000000 1.000000 -0.000039 0.000000 0.000000 0.000000 1.000000
0.980654 0.195750 -0.000000 0.145440 -0.195750 0.980654 -0.000000 -0.001121 0.000000 0.000000 1.000000 -0.000039 0.000000 0.000000 0.000000 1.000000
0.980654 0.195750 -0.000000 0.145440 -0.195750 0.980654 -0.000000 -0.001120 0.000000 0.000000 1.000000 -0.000038 0.000000 0.000000 0.000000 1.000000
0.980654 0.195750 -0.000000 0.145441 -0.195750 0.980654 -0.000000 -0.001121 0.000000 0.000000 1.000000 -0.000039 0.000000 0.000000 0.000000 1.000000
0.980654 0.195750 -0.000000 0.145441 -0.195750 0.980654 -0.000000 -0.001121 0.000000 0.000000 1.000000 -0.000040 0.000000 0.000000 0.000000 1.000000
0.980654 0.195750 -0.000000 0.145440 -0.195750 0.980654 -0.000000 -0.001121 0.000000 0.000000 1.000000 -0.000039 0.000000 0.000000 0.000000 1.000000
0.980654 0.195750 -0.000000 0.145439 -0.195750 0.980654 -0.000000 -0.001121 0.000000 0.000000 1.000000 -0.000039 0.000000 0.000000 0.000000 1.000000
0.980654 0.195750 -0.000000 0.145440 -0.195750 0.980654 -0.000000 -0.001121 0.000000 0.000000 1.000000 -0.000038 0.000000 0.000000 0.000000 1.000000</float_array>
     <technique_common>
      <accessor source="#jnt_right_handindex2-Matrix-animation-output-transform-array" count="53" stride="16">
       <param type="float4x4"></param>
      </accessor>
     </technique_common>
    </source>
    <source id="jnt_right_handindex2-Interpolations">
     <Name_array id="jnt_right_handindex2-Interpolations-array" count="53">
 LINEAR LINEAR LINEAR LINEAR LINEAR LINEAR LINEAR LINEAR LINEAR LINEAR LINEAR
LINEAR LINEAR LINEAR LINEAR LINEAR LINEAR LINEAR LINEAR LINEAR LINEAR LINEAR LINEAR
LINEAR LINEAR LINEAR LINEAR LINEAR LINEAR LINEAR LINEAR LINEAR LINEAR LINEAR LINEAR
LINEAR LINEAR LINEAR LINEAR LINEAR LINEAR LINEAR LINEAR LINEAR LINEAR LINEAR LINEAR
LINEAR LINEAR LINEAR LINEAR LINEAR LINEAR</Name_array>
     <technique_common>
      <accessor source="#jnt_right_handindex2-Interpolations-array" count="53">
       <param type="name"></param>
      </accessor>
     </technique_common>
    </source>
    <sampler id="jnt_right_handindex2-Matrix-animation-transform">
     <input semantic="INPUT" source="#jnt_right_handindex2-Matrix-animation-input"></input>
     <input semantic="OUTPUT" source="#jnt_right_handindex2-Matrix-animation-output-transform"></input>
     <input semantic="INTERPOLATION" source="#jnt_right_handindex2-Interpolations"></input>
    </sampler>
    <channel source="#jnt_right_handindex2-Matrix-animation-transform" target="jnt_right_handindex2/matrix"></channel>
   </animation>
  </animation>
  <animation id="jnt_right_handindex3-anim" name="jnt_right_handindex3">
   <animation>
    <source id="jnt_right_handindex3-Matrix-animation-input">
     <float_array id="jnt_right_handindex3-Matrix-animation-input-array" count="53">

0.000000 0.033333 0.066667 0.100000 0.133333 0.166667 0.200000 0.233333 0.266667 0.300000 0.333333 0.366667 0.400000 0.433333 0.466667 0.500000
0.533333 0.566667 0.600000 0.633333 0.666667 0.700000 0.733333 0.766667 0.800000 0.833333 0.866667 0.900000 0.933333 0.966667 1.000000 1.033333
1.066667 1.100000 1.133333 1.166667 1.200000 1.233333 1.266667 1.300000 1.333333 1.366667 1.400000 1.433333 1.466667 1.500000 1.533333 1.566667
1.600000 1.633333 1.666667 1.700000 1.733333</float_array>
     <technique_common>
      <accessor source="#jnt_right_handindex3-Matrix-animation-input-array" count="53">
       <param name="TIME" type="float"></param>
      </accessor>
     </technique_common>
    </source>
    <source id="jnt_right_handindex3-Matrix-animation-output-transform">
     <float_array id="jnt_right_handindex3-Matrix-animation-output-transform-array" count="848">

0.999667 0.025823 -0.000000 0.093746 -0.025823 0.999667 0.000000 0.000000 0.000000 -0.000000 1.000000 -0.000000 0.000000 0.000000 0.000000 1.000000
0.999666 0.025823 -0.000000 0.093747 -0.025823 0.999667 0.000000 0.000000 0.000000 -0.000000 1.000000 0.000001 0.000000 0.000000 0.000000 1.000000
0.999666 0.025823 -0.000000 0.093746 -0.025823 0.999666 0.000000 0.000000 0.000000 -0.000000 1.000000 0.000000 0.000000 0.000000 0.000000 1.000000
0.999667 0.025823 -0.000000 0.093746 -0.025823 0.999667 0.000000 0.000000 0.000000 -0.000000 1.000000 -0.000000 0.000000 0.000000 0.000000 1.000000
0.999666 0.025823 -0.000000 0.093746 -0.025823 0.999667 0.000000 0.000001 0.000000 -0.000000 1.000000 0.000000 0.000000 0.000000 0.000000 1.000000
0.999667 0.025823 -0.000000 0.093746 -0.025823 0.999667 0.000000 -0.000000 0.000000 -0.000000 1.000000 -0.000000 0.000000 0.000000 0.000000 1.000000
0.999666 0.025823 -0.000000 0.093746 -0.025823 0.999666 0.000000 0.000000 0.000000 -0.000000 1.000000 -0.000000 0.000000 0.000000 0.000000 1.000000
0.999666 0.025823 -0.000000 0.093746 -0.025823 0.999666 0.000000 -0.000001 0.000000 -0.000000 1.000000 -0.000000 0.000000 0.000000 0.000000 1.000000
0.999667 0.025823 -0.000000 0.093746 -0.025823 0.999667 0.000000 0.000000 0.000000 -0.000000 1.000000 0.000000 0.000000 0.000000 0.000000 1.000000
0.999666 0.025823 -0.000000 0.093746 -0.025823 0.999666 0.000000 0.000000 0.000000 -0.000000 1.000000 0.000000 0.000000 0.000000 0.000000 1.000000
0.999667 0.025823 -0.000000 0.093746 -0.025823 0.999667 0.000000 0.000001 0.000000 -0.000000 1.000000 0.000001 0.000000 0.000000 0.000000 1.000000
0.999667 0.025823 -0.000000 0.093746 -0.025823 0.999667 0.000000 0.000000 0.000000 -0.000000 1.000000 -0.000000 0.000000 0.000000 0.000000 1.000000
0.999666 0.025823 -0.000000 0.093746 -0.025823 0.999666 0.000000 0.000000 0.000000 -0.000000 1.000000 -0.000000 0.000000 0.000000 0.000000 1.000000
0.999666 0.025823 -0.000000 0.093746 -0.025823 0.999667 0.000000 0.000001 0.000000 -0.000000 1.000000 0.000000 0.000000 0.000000 0.000000 1.000000
0.999667 0.025823 -0.000000 0.093746 -0.025823 0.999667 0.000000 -0.000000 0.000000 -0.000000 1.000000 0.000000 0.000000 0.000000 0.000000 1.000000
0.999666 0.025823 -0.000000 0.093746 -0.025823 0.999667 0.000000 0.000001 0.000000 -0.000000 1.000000 0.000000 0.000000 0.000000 0.000000 1.000000
0.999666 0.025823 -0.000000 0.093746 -0.025823 0.999666 0.000000 -0.000001 0.000000 -0.000000 1.000000 -0.000000 0.000000 0.000000 0.000000 1.000000
0.999667 0.025823 -0.000000 0.093746 -0.025823 0.999667 0.000000 0.000001 0.000000 -0.000000 1.000000 -0.000000 0.000000 0.000000 0.000000 1.000000
0.999667 0.025823 -0.000000 0.093746 -0.025823 0.999667 0.000000 -0.000000 0.000000 -0.000000 1.000000 0.000000 0.000000 0.000000 0.000000 1.000000
0.999666 0.025823 -0.000000 0.093746 -0.025823 0.999666 0.000000 -0.000000 0.000000 -0.000000 1.000000 0.000000 0.000000 0.000000 0.000000 1.000000
0.999666 0.025823 -0.000000 0.093746 -0.025823 0.999666 0.000000 -0.000000 0.000000 -0.000000 1.000000 -0.000000 0.000000 0.000000 0.000000 1.000000
0.999666 0.025823 -0.000000 0.093746 -0.025823 0.999666 0.000000 -0.000000 0.000000 -0.000000 1.000000 0.000000 0.000000 0.000000 0.000000 1.000000
0.999666 0.025823 -0.000000 0.093746 -0.025823 0.999667 0.000000 -0.000000 0.000000 -0.000000 1.000000 0.000000 0.000000 0.000000 0.000000 1.000000
0.999667 0.025823 -0.000000 0.093746 -0.025823 0.999667 0.000000 0.000001 0.000000 -0.000000 1.000000 -0.000000 0.000000 0.000000 0.000000 1.000000
0.999666 0.025823 -0.000000 0.093746 -0.025823 0.999667 0.000000 0.000000 0.000000 -0.000000 1.000000 -0.000000 0.000000 0.000000 0.000000 1.000000
0.999667 0.025823 -0.000000 0.093746 -0.025823 0.999667 0.000000 0.000001 0.000000 -0.000000 1.000000 -0.000000 0.000000 0.000000 0.000000 1.000000
0.999666 0.025823 -0.000000 0.093746 -0.025823 0.999667 0.000000 0.000000 0.000000 -0.000000 1.000000 0.000000 0.000000 0.000000 0.000000 1.000000
0.999667 0.025823 -0.000000 0.093746 -0.025823 0.999667 0.000000 0.000000 0.000000 -0.000000 1.000000 -0.000000 0.000000 0.000000 0.000000 1.000000
0.999666 0.025823 -0.000000 0.093746 -0.025823 0.999666 0.000000 -0.000000 0.000000 -0.000000 1.000000 0.000000 0.000000 0.000000 0.000000 1.000000
0.999666 0.025823 -0.000000 0.093746 -0.025823 0.999667 0.000000 0.000000 0.000000 -0.000000 1.000000 -0.000000 0.000000 0.000000 0.000000 1.000000
0.999666 0.025823 -0.000000 0.093746 -0.025823 0.999666 0.000000 -0.000000 0.000000 -0.000000 1.000000 -0.000000 0.000000 0.000000 0.000000 1.000000
0.999666 0.025823 -0.000000 0.093746 -0.025823 0.999667 0.000000 0.000000 0.000000 -0.000000 1.000000 -0.000000 0.000000 0.000000 0.000000 1.000000
0.999666 0.025823 -0.000000 0.093746 -0.025823 0.999666 0.000000 0.000001 0.000000 -0.000000 1.000000 0.000000 0.000000 0.000000 0.000000 1.000000
0.999667 0.025823 -0.000000 0.093746 -0.025823 0.999667 0.000000 -0.000000 0.000000 -0.000000 1.000000 0.000000 0.000000 0.000000 0.000000 1.000000
0.999667 0.025823 -0.000000 0.093746 -0.025823 0.999667 0.000000 -0.000001 0.000000 -0.000000 1.000000 -0.000000 0.000000 0.000000 0.000000 1.000000
0.999667 0.025823 -0.000000 0.093746 -0.025823 0.999667 0.000000 -0.000000 0.000000 -0.000000 1.000000 0.000000 0.000000 0.000000 0.000000 1.000000
0.999666 0.025823 -0.000000 0.093746 -0.025823 0.999667 0.000000 0.000002 0.000000 -0.000000 1.000000 0.000000 0.000000 0.000000 0.000000 1.000000
0.999666 0.025823 -0.000000 0.093746 -0.025823 0.999666 0.000000 0.000000 0.000000 -0.000000 1.000000 -0.000000 0.000000 0.000000 0.000000 1.000000
0.999667 0.025823 -0.000000 0.093746 -0.025823 0.999667 0.000000 0.000000 0.000000 -0.000000 1.000000 0.000000 0.000000 0.000000 0.000000 1.000000
0.999666 0.025823 -0.000000 0.093746 -0.025823 0.999667 0.000000 0.000000 0.000000 -0.000000 1.000000 -0.000000 0.000000 0.000000 0.000000 1.000000
0.999667 0.025823 -0.000000 0.093746 -0.025823 0.999667 0.000000 0.000000 0.000000 -0.000000 1.000000 0.000000 0.000000 0.000000 0.000000 1.000000
0.999667 0.025823 -0.000000 0.093746 -0.025823 0.999667 0.000000 0.000000 0.000000 -0.000000 1.000000 0.000000 0.000000 0.000000 0.000000 1.000000
0.999667 0.025823 -0.000000 0.093746 -0.025823 0.999667 0.000000 -0.000000 0.000000 -0.000000 1.000000 -0.000000 0.000000 0.000000 0.000000 1.000000
0.999666 0.025823 -0.000000 0.093746 -0.025823 0.999667 0.000000 0.000000 0.000000 -0.000000 1.000000 -0.000000 0.000000 0.000000 0.000000 1.000000
0.999667 0.025823 -0.000000 0.093747 -0.025823 0.999667 0.000000 0.000001 0.000000 -0.000000 1.000000 -0.000000 0.000000 0.000000 0.000000 1.000000
0.999667 0.025823 -0.000000 0.093745 -0.025823 0.999667 0.000000 0.000000 0.000000 -0.000000 1.000000 -0.000000 0.000000 0.000000 0.000000 1.000000
0.999667 0.025823 -0.000000 0.093747 -0.025823 0.999667 0.000000 0.000000 0.000000 -0.000000 1.000000 -0.000000 0.000000 0.000000 0.000000 1.000000
0.999667 0.025823 -0.000000 0.093745 -0.025823 0.999667 0.000000 0.000000 0.000000 -0.000000 1.000000 0.000001 0.000000 0.000000 0.000000 1.000000
0.999667 0.025823 -0.000000 0.093746 -0.025823 0.999667 0.000000 0.000000 0.000000 -0.000000 1.000000 0.000000 0.000000 0.000000 0.000000 1.000000
0.999667 0.025823 -0.000000 0.093746 -0.025823 0.999667 0.000000 0.000000 0.000000 -0.000000 1.000000 0.000000 0.000000 0.000000 0.000000 1.000000
0.999666 0.025823 -0.000000 0.093747 -0.025823 0.999667 0.000000 0.000000 0.000000 -0.000000 1.000000 0.000001 0.000000 0.000000 0.000000 1.000000
0.999667 0.025823 -0.000000 0.093746 -0.025823 0.999667 0.000000 0.000000 0.000000 -0.000000 1.000000 -0.000000 0.000000 0.000000 0.000000 1.000000
0.999667 0.025823 -0.000000 0.093746 -0.025823 0.999667 0.000000 0.000000 0.000000 -0.000000 1.000000 -0.000000 0.000000 0.000000 0.000000 1.000000</float_array>
     <technique_common>
      <accessor source="#jnt_right_handindex3-Matrix-animation-output-transform-array" count="53" stride="16">
       <param type="float4x4"></param>
      </accessor>
     </technique_common>
    </source>
    <source id="jnt_right_handindex3-Interpolations">
     <Name_array id="jnt_right_handindex3-Interpolations-array" count="53">
 LINEAR LINEAR LINEAR LINEAR LINEAR LINEAR LINEAR LINEAR LINEAR LINEAR LINEAR
LINEAR LINEAR LINEAR LINEAR LINEAR LINEAR LINEAR LINEAR LINEAR LINEAR LINEAR LINEAR
LINEAR LINEAR LINEAR LINEAR LINEAR LINEAR LINEAR LINEAR LINEAR LINEAR LINEAR LINEAR
LINEAR LINEAR LINEAR LINEAR LINEAR LINEAR LINEAR LINEAR LINEAR LINEAR LINEAR LINEAR
LINEAR LINEAR LINEAR LINEAR LINEAR LINEAR</Name_array>
     <technique_common>
      <accessor source="#jnt_right_handindex3-Interpolations-array" count="53">
       <param type="name"></param>
      </accessor>
     </technique_common>
    </source>
    <sampler id="jnt_right_handindex3-Matrix-animation-transform">
     <input semantic="INPUT" source="#jnt_right_handindex3-Matrix-animation-input"></input>
     <input semantic="OUTPUT" source="#jnt_right_handindex3-Matrix-animation-output-transform"></input>
     <input semantic="INTERPOLATION" source="#jnt_right_handindex3-Interpolations"></input>
    </sampler>
    <channel source="#jnt_right_handindex3-Matrix-animation-transform" target="jnt_right_handindex3/matrix"></channel>
   </animation>
  </animation>
  <animation id="jnt_right_handindex4-anim" name="jnt_right_handindex4">
   <animation>
    <source id="jnt_right_handindex4-Matrix-animation-input">
     <float_array id="jnt_right_handindex4-Matrix-animation-input-array" count="53">

0.000000 0.033333 0.066667 0.100000 0.133333 0.166667 0.200000 0.233333 0.266667 0.300000 0.333333 0.366667 0.400000 0.433333 0.466667 0.500000
0.533333 0.566667 0.600000 0.633333 0.666667 0.700000 0.733333 0.766667 0.800000 0.833333 0.866667 0.900000 0.933333 0.966667 1.000000 1.033333
1.066667 1.100000 1.133333 1.166667 1.200000 1.233333 1.266667 1.300000 1.333333 1.366667 1.400000 1.433333 1.466667 1.500000 1.533333 1.566667
1.600000 1.633333 1.666667 1.700000 1.733333</float_array>
     <technique_common>
      <accessor source="#jnt_right_handindex4-Matrix-animation-input-array" count="53">
       <param name="TIME" type="float"></param>
      </accessor>
     </technique_common>
    </source>
    <source id="jnt_right_handindex4-Matrix-animation-output-transform">
     <float_array id="jnt_right_handindex4-Matrix-animation-output-transform-array" count="848">

1.000000 0.000000 -0.000000 0.107088 -0.000000 1.000000 0.000000 -0.000052 0.000000 -0.000000 1.000000 0.001503 0.000000 0.000000 0.000000 1.000000
1.000000 -0.000000 -0.000000 0.107088 0.000000 1.000000 -0.000000 -0.000052 0.000000 0.000000 1.000000 0.001503 0.000000 0.000000 0.000000 1.000000
1.000000 -0.000000 0.000000 0.107088 0.000000 1.000000 -0.000000 -0.000052 -0.000000 0.000000 1.000000 0.001503 0.000000 0.000000 0.000000 1.000000
1.000000 0.000000 0.000000 0.107088 -0.000000 1.000000 -0.000000 -0.000052 -0.000000 0.000000 1.000000 0.001503 0.000000 0.000000 0.000000 1.000000
1.000000 -0.000000 0.000000 0.107088 0.000000 1.000000 0.000000 -0.000052 -0.000000 -0.000000 1.000000 0.001503 0.000000 0.000000 0.000000 1.000000
1.000000 0.000000 0.000000 0.107088 -0.000000 1.000000 0.000000 -0.000052 -0.000000 -0.000000 1.000000 0.001503 0.000000 0.000000 0.000000 1.000000
1.000000 0.000000 -0.000000 0.107088 -0.000000 1.000000 -0.000000 -0.000052 0.000000 0.000000 1.000000 0.001503 0.000000 0.000000 0.000000 1.000000
1.000000 -0.000000 -0.000000 0.107088 0.000000 1.000000 -0.000000 -0.000052 0.000000 0.000000 1.000000 0.001503 0.000000 0.000000 0.000000 1.000000
1.000000 -0.000000 0.000000 0.107088 0.000000 1.000000 -0.000000 -0.000051 -0.000000 0.000000 1.000000 0.001503 0.000000 0.000000 0.000000 1.000000
1.000000 0.000000 0.000000 0.107088 -0.000000 1.000000 -0.000000 -0.000052 -0.000000 0.000000 1.000000 0.001503 0.000000 0.000000 0.000000 1.000000
1.000000 -0.000000 0.000000 0.107088 0.000000 1.000000 -0.000000 -0.000052 -0.000000 0.000000 1.000000 0.001503 0.000000 0.000000 0.000000 1.000000
1.000000 0.000000 0.000000 0.107088 -0.000000 1.000000 0.000000 -0.000052 -0.000000 -0.000000 1.000000 0.001503 0.000000 0.000000 0.000000 1.000000
1.000000 0.000000 0.000000 0.107088 -0.000000 1.000000 -0.000000 -0.000052 -0.000000 0.000000 1.000000 0.001503 0.000000 0.000000 0.000000 1.000000
1.000000 -0.000000 -0.000000 0.107088 0.000000 1.000000 0.000000 -0.000052 0.000000 -0.000000 1.000000 0.001503 0.000000 0.000000 0.000000 1.000000
1.000000 -0.000000 -0.000000 0.107088 0.000000 1.000000 0.000000 -0.000052 0.000000 -0.000000 1.000000 0.001503 0.000000 0.000000 0.000000 1.000000
1.000000 0.000000 -0.000000 0.107088 -0.000000 1.000000 0.000000 -0.000052 0.000000 -0.000000 1.000000 0.001503 0.000000 0.000000 0.000000 1.000000
1.000000 0.000000 0.000000 0.107088 -0.000000 1.000000 -0.000000 -0.000052 -0.000000 0.000000 1.000000 0.001503 0.000000 0.000000 0.000000 1.000000
1.000000 -0.000000 -0.000000 0.107088 0.000000 1.000000 0.000000 -0.000052 0.000000 -0.000000 1.000000 0.001503 0.000000 0.000000 0.000000 1.000000
1.000000 0.000000 -0.000000 0.107088 -0.000000 1.000000 0.000000 -0.000052 0.000000 -0.000000 1.000000 0.001503 0.000000 0.000000 0.000000 1.000000
1.000000 -0.000000 -0.000000 0.107088 0.000000 1.000000 -0.000000 -0.000052 0.000000 0.000000 1.000000 0.001503 0.000000 0.000000 0.000000 1.000000
1.000000 -0.000000 -0.000000 0.107088 0.000000 1.000000 0.000000 -0.000052 0.000000 -0.000000 1.000000 0.001503 0.000000 0.000000 0.000000 1.000000
1.000000 0.000000 0.000000 0.107088 -0.000000 1.000000 0.000000 -0.000052 -0.000000 -0.000000 1.000000 0.001503 0.000000 0.000000 0.000000 1.000000
1.000000 -0.000000 -0.000000 0.107088 0.000000 1.000000 0.000000 -0.000052 0.000000 -0.000000 1.000000 0.001503 0.000000 0.000000 0.000000 1.000000
1.000000 0.000000 0.000000 0.107088 -0.000000 1.000000 -0.000000 -0.000052 -0.000000 0.000000 1.000000 0.001503 0.000000 0.000000 0.000000 1.000000
1.000000 0.000000 -0.000000 0.107088 -0.000000 1.000000 -0.000000 -0.000052 0.000000 0.000000 1.000000 0.001503 0.000000 0.000000 0.000000 1.000000
1.000000 -0.000000 0.000000 0.107088 0.000000 1.000000 -0.000000 -0.000052 -0.000000 0.000000 1.000000 0.001503 0.000000 0.000000 0.000000 1.000000
1.000000 -0.000000 0.000000 0.107088 0.000000 1.000000 0.000000 -0.000052 -0.000000 -0.000000 1.000000 0.001503 0.000000 0.000000 0.000000 1.000000
1.000000 -0.000000 0.000000 0.107088 0.000000 1.000000 -0.000000 -0.000052 -0.000000 0.000000 1.000000 0.001503 0.000000 0.000000 0.000000 1.000000
1.000000 0.000000 -0.000000 0.107088 -0.000000 1.000000 0.000000 -0.000052 0.000000 -0.000000 1.000000 0.001503 0.000000 0.000000 0.000000 1.000000
1.000000 0.000000 -0.000000 0.107088 -0.000000 1.000000 0.000000 -0.000052 0.000000 -0.000000 1.000000 0.001503 0.000000 0.000000 0.000000 1.000000
1.000000 -0.000000 -0.000000 0.107088 0.000000 1.000000 0.000000 -0.000052 0.000000 -0.000000 1.000000 0.001503 0.000000 0.000000 0.000000 1.000000
1.000000 0.000000 -0.000000 0.107088 -0.000000 1.000000 0.000000 -0.000052 0.000000 -0.000000 1.000000 0.001503 0.000000 0.000000 0.000000 1.000000
1.000000 -0.000000 0.000000 0.107088 0.000000 1.000000 -0.000000 -0.000052 -0.000000 0.000000 1.000000 0.001503 0.000000 0.000000 0.000000 1.000000
1.000000 -0.000000 0.000000 0.107088 0.000000 1.000000 -0.000000 -0.000052 -0.000000 0.000000 1.000000 0.001503 0.000000 0.000000 0.000000 1.000000
1.000000 0.000000 0.000000 0.107088 -0.000000 1.000000 0.000000 -0.000052 -0.000000 -0.000000 1.000000 0.001503 0.000000 0.000000 0.000000 1.000000
1.000000 -0.000000 -0.000000 0.107088 0.000000 1.000000 0.000000 -0.000052 0.000000 -0.000000 1.000000 0.001503 0.000000 0.000000 0.000000 1.000000
1.000000 0.000000 -0.000000 0.107088 -0.000000 1.000000 0.000000 -0.000052 0.000000 -0.000000 1.000000 0.001503 0.000000 0.000000 0.000000 1.000000
1.000000 -0.000000 -0.000000 0.107088 0.000000 1.000000 -0.000000 -0.000052 0.000000 0.000000 1.000000 0.001503 0.000000 0.000000 0.000000 1.000000
1.000000 -0.000000 -0.000000 0.107088 0.000000 1.000000 0.000000 -0.000052 0.000000 -0.000000 1.000000 0.001503 0.000000 0.000000 0.000000 1.000000
1.000000 -0.000000 -0.000000 0.107088 0.000000 1.000000 0.000000 -0.000052 0.000000 -0.000000 1.000000 0.001503 0.000000 0.000000 0.000000 1.000000
1.000000 0.000000 -0.000000 0.107088 -0.000000 1.000000 -0.000000 -0.000052 0.000000 0.000000 1.000000 0.001503 0.000000 0.000000 0.000000 1.000000
1.000000 0.000000 -0.000000 0.107088 -0.000000 1.000000 0.000000 -0.000052 0.000000 -0.000000 1.000000 0.001503 0.000000 0.000000 0.000000 1.000000
1.000000 -0.000000 0.000000 0.107088 0.000000 1.000000 0.000000 -0.000052 -0.000000 -0.000000 1.000000 0.001503 0.000000 0.000000 0.000000 1.000000
1.000000 -0.000000 0.000000 0.107088 0.000000 1.000000 0.000000 -0.000052 -0.000000 -0.000000 1.000000 0.001503 0.000000 0.000000 0.000000 1.000000
1.000000 0.000000 -0.000000 0.107088 -0.000000 1.000000 -0.000000 -0.000052 0.000000 0.000000 1.000000 0.001503 0.000000 0.000000 0.000000 1.000000
1.000000 -0.000000 -0.000000 0.107088 0.000000 1.000000 -0.000000 -0.000052 0.000000 0.000000 1.000000 0.001503 0.000000 0.000000 0.000000 1.000000
1.000000 -0.000000 0.000000 0.107088 0.000000 1.000000 -0.000000 -0.000052 -0.000000 0.000000 1.000000 0.001503 0.000000 0.000000 0.000000 1.000000
1.000000 -0.000000 0.000000 0.107088 0.000000 1.000000 -0.000000 -0.000052 -0.000000 0.000000 1.000000 0.001503 0.000000 0.000000 0.000000 1.000000
1.000000 -0.000000 0.000000 0.107088 0.000000 1.000000 0.000000 -0.000052 -0.000000 -0.000000 1.000000 0.001503 0.000000 0.000000 0.000000 1.000000
1.000000 0.000000 -0.000000 0.107088 -0.000000 1.000000 -0.000000 -0.000052 0.000000 0.000000 1.000000 0.001503 0.000000 0.000000 0.000000 1.000000
1.000000 0.000000 0.000000 0.107088 -0.000000 1.000000 0.000000 -0.000052 -0.000000 -0.000000 1.000000 0.001503 0.000000 0.000000 0.000000 1.000000
1.000000 -0.000000 -0.000000 0.107088 0.000000 1.000000 0.000000 -0.000052 0.000000 -0.000000 1.000000 0.001503 0.000000 0.000000 0.000000 1.000000
1.000000 -0.000000 -0.000000 0.107088 0.000000 1.000000 -0.000000 -0.000052 0.000000 0.000000 1.000000 0.001503 0.000000 0.000000 0.000000 1.000000</float_array>
     <technique_common>
      <accessor source="#jnt_right_handindex4-Matrix-animation-output-transform-array" count="53" stride="16">
       <param type="float4x4"></param>
      </accessor>
     </technique_common>
    </source>
    <source id="jnt_right_handindex4-Interpolations">
     <Name_array id="jnt_right_handindex4-Interpolations-array" count="53">
 LINEAR LINEAR LINEAR LINEAR LINEAR LINEAR LINEAR LINEAR LINEAR LINEAR LINEAR
LINEAR LINEAR LINEAR LINEAR LINEAR LINEAR LINEAR LINEAR LINEAR LINEAR LINEAR LINEAR
LINEAR LINEAR LINEAR LINEAR LINEAR LINEAR LINEAR LINEAR LINEAR LINEAR LINEAR LINEAR
LINEAR LINEAR LINEAR LINEAR LINEAR LINEAR LINEAR LINEAR LINEAR LINEAR LINEAR LINEAR
LINEAR LINEAR LINEAR LINEAR LINEAR LINEAR</Name_array>
     <technique_common>
      <accessor source="#jnt_right_handindex4-Interpolations-array" count="53">
       <param type="name"></param>
      </accessor>
     </technique_common>
    </source>
    <sampler id="jnt_right_handindex4-Matrix-animation-transform">
     <input semantic="INPUT" source="#jnt_right_handindex4-Matrix-animation-input"></input>
     <input semantic="OUTPUT" source="#jnt_right_handindex4-Matrix-animation-output-transform"></input>
     <input semantic="INTERPOLATION" source="#jnt_right_handindex4-Interpolations"></input>
    </sampler>
    <channel source="#jnt_right_handindex4-Matrix-animation-transform" target="jnt_right_handindex4/matrix"></channel>
   </animation>
  </animation>
  <animation id="jnt_right_weapon-anim" name="jnt_right_weapon">
   <animation>
    <source id="jnt_right_weapon-Matrix-animation-input">
     <float_array id="jnt_right_weapon-Matrix-animation-input-array" count="53">

0.000000 0.033333 0.066667 0.100000 0.133333 0.166667 0.200000 0.233333 0.266667 0.300000 0.333333 0.366667 0.400000 0.433333 0.466667 0.500000
0.533333 0.566667 0.600000 0.633333 0.666667 0.700000 0.733333 0.766667 0.800000 0.833333 0.866667 0.900000 0.933333 0.966667 1.000000 1.033333
1.066667 1.100000 1.133333 1.166667 1.200000 1.233333 1.266667 1.300000 1.333333 1.366667 1.400000 1.433333 1.466667 1.500000 1.533333 1.566667
1.600000 1.633333 1.666667 1.700000 1.733333</float_array>
     <technique_common>
      <accessor source="#jnt_right_weapon-Matrix-animation-input-array" count="53">
       <param name="TIME" type="float"></param>
      </accessor>
     </technique_common>
    </source>
    <source id="jnt_right_weapon-Matrix-animation-output-transform">
     <float_array id="jnt_right_weapon-Matrix-animation-output-transform-array" count="848">

-0.236786 -0.111367 0.965158 0.408330 0.102326 0.985025 0.138763 0.002724 -0.966158 0.131617 -0.221844 -0.174393 0.000000 0.000000 0.000000 1.000000
-0.236786 -0.111367 0.965158 0.408330 0.102326 0.985025 0.138763 0.002724 -0.966158 0.131617 -0.221844 -0.174393 0.000000 0.000000 0.000000 1.000000
-0.236786 -0.111367 0.965158 0.408330 0.102326 0.985025 0.138763 0.002724 -0.966158 0.131617 -0.221844 -0.174393 0.000000 0.000000 0.000000 1.000000
-0.236786 -0.111367 0.965158 0.408330 0.102325 0.985025 0.138763 0.002724 -0.966158 0.131617 -0.221844 -0.174393 0.000000 0.000000 0.000000 1.000000
-0.236786 -0.111367 0.965158 0.408330 0.102326 0.985025 0.138763 0.002724 -0.966158 0.131617 -0.221844 -0.174393 0.000000 0.000000 0.000000 1.000000
-0.236786 -0.111367 0.965158 0.408330 0.102326 0.985025 0.138763 0.002724 -0.966158 0.131617 -0.221844 -0.174393 0.000000 0.000000 0.000000 1.000000
-0.236786 -0.111367 0.965158 0.408330 0.102326 0.985025 0.138763 0.002724 -0.966158 0.131617 -0.221844 -0.174393 0.000000 0.000000 0.000000 1.000000
-0.236786 -0.111367 0.965158 0.408330 0.102326 0.985025 0.138763 0.002724 -0.966158 0.131617 -0.221844 -0.174393 0.000000 0.000000 0.000000 1.000000
-0.236786 -0.111367 0.965158 0.408330 0.102326 0.985025 0.138763 0.002724 -0.966158 0.131617 -0.221844 -0.174393 0.000000 0.000000 0.000000 1.000000
-0.236786 -0.111367 0.965158 0.408330 0.102326 0.985025 0.138763 0.002724 -0.966158 0.131617 -0.221844 -0.174393 0.000000 0.000000 0.000000 1.000000
-0.236786 -0.111367 0.965158 0.408330 0.102326 0.985025 0.138763 0.002724 -0.966158 0.131617 -0.221845 -0.174393 0.000000 0.000000 0.000000 1.000000
-0.236786 -0.111367 0.965158 0.408330 0.102326 0.985025 0.138763 0.002724 -0.966158 0.131617 -0.221844 -0.174393 0.000000 0.000000 0.000000 1.000000
-0.236786 -0.111367 0.965158 0.408330 0.102326 0.985025 0.138763 0.002724 -0.966158 0.131617 -0.221844 -0.174393 0.000000 0.000000 0.000000 1.000000
-0.236786 -0.111367 0.965158 0.408331 0.102326 0.985025 0.138763 0.002724 -0.966158 0.131617 -0.221844 -0.174393 0.000000 0.000000 0.000000 1.000000
-0.236786 -0.111367 0.965158 0.408331 0.102325 0.985025 0.138763 0.002724 -0.966158 0.131617 -0.221844 -0.174393 0.000000 0.000000 0.000000 1.000000
-0.236786 -0.111367 0.965158 0.408330 0.102325 0.985025 0.138763 0.002724 -0.966158 0.131617 -0.221844 -0.174393 0.000000 0.000000 0.000000 1.000000
-0.236786 -0.111367 0.965158 0.408330 0.102326 0.985025 0.138763 0.002724 -0.966158 0.131617 -0.221844 -0.174393 0.000000 0.000000 0.000000 1.000000
-0.236786 -0.111367 0.965158 0.408330 0.102325 0.985025 0.138763 0.002724 -0.966158 0.131617 -0.221844 -0.174393 0.000000 0.000000 0.000000 1.000000
-0.236786 -0.111367 0.965158 0.408330 0.102326 0.985025 0.138763 0.002724 -0.966158 0.131617 -0.221844 -0.174393 0.000000 0.000000 0.000000 1.000000
-0.236786 -0.111367 0.965158 0.408330 0.102326 0.985025 0.138763 0.002724 -0.966158 0.131617 -0.221845 -0.174393 0.000000 0.000000 0.000000 1.000000
-0.236786 -0.111367 0.965158 0.408331 0.102326 0.985025 0.138763 0.002724 -0.966158 0.131617 -0.221845 -0.174393 0.000000 0.000000 0.000000 1.000000
-0.236786 -0.111367 0.965158 0.408330 0.102326 0.985025 0.138763 0.002724 -0.966158 0.131617 -0.221845 -0.174393 0.000000 0.000000 0.000000 1.000000
-0.236786 -0.111367 0.965158 0.408330 0.102326 0.985025 0.138763 0.002724 -0.966158 0.131617 -0.221844 -0.174393 0.000000 0.000000 0.000000 1.000000
-0.236786 -0.111367 0.965158 0.408330 0.102326 0.985025 0.138763 0.002724 -0.966158 0.131617 -0.221844 -0.174393 0.000000 0.000000 0.000000 1.000000
-0.236786 -0.111367 0.965158 0.408330 0.102326 0.985025 0.138763 0.002724 -0.966158 0.131617 -0.221844 -0.174393 0.000000 0.000000 0.000000 1.000000
-0.236786 -0.111367 0.965158 0.408330 0.102326 0.985025 0.138763 0.002724 -0.966158 0.131617 -0.221844 -0.174393 0.000000 0.000000 0.000000 1.000000
-0.236786 -0.111367 0.965158 0.408330 0.102325 0.985025 0.138763 0.002724 -0.966158 0.131617 -0.221844 -0.174393 0.000000 0.000000 0.000000 1.000000
-0.236786 -0.111367 0.965158 0.408330 0.102326 0.985025 0.138763 0.002724 -0.966158 0.131617 -0.221844 -0.174393 0.000000 0.000000 0.000000 1.000000
-0.236786 -0.111367 0.965158 0.408330 0.102326 0.985025 0.138763 0.002724 -0.966158 0.131617 -0.221844 -0.174392 0.000000 0.000000 0.000000 1.000000
-0.236786 -0.111367 0.965158 0.408330 0.102325 0.985025 0.138763 0.002724 -0.966158 0.131617 -0.221844 -0.174393 0.000000 0.000000 0.000000 1.000000
-0.236786 -0.111367 0.965158 0.408330 0.102326 0.985025 0.138763 0.002724 -0.966158 0.131617 -0.221844 -0.174393 0.000000 0.000000 0.000000 1.000000
-0.236786 -0.111367 0.965158 0.408330 0.102326 0.985025 0.138763 0.002724 -0.966158 0.131617 -0.221844 -0.174393 0.000000 0.000000 0.000000 1.000000
-0.236786 -0.111367 0.965158 0.408330 0.102325 0.985025 0.138763 0.002724 -0.966158 0.131617 -0.221844 -0.174393 0.000000 0.000000 0.000000 1.000000
-0.236786 -0.111367 0.965158 0.408330 0.102326 0.985025 0.138763 0.002724 -0.966158 0.131617 -0.221844 -0.174393 0.000000 0.000000 0.000000 1.000000
-0.236786 -0.111367 0.965158 0.408330 0.102326 0.985025 0.138763 0.002724 -0.966158 0.131617 -0.221844 -0.174393 0.000000 0.000000 0.000000 1.000000
-0.236786 -0.111367 0.965158 0.408330 0.102326 0.985025 0.138763 0.002724 -0.966158 0.131618 -0.221844 -0.174393 0.000000 0.000000 0.000000 1.000000
-0.236786 -0.111367 0.965158 0.408330 0.102326 0.985025 0.138763 0.002724 -0.966158 0.131617 -0.221844 -0.174393 0.000000 0.000000 0.000000 1.000000
-0.236786 -0.111367 0.965158 0.408330 0.102326 0.985025 0.138763 0.002724 -0.966158 0.131617 -0.221844 -0.174393 0.000000 0.000000 0.000000 1.000000
-0.236786 -0.111367 0.965158 0.408330 0.102325 0.985025 0.138763 0.002724 -0.966158 0.131617 -0.221844 -0.174393 0.000000 0.000000 0.000000 1.000000
-0.236786 -0.111367 0.965158 0.408330 0.102326 0.985025 0.138763 0.002724 -0.966158 0.131617 -0.221844 -0.174393 0.000000 0.000000 0.000000 1.000000
-0.236786 -0.111367 0.965158 0.408330 0.102325 0.985025 0.138763 0.002724 -0.966158 0.131617 -0.221844 -0.174393 0.000000 0.000000 0.000000 1.000000
-0.236786 -0.111367 0.965158 0.408330 0.102325 0.985025 0.138763 0.002724 -0.966158 0.131617 -0.221844 -0.174393 0.000000 0.000000 0.000000 1.000000
-0.236786 -0.111367 0.965158 0.408330 0.102326 0.985025 0.138763 0.002724 -0.966158 0.131617 -0.221844 -0.174393 0.000000 0.000000 0.000000 1.000000
-0.236786 -0.111367 0.965158 0.408330 0.102326 0.985025 0.138763 0.002724 -0.966158 0.131617 -0.221844 -0.174393 0.000000 0.000000 0.000000 1.000000
-0.236786 -0.111367 0.965158 0.408330 0.102326 0.985025 0.138763 0.002724 -0.966158 0.131617 -0.221844 -0.174393 0.000000 0.000000 0.000000 1.000000
-0.236786 -0.111367 0.965158 0.408330 0.102326 0.985025 0.138763 0.002724 -0.966158 0.131617 -0.221844 -0.174393 0.000000 0.000000 0.000000 1.000000
-0.236786 -0.111367 0.965158 0.408330 0.102325 0.985025 0.138763 0.002724 -0.966158 0.131617 -0.221844 -0.174393 0.000000 0.000000 0.000000 1.000000
-0.236786 -0.111367 0.965158 0.408330 0.102326 0.985025 0.138763 0.002724 -0.966158 0.131617 -0.221845 -0.174393 0.000000 0.000000 0.000000 1.000000
-0.236786 -0.111367 0.965158 0.408330 0.102326 0.985025 0.138763 0.002724 -0.966158 0.131617 -0.221844 -0.174393 0.000000 0.000000 0.000000 1.000000
-0.236786 -0.111367 0.965158 0.408330 0.102326 0.985025 0.138763 0.002724 -0.966158 0.131617 -0.221844 -0.174393 0.000000 0.000000 0.000000 1.000000
-0.236786 -0.111367 0.965158 0.408330 0.102326 0.985025 0.138763 0.002724 -0.966158 0.131617 -0.221844 -0.174393 0.000000 0.000000 0.000000 1.000000
-0.236786 -0.111367 0.965158 0.408330 0.102325 0.985025 0.138763 0.002725 -0.966158 0.131617 -0.221844 -0.174393 0.000000 0.000000 0.000000 1.000000
-0.236786 -0.111367 0.965158 0.408330 0.102325 0.985025 0.138763 0.002724 -0.966158 0.131617 -0.221844 -0.174393 0.000000 0.000000 0.000000 1.000000</float_array>
     <technique_common>
      <accessor source="#jnt_right_weapon-Matrix-animation-output-transform-array" count="53" stride="16">
       <param type="float4x4"></param>
      </accessor>
     </technique_common>
    </source>
    <source id="jnt_right_weapon-Interpolations">
     <Name_array id="jnt_right_weapon-Interpolations-array" count="53">
 LINEAR LINEAR LINEAR LINEAR LINEAR LINEAR LINEAR LINEAR LINEAR LINEAR LINEAR
LINEAR LINEAR LINEAR LINEAR LINEAR LINEAR LINEAR LINEAR LINEAR LINEAR LINEAR LINEAR
LINEAR LINEAR LINEAR LINEAR LINEAR LINEAR LINEAR LINEAR LINEAR LINEAR LINEAR LINEAR
LINEAR LINEAR LINEAR LINEAR LINEAR LINEAR LINEAR LINEAR LINEAR LINEAR LINEAR LINEAR
LINEAR LINEAR LINEAR LINEAR LINEAR LINEAR</Name_array>
     <technique_common>
      <accessor source="#jnt_right_weapon-Interpolations-array" count="53">
       <param type="name"></param>
      </accessor>
     </technique_common>
    </source>
    <sampler id="jnt_right_weapon-Matrix-animation-transform">
     <input semantic="INPUT" source="#jnt_right_weapon-Matrix-animation-input"></input>
     <input semantic="OUTPUT" source="#jnt_right_weapon-Matrix-animation-output-transform"></input>
     <input semantic="INTERPOLATION" source="#jnt_right_weapon-Interpolations"></input>
    </sampler>
    <channel source="#jnt_right_weapon-Matrix-animation-transform" target="jnt_right_weapon/matrix"></channel>
   </animation>
  </animation>
  <animation id="jnt_right_handmiddle1-anim" name="jnt_right_handmiddle1">
   <animation>
    <source id="jnt_right_handmiddle1-Matrix-animation-input">
     <float_array id="jnt_right_handmiddle1-Matrix-animation-input-array" count="53">

0.000000 0.033333 0.066667 0.100000 0.133333 0.166667 0.200000 0.233333 0.266667 0.300000 0.333333 0.366667 0.400000 0.433333 0.466667 0.500000
0.533333 0.566667 0.600000 0.633333 0.666667 0.700000 0.733333 0.766667 0.800000 0.833333 0.866667 0.900000 0.933333 0.966667 1.000000 1.033333
1.066667 1.100000 1.133333 1.166667 1.200000 1.233333 1.266667 1.300000 1.333333 1.366667 1.400000 1.433333 1.466667 1.500000 1.533333 1.566667
1.600000 1.633333 1.666667 1.700000 1.733333</float_array>
     <technique_common>
      <accessor source="#jnt_right_handmiddle1-Matrix-animation-input-array" count="53">
       <param name="TIME" type="float"></param>
      </accessor>
     </technique_common>
    </source>
    <source id="jnt_right_handmiddle1-Matrix-animation-output-transform">
     <float_array id="jnt_right_handmiddle1-Matrix-animation-output-transform-array" count="848">

0.368560 0.925868 -0.083257 0.489245 -0.066290 -0.063157 -0.995799 0.062065 -0.927237 0.372531 0.038099 0.036303 0.000000 0.000000 0.000000 1.000000
0.368560 0.925868 -0.083256 0.489245 -0.066291 -0.063156 -0.995800 0.062067 -0.927237 0.372531 0.038099 0.036303 0.000000 0.000000 0.000000 1.000000
0.368560 0.925868 -0.083257 0.489245 -0.066291 -0.063157 -0.995800 0.062066 -0.927237 0.372531 0.038100 0.036302 0.000000 0.000000 0.000000 1.000000
0.368560 0.925868 -0.083257 0.489245 -0.066291 -0.063157 -0.995800 0.062065 -0.927237 0.372531 0.038099 0.036303 0.000000 0.000000 0.000000 1.000000
0.368560 0.925868 -0.083257 0.489245 -0.066291 -0.063157 -0.995799 0.062066 -0.927237 0.372531 0.038099 0.036303 0.000000 0.000000 0.000000 1.000000
0.368560 0.925868 -0.083257 0.489245 -0.066291 -0.063157 -0.995800 0.062066 -0.927237 0.372531 0.038099 0.036302 0.000000 0.000000 0.000000 1.000000
0.368560 0.925868 -0.083256 0.489245 -0.066291 -0.063157 -0.995800 0.062066 -0.927237 0.372531 0.038099 0.036303 0.000000 0.000000 0.000000 1.000000
0.368560 0.925868 -0.083257 0.489245 -0.066291 -0.063157 -0.995799 0.062067 -0.927237 0.372531 0.038099 0.036303 0.000000 0.000000 0.000000 1.000000
0.368560 0.925868 -0.083257 0.489245 -0.066291 -0.063157 -0.995799 0.062066 -0.927237 0.372531 0.038099 0.036303 0.000000 0.000000 0.000000 1.000000
0.368560 0.925868 -0.083257 0.489246 -0.066291 -0.063157 -0.995799 0.062066 -0.927237 0.372531 0.038099 0.036304 0.000000 0.000000 0.000000 1.000000
0.368560 0.925868 -0.083257 0.489245 -0.066290 -0.063157 -0.995800 0.062066 -0.927237 0.372531 0.038099 0.036303 0.000000 0.000000 0.000000 1.000000
0.368560 0.925868 -0.083256 0.489245 -0.066291 -0.063157 -0.995800 0.062067 -0.927237 0.372531 0.038099 0.036302 0.000000 0.000000 0.000000 1.000000
0.368560 0.925868 -0.083256 0.489245 -0.066291 -0.063157 -0.995799 0.062065 -0.927237 0.372531 0.038099 0.036303 0.000000 0.000000 0.000000 1.000000
0.368560 0.925868 -0.083257 0.489245 -0.066291 -0.063157 -0.995800 0.062066 -0.927237 0.372531 0.038099 0.036302 0.000000 0.000000 0.000000 1.000000
0.368560 0.925868 -0.083257 0.489245 -0.066291 -0.063157 -0.995799 0.062066 -0.927237 0.372531 0.038099 0.036303 0.000000 0.000000 0.000000 1.000000
0.368560 0.925868 -0.083257 0.489245 -0.066290 -0.063157 -0.995799 0.062065 -0.927237 0.372531 0.038099 0.036303 0.000000 0.000000 0.000000 1.000000
0.368560 0.925868 -0.083257 0.489245 -0.066291 -0.063157 -0.995800 0.062066 -0.927237 0.372531 0.038099 0.036302 0.000000 0.000000 0.000000 1.000000
0.368560 0.925868 -0.083256 0.489245 -0.066291 -0.063157 -0.995799 0.062066 -0.927237 0.372531 0.038099 0.036303 0.000000 0.000000 0.000000 1.000000
0.368560 0.925868 -0.083256 0.489245 -0.066291 -0.063157 -0.995799 0.062066 -0.927237 0.372531 0.038099 0.036303 0.000000 0.000000 0.000000 1.000000
0.368560 0.925868 -0.083257 0.489244 -0.066291 -0.063157 -0.995800 0.062066 -0.927237 0.372531 0.038099 0.036302 0.000000 0.000000 0.000000 1.000000
0.368560 0.925868 -0.083257 0.489245 -0.066291 -0.063157 -0.995799 0.062066 -0.927237 0.372531 0.038099 0.036303 0.000000 0.000000 0.000000 1.000000
0.368560 0.925868 -0.083256 0.489246 -0.066291 -0.063157 -0.995800 0.062066 -0.927237 0.372531 0.038099 0.036304 0.000000 0.000000 0.000000 1.000000
0.368560 0.925868 -0.083257 0.489245 -0.066291 -0.063157 -0.995799 0.062066 -0.927237 0.372531 0.038099 0.036303 0.000000 0.000000 0.000000 1.000000
0.368560 0.925868 -0.083257 0.489245 -0.066291 -0.063157 -0.995799 0.062066 -0.927237 0.372531 0.038099 0.036303 0.000000 0.000000 0.000000 1.000000
0.368560 0.925868 -0.083256 0.489245 -0.066291 -0.063157 -0.995800 0.062065 -0.927237 0.372532 0.038099 0.036303 0.000000 0.000000 0.000000 1.000000
0.368560 0.925868 -0.083257 0.489245 -0.066291 -0.063157 -0.995799 0.062066 -0.927237 0.372531 0.038099 0.036302 0.000000 0.000000 0.000000 1.000000
0.368560 0.925868 -0.083257 0.489245 -0.066290 -0.063157 -0.995799 0.062066 -0.927237 0.372531 0.038099 0.036303 0.000000 0.000000 0.000000 1.000000
0.368560 0.925868 -0.083257 0.489245 -0.066291 -0.063157 -0.995799 0.062066 -0.927237 0.372531 0.038099 0.036302 0.000000 0.000000 0.000000 1.000000
0.368560 0.925868 -0.083257 0.489245 -0.066291 -0.063157 -0.995800 0.062066 -0.927237 0.372531 0.038099 0.036303 0.000000 0.000000 0.000000 1.000000
0.368560 0.925868 -0.083257 0.489245 -0.066291 -0.063157 -0.995799 0.062066 -0.927238 0.372531 0.038099 0.036303 0.000000 0.000000 0.000000 1.000000
0.368560 0.925868 -0.083257 0.489245 -0.066291 -0.063157 -0.995799 0.062066 -0.927237 0.372531 0.038099 0.036303 0.000000 0.000000 0.000000 1.000000
0.368560 0.925868 -0.083257 0.489245 -0.066291 -0.063157 -0.995800 0.062066 -0.927237 0.372531 0.038099 0.036303 0.000000 0.000000 0.000000 1.000000
0.368560 0.925868 -0.083257 0.489246 -0.066291 -0.063157 -0.995799 0.062066 -0.927237 0.372531 0.038099 0.036303 0.000000 0.000000 0.000000 1.000000
0.368560 0.925868 -0.083257 0.489246 -0.066291 -0.063157 -0.995800 0.062066 -0.927237 0.372531 0.038099 0.036304 0.000000 0.000000 0.000000 1.000000
0.368560 0.925868 -0.083257 0.489245 -0.066291 -0.063157 -0.995799 0.062066 -0.927237 0.372531 0.038099 0.036303 0.000000 0.000000 0.000000 1.000000
0.368560 0.925868 -0.083257 0.489246 -0.066291 -0.063157 -0.995799 0.062066 -0.927237 0.372531 0.038099 0.036303 0.000000 0.000000 0.000000 1.000000
0.368560 0.925868 -0.083257 0.489245 -0.066290 -0.063157 -0.995800 0.062065 -0.927237 0.372531 0.038099 0.036303 0.000000 0.000000 0.000000 1.000000
0.368560 0.925868 -0.083257 0.489245 -0.066291 -0.063157 -0.995800 0.062066 -0.927237 0.372531 0.038099 0.036302 0.000000 0.000000 0.000000 1.000000
0.368560 0.925868 -0.083257 0.489245 -0.066291 -0.063157 -0.995800 0.062065 -0.927237 0.372531 0.038099 0.036303 0.000000 0.000000 0.000000 1.000000
0.368560 0.925868 -0.083257 0.489245 -0.066291 -0.063157 -0.995799 0.062066 -0.927237 0.372531 0.038099 0.036303 0.000000 0.000000 0.000000 1.000000
0.368560 0.925868 -0.083256 0.489245 -0.066291 -0.063157 -0.995800 0.062066 -0.927237 0.372531 0.038099 0.036302 0.000000 0.000000 0.000000 1.000000
0.368560 0.925868 -0.083257 0.489245 -0.066291 -0.063157 -0.995799 0.062066 -0.927237 0.372531 0.038099 0.036303 0.000000 0.000000 0.000000 1.000000
0.368560 0.925868 -0.083256 0.489245 -0.066291 -0.063156 -0.995799 0.062065 -0.927237 0.372531 0.038099 0.036303 0.000000 0.000000 0.000000 1.000000
0.368560 0.925868 -0.083256 0.489245 -0.066291 -0.063156 -0.995799 0.062066 -0.927237 0.372531 0.038099 0.036303 0.000000 0.000000 0.000000 1.000000
0.368560 0.925868 -0.083256 0.489245 -0.066291 -0.063157 -0.995799 0.062066 -0.927237 0.372531 0.038099 0.036303 0.000000 0.000000 0.000000 1.000000
0.368560 0.925868 -0.083257 0.489245 -0.066290 -0.063157 -0.995800 0.062066 -0.927237 0.372531 0.038099 0.036303 0.000000 0.000000 0.000000 1.000000
0.368560 0.925868 -0.083257 0.489245 -0.066291 -0.063157 -0.995799 0.062066 -0.927237 0.372531 0.038099 0.036302 0.000000 0.000000 0.000000 1.000000
0.368560 0.925868 -0.083257 0.489245 -0.066291 -0.063157 -0.995799 0.062066 -0.927237 0.372531 0.038099 0.036303 0.000000 0.000000 0.000000 1.000000
0.368560 0.925868 -0.083257 0.489245 -0.066290 -0.063157 -0.995799 0.062066 -0.927237 0.372531 0.038099 0.036303 0.000000 0.000000 0.000000 1.000000
0.368560 0.925868 -0.083257 0.489245 -0.066291 -0.063157 -0.995800 0.062067 -0.927237 0.372531 0.038099 0.036303 0.000000 0.000000 0.000000 1.000000
0.368560 0.925868 -0.083256 0.489245 -0.066290 -0.063156 -0.995800 0.062065 -0.927237 0.372531 0.038099 0.036302 0.000000 0.000000 0.000000 1.000000
0.368560 0.925868 -0.083256 0.489245 -0.066291 -0.063157 -0.995800 0.062066 -0.927237 0.372531 0.038099 0.036302 0.000000 0.000000 0.000000 1.000000
0.368560 0.925868 -0.083257 0.489245 -0.066291 -0.063157 -0.995799 0.062067 -0.927237 0.372531 0.038099 0.036303 0.000000 0.000000 0.000000 1.000000</float_array>
     <technique_common>
      <accessor source="#jnt_right_handmiddle1-Matrix-animation-output-transform-array" count="53" stride="16">
       <param type="float4x4"></param>
      </accessor>
     </technique_common>
    </source>
    <source id="jnt_right_handmiddle1-Interpolations">
     <Name_array id="jnt_right_handmiddle1-Interpolations-array" count="53">
 LINEAR LINEAR LINEAR LINEAR LINEAR LINEAR LINEAR LINEAR LINEAR LINEAR LINEAR
LINEAR LINEAR LINEAR LINEAR LINEAR LINEAR LINEAR LINEAR LINEAR LINEAR LINEAR LINEAR
LINEAR LINEAR LINEAR LINEAR LINEAR LINEAR LINEAR LINEAR LINEAR LINEAR LINEAR LINEAR
LINEAR LINEAR LINEAR LINEAR LINEAR LINEAR LINEAR LINEAR LINEAR LINEAR LINEAR LINEAR
LINEAR LINEAR LINEAR LINEAR LINEAR LINEAR</Name_array>
     <technique_common>
      <accessor source="#jnt_right_handmiddle1-Interpolations-array" count="53">
       <param type="name"></param>
      </accessor>
     </technique_common>
    </source>
    <sampler id="jnt_right_handmiddle1-Matrix-animation-transform">
     <input semantic="INPUT" source="#jnt_right_handmiddle1-Matrix-animation-input"></input>
     <input semantic="OUTPUT" source="#jnt_right_handmiddle1-Matrix-animation-output-transform"></input>
     <input semantic="INTERPOLATION" source="#jnt_right_handmiddle1-Interpolations"></input>
    </sampler>
    <channel source="#jnt_right_handmiddle1-Matrix-animation-transform" target="jnt_right_handmiddle1/matrix"></channel>
   </animation>
  </animation>
  <animation id="jnt_right_handmiddle2-anim" name="jnt_right_handmiddle2">
   <animation>
    <source id="jnt_right_handmiddle2-Matrix-animation-input">
     <float_array id="jnt_right_handmiddle2-Matrix-animation-input-array" count="53">

0.000000 0.033333 0.066667 0.100000 0.133333 0.166667 0.200000 0.233333 0.266667 0.300000 0.333333 0.366667 0.400000 0.433333 0.466667 0.500000
0.533333 0.566667 0.600000 0.633333 0.666667 0.700000 0.733333 0.766667 0.800000 0.833333 0.866667 0.900000 0.933333 0.966667 1.000000 1.033333
1.066667 1.100000 1.133333 1.166667 1.200000 1.233333 1.266667 1.300000 1.333333 1.366667 1.400000 1.433333 1.466667 1.500000 1.533333 1.566667
1.600000 1.633333 1.666667 1.700000 1.733333</float_array>
     <technique_common>
      <accessor source="#jnt_right_handmiddle2-Matrix-animation-input-array" count="53">
       <param name="TIME" type="float"></param>
      </accessor>
     </technique_common>
    </source>
    <source id="jnt_right_handmiddle2-Matrix-animation-output-transform">
     <float_array id="jnt_right_handmiddle2-Matrix-animation-output-transform-array" count="848">

0.739923 0.672691 -0.000000 0.176685 -0.672691 0.739923 -0.000000 0.000001 0.000000 0.000000 1.000000 0.000001 0.000000 0.000000 0.000000 1.000000
0.739923 0.672691 -0.000000 0.176685 -0.672691 0.739923 -0.000000 0.000000 0.000000 0.000000 1.000000 0.000001 0.000000 0.000000 0.000000 1.000000
0.739923 0.672692 -0.000000 0.176686 -0.672691 0.739923 -0.000000 0.000000 0.000000 0.000000 1.000000 -0.000000 0.000000 0.000000 0.000000 1.000000
0.739923 0.672691 -0.000000 0.176685 -0.672691 0.739923 -0.000000 0.000001 0.000000 0.000000 1.000000 0.000000 0.000000 0.000000 0.000000 1.000000
0.739923 0.672691 -0.000000 0.176685 -0.672691 0.739923 -0.000000 0.000001 0.000000 0.000000 1.000000 0.000000 0.000000 0.000000 0.000000 1.000000
0.739923 0.672691 -0.000000 0.176685 -0.672691 0.739923 -0.000000 0.000001 0.000000 0.000000 1.000000 -0.000001 0.000000 0.000000 0.000000 1.000000
0.739923 0.672691 -0.000000 0.176685 -0.672691 0.739923 -0.000000 0.000001 0.000000 0.000000 1.000000 0.000001 0.000000 0.000000 0.000000 1.000000
0.739923 0.672691 -0.000000 0.176686 -0.672691 0.739923 -0.000000 0.000001 0.000000 0.000000 1.000000 -0.000000 0.000000 0.000000 0.000000 1.000000
0.739923 0.672691 -0.000000 0.176685 -0.672691 0.739923 -0.000000 0.000001 0.000000 0.000000 1.000000 0.000000 0.000000 0.000000 0.000000 1.000000
0.739923 0.672691 -0.000000 0.176685 -0.672691 0.739923 -0.000000 0.000001 0.000000 0.000000 1.000000 0.000000 0.000000 0.000000 0.000000 1.000000
0.739923 0.672691 -0.000000 0.176684 -0.672691 0.739923 -0.000000 0.000001 0.000000 0.000000 1.000000 -0.000000 0.000000 0.000000 0.000000 1.000000
0.739923 0.672691 -0.000000 0.176685 -0.672691 0.739923 -0.000000 0.000001 0.000000 0.000000 1.000000 0.000001 0.000000 0.000000 0.000000 1.000000
0.739923 0.672691 -0.000000 0.176685 -0.672691 0.739923 -0.000000 0.000001 0.000000 0.000000 1.000000 0.000000 0.000000 0.000000 0.000000 1.000000
0.739923 0.672691 -0.000000 0.176685 -0.672691 0.739923 -0.000000 0.000000 0.000000 0.000000 1.000000 -0.000000 0.000000 0.000000 0.000000 1.000000
0.739923 0.672691 -0.000000 0.176685 -0.672691 0.739923 -0.000000 0.000001 0.000000 0.000000 1.000000 -0.000000 0.000000 0.000000 0.000000 1.000000
0.739923 0.672691 -0.000000 0.176686 -0.672691 0.739923 -0.000000 0.000000 0.000000 0.000000 1.000000 0.000000 0.000000 0.000000 0.000000 1.000000
0.739923 0.672691 -0.000000 0.176685 -0.672691 0.739923 -0.000000 0.000001 0.000000 0.000000 1.000000 0.000000 0.000000 0.000000 0.000000 1.000000
0.739923 0.672691 -0.000000 0.176685 -0.672691 0.739923 -0.000000 0.000000 0.000000 0.000000 1.000000 -0.000000 0.000000 0.000000 0.000000 1.000000
0.739923 0.672692 -0.000000 0.176686 -0.672691 0.739923 -0.000000 0.000001 0.000000 0.000000 1.000000 0.000000 0.000000 0.000000 0.000000 1.000000
0.739923 0.672692 -0.000000 0.176685 -0.672691 0.739923 -0.000000 0.000000 0.000000 0.000000 1.000000 0.000000 0.000000 0.000000 0.000000 1.000000
0.739923 0.672691 -0.000000 0.176685 -0.672691 0.739923 -0.000000 0.000000 0.000000 0.000000 1.000000 0.000000 0.000000 0.000000 0.000000 1.000000
0.739923 0.672691 -0.000000 0.176685 -0.672691 0.739923 -0.000000 0.000000 0.000000 0.000000 1.000000 -0.000000 0.000000 0.000000 0.000000 1.000000
0.739923 0.672691 -0.000000 0.176685 -0.672691 0.739923 -0.000000 -0.000000 0.000000 0.000000 1.000000 -0.000000 0.000000 0.000000 0.000000 1.000000
0.739923 0.672691 -0.000000 0.176685 -0.672691 0.739923 -0.000000 0.000001 0.000000 0.000000 1.000000 -0.000000 0.000000 0.000000 0.000000 1.000000
0.739923 0.672691 -0.000000 0.176686 -0.672691 0.739923 -0.000000 0.000001 0.000000 0.000000 1.000000 0.000000 0.000000 0.000000 0.000000 1.000000
0.739923 0.672691 -0.000000 0.176685 -0.672691 0.739923 -0.000000 0.000001 0.000000 0.000000 1.000000 -0.000000 0.000000 0.000000 0.000000 1.000000
0.739923 0.672691 -0.000000 0.176686 -0.672691 0.739923 -0.000000 0.000000 0.000000 0.000000 1.000000 -0.000000 0.000000 0.000000 0.000000 1.000000
0.739923 0.672691 -0.000000 0.176685 -0.672691 0.739923 -0.000000 0.000000 0.000000 0.000000 1.000000 -0.000000 0.000000 0.000000 0.000000 1.000000
0.739923 0.672691 -0.000000 0.176686 -0.672691 0.739923 -0.000000 0.000000 0.000000 0.000000 1.000000 0.000000 0.000000 0.000000 0.000000 1.000000
0.739923 0.672691 -0.000000 0.176685 -0.672691 0.739923 -0.000000 0.000001 0.000000 0.000000 1.000000 0.000000 0.000000 0.000000 0.000000 1.000000
0.739923 0.672691 -0.000000 0.176685 -0.672691 0.739923 -0.000000 0.000001 0.000000 0.000000 1.000000 -0.000000 0.000000 0.000000 0.000000 1.000000
0.739923 0.672691 -0.000000 0.176685 -0.672691 0.739923 -0.000000 0.000001 0.000000 0.000000 1.000000 -0.000000 0.000000 0.000000 0.000000 1.000000
0.739923 0.672691 -0.000000 0.176685 -0.672691 0.739923 -0.000000 0.000000 0.000000 0.000000 1.000000 0.000000 0.000000 0.000000 0.000000 1.000000
0.739923 0.672691 -0.000000 0.176685 -0.672692 0.739923 -0.000000 0.000001 0.000000 0.000000 1.000000 -0.000001 0.000000 0.000000 0.000000 1.000000
0.739923 0.672691 -0.000000 0.176685 -0.672691 0.739923 -0.000000 0.000001 0.000000 0.000000 1.000000 0.000000 0.000000 0.000000 0.000000 1.000000
0.739923 0.672691 -0.000000 0.176684 -0.672691 0.739923 -0.000000 0.000001 0.000000 0.000000 1.000000 -0.000000 0.000000 0.000000 0.000000 1.000000
0.739923 0.672691 -0.000000 0.176684 -0.672691 0.739923 -0.000000 0.000001 0.000000 0.000000 1.000000 -0.000000 0.000000 0.000000 0.000000 1.000000
0.739923 0.672691 -0.000000 0.176685 -0.672691 0.739923 -0.000000 0.000001 0.000000 0.000000 1.000000 0.000000 0.000000 0.000000 0.000000 1.000000
0.739923 0.672691 -0.000000 0.176685 -0.672691 0.739923 -0.000000 0.000001 0.000000 0.000000 1.000000 -0.000000 0.000000 0.000000 0.000000 1.000000
0.739923 0.672691 -0.000000 0.176685 -0.672691 0.739923 -0.000000 0.000001 0.000000 0.000000 1.000000 0.000000 0.000000 0.000000 0.000000 1.000000
0.739923 0.672691 -0.000000 0.176685 -0.672691 0.739923 -0.000000 0.000000 0.000000 0.000000 1.000000 0.000000 0.000000 0.000000 0.000000 1.000000
0.739923 0.672691 -0.000000 0.176686 -0.672691 0.739923 -0.000000 0.000000 0.000000 0.000000 1.000000 0.000000 0.000000 0.000000 0.000000 1.000000
0.739923 0.672691 -0.000000 0.176685 -0.672691 0.739923 -0.000000 0.000001 0.000000 0.000000 1.000000 -0.000001 0.000000 0.000000 0.000000 1.000000
0.739923 0.672692 -0.000000 0.176685 -0.672691 0.739923 -0.000000 0.000001 0.000000 0.000000 1.000000 -0.000001 0.000000 0.000000 0.000000 1.000000
0.739923 0.672691 -0.000000 0.176685 -0.672691 0.739923 -0.000000 0.000000 0.000000 0.000000 1.000000 -0.000000 0.000000 0.000000 0.000000 1.000000
0.739923 0.672691 -0.000000 0.176685 -0.672691 0.739923 -0.000000 0.000001 0.000000 0.000000 1.000000 -0.000000 0.000000 0.000000 0.000000 1.000000
0.739923 0.672692 -0.000000 0.176686 -0.672691 0.739923 -0.000000 0.000000 0.000000 0.000000 1.000000 -0.000000 0.000000 0.000000 0.000000 1.000000
0.739923 0.672691 -0.000000 0.176685 -0.672691 0.739923 -0.000000 0.000001 0.000000 0.000000 1.000000 0.000000 0.000000 0.000000 0.000000 1.000000
0.739923 0.672691 -0.000000 0.176685 -0.672691 0.739923 -0.000000 0.000001 0.000000 0.000000 1.000000 -0.000000 0.000000 0.000000 0.000000 1.000000
0.739923 0.672691 -0.000000 0.176686 -0.672691 0.739923 -0.000000 0.000000 0.000000 0.000000 1.000000 -0.000000 0.000000 0.000000 0.000000 1.000000
0.739923 0.672691 -0.000000 0.176685 -0.672691 0.739923 -0.000000 0.000001 0.000000 0.000000 1.000000 0.000001 0.000000 0.000000 0.000000 1.000000
0.739923 0.672692 -0.000000 0.176685 -0.672691 0.739923 -0.000000 0.000000 0.000000 0.000000 1.000000 -0.000000 0.000000 0.000000 0.000000 1.000000
0.739923 0.672691 -0.000000 0.176685 -0.672691 0.739923 -0.000000 0.000001 0.000000 0.000000 1.000000 0.000001 0.000000 0.000000 0.000000 1.000000</float_array>
     <technique_common>
      <accessor source="#jnt_right_handmiddle2-Matrix-animation-output-transform-array" count="53" stride="16">
       <param type="float4x4"></param>
      </accessor>
     </technique_common>
    </source>
    <source id="jnt_right_handmiddle2-Interpolations">
     <Name_array id="jnt_right_handmiddle2-Interpolations-array" count="53">
 LINEAR LINEAR LINEAR LINEAR LINEAR LINEAR LINEAR LINEAR LINEAR LINEAR LINEAR
LINEAR LINEAR LINEAR LINEAR LINEAR LINEAR LINEAR LINEAR LINEAR LINEAR LINEAR LINEAR
LINEAR LINEAR LINEAR LINEAR LINEAR LINEAR LINEAR LINEAR LINEAR LINEAR LINEAR LINEAR
LINEAR LINEAR LINEAR LINEAR LINEAR LINEAR LINEAR LINEAR LINEAR LINEAR LINEAR LINEAR
LINEAR LINEAR LINEAR LINEAR LINEAR LINEAR</Name_array>
     <technique_common>
      <accessor source="#jnt_right_handmiddle2-Interpolations-array" count="53">
       <param type="name"></param>
      </accessor>
     </technique_common>
    </source>
    <sampler id="jnt_right_handmiddle2-Matrix-animation-transform">
     <input semantic="INPUT" source="#jnt_right_handmiddle2-Matrix-animation-input"></input>
     <input semantic="OUTPUT" source="#jnt_right_handmiddle2-Matrix-animation-output-transform"></input>
     <input semantic="INTERPOLATION" source="#jnt_right_handmiddle2-Interpolations"></input>
    </sampler>
    <channel source="#jnt_right_handmiddle2-Matrix-animation-transform" target="jnt_right_handmiddle2/matrix"></channel>
   </animation>
  </animation>
  <animation id="jnt_right_handmiddle3-anim" name="jnt_right_handmiddle3">
   <animation>
    <source id="jnt_right_handmiddle3-Matrix-animation-input">
     <float_array id="jnt_right_handmiddle3-Matrix-animation-input-array" count="53">

0.000000 0.033333 0.066667 0.100000 0.133333 0.166667 0.200000 0.233333 0.266667 0.300000 0.333333 0.366667 0.400000 0.433333 0.466667 0.500000
0.533333 0.566667 0.600000 0.633333 0.666667 0.700000 0.733333 0.766667 0.800000 0.833333 0.866667 0.900000 0.933333 0.966667 1.000000 1.033333
1.066667 1.100000 1.133333 1.166667 1.200000 1.233333 1.266667 1.300000 1.333333 1.366667 1.400000 1.433333 1.466667 1.500000 1.533333 1.566667
1.600000 1.633333 1.666667 1.700000 1.733333</float_array>
     <technique_common>
      <accessor source="#jnt_right_handmiddle3-Matrix-animation-input-array" count="53">
       <param name="TIME" type="float"></param>
      </accessor>
     </technique_common>
    </source>
    <source id="jnt_right_handmiddle3-Matrix-animation-output-transform">
     <float_array id="jnt_right_handmiddle3-Matrix-animation-output-transform-array" count="848">

0.869501 0.493932 -0.000000 0.108374 -0.493932 0.869501 0.000000 0.000000 0.000000 -0.000000 1.000000 -0.000000 0.000000 0.000000 0.000000 1.000000
0.869501 0.493932 -0.000000 0.108374 -0.493932 0.869501 0.000000 0.000000 0.000000 -0.000000 1.000000 0.000000 0.000000 0.000000 0.000000 1.000000
0.869501 0.493932 -0.000000 0.108374 -0.493932 0.869501 0.000000 -0.000000 0.000000 -0.000000 1.000000 0.000000 0.000000 0.000000 0.000000 1.000000
0.869501 0.493932 -0.000000 0.108374 -0.493932 0.869501 0.000000 -0.000000 0.000000 -0.000000 1.000000 -0.000000 0.000000 0.000000 0.000000 1.000000
0.869501 0.493932 -0.000000 0.108374 -0.493932 0.869501 0.000000 0.000000 0.000000 -0.000000 1.000000 -0.000000 0.000000 0.000000 0.000000 1.000000
0.869501 0.493932 0.000000 0.108374 -0.493932 0.869501 0.000000 0.000000 0.000000 -0.000000 1.000000 0.000001 0.000000 0.000000 0.000000 1.000000
0.869501 0.493932 0.000000 0.108374 -0.493932 0.869501 0.000000 0.000000 0.000000 -0.000000 1.000000 0.000000 0.000000 0.000000 0.000000 1.000000
0.869501 0.493932 -0.000000 0.108374 -0.493932 0.869501 0.000000 0.000000 0.000000 -0.000000 1.000000 0.000000 0.000000 0.000000 0.000000 1.000000
0.869501 0.493932 -0.000000 0.108374 -0.493932 0.869501 0.000000 0.000000 0.000000 -0.000000 1.000000 -0.000000 0.000000 0.000000 0.000000 1.000000
0.869501 0.493932 -0.000000 0.108375 -0.493932 0.869501 0.000000 0.000000 0.000000 -0.000000 1.000000 -0.000001 0.000000 0.000000 0.000000 1.000000
0.869501 0.493932 -0.000000 0.108374 -0.493932 0.869501 0.000000 0.000000 0.000000 -0.000000 1.000000 -0.000000 0.000000 0.000000 0.000000 1.000000
0.869501 0.493932 -0.000000 0.108374 -0.493932 0.869501 0.000000 0.000000 0.000000 -0.000000 1.000000 0.000000 0.000000 0.000000 0.000000 1.000000
0.869501 0.493932 -0.000000 0.108374 -0.493932 0.869501 0.000000 0.000000 0.000000 -0.000000 1.000000 -0.000000 0.000000 0.000000 0.000000 1.000000
0.869501 0.493932 -0.000000 0.108374 -0.493932 0.869501 0.000000 0.000000 0.000000 -0.000000 1.000000 -0.000000 0.000000 0.000000 0.000000 1.000000
0.869501 0.493932 -0.000000 0.108375 -0.493932 0.869501 0.000000 0.000000 0.000000 -0.000000 1.000000 -0.000000 0.000000 0.000000 0.000000 1.000000
0.869500 0.493932 0.000000 0.108374 -0.493932 0.869500 0.000000 0.000000 0.000000 -0.000000 1.000000 0.000000 0.000000 0.000000 0.000000 1.000000
0.869501 0.493932 -0.000000 0.108374 -0.493932 0.869501 0.000000 0.000000 0.000000 -0.000000 1.000000 -0.000000 0.000000 0.000000 0.000000 1.000000
0.869501 0.493932 -0.000000 0.108375 -0.493932 0.869501 0.000000 0.000000 0.000000 -0.000000 1.000000 0.000000 0.000000 0.000000 0.000000 1.000000
0.869501 0.493932 -0.000000 0.108373 -0.493932 0.869501 0.000000 0.000000 0.000000 -0.000000 1.000000 -0.000000 0.000000 0.000000 0.000000 1.000000
0.869501 0.493932 -0.000000 0.108374 -0.493932 0.869501 0.000000 0.000000 0.000000 -0.000000 1.000000 -0.000000 0.000000 0.000000 0.000000 1.000000
0.869501 0.493932 -0.000000 0.108374 -0.493932 0.869501 0.000000 0.000000 0.000000 -0.000000 1.000000 -0.000000 0.000000 0.000000 0.000000 1.000000
0.869501 0.493932 -0.000000 0.108374 -0.493932 0.869501 0.000000 -0.000000 0.000000 -0.000000 1.000000 -0.000000 0.000000 0.000000 0.000000 1.000000
0.869500 0.493932 0.000000 0.108375 -0.493932 0.869501 0.000000 0.000000 0.000000 -0.000000 1.000000 0.000000 0.000000 0.000000 0.000000 1.000000
0.869501 0.493932 -0.000000 0.108374 -0.493932 0.869501 0.000000 0.000000 0.000000 -0.000000 1.000000 -0.000000 0.000000 0.000000 0.000000 1.000000
0.869501 0.493932 -0.000000 0.108374 -0.493932 0.869501 0.000000 0.000000 0.000000 -0.000000 1.000000 -0.000000 0.000000 0.000000 0.000000 1.000000
0.869501 0.493932 -0.000000 0.108374 -0.493932 0.869501 0.000000 0.000000 0.000000 -0.000000 1.000000 0.000000 0.000000 0.000000 0.000000 1.000000
0.869501 0.493932 -0.000000 0.108374 -0.493932 0.869501 0.000000 0.000000 0.000000 -0.000000 1.000000 -0.000000 0.000000 0.000000 0.000000 1.000000
0.869501 0.493932 0.000000 0.108374 -0.493932 0.869501 0.000000 0.000000 0.000000 -0.000000 1.000000 -0.000000 0.000000 0.000000 0.000000 1.000000
0.869501 0.493932 0.000000 0.108373 -0.493932 0.869501 0.000000 0.000000 0.000000 -0.000000 1.000000 -0.000000 0.000000 0.000000 0.000000 1.000000
0.869501 0.493932 -0.000000 0.108375 -0.493932 0.869501 0.000000 0.000000 0.000000 -0.000000 1.000000 0.000000 0.000000 0.000000 0.000000 1.000000
0.869501 0.493932 -0.000000 0.108374 -0.493932 0.869501 0.000000 0.000000 0.000000 -0.000000 1.000000 -0.000000 0.000000 0.000000 0.000000 1.000000
0.869501 0.493932 -0.000000 0.108374 -0.493932 0.869501 0.000000 0.000000 0.000000 -0.000000 1.000000 -0.000000 0.000000 0.000000 0.000000 1.000000
0.869501 0.493932 -0.000000 0.108375 -0.493932 0.869501 0.000000 -0.000000 0.000000 -0.000000 1.000000 -0.000000 0.000000 0.000000 0.000000 1.000000
0.869501 0.493932 -0.000000 0.108374 -0.493932 0.869501 0.000000 0.000000 0.000000 -0.000000 1.000000 -0.000000 0.000000 0.000000 0.000000 1.000000
0.869501 0.493932 0.000000 0.108374 -0.493932 0.869501 0.000000 0.000000 0.000000 -0.000000 1.000000 -0.000000 0.000000 0.000000 0.000000 1.000000
0.869501 0.493932 -0.000000 0.108374 -0.493932 0.869500 0.000000 0.000000 0.000000 -0.000000 1.000000 -0.000000 0.000000 0.000000 0.000000 1.000000
0.869501 0.493932 -0.000000 0.108374 -0.493932 0.869501 0.000000 -0.000000 0.000000 -0.000000 1.000000 0.000000 0.000000 0.000000 0.000000 1.000000
0.869501 0.493932 -0.000000 0.108374 -0.493932 0.869501 0.000000 0.000000 0.000000 -0.000000 1.000000 -0.000000 0.000000 0.000000 0.000000 1.000000
0.869501 0.493932 -0.000000 0.108374 -0.493932 0.869501 0.000000 0.000000 0.000000 -0.000000 1.000000 -0.000001 0.000000 0.000000 0.000000 1.000000
0.869501 0.493932 -0.000000 0.108374 -0.493932 0.869501 0.000000 0.000000 0.000000 -0.000000 1.000000 -0.000000 0.000000 0.000000 0.000000 1.000000
0.869501 0.493932 -0.000000 0.108374 -0.493932 0.869501 0.000000 0.000000 0.000000 -0.000000 1.000000 0.000000 0.000000 0.000000 0.000000 1.000000
0.869501 0.493932 -0.000000 0.108374 -0.493932 0.869501 0.000000 0.000000 0.000000 -0.000000 1.000000 0.000001 0.000000 0.000000 0.000000 1.000000
0.869501 0.493932 -0.000000 0.108374 -0.493932 0.869501 0.000000 0.000000 0.000000 -0.000000 1.000000 0.000000 0.000000 0.000000 0.000000 1.000000
0.869501 0.493932 0.000000 0.108374 -0.493932 0.869501 0.000000 0.000000 0.000000 -0.000000 1.000000 0.000000 0.000000 0.000000 0.000000 1.000000
0.869501 0.493932 -0.000000 0.108374 -0.493932 0.869501 0.000000 -0.000000 0.000000 -0.000000 1.000000 0.000000 0.000000 0.000000 0.000000 1.000000
0.869501 0.493932 -0.000000 0.108374 -0.493932 0.869501 0.000000 0.000000 0.000000 -0.000000 1.000000 0.000001 0.000000 0.000000 0.000000 1.000000
0.869501 0.493932 -0.000000 0.108375 -0.493932 0.869501 0.000000 0.000000 0.000000 -0.000000 1.000000 -0.000000 0.000000 0.000000 0.000000 1.000000
0.869501 0.493932 -0.000000 0.108374 -0.493932 0.869501 0.000000 0.000000 0.000000 -0.000000 1.000000 0.000000 0.000000 0.000000 0.000000 1.000000
0.869501 0.493932 0.000000 0.108374 -0.493932 0.869501 0.000000 0.000000 0.000000 -0.000000 1.000000 0.000000 0.000000 0.000000 0.000000 1.000000
0.869501 0.493932 -0.000000 0.108374 -0.493932 0.869501 0.000000 0.000000 0.000000 -0.000000 1.000000 -0.000001 0.000000 0.000000 0.000000 1.000000
0.869501 0.493932 -0.000000 0.108374 -0.493932 0.869501 0.000000 0.000000 0.000000 -0.000000 1.000000 -0.000000 0.000000 0.000000 0.000000 1.000000
0.869501 0.493932 -0.000000 0.108374 -0.493932 0.869501 0.000000 0.000000 0.000000 -0.000000 1.000000 0.000000 0.000000 0.000000 0.000000 1.000000
0.869501 0.493932 -0.000000 0.108374 -0.493932 0.869501 0.000000 0.000000 0.000000 -0.000000 1.000000 -0.000000 0.000000 0.000000 0.000000 1.000000</float_array>
     <technique_common>
      <accessor source="#jnt_right_handmiddle3-Matrix-animation-output-transform-array" count="53" stride="16">
       <param type="float4x4"></param>
      </accessor>
     </technique_common>
    </source>
    <source id="jnt_right_handmiddle3-Interpolations">
     <Name_array id="jnt_right_handmiddle3-Interpolations-array" count="53">
 LINEAR LINEAR LINEAR LINEAR LINEAR LINEAR LINEAR LINEAR LINEAR LINEAR LINEAR
LINEAR LINEAR LINEAR LINEAR LINEAR LINEAR LINEAR LINEAR LINEAR LINEAR LINEAR LINEAR
LINEAR LINEAR LINEAR LINEAR LINEAR LINEAR LINEAR LINEAR LINEAR LINEAR LINEAR LINEAR
LINEAR LINEAR LINEAR LINEAR LINEAR LINEAR LINEAR LINEAR LINEAR LINEAR LINEAR LINEAR
LINEAR LINEAR LINEAR LINEAR LINEAR LINEAR</Name_array>
     <technique_common>
      <accessor source="#jnt_right_handmiddle3-Interpolations-array" count="53">
       <param type="name"></param>
      </accessor>
     </technique_common>
    </source>
    <sampler id="jnt_right_handmiddle3-Matrix-animation-transform">
     <input semantic="INPUT" source="#jnt_right_handmiddle3-Matrix-animation-input"></input>
     <input semantic="OUTPUT" source="#jnt_right_handmiddle3-Matrix-animation-output-transform"></input>
     <input semantic="INTERPOLATION" source="#jnt_right_handmiddle3-Interpolations"></input>
    </sampler>
    <channel source="#jnt_right_handmiddle3-Matrix-animation-transform" target="jnt_right_handmiddle3/matrix"></channel>
   </animation>
  </animation>
  <animation id="jnt_right_handmiddle4-anim" name="jnt_right_handmiddle4">
   <animation>
    <source id="jnt_right_handmiddle4-Matrix-animation-input">
     <float_array id="jnt_right_handmiddle4-Matrix-animation-input-array" count="53">

0.000000 0.033333 0.066667 0.100000 0.133333 0.166667 0.200000 0.233333 0.266667 0.300000 0.333333 0.366667 0.400000 0.433333 0.466667 0.500000
0.533333 0.566667 0.600000 0.633333 0.666667 0.700000 0.733333 0.766667 0.800000 0.833333 0.866667 0.900000 0.933333 0.966667 1.000000 1.033333
1.066667 1.100000 1.133333 1.166667 1.200000 1.233333 1.266667 1.300000 1.333333 1.366667 1.400000 1.433333 1.466667 1.500000 1.533333 1.566667
1.600000 1.633333 1.666667 1.700000 1.733333</float_array>
     <technique_common>
      <accessor source="#jnt_right_handmiddle4-Matrix-animation-input-array" count="53">
       <param name="TIME" type="float"></param>
      </accessor>
     </technique_common>
    </source>
    <source id="jnt_right_handmiddle4-Matrix-animation-output-transform">
     <float_array id="jnt_right_handmiddle4-Matrix-animation-output-transform-array" count="848">

1.000000 0.000000 -0.000000 0.119191 -0.000000 1.000000 -0.000000 0.000105 -0.000000 0.000000 1.000000 -0.000005 0.000000 0.000000 0.000000 1.000000
1.000000 0.000000 0.000000 0.119191 -0.000000 1.000000 0.000000 0.000105 -0.000000 -0.000000 1.000000 -0.000005 0.000000 0.000000 0.000000 1.000000
1.000000 0.000000 0.000000 0.119191 -0.000000 1.000000 -0.000000 0.000105 -0.000000 0.000000 1.000000 -0.000005 0.000000 0.000000 0.000000 1.000000
1.000000 0.000000 0.000000 0.119191 -0.000000 1.000000 0.000000 0.000105 -0.000000 -0.000000 1.000000 -0.000005 0.000000 0.000000 0.000000 1.000000
1.000000 0.000000 -0.000000 0.119191 -0.000000 1.000000 0.000000 0.000105 0.000000 -0.000000 1.000000 -0.000005 0.000000 0.000000 0.000000 1.000000
1.000000 0.000000 0.000000 0.119191 -0.000000 1.000000 0.000000 0.000105 -0.000000 -0.000000 1.000000 -0.000005 0.000000 0.000000 0.000000 1.000000
1.000000 0.000000 0.000000 0.119191 -0.000000 1.000000 0.000000 0.000105 -0.000000 -0.000000 1.000000 -0.000005 0.000000 0.000000 0.000000 1.000000
1.000000 0.000000 -0.000000 0.119191 -0.000000 1.000000 -0.000000 0.000105 0.000000 0.000000 1.000000 -0.000005 0.000000 0.000000 0.000000 1.000000
1.000000 0.000000 -0.000000 0.119191 -0.000000 1.000000 -0.000000 0.000105 0.000000 0.000000 1.000000 -0.000005 0.000000 0.000000 0.000000 1.000000
1.000000 0.000000 -0.000000 0.119191 -0.000000 1.000000 -0.000000 0.000105 0.000000 0.000000 1.000000 -0.000005 0.000000 0.000000 0.000000 1.000000
1.000000 0.000000 0.000000 0.119191 -0.000000 1.000000 0.000000 0.000105 -0.000000 -0.000000 1.000000 -0.000005 0.000000 0.000000 0.000000 1.000000
1.000000 0.000000 -0.000000 0.119191 -0.000000 1.000000 0.000000 0.000105 0.000000 -0.000000 1.000000 -0.000005 0.000000 0.000000 0.000000 1.000000
1.000000 0.000000 0.000000 0.119191 -0.000000 1.000000 -0.000000 0.000105 -0.000000 -0.000000 1.000000 -0.000005 0.000000 0.000000 0.000000 1.000000
1.000000 0.000000 -0.000000 0.119191 -0.000000 1.000000 0.000000 0.000105 0.000000 -0.000000 1.000000 -0.000005 0.000000 0.000000 0.000000 1.000000
1.000000 0.000000 0.000000 0.119191 -0.000000 1.000000 0.000000 0.000105 -0.000000 -0.000000 1.000000 -0.000005 0.000000 0.000000 0.000000 1.000000
1.000000 0.000000 -0.000000 0.119191 -0.000000 1.000000 0.000000 0.000105 0.000000 -0.000000 1.000000 -0.000005 0.000000 0.000000 0.000000 1.000000
1.000000 0.000000 -0.000000 0.119191 -0.000000 1.000000 -0.000000 0.000105 0.000000 0.000000 1.000000 -0.000005 0.000000 0.000000 0.000000 1.000000
1.000000 0.000000 -0.000000 0.119191 -0.000000 1.000000 0.000000 0.000105 0.000000 -0.000000 1.000000 -0.000005 0.000000 0.000000 0.000000 1.000000
1.000000 0.000000 -0.000000 0.119191 -0.000000 1.000000 0.000000 0.000105 0.000000 -0.000000 1.000000 -0.000005 0.000000 0.000000 0.000000 1.000000
1.000000 0.000000 -0.000000 0.119191 -0.000000 1.000000 -0.000000 0.000105 0.000000 0.000000 1.000000 -0.000005 0.000000 0.000000 0.000000 1.000000
1.000000 0.000000 -0.000000 0.119191 -0.000000 1.000000 -0.000000 0.000105 0.000000 0.000000 1.000000 -0.000005 0.000000 0.000000 0.000000 1.000000
1.000000 0.000000 0.000000 0.119191 -0.000000 1.000000 -0.000000 0.000105 -0.000000 0.000000 1.000000 -0.000005 0.000000 0.000000 0.000000 1.000000
1.000000 0.000000 -0.000000 0.119191 -0.000000 1.000000 -0.000000 0.000105 0.000000 0.000000 1.000000 -0.000005 0.000000 0.000000 0.000000 1.000000
1.000000 0.000000 -0.000000 0.119191 -0.000000 1.000000 -0.000000 0.000105 0.000000 0.000000 1.000000 -0.000005 0.000000 0.000000 0.000000 1.000000
1.000000 0.000000 -0.000000 0.119191 -0.000000 1.000000 0.000000 0.000105 0.000000 -0.000000 1.000000 -0.000005 0.000000 0.000000 0.000000 1.000000
1.000000 0.000000 -0.000000 0.119191 -0.000000 1.000000 -0.000000 0.000105 0.000000 0.000000 1.000000 -0.000005 0.000000 0.000000 0.000000 1.000000
1.000000 0.000000 -0.000000 0.119191 -0.000000 1.000000 -0.000000 0.000105 0.000000 0.000000 1.000000 -0.000005 0.000000 0.000000 0.000000 1.000000
1.000000 0.000000 0.000000 0.119191 -0.000000 1.000000 0.000000 0.000105 -0.000000 -0.000000 1.000000 -0.000005 0.000000 0.000000 0.000000 1.000000
1.000000 0.000000 -0.000000 0.119191 -0.000000 1.000000 0.000000 0.000105 0.000000 -0.000000 1.000000 -0.000005 0.000000 0.000000 0.000000 1.000000
1.000000 0.000000 -0.000000 0.119191 -0.000000 1.000000 0.000000 0.000105 0.000000 -0.000000 1.000000 -0.000005 0.000000 0.000000 0.000000 1.000000
1.000000 0.000000 -0.000000 0.119191 -0.000000 1.000000 -0.000000 0.000105 0.000000 0.000000 1.000000 -0.000005 0.000000 0.000000 0.000000 1.000000
1.000000 0.000000 0.000000 0.119191 -0.000000 1.000000 -0.000000 0.000105 -0.000000 0.000000 1.000000 -0.000005 0.000000 0.000000 0.000000 1.000000
1.000000 0.000000 -0.000000 0.119191 -0.000000 1.000000 0.000000 0.000105 0.000000 -0.000000 1.000000 -0.000005 0.000000 0.000000 0.000000 1.000000
1.000000 0.000000 -0.000000 0.119191 -0.000000 1.000000 0.000000 0.000105 0.000000 -0.000000 1.000000 -0.000005 0.000000 0.000000 0.000000 1.000000
1.000000 0.000000 0.000000 0.119191 -0.000000 1.000000 0.000000 0.000105 -0.000000 -0.000000 1.000000 -0.000005 0.000000 0.000000 0.000000 1.000000
1.000000 0.000000 0.000000 0.119191 -0.000000 1.000000 -0.000000 0.000105 -0.000000 0.000000 1.000000 -0.000005 0.000000 0.000000 0.000000 1.000000
1.000000 0.000000 0.000000 0.119191 -0.000000 1.000000 0.000000 0.000105 -0.000000 -0.000000 1.000000 -0.000005 0.000000 0.000000 0.000000 1.000000
1.000000 0.000000 -0.000000 0.119191 -0.000000 1.000000 -0.000000 0.000105 0.000000 0.000000 1.000000 -0.000005 0.000000 0.000000 0.000000 1.000000
1.000000 0.000000 -0.000000 0.119191 -0.000000 1.000000 -0.000000 0.000105 0.000000 0.000000 1.000000 -0.000005 0.000000 0.000000 0.000000 1.000000
1.000000 0.000000 0.000000 0.119191 -0.000000 1.000000 0.000000 0.000105 -0.000000 -0.000000 1.000000 -0.000005 0.000000 0.000000 0.000000 1.000000
1.000000 0.000000 0.000000 0.119191 -0.000000 1.000000 -0.000000 0.000105 -0.000000 0.000000 1.000000 -0.000005 0.000000 0.000000 0.000000 1.000000
1.000000 0.000000 0.000000 0.119191 -0.000000 1.000000 0.000000 0.000105 -0.000000 -0.000000 1.000000 -0.000005 0.000000 0.000000 0.000000 1.000000
1.000000 0.000000 0.000000 0.119191 -0.000000 1.000000 0.000000 0.000105 -0.000000 -0.000000 1.000000 -0.000005 0.000000 0.000000 0.000000 1.000000
1.000000 0.000000 -0.000000 0.119191 -0.000000 1.000000 -0.000000 0.000105 0.000000 0.000000 1.000000 -0.000005 0.000000 0.000000 0.000000 1.000000
1.000000 0.000000 -0.000000 0.119191 -0.000000 1.000000 0.000000 0.000105 0.000000 -0.000000 1.000000 -0.000005 0.000000 0.000000 0.000000 1.000000
1.000000 0.000000 0.000000 0.119191 -0.000000 1.000000 -0.000000 0.000105 -0.000000 0.000000 1.000000 -0.000005 0.000000 0.000000 0.000000 1.000000
1.000000 0.000000 -0.000000 0.119191 -0.000000 1.000000 0.000000 0.000105 0.000000 -0.000000 1.000000 -0.000006 0.000000 0.000000 0.000000 1.000000
1.000000 0.000000 0.000000 0.119191 -0.000000 1.000000 0.000000 0.000105 -0.000000 -0.000000 1.000000 -0.000005 0.000000 0.000000 0.000000 1.000000
1.000000 0.000000 0.000000 0.119191 -0.000000 1.000000 -0.000000 0.000105 -0.000000 0.000000 1.000000 -0.000005 0.000000 0.000000 0.000000 1.000000
1.000000 0.000000 0.000000 0.119191 -0.000000 1.000000 0.000000 0.000105 -0.000000 -0.000000 1.000000 -0.000005 0.000000 0.000000 0.000000 1.000000
1.000000 0.000000 -0.000000 0.119191 -0.000000 1.000000 0.000000 0.000105 0.000000 -0.000000 1.000000 -0.000005 0.000000 0.000000 0.000000 1.000000
1.000000 0.000000 -0.000000 0.119191 -0.000000 1.000000 0.000000 0.000105 0.000000 -0.000000 1.000000 -0.000005 0.000000 0.000000 0.000000 1.000000
1.000000 0.000000 -0.000000 0.119191 -0.000000 1.000000 0.000000 0.000105 0.000000 -0.000000 1.000000 -0.000005 0.000000 0.000000 0.000000 1.000000</float_array>
     <technique_common>
      <accessor source="#jnt_right_handmiddle4-Matrix-animation-output-transform-array" count="53" stride="16">
       <param type="float4x4"></param>
      </accessor>
     </technique_common>
    </source>
    <source id="jnt_right_handmiddle4-Interpolations">
     <Name_array id="jnt_right_handmiddle4-Interpolations-array" count="53">
 LINEAR LINEAR LINEAR LINEAR LINEAR LINEAR LINEAR LINEAR LINEAR LINEAR LINEAR
LINEAR LINEAR LINEAR LINEAR LINEAR LINEAR LINEAR LINEAR LINEAR LINEAR LINEAR LINEAR
LINEAR LINEAR LINEAR LINEAR LINEAR LINEAR LINEAR LINEAR LINEAR LINEAR LINEAR LINEAR
LINEAR LINEAR LINEAR LINEAR LINEAR LINEAR LINEAR LINEAR LINEAR LINEAR LINEAR LINEAR
LINEAR LINEAR LINEAR LINEAR LINEAR LINEAR</Name_array>
     <technique_common>
      <accessor source="#jnt_right_handmiddle4-Interpolations-array" count="53">
       <param type="name"></param>
      </accessor>
     </technique_common>
    </source>
    <sampler id="jnt_right_handmiddle4-Matrix-animation-transform">
     <input semantic="INPUT" source="#jnt_right_handmiddle4-Matrix-animation-input"></input>
     <input semantic="OUTPUT" source="#jnt_right_handmiddle4-Matrix-animation-output-transform"></input>
     <input semantic="INTERPOLATION" source="#jnt_right_handmiddle4-Interpolations"></input>
    </sampler>
    <channel source="#jnt_right_handmiddle4-Matrix-animation-transform" target="jnt_right_handmiddle4/matrix"></channel>
   </animation>
  </animation>
  <animation id="jnt_right_handring1-anim" name="jnt_right_handring1">
   <animation>
    <source id="jnt_right_handring1-Matrix-animation-input">
     <float_array id="jnt_right_handring1-Matrix-animation-input-array" count="53">

0.000000 0.033333 0.066667 0.100000 0.133333 0.166667 0.200000 0.233333 0.266667 0.300000 0.333333 0.366667 0.400000 0.433333 0.466667 0.500000
0.533333 0.566667 0.600000 0.633333 0.666667 0.700000 0.733333 0.766667 0.800000 0.833333 0.866667 0.900000 0.933333 0.966667 1.000000 1.033333
1.066667 1.100000 1.133333 1.166667 1.200000 1.233333 1.266667 1.300000 1.333333 1.366667 1.400000 1.433333 1.466667 1.500000 1.533333 1.566667
1.600000 1.633333 1.666667 1.700000 1.733333</float_array>
     <technique_common>
      <accessor source="#jnt_right_handring1-Matrix-animation-input-array" count="53">
       <param name="TIME" type="float"></param>
      </accessor>
     </technique_common>
    </source>
    <source id="jnt_right_handring1-Matrix-animation-output-transform">
     <float_array id="jnt_right_handring1-Matrix-animation-output-transform-array" count="848">

0.355831 0.903711 -0.238097 0.469963 -0.059672 -0.232281 -0.970816 -0.076798 -0.932643 0.359654 -0.028727 0.036646 0.000000 0.000000 0.000000 1.000000
0.355831 0.903711 -0.238097 0.469962 -0.059672 -0.232282 -0.970816 -0.076797 -0.932643 0.359654 -0.028727 0.036646 0.000000 0.000000 0.000000 1.000000
0.355830 0.903711 -0.238097 0.469962 -0.059672 -0.232282 -0.970816 -0.076798 -0.932643 0.359654 -0.028727 0.036646 0.000000 0.000000 0.000000 1.000000
0.355831 0.903711 -0.238097 0.469962 -0.059672 -0.232282 -0.970816 -0.076799 -0.932643 0.359654 -0.028727 0.036646 0.000000 0.000000 0.000000 1.000000
0.355831 0.903711 -0.238097 0.469962 -0.059671 -0.232282 -0.970817 -0.076798 -0.932644 0.359654 -0.028727 0.036646 0.000000 0.000000 0.000000 1.000000
0.355831 0.903712 -0.238097 0.469961 -0.059672 -0.232282 -0.970817 -0.076799 -0.932644 0.359654 -0.028727 0.036645 0.000000 0.000000 0.000000 1.000000
0.355831 0.903711 -0.238097 0.469962 -0.059672 -0.232281 -0.970816 -0.076798 -0.932643 0.359654 -0.028727 0.036646 0.000000 0.000000 0.000000 1.000000
0.355830 0.903712 -0.238097 0.469962 -0.059672 -0.232281 -0.970817 -0.076798 -0.932643 0.359654 -0.028727 0.036646 0.000000 0.000000 0.000000 1.000000
0.355831 0.903712 -0.238097 0.469962 -0.059672 -0.232282 -0.970817 -0.076798 -0.932643 0.359654 -0.028727 0.036646 0.000000 0.000000 0.000000 1.000000
0.355831 0.903712 -0.238097 0.469963 -0.059672 -0.232281 -0.970816 -0.076798 -0.932643 0.359654 -0.028727 0.036646 0.000000 0.000000 0.000000 1.000000
0.355831 0.903712 -0.238097 0.469963 -0.059672 -0.232282 -0.970816 -0.076798 -0.932644 0.359654 -0.028727 0.036647 0.000000 0.000000 0.000000 1.000000
0.355831 0.903712 -0.238097 0.469962 -0.059672 -0.232281 -0.970817 -0.076797 -0.932643 0.359654 -0.028727 0.036646 0.000000 0.000000 0.000000 1.000000
0.355831 0.903711 -0.238097 0.469962 -0.059672 -0.232281 -0.970816 -0.076798 -0.932643 0.359654 -0.028727 0.036646 0.000000 0.000000 0.000000 1.000000
0.355830 0.903711 -0.238097 0.469963 -0.059672 -0.232281 -0.970816 -0.076799 -0.932643 0.359654 -0.028727 0.036646 0.000000 0.000000 0.000000 1.000000
0.355831 0.903712 -0.238097 0.469962 -0.059672 -0.232282 -0.970817 -0.076798 -0.932643 0.359654 -0.028727 0.036645 0.000000 0.000000 0.000000 1.000000
0.355831 0.903711 -0.238097 0.469962 -0.059671 -0.232282 -0.970816 -0.076798 -0.932643 0.359654 -0.028727 0.036646 0.000000 0.000000 0.000000 1.000000
0.355831 0.903712 -0.238097 0.469963 -0.059672 -0.232281 -0.970817 -0.076798 -0.932643 0.359654 -0.028727 0.036646 0.000000 0.000000 0.000000 1.000000
0.355831 0.903711 -0.238097 0.469962 -0.059672 -0.232281 -0.970817 -0.076798 -0.932643 0.359654 -0.028727 0.036646 0.000000 0.000000 0.000000 1.000000
0.355831 0.903712 -0.238097 0.469963 -0.059672 -0.232282 -0.970817 -0.076798 -0.932644 0.359654 -0.028727 0.036646 0.000000 0.000000 0.000000 1.000000
0.355831 0.903712 -0.238097 0.469962 -0.059672 -0.232282 -0.970817 -0.076797 -0.932643 0.359654 -0.028727 0.036645 0.000000 0.000000 0.000000 1.000000
0.355831 0.903711 -0.238097 0.469962 -0.059672 -0.232282 -0.970817 -0.076798 -0.932643 0.359654 -0.028727 0.036646 0.000000 0.000000 0.000000 1.000000
0.355831 0.903712 -0.238097 0.469963 -0.059672 -0.232282 -0.970816 -0.076798 -0.932644 0.359654 -0.028727 0.036646 0.000000 0.000000 0.000000 1.000000
0.355831 0.903711 -0.238097 0.469963 -0.059672 -0.232282 -0.970816 -0.076799 -0.932643 0.359654 -0.028727 0.036646 0.000000 0.000000 0.000000 1.000000
0.355831 0.903712 -0.238097 0.469963 -0.059672 -0.232281 -0.970817 -0.076798 -0.932644 0.359654 -0.028727 0.036647 0.000000 0.000000 0.000000 1.000000
0.355831 0.903712 -0.238097 0.469963 -0.059672 -0.232282 -0.970816 -0.076798 -0.932643 0.359654 -0.028727 0.036646 0.000000 0.000000 0.000000 1.000000
0.355831 0.903712 -0.238097 0.469962 -0.059672 -0.232281 -0.970817 -0.076798 -0.932643 0.359654 -0.028727 0.036646 0.000000 0.000000 0.000000 1.000000
0.355831 0.903712 -0.238097 0.469963 -0.059672 -0.232282 -0.970816 -0.076798 -0.932643 0.359654 -0.028727 0.036646 0.000000 0.000000 0.000000 1.000000
0.355831 0.903711 -0.238097 0.469962 -0.059672 -0.232282 -0.970817 -0.076798 -0.932643 0.359654 -0.028727 0.036645 0.000000 0.000000 0.000000 1.000000
0.355831 0.903711 -0.238097 0.469962 -0.059672 -0.232282 -0.970816 -0.076798 -0.932643 0.359654 -0.028727 0.036646 0.000000 0.000000 0.000000 1.000000
0.355831 0.903712 -0.238097 0.469962 -0.059672 -0.232282 -0.970816 -0.076798 -0.932643 0.359654 -0.028727 0.036646 0.000000 0.000000 0.000000 1.000000
0.355831 0.903712 -0.238097 0.469962 -0.059672 -0.232282 -0.970816 -0.076799 -0.932643 0.359654 -0.028727 0.036646 0.000000 0.000000 0.000000 1.000000
0.355831 0.903712 -0.238097 0.469962 -0.059672 -0.232281 -0.970817 -0.076798 -0.932644 0.359654 -0.028727 0.036646 0.000000 0.000000 0.000000 1.000000
0.355831 0.903712 -0.238097 0.469962 -0.059672 -0.232281 -0.970817 -0.076798 -0.932644 0.359654 -0.028727 0.036646 0.000000 0.000000 0.000000 1.000000
0.355831 0.903711 -0.238097 0.469963 -0.059672 -0.232281 -0.970817 -0.076798 -0.932643 0.359654 -0.028727 0.036646 0.000000 0.000000 0.000000 1.000000
0.355831 0.903712 -0.238097 0.469963 -0.059672 -0.232282 -0.970817 -0.076798 -0.932644 0.359654 -0.028727 0.036646 0.000000 0.000000 0.000000 1.000000
0.355831 0.903711 -0.238097 0.469962 -0.059672 -0.232282 -0.970816 -0.076798 -0.932644 0.359654 -0.028727 0.036645 0.000000 0.000000 0.000000 1.000000
0.355831 0.903711 -0.238097 0.469961 -0.059671 -0.232281 -0.970816 -0.076798 -0.932643 0.359654 -0.028727 0.036645 0.000000 0.000000 0.000000 1.000000
0.355830 0.903711 -0.238097 0.469962 -0.059672 -0.232282 -0.970816 -0.076798 -0.932643 0.359654 -0.028727 0.036646 0.000000 0.000000 0.000000 1.000000
0.355831 0.903711 -0.238097 0.469962 -0.059672 -0.232282 -0.970816 -0.076798 -0.932643 0.359654 -0.028727 0.036645 0.000000 0.000000 0.000000 1.000000
0.355831 0.903712 -0.238097 0.469962 -0.059672 -0.232282 -0.970817 -0.076798 -0.932644 0.359654 -0.028727 0.036646 0.000000 0.000000 0.000000 1.000000
0.355831 0.903711 -0.238097 0.469962 -0.059672 -0.232282 -0.970817 -0.076797 -0.932643 0.359654 -0.028727 0.036645 0.000000 0.000000 0.000000 1.000000
0.355831 0.903712 -0.238097 0.469962 -0.059672 -0.232281 -0.970817 -0.076797 -0.932644 0.359654 -0.028727 0.036646 0.000000 0.000000 0.000000 1.000000
0.355831 0.903712 -0.238097 0.469962 -0.059672 -0.232282 -0.970817 -0.076799 -0.932643 0.359654 -0.028727 0.036646 0.000000 0.000000 0.000000 1.000000
0.355831 0.903711 -0.238097 0.469962 -0.059672 -0.232282 -0.970816 -0.076798 -0.932643 0.359654 -0.028727 0.036646 0.000000 0.000000 0.000000 1.000000
0.355831 0.903712 -0.238097 0.469962 -0.059672 -0.232282 -0.970816 -0.076798 -0.932644 0.359654 -0.028727 0.036646 0.000000 0.000000 0.000000 1.000000
0.355831 0.903711 -0.238097 0.469962 -0.059672 -0.232281 -0.970816 -0.076798 -0.932643 0.359654 -0.028727 0.036645 0.000000 0.000000 0.000000 1.000000
0.355830 0.903711 -0.238097 0.469962 -0.059672 -0.232282 -0.970816 -0.076799 -0.932643 0.359654 -0.028727 0.036646 0.000000 0.000000 0.000000 1.000000
0.355831 0.903712 -0.238097 0.469962 -0.059672 -0.232282 -0.970817 -0.076799 -0.932644 0.359654 -0.028727 0.036646 0.000000 0.000000 0.000000 1.000000
0.355831 0.903711 -0.238097 0.469962 -0.059671 -0.232281 -0.970817 -0.076798 -0.932644 0.359654 -0.028727 0.036646 0.000000 0.000000 0.000000 1.000000
0.355830 0.903711 -0.238097 0.469963 -0.059672 -0.232282 -0.970817 -0.076798 -0.932643 0.359654 -0.028727 0.036646 0.000000 0.000000 0.000000 1.000000
0.355831 0.903711 -0.238097 0.469962 -0.059671 -0.232281 -0.970817 -0.076799 -0.932644 0.359654 -0.028727 0.036646 0.000000 0.000000 0.000000 1.000000
0.355831 0.903712 -0.238097 0.469963 -0.059672 -0.232281 -0.970816 -0.076797 -0.932644 0.359654 -0.028727 0.036646 0.000000 0.000000 0.000000 1.000000
0.355831 0.903711 -0.238097 0.469962 -0.059672 -0.232282 -0.970816 -0.076798 -0.932644 0.359654 -0.028727 0.036646 0.000000 0.000000 0.000000 1.000000</float_array>
     <technique_common>
      <accessor source="#jnt_right_handring1-Matrix-animation-output-transform-array" count="53" stride="16">
       <param type="float4x4"></param>
      </accessor>
     </technique_common>
    </source>
    <source id="jnt_right_handring1-Interpolations">
     <Name_array id="jnt_right_handring1-Interpolations-array" count="53">
 LINEAR LINEAR LINEAR LINEAR LINEAR LINEAR LINEAR LINEAR LINEAR LINEAR LINEAR
LINEAR LINEAR LINEAR LINEAR LINEAR LINEAR LINEAR LINEAR LINEAR LINEAR LINEAR LINEAR
LINEAR LINEAR LINEAR LINEAR LINEAR LINEAR LINEAR LINEAR LINEAR LINEAR LINEAR LINEAR
LINEAR LINEAR LINEAR LINEAR LINEAR LINEAR LINEAR LINEAR LINEAR LINEAR LINEAR LINEAR
LINEAR LINEAR LINEAR LINEAR LINEAR LINEAR</Name_array>
     <technique_common>
      <accessor source="#jnt_right_handring1-Interpolations-array" count="53">
       <param type="name"></param>
      </accessor>
     </technique_common>
    </source>
    <sampler id="jnt_right_handring1-Matrix-animation-transform">
     <input semantic="INPUT" source="#jnt_right_handring1-Matrix-animation-input"></input>
     <input semantic="OUTPUT" source="#jnt_right_handring1-Matrix-animation-output-transform"></input>
     <input semantic="INTERPOLATION" source="#jnt_right_handring1-Interpolations"></input>
    </sampler>
    <channel source="#jnt_right_handring1-Matrix-animation-transform" target="jnt_right_handring1/matrix"></channel>
   </animation>
  </animation>
  <animation id="jnt_right_handring2-anim" name="jnt_right_handring2">
   <animation>
    <source id="jnt_right_handring2-Matrix-animation-input">
     <float_array id="jnt_right_handring2-Matrix-animation-input-array" count="53">

0.000000 0.033333 0.066667 0.100000 0.133333 0.166667 0.200000 0.233333 0.266667 0.300000 0.333333 0.366667 0.400000 0.433333 0.466667 0.500000
0.533333 0.566667 0.600000 0.633333 0.666667 0.700000 0.733333 0.766667 0.800000 0.833333 0.866667 0.900000 0.933333 0.966667 1.000000 1.033333
1.066667 1.100000 1.133333 1.166667 1.200000 1.233333 1.266667 1.300000 1.333333 1.366667 1.400000 1.433333 1.466667 1.500000 1.533333 1.566667
1.600000 1.633333 1.666667 1.700000 1.733333</float_array>
     <technique_common>
      <accessor source="#jnt_right_handring2-Matrix-animation-input-array" count="53">
       <param name="TIME" type="float"></param>
      </accessor>
     </technique_common>
    </source>
    <source id="jnt_right_handring2-Matrix-animation-output-transform">
     <float_array id="jnt_right_handring2-Matrix-animation-output-transform-array" count="848">

0.729500 0.683981 -0.000001 0.184241 -0.683981 0.729500 -0.000001 0.000000 -0.000000 0.000001 1.000000 0.000000 0.000000 0.000000 0.000000 1.000000
0.729500 0.683981 -0.000001 0.184241 -0.683981 0.729500 -0.000001 0.000000 -0.000000 0.000001 1.000000 0.000000 0.000000 0.000000 0.000000 1.000000
0.729500 0.683981 -0.000001 0.184241 -0.683981 0.729500 -0.000001 0.000000 -0.000000 0.000001 1.000000 0.000001 0.000000 0.000000 0.000000 1.000000
0.729500 0.683981 -0.000001 0.184241 -0.683981 0.729500 -0.000001 -0.000000 -0.000000 0.000001 1.000000 -0.000000 0.000000 0.000000 0.000000 1.000000
0.729500 0.683981 -0.000001 0.184241 -0.683981 0.729500 -0.000001 0.000000 -0.000000 0.000001 1.000000 -0.000000 0.000000 0.000000 0.000000 1.000000
0.729500 0.683981 -0.000001 0.184241 -0.683981 0.729500 -0.000001 0.000000 -0.000000 0.000001 1.000000 -0.000001 0.000000 0.000000 0.000000 1.000000
0.729500 0.683981 -0.000001 0.184241 -0.683981 0.729500 -0.000001 0.000000 -0.000000 0.000001 1.000000 -0.000000 0.000000 0.000000 0.000000 1.000000
0.729500 0.683981 -0.000001 0.184241 -0.683981 0.729500 -0.000001 0.000000 -0.000000 0.000001 1.000000 0.000001 0.000000 0.000000 0.000000 1.000000
0.729500 0.683981 -0.000001 0.184241 -0.683981 0.729500 -0.000001 0.000000 -0.000000 0.000001 1.000000 -0.000000 0.000000 0.000000 0.000000 1.000000
0.729500 0.683981 -0.000001 0.184241 -0.683981 0.729500 -0.000001 0.000000 -0.000000 0.000001 1.000000 -0.000000 0.000000 0.000000 0.000000 1.000000
0.729500 0.683981 -0.000001 0.184242 -0.683981 0.729500 -0.000001 -0.000000 -0.000000 0.000001 1.000000 -0.000000 0.000000 0.000000 0.000000 1.000000
0.729500 0.683981 -0.000001 0.184241 -0.683981 0.729500 -0.000001 0.000000 -0.000000 0.000001 1.000000 -0.000001 0.000000 0.000000 0.000000 1.000000
0.729500 0.683981 -0.000001 0.184240 -0.683981 0.729500 -0.000001 0.000000 -0.000000 0.000001 1.000000 0.000001 0.000000 0.000000 0.000000 1.000000
0.729500 0.683981 -0.000001 0.184241 -0.683981 0.729500 -0.000001 0.000000 -0.000000 0.000001 1.000000 0.000000 0.000000 0.000000 0.000000 1.000000
0.729500 0.683981 -0.000001 0.184241 -0.683981 0.729500 -0.000001 0.000001 -0.000000 0.000001 1.000000 0.000000 0.000000 0.000000 0.000000 1.000000
0.729500 0.683981 -0.000001 0.184241 -0.683981 0.729500 -0.000001 0.000000 -0.000000 0.000001 1.000000 0.000000 0.000000 0.000000 0.000000 1.000000
0.729500 0.683981 -0.000001 0.184241 -0.683981 0.729500 -0.000001 0.000000 -0.000000 0.000001 1.000000 0.000000 0.000000 0.000000 0.000000 1.000000
0.729500 0.683981 -0.000001 0.184240 -0.683981 0.729500 -0.000001 0.000001 -0.000000 0.000001 1.000000 0.000000 0.000000 0.000000 0.000000 1.000000
0.729500 0.683981 -0.000001 0.184241 -0.683981 0.729500 -0.000001 0.000000 -0.000000 0.000001 1.000000 -0.000000 0.000000 0.000000 0.000000 1.000000
0.729500 0.683981 -0.000001 0.184241 -0.683981 0.729500 -0.000001 0.000000 -0.000000 0.000001 1.000000 -0.000000 0.000000 0.000000 0.000000 1.000000
0.729500 0.683981 -0.000001 0.184241 -0.683981 0.729500 -0.000001 0.000000 -0.000000 0.000001 1.000000 0.000000 0.000000 0.000000 0.000000 1.000000
0.729500 0.683981 -0.000001 0.184241 -0.683981 0.729500 -0.000001 0.000001 -0.000000 0.000001 1.000000 -0.000000 0.000000 0.000000 0.000000 1.000000
0.729500 0.683981 -0.000001 0.184241 -0.683981 0.729500 -0.000001 0.000000 -0.000000 0.000001 1.000000 -0.000000 0.000000 0.000000 0.000000 1.000000
0.729500 0.683981 -0.000001 0.184241 -0.683981 0.729500 -0.000001 0.000001 -0.000000 0.000001 1.000000 0.000001 0.000000 0.000000 0.000000 1.000000
0.729500 0.683981 -0.000001 0.184241 -0.683981 0.729500 -0.000001 0.000000 -0.000000 0.000001 1.000000 -0.000000 0.000000 0.000000 0.000000 1.000000
0.729500 0.683981 -0.000001 0.184241 -0.683981 0.729500 -0.000001 0.000001 -0.000000 0.000001 1.000000 0.000000 0.000000 0.000000 0.000000 1.000000
0.729500 0.683981 -0.000001 0.184241 -0.683981 0.729500 -0.000001 0.000001 -0.000000 0.000001 1.000000 -0.000000 0.000000 0.000000 0.000000 1.000000
0.729500 0.683981 -0.000001 0.184241 -0.683981 0.729500 -0.000001 0.000001 -0.000000 0.000001 1.000000 -0.000000 0.000000 0.000000 0.000000 1.000000
0.729500 0.683981 -0.000001 0.184241 -0.683981 0.729500 -0.000001 0.000000 -0.000000 0.000001 1.000000 0.000000 0.000000 0.000000 0.000000 1.000000
0.729500 0.683981 -0.000001 0.184241 -0.683981 0.729500 -0.000001 0.000000 -0.000000 0.000001 1.000000 0.000000 0.000000 0.000000 0.000000 1.000000
0.729500 0.683981 -0.000001 0.184241 -0.683981 0.729500 -0.000001 0.000000 -0.000000 0.000001 1.000000 0.000000 0.000000 0.000000 0.000000 1.000000
0.729500 0.683981 -0.000001 0.184241 -0.683981 0.729500 -0.000001 0.000000 -0.000000 0.000001 1.000000 0.000000 0.000000 0.000000 0.000000 1.000000
0.729500 0.683981 -0.000001 0.184241 -0.683981 0.729500 -0.000001 0.000000 -0.000000 0.000001 1.000000 -0.000000 0.000000 0.000000 0.000000 1.000000
0.729500 0.683981 -0.000001 0.184241 -0.683981 0.729500 -0.000001 0.000000 -0.000000 0.000001 1.000000 -0.000000 0.000000 0.000000 0.000000 1.000000
0.729500 0.683981 -0.000001 0.184241 -0.683981 0.729500 -0.000001 0.000000 -0.000000 0.000001 1.000000 -0.000001 0.000000 0.000000 0.000000 1.000000
0.729500 0.683981 -0.000001 0.184241 -0.683981 0.729500 -0.000001 -0.000000 -0.000000 0.000001 1.000000 0.000000 0.000000 0.000000 0.000000 1.000000
0.729500 0.683981 -0.000001 0.184241 -0.683981 0.729500 -0.000001 0.000001 -0.000000 0.000001 1.000000 0.000000 0.000000 0.000000 0.000000 1.000000
0.729500 0.683981 -0.000001 0.184240 -0.683981 0.729500 -0.000001 0.000001 -0.000000 0.000001 1.000000 0.000000 0.000000 0.000000 0.000000 1.000000
0.729500 0.683981 -0.000001 0.184241 -0.683981 0.729500 -0.000001 0.000001 -0.000000 0.000001 1.000000 -0.000000 0.000000 0.000000 0.000000 1.000000
0.729500 0.683981 -0.000001 0.184241 -0.683981 0.729500 -0.000001 0.000000 -0.000000 0.000001 1.000000 -0.000000 0.000000 0.000000 0.000000 1.000000
0.729500 0.683981 -0.000001 0.184241 -0.683981 0.729500 -0.000001 0.000000 -0.000000 0.000001 1.000000 0.000000 0.000000 0.000000 0.000000 1.000000
0.729500 0.683981 -0.000001 0.184242 -0.683981 0.729500 -0.000001 -0.000000 -0.000000 0.000001 1.000000 -0.000001 0.000000 0.000000 0.000000 1.000000
0.729500 0.683981 -0.000001 0.184241 -0.683981 0.729500 -0.000001 0.000000 -0.000000 0.000001 1.000000 0.000001 0.000000 0.000000 0.000000 1.000000
0.729500 0.683981 -0.000001 0.184241 -0.683981 0.729500 -0.000001 0.000001 -0.000000 0.000001 1.000000 -0.000000 0.000000 0.000000 0.000000 1.000000
0.729500 0.683981 -0.000001 0.184241 -0.683981 0.729500 -0.000001 0.000000 -0.000000 0.000001 1.000000 -0.000001 0.000000 0.000000 0.000000 1.000000
0.729500 0.683981 -0.000001 0.184241 -0.683981 0.729500 -0.000001 0.000000 -0.000000 0.000001 1.000000 -0.000000 0.000000 0.000000 0.000000 1.000000
0.729500 0.683981 -0.000001 0.184241 -0.683981 0.729500 -0.000001 0.000001 -0.000000 0.000001 1.000000 0.000000 0.000000 0.000000 0.000000 1.000000
0.729500 0.683981 -0.000001 0.184241 -0.683981 0.729500 -0.000001 0.000000 -0.000000 0.000001 1.000000 0.000000 0.000000 0.000000 0.000000 1.000000
0.729500 0.683981 -0.000001 0.184241 -0.683981 0.729500 -0.000001 0.000000 -0.000000 0.000001 1.000000 0.000000 0.000000 0.000000 0.000000 1.000000
0.729500 0.683981 -0.000001 0.184241 -0.683981 0.729500 -0.000001 0.000000 -0.000000 0.000001 1.000000 -0.000000 0.000000 0.000000 0.000000 1.000000
0.729500 0.683981 -0.000001 0.184241 -0.683981 0.729500 -0.000001 0.000000 -0.000000 0.000001 1.000000 -0.000001 0.000000 0.000000 0.000000 1.000000
0.729500 0.683981 -0.000001 0.184241 -0.683981 0.729500 -0.000001 0.000000 -0.000000 0.000001 1.000000 -0.000000 0.000000 0.000000 0.000000 1.000000
0.729500 0.683981 -0.000001 0.184241 -0.683981 0.729500 -0.000001 0.000000 -0.000000 0.000001 1.000000 0.000001 0.000000 0.000000 0.000000 1.000000</float_array>
     <technique_common>
      <accessor source="#jnt_right_handring2-Matrix-animation-output-transform-array" count="53" stride="16">
       <param type="float4x4"></param>
      </accessor>
     </technique_common>
    </source>
    <source id="jnt_right_handring2-Interpolations">
     <Name_array id="jnt_right_handring2-Interpolations-array" count="53">
 LINEAR LINEAR LINEAR LINEAR LINEAR LINEAR LINEAR LINEAR LINEAR LINEAR LINEAR
LINEAR LINEAR LINEAR LINEAR LINEAR LINEAR LINEAR LINEAR LINEAR LINEAR LINEAR LINEAR
LINEAR LINEAR LINEAR LINEAR LINEAR LINEAR LINEAR LINEAR LINEAR LINEAR LINEAR LINEAR
LINEAR LINEAR LINEAR LINEAR LINEAR LINEAR LINEAR LINEAR LINEAR LINEAR LINEAR LINEAR
LINEAR LINEAR LINEAR LINEAR LINEAR LINEAR</Name_array>
     <technique_common>
      <accessor source="#jnt_right_handring2-Interpolations-array" count="53">
       <param type="name"></param>
      </accessor>
     </technique_common>
    </source>
    <sampler id="jnt_right_handring2-Matrix-animation-transform">
     <input semantic="INPUT" source="#jnt_right_handring2-Matrix-animation-input"></input>
     <input semantic="OUTPUT" source="#jnt_right_handring2-Matrix-animation-output-transform"></input>
     <input semantic="INTERPOLATION" source="#jnt_right_handring2-Interpolations"></input>
    </sampler>
    <channel source="#jnt_right_handring2-Matrix-animation-transform" target="jnt_right_handring2/matrix"></channel>
   </animation>
  </animation>
  <animation id="jnt_right_handring3-anim" name="jnt_right_handring3">
   <animation>
    <source id="jnt_right_handring3-Matrix-animation-input">
     <float_array id="jnt_right_handring3-Matrix-animation-input-array" count="53">

0.000000 0.033333 0.066667 0.100000 0.133333 0.166667 0.200000 0.233333 0.266667 0.300000 0.333333 0.366667 0.400000 0.433333 0.466667 0.500000
0.533333 0.566667 0.600000 0.633333 0.666667 0.700000 0.733333 0.766667 0.800000 0.833333 0.866667 0.900000 0.933333 0.966667 1.000000 1.033333
1.066667 1.100000 1.133333 1.166667 1.200000 1.233333 1.266667 1.300000 1.333333 1.366667 1.400000 1.433333 1.466667 1.500000 1.533333 1.566667
1.600000 1.633333 1.666667 1.700000 1.733333</float_array>
     <technique_common>
      <accessor source="#jnt_right_handring3-Matrix-animation-input-array" count="53">
       <param name="TIME" type="float"></param>
      </accessor>
     </technique_common>
    </source>
    <source id="jnt_right_handring3-Matrix-animation-output-transform">
     <float_array id="jnt_right_handring3-Matrix-animation-output-transform-array" count="848">

0.870175 0.492743 0.000000 0.103951 -0.492743 0.870175 0.000001 0.000001 0.000000 -0.000001 1.000000 0.000001 0.000000 0.000000 0.000000 1.000000
0.870175 0.492743 0.000000 0.103951 -0.492743 0.870175 0.000001 0.000001 0.000000 -0.000001 1.000000 0.000000 0.000000 0.000000 0.000000 1.000000
0.870175 0.492743 0.000000 0.103951 -0.492743 0.870175 0.000001 0.000001 0.000000 -0.000001 1.000000 -0.000000 0.000000 0.000000 0.000000 1.000000
0.870175 0.492743 0.000000 0.103951 -0.492743 0.870175 0.000001 0.000001 0.000000 -0.000001 1.000000 0.000000 0.000000 0.000000 0.000000 1.000000
0.870175 0.492743 0.000000 0.103951 -0.492743 0.870175 0.000001 0.000001 0.000000 -0.000001 1.000000 -0.000001 0.000000 0.000000 0.000000 1.000000
0.870175 0.492743 0.000000 0.103951 -0.492743 0.870175 0.000001 0.000001 0.000000 -0.000001 1.000000 -0.000000 0.000000 0.000000 0.000000 1.000000
0.870175 0.492742 0.000000 0.103951 -0.492742 0.870175 0.000001 0.000001 0.000000 -0.000001 1.000000 -0.000001 0.000000 0.000000 0.000000 1.000000
0.870175 0.492742 0.000000 0.103951 -0.492742 0.870175 0.000001 0.000001 0.000000 -0.000001 1.000000 -0.000000 0.000000 0.000000 0.000000 1.000000
0.870175 0.492743 0.000000 0.103951 -0.492742 0.870175 0.000001 0.000001 0.000000 -0.000001 1.000000 0.000000 0.000000 0.000000 0.000000 1.000000
0.870175 0.492743 0.000000 0.103952 -0.492743 0.870175 0.000001 0.000001 0.000000 -0.000001 1.000000 -0.000000 0.000000 0.000000 0.000000 1.000000
0.870175 0.492743 0.000000 0.103952 -0.492742 0.870175 0.000001 0.000001 0.000000 -0.000001 1.000000 0.000000 0.000000 0.000000 0.000000 1.000000
0.870175 0.492743 0.000000 0.103950 -0.492742 0.870175 0.000001 0.000001 0.000000 -0.000001 1.000000 0.000000 0.000000 0.000000 0.000000 1.000000
0.870175 0.492742 0.000000 0.103951 -0.492742 0.870175 0.000001 0.000001 0.000000 -0.000001 1.000000 0.000001 0.000000 0.000000 0.000000 1.000000
0.870175 0.492742 0.000000 0.103951 -0.492742 0.870175 0.000001 0.000001 0.000000 -0.000001 1.000000 -0.000000 0.000000 0.000000 0.000000 1.000000
0.870175 0.492743 0.000000 0.103951 -0.492743 0.870175 0.000001 0.000001 0.000000 -0.000001 1.000000 0.000000 0.000000 0.000000 0.000000 1.000000
0.870175 0.492743 0.000000 0.103951 -0.492743 0.870175 0.000001 0.000001 0.000000 -0.000001 1.000000 -0.000000 0.000000 0.000000 0.000000 1.000000
0.870175 0.492743 0.000000 0.103952 -0.492743 0.870175 0.000001 0.000001 0.000000 -0.000001 1.000000 -0.000000 0.000000 0.000000 0.000000 1.000000
0.870175 0.492742 0.000000 0.103951 -0.492742 0.870175 0.000001 0.000001 0.000000 -0.000001 1.000000 0.000000 0.000000 0.000000 0.000000 1.000000
0.870175 0.492743 0.000000 0.103951 -0.492743 0.870175 0.000001 0.000001 0.000000 -0.000001 1.000000 -0.000000 0.000000 0.000000 0.000000 1.000000
0.870175 0.492743 0.000000 0.103951 -0.492743 0.870175 0.000001 0.000001 0.000000 -0.000001 1.000000 0.000000 0.000000 0.000000 0.000000 1.000000
0.870175 0.492743 0.000000 0.103951 -0.492743 0.870175 0.000001 0.000001 0.000000 -0.000001 1.000000 -0.000000 0.000000 0.000000 0.000000 1.000000
0.870175 0.492743 0.000000 0.103951 -0.492743 0.870175 0.000001 0.000001 0.000000 -0.000001 1.000000 0.000000 0.000000 0.000000 0.000000 1.000000
0.870175 0.492743 0.000000 0.103951 -0.492742 0.870175 0.000001 0.000001 0.000000 -0.000001 1.000000 -0.000000 0.000000 0.000000 0.000000 1.000000
0.870175 0.492743 0.000000 0.103951 -0.492743 0.870175 0.000001 0.000001 0.000000 -0.000001 1.000000 -0.000000 0.000000 0.000000 0.000000 1.000000
0.870175 0.492743 0.000000 0.103952 -0.492743 0.870175 0.000001 0.000001 0.000000 -0.000001 1.000000 -0.000000 0.000000 0.000000 0.000000 1.000000
0.870175 0.492742 0.000000 0.103951 -0.492742 0.870175 0.000001 0.000001 0.000000 -0.000001 1.000000 -0.000000 0.000000 0.000000 0.000000 1.000000
0.870175 0.492743 -0.000000 0.103952 -0.492743 0.870175 0.000001 0.000001 0.000000 -0.000001 1.000000 -0.000000 0.000000 0.000000 0.000000 1.000000
0.870175 0.492742 -0.000000 0.103952 -0.492742 0.870175 0.000001 0.000001 0.000000 -0.000001 1.000000 -0.000000 0.000000 0.000000 0.000000 1.000000
0.870175 0.492743 0.000000 0.103951 -0.492743 0.870175 0.000001 0.000001 0.000000 -0.000001 1.000000 0.000001 0.000000 0.000000 0.000000 1.000000
0.870175 0.492742 -0.000000 0.103951 -0.492742 0.870175 0.000001 0.000001 0.000000 -0.000001 1.000000 -0.000000 0.000000 0.000000 0.000000 1.000000
0.870175 0.492743 0.000000 0.103950 -0.492743 0.870175 0.000001 0.000001 0.000000 -0.000001 1.000000 -0.000000 0.000000 0.000000 0.000000 1.000000
0.870175 0.492743 0.000000 0.103952 -0.492743 0.870175 0.000001 0.000001 0.000000 -0.000001 1.000000 -0.000000 0.000000 0.000000 0.000000 1.000000
0.870175 0.492743 -0.000000 0.103951 -0.492743 0.870175 0.000001 0.000001 0.000000 -0.000001 1.000000 -0.000000 0.000000 0.000000 0.000000 1.000000
0.870175 0.492743 0.000000 0.103951 -0.492743 0.870175 0.000001 0.000001 0.000000 -0.000001 1.000000 0.000000 0.000000 0.000000 0.000000 1.000000
0.870175 0.492743 0.000000 0.103950 -0.492743 0.870175 0.000001 0.000001 0.000000 -0.000001 1.000000 -0.000000 0.000000 0.000000 0.000000 1.000000
0.870175 0.492742 0.000000 0.103951 -0.492743 0.870175 0.000001 0.000001 0.000000 -0.000001 1.000000 0.000001 0.000000 0.000000 0.000000 1.000000
0.870175 0.492743 0.000000 0.103951 -0.492743 0.870175 0.000001 0.000001 0.000000 -0.000001 1.000000 0.000000 0.000000 0.000000 0.000000 1.000000
0.870175 0.492743 0.000000 0.103951 -0.492742 0.870175 0.000001 0.000001 0.000000 -0.000001 1.000000 0.000001 0.000000 0.000000 0.000000 1.000000
0.870175 0.492743 0.000000 0.103951 -0.492743 0.870175 0.000001 0.000001 0.000000 -0.000001 1.000000 0.000000 0.000000 0.000000 0.000000 1.000000
0.870175 0.492742 0.000000 0.103951 -0.492742 0.870175 0.000001 0.000001 0.000000 -0.000001 1.000000 -0.000001 0.000000 0.000000 0.000000 1.000000
0.870175 0.492743 0.000000 0.103951 -0.492743 0.870175 0.000001 0.000001 0.000000 -0.000001 1.000000 0.000000 0.000000 0.000000 0.000000 1.000000
0.870175 0.492743 0.000000 0.103951 -0.492743 0.870175 0.000001 0.000001 0.000000 -0.000001 1.000000 0.000000 0.000000 0.000000 0.000000 1.000000
0.870175 0.492743 0.000000 0.103951 -0.492743 0.870175 0.000001 0.000001 0.000000 -0.000001 1.000000 -0.000000 0.000000 0.000000 0.000000 1.000000
0.870175 0.492743 0.000000 0.103951 -0.492743 0.870175 0.000001 0.000001 0.000000 -0.000001 1.000000 0.000001 0.000000 0.000000 0.000000 1.000000
0.870175 0.492743 0.000000 0.103951 -0.492743 0.870175 0.000001 0.000001 0.000000 -0.000001 1.000000 -0.000000 0.000000 0.000000 0.000000 1.000000
0.870175 0.492743 0.000000 0.103951 -0.492743 0.870175 0.000001 0.000001 0.000000 -0.000001 1.000000 -0.000000 0.000000 0.000000 0.000000 1.000000
0.870175 0.492743 0.000000 0.103951 -0.492743 0.870175 0.000001 0.000001 0.000000 -0.000001 1.000000 0.000001 0.000000 0.000000 0.000000 1.000000
0.870175 0.492743 0.000000 0.103951 -0.492743 0.870175 0.000001 0.000001 0.000000 -0.000001 1.000000 0.000000 0.000000 0.000000 0.000000 1.000000
0.870175 0.492743 0.000000 0.103951 -0.492743 0.870175 0.000001 0.000001 0.000000 -0.000001 1.000000 -0.000001 0.000000 0.000000 0.000000 1.000000
0.870175 0.492742 0.000000 0.103951 -0.492742 0.870175 0.000001 0.000001 0.000000 -0.000001 1.000000 -0.000001 0.000000 0.000000 0.000000 1.000000
0.870175 0.492743 0.000000 0.103951 -0.492743 0.870175 0.000001 0.000001 0.000000 -0.000001 1.000000 0.000001 0.000000 0.000000 0.000000 1.000000
0.870175 0.492743 0.000000 0.103951 -0.492743 0.870175 0.000001 0.000001 0.000000 -0.000001 1.000000 -0.000000 0.000000 0.000000 0.000000 1.000000
0.870175 0.492743 0.000000 0.103951 -0.492743 0.870175 0.000001 0.000001 0.000000 -0.000001 1.000000 0.000000 0.000000 0.000000 0.000000 1.000000</float_array>
     <technique_common>
      <accessor source="#jnt_right_handring3-Matrix-animation-output-transform-array" count="53" stride="16">
       <param type="float4x4"></param>
      </accessor>
     </technique_common>
    </source>
    <source id="jnt_right_handring3-Interpolations">
     <Name_array id="jnt_right_handring3-Interpolations-array" count="53">
 LINEAR LINEAR LINEAR LINEAR LINEAR LINEAR LINEAR LINEAR LINEAR LINEAR LINEAR
LINEAR LINEAR LINEAR LINEAR LINEAR LINEAR LINEAR LINEAR LINEAR LINEAR LINEAR LINEAR
LINEAR LINEAR LINEAR LINEAR LINEAR LINEAR LINEAR LINEAR LINEAR LINEAR LINEAR LINEAR
LINEAR LINEAR LINEAR LINEAR LINEAR LINEAR LINEAR LINEAR LINEAR LINEAR LINEAR LINEAR
LINEAR LINEAR LINEAR LINEAR LINEAR LINEAR</Name_array>
     <technique_common>
      <accessor source="#jnt_right_handring3-Interpolations-array" count="53">
       <param type="name"></param>
      </accessor>
     </technique_common>
    </source>
    <sampler id="jnt_right_handring3-Matrix-animation-transform">
     <input semantic="INPUT" source="#jnt_right_handring3-Matrix-animation-input"></input>
     <input semantic="OUTPUT" source="#jnt_right_handring3-Matrix-animation-output-transform"></input>
     <input semantic="INTERPOLATION" source="#jnt_right_handring3-Interpolations"></input>
    </sampler>
    <channel source="#jnt_right_handring3-Matrix-animation-transform" target="jnt_right_handring3/matrix"></channel>
   </animation>
  </animation>
  <animation id="jnt_right_handring4-anim" name="jnt_right_handring4">
   <animation>
    <source id="jnt_right_handring4-Matrix-animation-input">
     <float_array id="jnt_right_handring4-Matrix-animation-input-array" count="53">

0.000000 0.033333 0.066667 0.100000 0.133333 0.166667 0.200000 0.233333 0.266667 0.300000 0.333333 0.366667 0.400000 0.433333 0.466667 0.500000
0.533333 0.566667 0.600000 0.633333 0.666667 0.700000 0.733333 0.766667 0.800000 0.833333 0.866667 0.900000 0.933333 0.966667 1.000000 1.033333
1.066667 1.100000 1.133333 1.166667 1.200000 1.233333 1.266667 1.300000 1.333333 1.366667 1.400000 1.433333 1.466667 1.500000 1.533333 1.566667
1.600000 1.633333 1.666667 1.700000 1.733333</float_array>
     <technique_common>
      <accessor source="#jnt_right_handring4-Matrix-animation-input-array" count="53">
       <param name="TIME" type="float"></param>
      </accessor>
     </technique_common>
    </source>
    <source id="jnt_right_handring4-Matrix-animation-output-transform">
     <float_array id="jnt_right_handring4-Matrix-animation-output-transform-array" count="848">

1.000000 0.000000 -0.000000 0.120247 -0.000000 1.000000 0.000000 0.000103 0.000000 -0.000000 1.000000 -0.000016 0.000000 0.000000 0.000000 1.000000
1.000000 -0.000000 -0.000000 0.120247 0.000000 1.000000 0.000000 0.000103 0.000000 -0.000000 1.000000 -0.000016 0.000000 0.000000 0.000000 1.000000
1.000000 0.000000 0.000000 0.120247 -0.000000 1.000000 0.000000 0.000103 -0.000000 -0.000000 1.000000 -0.000016 0.000000 0.000000 0.000000 1.000000
1.000000 0.000000 -0.000000 0.120247 -0.000000 1.000000 0.000000 0.000103 0.000000 -0.000000 1.000000 -0.000016 0.000000 0.000000 0.000000 1.000000
1.000000 0.000000 -0.000000 0.120247 -0.000000 1.000000 0.000000 0.000103 0.000000 -0.000000 1.000000 -0.000016 0.000000 0.000000 0.000000 1.000000
1.000000 -0.000000 0.000000 0.120247 0.000000 1.000000 0.000000 0.000103 -0.000000 -0.000000 1.000000 -0.000016 0.000000 0.000000 0.000000 1.000000
1.000000 0.000000 0.000000 0.120247 -0.000000 1.000000 0.000000 0.000103 0.000000 -0.000000 1.000000 -0.000016 0.000000 0.000000 0.000000 1.000000
1.000000 0.000000 -0.000000 0.120247 -0.000000 1.000000 0.000000 0.000103 0.000000 -0.000000 1.000000 -0.000016 0.000000 0.000000 0.000000 1.000000
1.000000 -0.000000 0.000000 0.120247 0.000000 1.000000 0.000000 0.000103 -0.000000 -0.000000 1.000000 -0.000016 0.000000 0.000000 0.000000 1.000000
1.000000 0.000000 -0.000000 0.120247 -0.000000 1.000000 0.000000 0.000103 0.000000 -0.000000 1.000000 -0.000016 0.000000 0.000000 0.000000 1.000000
1.000000 0.000000 0.000000 0.120247 -0.000000 1.000000 0.000000 0.000103 -0.000000 -0.000000 1.000000 -0.000016 0.000000 0.000000 0.000000 1.000000
1.000000 0.000000 -0.000000 0.120247 -0.000000 1.000000 0.000000 0.000103 0.000000 -0.000000 1.000000 -0.000016 0.000000 0.000000 0.000000 1.000000
1.000000 -0.000000 -0.000000 0.120247 0.000000 1.000000 0.000000 0.000103 0.000000 -0.000000 1.000000 -0.000016 0.000000 0.000000 0.000000 1.000000
1.000000 -0.000000 -0.000000 0.120247 0.000000 1.000000 0.000000 0.000103 0.000000 -0.000000 1.000000 -0.000016 0.000000 0.000000 0.000000 1.000000
1.000000 0.000000 -0.000000 0.120247 -0.000000 1.000000 0.000000 0.000103 0.000000 -0.000000 1.000000 -0.000016 0.000000 0.000000 0.000000 1.000000
1.000000 0.000000 0.000000 0.120247 -0.000000 1.000000 0.000000 0.000103 -0.000000 -0.000000 1.000000 -0.000016 0.000000 0.000000 0.000000 1.000000
1.000000 -0.000000 -0.000000 0.120246 0.000000 1.000000 0.000000 0.000103 0.000000 -0.000000 1.000000 -0.000016 0.000000 0.000000 0.000000 1.000000
1.000000 0.000000 -0.000000 0.120247 -0.000000 1.000000 0.000000 0.000103 0.000000 -0.000000 1.000000 -0.000016 0.000000 0.000000 0.000000 1.000000
1.000000 0.000000 0.000000 0.120247 -0.000000 1.000000 0.000000 0.000103 -0.000000 -0.000000 1.000000 -0.000016 0.000000 0.000000 0.000000 1.000000
1.000000 -0.000000 -0.000000 0.120247 0.000000 1.000000 0.000000 0.000103 0.000000 -0.000000 1.000000 -0.000016 0.000000 0.000000 0.000000 1.000000
1.000000 -0.000000 -0.000000 0.120247 0.000000 1.000000 0.000000 0.000103 0.000000 -0.000000 1.000000 -0.000016 0.000000 0.000000 0.000000 1.000000
1.000000 0.000000 -0.000000 0.120247 -0.000000 1.000000 0.000000 0.000103 0.000000 -0.000000 1.000000 -0.000016 0.000000 0.000000 0.000000 1.000000
1.000000 0.000000 -0.000000 0.120247 -0.000000 1.000000 0.000000 0.000103 0.000000 -0.000000 1.000000 -0.000016 0.000000 0.000000 0.000000 1.000000
1.000000 0.000000 -0.000000 0.120247 -0.000000 1.000000 0.000000 0.000103 0.000000 -0.000000 1.000000 -0.000016 0.000000 0.000000 0.000000 1.000000
1.000000 -0.000000 -0.000000 0.120247 0.000000 1.000000 0.000000 0.000103 0.000000 -0.000000 1.000000 -0.000016 0.000000 0.000000 0.000000 1.000000
1.000000 -0.000000 -0.000000 0.120247 0.000000 1.000000 0.000000 0.000103 0.000000 -0.000000 1.000000 -0.000016 0.000000 0.000000 0.000000 1.000000
1.000000 -0.000000 -0.000000 0.120247 0.000000 1.000000 0.000000 0.000103 0.000000 -0.000000 1.000000 -0.000016 0.000000 0.000000 0.000000 1.000000
1.000000 0.000000 0.000000 0.120247 -0.000000 1.000000 0.000000 0.000103 -0.000000 -0.000000 1.000000 -0.000016 0.000000 0.000000 0.000000 1.000000
1.000000 0.000000 0.000000 0.120247 -0.000000 1.000000 0.000000 0.000103 -0.000000 -0.000000 1.000000 -0.000016 0.000000 0.000000 0.000000 1.000000
1.000000 -0.000000 -0.000000 0.120247 0.000000 1.000000 0.000000 0.000103 0.000000 -0.000000 1.000000 -0.000016 0.000000 0.000000 0.000000 1.000000
1.000000 0.000000 -0.000000 0.120247 -0.000000 1.000000 0.000000 0.000103 0.000000 -0.000000 1.000000 -0.000016 0.000000 0.000000 0.000000 1.000000
1.000000 -0.000000 -0.000000 0.120247 0.000000 1.000000 0.000000 0.000103 0.000000 -0.000000 1.000000 -0.000016 0.000000 0.000000 0.000000 1.000000
1.000000 0.000000 0.000000 0.120247 -0.000000 1.000000 0.000000 0.000103 -0.000000 -0.000000 1.000000 -0.000016 0.000000 0.000000 0.000000 1.000000
1.000000 -0.000000 -0.000000 0.120247 0.000000 1.000000 0.000000 0.000103 0.000000 -0.000000 1.000000 -0.000016 0.000000 0.000000 0.000000 1.000000
1.000000 0.000000 0.000000 0.120246 -0.000000 1.000000 0.000000 0.000103 -0.000000 -0.000000 1.000000 -0.000016 0.000000 0.000000 0.000000 1.000000
1.000000 0.000000 0.000000 0.120247 -0.000000 1.000000 0.000000 0.000103 -0.000000 -0.000000 1.000000 -0.000016 0.000000 0.000000 0.000000 1.000000
1.000000 0.000000 -0.000000 0.120247 -0.000000 1.000000 0.000000 0.000103 0.000000 -0.000000 1.000000 -0.000016 0.000000 0.000000 0.000000 1.000000
1.000000 -0.000000 -0.000000 0.120247 0.000000 1.000000 0.000000 0.000103 0.000000 -0.000000 1.000000 -0.000016 0.000000 0.000000 0.000000 1.000000
1.000000 -0.000000 -0.000000 0.120247 0.000000 1.000000 0.000000 0.000103 0.000000 -0.000000 1.000000 -0.000016 0.000000 0.000000 0.000000 1.000000
1.000000 0.000000 -0.000000 0.120247 -0.000000 1.000000 0.000000 0.000103 0.000000 -0.000000 1.000000 -0.000016 0.000000 0.000000 0.000000 1.000000
1.000000 -0.000000 -0.000000 0.120247 0.000000 1.000000 0.000000 0.000103 0.000000 -0.000000 1.000000 -0.000016 0.000000 0.000000 0.000000 1.000000
1.000000 0.000000 -0.000000 0.120247 -0.000000 1.000000 0.000000 0.000103 0.000000 -0.000000 1.000000 -0.000016 0.000000 0.000000 0.000000 1.000000
1.000000 -0.000000 -0.000000 0.120247 0.000000 1.000000 0.000000 0.000103 0.000000 -0.000000 1.000000 -0.000015 0.000000 0.000000 0.000000 1.000000
1.000000 0.000000 0.000000 0.120247 -0.000000 1.000000 0.000000 0.000103 -0.000000 -0.000000 1.000000 -0.000016 0.000000 0.000000 0.000000 1.000000
1.000000 -0.000000 -0.000000 0.120247 0.000000 1.000000 0.000000 0.000103 0.000000 -0.000000 1.000000 -0.000016 0.000000 0.000000 0.000000 1.000000
1.000000 0.000000 -0.000000 0.120247 -0.000000 1.000000 0.000000 0.000103 0.000000 -0.000000 1.000000 -0.000016 0.000000 0.000000 0.000000 1.000000
1.000000 0.000000 -0.000000 0.120247 -0.000000 1.000000 0.000000 0.000103 0.000000 -0.000000 1.000000 -0.000016 0.000000 0.000000 0.000000 1.000000
1.000000 -0.000000 -0.000000 0.120247 0.000000 1.000000 0.000000 0.000103 0.000000 -0.000000 1.000000 -0.000016 0.000000 0.000000 0.000000 1.000000
1.000000 0.000000 0.000000 0.120247 -0.000000 1.000000 0.000000 0.000103 -0.000000 -0.000000 1.000000 -0.000016 0.000000 0.000000 0.000000 1.000000
1.000000 -0.000000 0.000000 0.120247 0.000000 1.000000 0.000000 0.000103 -0.000000 -0.000000 1.000000 -0.000016 0.000000 0.000000 0.000000 1.000000
1.000000 0.000000 0.000000 0.120247 -0.000000 1.000000 0.000000 0.000103 -0.000000 -0.000000 1.000000 -0.000016 0.000000 0.000000 0.000000 1.000000
1.000000 0.000000 -0.000000 0.120247 -0.000000 1.000000 0.000000 0.000103 0.000000 -0.000000 1.000000 -0.000016 0.000000 0.000000 0.000000 1.000000
1.000000 0.000000 0.000000 0.120247 -0.000000 1.000000 -0.000000 0.000103 -0.000000 0.000000 1.000000 -0.000016 0.000000 0.000000 0.000000 1.000000</float_array>
     <technique_common>
      <accessor source="#jnt_right_handring4-Matrix-animation-output-transform-array" count="53" stride="16">
       <param type="float4x4"></param>
      </accessor>
     </technique_common>
    </source>
    <source id="jnt_right_handring4-Interpolations">
     <Name_array id="jnt_right_handring4-Interpolations-array" count="53">
 LINEAR LINEAR LINEAR LINEAR LINEAR LINEAR LINEAR LINEAR LINEAR LINEAR LINEAR
LINEAR LINEAR LINEAR LINEAR LINEAR LINEAR LINEAR LINEAR LINEAR LINEAR LINEAR LINEAR
LINEAR LINEAR LINEAR LINEAR LINEAR LINEAR LINEAR LINEAR LINEAR LINEAR LINEAR LINEAR
LINEAR LINEAR LINEAR LINEAR LINEAR LINEAR LINEAR LINEAR LINEAR LINEAR LINEAR LINEAR
LINEAR LINEAR LINEAR LINEAR LINEAR LINEAR</Name_array>
     <technique_common>
      <accessor source="#jnt_right_handring4-Interpolations-array" count="53">
       <param type="name"></param>
      </accessor>
     </technique_common>
    </source>
    <sampler id="jnt_right_handring4-Matrix-animation-transform">
     <input semantic="INPUT" source="#jnt_right_handring4-Matrix-animation-input"></input>
     <input semantic="OUTPUT" source="#jnt_right_handring4-Matrix-animation-output-transform"></input>
     <input semantic="INTERPOLATION" source="#jnt_right_handring4-Interpolations"></input>
    </sampler>
    <channel source="#jnt_right_handring4-Matrix-animation-transform" target="jnt_right_handring4/matrix"></channel>
   </animation>
  </animation>
  <animation id="jnt_right_handpinky1-anim" name="jnt_right_handpinky1">
   <animation>
    <source id="jnt_right_handpinky1-Matrix-animation-input">
     <float_array id="jnt_right_handpinky1-Matrix-animation-input-array" count="53">

0.000000 0.033333 0.066667 0.100000 0.133333 0.166667 0.200000 0.233333 0.266667 0.300000 0.333333 0.366667 0.400000 0.433333 0.466667 0.500000
0.533333 0.566667 0.600000 0.633333 0.666667 0.700000 0.733333 0.766667 0.800000 0.833333 0.866667 0.900000 0.933333 0.966667 1.000000 1.033333
1.066667 1.100000 1.133333 1.166667 1.200000 1.233333 1.266667 1.300000 1.333333 1.366667 1.400000 1.433333 1.466667 1.500000 1.533333 1.566667
1.600000 1.633333 1.666667 1.700000 1.733333</float_array>
     <technique_common>
      <accessor source="#jnt_right_handpinky1-Matrix-animation-input-array" count="53">
       <param name="TIME" type="float"></param>
      </accessor>
     </technique_common>
    </source>
    <source id="jnt_right_handpinky1-Matrix-animation-output-transform">
     <float_array id="jnt_right_handpinky1-Matrix-animation-output-transform-array" count="848">

0.385619 0.904001 -0.184610 0.407609 -0.085969 -0.164011 -0.982705 -0.208155 -0.918644 0.394821 0.014471 -0.012230 0.000000 0.000000 0.000000 1.000000
0.385619 0.904000 -0.184611 0.407608 -0.085970 -0.164011 -0.982705 -0.208155 -0.918644 0.394821 0.014471 -0.012230 0.000000 0.000000 0.000000 1.000000
0.385619 0.904000 -0.184610 0.407609 -0.085970 -0.164011 -0.982705 -0.208155 -0.918644 0.394821 0.014471 -0.012229 0.000000 0.000000 0.000000 1.000000
0.385619 0.904001 -0.184611 0.407609 -0.085970 -0.164011 -0.982706 -0.208155 -0.918644 0.394821 0.014471 -0.012229 0.000000 0.000000 0.000000 1.000000
0.385619 0.904000 -0.184611 0.407609 -0.085969 -0.164011 -0.982705 -0.208155 -0.918644 0.394821 0.014471 -0.012230 0.000000 0.000000 0.000000 1.000000
0.385619 0.904000 -0.184611 0.407609 -0.085969 -0.164011 -0.982705 -0.208156 -0.918644 0.394821 0.014471 -0.012230 0.000000 0.000000 0.000000 1.000000
0.385619 0.904000 -0.184611 0.407608 -0.085970 -0.164011 -0.982705 -0.208155 -0.918644 0.394821 0.014471 -0.012229 0.000000 0.000000 0.000000 1.000000
0.385619 0.904000 -0.184610 0.407609 -0.085970 -0.164011 -0.982705 -0.208155 -0.918644 0.394821 0.014471 -0.012229 0.000000 0.000000 0.000000 1.000000
0.385619 0.904001 -0.184610 0.407609 -0.085970 -0.164011 -0.982705 -0.208155 -0.918644 0.394821 0.014471 -0.012229 0.000000 0.000000 0.000000 1.000000
0.385619 0.904000 -0.184611 0.407609 -0.085970 -0.164011 -0.982705 -0.208155 -0.918644 0.394821 0.014471 -0.012230 0.000000 0.000000 0.000000 1.000000
0.385619 0.904000 -0.184610 0.407608 -0.085970 -0.164011 -0.982705 -0.208155 -0.918644 0.394821 0.014471 -0.012230 0.000000 0.000000 0.000000 1.000000
0.385619 0.904000 -0.184611 0.407608 -0.085970 -0.164011 -0.982705 -0.208154 -0.918644 0.394821 0.014471 -0.012229 0.000000 0.000000 0.000000 1.000000
0.385619 0.904000 -0.184610 0.407609 -0.085969 -0.164011 -0.982705 -0.208156 -0.918644 0.394821 0.014471 -0.012229 0.000000 0.000000 0.000000 1.000000
0.385619 0.904001 -0.184611 0.407608 -0.085969 -0.164011 -0.982705 -0.208155 -0.918644 0.394821 0.014471 -0.012230 0.000000 0.000000 0.000000 1.000000
0.385619 0.904000 -0.184611 0.407609 -0.085970 -0.164011 -0.982705 -0.208155 -0.918644 0.394821 0.014471 -0.012230 0.000000 0.000000 0.000000 1.000000
0.385619 0.904000 -0.184611 0.407609 -0.085970 -0.164011 -0.982705 -0.208155 -0.918644 0.394821 0.014471 -0.012229 0.000000 0.000000 0.000000 1.000000
0.385619 0.904000 -0.184611 0.407608 -0.085970 -0.164011 -0.982705 -0.208155 -0.918644 0.394821 0.014471 -0.012230 0.000000 0.000000 0.000000 1.000000
0.385619 0.904000 -0.184610 0.407609 -0.085970 -0.164011 -0.982705 -0.208155 -0.918644 0.394821 0.014471 -0.012229 0.000000 0.000000 0.000000 1.000000
0.385619 0.904001 -0.184611 0.407608 -0.085970 -0.164011 -0.982705 -0.208155 -0.918644 0.394821 0.014471 -0.012229 0.000000 0.000000 0.000000 1.000000
0.385619 0.904000 -0.184611 0.407609 -0.085970 -0.164011 -0.982705 -0.208155 -0.918644 0.394821 0.014471 -0.012230 0.000000 0.000000 0.000000 1.000000
0.385619 0.904000 -0.184611 0.407608 -0.085970 -0.164011 -0.982705 -0.208155 -0.918644 0.394821 0.014471 -0.012230 0.000000 0.000000 0.000000 1.000000
0.385619 0.904000 -0.184611 0.407609 -0.085969 -0.164011 -0.982705 -0.208155 -0.918644 0.394821 0.014471 -0.012229 0.000000 0.000000 0.000000 1.000000
0.385619 0.904001 -0.184611 0.407609 -0.085970 -0.164011 -0.982705 -0.208155 -0.918644 0.394821 0.014471 -0.012229 0.000000 0.000000 0.000000 1.000000
0.385619 0.904000 -0.184610 0.407609 -0.085969 -0.164011 -0.982705 -0.208155 -0.918644 0.394821 0.014471 -0.012229 0.000000 0.000000 0.000000 1.000000
0.385619 0.904000 -0.184610 0.407608 -0.085969 -0.164011 -0.982705 -0.208155 -0.918644 0.394821 0.014471 -0.012230 0.000000 0.000000 0.000000 1.000000
0.385619 0.904000 -0.184610 0.407608 -0.085969 -0.164011 -0.982705 -0.208156 -0.918644 0.394821 0.014471 -0.012229 0.000000 0.000000 0.000000 1.000000
0.385619 0.904000 -0.184610 0.407609 -0.085969 -0.164011 -0.982705 -0.208155 -0.918644 0.394821 0.014471 -0.012229 0.000000 0.000000 0.000000 1.000000
0.385619 0.904000 -0.184611 0.407608 -0.085970 -0.164011 -0.982705 -0.208155 -0.918644 0.394821 0.014471 -0.012230 0.000000 0.000000 0.000000 1.000000
0.385619 0.904000 -0.184610 0.407609 -0.085969 -0.164011 -0.982705 -0.208155 -0.918644 0.394821 0.014471 -0.012229 0.000000 0.000000 0.000000 1.000000
0.385619 0.904000 -0.184611 0.407608 -0.085970 -0.164011 -0.982705 -0.208155 -0.918644 0.394821 0.014471 -0.012230 0.000000 0.000000 0.000000 1.000000
0.385619 0.904001 -0.184611 0.407609 -0.085969 -0.164012 -0.982705 -0.208155 -0.918644 0.394821 0.014470 -0.012230 0.000000 0.000000 0.000000 1.000000
0.385619 0.904001 -0.184611 0.407609 -0.085970 -0.164011 -0.982705 -0.208155 -0.918644 0.394821 0.014471 -0.012229 0.000000 0.000000 0.000000 1.000000
0.385619 0.904000 -0.184610 0.407608 -0.085970 -0.164011 -0.982705 -0.208155 -0.918644 0.394821 0.014471 -0.012230 0.000000 0.000000 0.000000 1.000000
0.385619 0.904001 -0.184610 0.407609 -0.085970 -0.164011 -0.982706 -0.208156 -0.918644 0.394821 0.014471 -0.012229 0.000000 0.000000 0.000000 1.000000
0.385619 0.904000 -0.184610 0.407608 -0.085969 -0.164011 -0.982706 -0.208155 -0.918644 0.394821 0.014471 -0.012229 0.000000 0.000000 0.000000 1.000000
0.385619 0.904000 -0.184610 0.407609 -0.085969 -0.164011 -0.982705 -0.208155 -0.918644 0.394821 0.014471 -0.012230 0.000000 0.000000 0.000000 1.000000
0.385619 0.904000 -0.184611 0.407608 -0.085970 -0.164011 -0.982705 -0.208155 -0.918644 0.394821 0.014471 -0.012230 0.000000 0.000000 0.000000 1.000000
0.385619 0.904000 -0.184610 0.407609 -0.085970 -0.164010 -0.982705 -0.208155 -0.918644 0.394821 0.014471 -0.012230 0.000000 0.000000 0.000000 1.000000
0.385619 0.904000 -0.184610 0.407609 -0.085969 -0.164011 -0.982705 -0.208156 -0.918644 0.394821 0.014471 -0.012229 0.000000 0.000000 0.000000 1.000000
0.385619 0.904001 -0.184611 0.407608 -0.085970 -0.164012 -0.982705 -0.208155 -0.918645 0.394821 0.014470 -0.012229 0.000000 0.000000 0.000000 1.000000
0.385619 0.904000 -0.184611 0.407609 -0.085970 -0.164011 -0.982705 -0.208155 -0.918644 0.394821 0.014471 -0.012230 0.000000 0.000000 0.000000 1.000000
0.385619 0.904001 -0.184611 0.407608 -0.085970 -0.164011 -0.982705 -0.208155 -0.918644 0.394821 0.014471 -0.012230 0.000000 0.000000 0.000000 1.000000
0.385619 0.904000 -0.184610 0.407608 -0.085970 -0.164011 -0.982706 -0.208156 -0.918644 0.394821 0.014471 -0.012229 0.000000 0.000000 0.000000 1.000000
0.385619 0.904000 -0.184610 0.407608 -0.085969 -0.164011 -0.982705 -0.208156 -0.918644 0.394821 0.014471 -0.012229 0.000000 0.000000 0.000000 1.000000
0.385619 0.904000 -0.184610 0.407609 -0.085970 -0.164011 -0.982705 -0.208155 -0.918644 0.394821 0.014471 -0.012229 0.000000 0.000000 0.000000 1.000000
0.385619 0.904000 -0.184610 0.407609 -0.085970 -0.164011 -0.982705 -0.208155 -0.918644 0.394821 0.014471 -0.012229 0.000000 0.000000 0.000000 1.000000
0.385619 0.904000 -0.184610 0.407609 -0.085970 -0.164011 -0.982705 -0.208155 -0.918644 0.394821 0.014471 -0.012229 0.000000 0.000000 0.000000 1.000000
0.385619 0.904000 -0.184610 0.407609 -0.085969 -0.164011 -0.982705 -0.208155 -0.918644 0.394821 0.014471 -0.012230 0.000000 0.000000 0.000000 1.000000
0.385619 0.904000 -0.184610 0.407609 -0.085969 -0.164011 -0.982705 -0.208155 -0.918644 0.394821 0.014471 -0.012229 0.000000 0.000000 0.000000 1.000000
0.385619 0.904001 -0.184611 0.407609 -0.085970 -0.164011 -0.982705 -0.208155 -0.918644 0.394821 0.014471 -0.012229 0.000000 0.000000 0.000000 1.000000
0.385619 0.904001 -0.184610 0.407609 -0.085970 -0.164011 -0.982705 -0.208156 -0.918644 0.394821 0.014471 -0.012229 0.000000 0.000000 0.000000 1.000000
0.385619 0.904000 -0.184610 0.407608 -0.085969 -0.164011 -0.982705 -0.208155 -0.918644 0.394821 0.014471 -0.012229 0.000000 0.000000 0.000000 1.000000
0.385619 0.904000 -0.184610 0.407608 -0.085970 -0.164011 -0.982705 -0.208155 -0.918644 0.394821 0.014471 -0.012229 0.000000 0.000000 0.000000 1.000000</float_array>
     <technique_common>
      <accessor source="#jnt_right_handpinky1-Matrix-animation-output-transform-array" count="53" stride="16">
       <param type="float4x4"></param>
      </accessor>
     </technique_common>
    </source>
    <source id="jnt_right_handpinky1-Interpolations">
     <Name_array id="jnt_right_handpinky1-Interpolations-array" count="53">
 LINEAR LINEAR LINEAR LINEAR LINEAR LINEAR LINEAR LINEAR LINEAR LINEAR LINEAR
LINEAR LINEAR LINEAR LINEAR LINEAR LINEAR LINEAR LINEAR LINEAR LINEAR LINEAR LINEAR
LINEAR LINEAR LINEAR LINEAR LINEAR LINEAR LINEAR LINEAR LINEAR LINEAR LINEAR LINEAR
LINEAR LINEAR LINEAR LINEAR LINEAR LINEAR LINEAR LINEAR LINEAR LINEAR LINEAR LINEAR
LINEAR LINEAR LINEAR LINEAR LINEAR LINEAR</Name_array>
     <technique_common>
      <accessor source="#jnt_right_handpinky1-Interpolations-array" count="53">
       <param type="name"></param>
      </accessor>
     </technique_common>
    </source>
    <sampler id="jnt_right_handpinky1-Matrix-animation-transform">
     <input semantic="INPUT" source="#jnt_right_handpinky1-Matrix-animation-input"></input>
     <input semantic="OUTPUT" source="#jnt_right_handpinky1-Matrix-animation-output-transform"></input>
     <input semantic="INTERPOLATION" source="#jnt_right_handpinky1-Interpolations"></input>
    </sampler>
    <channel source="#jnt_right_handpinky1-Matrix-animation-transform" target="jnt_right_handpinky1/matrix"></channel>
   </animation>
  </animation>
  <animation id="jnt_right_handpinky2-anim" name="jnt_right_handpinky2">
   <animation>
    <source id="jnt_right_handpinky2-Matrix-animation-input">
     <float_array id="jnt_right_handpinky2-Matrix-animation-input-array" count="53">

0.000000 0.033333 0.066667 0.100000 0.133333 0.166667 0.200000 0.233333 0.266667 0.300000 0.333333 0.366667 0.400000 0.433333 0.466667 0.500000
0.533333 0.566667 0.600000 0.633333 0.666667 0.700000 0.733333 0.766667 0.800000 0.833333 0.866667 0.900000 0.933333 0.966667 1.000000 1.033333
1.066667 1.100000 1.133333 1.166667 1.200000 1.233333 1.266667 1.300000 1.333333 1.366667 1.400000 1.433333 1.466667 1.500000 1.533333 1.566667
1.600000 1.633333 1.666667 1.700000 1.733333</float_array>
     <technique_common>
      <accessor source="#jnt_right_handpinky2-Matrix-animation-input-array" count="53">
       <param name="TIME" type="float"></param>
      </accessor>
     </technique_common>
    </source>
    <source id="jnt_right_handpinky2-Matrix-animation-output-transform">
     <float_array id="jnt_right_handpinky2-Matrix-animation-output-transform-array" count="848">

0.734578 0.678524 -0.000001 0.148507 -0.678524 0.734578 -0.000001 0.000001 -0.000000 0.000001 1.000000 -0.000000 0.000000 0.000000 0.000000 1.000000
0.734578 0.678524 -0.000001 0.148507 -0.678524 0.734578 -0.000001 0.000001 -0.000000 0.000001 1.000000 0.000001 0.000000 0.000000 0.000000 1.000000
0.734578 0.678524 -0.000001 0.148507 -0.678524 0.734578 -0.000001 0.000001 -0.000000 0.000001 1.000000 -0.000000 0.000000 0.000000 0.000000 1.000000
0.734578 0.678524 -0.000001 0.148507 -0.678524 0.734578 -0.000001 0.000001 -0.000000 0.000001 1.000000 -0.000001 0.000000 0.000000 0.000000 1.000000
0.734579 0.678524 -0.000001 0.148507 -0.678524 0.734579 -0.000001 0.000001 -0.000000 0.000001 1.000000 -0.000000 0.000000 0.000000 0.000000 1.000000
0.734578 0.678524 -0.000001 0.148507 -0.678524 0.734578 -0.000001 0.000001 -0.000000 0.000001 1.000000 -0.000000 0.000000 0.000000 0.000000 1.000000
0.734578 0.678524 -0.000001 0.148507 -0.678524 0.734578 -0.000001 0.000001 -0.000000 0.000001 1.000000 0.000000 0.000000 0.000000 0.000000 1.000000
0.734578 0.678524 -0.000001 0.148507 -0.678524 0.734578 -0.000001 0.000001 -0.000000 0.000001 1.000000 -0.000001 0.000000 0.000000 0.000000 1.000000
0.734579 0.678524 -0.000001 0.148507 -0.678524 0.734578 -0.000001 0.000001 -0.000000 0.000001 1.000000 0.000000 0.000000 0.000000 0.000000 1.000000
0.734578 0.678524 -0.000001 0.148507 -0.678524 0.734578 -0.000001 0.000000 -0.000000 0.000001 1.000000 -0.000001 0.000000 0.000000 0.000000 1.000000
0.734578 0.678524 -0.000001 0.148507 -0.678524 0.734578 -0.000001 0.000001 -0.000000 0.000001 1.000000 -0.000000 0.000000 0.000000 0.000000 1.000000
0.734578 0.678524 -0.000001 0.148507 -0.678524 0.734578 -0.000001 0.000001 -0.000000 0.000001 1.000000 -0.000000 0.000000 0.000000 0.000000 1.000000
0.734579 0.678524 -0.000001 0.148507 -0.678524 0.734578 -0.000001 0.000001 -0.000000 0.000001 1.000000 -0.000000 0.000000 0.000000 0.000000 1.000000
0.734578 0.678524 -0.000001 0.148507 -0.678524 0.734578 -0.000001 0.000001 -0.000000 0.000001 1.000000 -0.000000 0.000000 0.000000 0.000000 1.000000
0.734579 0.678524 -0.000001 0.148507 -0.678524 0.734578 -0.000001 0.000001 -0.000000 0.000001 1.000000 -0.000000 0.000000 0.000000 0.000000 1.000000
0.734579 0.678524 -0.000001 0.148507 -0.678524 0.734578 -0.000001 0.000001 -0.000000 0.000001 1.000000 0.000000 0.000000 0.000000 0.000000 1.000000
0.734579 0.678524 -0.000001 0.148507 -0.678524 0.734578 -0.000001 0.000001 -0.000000 0.000001 1.000000 0.000001 0.000000 0.000000 0.000000 1.000000
0.734578 0.678524 -0.000001 0.148507 -0.678524 0.734578 -0.000001 0.000000 -0.000000 0.000001 1.000000 -0.000000 0.000000 0.000000 0.000000 1.000000
0.734578 0.678524 -0.000001 0.148507 -0.678524 0.734578 -0.000001 0.000001 -0.000000 0.000001 1.000000 0.000000 0.000000 0.000000 0.000000 1.000000
0.734578 0.678524 -0.000001 0.148508 -0.678524 0.734578 -0.000001 0.000000 -0.000000 0.000001 1.000000 0.000001 0.000000 0.000000 0.000000 1.000000
0.734578 0.678524 -0.000001 0.148507 -0.678524 0.734578 -0.000001 0.000000 -0.000000 0.000001 1.000000 0.000000 0.000000 0.000000 0.000000 1.000000
0.734578 0.678524 -0.000001 0.148507 -0.678524 0.734578 -0.000001 0.000001 -0.000000 0.000001 1.000000 -0.000000 0.000000 0.000000 0.000000 1.000000
0.734578 0.678524 -0.000001 0.148506 -0.678524 0.734578 -0.000001 0.000001 -0.000000 0.000001 1.000000 0.000000 0.000000 0.000000 0.000000 1.000000
0.734578 0.678524 -0.000001 0.148507 -0.678524 0.734578 -0.000001 0.000001 -0.000000 0.000001 1.000000 -0.000000 0.000000 0.000000 0.000000 1.000000
0.734578 0.678524 -0.000001 0.148507 -0.678524 0.734578 -0.000001 0.000001 -0.000000 0.000001 1.000000 0.000000 0.000000 0.000000 0.000000 1.000000
0.734578 0.678524 -0.000001 0.148507 -0.678524 0.734578 -0.000001 0.000001 -0.000000 0.000001 1.000000 0.000000 0.000000 0.000000 0.000000 1.000000
0.734578 0.678524 -0.000001 0.148507 -0.678524 0.734579 -0.000001 0.000001 -0.000000 0.000001 1.000000 0.000000 0.000000 0.000000 0.000000 1.000000
0.734578 0.678524 -0.000001 0.148507 -0.678524 0.734578 -0.000001 0.000000 -0.000000 0.000001 1.000000 0.000000 0.000000 0.000000 0.000000 1.000000
0.734578 0.678524 -0.000001 0.148507 -0.678524 0.734578 -0.000001 0.000000 -0.000000 0.000001 1.000000 -0.000000 0.000000 0.000000 0.000000 1.000000
0.734578 0.678524 -0.000001 0.148508 -0.678524 0.734578 -0.000001 0.000000 -0.000000 0.000001 1.000000 -0.000000 0.000000 0.000000 0.000000 1.000000
0.734578 0.678524 -0.000001 0.148507 -0.678524 0.734579 -0.000001 0.000001 -0.000000 0.000001 1.000000 0.000000 0.000000 0.000000 0.000000 1.000000
0.734578 0.678524 -0.000001 0.148507 -0.678524 0.734578 -0.000001 0.000001 -0.000000 0.000001 1.000000 -0.000000 0.000000 0.000000 0.000000 1.000000
0.734578 0.678524 -0.000001 0.148507 -0.678524 0.734578 -0.000001 0.000001 -0.000000 0.000001 1.000000 -0.000000 0.000000 0.000000 0.000000 1.000000
0.734578 0.678524 -0.000001 0.148507 -0.678524 0.734578 -0.000001 0.000001 -0.000000 0.000001 1.000000 -0.000000 0.000000 0.000000 0.000000 1.000000
0.734578 0.678524 -0.000001 0.148507 -0.678524 0.734578 -0.000001 0.000001 -0.000000 0.000001 1.000000 -0.000000 0.000000 0.000000 0.000000 1.000000
0.734578 0.678524 -0.000001 0.148507 -0.678524 0.734578 -0.000001 0.000001 -0.000000 0.000001 1.000000 0.000000 0.000000 0.000000 0.000000 1.000000
0.734578 0.678524 -0.000001 0.148507 -0.678524 0.734579 -0.000001 0.000000 -0.000000 0.000001 1.000000 -0.000000 0.000000 0.000000 0.000000 1.000000
0.734578 0.678524 -0.000001 0.148507 -0.678524 0.734578 -0.000001 0.000001 -0.000000 0.000001 1.000000 -0.000001 0.000000 0.000000 0.000000 1.000000
0.734578 0.678524 -0.000001 0.148507 -0.678524 0.734578 -0.000001 0.000001 -0.000000 0.000001 1.000000 -0.000000 0.000000 0.000000 0.000000 1.000000
0.734578 0.678524 -0.000000 0.148507 -0.678524 0.734578 -0.000001 0.000001 -0.000000 0.000001 1.000000 -0.000000 0.000000 0.000000 0.000000 1.000000
0.734578 0.678524 -0.000001 0.148508 -0.678524 0.734578 -0.000001 0.000000 -0.000000 0.000001 1.000000 0.000001 0.000000 0.000000 0.000000 1.000000
0.734578 0.678524 -0.000001 0.148508 -0.678524 0.734578 -0.000001 0.000001 -0.000000 0.000001 1.000000 -0.000000 0.000000 0.000000 0.000000 1.000000
0.734578 0.678524 -0.000001 0.148507 -0.678524 0.734578 -0.000001 0.000001 -0.000000 0.000001 1.000000 0.000001 0.000000 0.000000 0.000000 1.000000
0.734578 0.678524 -0.000001 0.148508 -0.678524 0.734578 -0.000001 0.000001 -0.000000 0.000001 1.000000 -0.000000 0.000000 0.000000 0.000000 1.000000
0.734578 0.678524 -0.000001 0.148507 -0.678524 0.734578 -0.000001 0.000001 -0.000000 0.000001 1.000000 -0.000001 0.000000 0.000000 0.000000 1.000000
0.734578 0.678524 -0.000001 0.148507 -0.678524 0.734579 -0.000001 0.000001 -0.000000 0.000001 1.000000 -0.000000 0.000000 0.000000 0.000000 1.000000
0.734578 0.678524 -0.000001 0.148507 -0.678524 0.734578 -0.000001 0.000001 -0.000000 0.000001 1.000000 -0.000001 0.000000 0.000000 0.000000 1.000000
0.734578 0.678524 -0.000001 0.148507 -0.678524 0.734578 -0.000001 0.000001 -0.000000 0.000001 1.000000 0.000000 0.000000 0.000000 0.000000 1.000000
0.734578 0.678524 -0.000001 0.148507 -0.678524 0.734578 -0.000001 0.000001 -0.000000 0.000001 1.000000 -0.000000 0.000000 0.000000 0.000000 1.000000
0.734578 0.678524 -0.000001 0.148507 -0.678524 0.734578 -0.000001 0.000001 -0.000000 0.000001 1.000000 -0.000001 0.000000 0.000000 0.000000 1.000000
0.734578 0.678524 -0.000001 0.148507 -0.678524 0.734578 -0.000001 0.000001 -0.000000 0.000001 1.000000 0.000001 0.000000 0.000000 0.000000 1.000000
0.734578 0.678524 -0.000001 0.148507 -0.678524 0.734578 -0.000001 0.000001 -0.000000 0.000001 1.000000 0.000001 0.000000 0.000000 0.000000 1.000000
0.734578 0.678524 -0.000001 0.148507 -0.678524 0.734578 -0.000001 0.000001 -0.000000 0.000001 1.000000 0.000000 0.000000 0.000000 0.000000 1.000000</float_array>
     <technique_common>
      <accessor source="#jnt_right_handpinky2-Matrix-animation-output-transform-array" count="53" stride="16">
       <param type="float4x4"></param>
      </accessor>
     </technique_common>
    </source>
    <source id="jnt_right_handpinky2-Interpolations">
     <Name_array id="jnt_right_handpinky2-Interpolations-array" count="53">
 LINEAR LINEAR LINEAR LINEAR LINEAR LINEAR LINEAR LINEAR LINEAR LINEAR LINEAR
LINEAR LINEAR LINEAR LINEAR LINEAR LINEAR LINEAR LINEAR LINEAR LINEAR LINEAR LINEAR
LINEAR LINEAR LINEAR LINEAR LINEAR LINEAR LINEAR LINEAR LINEAR LINEAR LINEAR LINEAR
LINEAR LINEAR LINEAR LINEAR LINEAR LINEAR LINEAR LINEAR LINEAR LINEAR LINEAR LINEAR
LINEAR LINEAR LINEAR LINEAR LINEAR LINEAR</Name_array>
     <technique_common>
      <accessor source="#jnt_right_handpinky2-Interpolations-array" count="53">
       <param type="name"></param>
      </accessor>
     </technique_common>
    </source>
    <sampler id="jnt_right_handpinky2-Matrix-animation-transform">
     <input semantic="INPUT" source="#jnt_right_handpinky2-Matrix-animation-input"></input>
     <input semantic="OUTPUT" source="#jnt_right_handpinky2-Matrix-animation-output-transform"></input>
     <input semantic="INTERPOLATION" source="#jnt_right_handpinky2-Interpolations"></input>
    </sampler>
    <channel source="#jnt_right_handpinky2-Matrix-animation-transform" target="jnt_right_handpinky2/matrix"></channel>
   </animation>
  </animation>
  <animation id="jnt_right_handpinky3-anim" name="jnt_right_handpinky3">
   <animation>
    <source id="jnt_right_handpinky3-Matrix-animation-input">
     <float_array id="jnt_right_handpinky3-Matrix-animation-input-array" count="53">

0.000000 0.033333 0.066667 0.100000 0.133333 0.166667 0.200000 0.233333 0.266667 0.300000 0.333333 0.366667 0.400000 0.433333 0.466667 0.500000
0.533333 0.566667 0.600000 0.633333 0.666667 0.700000 0.733333 0.766667 0.800000 0.833333 0.866667 0.900000 0.933333 0.966667 1.000000 1.033333
1.066667 1.100000 1.133333 1.166667 1.200000 1.233333 1.266667 1.300000 1.333333 1.366667 1.400000 1.433333 1.466667 1.500000 1.533333 1.566667
1.600000 1.633333 1.666667 1.700000 1.733333</float_array>
     <technique_common>
      <accessor source="#jnt_right_handpinky3-Matrix-animation-input-array" count="53">
       <param name="TIME" type="float"></param>
      </accessor>
     </technique_common>
    </source>
    <source id="jnt_right_handpinky3-Matrix-animation-output-transform">
     <float_array id="jnt_right_handpinky3-Matrix-animation-output-transform-array" count="848">

0.878731 0.477317 -0.000000 0.075471 -0.477317 0.878731 0.000002 -0.000002 0.000001 -0.000001 1.000000 0.000001 0.000000 0.000000 0.000000 1.000000
0.878731 0.477317 -0.000000 0.075471 -0.477317 0.878731 0.000002 -0.000001 0.000001 -0.000001 1.000000 -0.000000 0.000000 0.000000 0.000000 1.000000
0.878731 0.477317 -0.000000 0.075471 -0.477317 0.878731 0.000002 -0.000001 0.000001 -0.000001 1.000000 -0.000001 0.000000 0.000000 0.000000 1.000000
0.878731 0.477317 0.000000 0.075471 -0.477317 0.878731 0.000002 -0.000001 0.000001 -0.000001 1.000000 0.000000 0.000000 0.000000 0.000000 1.000000
0.878731 0.477317 -0.000000 0.075472 -0.477317 0.878731 0.000002 -0.000002 0.000001 -0.000001 1.000000 0.000001 0.000000 0.000000 0.000000 1.000000
0.878731 0.477317 -0.000000 0.075471 -0.477317 0.878731 0.000002 -0.000001 0.000001 -0.000001 1.000000 0.000000 0.000000 0.000000 0.000000 1.000000
0.878731 0.477317 -0.000000 0.075471 -0.477317 0.878731 0.000002 -0.000001 0.000001 -0.000001 1.000000 -0.000000 0.000000 0.000000 0.000000 1.000000
0.878731 0.477317 0.000000 0.075472 -0.477317 0.878731 0.000002 -0.000001 0.000001 -0.000001 1.000000 0.000001 0.000000 0.000000 0.000000 1.000000
0.878731 0.477317 0.000000 0.075471 -0.477317 0.878731 0.000002 -0.000001 0.000001 -0.000001 1.000000 -0.000000 0.000000 0.000000 0.000000 1.000000
0.878731 0.477317 0.000000 0.075472 -0.477317 0.878731 0.000002 -0.000001 0.000001 -0.000001 1.000000 -0.000000 0.000000 0.000000 0.000000 1.000000
0.878731 0.477317 -0.000000 0.075471 -0.477317 0.878731 0.000002 -0.000001 0.000001 -0.000001 1.000000 0.000000 0.000000 0.000000 0.000000 1.000000
0.878731 0.477317 -0.000000 0.075471 -0.477317 0.878731 0.000002 -0.000001 0.000001 -0.000001 1.000000 -0.000000 0.000000 0.000000 0.000000 1.000000
0.878731 0.477317 -0.000000 0.075472 -0.477317 0.878731 0.000002 -0.000002 0.000001 -0.000001 1.000000 0.000000 0.000000 0.000000 0.000000 1.000000
0.878731 0.477317 -0.000000 0.075471 -0.477317 0.878731 0.000002 -0.000001 0.000001 -0.000001 1.000000 -0.000001 0.000000 0.000000 0.000000 1.000000
0.878731 0.477317 0.000000 0.075471 -0.477317 0.878731 0.000002 -0.000001 0.000001 -0.000001 1.000000 -0.000000 0.000000 0.000000 0.000000 1.000000
0.878731 0.477317 0.000000 0.075471 -0.477317 0.878731 0.000002 -0.000002 0.000001 -0.000001 1.000000 0.000000 0.000000 0.000000 0.000000 1.000000
0.878731 0.477317 -0.000000 0.075471 -0.477317 0.878731 0.000002 -0.000001 0.000001 -0.000001 1.000000 0.000000 0.000000 0.000000 0.000000 1.000000
0.878731 0.477317 0.000000 0.075471 -0.477317 0.878731 0.000002 -0.000001 0.000001 -0.000001 1.000000 -0.000000 0.000000 0.000000 0.000000 1.000000
0.878731 0.477317 -0.000000 0.075471 -0.477317 0.878731 0.000002 -0.000001 0.000001 -0.000001 1.000000 0.000000 0.000000 0.000000 0.000000 1.000000
0.878731 0.477317 0.000000 0.075471 -0.477317 0.878731 0.000002 -0.000001 0.000001 -0.000001 1.000000 -0.000000 0.000000 0.000000 0.000000 1.000000
0.878731 0.477317 -0.000000 0.075470 -0.477317 0.878731 0.000002 -0.000001 0.000001 -0.000001 1.000000 0.000000 0.000000 0.000000 0.000000 1.000000
0.878731 0.477317 0.000000 0.075471 -0.477317 0.878731 0.000002 -0.000001 0.000001 -0.000001 1.000000 0.000000 0.000000 0.000000 0.000000 1.000000
0.878731 0.477317 0.000000 0.075471 -0.477317 0.878731 0.000002 -0.000001 0.000001 -0.000001 1.000000 -0.000000 0.000000 0.000000 0.000000 1.000000
0.878731 0.477317 -0.000000 0.075472 -0.477317 0.878731 0.000002 -0.000001 0.000001 -0.000001 1.000000 -0.000000 0.000000 0.000000 0.000000 1.000000
0.878731 0.477317 -0.000000 0.075471 -0.477317 0.878731 0.000002 -0.000001 0.000001 -0.000001 1.000000 -0.000000 0.000000 0.000000 0.000000 1.000000
0.878731 0.477317 -0.000000 0.075471 -0.477317 0.878731 0.000002 -0.000001 0.000001 -0.000001 1.000000 -0.000000 0.000000 0.000000 0.000000 1.000000
0.878731 0.477317 -0.000000 0.075471 -0.477317 0.878731 0.000002 -0.000001 0.000001 -0.000001 1.000000 -0.000000 0.000000 0.000000 0.000000 1.000000
0.878732 0.477317 -0.000000 0.075471 -0.477317 0.878731 0.000002 -0.000001 0.000001 -0.000001 1.000000 -0.000000 0.000000 0.000000 0.000000 1.000000
0.878731 0.477317 -0.000000 0.075471 -0.477317 0.878731 0.000002 -0.000001 0.000001 -0.000001 1.000000 0.000000 0.000000 0.000000 0.000000 1.000000
0.878731 0.477317 0.000000 0.075471 -0.477317 0.878731 0.000002 -0.000001 0.000001 -0.000001 1.000000 -0.000000 0.000000 0.000000 0.000000 1.000000
0.878731 0.477317 0.000000 0.075471 -0.477317 0.878731 0.000002 -0.000001 0.000001 -0.000001 1.000000 -0.000000 0.000000 0.000000 0.000000 1.000000
0.878731 0.477317 0.000000 0.075471 -0.477317 0.878731 0.000002 -0.000001 0.000001 -0.000001 1.000000 0.000000 0.000000 0.000000 0.000000 1.000000
0.878731 0.477317 0.000000 0.075471 -0.477317 0.878731 0.000002 -0.000001 0.000001 -0.000001 1.000000 -0.000000 0.000000 0.000000 0.000000 1.000000
0.878731 0.477317 -0.000000 0.075471 -0.477317 0.878731 0.000002 -0.000001 0.000001 -0.000001 1.000000 -0.000000 0.000000 0.000000 0.000000 1.000000
0.878731 0.477317 -0.000000 0.075471 -0.477317 0.878731 0.000002 -0.000001 0.000001 -0.000001 1.000000 -0.000000 0.000000 0.000000 0.000000 1.000000
0.878731 0.477317 -0.000000 0.075470 -0.477317 0.878731 0.000002 -0.000001 0.000001 -0.000001 1.000000 -0.000000 0.000000 0.000000 0.000000 1.000000
0.878731 0.477317 -0.000000 0.075471 -0.477317 0.878731 0.000002 -0.000001 0.000001 -0.000001 1.000000 0.000000 0.000000 0.000000 0.000000 1.000000
0.878731 0.477317 -0.000000 0.075472 -0.477317 0.878732 0.000002 -0.000001 0.000001 -0.000001 1.000000 -0.000000 0.000000 0.000000 0.000000 1.000000
0.878731 0.477317 -0.000000 0.075471 -0.477317 0.878731 0.000002 -0.000001 0.000001 -0.000001 1.000000 -0.000000 0.000000 0.000000 0.000000 1.000000
0.878731 0.477317 -0.000000 0.075471 -0.477317 0.878731 0.000002 -0.000001 0.000001 -0.000001 1.000000 0.000001 0.000000 0.000000 0.000000 1.000000
0.878731 0.477317 -0.000000 0.075471 -0.477317 0.878731 0.000002 -0.000002 0.000001 -0.000001 1.000000 0.000000 0.000000 0.000000 0.000000 1.000000
0.878732 0.477317 -0.000000 0.075472 -0.477317 0.878731 0.000002 -0.000001 0.000001 -0.000001 1.000000 -0.000000 0.000000 0.000000 0.000000 1.000000
0.878732 0.477317 -0.000000 0.075471 -0.477317 0.878732 0.000002 -0.000001 0.000001 -0.000001 1.000000 -0.000001 0.000000 0.000000 0.000000 1.000000
0.878731 0.477317 -0.000000 0.075471 -0.477317 0.878731 0.000002 -0.000001 0.000001 -0.000001 1.000000 0.000000 0.000000 0.000000 0.000000 1.000000
0.878731 0.477317 -0.000000 0.075471 -0.477317 0.878731 0.000002 -0.000001 0.000001 -0.000001 1.000000 -0.000001 0.000000 0.000000 0.000000 1.000000
0.878731 0.477317 -0.000000 0.075471 -0.477317 0.878731 0.000002 -0.000001 0.000001 -0.000001 1.000000 -0.000001 0.000000 0.000000 0.000000 1.000000
0.878731 0.477317 -0.000000 0.075471 -0.477317 0.878731 0.000002 -0.000001 0.000001 -0.000001 1.000000 -0.000001 0.000000 0.000000 0.000000 1.000000
0.878731 0.477317 -0.000000 0.075471 -0.477317 0.878731 0.000002 -0.000001 0.000001 -0.000001 1.000000 0.000000 0.000000 0.000000 0.000000 1.000000
0.878731 0.477317 -0.000000 0.075471 -0.477317 0.878731 0.000002 -0.000001 0.000001 -0.000001 1.000000 0.000000 0.000000 0.000000 0.000000 1.000000
0.878731 0.477317 -0.000000 0.075471 -0.477317 0.878731 0.000002 -0.000002 0.000001 -0.000001 1.000000 -0.000000 0.000000 0.000000 0.000000 1.000000
0.878731 0.477317 -0.000000 0.075471 -0.477317 0.878731 0.000002 -0.000001 0.000001 -0.000001 1.000000 -0.000001 0.000000 0.000000 0.000000 1.000000
0.878731 0.477317 -0.000000 0.075471 -0.477317 0.878731 0.000002 -0.000001 0.000001 -0.000001 1.000000 0.000000 0.000000 0.000000 0.000000 1.000000
0.878731 0.477317 -0.000000 0.075471 -0.477317 0.878731 0.000002 -0.000001 0.000001 -0.000001 1.000000 -0.000001 0.000000 0.000000 0.000000 1.000000</float_array>
     <technique_common>
      <accessor source="#jnt_right_handpinky3-Matrix-animation-output-transform-array" count="53" stride="16">
       <param type="float4x4"></param>
      </accessor>
     </technique_common>
    </source>
    <source id="jnt_right_handpinky3-Interpolations">
     <Name_array id="jnt_right_handpinky3-Interpolations-array" count="53">
 LINEAR LINEAR LINEAR LINEAR LINEAR LINEAR LINEAR LINEAR LINEAR LINEAR LINEAR
LINEAR LINEAR LINEAR LINEAR LINEAR LINEAR LINEAR LINEAR LINEAR LINEAR LINEAR LINEAR
LINEAR LINEAR LINEAR LINEAR LINEAR LINEAR LINEAR LINEAR LINEAR LINEAR LINEAR LINEAR
LINEAR LINEAR LINEAR LINEAR LINEAR LINEAR LINEAR LINEAR LINEAR LINEAR LINEAR LINEAR
LINEAR LINEAR LINEAR LINEAR LINEAR LINEAR</Name_array>
     <technique_common>
      <accessor source="#jnt_right_handpinky3-Interpolations-array" count="53">
       <param type="name"></param>
      </accessor>
     </technique_common>
    </source>
    <sampler id="jnt_right_handpinky3-Matrix-animation-transform">
     <input semantic="INPUT" source="#jnt_right_handpinky3-Matrix-animation-input"></input>
     <input semantic="OUTPUT" source="#jnt_right_handpinky3-Matrix-animation-output-transform"></input>
     <input semantic="INTERPOLATION" source="#jnt_right_handpinky3-Interpolations"></input>
    </sampler>
    <channel source="#jnt_right_handpinky3-Matrix-animation-transform" target="jnt_right_handpinky3/matrix"></channel>
   </animation>
  </animation>
  <animation id="jnt_right_handpinky4-anim" name="jnt_right_handpinky4">
   <animation>
    <source id="jnt_right_handpinky4-Matrix-animation-input">
     <float_array id="jnt_right_handpinky4-Matrix-animation-input-array" count="53">

0.000000 0.033333 0.066667 0.100000 0.133333 0.166667 0.200000 0.233333 0.266667 0.300000 0.333333 0.366667 0.400000 0.433333 0.466667 0.500000
0.533333 0.566667 0.600000 0.633333 0.666667 0.700000 0.733333 0.766667 0.800000 0.833333 0.866667 0.900000 0.933333 0.966667 1.000000 1.033333
1.066667 1.100000 1.133333 1.166667 1.200000 1.233333 1.266667 1.300000 1.333333 1.366667 1.400000 1.433333 1.466667 1.500000 1.533333 1.566667
1.600000 1.633333 1.666667 1.700000 1.733333</float_array>
     <technique_common>
      <accessor source="#jnt_right_handpinky4-Matrix-animation-input-array" count="53">
       <param name="TIME" type="float"></param>
      </accessor>
     </technique_common>
    </source>
    <source id="jnt_right_handpinky4-Matrix-animation-output-transform">
     <float_array id="jnt_right_handpinky4-Matrix-animation-output-transform-array" count="848">

1.000000 0.000000 -0.000000 0.101152 -0.000000 1.000000 0.000000 -0.000000 0.000000 -0.000000 1.000000 -0.000000 0.000000 0.000000 0.000000 1.000000
1.000000 0.000000 -0.000000 0.101152 -0.000000 1.000000 0.000000 0.000000 0.000000 -0.000000 1.000000 0.000000 0.000000 0.000000 0.000000 1.000000
1.000000 0.000000 -0.000000 0.101152 -0.000000 1.000000 -0.000000 0.000000 0.000000 0.000000 1.000000 0.000000 0.000000 0.000000 0.000000 1.000000
1.000000 0.000000 0.000000 0.101152 -0.000000 1.000000 -0.000000 0.000000 -0.000000 0.000000 1.000000 0.000000 0.000000 0.000000 0.000000 1.000000
1.000000 -0.000000 0.000000 0.101152 0.000000 1.000000 -0.000000 0.000000 -0.000000 0.000000 1.000000 0.000000 0.000000 0.000000 0.000000 1.000000
1.000000 0.000000 -0.000000 0.101152 -0.000000 1.000000 -0.000000 -0.000000 0.000000 0.000000 1.000000 0.000000 0.000000 0.000000 0.000000 1.000000
1.000000 0.000000 -0.000000 0.101152 -0.000000 1.000000 0.000000 0.000000 0.000000 -0.000000 1.000000 -0.000000 0.000000 0.000000 0.000000 1.000000
1.000000 -0.000000 -0.000000 0.101152 0.000000 1.000000 -0.000000 0.000000 0.000000 0.000000 1.000000 0.000000 0.000000 0.000000 0.000000 1.000000
1.000000 0.000000 -0.000000 0.101152 -0.000000 1.000000 -0.000000 0.000000 0.000000 0.000000 1.000000 0.000000 0.000000 0.000000 0.000000 1.000000
1.000000 -0.000000 0.000000 0.101152 0.000000 1.000000 0.000000 0.000000 -0.000000 -0.000000 1.000000 -0.000000 0.000000 0.000000 0.000000 1.000000
1.000000 -0.000000 0.000000 0.101152 0.000000 1.000000 -0.000000 0.000000 -0.000000 0.000000 1.000000 -0.000000 0.000000 0.000000 0.000000 1.000000
1.000000 -0.000000 0.000000 0.101152 0.000000 1.000000 -0.000000 -0.000000 -0.000000 0.000000 1.000000 -0.000000 0.000000 0.000000 0.000000 1.000000
1.000000 -0.000000 -0.000000 0.101152 0.000000 1.000000 -0.000000 0.000000 0.000000 0.000000 1.000000 -0.000000 0.000000 0.000000 0.000000 1.000000
1.000000 -0.000000 -0.000000 0.101152 0.000000 1.000000 -0.000000 0.000000 0.000000 0.000000 1.000000 -0.000000 0.000000 0.000000 0.000000 1.000000
1.000000 -0.000000 0.000000 0.101152 0.000000 1.000000 -0.000000 0.000000 -0.000000 0.000000 1.000000 -0.000000 0.000000 0.000000 0.000000 1.000000
1.000000 0.000000 -0.000000 0.101152 -0.000000 1.000000 -0.000000 0.000000 0.000000 0.000000 1.000000 -0.000000 0.000000 0.000000 0.000000 1.000000
1.000000 0.000000 -0.000000 0.101152 -0.000000 1.000000 -0.000000 0.000000 0.000000 0.000000 1.000000 -0.000000 0.000000 0.000000 0.000000 1.000000
1.000000 0.000000 -0.000000 0.101152 -0.000000 1.000000 -0.000000 0.000000 0.000000 0.000000 1.000000 -0.000000 0.000000 0.000000 0.000000 1.000000
1.000000 -0.000000 -0.000000 0.101152 0.000000 1.000000 -0.000000 0.000000 0.000000 0.000000 1.000000 0.000000 0.000000 0.000000 0.000000 1.000000
1.000000 0.000000 -0.000000 0.101152 -0.000000 1.000000 -0.000000 0.000000 0.000000 0.000000 1.000000 0.000000 0.000000 0.000000 0.000000 1.000000
1.000000 -0.000000 -0.000000 0.101152 0.000000 1.000000 -0.000000 0.000000 0.000000 0.000000 1.000000 -0.000000 0.000000 0.000000 0.000000 1.000000
1.000000 0.000000 -0.000000 0.101152 -0.000000 1.000000 -0.000000 0.000000 0.000000 0.000000 1.000000 -0.000000 0.000000 0.000000 0.000000 1.000000
1.000000 0.000000 -0.000000 0.101152 -0.000000 1.000000 -0.000000 0.000000 0.000000 0.000000 1.000000 0.000000 0.000000 0.000000 0.000000 1.000000
1.000000 -0.000000 0.000000 0.101152 0.000000 1.000000 -0.000000 0.000000 -0.000000 0.000000 1.000000 0.000000 0.000000 0.000000 0.000000 1.000000
1.000000 0.000000 -0.000000 0.101152 -0.000000 1.000000 -0.000000 0.000000 0.000000 0.000000 1.000000 -0.000000 0.000000 0.000000 0.000000 1.000000
1.000000 0.000000 0.000000 0.101152 0.000000 1.000000 -0.000000 0.000000 -0.000000 0.000000 1.000000 0.000000 0.000000 0.000000 0.000000 1.000000
1.000000 -0.000000 0.000000 0.101152 0.000000 1.000000 -0.000000 0.000000 -0.000000 0.000000 1.000000 -0.000000 0.000000 0.000000 0.000000 1.000000
1.000000 0.000000 0.000000 0.101152 -0.000000 1.000000 -0.000000 0.000000 -0.000000 0.000000 1.000000 -0.000000 0.000000 0.000000 0.000000 1.000000
1.000000 -0.000000 -0.000000 0.101152 0.000000 1.000000 -0.000000 0.000000 0.000000 0.000000 1.000000 -0.000000 0.000000 0.000000 0.000000 1.000000
1.000000 0.000000 -0.000000 0.101152 -0.000000 1.000000 -0.000000 0.000000 0.000000 0.000000 1.000000 -0.000000 0.000000 0.000000 0.000000 1.000000
1.000000 -0.000000 -0.000000 0.101152 0.000000 1.000000 -0.000000 0.000000 0.000000 0.000000 1.000000 0.000000 0.000000 0.000000 0.000000 1.000000
1.000000 -0.000000 0.000000 0.101152 0.000000 1.000000 0.000000 0.000000 -0.000000 -0.000000 1.000000 -0.000000 0.000000 0.000000 0.000000 1.000000
1.000000 -0.000000 -0.000000 0.101152 -0.000000 1.000000 -0.000000 0.000000 0.000000 0.000000 1.000000 -0.000000 0.000000 0.000000 0.000000 1.000000
1.000000 -0.000000 -0.000000 0.101152 0.000000 1.000000 -0.000000 0.000000 0.000000 0.000000 1.000000 -0.000000 0.000000 0.000000 0.000000 1.000000
1.000000 0.000000 0.000000 0.101152 -0.000000 1.000000 -0.000000 0.000000 -0.000000 0.000000 1.000000 -0.000000 0.000000 0.000000 0.000000 1.000000
1.000000 -0.000000 0.000000 0.101152 0.000000 1.000000 -0.000000 -0.000000 -0.000000 0.000000 1.000000 -0.000000 0.000000 0.000000 0.000000 1.000000
1.000000 -0.000000 -0.000000 0.101152 0.000000 1.000000 0.000000 0.000000 0.000000 -0.000000 1.000000 0.000000 0.000000 0.000000 0.000000 1.000000
1.000000 -0.000000 0.000000 0.101152 0.000000 1.000000 -0.000000 -0.000000 -0.000000 0.000000 1.000000 -0.000000 0.000000 0.000000 0.000000 1.000000
1.000000 0.000000 -0.000000 0.101152 -0.000000 1.000000 0.000000 -0.000000 0.000000 -0.000000 1.000000 -0.000000 0.000000 0.000000 0.000000 1.000000
1.000000 -0.000000 0.000000 0.101152 0.000000 1.000000 -0.000000 0.000000 -0.000000 0.000000 1.000000 0.000000 0.000000 0.000000 0.000000 1.000000
1.000000 -0.000000 0.000000 0.101152 0.000000 1.000000 -0.000000 -0.000000 -0.000000 0.000000 1.000000 -0.000000 0.000000 0.000000 0.000000 1.000000
1.000000 -0.000000 0.000000 0.101152 0.000000 1.000000 0.000000 0.000000 -0.000000 -0.000000 1.000000 0.000000 0.000000 0.000000 0.000000 1.000000
1.000000 0.000000 -0.000000 0.101152 -0.000000 1.000000 -0.000000 0.000000 0.000000 0.000000 1.000000 -0.000000 0.000000 0.000000 0.000000 1.000000
1.000000 -0.000000 -0.000000 0.101152 0.000000 1.000000 -0.000000 -0.000000 0.000000 0.000000 1.000000 -0.000000 0.000000 0.000000 0.000000 1.000000
1.000000 0.000000 0.000000 0.101152 -0.000000 1.000000 0.000000 0.000000 -0.000000 -0.000000 1.000000 0.000000 0.000000 0.000000 0.000000 1.000000
1.000000 -0.000000 -0.000000 0.101152 0.000000 1.000000 -0.000000 -0.000000 0.000000 0.000000 1.000000 -0.000000 0.000000 0.000000 0.000000 1.000000
1.000000 -0.000000 0.000000 0.101152 0.000000 1.000000 -0.000000 0.000000 -0.000000 0.000000 1.000000 -0.000000 0.000000 0.000000 0.000000 1.000000
1.000000 -0.000000 -0.000000 0.101152 0.000000 1.000000 0.000000 0.000000 0.000000 -0.000000 1.000000 0.000000 0.000000 0.000000 0.000000 1.000000
1.000000 -0.000000 -0.000000 0.101152 0.000000 1.000000 0.000000 0.000000 0.000000 -0.000000 1.000000 0.000000 0.000000 0.000000 0.000000 1.000000
1.000000 0.000000 0.000000 0.101152 -0.000000 1.000000 -0.000000 -0.000000 -0.000000 0.000000 1.000000 -0.000000 0.000000 0.000000 0.000000 1.000000
1.000000 0.000000 -0.000000 0.101152 -0.000000 1.000000 -0.000000 0.000000 0.000000 0.000000 1.000000 -0.000000 0.000000 0.000000 0.000000 1.000000
1.000000 -0.000000 0.000000 0.101152 0.000000 1.000000 -0.000000 0.000000 -0.000000 0.000000 1.000000 -0.000000 0.000000 0.000000 0.000000 1.000000
1.000000 0.000000 0.000000 0.101152 -0.000000 1.000000 0.000000 0.000000 -0.000000 -0.000000 1.000000 -0.000000 0.000000 0.000000 0.000000 1.000000</float_array>
     <technique_common>
      <accessor source="#jnt_right_handpinky4-Matrix-animation-output-transform-array" count="53" stride="16">
       <param type="float4x4"></param>
      </accessor>
     </technique_common>
    </source>
    <source id="jnt_right_handpinky4-Interpolations">
     <Name_array id="jnt_right_handpinky4-Interpolations-array" count="53">
 LINEAR LINEAR LINEAR LINEAR LINEAR LINEAR LINEAR LINEAR LINEAR LINEAR LINEAR
LINEAR LINEAR LINEAR LINEAR LINEAR LINEAR LINEAR LINEAR LINEAR LINEAR LINEAR LINEAR
LINEAR LINEAR LINEAR LINEAR LINEAR LINEAR LINEAR LINEAR LINEAR LINEAR LINEAR LINEAR
LINEAR LINEAR LINEAR LINEAR LINEAR LINEAR LINEAR LINEAR LINEAR LINEAR LINEAR LINEAR
LINEAR LINEAR LINEAR LINEAR LINEAR LINEAR</Name_array>
     <technique_common>
      <accessor source="#jnt_right_handpinky4-Interpolations-array" count="53">
       <param type="name"></param>
      </accessor>
     </technique_common>
    </source>
    <sampler id="jnt_right_handpinky4-Matrix-animation-transform">
     <input semantic="INPUT" source="#jnt_right_handpinky4-Matrix-animation-input"></input>
     <input semantic="OUTPUT" source="#jnt_right_handpinky4-Matrix-animation-output-transform"></input>
     <input semantic="INTERPOLATION" source="#jnt_right_handpinky4-Interpolations"></input>
    </sampler>
    <channel source="#jnt_right_handpinky4-Matrix-animation-transform" target="jnt_right_handpinky4/matrix"></channel>
   </animation>
  </animation>
  <animation id="jnt_backpack-anim" name="jnt_backpack">
   <animation>
    <source id="jnt_backpack-Matrix-animation-input">
     <float_array id="jnt_backpack-Matrix-animation-input-array" count="53">

0.000000 0.033333 0.066667 0.100000 0.133333 0.166667 0.200000 0.233333 0.266667 0.300000 0.333333 0.366667 0.400000 0.433333 0.466667 0.500000
0.533333 0.566667 0.600000 0.633333 0.666667 0.700000 0.733333 0.766667 0.800000 0.833333 0.866667 0.900000 0.933333 0.966667 1.000000 1.033333
1.066667 1.100000 1.133333 1.166667 1.200000 1.233333 1.266667 1.300000 1.333333 1.366667 1.400000 1.433333 1.466667 1.500000 1.533333 1.566667
1.600000 1.633333 1.666667 1.700000 1.733333</float_array>
     <technique_common>
      <accessor source="#jnt_backpack-Matrix-animation-input-array" count="53">
       <param name="TIME" type="float"></param>
      </accessor>
     </technique_common>
    </source>
    <source id="jnt_backpack-Matrix-animation-output-transform">
     <float_array id="jnt_backpack-Matrix-animation-output-transform-array" count="848">

0.000000 0.995068 -0.099191 0.682545 -0.000000 0.099191 0.995068 -0.705658 1.000000 -0.000000 0.000000 -0.000000 0.000000 0.000000 0.000000 1.000000
0.000000 0.995068 -0.099191 0.682545 -0.000000 0.099191 0.995068 -0.705658 1.000000 -0.000000 0.000000 -0.000000 0.000000 0.000000 0.000000 1.000000
0.000000 0.995068 -0.099191 0.682545 -0.000000 0.099191 0.995068 -0.705658 1.000000 -0.000000 0.000000 -0.000000 0.000000 0.000000 0.000000 1.000000
0.000000 0.995068 -0.099191 0.682545 -0.000000 0.099191 0.995068 -0.705658 1.000000 -0.000000 0.000000 -0.000000 0.000000 0.000000 0.000000 1.000000
0.000000 0.995068 -0.099191 0.682545 -0.000000 0.099191 0.995068 -0.705658 1.000000 -0.000000 0.000000 -0.000000 0.000000 0.000000 0.000000 1.000000
0.000000 0.995068 -0.099191 0.682545 -0.000000 0.099191 0.995068 -0.705658 1.000000 -0.000000 0.000000 -0.000000 0.000000 0.000000 0.000000 1.000000
0.000000 0.995068 -0.099191 0.682545 -0.000000 0.099191 0.995068 -0.705658 1.000000 -0.000000 0.000000 -0.000000 0.000000 0.000000 0.000000 1.000000
0.000000 0.995068 -0.099191 0.682545 -0.000000 0.099191 0.995068 -0.705658 1.000000 -0.000000 0.000000 -0.000000 0.000000 0.000000 0.000000 1.000000
0.000000 0.995068 -0.099191 0.682545 -0.000000 0.099191 0.995068 -0.705658 1.000000 -0.000000 0.000000 -0.000000 0.000000 0.000000 0.000000 1.000000
0.000000 0.995068 -0.099191 0.682545 -0.000000 0.099191 0.995068 -0.705658 1.000000 -0.000000 0.000000 -0.000000 0.000000 0.000000 0.000000 1.000000
0.000000 0.995068 -0.099191 0.682545 -0.000000 0.099191 0.995068 -0.705658 1.000000 -0.000000 0.000000 -0.000000 0.000000 0.000000 0.000000 1.000000
0.000000 0.995068 -0.099191 0.682545 -0.000000 0.099191 0.995068 -0.705658 1.000000 -0.000000 0.000000 -0.000000 0.000000 0.000000 0.000000 1.000000
0.000000 0.995068 -0.099191 0.682545 -0.000000 0.099191 0.995068 -0.705658 1.000000 -0.000000 0.000000 -0.000000 0.000000 0.000000 0.000000 1.000000
0.000000 0.995068 -0.099191 0.682545 -0.000000 0.099191 0.995068 -0.705658 1.000000 -0.000000 0.000000 -0.000000 0.000000 0.000000 0.000000 1.000000
0.000000 0.995068 -0.099191 0.682545 -0.000000 0.099191 0.995068 -0.705658 1.000000 -0.000000 0.000000 -0.000000 0.000000 0.000000 0.000000 1.000000
0.000000 0.995068 -0.099191 0.682545 -0.000000 0.099191 0.995068 -0.705658 1.000000 -0.000000 0.000000 -0.000000 0.000000 0.000000 0.000000 1.000000
0.000000 0.995068 -0.099191 0.682545 -0.000000 0.099191 0.995068 -0.705658 1.000000 -0.000000 0.000000 -0.000000 0.000000 0.000000 0.000000 1.000000
0.000000 0.995068 -0.099191 0.682545 -0.000000 0.099191 0.995068 -0.705658 1.000000 -0.000000 0.000000 -0.000000 0.000000 0.000000 0.000000 1.000000
0.000000 0.995068 -0.099191 0.682545 -0.000000 0.099191 0.995068 -0.705658 1.000000 -0.000000 0.000000 -0.000000 0.000000 0.000000 0.000000 1.000000
0.000000 0.995068 -0.099191 0.682545 -0.000000 0.099191 0.995068 -0.705658 1.000000 -0.000000 0.000000 -0.000000 0.000000 0.000000 0.000000 1.000000
0.000000 0.995068 -0.099191 0.682545 -0.000000 0.099191 0.995068 -0.705658 1.000000 -0.000000 0.000000 -0.000000 0.000000 0.000000 0.000000 1.000000
0.000000 0.995068 -0.099191 0.682545 -0.000000 0.099191 0.995068 -0.705658 1.000000 -0.000000 0.000000 -0.000000 0.000000 0.000000 0.000000 1.000000
0.000000 0.995068 -0.099191 0.682545 -0.000000 0.099191 0.995068 -0.705658 1.000000 -0.000000 0.000000 -0.000000 0.000000 0.000000 0.000000 1.000000
0.000000 0.995068 -0.099191 0.682545 -0.000000 0.099191 0.995068 -0.705658 1.000000 -0.000000 0.000000 -0.000000 0.000000 0.000000 0.000000 1.000000
0.000000 0.995068 -0.099191 0.682545 -0.000000 0.099191 0.995068 -0.705658 1.000000 -0.000000 0.000000 -0.000000 0.000000 0.000000 0.000000 1.000000
0.000000 0.995068 -0.099191 0.682545 -0.000000 0.099191 0.995068 -0.705658 1.000000 -0.000000 0.000000 -0.000000 0.000000 0.000000 0.000000 1.000000
0.000000 0.995068 -0.099191 0.682545 -0.000000 0.099191 0.995068 -0.705658 1.000000 -0.000000 0.000000 -0.000000 0.000000 0.000000 0.000000 1.000000
0.000000 0.995068 -0.099191 0.682545 -0.000000 0.099191 0.995068 -0.705658 1.000000 -0.000000 0.000000 -0.000000 0.000000 0.000000 0.000000 1.000000
0.000000 0.995068 -0.099191 0.682545 -0.000000 0.099191 0.995068 -0.705658 1.000000 -0.000000 0.000000 -0.000000 0.000000 0.000000 0.000000 1.000000
0.000000 0.995068 -0.099191 0.682545 -0.000000 0.099191 0.995068 -0.705658 1.000000 -0.000000 0.000000 -0.000000 0.000000 0.000000 0.000000 1.000000
0.000000 0.995068 -0.099191 0.682545 -0.000000 0.099191 0.995068 -0.705658 1.000000 -0.000000 0.000000 -0.000000 0.000000 0.000000 0.000000 1.000000
0.000000 0.995068 -0.099191 0.682545 -0.000000 0.099191 0.995068 -0.705658 1.000000 -0.000000 0.000000 -0.000000 0.000000 0.000000 0.000000 1.000000
0.000000 0.995068 -0.099191 0.682545 -0.000000 0.099191 0.995068 -0.705658 1.000000 -0.000000 0.000000 -0.000000 0.000000 0.000000 0.000000 1.000000
0.000000 0.995068 -0.099191 0.682545 -0.000000 0.099191 0.995068 -0.705658 1.000000 -0.000000 0.000000 -0.000000 0.000000 0.000000 0.000000 1.000000
0.000000 0.995068 -0.099191 0.682545 -0.000000 0.099191 0.995068 -0.705658 1.000000 -0.000000 0.000000 -0.000000 0.000000 0.000000 0.000000 1.000000
0.000000 0.995068 -0.099191 0.682545 -0.000000 0.099191 0.995068 -0.705658 1.000000 -0.000000 0.000000 -0.000000 0.000000 0.000000 0.000000 1.000000
0.000000 0.995068 -0.099191 0.682545 -0.000000 0.099191 0.995068 -0.705658 1.000000 -0.000000 0.000000 -0.000000 0.000000 0.000000 0.000000 1.000000
0.000000 0.995068 -0.099191 0.682545 -0.000000 0.099191 0.995068 -0.705658 1.000000 -0.000000 0.000000 -0.000000 0.000000 0.000000 0.000000 1.000000
0.000000 0.995068 -0.099191 0.682545 -0.000000 0.099191 0.995068 -0.705658 1.000000 -0.000000 0.000000 -0.000000 0.000000 0.000000 0.000000 1.000000
0.000000 0.995068 -0.099191 0.682545 -0.000000 0.099191 0.995068 -0.705658 1.000000 -0.000000 0.000000 -0.000000 0.000000 0.000000 0.000000 1.000000
0.000000 0.995068 -0.099191 0.682545 -0.000000 0.099191 0.995068 -0.705658 1.000000 -0.000000 0.000000 -0.000000 0.000000 0.000000 0.000000 1.000000
0.000000 0.995068 -0.099191 0.682545 -0.000000 0.099191 0.995068 -0.705658 1.000000 -0.000000 0.000000 -0.000000 0.000000 0.000000 0.000000 1.000000
0.000000 0.995068 -0.099191 0.682545 -0.000000 0.099191 0.995068 -0.705658 1.000000 -0.000000 0.000000 -0.000000 0.000000 0.000000 0.000000 1.000000
0.000000 0.995068 -0.099191 0.682545 -0.000000 0.099191 0.995068 -0.705658 1.000000 -0.000000 0.000000 -0.000000 0.000000 0.000000 0.000000 1.000000
0.000000 0.995068 -0.099191 0.682545 -0.000000 0.099191 0.995068 -0.705658 1.000000 -0.000000 0.000000 -0.000000 0.000000 0.000000 0.000000 1.000000
0.000000 0.995068 -0.099191 0.682545 -0.000000 0.099191 0.995068 -0.705658 1.000000 -0.000000 0.000000 -0.000000 0.000000 0.000000 0.000000 1.000000
0.000000 0.995068 -0.099191 0.682545 -0.000000 0.099191 0.995068 -0.705658 1.000000 -0.000000 0.000000 -0.000000 0.000000 0.000000 0.000000 1.000000
0.000000 0.995068 -0.099191 0.682545 -0.000000 0.099191 0.995068 -0.705658 1.000000 -0.000000 0.000000 -0.000000 0.000000 0.000000 0.000000 1.000000
0.000000 0.995068 -0.099191 0.682545 -0.000000 0.099191 0.995068 -0.705658 1.000000 -0.000000 0.000000 -0.000000 0.000000 0.000000 0.000000 1.000000
0.000000 0.995068 -0.099191 0.682545 -0.000000 0.099191 0.995068 -0.705658 1.000000 -0.000000 0.000000 -0.000000 0.000000 0.000000 0.000000 1.000000
0.000000 0.995068 -0.099191 0.682545 -0.000000 0.099191 0.995068 -0.705658 1.000000 -0.000000 0.000000 -0.000000 0.000000 0.000000 0.000000 1.000000
0.000000 0.995068 -0.099191 0.682545 -0.000000 0.099191 0.995068 -0.705658 1.000000 -0.000000 0.000000 -0.000000 0.000000 0.000000 0.000000 1.000000
0.000000 0.995068 -0.099191 0.682545 -0.000000 0.099191 0.995068 -0.705658 1.000000 -0.000000 0.000000 -0.000000 0.000000 0.000000 0.000000 1.000000</float_array>
     <technique_common>
      <accessor source="#jnt_backpack-Matrix-animation-output-transform-array" count="53" stride="16">
       <param type="float4x4"></param>
      </accessor>
     </technique_common>
    </source>
    <source id="jnt_backpack-Interpolations">
     <Name_array id="jnt_backpack-Interpolations-array" count="53">
 LINEAR LINEAR LINEAR LINEAR LINEAR LINEAR LINEAR LINEAR LINEAR LINEAR LINEAR
LINEAR LINEAR LINEAR LINEAR LINEAR LINEAR LINEAR LINEAR LINEAR LINEAR LINEAR LINEAR
LINEAR LINEAR LINEAR LINEAR LINEAR LINEAR LINEAR LINEAR LINEAR LINEAR LINEAR LINEAR
LINEAR LINEAR LINEAR LINEAR LINEAR LINEAR LINEAR LINEAR LINEAR LINEAR LINEAR LINEAR
LINEAR LINEAR LINEAR LINEAR LINEAR LINEAR</Name_array>
     <technique_common>
      <accessor source="#jnt_backpack-Interpolations-array" count="53">
       <param type="name"></param>
      </accessor>
     </technique_common>
    </source>
    <sampler id="jnt_backpack-Matrix-animation-transform">
     <input semantic="INPUT" source="#jnt_backpack-Matrix-animation-input"></input>
     <input semantic="OUTPUT" source="#jnt_backpack-Matrix-animation-output-transform"></input>
     <input semantic="INTERPOLATION" source="#jnt_backpack-Interpolations"></input>
    </sampler>
    <channel source="#jnt_backpack-Matrix-animation-transform" target="jnt_backpack/matrix"></channel>
   </animation>
  </animation>
  <animation id="jnt_camera-anim" name="jnt_camera">
   <animation>
    <source id="jnt_camera-Matrix-animation-input">
     <float_array id="jnt_camera-Matrix-animation-input-array" count="53">

0.000000 0.033333 0.066667 0.100000 0.133333 0.166667 0.200000 0.233333 0.266667 0.300000 0.333333 0.366667 0.400000 0.433333 0.466667 0.500000
0.533333 0.566667 0.600000 0.633333 0.666667 0.700000 0.733333 0.766667 0.800000 0.833333 0.866667 0.900000 0.933333 0.966667 1.000000 1.033333
1.066667 1.100000 1.133333 1.166667 1.200000 1.233333 1.266667 1.300000 1.333333 1.366667 1.400000 1.433333 1.466667 1.500000 1.533333 1.566667
1.600000 1.633333 1.666667 1.700000 1.733333</float_array>
     <technique_common>
      <accessor source="#jnt_camera-Matrix-animation-input-array" count="53">
       <param name="TIME" type="float"></param>
      </accessor>
     </technique_common>
    </source>
    <source id="jnt_camera-Matrix-animation-output-transform">
     <float_array id="jnt_camera-Matrix-animation-output-transform-array" count="848">

1.000000 -0.000000 -0.000000 0.000000 0.000000 0.999988 0.004912 1.193611 0.000000 -0.004912 0.999988 0.007402 0.000000 0.000000 0.000000 1.000000
1.000000 -0.000000 -0.000000 0.000000 0.000000 0.999988 0.004912 1.193611 0.000000 -0.004912 0.999988 0.007402 0.000000 0.000000 0.000000 1.000000
1.000000 -0.000000 -0.000000 0.000000 0.000000 0.999988 0.004912 1.193611 0.000000 -0.004912 0.999988 0.007402 0.000000 0.000000 0.000000 1.000000
1.000000 -0.000000 -0.000000 0.000000 0.000000 0.999988 0.004912 1.193611 0.000000 -0.004912 0.999988 0.007402 0.000000 0.000000 0.000000 1.000000
1.000000 -0.000000 -0.000000 0.000000 0.000000 0.999988 0.004912 1.193611 0.000000 -0.004912 0.999988 0.007402 0.000000 0.000000 0.000000 1.000000
1.000000 -0.000000 -0.000000 0.000000 0.000000 0.999988 0.004912 1.193611 0.000000 -0.004912 0.999988 0.007402 0.000000 0.000000 0.000000 1.000000
1.000000 -0.000000 -0.000000 0.000000 0.000000 0.999988 0.004912 1.193611 0.000000 -0.004912 0.999988 0.007402 0.000000 0.000000 0.000000 1.000000
1.000000 -0.000000 -0.000000 0.000000 0.000000 0.999988 0.004912 1.193611 0.000000 -0.004912 0.999988 0.007402 0.000000 0.000000 0.000000 1.000000
1.000000 -0.000000 -0.000000 0.000000 0.000000 0.999988 0.004912 1.193611 0.000000 -0.004912 0.999988 0.007402 0.000000 0.000000 0.000000 1.000000
1.000000 -0.000000 -0.000000 0.000000 0.000000 0.999988 0.004912 1.193611 0.000000 -0.004912 0.999988 0.007402 0.000000 0.000000 0.000000 1.000000
1.000000 -0.000000 -0.000000 0.000000 0.000000 0.999988 0.004912 1.193611 0.000000 -0.004912 0.999988 0.007402 0.000000 0.000000 0.000000 1.000000
1.000000 -0.000000 -0.000000 0.000000 0.000000 0.999988 0.004912 1.193611 0.000000 -0.004912 0.999988 0.007402 0.000000 0.000000 0.000000 1.000000
1.000000 -0.000000 -0.000000 0.000000 0.000000 0.999988 0.004912 1.193611 0.000000 -0.004912 0.999988 0.007402 0.000000 0.000000 0.000000 1.000000
1.000000 -0.000000 -0.000000 0.000000 0.000000 0.999988 0.004912 1.193611 0.000000 -0.004912 0.999988 0.007402 0.000000 0.000000 0.000000 1.000000
1.000000 -0.000000 -0.000000 0.000000 0.000000 0.999988 0.004912 1.193611 0.000000 -0.004912 0.999988 0.007402 0.000000 0.000000 0.000000 1.000000
1.000000 -0.000000 -0.000000 0.000000 0.000000 0.999988 0.004912 1.193611 0.000000 -0.004912 0.999988 0.007402 0.000000 0.000000 0.000000 1.000000
1.000000 -0.000000 -0.000000 0.000000 0.000000 0.999988 0.004912 1.193611 0.000000 -0.004912 0.999988 0.007402 0.000000 0.000000 0.000000 1.000000
1.000000 -0.000000 -0.000000 0.000000 0.000000 0.999988 0.004912 1.193611 0.000000 -0.004912 0.999988 0.007402 0.000000 0.000000 0.000000 1.000000
1.000000 -0.000000 -0.000000 0.000000 0.000000 0.999988 0.004912 1.193611 0.000000 -0.004912 0.999988 0.007402 0.000000 0.000000 0.000000 1.000000
1.000000 -0.000000 -0.000000 0.000000 0.000000 0.999988 0.004912 1.193611 0.000000 -0.004912 0.999988 0.007402 0.000000 0.000000 0.000000 1.000000
1.000000 -0.000000 -0.000000 0.000000 0.000000 0.999988 0.004912 1.193611 0.000000 -0.004912 0.999988 0.007402 0.000000 0.000000 0.000000 1.000000
1.000000 -0.000000 -0.000000 0.000000 0.000000 0.999988 0.004912 1.193611 0.000000 -0.004912 0.999988 0.007402 0.000000 0.000000 0.000000 1.000000
1.000000 -0.000000 -0.000000 0.000000 0.000000 0.999988 0.004912 1.193611 0.000000 -0.004912 0.999988 0.007402 0.000000 0.000000 0.000000 1.000000
1.000000 -0.000000 -0.000000 0.000000 0.000000 0.999988 0.004912 1.193611 0.000000 -0.004912 0.999988 0.007402 0.000000 0.000000 0.000000 1.000000
1.000000 -0.000000 -0.000000 0.000000 0.000000 0.999988 0.004912 1.193611 0.000000 -0.004912 0.999988 0.007402 0.000000 0.000000 0.000000 1.000000
1.000000 -0.000000 -0.000000 0.000000 0.000000 0.999988 0.004912 1.193611 0.000000 -0.004912 0.999988 0.007402 0.000000 0.000000 0.000000 1.000000
1.000000 -0.000000 -0.000000 0.000000 0.000000 0.999988 0.004912 1.193611 0.000000 -0.004912 0.999988 0.007402 0.000000 0.000000 0.000000 1.000000
1.000000 -0.000000 -0.000000 0.000000 0.000000 0.999988 0.004912 1.193611 0.000000 -0.004912 0.999988 0.007402 0.000000 0.000000 0.000000 1.000000
1.000000 -0.000000 -0.000000 0.000000 0.000000 0.999988 0.004912 1.193611 0.000000 -0.004912 0.999988 0.007402 0.000000 0.000000 0.000000 1.000000
1.000000 -0.000000 -0.000000 0.000000 0.000000 0.999988 0.004912 1.193611 0.000000 -0.004912 0.999988 0.007402 0.000000 0.000000 0.000000 1.000000
1.000000 -0.000000 -0.000000 0.000000 0.000000 0.999988 0.004912 1.193611 0.000000 -0.004912 0.999988 0.007402 0.000000 0.000000 0.000000 1.000000
1.000000 -0.000000 -0.000000 0.000000 0.000000 0.999988 0.004912 1.193611 0.000000 -0.004912 0.999988 0.007402 0.000000 0.000000 0.000000 1.000000
1.000000 -0.000000 -0.000000 0.000000 0.000000 0.999988 0.004912 1.193611 0.000000 -0.004912 0.999988 0.007402 0.000000 0.000000 0.000000 1.000000
1.000000 -0.000000 -0.000000 0.000000 0.000000 0.999988 0.004912 1.193611 0.000000 -0.004912 0.999988 0.007402 0.000000 0.000000 0.000000 1.000000
1.000000 -0.000000 -0.000000 0.000000 0.000000 0.999988 0.004912 1.193611 0.000000 -0.004912 0.999988 0.007402 0.000000 0.000000 0.000000 1.000000
1.000000 -0.000000 -0.000000 0.000000 0.000000 0.999988 0.004912 1.193611 0.000000 -0.004912 0.999988 0.007402 0.000000 0.000000 0.000000 1.000000
1.000000 -0.000000 -0.000000 0.000000 0.000000 0.999988 0.004912 1.193611 0.000000 -0.004912 0.999988 0.007402 0.000000 0.000000 0.000000 1.000000
1.000000 -0.000000 -0.000000 0.000000 0.000000 0.999988 0.004912 1.193611 0.000000 -0.004912 0.999988 0.007402 0.000000 0.000000 0.000000 1.000000
1.000000 -0.000000 -0.000000 0.000000 0.000000 0.999988 0.004912 1.193611 0.000000 -0.004912 0.999988 0.007402 0.000000 0.000000 0.000000 1.000000
1.000000 -0.000000 -0.000000 0.000000 0.000000 0.999988 0.004912 1.193611 0.000000 -0.004912 0.999988 0.007402 0.000000 0.000000 0.000000 1.000000
1.000000 -0.000000 -0.000000 0.000000 0.000000 0.999988 0.004912 1.193611 0.000000 -0.004912 0.999988 0.007402 0.000000 0.000000 0.000000 1.000000
1.000000 -0.000000 -0.000000 0.000000 0.000000 0.999988 0.004912 1.193611 0.000000 -0.004912 0.999988 0.007402 0.000000 0.000000 0.000000 1.000000
1.000000 -0.000000 -0.000000 0.000000 0.000000 0.999988 0.004912 1.193611 0.000000 -0.004912 0.999988 0.007402 0.000000 0.000000 0.000000 1.000000
1.000000 -0.000000 -0.000000 0.000000 0.000000 0.999988 0.004912 1.193611 0.000000 -0.004912 0.999988 0.007402 0.000000 0.000000 0.000000 1.000000
1.000000 -0.000000 -0.000000 0.000000 0.000000 0.999988 0.004912 1.193611 0.000000 -0.004912 0.999988 0.007402 0.000000 0.000000 0.000000 1.000000
1.000000 -0.000000 -0.000000 0.000000 0.000000 0.999988 0.004912 1.193611 0.000000 -0.004912 0.999988 0.007402 0.000000 0.000000 0.000000 1.000000
1.000000 -0.000000 -0.000000 0.000000 0.000000 0.999988 0.004912 1.193611 0.000000 -0.004912 0.999988 0.007402 0.000000 0.000000 0.000000 1.000000
1.000000 -0.000000 -0.000000 0.000000 0.000000 0.999988 0.004912 1.193611 0.000000 -0.004912 0.999988 0.007402 0.000000 0.000000 0.000000 1.000000
1.000000 -0.000000 -0.000000 0.000000 0.000000 0.999988 0.004912 1.193611 0.000000 -0.004912 0.999988 0.007402 0.000000 0.000000 0.000000 1.000000
1.000000 -0.000000 -0.000000 0.000000 0.000000 0.999988 0.004912 1.193611 0.000000 -0.004912 0.999988 0.007402 0.000000 0.000000 0.000000 1.000000
1.000000 -0.000000 -0.000000 0.000000 0.000000 0.999988 0.004912 1.193611 0.000000 -0.004912 0.999988 0.007402 0.000000 0.000000 0.000000 1.000000
1.000000 -0.000000 -0.000000 0.000000 0.000000 0.999988 0.004912 1.193611 0.000000 -0.004912 0.999988 0.007402 0.000000 0.000000 0.000000 1.000000
1.000000 -0.000000 -0.000000 0.000000 0.000000 0.999988 0.004912 1.193611 0.000000 -0.004912 0.999988 0.007402 0.000000 0.000000 0.000000 1.000000</float_array>
     <technique_common>
      <accessor source="#jnt_camera-Matrix-animation-output-transform-array" count="53" stride="16">
       <param type="float4x4"></param>
      </accessor>
     </technique_common>
    </source>
    <source id="jnt_camera-Interpolations">
     <Name_array id="jnt_camera-Interpolations-array" count="53">
 LINEAR LINEAR LINEAR LINEAR LINEAR LINEAR LINEAR LINEAR LINEAR LINEAR LINEAR
LINEAR LINEAR LINEAR LINEAR LINEAR LINEAR LINEAR LINEAR LINEAR LINEAR LINEAR LINEAR
LINEAR LINEAR LINEAR LINEAR LINEAR LINEAR LINEAR LINEAR LINEAR LINEAR LINEAR LINEAR
LINEAR LINEAR LINEAR LINEAR LINEAR LINEAR LINEAR LINEAR LINEAR LINEAR LINEAR LINEAR
LINEAR LINEAR LINEAR LINEAR LINEAR LINEAR</Name_array>
     <technique_common>
      <accessor source="#jnt_camera-Interpolations-array" count="53">
       <param type="name"></param>
      </accessor>
     </technique_common>
    </source>
    <sampler id="jnt_camera-Matrix-animation-transform">
     <input semantic="INPUT" source="#jnt_camera-Matrix-animation-input"></input>
     <input semantic="OUTPUT" source="#jnt_camera-Matrix-animation-output-transform"></input>
     <input semantic="INTERPOLATION" source="#jnt_camera-Interpolations"></input>
    </sampler>
    <channel source="#jnt_camera-Matrix-animation-transform" target="jnt_camera/matrix"></channel>
   </animation>
  </animation>
  <animation id="jnt_right_upleg-anim" name="jnt_right_upleg">
   <animation>
    <source id="jnt_right_upleg-Matrix-animation-input">
     <float_array id="jnt_right_upleg-Matrix-animation-input-array" count="53">

0.000000 0.033333 0.066667 0.100000 0.133333 0.166667 0.200000 0.233333 0.266667 0.300000 0.333333 0.366667 0.400000 0.433333 0.466667 0.500000
0.533333 0.566667 0.600000 0.633333 0.666667 0.700000 0.733333 0.766667 0.800000 0.833333 0.866667 0.900000 0.933333 0.966667 1.000000 1.033333
1.066667 1.100000 1.133333 1.166667 1.200000 1.233333 1.266667 1.300000 1.333333 1.366667 1.400000 1.433333 1.466667 1.500000 1.533333 1.566667
1.600000 1.633333 1.666667 1.700000 1.733333</float_array>
     <technique_common>
      <accessor source="#jnt_right_upleg-Matrix-animation-input-array" count="53">
       <param name="TIME" type="float"></param>
      </accessor>
     </technique_common>
    </source>
    <source id="jnt_right_upleg-Matrix-animation-output-transform">
     <float_array id="jnt_right_upleg-Matrix-animation-output-transform-array" count="848">

-0.112562 -0.332887 -0.936224 -0.446779 -0.993503 0.053585 0.100396 -0.111214 0.016747 0.941443 -0.336756 0.043020 0.000000 0.000000 0.000000 1.000000
-0.112562 -0.332887 -0.936224 -0.446779 -0.993503 0.053585 0.100396 -0.111214 0.016747 0.941443 -0.336756 0.043020 0.000000 0.000000 0.000000 1.000000
-0.112562 -0.332887 -0.936224 -0.446779 -0.993503 0.053585 0.100396 -0.111214 0.016747 0.941443 -0.336756 0.043020 0.000000 0.000000 0.000000 1.000000
-0.112562 -0.332887 -0.936224 -0.446779 -0.993503 0.053585 0.100396 -0.111214 0.016747 0.941443 -0.336756 0.043020 0.000000 0.000000 0.000000 1.000000
-0.112562 -0.332887 -0.936224 -0.446779 -0.993503 0.053585 0.100396 -0.111214 0.016747 0.941443 -0.336756 0.043020 0.000000 0.000000 0.000000 1.000000
-0.112562 -0.332887 -0.936224 -0.446779 -0.993503 0.053585 0.100396 -0.111214 0.016747 0.941443 -0.336756 0.043020 0.000000 0.000000 0.000000 1.000000
-0.112562 -0.332887 -0.936224 -0.446779 -0.993503 0.053585 0.100396 -0.111214 0.016747 0.941443 -0.336756 0.043020 0.000000 0.000000 0.000000 1.000000
-0.112562 -0.332887 -0.936224 -0.446779 -0.993503 0.053585 0.100396 -0.111214 0.016747 0.941443 -0.336756 0.043020 0.000000 0.000000 0.000000 1.000000
-0.112562 -0.332887 -0.936224 -0.446779 -0.993503 0.053585 0.100396 -0.111214 0.016747 0.941443 -0.336756 0.043020 0.000000 0.000000 0.000000 1.000000
-0.112562 -0.332887 -0.936224 -0.446779 -0.993503 0.053585 0.100396 -0.111214 0.016747 0.941443 -0.336756 0.043020 0.000000 0.000000 0.000000 1.000000
-0.112562 -0.332887 -0.936224 -0.446779 -0.993503 0.053585 0.100396 -0.111214 0.016747 0.941443 -0.336756 0.043020 0.000000 0.000000 0.000000 1.000000
-0.112562 -0.332887 -0.936224 -0.446779 -0.993503 0.053585 0.100396 -0.111214 0.016747 0.941443 -0.336756 0.043020 0.000000 0.000000 0.000000 1.000000
-0.112562 -0.332887 -0.936224 -0.446779 -0.993503 0.053585 0.100396 -0.111214 0.016747 0.941443 -0.336756 0.043020 0.000000 0.000000 0.000000 1.000000
-0.112562 -0.332887 -0.936224 -0.446779 -0.993503 0.053585 0.100396 -0.111214 0.016747 0.941443 -0.336756 0.043020 0.000000 0.000000 0.000000 1.000000
-0.112562 -0.332887 -0.936224 -0.446779 -0.993503 0.053585 0.100396 -0.111214 0.016747 0.941443 -0.336756 0.043020 0.000000 0.000000 0.000000 1.000000
-0.112562 -0.332887 -0.936224 -0.446779 -0.993503 0.053585 0.100396 -0.111214 0.016747 0.941443 -0.336756 0.043020 0.000000 0.000000 0.000000 1.000000
-0.112562 -0.332887 -0.936224 -0.446779 -0.993503 0.053585 0.100396 -0.111214 0.016747 0.941443 -0.336756 0.043020 0.000000 0.000000 0.000000 1.000000
-0.112562 -0.332887 -0.936224 -0.446779 -0.993503 0.053585 0.100396 -0.111214 0.016747 0.941443 -0.336756 0.043020 0.000000 0.000000 0.000000 1.000000
-0.112562 -0.332887 -0.936224 -0.446779 -0.993503 0.053585 0.100396 -0.111214 0.016747 0.941443 -0.336756 0.043020 0.000000 0.000000 0.000000 1.000000
-0.112562 -0.332887 -0.936224 -0.446779 -0.993503 0.053585 0.100396 -0.111214 0.016747 0.941443 -0.336756 0.043020 0.000000 0.000000 0.000000 1.000000
-0.112562 -0.332887 -0.936224 -0.446779 -0.993503 0.053585 0.100396 -0.111214 0.016747 0.941443 -0.336756 0.043020 0.000000 0.000000 0.000000 1.000000
-0.112562 -0.332887 -0.936224 -0.446779 -0.993503 0.053585 0.100396 -0.111214 0.016747 0.941443 -0.336756 0.043020 0.000000 0.000000 0.000000 1.000000
-0.112562 -0.332887 -0.936224 -0.446779 -0.993503 0.053585 0.100396 -0.111214 0.016747 0.941443 -0.336756 0.043020 0.000000 0.000000 0.000000 1.000000
-0.112562 -0.332887 -0.936224 -0.446779 -0.993503 0.053585 0.100396 -0.111214 0.016747 0.941443 -0.336756 0.043020 0.000000 0.000000 0.000000 1.000000
-0.112562 -0.332887 -0.936224 -0.446779 -0.993503 0.053585 0.100396 -0.111214 0.016747 0.941443 -0.336756 0.043020 0.000000 0.000000 0.000000 1.000000
-0.112562 -0.332887 -0.936224 -0.446779 -0.993503 0.053585 0.100396 -0.111214 0.016747 0.941443 -0.336756 0.043020 0.000000 0.000000 0.000000 1.000000
-0.112562 -0.332887 -0.936224 -0.446779 -0.993503 0.053585 0.100396 -0.111214 0.016747 0.941443 -0.336756 0.043020 0.000000 0.000000 0.000000 1.000000
-0.112562 -0.332887 -0.936224 -0.446779 -0.993503 0.053585 0.100396 -0.111214 0.016747 0.941443 -0.336756 0.043020 0.000000 0.000000 0.000000 1.000000
-0.112562 -0.332887 -0.936224 -0.446779 -0.993503 0.053585 0.100396 -0.111214 0.016747 0.941443 -0.336756 0.043020 0.000000 0.000000 0.000000 1.000000
-0.112562 -0.332887 -0.936224 -0.446779 -0.993503 0.053585 0.100396 -0.111214 0.016747 0.941443 -0.336756 0.043020 0.000000 0.000000 0.000000 1.000000
-0.112562 -0.332887 -0.936224 -0.446779 -0.993503 0.053585 0.100396 -0.111214 0.016747 0.941443 -0.336756 0.043020 0.000000 0.000000 0.000000 1.000000
-0.112562 -0.332887 -0.936224 -0.446779 -0.993503 0.053585 0.100396 -0.111214 0.016747 0.941443 -0.336756 0.043020 0.000000 0.000000 0.000000 1.000000
-0.112562 -0.332887 -0.936224 -0.446779 -0.993503 0.053585 0.100396 -0.111214 0.016747 0.941443 -0.336756 0.043020 0.000000 0.000000 0.000000 1.000000
-0.112562 -0.332887 -0.936224 -0.446779 -0.993503 0.053585 0.100396 -0.111214 0.016747 0.941443 -0.336756 0.043020 0.000000 0.000000 0.000000 1.000000
-0.112562 -0.332887 -0.936224 -0.446779 -0.993503 0.053585 0.100396 -0.111214 0.016747 0.941443 -0.336756 0.043020 0.000000 0.000000 0.000000 1.000000
-0.112562 -0.332887 -0.936224 -0.446779 -0.993503 0.053585 0.100396 -0.111214 0.016747 0.941443 -0.336756 0.043020 0.000000 0.000000 0.000000 1.000000
-0.112562 -0.332887 -0.936224 -0.446779 -0.993503 0.053585 0.100396 -0.111214 0.016747 0.941443 -0.336756 0.043020 0.000000 0.000000 0.000000 1.000000
-0.112562 -0.332887 -0.936224 -0.446779 -0.993503 0.053585 0.100396 -0.111214 0.016747 0.941443 -0.336756 0.043020 0.000000 0.000000 0.000000 1.000000
-0.112562 -0.332887 -0.936224 -0.446779 -0.993503 0.053585 0.100396 -0.111214 0.016747 0.941443 -0.336756 0.043020 0.000000 0.000000 0.000000 1.000000
-0.112562 -0.332887 -0.936224 -0.446779 -0.993503 0.053585 0.100396 -0.111214 0.016747 0.941443 -0.336756 0.043020 0.000000 0.000000 0.000000 1.000000
-0.112562 -0.332887 -0.936224 -0.446779 -0.993503 0.053585 0.100396 -0.111214 0.016747 0.941443 -0.336756 0.043020 0.000000 0.000000 0.000000 1.000000
-0.112562 -0.332887 -0.936224 -0.446779 -0.993503 0.053585 0.100396 -0.111214 0.016747 0.941443 -0.336756 0.043020 0.000000 0.000000 0.000000 1.000000
-0.112562 -0.332887 -0.936224 -0.446779 -0.993503 0.053585 0.100396 -0.111214 0.016747 0.941443 -0.336756 0.043020 0.000000 0.000000 0.000000 1.000000
-0.112562 -0.332887 -0.936224 -0.446779 -0.993503 0.053585 0.100396 -0.111214 0.016747 0.941443 -0.336756 0.043020 0.000000 0.000000 0.000000 1.000000
-0.112562 -0.332887 -0.936224 -0.446779 -0.993503 0.053585 0.100396 -0.111214 0.016747 0.941443 -0.336756 0.043020 0.000000 0.000000 0.000000 1.000000
-0.112562 -0.332887 -0.936224 -0.446779 -0.993503 0.053585 0.100396 -0.111214 0.016747 0.941443 -0.336756 0.043020 0.000000 0.000000 0.000000 1.000000
-0.112562 -0.332887 -0.936224 -0.446779 -0.993503 0.053585 0.100396 -0.111214 0.016747 0.941443 -0.336756 0.043020 0.000000 0.000000 0.000000 1.000000
-0.112562 -0.332887 -0.936224 -0.446779 -0.993503 0.053585 0.100396 -0.111214 0.016747 0.941443 -0.336756 0.043020 0.000000 0.000000 0.000000 1.000000
-0.112562 -0.332887 -0.936224 -0.446779 -0.993503 0.053585 0.100396 -0.111214 0.016747 0.941443 -0.336756 0.043020 0.000000 0.000000 0.000000 1.000000
-0.112562 -0.332887 -0.936224 -0.446779 -0.993503 0.053585 0.100396 -0.111214 0.016747 0.941443 -0.336756 0.043020 0.000000 0.000000 0.000000 1.000000
-0.112562 -0.332887 -0.936224 -0.446779 -0.993503 0.053585 0.100396 -0.111214 0.016747 0.941443 -0.336756 0.043020 0.000000 0.000000 0.000000 1.000000
-0.112562 -0.332887 -0.936224 -0.446779 -0.993503 0.053585 0.100396 -0.111214 0.016747 0.941443 -0.336756 0.043020 0.000000 0.000000 0.000000 1.000000
-0.112562 -0.332887 -0.936224 -0.446779 -0.993503 0.053585 0.100396 -0.111214 0.016747 0.941443 -0.336756 0.043020 0.000000 0.000000 0.000000 1.000000</float_array>
     <technique_common>
      <accessor source="#jnt_right_upleg-Matrix-animation-output-transform-array" count="53" stride="16">
       <param type="float4x4"></param>
      </accessor>
     </technique_common>
    </source>
    <source id="jnt_right_upleg-Interpolations">
     <Name_array id="jnt_right_upleg-Interpolations-array" count="53">
 LINEAR LINEAR LINEAR LINEAR LINEAR LINEAR LINEAR LINEAR LINEAR LINEAR LINEAR
LINEAR LINEAR LINEAR LINEAR LINEAR LINEAR LINEAR LINEAR LINEAR LINEAR LINEAR LINEAR
LINEAR LINEAR LINEAR LINEAR LINEAR LINEAR LINEAR LINEAR LINEAR LINEAR LINEAR LINEAR
LINEAR LINEAR LINEAR LINEAR LINEAR LINEAR LINEAR LINEAR LINEAR LINEAR LINEAR LINEAR
LINEAR LINEAR LINEAR LINEAR LINEAR LINEAR</Name_array>
     <technique_common>
      <accessor source="#jnt_right_upleg-Interpolations-array" count="53">
       <param type="name"></param>
      </accessor>
     </technique_common>
    </source>
    <sampler id="jnt_right_upleg-Matrix-animation-transform">
     <input semantic="INPUT" source="#jnt_right_upleg-Matrix-animation-input"></input>
     <input semantic="OUTPUT" source="#jnt_right_upleg-Matrix-animation-output-transform"></input>
     <input semantic="INTERPOLATION" source="#jnt_right_upleg-Interpolations"></input>
    </sampler>
    <channel source="#jnt_right_upleg-Matrix-animation-transform" target="jnt_right_upleg/matrix"></channel>
   </animation>
  </animation>
  <animation id="jnt_right_uplegroll-anim" name="jnt_right_uplegroll">
   <animation>
    <source id="jnt_right_uplegroll-Matrix-animation-input">
     <float_array id="jnt_right_uplegroll-Matrix-animation-input-array" count="53">

0.000000 0.033333 0.066667 0.100000 0.133333 0.166667 0.200000 0.233333 0.266667 0.300000 0.333333 0.366667 0.400000 0.433333 0.466667 0.500000
0.533333 0.566667 0.600000 0.633333 0.666667 0.700000 0.733333 0.766667 0.800000 0.833333 0.866667 0.900000 0.933333 0.966667 1.000000 1.033333
1.066667 1.100000 1.133333 1.166667 1.200000 1.233333 1.266667 1.300000 1.333333 1.366667 1.400000 1.433333 1.466667 1.500000 1.533333 1.566667
1.600000 1.633333 1.666667 1.700000 1.733333</float_array>
     <technique_common>
      <accessor source="#jnt_right_uplegroll-Matrix-animation-input-array" count="53">
       <param name="TIME" type="float"></param>
      </accessor>
     </technique_common>
    </source>
    <source id="jnt_right_uplegroll-Matrix-animation-output-transform">
     <float_array id="jnt_right_uplegroll-Matrix-animation-output-transform-array" count="848">

1.000000 -0.000000 0.000000 0.430000 0.000000 1.000000 0.000000 0.000000 -0.000000 -0.000000 1.000000 -0.000000 0.000000 0.000000 0.000000 1.000000
1.000000 -0.000000 0.000000 0.430000 0.000000 1.000000 0.000000 0.000000 -0.000000 -0.000000 1.000000 -0.000000 0.000000 0.000000 0.000000 1.000000
1.000000 -0.000000 0.000000 0.430000 0.000000 1.000000 0.000000 0.000000 -0.000000 -0.000000 1.000000 -0.000000 0.000000 0.000000 0.000000 1.000000
1.000000 -0.000000 0.000000 0.430000 0.000000 1.000000 0.000000 0.000000 -0.000000 -0.000000 1.000000 -0.000000 0.000000 0.000000 0.000000 1.000000
1.000000 -0.000000 0.000000 0.430000 0.000000 1.000000 0.000000 0.000000 -0.000000 -0.000000 1.000000 -0.000000 0.000000 0.000000 0.000000 1.000000
1.000000 -0.000000 0.000000 0.430000 0.000000 1.000000 0.000000 0.000000 -0.000000 -0.000000 1.000000 -0.000000 0.000000 0.000000 0.000000 1.000000
1.000000 -0.000000 0.000000 0.430000 0.000000 1.000000 0.000000 0.000000 -0.000000 -0.000000 1.000000 -0.000000 0.000000 0.000000 0.000000 1.000000
1.000000 -0.000000 0.000000 0.430000 0.000000 1.000000 0.000000 0.000000 -0.000000 -0.000000 1.000000 -0.000000 0.000000 0.000000 0.000000 1.000000
1.000000 -0.000000 0.000000 0.430000 0.000000 1.000000 0.000000 0.000000 -0.000000 -0.000000 1.000000 -0.000000 0.000000 0.000000 0.000000 1.000000
1.000000 -0.000000 0.000000 0.430000 0.000000 1.000000 0.000000 0.000000 -0.000000 -0.000000 1.000000 -0.000000 0.000000 0.000000 0.000000 1.000000
1.000000 -0.000000 0.000000 0.430000 0.000000 1.000000 0.000000 0.000000 -0.000000 -0.000000 1.000000 -0.000000 0.000000 0.000000 0.000000 1.000000
1.000000 -0.000000 0.000000 0.430000 0.000000 1.000000 0.000000 0.000000 -0.000000 -0.000000 1.000000 -0.000000 0.000000 0.000000 0.000000 1.000000
1.000000 -0.000000 0.000000 0.430000 0.000000 1.000000 0.000000 0.000000 -0.000000 -0.000000 1.000000 -0.000000 0.000000 0.000000 0.000000 1.000000
1.000000 -0.000000 0.000000 0.430000 0.000000 1.000000 0.000000 0.000000 -0.000000 -0.000000 1.000000 -0.000000 0.000000 0.000000 0.000000 1.000000
1.000000 -0.000000 0.000000 0.430000 0.000000 1.000000 0.000000 0.000000 -0.000000 -0.000000 1.000000 -0.000000 0.000000 0.000000 0.000000 1.000000
1.000000 -0.000000 0.000000 0.430000 0.000000 1.000000 0.000000 0.000000 -0.000000 -0.000000 1.000000 -0.000000 0.000000 0.000000 0.000000 1.000000
1.000000 -0.000000 0.000000 0.430000 0.000000 1.000000 0.000000 0.000000 -0.000000 -0.000000 1.000000 -0.000000 0.000000 0.000000 0.000000 1.000000
1.000000 -0.000000 0.000000 0.430000 0.000000 1.000000 0.000000 0.000000 -0.000000 -0.000000 1.000000 -0.000000 0.000000 0.000000 0.000000 1.000000
1.000000 -0.000000 0.000000 0.430000 0.000000 1.000000 0.000000 0.000000 -0.000000 -0.000000 1.000000 -0.000000 0.000000 0.000000 0.000000 1.000000
1.000000 -0.000000 0.000000 0.430000 0.000000 1.000000 0.000000 0.000000 -0.000000 -0.000000 1.000000 -0.000000 0.000000 0.000000 0.000000 1.000000
1.000000 -0.000000 0.000000 0.430000 0.000000 1.000000 0.000000 0.000000 -0.000000 -0.000000 1.000000 -0.000000 0.000000 0.000000 0.000000 1.000000
1.000000 -0.000000 0.000000 0.430000 0.000000 1.000000 0.000000 0.000000 -0.000000 -0.000000 1.000000 -0.000000 0.000000 0.000000 0.000000 1.000000
1.000000 -0.000000 0.000000 0.430000 0.000000 1.000000 0.000000 0.000000 -0.000000 -0.000000 1.000000 -0.000000 0.000000 0.000000 0.000000 1.000000
1.000000 -0.000000 0.000000 0.430000 0.000000 1.000000 0.000000 0.000000 -0.000000 -0.000000 1.000000 -0.000000 0.000000 0.000000 0.000000 1.000000
1.000000 -0.000000 0.000000 0.430000 0.000000 1.000000 0.000000 0.000000 -0.000000 -0.000000 1.000000 -0.000000 0.000000 0.000000 0.000000 1.000000
1.000000 -0.000000 0.000000 0.430000 0.000000 1.000000 0.000000 0.000000 -0.000000 -0.000000 1.000000 -0.000000 0.000000 0.000000 0.000000 1.000000
1.000000 -0.000000 0.000000 0.430000 0.000000 1.000000 0.000000 0.000000 -0.000000 -0.000000 1.000000 -0.000000 0.000000 0.000000 0.000000 1.000000
1.000000 -0.000000 0.000000 0.430000 0.000000 1.000000 0.000000 0.000000 -0.000000 -0.000000 1.000000 -0.000000 0.000000 0.000000 0.000000 1.000000
1.000000 -0.000000 0.000000 0.430000 0.000000 1.000000 0.000000 0.000000 -0.000000 -0.000000 1.000000 -0.000000 0.000000 0.000000 0.000000 1.000000
1.000000 -0.000000 0.000000 0.430000 0.000000 1.000000 0.000000 0.000000 -0.000000 -0.000000 1.000000 -0.000000 0.000000 0.000000 0.000000 1.000000
1.000000 -0.000000 0.000000 0.430000 0.000000 1.000000 0.000000 0.000000 -0.000000 -0.000000 1.000000 -0.000000 0.000000 0.000000 0.000000 1.000000
1.000000 -0.000000 0.000000 0.430000 0.000000 1.000000 0.000000 0.000000 -0.000000 -0.000000 1.000000 -0.000000 0.000000 0.000000 0.000000 1.000000
1.000000 -0.000000 0.000000 0.430000 0.000000 1.000000 0.000000 0.000000 -0.000000 -0.000000 1.000000 -0.000000 0.000000 0.000000 0.000000 1.000000
1.000000 -0.000000 0.000000 0.430000 0.000000 1.000000 0.000000 0.000000 -0.000000 -0.000000 1.000000 -0.000000 0.000000 0.000000 0.000000 1.000000
1.000000 -0.000000 0.000000 0.430000 0.000000 1.000000 0.000000 0.000000 -0.000000 -0.000000 1.000000 -0.000000 0.000000 0.000000 0.000000 1.000000
1.000000 -0.000000 0.000000 0.430000 0.000000 1.000000 0.000000 0.000000 -0.000000 -0.000000 1.000000 -0.000000 0.000000 0.000000 0.000000 1.000000
1.000000 -0.000000 0.000000 0.430000 0.000000 1.000000 0.000000 0.000000 -0.000000 -0.000000 1.000000 -0.000000 0.000000 0.000000 0.000000 1.000000
1.000000 -0.000000 0.000000 0.430000 0.000000 1.000000 0.000000 0.000000 -0.000000 -0.000000 1.000000 -0.000000 0.000000 0.000000 0.000000 1.000000
1.000000 -0.000000 0.000000 0.430000 0.000000 1.000000 0.000000 0.000000 -0.000000 -0.000000 1.000000 -0.000000 0.000000 0.000000 0.000000 1.000000
1.000000 -0.000000 0.000000 0.430000 0.000000 1.000000 0.000000 0.000000 -0.000000 -0.000000 1.000000 -0.000000 0.000000 0.000000 0.000000 1.000000
1.000000 -0.000000 0.000000 0.430000 0.000000 1.000000 0.000000 0.000000 -0.000000 -0.000000 1.000000 -0.000000 0.000000 0.000000 0.000000 1.000000
1.000000 -0.000000 0.000000 0.430000 0.000000 1.000000 0.000000 0.000000 -0.000000 -0.000000 1.000000 -0.000000 0.000000 0.000000 0.000000 1.000000
1.000000 -0.000000 0.000000 0.430000 0.000000 1.000000 0.000000 0.000000 -0.000000 -0.000000 1.000000 -0.000000 0.000000 0.000000 0.000000 1.000000
1.000000 -0.000000 0.000000 0.430000 0.000000 1.000000 0.000000 0.000000 -0.000000 -0.000000 1.000000 -0.000000 0.000000 0.000000 0.000000 1.000000
1.000000 -0.000000 0.000000 0.430000 0.000000 1.000000 0.000000 0.000000 -0.000000 -0.000000 1.000000 -0.000000 0.000000 0.000000 0.000000 1.000000
1.000000 -0.000000 0.000000 0.430000 0.000000 1.000000 0.000000 0.000000 -0.000000 -0.000000 1.000000 -0.000000 0.000000 0.000000 0.000000 1.000000
1.000000 -0.000000 0.000000 0.430000 0.000000 1.000000 0.000000 0.000000 -0.000000 -0.000000 1.000000 -0.000000 0.000000 0.000000 0.000000 1.000000
1.000000 -0.000000 0.000000 0.430000 0.000000 1.000000 0.000000 0.000000 -0.000000 -0.000000 1.000000 -0.000000 0.000000 0.000000 0.000000 1.000000
1.000000 -0.000000 0.000000 0.430000 0.000000 1.000000 0.000000 0.000000 -0.000000 -0.000000 1.000000 -0.000000 0.000000 0.000000 0.000000 1.000000
1.000000 -0.000000 0.000000 0.430000 0.000000 1.000000 0.000000 0.000000 -0.000000 -0.000000 1.000000 -0.000000 0.000000 0.000000 0.000000 1.000000
1.000000 -0.000000 0.000000 0.430000 0.000000 1.000000 0.000000 0.000000 -0.000000 -0.000000 1.000000 -0.000000 0.000000 0.000000 0.000000 1.000000
1.000000 -0.000000 0.000000 0.430000 0.000000 1.000000 0.000000 0.000000 -0.000000 -0.000000 1.000000 -0.000000 0.000000 0.000000 0.000000 1.000000
1.000000 -0.000000 0.000000 0.430000 0.000000 1.000000 0.000000 0.000000 -0.000000 -0.000000 1.000000 -0.000000 0.000000 0.000000 0.000000 1.000000</float_array>
     <technique_common>
      <accessor source="#jnt_right_uplegroll-Matrix-animation-output-transform-array" count="53" stride="16">
       <param type="float4x4"></param>
      </accessor>
     </technique_common>
    </source>
    <source id="jnt_right_uplegroll-Interpolations">
     <Name_array id="jnt_right_uplegroll-Interpolations-array" count="53">
 LINEAR LINEAR LINEAR LINEAR LINEAR LINEAR LINEAR LINEAR LINEAR LINEAR LINEAR
LINEAR LINEAR LINEAR LINEAR LINEAR LINEAR LINEAR LINEAR LINEAR LINEAR LINEAR LINEAR
LINEAR LINEAR LINEAR LINEAR LINEAR LINEAR LINEAR LINEAR LINEAR LINEAR LINEAR LINEAR
LINEAR LINEAR LINEAR LINEAR LINEAR LINEAR LINEAR LINEAR LINEAR LINEAR LINEAR LINEAR
LINEAR LINEAR LINEAR LINEAR LINEAR LINEAR</Name_array>
     <technique_common>
      <accessor source="#jnt_right_uplegroll-Interpolations-array" count="53">
       <param type="name"></param>
      </accessor>
     </technique_common>
    </source>
    <sampler id="jnt_right_uplegroll-Matrix-animation-transform">
     <input semantic="INPUT" source="#jnt_right_uplegroll-Matrix-animation-input"></input>
     <input semantic="OUTPUT" source="#jnt_right_uplegroll-Matrix-animation-output-transform"></input>
     <input semantic="INTERPOLATION" source="#jnt_right_uplegroll-Interpolations"></input>
    </sampler>
    <channel source="#jnt_right_uplegroll-Matrix-animation-transform" target="jnt_right_uplegroll/matrix"></channel>
   </animation>
  </animation>
  <animation id="jnt_right_leg-anim" name="jnt_right_leg">
   <animation>
    <source id="jnt_right_leg-Matrix-animation-input">
     <float_array id="jnt_right_leg-Matrix-animation-input-array" count="53">

0.000000 0.033333 0.066667 0.100000 0.133333 0.166667 0.200000 0.233333 0.266667 0.300000 0.333333 0.366667 0.400000 0.433333 0.466667 0.500000
0.533333 0.566667 0.600000 0.633333 0.666667 0.700000 0.733333 0.766667 0.800000 0.833333 0.866667 0.900000 0.933333 0.966667 1.000000 1.033333
1.066667 1.100000 1.133333 1.166667 1.200000 1.233333 1.266667 1.300000 1.333333 1.366667 1.400000 1.433333 1.466667 1.500000 1.533333 1.566667
1.600000 1.633333 1.666667 1.700000 1.733333</float_array>
     <technique_common>
      <accessor source="#jnt_right_leg-Matrix-animation-input-array" count="53">
       <param name="TIME" type="float"></param>
      </accessor>
     </technique_common>
    </source>
    <source id="jnt_right_leg-Matrix-animation-output-transform">
     <float_array id="jnt_right_leg-Matrix-animation-output-transform-array" count="848">

0.968055 0.250270 -0.015278 0.860324 -0.240256 0.943300 0.229042 0.000000 0.071735 -0.218055 0.973296 -0.000000 0.000000 0.000000 0.000000 1.000000
0.968055 0.250270 -0.015278 0.860324 -0.240256 0.943300 0.229042 0.000000 0.071735 -0.218055 0.973296 -0.000000 0.000000 0.000000 0.000000 1.000000
0.968055 0.250270 -0.015278 0.860324 -0.240256 0.943300 0.229042 0.000000 0.071735 -0.218055 0.973296 -0.000000 0.000000 0.000000 0.000000 1.000000
0.968055 0.250270 -0.015278 0.860324 -0.240256 0.943300 0.229042 0.000000 0.071735 -0.218055 0.973296 -0.000000 0.000000 0.000000 0.000000 1.000000
0.968055 0.250270 -0.015278 0.860324 -0.240256 0.943300 0.229042 0.000000 0.071735 -0.218055 0.973296 -0.000000 0.000000 0.000000 0.000000 1.000000
0.968055 0.250270 -0.015278 0.860324 -0.240256 0.943300 0.229042 0.000000 0.071735 -0.218055 0.973296 -0.000000 0.000000 0.000000 0.000000 1.000000
0.968055 0.250270 -0.015278 0.860324 -0.240256 0.943300 0.229042 0.000000 0.071735 -0.218055 0.973296 -0.000000 0.000000 0.000000 0.000000 1.000000
0.968055 0.250270 -0.015278 0.860324 -0.240256 0.943300 0.229042 0.000000 0.071735 -0.218055 0.973296 -0.000000 0.000000 0.000000 0.000000 1.000000
0.968055 0.250270 -0.015278 0.860324 -0.240256 0.943300 0.229042 0.000000 0.071735 -0.218055 0.973296 -0.000000 0.000000 0.000000 0.000000 1.000000
0.968055 0.250270 -0.015278 0.860324 -0.240256 0.943300 0.229042 0.000000 0.071735 -0.218055 0.973296 -0.000000 0.000000 0.000000 0.000000 1.000000
0.968055 0.250270 -0.015278 0.860324 -0.240256 0.943300 0.229042 0.000000 0.071735 -0.218055 0.973296 -0.000000 0.000000 0.000000 0.000000 1.000000
0.968055 0.250270 -0.015278 0.860324 -0.240256 0.943300 0.229042 0.000000 0.071735 -0.218055 0.973296 -0.000000 0.000000 0.000000 0.000000 1.000000
0.968055 0.250270 -0.015278 0.860324 -0.240256 0.943300 0.229042 0.000000 0.071735 -0.218055 0.973296 -0.000000 0.000000 0.000000 0.000000 1.000000
0.968055 0.250270 -0.015278 0.860324 -0.240256 0.943300 0.229042 0.000000 0.071735 -0.218055 0.973296 -0.000000 0.000000 0.000000 0.000000 1.000000
0.968055 0.250270 -0.015278 0.860324 -0.240256 0.943300 0.229042 0.000000 0.071735 -0.218055 0.973296 -0.000000 0.000000 0.000000 0.000000 1.000000
0.968055 0.250270 -0.015278 0.860324 -0.240256 0.943300 0.229042 0.000000 0.071735 -0.218055 0.973296 -0.000000 0.000000 0.000000 0.000000 1.000000
0.968055 0.250270 -0.015278 0.860324 -0.240256 0.943300 0.229042 0.000000 0.071735 -0.218055 0.973296 -0.000000 0.000000 0.000000 0.000000 1.000000
0.968055 0.250270 -0.015278 0.860324 -0.240256 0.943300 0.229042 0.000000 0.071735 -0.218055 0.973296 -0.000000 0.000000 0.000000 0.000000 1.000000
0.968055 0.250270 -0.015278 0.860324 -0.240256 0.943300 0.229042 0.000000 0.071735 -0.218055 0.973296 -0.000000 0.000000 0.000000 0.000000 1.000000
0.968055 0.250270 -0.015278 0.860324 -0.240256 0.943300 0.229042 0.000000 0.071735 -0.218055 0.973296 -0.000000 0.000000 0.000000 0.000000 1.000000
0.968055 0.250270 -0.015278 0.860324 -0.240256 0.943300 0.229042 0.000000 0.071735 -0.218055 0.973296 -0.000000 0.000000 0.000000 0.000000 1.000000
0.968055 0.250270 -0.015278 0.860324 -0.240256 0.943300 0.229042 0.000000 0.071735 -0.218055 0.973296 -0.000000 0.000000 0.000000 0.000000 1.000000
0.968055 0.250270 -0.015278 0.860324 -0.240256 0.943300 0.229042 0.000000 0.071735 -0.218055 0.973296 -0.000000 0.000000 0.000000 0.000000 1.000000
0.968055 0.250270 -0.015278 0.860324 -0.240256 0.943300 0.229042 0.000000 0.071735 -0.218055 0.973296 -0.000000 0.000000 0.000000 0.000000 1.000000
0.968055 0.250270 -0.015278 0.860324 -0.240256 0.943300 0.229042 0.000000 0.071735 -0.218055 0.973296 -0.000000 0.000000 0.000000 0.000000 1.000000
0.968055 0.250270 -0.015278 0.860324 -0.240256 0.943300 0.229042 0.000000 0.071735 -0.218055 0.973296 -0.000000 0.000000 0.000000 0.000000 1.000000
0.968055 0.250270 -0.015278 0.860324 -0.240256 0.943300 0.229042 0.000000 0.071735 -0.218055 0.973296 -0.000000 0.000000 0.000000 0.000000 1.000000
0.968055 0.250270 -0.015278 0.860324 -0.240256 0.943300 0.229042 0.000000 0.071735 -0.218055 0.973296 -0.000000 0.000000 0.000000 0.000000 1.000000
0.968055 0.250270 -0.015278 0.860324 -0.240256 0.943300 0.229042 0.000000 0.071735 -0.218055 0.973296 -0.000000 0.000000 0.000000 0.000000 1.000000
0.968055 0.250270 -0.015278 0.860324 -0.240256 0.943300 0.229042 0.000000 0.071735 -0.218055 0.973296 -0.000000 0.000000 0.000000 0.000000 1.000000
0.968055 0.250270 -0.015278 0.860324 -0.240256 0.943300 0.229042 0.000000 0.071735 -0.218055 0.973296 -0.000000 0.000000 0.000000 0.000000 1.000000
0.968055 0.250270 -0.015278 0.860324 -0.240256 0.943300 0.229042 0.000000 0.071735 -0.218055 0.973296 -0.000000 0.000000 0.000000 0.000000 1.000000
0.968055 0.250270 -0.015278 0.860324 -0.240256 0.943300 0.229042 0.000000 0.071735 -0.218055 0.973296 -0.000000 0.000000 0.000000 0.000000 1.000000
0.968055 0.250270 -0.015278 0.860324 -0.240256 0.943300 0.229042 0.000000 0.071735 -0.218055 0.973296 -0.000000 0.000000 0.000000 0.000000 1.000000
0.968055 0.250270 -0.015278 0.860324 -0.240256 0.943300 0.229042 0.000000 0.071735 -0.218055 0.973296 -0.000000 0.000000 0.000000 0.000000 1.000000
0.968055 0.250270 -0.015278 0.860324 -0.240256 0.943300 0.229042 0.000000 0.071735 -0.218055 0.973296 -0.000000 0.000000 0.000000 0.000000 1.000000
0.968055 0.250270 -0.015278 0.860324 -0.240256 0.943300 0.229042 0.000000 0.071735 -0.218055 0.973296 -0.000000 0.000000 0.000000 0.000000 1.000000
0.968055 0.250270 -0.015278 0.860324 -0.240256 0.943300 0.229042 0.000000 0.071735 -0.218055 0.973296 -0.000000 0.000000 0.000000 0.000000 1.000000
0.968055 0.250270 -0.015278 0.860324 -0.240256 0.943300 0.229042 0.000000 0.071735 -0.218055 0.973296 -0.000000 0.000000 0.000000 0.000000 1.000000
0.968055 0.250270 -0.015278 0.860324 -0.240256 0.943300 0.229042 0.000000 0.071735 -0.218055 0.973296 -0.000000 0.000000 0.000000 0.000000 1.000000
0.968055 0.250270 -0.015278 0.860324 -0.240256 0.943300 0.229042 0.000000 0.071735 -0.218055 0.973296 -0.000000 0.000000 0.000000 0.000000 1.000000
0.968055 0.250270 -0.015278 0.860324 -0.240256 0.943300 0.229042 0.000000 0.071735 -0.218055 0.973296 -0.000000 0.000000 0.000000 0.000000 1.000000
0.968055 0.250270 -0.015278 0.860324 -0.240256 0.943300 0.229042 0.000000 0.071735 -0.218055 0.973296 -0.000000 0.000000 0.000000 0.000000 1.000000
0.968055 0.250270 -0.015278 0.860324 -0.240256 0.943300 0.229042 0.000000 0.071735 -0.218055 0.973296 -0.000000 0.000000 0.000000 0.000000 1.000000
0.968055 0.250270 -0.015278 0.860324 -0.240256 0.943300 0.229042 0.000000 0.071735 -0.218055 0.973296 -0.000000 0.000000 0.000000 0.000000 1.000000
0.968055 0.250270 -0.015278 0.860324 -0.240256 0.943300 0.229042 0.000000 0.071735 -0.218055 0.973296 -0.000000 0.000000 0.000000 0.000000 1.000000
0.968055 0.250270 -0.015278 0.860324 -0.240256 0.943300 0.229042 0.000000 0.071735 -0.218055 0.973296 -0.000000 0.000000 0.000000 0.000000 1.000000
0.968055 0.250270 -0.015278 0.860324 -0.240256 0.943300 0.229042 0.000000 0.071735 -0.218055 0.973296 -0.000000 0.000000 0.000000 0.000000 1.000000
0.968055 0.250270 -0.015278 0.860324 -0.240256 0.943300 0.229042 0.000000 0.071735 -0.218055 0.973296 -0.000000 0.000000 0.000000 0.000000 1.000000
0.968055 0.250270 -0.015278 0.860324 -0.240256 0.943300 0.229042 0.000000 0.071735 -0.218055 0.973296 -0.000000 0.000000 0.000000 0.000000 1.000000
0.968055 0.250270 -0.015278 0.860324 -0.240256 0.943300 0.229042 0.000000 0.071735 -0.218055 0.973296 -0.000000 0.000000 0.000000 0.000000 1.000000
0.968055 0.250270 -0.015278 0.860324 -0.240256 0.943300 0.229042 0.000000 0.071735 -0.218055 0.973296 -0.000000 0.000000 0.000000 0.000000 1.000000
0.968055 0.250270 -0.015278 0.860324 -0.240256 0.943300 0.229042 0.000000 0.071735 -0.218055 0.973296 -0.000000 0.000000 0.000000 0.000000 1.000000</float_array>
     <technique_common>
      <accessor source="#jnt_right_leg-Matrix-animation-output-transform-array" count="53" stride="16">
       <param type="float4x4"></param>
      </accessor>
     </technique_common>
    </source>
    <source id="jnt_right_leg-Interpolations">
     <Name_array id="jnt_right_leg-Interpolations-array" count="53">
 LINEAR LINEAR LINEAR LINEAR LINEAR LINEAR LINEAR LINEAR LINEAR LINEAR LINEAR
LINEAR LINEAR LINEAR LINEAR LINEAR LINEAR LINEAR LINEAR LINEAR LINEAR LINEAR LINEAR
LINEAR LINEAR LINEAR LINEAR LINEAR LINEAR LINEAR LINEAR LINEAR LINEAR LINEAR LINEAR
LINEAR LINEAR LINEAR LINEAR LINEAR LINEAR LINEAR LINEAR LINEAR LINEAR LINEAR LINEAR
LINEAR LINEAR LINEAR LINEAR LINEAR LINEAR</Name_array>
     <technique_common>
      <accessor source="#jnt_right_leg-Interpolations-array" count="53">
       <param type="name"></param>
      </accessor>
     </technique_common>
    </source>
    <sampler id="jnt_right_leg-Matrix-animation-transform">
     <input semantic="INPUT" source="#jnt_right_leg-Matrix-animation-input"></input>
     <input semantic="OUTPUT" source="#jnt_right_leg-Matrix-animation-output-transform"></input>
     <input semantic="INTERPOLATION" source="#jnt_right_leg-Interpolations"></input>
    </sampler>
    <channel source="#jnt_right_leg-Matrix-animation-transform" target="jnt_right_leg/matrix"></channel>
   </animation>
  </animation>
  <animation id="jnt_right_legroll-anim" name="jnt_right_legroll">
   <animation>
    <source id="jnt_right_legroll-Matrix-animation-input">
     <float_array id="jnt_right_legroll-Matrix-animation-input-array" count="53">

0.000000 0.033333 0.066667 0.100000 0.133333 0.166667 0.200000 0.233333 0.266667 0.300000 0.333333 0.366667 0.400000 0.433333 0.466667 0.500000
0.533333 0.566667 0.600000 0.633333 0.666667 0.700000 0.733333 0.766667 0.800000 0.833333 0.866667 0.900000 0.933333 0.966667 1.000000 1.033333
1.066667 1.100000 1.133333 1.166667 1.200000 1.233333 1.266667 1.300000 1.333333 1.366667 1.400000 1.433333 1.466667 1.500000 1.533333 1.566667
1.600000 1.633333 1.666667 1.700000 1.733333</float_array>
     <technique_common>
      <accessor source="#jnt_right_legroll-Matrix-animation-input-array" count="53">
       <param name="TIME" type="float"></param>
      </accessor>
     </technique_common>
    </source>
    <source id="jnt_right_legroll-Matrix-animation-output-transform">
     <float_array id="jnt_right_legroll-Matrix-animation-output-transform-array" count="848">

1.000000 0.000000 0.000000 0.384000 -0.000000 1.000000 0.000000 -0.000000 -0.000000 -0.000000 1.000000 0.000000 0.000000 0.000000 0.000000 1.000000
1.000000 0.000000 0.000000 0.384000 -0.000000 1.000000 0.000000 -0.000000 -0.000000 -0.000000 1.000000 0.000000 0.000000 0.000000 0.000000 1.000000
1.000000 0.000000 0.000000 0.384000 -0.000000 1.000000 0.000000 -0.000000 -0.000000 -0.000000 1.000000 0.000000 0.000000 0.000000 0.000000 1.000000
1.000000 0.000000 0.000000 0.384000 -0.000000 1.000000 0.000000 -0.000000 -0.000000 -0.000000 1.000000 0.000000 0.000000 0.000000 0.000000 1.000000
1.000000 0.000000 0.000000 0.384000 -0.000000 1.000000 0.000000 -0.000000 -0.000000 -0.000000 1.000000 0.000000 0.000000 0.000000 0.000000 1.000000
1.000000 0.000000 0.000000 0.384000 -0.000000 1.000000 0.000000 -0.000000 -0.000000 -0.000000 1.000000 0.000000 0.000000 0.000000 0.000000 1.000000
1.000000 0.000000 0.000000 0.384000 -0.000000 1.000000 0.000000 -0.000000 -0.000000 -0.000000 1.000000 0.000000 0.000000 0.000000 0.000000 1.000000
1.000000 0.000000 0.000000 0.384000 -0.000000 1.000000 0.000000 -0.000000 -0.000000 -0.000000 1.000000 0.000000 0.000000 0.000000 0.000000 1.000000
1.000000 0.000000 0.000000 0.384000 -0.000000 1.000000 0.000000 -0.000000 -0.000000 -0.000000 1.000000 0.000000 0.000000 0.000000 0.000000 1.000000
1.000000 0.000000 0.000000 0.384000 -0.000000 1.000000 0.000000 -0.000000 -0.000000 -0.000000 1.000000 0.000000 0.000000 0.000000 0.000000 1.000000
1.000000 0.000000 0.000000 0.384000 -0.000000 1.000000 0.000000 -0.000000 -0.000000 -0.000000 1.000000 0.000000 0.000000 0.000000 0.000000 1.000000
1.000000 0.000000 0.000000 0.384000 -0.000000 1.000000 0.000000 -0.000000 -0.000000 -0.000000 1.000000 0.000000 0.000000 0.000000 0.000000 1.000000
1.000000 0.000000 0.000000 0.384000 -0.000000 1.000000 0.000000 -0.000000 -0.000000 -0.000000 1.000000 0.000000 0.000000 0.000000 0.000000 1.000000
1.000000 0.000000 0.000000 0.384000 -0.000000 1.000000 0.000000 -0.000000 -0.000000 -0.000000 1.000000 0.000000 0.000000 0.000000 0.000000 1.000000
1.000000 0.000000 0.000000 0.384000 -0.000000 1.000000 0.000000 -0.000000 -0.000000 -0.000000 1.000000 0.000000 0.000000 0.000000 0.000000 1.000000
1.000000 0.000000 0.000000 0.384000 -0.000000 1.000000 0.000000 -0.000000 -0.000000 -0.000000 1.000000 0.000000 0.000000 0.000000 0.000000 1.000000
1.000000 0.000000 0.000000 0.384000 -0.000000 1.000000 0.000000 -0.000000 -0.000000 -0.000000 1.000000 0.000000 0.000000 0.000000 0.000000 1.000000
1.000000 0.000000 0.000000 0.384000 -0.000000 1.000000 0.000000 -0.000000 -0.000000 -0.000000 1.000000 0.000000 0.000000 0.000000 0.000000 1.000000
1.000000 0.000000 0.000000 0.384000 -0.000000 1.000000 0.000000 -0.000000 -0.000000 -0.000000 1.000000 0.000000 0.000000 0.000000 0.000000 1.000000
1.000000 0.000000 0.000000 0.384000 -0.000000 1.000000 0.000000 -0.000000 -0.000000 -0.000000 1.000000 0.000000 0.000000 0.000000 0.000000 1.000000
1.000000 0.000000 0.000000 0.384000 -0.000000 1.000000 0.000000 -0.000000 -0.000000 -0.000000 1.000000 0.000000 0.000000 0.000000 0.000000 1.000000
1.000000 0.000000 0.000000 0.384000 -0.000000 1.000000 0.000000 -0.000000 -0.000000 -0.000000 1.000000 0.000000 0.000000 0.000000 0.000000 1.000000
1.000000 0.000000 0.000000 0.384000 -0.000000 1.000000 0.000000 -0.000000 -0.000000 -0.000000 1.000000 0.000000 0.000000 0.000000 0.000000 1.000000
1.000000 0.000000 0.000000 0.384000 -0.000000 1.000000 0.000000 -0.000000 -0.000000 -0.000000 1.000000 0.000000 0.000000 0.000000 0.000000 1.000000
1.000000 0.000000 0.000000 0.384000 -0.000000 1.000000 0.000000 -0.000000 -0.000000 -0.000000 1.000000 0.000000 0.000000 0.000000 0.000000 1.000000
1.000000 0.000000 0.000000 0.384000 -0.000000 1.000000 0.000000 -0.000000 -0.000000 -0.000000 1.000000 0.000000 0.000000 0.000000 0.000000 1.000000
1.000000 0.000000 0.000000 0.384000 -0.000000 1.000000 0.000000 -0.000000 -0.000000 -0.000000 1.000000 0.000000 0.000000 0.000000 0.000000 1.000000
1.000000 0.000000 0.000000 0.384000 -0.000000 1.000000 0.000000 -0.000000 -0.000000 -0.000000 1.000000 0.000000 0.000000 0.000000 0.000000 1.000000
1.000000 0.000000 0.000000 0.384000 -0.000000 1.000000 0.000000 -0.000000 -0.000000 -0.000000 1.000000 0.000000 0.000000 0.000000 0.000000 1.000000
1.000000 0.000000 0.000000 0.384000 -0.000000 1.000000 0.000000 -0.000000 -0.000000 -0.000000 1.000000 0.000000 0.000000 0.000000 0.000000 1.000000
1.000000 0.000000 0.000000 0.384000 -0.000000 1.000000 0.000000 -0.000000 -0.000000 -0.000000 1.000000 0.000000 0.000000 0.000000 0.000000 1.000000
1.000000 0.000000 0.000000 0.384000 -0.000000 1.000000 0.000000 -0.000000 -0.000000 -0.000000 1.000000 0.000000 0.000000 0.000000 0.000000 1.000000
1.000000 0.000000 0.000000 0.384000 -0.000000 1.000000 0.000000 -0.000000 -0.000000 -0.000000 1.000000 0.000000 0.000000 0.000000 0.000000 1.000000
1.000000 0.000000 0.000000 0.384000 -0.000000 1.000000 0.000000 -0.000000 -0.000000 -0.000000 1.000000 0.000000 0.000000 0.000000 0.000000 1.000000
1.000000 0.000000 0.000000 0.384000 -0.000000 1.000000 0.000000 -0.000000 -0.000000 -0.000000 1.000000 0.000000 0.000000 0.000000 0.000000 1.000000
1.000000 0.000000 0.000000 0.384000 -0.000000 1.000000 0.000000 -0.000000 -0.000000 -0.000000 1.000000 0.000000 0.000000 0.000000 0.000000 1.000000
1.000000 0.000000 0.000000 0.384000 -0.000000 1.000000 0.000000 -0.000000 -0.000000 -0.000000 1.000000 0.000000 0.000000 0.000000 0.000000 1.000000
1.000000 0.000000 0.000000 0.384000 -0.000000 1.000000 0.000000 -0.000000 -0.000000 -0.000000 1.000000 0.000000 0.000000 0.000000 0.000000 1.000000
1.000000 0.000000 0.000000 0.384000 -0.000000 1.000000 0.000000 -0.000000 -0.000000 -0.000000 1.000000 0.000000 0.000000 0.000000 0.000000 1.000000
1.000000 0.000000 0.000000 0.384000 -0.000000 1.000000 0.000000 -0.000000 -0.000000 -0.000000 1.000000 0.000000 0.000000 0.000000 0.000000 1.000000
1.000000 0.000000 0.000000 0.384000 -0.000000 1.000000 0.000000 -0.000000 -0.000000 -0.000000 1.000000 0.000000 0.000000 0.000000 0.000000 1.000000
1.000000 0.000000 0.000000 0.384000 -0.000000 1.000000 0.000000 -0.000000 -0.000000 -0.000000 1.000000 0.000000 0.000000 0.000000 0.000000 1.000000
1.000000 0.000000 0.000000 0.384000 -0.000000 1.000000 0.000000 -0.000000 -0.000000 -0.000000 1.000000 0.000000 0.000000 0.000000 0.000000 1.000000
1.000000 0.000000 0.000000 0.384000 -0.000000 1.000000 0.000000 -0.000000 -0.000000 -0.000000 1.000000 0.000000 0.000000 0.000000 0.000000 1.000000
1.000000 0.000000 0.000000 0.384000 -0.000000 1.000000 0.000000 -0.000000 -0.000000 -0.000000 1.000000 0.000000 0.000000 0.000000 0.000000 1.000000
1.000000 0.000000 0.000000 0.384000 -0.000000 1.000000 0.000000 -0.000000 -0.000000 -0.000000 1.000000 0.000000 0.000000 0.000000 0.000000 1.000000
1.000000 0.000000 0.000000 0.384000 -0.000000 1.000000 0.000000 -0.000000 -0.000000 -0.000000 1.000000 0.000000 0.000000 0.000000 0.000000 1.000000
1.000000 0.000000 0.000000 0.384000 -0.000000 1.000000 0.000000 -0.000000 -0.000000 -0.000000 1.000000 0.000000 0.000000 0.000000 0.000000 1.000000
1.000000 0.000000 0.000000 0.384000 -0.000000 1.000000 0.000000 -0.000000 -0.000000 -0.000000 1.000000 0.000000 0.000000 0.000000 0.000000 1.000000
1.000000 0.000000 0.000000 0.384000 -0.000000 1.000000 0.000000 -0.000000 -0.000000 -0.000000 1.000000 0.000000 0.000000 0.000000 0.000000 1.000000
1.000000 0.000000 0.000000 0.384000 -0.000000 1.000000 0.000000 -0.000000 -0.000000 -0.000000 1.000000 0.000000 0.000000 0.000000 0.000000 1.000000
1.000000 0.000000 0.000000 0.384000 -0.000000 1.000000 0.000000 -0.000000 -0.000000 -0.000000 1.000000 0.000000 0.000000 0.000000 0.000000 1.000000
1.000000 0.000000 0.000000 0.384000 -0.000000 1.000000 0.000000 -0.000000 -0.000000 -0.000000 1.000000 0.000000 0.000000 0.000000 0.000000 1.000000</float_array>
     <technique_common>
      <accessor source="#jnt_right_legroll-Matrix-animation-output-transform-array" count="53" stride="16">
       <param type="float4x4"></param>
      </accessor>
     </technique_common>
    </source>
    <source id="jnt_right_legroll-Interpolations">
     <Name_array id="jnt_right_legroll-Interpolations-array" count="53">
 LINEAR LINEAR LINEAR LINEAR LINEAR LINEAR LINEAR LINEAR LINEAR LINEAR LINEAR
LINEAR LINEAR LINEAR LINEAR LINEAR LINEAR LINEAR LINEAR LINEAR LINEAR LINEAR LINEAR
LINEAR LINEAR LINEAR LINEAR LINEAR LINEAR LINEAR LINEAR LINEAR LINEAR LINEAR LINEAR
LINEAR LINEAR LINEAR LINEAR LINEAR LINEAR LINEAR LINEAR LINEAR LINEAR LINEAR LINEAR
LINEAR LINEAR LINEAR LINEAR LINEAR LINEAR</Name_array>
     <technique_common>
      <accessor source="#jnt_right_legroll-Interpolations-array" count="53">
       <param type="name"></param>
      </accessor>
     </technique_common>
    </source>
    <sampler id="jnt_right_legroll-Matrix-animation-transform">
     <input semantic="INPUT" source="#jnt_right_legroll-Matrix-animation-input"></input>
     <input semantic="OUTPUT" source="#jnt_right_legroll-Matrix-animation-output-transform"></input>
     <input semantic="INTERPOLATION" source="#jnt_right_legroll-Interpolations"></input>
    </sampler>
    <channel source="#jnt_right_legroll-Matrix-animation-transform" target="jnt_right_legroll/matrix"></channel>
   </animation>
  </animation>
  <animation id="jnt_right_foot-anim" name="jnt_right_foot">
   <animation>
    <source id="jnt_right_foot-Matrix-animation-input">
     <float_array id="jnt_right_foot-Matrix-animation-input-array" count="53">

0.000000 0.033333 0.066667 0.100000 0.133333 0.166667 0.200000 0.233333 0.266667 0.300000 0.333333 0.366667 0.400000 0.433333 0.466667 0.500000
0.533333 0.566667 0.600000 0.633333 0.666667 0.700000 0.733333 0.766667 0.800000 0.833333 0.866667 0.900000 0.933333 0.966667 1.000000 1.033333
1.066667 1.100000 1.133333 1.166667 1.200000 1.233333 1.266667 1.300000 1.333333 1.366667 1.400000 1.433333 1.466667 1.500000 1.533333 1.566667
1.600000 1.633333 1.666667 1.700000 1.733333</float_array>
     <technique_common>
      <accessor source="#jnt_right_foot-Matrix-animation-input-array" count="53">
       <param name="TIME" type="float"></param>
      </accessor>
     </technique_common>
    </source>
    <source id="jnt_right_foot-Matrix-animation-output-transform">
     <float_array id="jnt_right_foot-Matrix-animation-output-transform-array" count="848">

0.278762 -0.954826 0.102953 0.768144 0.945566 0.291630 0.144415 -0.000001 -0.167916 0.057091 0.984147 0.000000 0.000000 0.000000 0.000000 1.000000
0.278762 -0.954826 0.102953 0.768144 0.945566 0.291630 0.144415 -0.000001 -0.167916 0.057091 0.984147 0.000000 0.000000 0.000000 0.000000 1.000000
0.278762 -0.954826 0.102953 0.768144 0.945566 0.291630 0.144415 -0.000001 -0.167916 0.057091 0.984147 0.000000 0.000000 0.000000 0.000000 1.000000
0.278762 -0.954826 0.102953 0.768144 0.945566 0.291630 0.144415 -0.000001 -0.167916 0.057091 0.984147 0.000000 0.000000 0.000000 0.000000 1.000000
0.278762 -0.954826 0.102953 0.768144 0.945566 0.291630 0.144415 -0.000001 -0.167916 0.057091 0.984147 0.000000 0.000000 0.000000 0.000000 1.000000
0.278762 -0.954826 0.102953 0.768144 0.945566 0.291630 0.144415 -0.000001 -0.167916 0.057091 0.984147 0.000000 0.000000 0.000000 0.000000 1.000000
0.278762 -0.954826 0.102953 0.768144 0.945566 0.291630 0.144415 -0.000001 -0.167916 0.057091 0.984147 0.000000 0.000000 0.000000 0.000000 1.000000
0.278762 -0.954826 0.102953 0.768144 0.945566 0.291630 0.144415 -0.000001 -0.167916 0.057091 0.984147 0.000000 0.000000 0.000000 0.000000 1.000000
0.278762 -0.954826 0.102953 0.768144 0.945566 0.291630 0.144415 -0.000001 -0.167916 0.057091 0.984147 0.000000 0.000000 0.000000 0.000000 1.000000
0.278762 -0.954826 0.102953 0.768144 0.945566 0.291630 0.144415 -0.000001 -0.167916 0.057091 0.984147 0.000000 0.000000 0.000000 0.000000 1.000000
0.278762 -0.954826 0.102953 0.768144 0.945566 0.291630 0.144415 -0.000001 -0.167916 0.057091 0.984147 0.000000 0.000000 0.000000 0.000000 1.000000
0.278762 -0.954826 0.102953 0.768144 0.945566 0.291630 0.144415 -0.000001 -0.167916 0.057091 0.984147 0.000000 0.000000 0.000000 0.000000 1.000000
0.278762 -0.954826 0.102953 0.768144 0.945566 0.291630 0.144415 -0.000001 -0.167916 0.057091 0.984147 0.000000 0.000000 0.000000 0.000000 1.000000
0.278762 -0.954826 0.102953 0.768144 0.945566 0.291630 0.144415 -0.000001 -0.167916 0.057091 0.984147 0.000000 0.000000 0.000000 0.000000 1.000000
0.278762 -0.954826 0.102953 0.768144 0.945566 0.291630 0.144415 -0.000001 -0.167916 0.057091 0.984147 0.000000 0.000000 0.000000 0.000000 1.000000
0.278762 -0.954826 0.102953 0.768144 0.945566 0.291630 0.144415 -0.000001 -0.167916 0.057091 0.984147 0.000000 0.000000 0.000000 0.000000 1.000000
0.278762 -0.954826 0.102953 0.768144 0.945566 0.291630 0.144415 -0.000001 -0.167916 0.057091 0.984147 0.000000 0.000000 0.000000 0.000000 1.000000
0.278762 -0.954826 0.102953 0.768144 0.945566 0.291630 0.144415 -0.000001 -0.167916 0.057091 0.984147 0.000000 0.000000 0.000000 0.000000 1.000000
0.278762 -0.954826 0.102953 0.768144 0.945566 0.291630 0.144415 -0.000001 -0.167916 0.057091 0.984147 0.000000 0.000000 0.000000 0.000000 1.000000
0.278762 -0.954826 0.102953 0.768144 0.945566 0.291630 0.144415 -0.000001 -0.167916 0.057091 0.984147 0.000000 0.000000 0.000000 0.000000 1.000000
0.278762 -0.954826 0.102953 0.768144 0.945566 0.291630 0.144415 -0.000001 -0.167916 0.057091 0.984147 0.000000 0.000000 0.000000 0.000000 1.000000
0.278762 -0.954826 0.102953 0.768144 0.945566 0.291630 0.144415 -0.000001 -0.167916 0.057091 0.984147 0.000000 0.000000 0.000000 0.000000 1.000000
0.278762 -0.954826 0.102953 0.768144 0.945566 0.291630 0.144415 -0.000001 -0.167916 0.057091 0.984147 0.000000 0.000000 0.000000 0.000000 1.000000
0.278762 -0.954826 0.102953 0.768144 0.945566 0.291630 0.144415 -0.000001 -0.167916 0.057091 0.984147 0.000000 0.000000 0.000000 0.000000 1.000000
0.278762 -0.954826 0.102953 0.768144 0.945566 0.291630 0.144415 -0.000001 -0.167916 0.057091 0.984147 0.000000 0.000000 0.000000 0.000000 1.000000
0.278762 -0.954826 0.102953 0.768144 0.945566 0.291630 0.144415 -0.000001 -0.167916 0.057091 0.984147 0.000000 0.000000 0.000000 0.000000 1.000000
0.278762 -0.954826 0.102953 0.768144 0.945566 0.291630 0.144415 -0.000001 -0.167916 0.057091 0.984147 0.000000 0.000000 0.000000 0.000000 1.000000
0.278762 -0.954826 0.102953 0.768144 0.945566 0.291630 0.144415 -0.000001 -0.167916 0.057091 0.984147 0.000000 0.000000 0.000000 0.000000 1.000000
0.278762 -0.954826 0.102953 0.768144 0.945566 0.291630 0.144415 -0.000001 -0.167916 0.057091 0.984147 0.000000 0.000000 0.000000 0.000000 1.000000
0.278762 -0.954826 0.102953 0.768144 0.945566 0.291630 0.144415 -0.000001 -0.167916 0.057091 0.984147 0.000000 0.000000 0.000000 0.000000 1.000000
0.278762 -0.954826 0.102953 0.768144 0.945566 0.291630 0.144415 -0.000001 -0.167916 0.057091 0.984147 0.000000 0.000000 0.000000 0.000000 1.000000
0.278762 -0.954826 0.102953 0.768144 0.945566 0.291630 0.144415 -0.000001 -0.167916 0.057091 0.984147 0.000000 0.000000 0.000000 0.000000 1.000000
0.278762 -0.954826 0.102953 0.768144 0.945566 0.291630 0.144415 -0.000001 -0.167916 0.057091 0.984147 0.000000 0.000000 0.000000 0.000000 1.000000
0.278762 -0.954826 0.102953 0.768144 0.945566 0.291630 0.144415 -0.000001 -0.167916 0.057091 0.984147 0.000000 0.000000 0.000000 0.000000 1.000000
0.278762 -0.954826 0.102953 0.768144 0.945566 0.291630 0.144415 -0.000001 -0.167916 0.057091 0.984147 0.000000 0.000000 0.000000 0.000000 1.000000
0.278762 -0.954826 0.102953 0.768144 0.945566 0.291630 0.144415 -0.000001 -0.167916 0.057091 0.984147 0.000000 0.000000 0.000000 0.000000 1.000000
0.278762 -0.954826 0.102953 0.768144 0.945566 0.291630 0.144415 -0.000001 -0.167916 0.057091 0.984147 0.000000 0.000000 0.000000 0.000000 1.000000
0.278762 -0.954826 0.102953 0.768144 0.945566 0.291630 0.144415 -0.000001 -0.167916 0.057091 0.984147 0.000000 0.000000 0.000000 0.000000 1.000000
0.278762 -0.954826 0.102953 0.768144 0.945566 0.291630 0.144415 -0.000001 -0.167916 0.057091 0.984147 0.000000 0.000000 0.000000 0.000000 1.000000
0.278762 -0.954826 0.102953 0.768144 0.945566 0.291630 0.144415 -0.000001 -0.167916 0.057091 0.984147 0.000000 0.000000 0.000000 0.000000 1.000000
0.278762 -0.954826 0.102953 0.768144 0.945566 0.291630 0.144415 -0.000001 -0.167916 0.057091 0.984147 0.000000 0.000000 0.000000 0.000000 1.000000
0.278762 -0.954826 0.102953 0.768144 0.945566 0.291630 0.144415 -0.000001 -0.167916 0.057091 0.984147 0.000000 0.000000 0.000000 0.000000 1.000000
0.278762 -0.954826 0.102953 0.768144 0.945566 0.291630 0.144415 -0.000001 -0.167916 0.057091 0.984147 0.000000 0.000000 0.000000 0.000000 1.000000
0.278762 -0.954826 0.102953 0.768144 0.945566 0.291630 0.144415 -0.000001 -0.167916 0.057091 0.984147 0.000000 0.000000 0.000000 0.000000 1.000000
0.278762 -0.954826 0.102953 0.768144 0.945566 0.291630 0.144415 -0.000001 -0.167916 0.057091 0.984147 0.000000 0.000000 0.000000 0.000000 1.000000
0.278762 -0.954826 0.102953 0.768144 0.945566 0.291630 0.144415 -0.000001 -0.167916 0.057091 0.984147 0.000000 0.000000 0.000000 0.000000 1.000000
0.278762 -0.954826 0.102953 0.768144 0.945566 0.291630 0.144415 -0.000001 -0.167916 0.057091 0.984147 0.000000 0.000000 0.000000 0.000000 1.000000
0.278762 -0.954826 0.102953 0.768144 0.945566 0.291630 0.144415 -0.000001 -0.167916 0.057091 0.984147 0.000000 0.000000 0.000000 0.000000 1.000000
0.278762 -0.954826 0.102953 0.768144 0.945566 0.291630 0.144415 -0.000001 -0.167916 0.057091 0.984147 0.000000 0.000000 0.000000 0.000000 1.000000
0.278762 -0.954826 0.102953 0.768144 0.945566 0.291630 0.144415 -0.000001 -0.167916 0.057091 0.984147 0.000000 0.000000 0.000000 0.000000 1.000000
0.278762 -0.954826 0.102953 0.768144 0.945566 0.291630 0.144415 -0.000001 -0.167916 0.057091 0.984147 0.000000 0.000000 0.000000 0.000000 1.000000
0.278762 -0.954826 0.102953 0.768144 0.945566 0.291630 0.144415 -0.000001 -0.167916 0.057091 0.984147 0.000000 0.000000 0.000000 0.000000 1.000000
0.278762 -0.954826 0.102953 0.768144 0.945566 0.291630 0.144415 -0.000001 -0.167916 0.057091 0.984147 0.000000 0.000000 0.000000 0.000000 1.000000</float_array>
     <technique_common>
      <accessor source="#jnt_right_foot-Matrix-animation-output-transform-array" count="53" stride="16">
       <param type="float4x4"></param>
      </accessor>
     </technique_common>
    </source>
    <source id="jnt_right_foot-Interpolations">
     <Name_array id="jnt_right_foot-Interpolations-array" count="53">
 LINEAR LINEAR LINEAR LINEAR LINEAR LINEAR LINEAR LINEAR LINEAR LINEAR LINEAR
LINEAR LINEAR LINEAR LINEAR LINEAR LINEAR LINEAR LINEAR LINEAR LINEAR LINEAR LINEAR
LINEAR LINEAR LINEAR LINEAR LINEAR LINEAR LINEAR LINEAR LINEAR LINEAR LINEAR LINEAR
LINEAR LINEAR LINEAR LINEAR LINEAR LINEAR LINEAR LINEAR LINEAR LINEAR LINEAR LINEAR
LINEAR LINEAR LINEAR LINEAR LINEAR LINEAR</Name_array>
     <technique_common>
      <accessor source="#jnt_right_foot-Interpolations-array" count="53">
       <param type="name"></param>
      </accessor>
     </technique_common>
    </source>
    <sampler id="jnt_right_foot-Matrix-animation-transform">
     <input semantic="INPUT" source="#jnt_right_foot-Matrix-animation-input"></input>
     <input semantic="OUTPUT" source="#jnt_right_foot-Matrix-animation-output-transform"></input>
     <input semantic="INTERPOLATION" source="#jnt_right_foot-Interpolations"></input>
    </sampler>
    <channel source="#jnt_right_foot-Matrix-animation-transform" target="jnt_right_foot/matrix"></channel>
   </animation>
  </animation>
  <animation id="jnt_right_toebase-anim" name="jnt_right_toebase">
   <animation>
    <source id="jnt_right_toebase-Matrix-animation-input">
     <float_array id="jnt_right_toebase-Matrix-animation-input-array" count="53">

0.000000 0.033333 0.066667 0.100000 0.133333 0.166667 0.200000 0.233333 0.266667 0.300000 0.333333 0.366667 0.400000 0.433333 0.466667 0.500000
0.533333 0.566667 0.600000 0.633333 0.666667 0.700000 0.733333 0.766667 0.800000 0.833333 0.866667 0.900000 0.933333 0.966667 1.000000 1.033333
1.066667 1.100000 1.133333 1.166667 1.200000 1.233333 1.266667 1.300000 1.333333 1.366667 1.400000 1.433333 1.466667 1.500000 1.533333 1.566667
1.600000 1.633333 1.666667 1.700000 1.733333</float_array>
     <technique_common>
      <accessor source="#jnt_right_toebase-Matrix-animation-input-array" count="53">
       <param name="TIME" type="float"></param>
      </accessor>
     </technique_common>
    </source>
    <source id="jnt_right_toebase-Matrix-animation-output-transform">
     <float_array id="jnt_right_toebase-Matrix-animation-output-transform-array" count="848">

0.918936 -0.394407 -0.000000 0.441847 0.394407 0.918936 0.000000 -0.000000 0.000000 -0.000000 1.000000 0.000000 0.000000 0.000000 0.000000 1.000000
0.918936 -0.394407 -0.000000 0.441847 0.394407 0.918936 0.000000 -0.000000 0.000000 -0.000000 1.000000 0.000000 0.000000 0.000000 0.000000 1.000000
0.918936 -0.394407 -0.000000 0.441847 0.394407 0.918936 0.000000 -0.000000 0.000000 -0.000000 1.000000 0.000000 0.000000 0.000000 0.000000 1.000000
0.918936 -0.394407 -0.000000 0.441847 0.394407 0.918936 0.000000 -0.000000 0.000000 -0.000000 1.000000 0.000000 0.000000 0.000000 0.000000 1.000000
0.918936 -0.394407 -0.000000 0.441847 0.394407 0.918936 0.000000 -0.000000 0.000000 -0.000000 1.000000 0.000000 0.000000 0.000000 0.000000 1.000000
0.918936 -0.394407 -0.000000 0.441847 0.394407 0.918936 0.000000 -0.000000 0.000000 -0.000000 1.000000 0.000000 0.000000 0.000000 0.000000 1.000000
0.918936 -0.394407 -0.000000 0.441847 0.394407 0.918936 0.000000 -0.000000 0.000000 -0.000000 1.000000 0.000000 0.000000 0.000000 0.000000 1.000000
0.918936 -0.394407 -0.000000 0.441847 0.394407 0.918936 0.000000 -0.000000 0.000000 -0.000000 1.000000 0.000000 0.000000 0.000000 0.000000 1.000000
0.918936 -0.394407 -0.000000 0.441847 0.394407 0.918936 0.000000 -0.000000 0.000000 -0.000000 1.000000 0.000000 0.000000 0.000000 0.000000 1.000000
0.918936 -0.394407 -0.000000 0.441847 0.394407 0.918936 0.000000 -0.000000 0.000000 -0.000000 1.000000 0.000000 0.000000 0.000000 0.000000 1.000000
0.918936 -0.394407 -0.000000 0.441847 0.394407 0.918936 0.000000 -0.000000 0.000000 -0.000000 1.000000 0.000000 0.000000 0.000000 0.000000 1.000000
0.918936 -0.394407 -0.000000 0.441847 0.394407 0.918936 0.000000 -0.000000 0.000000 -0.000000 1.000000 0.000000 0.000000 0.000000 0.000000 1.000000
0.918936 -0.394407 -0.000000 0.441847 0.394407 0.918936 0.000000 -0.000000 0.000000 -0.000000 1.000000 0.000000 0.000000 0.000000 0.000000 1.000000
0.918936 -0.394407 -0.000000 0.441847 0.394407 0.918936 0.000000 -0.000000 0.000000 -0.000000 1.000000 0.000000 0.000000 0.000000 0.000000 1.000000
0.918936 -0.394407 -0.000000 0.441847 0.394407 0.918936 0.000000 -0.000000 0.000000 -0.000000 1.000000 0.000000 0.000000 0.000000 0.000000 1.000000
0.918936 -0.394407 -0.000000 0.441847 0.394407 0.918936 0.000000 -0.000000 0.000000 -0.000000 1.000000 0.000000 0.000000 0.000000 0.000000 1.000000
0.918936 -0.394407 -0.000000 0.441847 0.394407 0.918936 0.000000 -0.000000 0.000000 -0.000000 1.000000 0.000000 0.000000 0.000000 0.000000 1.000000
0.918936 -0.394407 -0.000000 0.441847 0.394407 0.918936 0.000000 -0.000000 0.000000 -0.000000 1.000000 0.000000 0.000000 0.000000 0.000000 1.000000
0.918936 -0.394407 -0.000000 0.441847 0.394407 0.918936 0.000000 -0.000000 0.000000 -0.000000 1.000000 0.000000 0.000000 0.000000 0.000000 1.000000
0.918936 -0.394407 -0.000000 0.441847 0.394407 0.918936 0.000000 -0.000000 0.000000 -0.000000 1.000000 0.000000 0.000000 0.000000 0.000000 1.000000
0.918936 -0.394407 -0.000000 0.441847 0.394407 0.918936 0.000000 -0.000000 0.000000 -0.000000 1.000000 0.000000 0.000000 0.000000 0.000000 1.000000
0.918936 -0.394407 -0.000000 0.441847 0.394407 0.918936 0.000000 -0.000000 0.000000 -0.000000 1.000000 0.000000 0.000000 0.000000 0.000000 1.000000
0.918936 -0.394407 -0.000000 0.441847 0.394407 0.918936 0.000000 -0.000000 0.000000 -0.000000 1.000000 0.000000 0.000000 0.000000 0.000000 1.000000
0.918936 -0.394407 -0.000000 0.441847 0.394407 0.918936 0.000000 -0.000000 0.000000 -0.000000 1.000000 0.000000 0.000000 0.000000 0.000000 1.000000
0.918936 -0.394407 -0.000000 0.441847 0.394407 0.918936 0.000000 -0.000000 0.000000 -0.000000 1.000000 0.000000 0.000000 0.000000 0.000000 1.000000
0.918936 -0.394407 -0.000000 0.441847 0.394407 0.918936 0.000000 -0.000000 0.000000 -0.000000 1.000000 0.000000 0.000000 0.000000 0.000000 1.000000
0.918936 -0.394407 -0.000000 0.441847 0.394407 0.918936 0.000000 -0.000000 0.000000 -0.000000 1.000000 0.000000 0.000000 0.000000 0.000000 1.000000
0.918936 -0.394407 -0.000000 0.441847 0.394407 0.918936 0.000000 -0.000000 0.000000 -0.000000 1.000000 0.000000 0.000000 0.000000 0.000000 1.000000
0.918936 -0.394407 -0.000000 0.441847 0.394407 0.918936 0.000000 -0.000000 0.000000 -0.000000 1.000000 0.000000 0.000000 0.000000 0.000000 1.000000
0.918936 -0.394407 -0.000000 0.441847 0.394407 0.918936 0.000000 -0.000000 0.000000 -0.000000 1.000000 0.000000 0.000000 0.000000 0.000000 1.000000
0.918936 -0.394407 -0.000000 0.441847 0.394407 0.918936 0.000000 -0.000000 0.000000 -0.000000 1.000000 0.000000 0.000000 0.000000 0.000000 1.000000
0.918936 -0.394407 -0.000000 0.441847 0.394407 0.918936 0.000000 -0.000000 0.000000 -0.000000 1.000000 0.000000 0.000000 0.000000 0.000000 1.000000
0.918936 -0.394407 -0.000000 0.441847 0.394407 0.918936 0.000000 -0.000000 0.000000 -0.000000 1.000000 0.000000 0.000000 0.000000 0.000000 1.000000
0.918936 -0.394407 -0.000000 0.441847 0.394407 0.918936 0.000000 -0.000000 0.000000 -0.000000 1.000000 0.000000 0.000000 0.000000 0.000000 1.000000
0.918936 -0.394407 -0.000000 0.441847 0.394407 0.918936 0.000000 -0.000000 0.000000 -0.000000 1.000000 0.000000 0.000000 0.000000 0.000000 1.000000
0.918936 -0.394407 -0.000000 0.441847 0.394407 0.918936 0.000000 -0.000000 0.000000 -0.000000 1.000000 0.000000 0.000000 0.000000 0.000000 1.000000
0.918936 -0.394407 -0.000000 0.441847 0.394407 0.918936 0.000000 -0.000000 0.000000 -0.000000 1.000000 0.000000 0.000000 0.000000 0.000000 1.000000
0.918936 -0.394407 -0.000000 0.441847 0.394407 0.918936 0.000000 -0.000000 0.000000 -0.000000 1.000000 0.000000 0.000000 0.000000 0.000000 1.000000
0.918936 -0.394407 -0.000000 0.441847 0.394407 0.918936 0.000000 -0.000000 0.000000 -0.000000 1.000000 0.000000 0.000000 0.000000 0.000000 1.000000
0.918936 -0.394407 -0.000000 0.441847 0.394407 0.918936 0.000000 -0.000000 0.000000 -0.000000 1.000000 0.000000 0.000000 0.000000 0.000000 1.000000
0.918936 -0.394407 -0.000000 0.441847 0.394407 0.918936 0.000000 -0.000000 0.000000 -0.000000 1.000000 0.000000 0.000000 0.000000 0.000000 1.000000
0.918936 -0.394407 -0.000000 0.441847 0.394407 0.918936 0.000000 -0.000000 0.000000 -0.000000 1.000000 0.000000 0.000000 0.000000 0.000000 1.000000
0.918936 -0.394407 -0.000000 0.441847 0.394407 0.918936 0.000000 -0.000000 0.000000 -0.000000 1.000000 0.000000 0.000000 0.000000 0.000000 1.000000
0.918936 -0.394407 -0.000000 0.441847 0.394407 0.918936 0.000000 -0.000000 0.000000 -0.000000 1.000000 0.000000 0.000000 0.000000 0.000000 1.000000
0.918936 -0.394407 -0.000000 0.441847 0.394407 0.918936 0.000000 -0.000000 0.000000 -0.000000 1.000000 0.000000 0.000000 0.000000 0.000000 1.000000
0.918936 -0.394407 -0.000000 0.441847 0.394407 0.918936 0.000000 -0.000000 0.000000 -0.000000 1.000000 0.000000 0.000000 0.000000 0.000000 1.000000
0.918936 -0.394407 -0.000000 0.441847 0.394407 0.918936 0.000000 -0.000000 0.000000 -0.000000 1.000000 0.000000 0.000000 0.000000 0.000000 1.000000
0.918936 -0.394407 -0.000000 0.441847 0.394407 0.918936 0.000000 -0.000000 0.000000 -0.000000 1.000000 0.000000 0.000000 0.000000 0.000000 1.000000
0.918936 -0.394407 -0.000000 0.441847 0.394407 0.918936 0.000000 -0.000000 0.000000 -0.000000 1.000000 0.000000 0.000000 0.000000 0.000000 1.000000
0.918936 -0.394407 -0.000000 0.441847 0.394407 0.918936 0.000000 -0.000000 0.000000 -0.000000 1.000000 0.000000 0.000000 0.000000 0.000000 1.000000
0.918936 -0.394407 -0.000000 0.441847 0.394407 0.918936 0.000000 -0.000000 0.000000 -0.000000 1.000000 0.000000 0.000000 0.000000 0.000000 1.000000
0.918936 -0.394407 -0.000000 0.441847 0.394407 0.918936 0.000000 -0.000000 0.000000 -0.000000 1.000000 0.000000 0.000000 0.000000 0.000000 1.000000
0.918936 -0.394407 -0.000000 0.441847 0.394407 0.918936 0.000000 -0.000000 0.000000 -0.000000 1.000000 0.000000 0.000000 0.000000 0.000000 1.000000</float_array>
     <technique_common>
      <accessor source="#jnt_right_toebase-Matrix-animation-output-transform-array" count="53" stride="16">
       <param type="float4x4"></param>
      </accessor>
     </technique_common>
    </source>
    <source id="jnt_right_toebase-Interpolations">
     <Name_array id="jnt_right_toebase-Interpolations-array" count="53">
 LINEAR LINEAR LINEAR LINEAR LINEAR LINEAR LINEAR LINEAR LINEAR LINEAR LINEAR
LINEAR LINEAR LINEAR LINEAR LINEAR LINEAR LINEAR LINEAR LINEAR LINEAR LINEAR LINEAR
LINEAR LINEAR LINEAR LINEAR LINEAR LINEAR LINEAR LINEAR LINEAR LINEAR LINEAR LINEAR
LINEAR LINEAR LINEAR LINEAR LINEAR LINEAR LINEAR LINEAR LINEAR LINEAR LINEAR LINEAR
LINEAR LINEAR LINEAR LINEAR LINEAR LINEAR</Name_array>
     <technique_common>
      <accessor source="#jnt_right_toebase-Interpolations-array" count="53">
       <param type="name"></param>
      </accessor>
     </technique_common>
    </source>
    <sampler id="jnt_right_toebase-Matrix-animation-transform">
     <input semantic="INPUT" source="#jnt_right_toebase-Matrix-animation-input"></input>
     <input semantic="OUTPUT" source="#jnt_right_toebase-Matrix-animation-output-transform"></input>
     <input semantic="INTERPOLATION" source="#jnt_right_toebase-Interpolations"></input>
    </sampler>
    <channel source="#jnt_right_toebase-Matrix-animation-transform" target="jnt_right_toebase/matrix"></channel>
   </animation>
  </animation>
  <animation id="jnt_right_toeend-anim" name="jnt_right_toeend">
   <animation>
    <source id="jnt_right_toeend-Matrix-animation-input">
     <float_array id="jnt_right_toeend-Matrix-animation-input-array" count="53">

0.000000 0.033333 0.066667 0.100000 0.133333 0.166667 0.200000 0.233333 0.266667 0.300000 0.333333 0.366667 0.400000 0.433333 0.466667 0.500000
0.533333 0.566667 0.600000 0.633333 0.666667 0.700000 0.733333 0.766667 0.800000 0.833333 0.866667 0.900000 0.933333 0.966667 1.000000 1.033333
1.066667 1.100000 1.133333 1.166667 1.200000 1.233333 1.266667 1.300000 1.333333 1.366667 1.400000 1.433333 1.466667 1.500000 1.533333 1.566667
1.600000 1.633333 1.666667 1.700000 1.733333</float_array>
     <technique_common>
      <accessor source="#jnt_right_toeend-Matrix-animation-input-array" count="53">
       <param name="TIME" type="float"></param>
      </accessor>
     </technique_common>
    </source>
    <source id="jnt_right_toeend-Matrix-animation-output-transform">
     <float_array id="jnt_right_toeend-Matrix-animation-output-transform-array" count="848">

1.000000 -0.000001 -0.000000 0.379397 0.000001 1.000000 -0.000000 0.000000 0.000000 0.000000 1.000000 0.000000 0.000000 0.000000 0.000000 1.000000
1.000000 -0.000001 -0.000000 0.379397 0.000001 1.000000 -0.000000 0.000000 0.000000 0.000000 1.000000 0.000000 0.000000 0.000000 0.000000 1.000000
1.000000 -0.000001 -0.000000 0.379397 0.000001 1.000000 -0.000000 0.000000 0.000000 0.000000 1.000000 0.000000 0.000000 0.000000 0.000000 1.000000
1.000000 -0.000001 -0.000000 0.379397 0.000001 1.000000 -0.000000 0.000000 0.000000 0.000000 1.000000 0.000000 0.000000 0.000000 0.000000 1.000000
1.000000 -0.000001 -0.000000 0.379397 0.000001 1.000000 -0.000000 0.000000 0.000000 0.000000 1.000000 0.000000 0.000000 0.000000 0.000000 1.000000
1.000000 -0.000001 -0.000000 0.379397 0.000001 1.000000 -0.000000 0.000000 0.000000 0.000000 1.000000 0.000000 0.000000 0.000000 0.000000 1.000000
1.000000 -0.000001 -0.000000 0.379397 0.000001 1.000000 -0.000000 0.000000 0.000000 0.000000 1.000000 0.000000 0.000000 0.000000 0.000000 1.000000
1.000000 -0.000001 -0.000000 0.379397 0.000001 1.000000 -0.000000 0.000000 0.000000 0.000000 1.000000 0.000000 0.000000 0.000000 0.000000 1.000000
1.000000 -0.000001 -0.000000 0.379397 0.000001 1.000000 -0.000000 0.000000 0.000000 0.000000 1.000000 0.000000 0.000000 0.000000 0.000000 1.000000
1.000000 -0.000001 -0.000000 0.379397 0.000001 1.000000 -0.000000 0.000000 0.000000 0.000000 1.000000 0.000000 0.000000 0.000000 0.000000 1.000000
1.000000 -0.000001 -0.000000 0.379397 0.000001 1.000000 -0.000000 0.000000 0.000000 0.000000 1.000000 0.000000 0.000000 0.000000 0.000000 1.000000
1.000000 -0.000001 -0.000000 0.379397 0.000001 1.000000 -0.000000 0.000000 0.000000 0.000000 1.000000 0.000000 0.000000 0.000000 0.000000 1.000000
1.000000 -0.000001 -0.000000 0.379397 0.000001 1.000000 -0.000000 0.000000 0.000000 0.000000 1.000000 0.000000 0.000000 0.000000 0.000000 1.000000
1.000000 -0.000001 -0.000000 0.379397 0.000001 1.000000 -0.000000 0.000000 0.000000 0.000000 1.000000 0.000000 0.000000 0.000000 0.000000 1.000000
1.000000 -0.000001 -0.000000 0.379397 0.000001 1.000000 -0.000000 0.000000 0.000000 0.000000 1.000000 0.000000 0.000000 0.000000 0.000000 1.000000
1.000000 -0.000001 -0.000000 0.379397 0.000001 1.000000 -0.000000 0.000000 0.000000 0.000000 1.000000 0.000000 0.000000 0.000000 0.000000 1.000000
1.000000 -0.000001 -0.000000 0.379397 0.000001 1.000000 -0.000000 0.000000 0.000000 0.000000 1.000000 0.000000 0.000000 0.000000 0.000000 1.000000
1.000000 -0.000001 -0.000000 0.379397 0.000001 1.000000 -0.000000 0.000000 0.000000 0.000000 1.000000 0.000000 0.000000 0.000000 0.000000 1.000000
1.000000 -0.000001 -0.000000 0.379397 0.000001 1.000000 -0.000000 0.000000 0.000000 0.000000 1.000000 0.000000 0.000000 0.000000 0.000000 1.000000
1.000000 -0.000001 -0.000000 0.379397 0.000001 1.000000 -0.000000 0.000000 0.000000 0.000000 1.000000 0.000000 0.000000 0.000000 0.000000 1.000000
1.000000 -0.000001 -0.000000 0.379397 0.000001 1.000000 -0.000000 0.000000 0.000000 0.000000 1.000000 0.000000 0.000000 0.000000 0.000000 1.000000
1.000000 -0.000001 -0.000000 0.379397 0.000001 1.000000 -0.000000 0.000000 0.000000 0.000000 1.000000 0.000000 0.000000 0.000000 0.000000 1.000000
1.000000 -0.000001 -0.000000 0.379397 0.000001 1.000000 -0.000000 0.000000 0.000000 0.000000 1.000000 0.000000 0.000000 0.000000 0.000000 1.000000
1.000000 -0.000001 -0.000000 0.379397 0.000001 1.000000 -0.000000 0.000000 0.000000 0.000000 1.000000 0.000000 0.000000 0.000000 0.000000 1.000000
1.000000 -0.000001 -0.000000 0.379397 0.000001 1.000000 -0.000000 0.000000 0.000000 0.000000 1.000000 0.000000 0.000000 0.000000 0.000000 1.000000
1.000000 -0.000001 -0.000000 0.379397 0.000001 1.000000 -0.000000 0.000000 0.000000 0.000000 1.000000 0.000000 0.000000 0.000000 0.000000 1.000000
1.000000 -0.000001 -0.000000 0.379397 0.000001 1.000000 -0.000000 0.000000 0.000000 0.000000 1.000000 0.000000 0.000000 0.000000 0.000000 1.000000
1.000000 -0.000001 -0.000000 0.379397 0.000001 1.000000 -0.000000 0.000000 0.000000 0.000000 1.000000 0.000000 0.000000 0.000000 0.000000 1.000000
1.000000 -0.000001 -0.000000 0.379397 0.000001 1.000000 -0.000000 0.000000 0.000000 0.000000 1.000000 0.000000 0.000000 0.000000 0.000000 1.000000
1.000000 -0.000001 -0.000000 0.379397 0.000001 1.000000 -0.000000 0.000000 0.000000 0.000000 1.000000 0.000000 0.000000 0.000000 0.000000 1.000000
1.000000 -0.000001 -0.000000 0.379397 0.000001 1.000000 -0.000000 0.000000 0.000000 0.000000 1.000000 0.000000 0.000000 0.000000 0.000000 1.000000
1.000000 -0.000001 -0.000000 0.379397 0.000001 1.000000 -0.000000 0.000000 0.000000 0.000000 1.000000 0.000000 0.000000 0.000000 0.000000 1.000000
1.000000 -0.000001 -0.000000 0.379397 0.000001 1.000000 -0.000000 0.000000 0.000000 0.000000 1.000000 0.000000 0.000000 0.000000 0.000000 1.000000
1.000000 -0.000001 -0.000000 0.379397 0.000001 1.000000 -0.000000 0.000000 0.000000 0.000000 1.000000 0.000000 0.000000 0.000000 0.000000 1.000000
1.000000 -0.000001 -0.000000 0.379397 0.000001 1.000000 -0.000000 0.000000 0.000000 0.000000 1.000000 0.000000 0.000000 0.000000 0.000000 1.000000
1.000000 -0.000001 -0.000000 0.379397 0.000001 1.000000 -0.000000 0.000000 0.000000 0.000000 1.000000 0.000000 0.000000 0.000000 0.000000 1.000000
1.000000 -0.000001 -0.000000 0.379397 0.000001 1.000000 -0.000000 0.000000 0.000000 0.000000 1.000000 0.000000 0.000000 0.000000 0.000000 1.000000
1.000000 -0.000001 -0.000000 0.379397 0.000001 1.000000 -0.000000 0.000000 0.000000 0.000000 1.000000 0.000000 0.000000 0.000000 0.000000 1.000000
1.000000 -0.000001 -0.000000 0.379397 0.000001 1.000000 -0.000000 0.000000 0.000000 0.000000 1.000000 0.000000 0.000000 0.000000 0.000000 1.000000
1.000000 -0.000001 -0.000000 0.379397 0.000001 1.000000 -0.000000 0.000000 0.000000 0.000000 1.000000 0.000000 0.000000 0.000000 0.000000 1.000000
1.000000 -0.000001 -0.000000 0.379397 0.000001 1.000000 -0.000000 0.000000 0.000000 0.000000 1.000000 0.000000 0.000000 0.000000 0.000000 1.000000
1.000000 -0.000001 -0.000000 0.379397 0.000001 1.000000 -0.000000 0.000000 0.000000 0.000000 1.000000 0.000000 0.000000 0.000000 0.000000 1.000000
1.000000 -0.000001 -0.000000 0.379397 0.000001 1.000000 -0.000000 0.000000 0.000000 0.000000 1.000000 0.000000 0.000000 0.000000 0.000000 1.000000
1.000000 -0.000001 -0.000000 0.379397 0.000001 1.000000 -0.000000 0.000000 0.000000 0.000000 1.000000 0.000000 0.000000 0.000000 0.000000 1.000000
1.000000 -0.000001 -0.000000 0.379397 0.000001 1.000000 -0.000000 0.000000 0.000000 0.000000 1.000000 0.000000 0.000000 0.000000 0.000000 1.000000
1.000000 -0.000001 -0.000000 0.379397 0.000001 1.000000 -0.000000 0.000000 0.000000 0.000000 1.000000 0.000000 0.000000 0.000000 0.000000 1.000000
1.000000 -0.000001 -0.000000 0.379397 0.000001 1.000000 -0.000000 0.000000 0.000000 0.000000 1.000000 0.000000 0.000000 0.000000 0.000000 1.000000
1.000000 -0.000001 -0.000000 0.379397 0.000001 1.000000 -0.000000 0.000000 0.000000 0.000000 1.000000 0.000000 0.000000 0.000000 0.000000 1.000000
1.000000 -0.000001 -0.000000 0.379397 0.000001 1.000000 -0.000000 0.000000 0.000000 0.000000 1.000000 0.000000 0.000000 0.000000 0.000000 1.000000
1.000000 -0.000001 -0.000000 0.379397 0.000001 1.000000 -0.000000 0.000000 0.000000 0.000000 1.000000 0.000000 0.000000 0.000000 0.000000 1.000000
1.000000 -0.000001 -0.000000 0.379397 0.000001 1.000000 -0.000000 0.000000 0.000000 0.000000 1.000000 0.000000 0.000000 0.000000 0.000000 1.000000
1.000000 -0.000001 -0.000000 0.379397 0.000001 1.000000 -0.000000 0.000000 0.000000 0.000000 1.000000 0.000000 0.000000 0.000000 0.000000 1.000000
1.000000 -0.000001 -0.000000 0.379397 0.000001 1.000000 -0.000000 0.000000 0.000000 0.000000 1.000000 0.000000 0.000000 0.000000 0.000000 1.000000</float_array>
     <technique_common>
      <accessor source="#jnt_right_toeend-Matrix-animation-output-transform-array" count="53" stride="16">
       <param type="float4x4"></param>
      </accessor>
     </technique_common>
    </source>
    <source id="jnt_right_toeend-Interpolations">
     <Name_array id="jnt_right_toeend-Interpolations-array" count="53">
 LINEAR LINEAR LINEAR LINEAR LINEAR LINEAR LINEAR LINEAR LINEAR LINEAR LINEAR
LINEAR LINEAR LINEAR LINEAR LINEAR LINEAR LINEAR LINEAR LINEAR LINEAR LINEAR LINEAR
LINEAR LINEAR LINEAR LINEAR LINEAR LINEAR LINEAR LINEAR LINEAR LINEAR LINEAR LINEAR
LINEAR LINEAR LINEAR LINEAR LINEAR LINEAR LINEAR LINEAR LINEAR LINEAR LINEAR LINEAR
LINEAR LINEAR LINEAR LINEAR LINEAR LINEAR</Name_array>
     <technique_common>
      <accessor source="#jnt_right_toeend-Interpolations-array" count="53">
       <param type="name"></param>
      </accessor>
     </technique_common>
    </source>
    <sampler id="jnt_right_toeend-Matrix-animation-transform">
     <input semantic="INPUT" source="#jnt_right_toeend-Matrix-animation-input"></input>
     <input semantic="OUTPUT" source="#jnt_right_toeend-Matrix-animation-output-transform"></input>
     <input semantic="INTERPOLATION" source="#jnt_right_toeend-Interpolations"></input>
    </sampler>
    <channel source="#jnt_right_toeend-Matrix-animation-transform" target="jnt_right_toeend/matrix"></channel>
   </animation>
  </animation>
  <animation id="jnt_left_upleg-anim" name="jnt_left_upleg">
   <animation>
    <source id="jnt_left_upleg-Matrix-animation-input">
     <float_array id="jnt_left_upleg-Matrix-animation-input-array" count="53">

0.000000 0.033333 0.066667 0.100000 0.133333 0.166667 0.200000 0.233333 0.266667 0.300000 0.333333 0.366667 0.400000 0.433333 0.466667 0.500000
0.533333 0.566667 0.600000 0.633333 0.666667 0.700000 0.733333 0.766667 0.800000 0.833333 0.866667 0.900000 0.933333 0.966667 1.000000 1.033333
1.066667 1.100000 1.133333 1.166667 1.200000 1.233333 1.266667 1.300000 1.333333 1.366667 1.400000 1.433333 1.466667 1.500000 1.533333 1.566667
1.600000 1.633333 1.666667 1.700000 1.733333</float_array>
     <technique_common>
      <accessor source="#jnt_left_upleg-Matrix-animation-input-array" count="53">
       <param name="TIME" type="float"></param>
      </accessor>
     </technique_common>
    </source>
    <source id="jnt_left_upleg-Matrix-animation-output-transform">
     <float_array id="jnt_left_upleg-Matrix-animation-output-transform-array" count="848">

0.112561 0.332886 -0.936224 0.446779 -0.993504 0.053590 -0.100393 -0.111213 0.016753 0.941443 0.336756 0.043020 0.000000 0.000000 0.000000 1.000000
0.112561 0.332886 -0.936224 0.446779 -0.993504 0.053590 -0.100393 -0.111213 0.016753 0.941443 0.336756 0.043020 0.000000 0.000000 0.000000 1.000000
0.112561 0.332886 -0.936224 0.446779 -0.993504 0.053590 -0.100393 -0.111213 0.016753 0.941443 0.336756 0.043020 0.000000 0.000000 0.000000 1.000000
0.112561 0.332886 -0.936224 0.446779 -0.993504 0.053590 -0.100393 -0.111213 0.016753 0.941443 0.336756 0.043020 0.000000 0.000000 0.000000 1.000000
0.112561 0.332886 -0.936224 0.446779 -0.993504 0.053590 -0.100393 -0.111213 0.016753 0.941443 0.336756 0.043020 0.000000 0.000000 0.000000 1.000000
0.112561 0.332886 -0.936224 0.446779 -0.993504 0.053590 -0.100393 -0.111213 0.016753 0.941443 0.336756 0.043020 0.000000 0.000000 0.000000 1.000000
0.112561 0.332886 -0.936224 0.446779 -0.993504 0.053590 -0.100393 -0.111213 0.016753 0.941443 0.336756 0.043020 0.000000 0.000000 0.000000 1.000000
0.112561 0.332886 -0.936224 0.446779 -0.993504 0.053590 -0.100393 -0.111213 0.016753 0.941443 0.336756 0.043020 0.000000 0.000000 0.000000 1.000000
0.112561 0.332886 -0.936224 0.446779 -0.993504 0.053590 -0.100393 -0.111213 0.016753 0.941443 0.336756 0.043020 0.000000 0.000000 0.000000 1.000000
0.112561 0.332886 -0.936224 0.446779 -0.993504 0.053590 -0.100393 -0.111213 0.016753 0.941443 0.336756 0.043020 0.000000 0.000000 0.000000 1.000000
0.112561 0.332886 -0.936224 0.446779 -0.993504 0.053590 -0.100393 -0.111213 0.016753 0.941443 0.336756 0.043020 0.000000 0.000000 0.000000 1.000000
0.112561 0.332886 -0.936224 0.446779 -0.993504 0.053590 -0.100393 -0.111213 0.016753 0.941443 0.336756 0.043020 0.000000 0.000000 0.000000 1.000000
0.112561 0.332886 -0.936224 0.446779 -0.993504 0.053590 -0.100393 -0.111213 0.016753 0.941443 0.336756 0.043020 0.000000 0.000000 0.000000 1.000000
0.112561 0.332886 -0.936224 0.446779 -0.993504 0.053590 -0.100393 -0.111213 0.016753 0.941443 0.336756 0.043020 0.000000 0.000000 0.000000 1.000000
0.112561 0.332886 -0.936224 0.446779 -0.993504 0.053590 -0.100393 -0.111213 0.016753 0.941443 0.336756 0.043020 0.000000 0.000000 0.000000 1.000000
0.112561 0.332886 -0.936224 0.446779 -0.993504 0.053590 -0.100393 -0.111213 0.016753 0.941443 0.336756 0.043020 0.000000 0.000000 0.000000 1.000000
0.112561 0.332886 -0.936224 0.446779 -0.993504 0.053590 -0.100393 -0.111213 0.016753 0.941443 0.336756 0.043020 0.000000 0.000000 0.000000 1.000000
0.112561 0.332886 -0.936224 0.446779 -0.993504 0.053590 -0.100393 -0.111213 0.016753 0.941443 0.336756 0.043020 0.000000 0.000000 0.000000 1.000000
0.112561 0.332886 -0.936224 0.446779 -0.993504 0.053590 -0.100393 -0.111213 0.016753 0.941443 0.336756 0.043020 0.000000 0.000000 0.000000 1.000000
0.112561 0.332886 -0.936224 0.446779 -0.993504 0.053590 -0.100393 -0.111213 0.016753 0.941443 0.336756 0.043020 0.000000 0.000000 0.000000 1.000000
0.112561 0.332886 -0.936224 0.446779 -0.993504 0.053590 -0.100393 -0.111213 0.016753 0.941443 0.336756 0.043020 0.000000 0.000000 0.000000 1.000000
0.112561 0.332886 -0.936224 0.446779 -0.993504 0.053590 -0.100393 -0.111213 0.016753 0.941443 0.336756 0.043020 0.000000 0.000000 0.000000 1.000000
0.112561 0.332886 -0.936224 0.446779 -0.993504 0.053590 -0.100393 -0.111213 0.016753 0.941443 0.336756 0.043020 0.000000 0.000000 0.000000 1.000000
0.112561 0.332886 -0.936224 0.446779 -0.993504 0.053590 -0.100393 -0.111213 0.016753 0.941443 0.336756 0.043020 0.000000 0.000000 0.000000 1.000000
0.112561 0.332886 -0.936224 0.446779 -0.993504 0.053590 -0.100393 -0.111213 0.016753 0.941443 0.336756 0.043020 0.000000 0.000000 0.000000 1.000000
0.112561 0.332886 -0.936224 0.446779 -0.993504 0.053590 -0.100393 -0.111213 0.016753 0.941443 0.336756 0.043020 0.000000 0.000000 0.000000 1.000000
0.112561 0.332886 -0.936224 0.446779 -0.993504 0.053590 -0.100393 -0.111213 0.016753 0.941443 0.336756 0.043020 0.000000 0.000000 0.000000 1.000000
0.112561 0.332886 -0.936224 0.446779 -0.993504 0.053590 -0.100393 -0.111213 0.016753 0.941443 0.336756 0.043020 0.000000 0.000000 0.000000 1.000000
0.112561 0.332886 -0.936224 0.446779 -0.993504 0.053590 -0.100393 -0.111213 0.016753 0.941443 0.336756 0.043020 0.000000 0.000000 0.000000 1.000000
0.112561 0.332886 -0.936224 0.446779 -0.993504 0.053590 -0.100393 -0.111213 0.016753 0.941443 0.336756 0.043020 0.000000 0.000000 0.000000 1.000000
0.112561 0.332886 -0.936224 0.446779 -0.993504 0.053590 -0.100393 -0.111213 0.016753 0.941443 0.336756 0.043020 0.000000 0.000000 0.000000 1.000000
0.112561 0.332886 -0.936224 0.446779 -0.993504 0.053590 -0.100393 -0.111213 0.016753 0.941443 0.336756 0.043020 0.000000 0.000000 0.000000 1.000000
0.112561 0.332886 -0.936224 0.446779 -0.993504 0.053590 -0.100393 -0.111213 0.016753 0.941443 0.336756 0.043020 0.000000 0.000000 0.000000 1.000000
0.112561 0.332886 -0.936224 0.446779 -0.993504 0.053590 -0.100393 -0.111213 0.016753 0.941443 0.336756 0.043020 0.000000 0.000000 0.000000 1.000000
0.112561 0.332886 -0.936224 0.446779 -0.993504 0.053590 -0.100393 -0.111213 0.016753 0.941443 0.336756 0.043020 0.000000 0.000000 0.000000 1.000000
0.112561 0.332886 -0.936224 0.446779 -0.993504 0.053590 -0.100393 -0.111213 0.016753 0.941443 0.336756 0.043020 0.000000 0.000000 0.000000 1.000000
0.112561 0.332886 -0.936224 0.446779 -0.993504 0.053590 -0.100393 -0.111213 0.016753 0.941443 0.336756 0.043020 0.000000 0.000000 0.000000 1.000000
0.112561 0.332886 -0.936224 0.446779 -0.993504 0.053590 -0.100393 -0.111213 0.016753 0.941443 0.336756 0.043020 0.000000 0.000000 0.000000 1.000000
0.112561 0.332886 -0.936224 0.446779 -0.993504 0.053590 -0.100393 -0.111213 0.016753 0.941443 0.336756 0.043020 0.000000 0.000000 0.000000 1.000000
0.112561 0.332886 -0.936224 0.446779 -0.993504 0.053590 -0.100393 -0.111213 0.016753 0.941443 0.336756 0.043020 0.000000 0.000000 0.000000 1.000000
0.112561 0.332886 -0.936224 0.446779 -0.993504 0.053590 -0.100393 -0.111213 0.016753 0.941443 0.336756 0.043020 0.000000 0.000000 0.000000 1.000000
0.112561 0.332886 -0.936224 0.446779 -0.993504 0.053590 -0.100393 -0.111213 0.016753 0.941443 0.336756 0.043020 0.000000 0.000000 0.000000 1.000000
0.112561 0.332886 -0.936224 0.446779 -0.993504 0.053590 -0.100393 -0.111213 0.016753 0.941443 0.336756 0.043020 0.000000 0.000000 0.000000 1.000000
0.112561 0.332886 -0.936224 0.446779 -0.993504 0.053590 -0.100393 -0.111213 0.016753 0.941443 0.336756 0.043020 0.000000 0.000000 0.000000 1.000000
0.112561 0.332886 -0.936224 0.446779 -0.993504 0.053590 -0.100393 -0.111213 0.016753 0.941443 0.336756 0.043020 0.000000 0.000000 0.000000 1.000000
0.112561 0.332886 -0.936224 0.446779 -0.993504 0.053590 -0.100393 -0.111213 0.016753 0.941443 0.336756 0.043020 0.000000 0.000000 0.000000 1.000000
0.112561 0.332886 -0.936224 0.446779 -0.993504 0.053590 -0.100393 -0.111213 0.016753 0.941443 0.336756 0.043020 0.000000 0.000000 0.000000 1.000000
0.112561 0.332886 -0.936224 0.446779 -0.993504 0.053590 -0.100393 -0.111213 0.016753 0.941443 0.336756 0.043020 0.000000 0.000000 0.000000 1.000000
0.112561 0.332886 -0.936224 0.446779 -0.993504 0.053590 -0.100393 -0.111213 0.016753 0.941443 0.336756 0.043020 0.000000 0.000000 0.000000 1.000000
0.112561 0.332886 -0.936224 0.446779 -0.993504 0.053590 -0.100393 -0.111213 0.016753 0.941443 0.336756 0.043020 0.000000 0.000000 0.000000 1.000000
0.112561 0.332886 -0.936224 0.446779 -0.993504 0.053590 -0.100393 -0.111213 0.016753 0.941443 0.336756 0.043020 0.000000 0.000000 0.000000 1.000000
0.112561 0.332886 -0.936224 0.446779 -0.993504 0.053590 -0.100393 -0.111213 0.016753 0.941443 0.336756 0.043020 0.000000 0.000000 0.000000 1.000000
0.112561 0.332886 -0.936224 0.446779 -0.993504 0.053590 -0.100393 -0.111213 0.016753 0.941443 0.336756 0.043020 0.000000 0.000000 0.000000 1.000000</float_array>
     <technique_common>
      <accessor source="#jnt_left_upleg-Matrix-animation-output-transform-array" count="53" stride="16">
       <param type="float4x4"></param>
      </accessor>
     </technique_common>
    </source>
    <source id="jnt_left_upleg-Interpolations">
     <Name_array id="jnt_left_upleg-Interpolations-array" count="53">
 LINEAR LINEAR LINEAR LINEAR LINEAR LINEAR LINEAR LINEAR LINEAR LINEAR LINEAR
LINEAR LINEAR LINEAR LINEAR LINEAR LINEAR LINEAR LINEAR LINEAR LINEAR LINEAR LINEAR
LINEAR LINEAR LINEAR LINEAR LINEAR LINEAR LINEAR LINEAR LINEAR LINEAR LINEAR LINEAR
LINEAR LINEAR LINEAR LINEAR LINEAR LINEAR LINEAR LINEAR LINEAR LINEAR LINEAR LINEAR
LINEAR LINEAR LINEAR LINEAR LINEAR LINEAR</Name_array>
     <technique_common>
      <accessor source="#jnt_left_upleg-Interpolations-array" count="53">
       <param type="name"></param>
      </accessor>
     </technique_common>
    </source>
    <sampler id="jnt_left_upleg-Matrix-animation-transform">
     <input semantic="INPUT" source="#jnt_left_upleg-Matrix-animation-input"></input>
     <input semantic="OUTPUT" source="#jnt_left_upleg-Matrix-animation-output-transform"></input>
     <input semantic="INTERPOLATION" source="#jnt_left_upleg-Interpolations"></input>
    </sampler>
    <channel source="#jnt_left_upleg-Matrix-animation-transform" target="jnt_left_upleg/matrix"></channel>
   </animation>
  </animation>
  <animation id="jnt_left_uplegroll-anim" name="jnt_left_uplegroll">
   <animation>
    <source id="jnt_left_uplegroll-Matrix-animation-input">
     <float_array id="jnt_left_uplegroll-Matrix-animation-input-array" count="53">

0.000000 0.033333 0.066667 0.100000 0.133333 0.166667 0.200000 0.233333 0.266667 0.300000 0.333333 0.366667 0.400000 0.433333 0.466667 0.500000
0.533333 0.566667 0.600000 0.633333 0.666667 0.700000 0.733333 0.766667 0.800000 0.833333 0.866667 0.900000 0.933333 0.966667 1.000000 1.033333
1.066667 1.100000 1.133333 1.166667 1.200000 1.233333 1.266667 1.300000 1.333333 1.366667 1.400000 1.433333 1.466667 1.500000 1.533333 1.566667
1.600000 1.633333 1.666667 1.700000 1.733333</float_array>
     <technique_common>
      <accessor source="#jnt_left_uplegroll-Matrix-animation-input-array" count="53">
       <param name="TIME" type="float"></param>
      </accessor>
     </technique_common>
    </source>
    <source id="jnt_left_uplegroll-Matrix-animation-output-transform">
     <float_array id="jnt_left_uplegroll-Matrix-animation-output-transform-array" count="848">

1.000000 -0.000000 -0.000000 0.430000 0.000000 1.000000 -0.000000 -0.000000 0.000000 0.000000 1.000000 0.000000 0.000000 0.000000 0.000000 1.000000
1.000000 -0.000000 -0.000000 0.430000 0.000000 1.000000 -0.000000 -0.000000 0.000000 0.000000 1.000000 0.000000 0.000000 0.000000 0.000000 1.000000
1.000000 -0.000000 -0.000000 0.430000 0.000000 1.000000 -0.000000 -0.000000 0.000000 0.000000 1.000000 0.000000 0.000000 0.000000 0.000000 1.000000
1.000000 -0.000000 -0.000000 0.430000 0.000000 1.000000 -0.000000 -0.000000 0.000000 0.000000 1.000000 0.000000 0.000000 0.000000 0.000000 1.000000
1.000000 -0.000000 -0.000000 0.430000 0.000000 1.000000 -0.000000 -0.000000 0.000000 0.000000 1.000000 0.000000 0.000000 0.000000 0.000000 1.000000
1.000000 -0.000000 -0.000000 0.430000 0.000000 1.000000 -0.000000 -0.000000 0.000000 0.000000 1.000000 0.000000 0.000000 0.000000 0.000000 1.000000
1.000000 -0.000000 -0.000000 0.430000 0.000000 1.000000 -0.000000 -0.000000 0.000000 0.000000 1.000000 0.000000 0.000000 0.000000 0.000000 1.000000
1.000000 -0.000000 -0.000000 0.430000 0.000000 1.000000 -0.000000 -0.000000 0.000000 0.000000 1.000000 0.000000 0.000000 0.000000 0.000000 1.000000
1.000000 -0.000000 -0.000000 0.430000 0.000000 1.000000 -0.000000 -0.000000 0.000000 0.000000 1.000000 0.000000 0.000000 0.000000 0.000000 1.000000
1.000000 -0.000000 -0.000000 0.430000 0.000000 1.000000 -0.000000 -0.000000 0.000000 0.000000 1.000000 0.000000 0.000000 0.000000 0.000000 1.000000
1.000000 -0.000000 -0.000000 0.430000 0.000000 1.000000 -0.000000 -0.000000 0.000000 0.000000 1.000000 0.000000 0.000000 0.000000 0.000000 1.000000
1.000000 -0.000000 -0.000000 0.430000 0.000000 1.000000 -0.000000 -0.000000 0.000000 0.000000 1.000000 0.000000 0.000000 0.000000 0.000000 1.000000
1.000000 -0.000000 -0.000000 0.430000 0.000000 1.000000 -0.000000 -0.000000 0.000000 0.000000 1.000000 0.000000 0.000000 0.000000 0.000000 1.000000
1.000000 -0.000000 -0.000000 0.430000 0.000000 1.000000 -0.000000 -0.000000 0.000000 0.000000 1.000000 0.000000 0.000000 0.000000 0.000000 1.000000
1.000000 -0.000000 -0.000000 0.430000 0.000000 1.000000 -0.000000 -0.000000 0.000000 0.000000 1.000000 0.000000 0.000000 0.000000 0.000000 1.000000
1.000000 -0.000000 -0.000000 0.430000 0.000000 1.000000 -0.000000 -0.000000 0.000000 0.000000 1.000000 0.000000 0.000000 0.000000 0.000000 1.000000
1.000000 -0.000000 -0.000000 0.430000 0.000000 1.000000 -0.000000 -0.000000 0.000000 0.000000 1.000000 0.000000 0.000000 0.000000 0.000000 1.000000
1.000000 -0.000000 -0.000000 0.430000 0.000000 1.000000 -0.000000 -0.000000 0.000000 0.000000 1.000000 0.000000 0.000000 0.000000 0.000000 1.000000
1.000000 -0.000000 -0.000000 0.430000 0.000000 1.000000 -0.000000 -0.000000 0.000000 0.000000 1.000000 0.000000 0.000000 0.000000 0.000000 1.000000
1.000000 -0.000000 -0.000000 0.430000 0.000000 1.000000 -0.000000 -0.000000 0.000000 0.000000 1.000000 0.000000 0.000000 0.000000 0.000000 1.000000
1.000000 -0.000000 -0.000000 0.430000 0.000000 1.000000 -0.000000 -0.000000 0.000000 0.000000 1.000000 0.000000 0.000000 0.000000 0.000000 1.000000
1.000000 -0.000000 -0.000000 0.430000 0.000000 1.000000 -0.000000 -0.000000 0.000000 0.000000 1.000000 0.000000 0.000000 0.000000 0.000000 1.000000
1.000000 -0.000000 -0.000000 0.430000 0.000000 1.000000 -0.000000 -0.000000 0.000000 0.000000 1.000000 0.000000 0.000000 0.000000 0.000000 1.000000
1.000000 -0.000000 -0.000000 0.430000 0.000000 1.000000 -0.000000 -0.000000 0.000000 0.000000 1.000000 0.000000 0.000000 0.000000 0.000000 1.000000
1.000000 -0.000000 -0.000000 0.430000 0.000000 1.000000 -0.000000 -0.000000 0.000000 0.000000 1.000000 0.000000 0.000000 0.000000 0.000000 1.000000
1.000000 -0.000000 -0.000000 0.430000 0.000000 1.000000 -0.000000 -0.000000 0.000000 0.000000 1.000000 0.000000 0.000000 0.000000 0.000000 1.000000
1.000000 -0.000000 -0.000000 0.430000 0.000000 1.000000 -0.000000 -0.000000 0.000000 0.000000 1.000000 0.000000 0.000000 0.000000 0.000000 1.000000
1.000000 -0.000000 -0.000000 0.430000 0.000000 1.000000 -0.000000 -0.000000 0.000000 0.000000 1.000000 0.000000 0.000000 0.000000 0.000000 1.000000
1.000000 -0.000000 -0.000000 0.430000 0.000000 1.000000 -0.000000 -0.000000 0.000000 0.000000 1.000000 0.000000 0.000000 0.000000 0.000000 1.000000
1.000000 -0.000000 -0.000000 0.430000 0.000000 1.000000 -0.000000 -0.000000 0.000000 0.000000 1.000000 0.000000 0.000000 0.000000 0.000000 1.000000
1.000000 -0.000000 -0.000000 0.430000 0.000000 1.000000 -0.000000 -0.000000 0.000000 0.000000 1.000000 0.000000 0.000000 0.000000 0.000000 1.000000
1.000000 -0.000000 -0.000000 0.430000 0.000000 1.000000 -0.000000 -0.000000 0.000000 0.000000 1.000000 0.000000 0.000000 0.000000 0.000000 1.000000
1.000000 -0.000000 -0.000000 0.430000 0.000000 1.000000 -0.000000 -0.000000 0.000000 0.000000 1.000000 0.000000 0.000000 0.000000 0.000000 1.000000
1.000000 -0.000000 -0.000000 0.430000 0.000000 1.000000 -0.000000 -0.000000 0.000000 0.000000 1.000000 0.000000 0.000000 0.000000 0.000000 1.000000
1.000000 -0.000000 -0.000000 0.430000 0.000000 1.000000 -0.000000 -0.000000 0.000000 0.000000 1.000000 0.000000 0.000000 0.000000 0.000000 1.000000
1.000000 -0.000000 -0.000000 0.430000 0.000000 1.000000 -0.000000 -0.000000 0.000000 0.000000 1.000000 0.000000 0.000000 0.000000 0.000000 1.000000
1.000000 -0.000000 -0.000000 0.430000 0.000000 1.000000 -0.000000 -0.000000 0.000000 0.000000 1.000000 0.000000 0.000000 0.000000 0.000000 1.000000
1.000000 -0.000000 -0.000000 0.430000 0.000000 1.000000 -0.000000 -0.000000 0.000000 0.000000 1.000000 0.000000 0.000000 0.000000 0.000000 1.000000
1.000000 -0.000000 -0.000000 0.430000 0.000000 1.000000 -0.000000 -0.000000 0.000000 0.000000 1.000000 0.000000 0.000000 0.000000 0.000000 1.000000
1.000000 -0.000000 -0.000000 0.430000 0.000000 1.000000 -0.000000 -0.000000 0.000000 0.000000 1.000000 0.000000 0.000000 0.000000 0.000000 1.000000
1.000000 -0.000000 -0.000000 0.430000 0.000000 1.000000 -0.000000 -0.000000 0.000000 0.000000 1.000000 0.000000 0.000000 0.000000 0.000000 1.000000
1.000000 -0.000000 -0.000000 0.430000 0.000000 1.000000 -0.000000 -0.000000 0.000000 0.000000 1.000000 0.000000 0.000000 0.000000 0.000000 1.000000
1.000000 -0.000000 -0.000000 0.430000 0.000000 1.000000 -0.000000 -0.000000 0.000000 0.000000 1.000000 0.000000 0.000000 0.000000 0.000000 1.000000
1.000000 -0.000000 -0.000000 0.430000 0.000000 1.000000 -0.000000 -0.000000 0.000000 0.000000 1.000000 0.000000 0.000000 0.000000 0.000000 1.000000
1.000000 -0.000000 -0.000000 0.430000 0.000000 1.000000 -0.000000 -0.000000 0.000000 0.000000 1.000000 0.000000 0.000000 0.000000 0.000000 1.000000
1.000000 -0.000000 -0.000000 0.430000 0.000000 1.000000 -0.000000 -0.000000 0.000000 0.000000 1.000000 0.000000 0.000000 0.000000 0.000000 1.000000
1.000000 -0.000000 -0.000000 0.430000 0.000000 1.000000 -0.000000 -0.000000 0.000000 0.000000 1.000000 0.000000 0.000000 0.000000 0.000000 1.000000
1.000000 -0.000000 -0.000000 0.430000 0.000000 1.000000 -0.000000 -0.000000 0.000000 0.000000 1.000000 0.000000 0.000000 0.000000 0.000000 1.000000
1.000000 -0.000000 -0.000000 0.430000 0.000000 1.000000 -0.000000 -0.000000 0.000000 0.000000 1.000000 0.000000 0.000000 0.000000 0.000000 1.000000
1.000000 -0.000000 -0.000000 0.430000 0.000000 1.000000 -0.000000 -0.000000 0.000000 0.000000 1.000000 0.000000 0.000000 0.000000 0.000000 1.000000
1.000000 -0.000000 -0.000000 0.430000 0.000000 1.000000 -0.000000 -0.000000 0.000000 0.000000 1.000000 0.000000 0.000000 0.000000 0.000000 1.000000
1.000000 -0.000000 -0.000000 0.430000 0.000000 1.000000 -0.000000 -0.000000 0.000000 0.000000 1.000000 0.000000 0.000000 0.000000 0.000000 1.000000
1.000000 -0.000000 -0.000000 0.430000 0.000000 1.000000 -0.000000 -0.000000 0.000000 0.000000 1.000000 0.000000 0.000000 0.000000 0.000000 1.000000</float_array>
     <technique_common>
      <accessor source="#jnt_left_uplegroll-Matrix-animation-output-transform-array" count="53" stride="16">
       <param type="float4x4"></param>
      </accessor>
     </technique_common>
    </source>
    <source id="jnt_left_uplegroll-Interpolations">
     <Name_array id="jnt_left_uplegroll-Interpolations-array" count="53">
 LINEAR LINEAR LINEAR LINEAR LINEAR LINEAR LINEAR LINEAR LINEAR LINEAR LINEAR
LINEAR LINEAR LINEAR LINEAR LINEAR LINEAR LINEAR LINEAR LINEAR LINEAR LINEAR LINEAR
LINEAR LINEAR LINEAR LINEAR LINEAR LINEAR LINEAR LINEAR LINEAR LINEAR LINEAR LINEAR
LINEAR LINEAR LINEAR LINEAR LINEAR LINEAR LINEAR LINEAR LINEAR LINEAR LINEAR LINEAR
LINEAR LINEAR LINEAR LINEAR LINEAR LINEAR</Name_array>
     <technique_common>
      <accessor source="#jnt_left_uplegroll-Interpolations-array" count="53">
       <param type="name"></param>
      </accessor>
     </technique_common>
    </source>
    <sampler id="jnt_left_uplegroll-Matrix-animation-transform">
     <input semantic="INPUT" source="#jnt_left_uplegroll-Matrix-animation-input"></input>
     <input semantic="OUTPUT" source="#jnt_left_uplegroll-Matrix-animation-output-transform"></input>
     <input semantic="INTERPOLATION" source="#jnt_left_uplegroll-Interpolations"></input>
    </sampler>
    <channel source="#jnt_left_uplegroll-Matrix-animation-transform" target="jnt_left_uplegroll/matrix"></channel>
   </animation>
  </animation>
  <animation id="jnt_left_leg-anim" name="jnt_left_leg">
   <animation>
    <source id="jnt_left_leg-Matrix-animation-input">
     <float_array id="jnt_left_leg-Matrix-animation-input-array" count="53">

0.000000 0.033333 0.066667 0.100000 0.133333 0.166667 0.200000 0.233333 0.266667 0.300000 0.333333 0.366667 0.400000 0.433333 0.466667 0.500000
0.533333 0.566667 0.600000 0.633333 0.666667 0.700000 0.733333 0.766667 0.800000 0.833333 0.866667 0.900000 0.933333 0.966667 1.000000 1.033333
1.066667 1.100000 1.133333 1.166667 1.200000 1.233333 1.266667 1.300000 1.333333 1.366667 1.400000 1.433333 1.466667 1.500000 1.533333 1.566667
1.600000 1.633333 1.666667 1.700000 1.733333</float_array>
     <technique_common>
      <accessor source="#jnt_left_leg-Matrix-animation-input-array" count="53">
       <param name="TIME" type="float"></param>
      </accessor>
     </technique_common>
    </source>
    <source id="jnt_left_leg-Matrix-animation-output-transform">
     <float_array id="jnt_left_leg-Matrix-animation-output-transform-array" count="848">

0.968052 0.250284 0.015281 0.860328 -0.240268 0.943298 -0.229044 -0.000000 -0.071741 0.218054 0.973296 0.000001 0.000000 0.000000 0.000000 1.000000
0.968052 0.250284 0.015281 0.860328 -0.240268 0.943298 -0.229044 -0.000000 -0.071741 0.218054 0.973296 0.000001 0.000000 0.000000 0.000000 1.000000
0.968052 0.250284 0.015281 0.860328 -0.240268 0.943298 -0.229044 -0.000000 -0.071741 0.218054 0.973296 0.000001 0.000000 0.000000 0.000000 1.000000
0.968052 0.250284 0.015281 0.860328 -0.240268 0.943298 -0.229044 -0.000000 -0.071741 0.218054 0.973296 0.000001 0.000000 0.000000 0.000000 1.000000
0.968052 0.250284 0.015281 0.860328 -0.240268 0.943298 -0.229044 -0.000000 -0.071741 0.218054 0.973296 0.000001 0.000000 0.000000 0.000000 1.000000
0.968052 0.250284 0.015281 0.860328 -0.240268 0.943298 -0.229044 -0.000000 -0.071741 0.218054 0.973296 0.000001 0.000000 0.000000 0.000000 1.000000
0.968052 0.250284 0.015281 0.860328 -0.240268 0.943298 -0.229044 -0.000000 -0.071741 0.218054 0.973296 0.000001 0.000000 0.000000 0.000000 1.000000
0.968052 0.250284 0.015281 0.860328 -0.240268 0.943298 -0.229044 -0.000000 -0.071741 0.218054 0.973296 0.000001 0.000000 0.000000 0.000000 1.000000
0.968052 0.250284 0.015281 0.860328 -0.240268 0.943298 -0.229044 -0.000000 -0.071741 0.218054 0.973296 0.000001 0.000000 0.000000 0.000000 1.000000
0.968052 0.250284 0.015281 0.860328 -0.240268 0.943298 -0.229044 -0.000000 -0.071741 0.218054 0.973296 0.000001 0.000000 0.000000 0.000000 1.000000
0.968052 0.250284 0.015281 0.860328 -0.240268 0.943298 -0.229044 -0.000000 -0.071741 0.218054 0.973296 0.000001 0.000000 0.000000 0.000000 1.000000
0.968052 0.250284 0.015281 0.860328 -0.240268 0.943298 -0.229044 -0.000000 -0.071741 0.218054 0.973296 0.000001 0.000000 0.000000 0.000000 1.000000
0.968052 0.250284 0.015281 0.860328 -0.240268 0.943298 -0.229044 -0.000000 -0.071741 0.218054 0.973296 0.000001 0.000000 0.000000 0.000000 1.000000
0.968052 0.250284 0.015281 0.860328 -0.240268 0.943298 -0.229044 -0.000000 -0.071741 0.218054 0.973296 0.000001 0.000000 0.000000 0.000000 1.000000
0.968052 0.250284 0.015281 0.860328 -0.240268 0.943298 -0.229044 -0.000000 -0.071741 0.218054 0.973296 0.000001 0.000000 0.000000 0.000000 1.000000
0.968052 0.250284 0.015281 0.860328 -0.240268 0.943298 -0.229044 -0.000000 -0.071741 0.218054 0.973296 0.000001 0.000000 0.000000 0.000000 1.000000
0.968052 0.250284 0.015281 0.860328 -0.240268 0.943298 -0.229044 -0.000000 -0.071741 0.218054 0.973296 0.000001 0.000000 0.000000 0.000000 1.000000
0.968052 0.250284 0.015281 0.860328 -0.240268 0.943298 -0.229044 -0.000000 -0.071741 0.218054 0.973296 0.000001 0.000000 0.000000 0.000000 1.000000
0.968052 0.250284 0.015281 0.860328 -0.240268 0.943298 -0.229044 -0.000000 -0.071741 0.218054 0.973296 0.000001 0.000000 0.000000 0.000000 1.000000
0.968052 0.250284 0.015281 0.860328 -0.240268 0.943298 -0.229044 -0.000000 -0.071741 0.218054 0.973296 0.000001 0.000000 0.000000 0.000000 1.000000
0.968052 0.250284 0.015281 0.860328 -0.240268 0.943298 -0.229044 -0.000000 -0.071741 0.218054 0.973296 0.000001 0.000000 0.000000 0.000000 1.000000
0.968052 0.250284 0.015281 0.860328 -0.240268 0.943298 -0.229044 -0.000000 -0.071741 0.218054 0.973296 0.000001 0.000000 0.000000 0.000000 1.000000
0.968052 0.250284 0.015281 0.860328 -0.240268 0.943298 -0.229044 -0.000000 -0.071741 0.218054 0.973296 0.000001 0.000000 0.000000 0.000000 1.000000
0.968052 0.250284 0.015281 0.860328 -0.240268 0.943298 -0.229044 -0.000000 -0.071741 0.218054 0.973296 0.000001 0.000000 0.000000 0.000000 1.000000
0.968052 0.250284 0.015281 0.860328 -0.240268 0.943298 -0.229044 -0.000000 -0.071741 0.218054 0.973296 0.000001 0.000000 0.000000 0.000000 1.000000
0.968052 0.250284 0.015281 0.860328 -0.240268 0.943298 -0.229044 -0.000000 -0.071741 0.218054 0.973296 0.000001 0.000000 0.000000 0.000000 1.000000
0.968052 0.250284 0.015281 0.860328 -0.240268 0.943298 -0.229044 -0.000000 -0.071741 0.218054 0.973296 0.000001 0.000000 0.000000 0.000000 1.000000
0.968052 0.250284 0.015281 0.860328 -0.240268 0.943298 -0.229044 -0.000000 -0.071741 0.218054 0.973296 0.000001 0.000000 0.000000 0.000000 1.000000
0.968052 0.250284 0.015281 0.860328 -0.240268 0.943298 -0.229044 -0.000000 -0.071741 0.218054 0.973296 0.000001 0.000000 0.000000 0.000000 1.000000
0.968052 0.250284 0.015281 0.860328 -0.240268 0.943298 -0.229044 -0.000000 -0.071741 0.218054 0.973296 0.000001 0.000000 0.000000 0.000000 1.000000
0.968052 0.250284 0.015281 0.860328 -0.240268 0.943298 -0.229044 -0.000000 -0.071741 0.218054 0.973296 0.000001 0.000000 0.000000 0.000000 1.000000
0.968052 0.250284 0.015281 0.860328 -0.240268 0.943298 -0.229044 -0.000000 -0.071741 0.218054 0.973296 0.000001 0.000000 0.000000 0.000000 1.000000
0.968052 0.250284 0.015281 0.860328 -0.240268 0.943298 -0.229044 -0.000000 -0.071741 0.218054 0.973296 0.000001 0.000000 0.000000 0.000000 1.000000
0.968052 0.250284 0.015281 0.860328 -0.240268 0.943298 -0.229044 -0.000000 -0.071741 0.218054 0.973296 0.000001 0.000000 0.000000 0.000000 1.000000
0.968052 0.250284 0.015281 0.860328 -0.240268 0.943298 -0.229044 -0.000000 -0.071741 0.218054 0.973296 0.000001 0.000000 0.000000 0.000000 1.000000
0.968052 0.250284 0.015281 0.860328 -0.240268 0.943298 -0.229044 -0.000000 -0.071741 0.218054 0.973296 0.000001 0.000000 0.000000 0.000000 1.000000
0.968052 0.250284 0.015281 0.860328 -0.240268 0.943298 -0.229044 -0.000000 -0.071741 0.218054 0.973296 0.000001 0.000000 0.000000 0.000000 1.000000
0.968052 0.250284 0.015281 0.860328 -0.240268 0.943298 -0.229044 -0.000000 -0.071741 0.218054 0.973296 0.000001 0.000000 0.000000 0.000000 1.000000
0.968052 0.250284 0.015281 0.860328 -0.240268 0.943298 -0.229044 -0.000000 -0.071741 0.218054 0.973296 0.000001 0.000000 0.000000 0.000000 1.000000
0.968052 0.250284 0.015281 0.860328 -0.240268 0.943298 -0.229044 -0.000000 -0.071741 0.218054 0.973296 0.000001 0.000000 0.000000 0.000000 1.000000
0.968052 0.250284 0.015281 0.860328 -0.240268 0.943298 -0.229044 -0.000000 -0.071741 0.218054 0.973296 0.000001 0.000000 0.000000 0.000000 1.000000
0.968052 0.250284 0.015281 0.860328 -0.240268 0.943298 -0.229044 -0.000000 -0.071741 0.218054 0.973296 0.000001 0.000000 0.000000 0.000000 1.000000
0.968052 0.250284 0.015281 0.860328 -0.240268 0.943298 -0.229044 -0.000000 -0.071741 0.218054 0.973296 0.000001 0.000000 0.000000 0.000000 1.000000
0.968052 0.250284 0.015281 0.860328 -0.240268 0.943298 -0.229044 -0.000000 -0.071741 0.218054 0.973296 0.000001 0.000000 0.000000 0.000000 1.000000
0.968052 0.250284 0.015281 0.860328 -0.240268 0.943298 -0.229044 -0.000000 -0.071741 0.218054 0.973296 0.000001 0.000000 0.000000 0.000000 1.000000
0.968052 0.250284 0.015281 0.860328 -0.240268 0.943298 -0.229044 -0.000000 -0.071741 0.218054 0.973296 0.000001 0.000000 0.000000 0.000000 1.000000
0.968052 0.250284 0.015281 0.860328 -0.240268 0.943298 -0.229044 -0.000000 -0.071741 0.218054 0.973296 0.000001 0.000000 0.000000 0.000000 1.000000
0.968052 0.250284 0.015281 0.860328 -0.240268 0.943298 -0.229044 -0.000000 -0.071741 0.218054 0.973296 0.000001 0.000000 0.000000 0.000000 1.000000
0.968052 0.250284 0.015281 0.860328 -0.240268 0.943298 -0.229044 -0.000000 -0.071741 0.218054 0.973296 0.000001 0.000000 0.000000 0.000000 1.000000
0.968052 0.250284 0.015281 0.860328 -0.240268 0.943298 -0.229044 -0.000000 -0.071741 0.218054 0.973296 0.000001 0.000000 0.000000 0.000000 1.000000
0.968052 0.250284 0.015281 0.860328 -0.240268 0.943298 -0.229044 -0.000000 -0.071741 0.218054 0.973296 0.000001 0.000000 0.000000 0.000000 1.000000
0.968052 0.250284 0.015281 0.860328 -0.240268 0.943298 -0.229044 -0.000000 -0.071741 0.218054 0.973296 0.000001 0.000000 0.000000 0.000000 1.000000
0.968052 0.250284 0.015281 0.860328 -0.240268 0.943298 -0.229044 -0.000000 -0.071741 0.218054 0.973296 0.000001 0.000000 0.000000 0.000000 1.000000</float_array>
     <technique_common>
      <accessor source="#jnt_left_leg-Matrix-animation-output-transform-array" count="53" stride="16">
       <param type="float4x4"></param>
      </accessor>
     </technique_common>
    </source>
    <source id="jnt_left_leg-Interpolations">
     <Name_array id="jnt_left_leg-Interpolations-array" count="53">
 LINEAR LINEAR LINEAR LINEAR LINEAR LINEAR LINEAR LINEAR LINEAR LINEAR LINEAR
LINEAR LINEAR LINEAR LINEAR LINEAR LINEAR LINEAR LINEAR LINEAR LINEAR LINEAR LINEAR
LINEAR LINEAR LINEAR LINEAR LINEAR LINEAR LINEAR LINEAR LINEAR LINEAR LINEAR LINEAR
LINEAR LINEAR LINEAR LINEAR LINEAR LINEAR LINEAR LINEAR LINEAR LINEAR LINEAR LINEAR
LINEAR LINEAR LINEAR LINEAR LINEAR LINEAR</Name_array>
     <technique_common>
      <accessor source="#jnt_left_leg-Interpolations-array" count="53">
       <param type="name"></param>
      </accessor>
     </technique_common>
    </source>
    <sampler id="jnt_left_leg-Matrix-animation-transform">
     <input semantic="INPUT" source="#jnt_left_leg-Matrix-animation-input"></input>
     <input semantic="OUTPUT" source="#jnt_left_leg-Matrix-animation-output-transform"></input>
     <input semantic="INTERPOLATION" source="#jnt_left_leg-Interpolations"></input>
    </sampler>
    <channel source="#jnt_left_leg-Matrix-animation-transform" target="jnt_left_leg/matrix"></channel>
   </animation>
  </animation>
  <animation id="jnt_left_legroll-anim" name="jnt_left_legroll">
   <animation>
    <source id="jnt_left_legroll-Matrix-animation-input">
     <float_array id="jnt_left_legroll-Matrix-animation-input-array" count="53">

0.000000 0.033333 0.066667 0.100000 0.133333 0.166667 0.200000 0.233333 0.266667 0.300000 0.333333 0.366667 0.400000 0.433333 0.466667 0.500000
0.533333 0.566667 0.600000 0.633333 0.666667 0.700000 0.733333 0.766667 0.800000 0.833333 0.866667 0.900000 0.933333 0.966667 1.000000 1.033333
1.066667 1.100000 1.133333 1.166667 1.200000 1.233333 1.266667 1.300000 1.333333 1.366667 1.400000 1.433333 1.466667 1.500000 1.533333 1.566667
1.600000 1.633333 1.666667 1.700000 1.733333</float_array>
     <technique_common>
      <accessor source="#jnt_left_legroll-Matrix-animation-input-array" count="53">
       <param name="TIME" type="float"></param>
      </accessor>
     </technique_common>
    </source>
    <source id="jnt_left_legroll-Matrix-animation-output-transform">
     <float_array id="jnt_left_legroll-Matrix-animation-output-transform-array" count="848">

1.000000 -0.000000 -0.000000 0.384000 0.000000 1.000000 -0.000000 0.000000 0.000000 0.000000 1.000000 0.000000 0.000000 0.000000 0.000000 1.000000
1.000000 -0.000000 -0.000000 0.384000 0.000000 1.000000 -0.000000 0.000000 0.000000 0.000000 1.000000 0.000000 0.000000 0.000000 0.000000 1.000000
1.000000 -0.000000 -0.000000 0.384000 0.000000 1.000000 -0.000000 0.000000 0.000000 0.000000 1.000000 0.000000 0.000000 0.000000 0.000000 1.000000
1.000000 -0.000000 -0.000000 0.384000 0.000000 1.000000 -0.000000 0.000000 0.000000 0.000000 1.000000 0.000000 0.000000 0.000000 0.000000 1.000000
1.000000 -0.000000 -0.000000 0.384000 0.000000 1.000000 -0.000000 0.000000 0.000000 0.000000 1.000000 0.000000 0.000000 0.000000 0.000000 1.000000
1.000000 -0.000000 -0.000000 0.384000 0.000000 1.000000 -0.000000 0.000000 0.000000 0.000000 1.000000 0.000000 0.000000 0.000000 0.000000 1.000000
1.000000 -0.000000 -0.000000 0.384000 0.000000 1.000000 -0.000000 0.000000 0.000000 0.000000 1.000000 0.000000 0.000000 0.000000 0.000000 1.000000
1.000000 -0.000000 -0.000000 0.384000 0.000000 1.000000 -0.000000 0.000000 0.000000 0.000000 1.000000 0.000000 0.000000 0.000000 0.000000 1.000000
1.000000 -0.000000 -0.000000 0.384000 0.000000 1.000000 -0.000000 0.000000 0.000000 0.000000 1.000000 0.000000 0.000000 0.000000 0.000000 1.000000
1.000000 -0.000000 -0.000000 0.384000 0.000000 1.000000 -0.000000 0.000000 0.000000 0.000000 1.000000 0.000000 0.000000 0.000000 0.000000 1.000000
1.000000 -0.000000 -0.000000 0.384000 0.000000 1.000000 -0.000000 0.000000 0.000000 0.000000 1.000000 0.000000 0.000000 0.000000 0.000000 1.000000
1.000000 -0.000000 -0.000000 0.384000 0.000000 1.000000 -0.000000 0.000000 0.000000 0.000000 1.000000 0.000000 0.000000 0.000000 0.000000 1.000000
1.000000 -0.000000 -0.000000 0.384000 0.000000 1.000000 -0.000000 0.000000 0.000000 0.000000 1.000000 0.000000 0.000000 0.000000 0.000000 1.000000
1.000000 -0.000000 -0.000000 0.384000 0.000000 1.000000 -0.000000 0.000000 0.000000 0.000000 1.000000 0.000000 0.000000 0.000000 0.000000 1.000000
1.000000 -0.000000 -0.000000 0.384000 0.000000 1.000000 -0.000000 0.000000 0.000000 0.000000 1.000000 0.000000 0.000000 0.000000 0.000000 1.000000
1.000000 -0.000000 -0.000000 0.384000 0.000000 1.000000 -0.000000 0.000000 0.000000 0.000000 1.000000 0.000000 0.000000 0.000000 0.000000 1.000000
1.000000 -0.000000 -0.000000 0.384000 0.000000 1.000000 -0.000000 0.000000 0.000000 0.000000 1.000000 0.000000 0.000000 0.000000 0.000000 1.000000
1.000000 -0.000000 -0.000000 0.384000 0.000000 1.000000 -0.000000 0.000000 0.000000 0.000000 1.000000 0.000000 0.000000 0.000000 0.000000 1.000000
1.000000 -0.000000 -0.000000 0.384000 0.000000 1.000000 -0.000000 0.000000 0.000000 0.000000 1.000000 0.000000 0.000000 0.000000 0.000000 1.000000
1.000000 -0.000000 -0.000000 0.384000 0.000000 1.000000 -0.000000 0.000000 0.000000 0.000000 1.000000 0.000000 0.000000 0.000000 0.000000 1.000000
1.000000 -0.000000 -0.000000 0.384000 0.000000 1.000000 -0.000000 0.000000 0.000000 0.000000 1.000000 0.000000 0.000000 0.000000 0.000000 1.000000
1.000000 -0.000000 -0.000000 0.384000 0.000000 1.000000 -0.000000 0.000000 0.000000 0.000000 1.000000 0.000000 0.000000 0.000000 0.000000 1.000000
1.000000 -0.000000 -0.000000 0.384000 0.000000 1.000000 -0.000000 0.000000 0.000000 0.000000 1.000000 0.000000 0.000000 0.000000 0.000000 1.000000
1.000000 -0.000000 -0.000000 0.384000 0.000000 1.000000 -0.000000 0.000000 0.000000 0.000000 1.000000 0.000000 0.000000 0.000000 0.000000 1.000000
1.000000 -0.000000 -0.000000 0.384000 0.000000 1.000000 -0.000000 0.000000 0.000000 0.000000 1.000000 0.000000 0.000000 0.000000 0.000000 1.000000
1.000000 -0.000000 -0.000000 0.384000 0.000000 1.000000 -0.000000 0.000000 0.000000 0.000000 1.000000 0.000000 0.000000 0.000000 0.000000 1.000000
1.000000 -0.000000 -0.000000 0.384000 0.000000 1.000000 -0.000000 0.000000 0.000000 0.000000 1.000000 0.000000 0.000000 0.000000 0.000000 1.000000
1.000000 -0.000000 -0.000000 0.384000 0.000000 1.000000 -0.000000 0.000000 0.000000 0.000000 1.000000 0.000000 0.000000 0.000000 0.000000 1.000000
1.000000 -0.000000 -0.000000 0.384000 0.000000 1.000000 -0.000000 0.000000 0.000000 0.000000 1.000000 0.000000 0.000000 0.000000 0.000000 1.000000
1.000000 -0.000000 -0.000000 0.384000 0.000000 1.000000 -0.000000 0.000000 0.000000 0.000000 1.000000 0.000000 0.000000 0.000000 0.000000 1.000000
1.000000 -0.000000 -0.000000 0.384000 0.000000 1.000000 -0.000000 0.000000 0.000000 0.000000 1.000000 0.000000 0.000000 0.000000 0.000000 1.000000
1.000000 -0.000000 -0.000000 0.384000 0.000000 1.000000 -0.000000 0.000000 0.000000 0.000000 1.000000 0.000000 0.000000 0.000000 0.000000 1.000000
1.000000 -0.000000 -0.000000 0.384000 0.000000 1.000000 -0.000000 0.000000 0.000000 0.000000 1.000000 0.000000 0.000000 0.000000 0.000000 1.000000
1.000000 -0.000000 -0.000000 0.384000 0.000000 1.000000 -0.000000 0.000000 0.000000 0.000000 1.000000 0.000000 0.000000 0.000000 0.000000 1.000000
1.000000 -0.000000 -0.000000 0.384000 0.000000 1.000000 -0.000000 0.000000 0.000000 0.000000 1.000000 0.000000 0.000000 0.000000 0.000000 1.000000
1.000000 -0.000000 -0.000000 0.384000 0.000000 1.000000 -0.000000 0.000000 0.000000 0.000000 1.000000 0.000000 0.000000 0.000000 0.000000 1.000000
1.000000 -0.000000 -0.000000 0.384000 0.000000 1.000000 -0.000000 0.000000 0.000000 0.000000 1.000000 0.000000 0.000000 0.000000 0.000000 1.000000
1.000000 -0.000000 -0.000000 0.384000 0.000000 1.000000 -0.000000 0.000000 0.000000 0.000000 1.000000 0.000000 0.000000 0.000000 0.000000 1.000000
1.000000 -0.000000 -0.000000 0.384000 0.000000 1.000000 -0.000000 0.000000 0.000000 0.000000 1.000000 0.000000 0.000000 0.000000 0.000000 1.000000
1.000000 -0.000000 -0.000000 0.384000 0.000000 1.000000 -0.000000 0.000000 0.000000 0.000000 1.000000 0.000000 0.000000 0.000000 0.000000 1.000000
1.000000 -0.000000 -0.000000 0.384000 0.000000 1.000000 -0.000000 0.000000 0.000000 0.000000 1.000000 0.000000 0.000000 0.000000 0.000000 1.000000
1.000000 -0.000000 -0.000000 0.384000 0.000000 1.000000 -0.000000 0.000000 0.000000 0.000000 1.000000 0.000000 0.000000 0.000000 0.000000 1.000000
1.000000 -0.000000 -0.000000 0.384000 0.000000 1.000000 -0.000000 0.000000 0.000000 0.000000 1.000000 0.000000 0.000000 0.000000 0.000000 1.000000
1.000000 -0.000000 -0.000000 0.384000 0.000000 1.000000 -0.000000 0.000000 0.000000 0.000000 1.000000 0.000000 0.000000 0.000000 0.000000 1.000000
1.000000 -0.000000 -0.000000 0.384000 0.000000 1.000000 -0.000000 0.000000 0.000000 0.000000 1.000000 0.000000 0.000000 0.000000 0.000000 1.000000
1.000000 -0.000000 -0.000000 0.384000 0.000000 1.000000 -0.000000 0.000000 0.000000 0.000000 1.000000 0.000000 0.000000 0.000000 0.000000 1.000000
1.000000 -0.000000 -0.000000 0.384000 0.000000 1.000000 -0.000000 0.000000 0.000000 0.000000 1.000000 0.000000 0.000000 0.000000 0.000000 1.000000
1.000000 -0.000000 -0.000000 0.384000 0.000000 1.000000 -0.000000 0.000000 0.000000 0.000000 1.000000 0.000000 0.000000 0.000000 0.000000 1.000000
1.000000 -0.000000 -0.000000 0.384000 0.000000 1.000000 -0.000000 0.000000 0.000000 0.000000 1.000000 0.000000 0.000000 0.000000 0.000000 1.000000
1.000000 -0.000000 -0.000000 0.384000 0.000000 1.000000 -0.000000 0.000000 0.000000 0.000000 1.000000 0.000000 0.000000 0.000000 0.000000 1.000000
1.000000 -0.000000 -0.000000 0.384000 0.000000 1.000000 -0.000000 0.000000 0.000000 0.000000 1.000000 0.000000 0.000000 0.000000 0.000000 1.000000
1.000000 -0.000000 -0.000000 0.384000 0.000000 1.000000 -0.000000 0.000000 0.000000 0.000000 1.000000 0.000000 0.000000 0.000000 0.000000 1.000000
1.000000 -0.000000 -0.000000 0.384000 0.000000 1.000000 -0.000000 0.000000 0.000000 0.000000 1.000000 0.000000 0.000000 0.000000 0.000000 1.000000</float_array>
     <technique_common>
      <accessor source="#jnt_left_legroll-Matrix-animation-output-transform-array" count="53" stride="16">
       <param type="float4x4"></param>
      </accessor>
     </technique_common>
    </source>
    <source id="jnt_left_legroll-Interpolations">
     <Name_array id="jnt_left_legroll-Interpolations-array" count="53">
 LINEAR LINEAR LINEAR LINEAR LINEAR LINEAR LINEAR LINEAR LINEAR LINEAR LINEAR
LINEAR LINEAR LINEAR LINEAR LINEAR LINEAR LINEAR LINEAR LINEAR LINEAR LINEAR LINEAR
LINEAR LINEAR LINEAR LINEAR LINEAR LINEAR LINEAR LINEAR LINEAR LINEAR LINEAR LINEAR
LINEAR LINEAR LINEAR LINEAR LINEAR LINEAR LINEAR LINEAR LINEAR LINEAR LINEAR LINEAR
LINEAR LINEAR LINEAR LINEAR LINEAR LINEAR</Name_array>
     <technique_common>
      <accessor source="#jnt_left_legroll-Interpolations-array" count="53">
       <param type="name"></param>
      </accessor>
     </technique_common>
    </source>
    <sampler id="jnt_left_legroll-Matrix-animation-transform">
     <input semantic="INPUT" source="#jnt_left_legroll-Matrix-animation-input"></input>
     <input semantic="OUTPUT" source="#jnt_left_legroll-Matrix-animation-output-transform"></input>
     <input semantic="INTERPOLATION" source="#jnt_left_legroll-Interpolations"></input>
    </sampler>
    <channel source="#jnt_left_legroll-Matrix-animation-transform" target="jnt_left_legroll/matrix"></channel>
   </animation>
  </animation>
  <animation id="jnt_left_foot-anim" name="jnt_left_foot">
   <animation>
    <source id="jnt_left_foot-Matrix-animation-input">
     <float_array id="jnt_left_foot-Matrix-animation-input-array" count="53">

0.000000 0.033333 0.066667 0.100000 0.133333 0.166667 0.200000 0.233333 0.266667 0.300000 0.333333 0.366667 0.400000 0.433333 0.466667 0.500000
0.533333 0.566667 0.600000 0.633333 0.666667 0.700000 0.733333 0.766667 0.800000 0.833333 0.866667 0.900000 0.933333 0.966667 1.000000 1.033333
1.066667 1.100000 1.133333 1.166667 1.200000 1.233333 1.266667 1.300000 1.333333 1.366667 1.400000 1.433333 1.466667 1.500000 1.533333 1.566667
1.600000 1.633333 1.666667 1.700000 1.733333</float_array>
     <technique_common>
      <accessor source="#jnt_left_foot-Matrix-animation-input-array" count="53">
       <param name="TIME" type="float"></param>
      </accessor>
     </technique_common>
    </source>
    <source id="jnt_left_foot-Matrix-animation-output-transform">
     <float_array id="jnt_left_foot-Matrix-animation-output-transform-array" count="848">

0.278754 -0.954828 -0.102953 0.768142 0.945569 0.291623 -0.144416 0.000000 0.167916 -0.057093 0.984147 -0.000001 0.000000 0.000000 0.000000 1.000000
0.278754 -0.954828 -0.102953 0.768142 0.945569 0.291623 -0.144416 0.000000 0.167916 -0.057093 0.984147 -0.000001 0.000000 0.000000 0.000000 1.000000
0.278754 -0.954828 -0.102953 0.768142 0.945569 0.291623 -0.144416 0.000000 0.167916 -0.057093 0.984147 -0.000001 0.000000 0.000000 0.000000 1.000000
0.278754 -0.954828 -0.102953 0.768142 0.945569 0.291623 -0.144416 0.000000 0.167916 -0.057093 0.984147 -0.000001 0.000000 0.000000 0.000000 1.000000
0.278754 -0.954828 -0.102953 0.768142 0.945569 0.291623 -0.144416 0.000000 0.167916 -0.057093 0.984147 -0.000001 0.000000 0.000000 0.000000 1.000000
0.278754 -0.954828 -0.102953 0.768142 0.945569 0.291623 -0.144416 0.000000 0.167916 -0.057093 0.984147 -0.000001 0.000000 0.000000 0.000000 1.000000
0.278754 -0.954828 -0.102953 0.768142 0.945569 0.291623 -0.144416 0.000000 0.167916 -0.057093 0.984147 -0.000001 0.000000 0.000000 0.000000 1.000000
0.278754 -0.954828 -0.102953 0.768142 0.945569 0.291623 -0.144416 0.000000 0.167916 -0.057093 0.984147 -0.000001 0.000000 0.000000 0.000000 1.000000
0.278754 -0.954828 -0.102953 0.768142 0.945569 0.291623 -0.144416 0.000000 0.167916 -0.057093 0.984147 -0.000001 0.000000 0.000000 0.000000 1.000000
0.278754 -0.954828 -0.102953 0.768142 0.945569 0.291623 -0.144416 0.000000 0.167916 -0.057093 0.984147 -0.000001 0.000000 0.000000 0.000000 1.000000
0.278754 -0.954828 -0.102953 0.768142 0.945569 0.291623 -0.144416 0.000000 0.167916 -0.057093 0.984147 -0.000001 0.000000 0.000000 0.000000 1.000000
0.278754 -0.954828 -0.102953 0.768142 0.945569 0.291623 -0.144416 0.000000 0.167916 -0.057093 0.984147 -0.000001 0.000000 0.000000 0.000000 1.000000
0.278754 -0.954828 -0.102953 0.768142 0.945569 0.291623 -0.144416 0.000000 0.167916 -0.057093 0.984147 -0.000001 0.000000 0.000000 0.000000 1.000000
0.278754 -0.954828 -0.102953 0.768142 0.945569 0.291623 -0.144416 0.000000 0.167916 -0.057093 0.984147 -0.000001 0.000000 0.000000 0.000000 1.000000
0.278754 -0.954828 -0.102953 0.768142 0.945569 0.291623 -0.144416 0.000000 0.167916 -0.057093 0.984147 -0.000001 0.000000 0.000000 0.000000 1.000000
0.278754 -0.954828 -0.102953 0.768142 0.945569 0.291623 -0.144416 0.000000 0.167916 -0.057093 0.984147 -0.000001 0.000000 0.000000 0.000000 1.000000
0.278754 -0.954828 -0.102953 0.768142 0.945569 0.291623 -0.144416 0.000000 0.167916 -0.057093 0.984147 -0.000001 0.000000 0.000000 0.000000 1.000000
0.278754 -0.954828 -0.102953 0.768142 0.945569 0.291623 -0.144416 0.000000 0.167916 -0.057093 0.984147 -0.000001 0.000000 0.000000 0.000000 1.000000
0.278754 -0.954828 -0.102953 0.768142 0.945569 0.291623 -0.144416 0.000000 0.167916 -0.057093 0.984147 -0.000001 0.000000 0.000000 0.000000 1.000000
0.278754 -0.954828 -0.102953 0.768142 0.945569 0.291623 -0.144416 0.000000 0.167916 -0.057093 0.984147 -0.000001 0.000000 0.000000 0.000000 1.000000
0.278754 -0.954828 -0.102953 0.768142 0.945569 0.291623 -0.144416 0.000000 0.167916 -0.057093 0.984147 -0.000001 0.000000 0.000000 0.000000 1.000000
0.278754 -0.954828 -0.102953 0.768142 0.945569 0.291623 -0.144416 0.000000 0.167916 -0.057093 0.984147 -0.000001 0.000000 0.000000 0.000000 1.000000
0.278754 -0.954828 -0.102953 0.768142 0.945569 0.291623 -0.144416 0.000000 0.167916 -0.057093 0.984147 -0.000001 0.000000 0.000000 0.000000 1.000000
0.278754 -0.954828 -0.102953 0.768142 0.945569 0.291623 -0.144416 0.000000 0.167916 -0.057093 0.984147 -0.000001 0.000000 0.000000 0.000000 1.000000
0.278754 -0.954828 -0.102953 0.768142 0.945569 0.291623 -0.144416 0.000000 0.167916 -0.057093 0.984147 -0.000001 0.000000 0.000000 0.000000 1.000000
0.278754 -0.954828 -0.102953 0.768142 0.945569 0.291623 -0.144416 0.000000 0.167916 -0.057093 0.984147 -0.000001 0.000000 0.000000 0.000000 1.000000
0.278754 -0.954828 -0.102953 0.768142 0.945569 0.291623 -0.144416 0.000000 0.167916 -0.057093 0.984147 -0.000001 0.000000 0.000000 0.000000 1.000000
0.278754 -0.954828 -0.102953 0.768142 0.945569 0.291623 -0.144416 0.000000 0.167916 -0.057093 0.984147 -0.000001 0.000000 0.000000 0.000000 1.000000
0.278754 -0.954828 -0.102953 0.768142 0.945569 0.291623 -0.144416 0.000000 0.167916 -0.057093 0.984147 -0.000001 0.000000 0.000000 0.000000 1.000000
0.278754 -0.954828 -0.102953 0.768142 0.945569 0.291623 -0.144416 0.000000 0.167916 -0.057093 0.984147 -0.000001 0.000000 0.000000 0.000000 1.000000
0.278754 -0.954828 -0.102953 0.768142 0.945569 0.291623 -0.144416 0.000000 0.167916 -0.057093 0.984147 -0.000001 0.000000 0.000000 0.000000 1.000000
0.278754 -0.954828 -0.102953 0.768142 0.945569 0.291623 -0.144416 0.000000 0.167916 -0.057093 0.984147 -0.000001 0.000000 0.000000 0.000000 1.000000
0.278754 -0.954828 -0.102953 0.768142 0.945569 0.291623 -0.144416 0.000000 0.167916 -0.057093 0.984147 -0.000001 0.000000 0.000000 0.000000 1.000000
0.278754 -0.954828 -0.102953 0.768142 0.945569 0.291623 -0.144416 0.000000 0.167916 -0.057093 0.984147 -0.000001 0.000000 0.000000 0.000000 1.000000
0.278754 -0.954828 -0.102953 0.768142 0.945569 0.291623 -0.144416 0.000000 0.167916 -0.057093 0.984147 -0.000001 0.000000 0.000000 0.000000 1.000000
0.278754 -0.954828 -0.102953 0.768142 0.945569 0.291623 -0.144416 0.000000 0.167916 -0.057093 0.984147 -0.000001 0.000000 0.000000 0.000000 1.000000
0.278754 -0.954828 -0.102953 0.768142 0.945569 0.291623 -0.144416 0.000000 0.167916 -0.057093 0.984147 -0.000001 0.000000 0.000000 0.000000 1.000000
0.278754 -0.954828 -0.102953 0.768142 0.945569 0.291623 -0.144416 0.000000 0.167916 -0.057093 0.984147 -0.000001 0.000000 0.000000 0.000000 1.000000
0.278754 -0.954828 -0.102953 0.768142 0.945569 0.291623 -0.144416 0.000000 0.167916 -0.057093 0.984147 -0.000001 0.000000 0.000000 0.000000 1.000000
0.278754 -0.954828 -0.102953 0.768142 0.945569 0.291623 -0.144416 0.000000 0.167916 -0.057093 0.984147 -0.000001 0.000000 0.000000 0.000000 1.000000
0.278754 -0.954828 -0.102953 0.768142 0.945569 0.291623 -0.144416 0.000000 0.167916 -0.057093 0.984147 -0.000001 0.000000 0.000000 0.000000 1.000000
0.278754 -0.954828 -0.102953 0.768142 0.945569 0.291623 -0.144416 0.000000 0.167916 -0.057093 0.984147 -0.000001 0.000000 0.000000 0.000000 1.000000
0.278754 -0.954828 -0.102953 0.768142 0.945569 0.291623 -0.144416 0.000000 0.167916 -0.057093 0.984147 -0.000001 0.000000 0.000000 0.000000 1.000000
0.278754 -0.954828 -0.102953 0.768142 0.945569 0.291623 -0.144416 0.000000 0.167916 -0.057093 0.984147 -0.000001 0.000000 0.000000 0.000000 1.000000
0.278754 -0.954828 -0.102953 0.768142 0.945569 0.291623 -0.144416 0.000000 0.167916 -0.057093 0.984147 -0.000001 0.000000 0.000000 0.000000 1.000000
0.278754 -0.954828 -0.102953 0.768142 0.945569 0.291623 -0.144416 0.000000 0.167916 -0.057093 0.984147 -0.000001 0.000000 0.000000 0.000000 1.000000
0.278754 -0.954828 -0.102953 0.768142 0.945569 0.291623 -0.144416 0.000000 0.167916 -0.057093 0.984147 -0.000001 0.000000 0.000000 0.000000 1.000000
0.278754 -0.954828 -0.102953 0.768142 0.945569 0.291623 -0.144416 0.000000 0.167916 -0.057093 0.984147 -0.000001 0.000000 0.000000 0.000000 1.000000
0.278754 -0.954828 -0.102953 0.768142 0.945569 0.291623 -0.144416 0.000000 0.167916 -0.057093 0.984147 -0.000001 0.000000 0.000000 0.000000 1.000000
0.278754 -0.954828 -0.102953 0.768142 0.945569 0.291623 -0.144416 0.000000 0.167916 -0.057093 0.984147 -0.000001 0.000000 0.000000 0.000000 1.000000
0.278754 -0.954828 -0.102953 0.768142 0.945569 0.291623 -0.144416 0.000000 0.167916 -0.057093 0.984147 -0.000001 0.000000 0.000000 0.000000 1.000000
0.278754 -0.954828 -0.102953 0.768142 0.945569 0.291623 -0.144416 0.000000 0.167916 -0.057093 0.984147 -0.000001 0.000000 0.000000 0.000000 1.000000
0.278754 -0.954828 -0.102953 0.768142 0.945569 0.291623 -0.144416 0.000000 0.167916 -0.057093 0.984147 -0.000001 0.000000 0.000000 0.000000 1.000000</float_array>
     <technique_common>
      <accessor source="#jnt_left_foot-Matrix-animation-output-transform-array" count="53" stride="16">
       <param type="float4x4"></param>
      </accessor>
     </technique_common>
    </source>
    <source id="jnt_left_foot-Interpolations">
     <Name_array id="jnt_left_foot-Interpolations-array" count="53">
 LINEAR LINEAR LINEAR LINEAR LINEAR LINEAR LINEAR LINEAR LINEAR LINEAR LINEAR
LINEAR LINEAR LINEAR LINEAR LINEAR LINEAR LINEAR LINEAR LINEAR LINEAR LINEAR LINEAR
LINEAR LINEAR LINEAR LINEAR LINEAR LINEAR LINEAR LINEAR LINEAR LINEAR LINEAR LINEAR
LINEAR LINEAR LINEAR LINEAR LINEAR LINEAR LINEAR LINEAR LINEAR LINEAR LINEAR LINEAR
LINEAR LINEAR LINEAR LINEAR LINEAR LINEAR</Name_array>
     <technique_common>
      <accessor source="#jnt_left_foot-Interpolations-array" count="53">
       <param type="name"></param>
      </accessor>
     </technique_common>
    </source>
    <sampler id="jnt_left_foot-Matrix-animation-transform">
     <input semantic="INPUT" source="#jnt_left_foot-Matrix-animation-input"></input>
     <input semantic="OUTPUT" source="#jnt_left_foot-Matrix-animation-output-transform"></input>
     <input semantic="INTERPOLATION" source="#jnt_left_foot-Interpolations"></input>
    </sampler>
    <channel source="#jnt_left_foot-Matrix-animation-transform" target="jnt_left_foot/matrix"></channel>
   </animation>
  </animation>
  <animation id="jnt_left_toebase-anim" name="jnt_left_toebase">
   <animation>
    <source id="jnt_left_toebase-Matrix-animation-input">
     <float_array id="jnt_left_toebase-Matrix-animation-input-array" count="53">

0.000000 0.033333 0.066667 0.100000 0.133333 0.166667 0.200000 0.233333 0.266667 0.300000 0.333333 0.366667 0.400000 0.433333 0.466667 0.500000
0.533333 0.566667 0.600000 0.633333 0.666667 0.700000 0.733333 0.766667 0.800000 0.833333 0.866667 0.900000 0.933333 0.966667 1.000000 1.033333
1.066667 1.100000 1.133333 1.166667 1.200000 1.233333 1.266667 1.300000 1.333333 1.366667 1.400000 1.433333 1.466667 1.500000 1.533333 1.566667
1.600000 1.633333 1.666667 1.700000 1.733333</float_array>
     <technique_common>
      <accessor source="#jnt_left_toebase-Matrix-animation-input-array" count="53">
       <param name="TIME" type="float"></param>
      </accessor>
     </technique_common>
    </source>
    <source id="jnt_left_toebase-Matrix-animation-output-transform">
     <float_array id="jnt_left_toebase-Matrix-animation-output-transform-array" count="848">

0.918936 -0.394408 0.000000 0.441847 0.394408 0.918936 -0.000000 0.000000 0.000000 0.000000 1.000000 -0.000000 0.000000 0.000000 0.000000 1.000000
0.918936 -0.394408 0.000000 0.441847 0.394408 0.918936 -0.000000 0.000000 0.000000 0.000000 1.000000 -0.000000 0.000000 0.000000 0.000000 1.000000
0.918936 -0.394408 0.000000 0.441847 0.394408 0.918936 -0.000000 0.000000 0.000000 0.000000 1.000000 -0.000000 0.000000 0.000000 0.000000 1.000000
0.918936 -0.394408 0.000000 0.441847 0.394408 0.918936 -0.000000 0.000000 0.000000 0.000000 1.000000 -0.000000 0.000000 0.000000 0.000000 1.000000
0.918936 -0.394408 0.000000 0.441847 0.394408 0.918936 -0.000000 0.000000 0.000000 0.000000 1.000000 -0.000000 0.000000 0.000000 0.000000 1.000000
0.918936 -0.394408 0.000000 0.441847 0.394408 0.918936 -0.000000 0.000000 0.000000 0.000000 1.000000 -0.000000 0.000000 0.000000 0.000000 1.000000
0.918936 -0.394408 0.000000 0.441847 0.394408 0.918936 -0.000000 0.000000 0.000000 0.000000 1.000000 -0.000000 0.000000 0.000000 0.000000 1.000000
0.918936 -0.394408 0.000000 0.441847 0.394408 0.918936 -0.000000 0.000000 0.000000 0.000000 1.000000 -0.000000 0.000000 0.000000 0.000000 1.000000
0.918936 -0.394408 0.000000 0.441847 0.394408 0.918936 -0.000000 0.000000 0.000000 0.000000 1.000000 -0.000000 0.000000 0.000000 0.000000 1.000000
0.918936 -0.394408 0.000000 0.441847 0.394408 0.918936 -0.000000 0.000000 0.000000 0.000000 1.000000 -0.000000 0.000000 0.000000 0.000000 1.000000
0.918936 -0.394408 0.000000 0.441847 0.394408 0.918936 -0.000000 0.000000 0.000000 0.000000 1.000000 -0.000000 0.000000 0.000000 0.000000 1.000000
0.918936 -0.394408 0.000000 0.441847 0.394408 0.918936 -0.000000 0.000000 0.000000 0.000000 1.000000 -0.000000 0.000000 0.000000 0.000000 1.000000
0.918936 -0.394408 0.000000 0.441847 0.394408 0.918936 -0.000000 0.000000 0.000000 0.000000 1.000000 -0.000000 0.000000 0.000000 0.000000 1.000000
0.918936 -0.394408 0.000000 0.441847 0.394408 0.918936 -0.000000 0.000000 0.000000 0.000000 1.000000 -0.000000 0.000000 0.000000 0.000000 1.000000
0.918936 -0.394408 0.000000 0.441847 0.394408 0.918936 -0.000000 0.000000 0.000000 0.000000 1.000000 -0.000000 0.000000 0.000000 0.000000 1.000000
0.918936 -0.394408 0.000000 0.441847 0.394408 0.918936 -0.000000 0.000000 0.000000 0.000000 1.000000 -0.000000 0.000000 0.000000 0.000000 1.000000
0.918936 -0.394408 0.000000 0.441847 0.394408 0.918936 -0.000000 0.000000 0.000000 0.000000 1.000000 -0.000000 0.000000 0.000000 0.000000 1.000000
0.918936 -0.394408 0.000000 0.441847 0.394408 0.918936 -0.000000 0.000000 0.000000 0.000000 1.000000 -0.000000 0.000000 0.000000 0.000000 1.000000
0.918936 -0.394408 0.000000 0.441847 0.394408 0.918936 -0.000000 0.000000 0.000000 0.000000 1.000000 -0.000000 0.000000 0.000000 0.000000 1.000000
0.918936 -0.394408 0.000000 0.441847 0.394408 0.918936 -0.000000 0.000000 0.000000 0.000000 1.000000 -0.000000 0.000000 0.000000 0.000000 1.000000
0.918936 -0.394408 0.000000 0.441847 0.394408 0.918936 -0.000000 0.000000 0.000000 0.000000 1.000000 -0.000000 0.000000 0.000000 0.000000 1.000000
0.918936 -0.394408 0.000000 0.441847 0.394408 0.918936 -0.000000 0.000000 0.000000 0.000000 1.000000 -0.000000 0.000000 0.000000 0.000000 1.000000
0.918936 -0.394408 0.000000 0.441847 0.394408 0.918936 -0.000000 0.000000 0.000000 0.000000 1.000000 -0.000000 0.000000 0.000000 0.000000 1.000000
0.918936 -0.394408 0.000000 0.441847 0.394408 0.918936 -0.000000 0.000000 0.000000 0.000000 1.000000 -0.000000 0.000000 0.000000 0.000000 1.000000
0.918936 -0.394408 0.000000 0.441847 0.394408 0.918936 -0.000000 0.000000 0.000000 0.000000 1.000000 -0.000000 0.000000 0.000000 0.000000 1.000000
0.918936 -0.394408 0.000000 0.441847 0.394408 0.918936 -0.000000 0.000000 0.000000 0.000000 1.000000 -0.000000 0.000000 0.000000 0.000000 1.000000
0.918936 -0.394408 0.000000 0.441847 0.394408 0.918936 -0.000000 0.000000 0.000000 0.000000 1.000000 -0.000000 0.000000 0.000000 0.000000 1.000000
0.918936 -0.394408 0.000000 0.441847 0.394408 0.918936 -0.000000 0.000000 0.000000 0.000000 1.000000 -0.000000 0.000000 0.000000 0.000000 1.000000
0.918936 -0.394408 0.000000 0.441847 0.394408 0.918936 -0.000000 0.000000 0.000000 0.000000 1.000000 -0.000000 0.000000 0.000000 0.000000 1.000000
0.918936 -0.394408 0.000000 0.441847 0.394408 0.918936 -0.000000 0.000000 0.000000 0.000000 1.000000 -0.000000 0.000000 0.000000 0.000000 1.000000
0.918936 -0.394408 0.000000 0.441847 0.394408 0.918936 -0.000000 0.000000 0.000000 0.000000 1.000000 -0.000000 0.000000 0.000000 0.000000 1.000000
0.918936 -0.394408 0.000000 0.441847 0.394408 0.918936 -0.000000 0.000000 0.000000 0.000000 1.000000 -0.000000 0.000000 0.000000 0.000000 1.000000
0.918936 -0.394408 0.000000 0.441847 0.394408 0.918936 -0.000000 0.000000 0.000000 0.000000 1.000000 -0.000000 0.000000 0.000000 0.000000 1.000000
0.918936 -0.394408 0.000000 0.441847 0.394408 0.918936 -0.000000 0.000000 0.000000 0.000000 1.000000 -0.000000 0.000000 0.000000 0.000000 1.000000
0.918936 -0.394408 0.000000 0.441847 0.394408 0.918936 -0.000000 0.000000 0.000000 0.000000 1.000000 -0.000000 0.000000 0.000000 0.000000 1.000000
0.918936 -0.394408 0.000000 0.441847 0.394408 0.918936 -0.000000 0.000000 0.000000 0.000000 1.000000 -0.000000 0.000000 0.000000 0.000000 1.000000
0.918936 -0.394408 0.000000 0.441847 0.394408 0.918936 -0.000000 0.000000 0.000000 0.000000 1.000000 -0.000000 0.000000 0.000000 0.000000 1.000000
0.918936 -0.394408 0.000000 0.441847 0.394408 0.918936 -0.000000 0.000000 0.000000 0.000000 1.000000 -0.000000 0.000000 0.000000 0.000000 1.000000
0.918936 -0.394408 0.000000 0.441847 0.394408 0.918936 -0.000000 0.000000 0.000000 0.000000 1.000000 -0.000000 0.000000 0.000000 0.000000 1.000000
0.918936 -0.394408 0.000000 0.441847 0.394408 0.918936 -0.000000 0.000000 0.000000 0.000000 1.000000 -0.000000 0.000000 0.000000 0.000000 1.000000
0.918936 -0.394408 0.000000 0.441847 0.394408 0.918936 -0.000000 0.000000 0.000000 0.000000 1.000000 -0.000000 0.000000 0.000000 0.000000 1.000000
0.918936 -0.394408 0.000000 0.441847 0.394408 0.918936 -0.000000 0.000000 0.000000 0.000000 1.000000 -0.000000 0.000000 0.000000 0.000000 1.000000
0.918936 -0.394408 0.000000 0.441847 0.394408 0.918936 -0.000000 0.000000 0.000000 0.000000 1.000000 -0.000000 0.000000 0.000000 0.000000 1.000000
0.918936 -0.394408 0.000000 0.441847 0.394408 0.918936 -0.000000 0.000000 0.000000 0.000000 1.000000 -0.000000 0.000000 0.000000 0.000000 1.000000
0.918936 -0.394408 0.000000 0.441847 0.394408 0.918936 -0.000000 0.000000 0.000000 0.000000 1.000000 -0.000000 0.000000 0.000000 0.000000 1.000000
0.918936 -0.394408 0.000000 0.441847 0.394408 0.918936 -0.000000 0.000000 0.000000 0.000000 1.000000 -0.000000 0.000000 0.000000 0.000000 1.000000
0.918936 -0.394408 0.000000 0.441847 0.394408 0.918936 -0.000000 0.000000 0.000000 0.000000 1.000000 -0.000000 0.000000 0.000000 0.000000 1.000000
0.918936 -0.394408 0.000000 0.441847 0.394408 0.918936 -0.000000 0.000000 0.000000 0.000000 1.000000 -0.000000 0.000000 0.000000 0.000000 1.000000
0.918936 -0.394408 0.000000 0.441847 0.394408 0.918936 -0.000000 0.000000 0.000000 0.000000 1.000000 -0.000000 0.000000 0.000000 0.000000 1.000000
0.918936 -0.394408 0.000000 0.441847 0.394408 0.918936 -0.000000 0.000000 0.000000 0.000000 1.000000 -0.000000 0.000000 0.000000 0.000000 1.000000
0.918936 -0.394408 0.000000 0.441847 0.394408 0.918936 -0.000000 0.000000 0.000000 0.000000 1.000000 -0.000000 0.000000 0.000000 0.000000 1.000000
0.918936 -0.394408 0.000000 0.441847 0.394408 0.918936 -0.000000 0.000000 0.000000 0.000000 1.000000 -0.000000 0.000000 0.000000 0.000000 1.000000
0.918936 -0.394408 0.000000 0.441847 0.394408 0.918936 -0.000000 0.000000 0.000000 0.000000 1.000000 -0.000000 0.000000 0.000000 0.000000 1.000000</float_array>
     <technique_common>
      <accessor source="#jnt_left_toebase-Matrix-animation-output-transform-array" count="53" stride="16">
       <param type="float4x4"></param>
      </accessor>
     </technique_common>
    </source>
    <source id="jnt_left_toebase-Interpolations">
     <Name_array id="jnt_left_toebase-Interpolations-array" count="53">
 LINEAR LINEAR LINEAR LINEAR LINEAR LINEAR LINEAR LINEAR LINEAR LINEAR LINEAR
LINEAR LINEAR LINEAR LINEAR LINEAR LINEAR LINEAR LINEAR LINEAR LINEAR LINEAR LINEAR
LINEAR LINEAR LINEAR LINEAR LINEAR LINEAR LINEAR LINEAR LINEAR LINEAR LINEAR LINEAR
LINEAR LINEAR LINEAR LINEAR LINEAR LINEAR LINEAR LINEAR LINEAR LINEAR LINEAR LINEAR
LINEAR LINEAR LINEAR LINEAR LINEAR LINEAR</Name_array>
     <technique_common>
      <accessor source="#jnt_left_toebase-Interpolations-array" count="53">
       <param type="name"></param>
      </accessor>
     </technique_common>
    </source>
    <sampler id="jnt_left_toebase-Matrix-animation-transform">
     <input semantic="INPUT" source="#jnt_left_toebase-Matrix-animation-input"></input>
     <input semantic="OUTPUT" source="#jnt_left_toebase-Matrix-animation-output-transform"></input>
     <input semantic="INTERPOLATION" source="#jnt_left_toebase-Interpolations"></input>
    </sampler>
    <channel source="#jnt_left_toebase-Matrix-animation-transform" target="jnt_left_toebase/matrix"></channel>
   </animation>
  </animation>
  <animation id="jnt_left_toeend-anim" name="jnt_left_toeend">
   <animation>
    <source id="jnt_left_toeend-Matrix-animation-input">
     <float_array id="jnt_left_toeend-Matrix-animation-input-array" count="53">

0.000000 0.033333 0.066667 0.100000 0.133333 0.166667 0.200000 0.233333 0.266667 0.300000 0.333333 0.366667 0.400000 0.433333 0.466667 0.500000
0.533333 0.566667 0.600000 0.633333 0.666667 0.700000 0.733333 0.766667 0.800000 0.833333 0.866667 0.900000 0.933333 0.966667 1.000000 1.033333
1.066667 1.100000 1.133333 1.166667 1.200000 1.233333 1.266667 1.300000 1.333333 1.366667 1.400000 1.433333 1.466667 1.500000 1.533333 1.566667
1.600000 1.633333 1.666667 1.700000 1.733333</float_array>
     <technique_common>
      <accessor source="#jnt_left_toeend-Matrix-animation-input-array" count="53">
       <param name="TIME" type="float"></param>
      </accessor>
     </technique_common>
    </source>
    <source id="jnt_left_toeend-Matrix-animation-output-transform">
     <float_array id="jnt_left_toeend-Matrix-animation-output-transform-array" count="848">

1.000000 -0.000001 -0.000000 0.379397 0.000001 1.000000 -0.000000 -0.000000 0.000000 0.000000 1.000000 -0.000000 0.000000 0.000000 0.000000 1.000000
1.000000 -0.000001 -0.000000 0.379397 0.000001 1.000000 -0.000000 -0.000000 0.000000 0.000000 1.000000 -0.000000 0.000000 0.000000 0.000000 1.000000
1.000000 -0.000001 -0.000000 0.379397 0.000001 1.000000 -0.000000 -0.000000 0.000000 0.000000 1.000000 -0.000000 0.000000 0.000000 0.000000 1.000000
1.000000 -0.000001 -0.000000 0.379397 0.000001 1.000000 -0.000000 -0.000000 0.000000 0.000000 1.000000 -0.000000 0.000000 0.000000 0.000000 1.000000
1.000000 -0.000001 -0.000000 0.379397 0.000001 1.000000 -0.000000 -0.000000 0.000000 0.000000 1.000000 -0.000000 0.000000 0.000000 0.000000 1.000000
1.000000 -0.000001 -0.000000 0.379397 0.000001 1.000000 -0.000000 -0.000000 0.000000 0.000000 1.000000 -0.000000 0.000000 0.000000 0.000000 1.000000
1.000000 -0.000001 -0.000000 0.379397 0.000001 1.000000 -0.000000 -0.000000 0.000000 0.000000 1.000000 -0.000000 0.000000 0.000000 0.000000 1.000000
1.000000 -0.000001 -0.000000 0.379397 0.000001 1.000000 -0.000000 -0.000000 0.000000 0.000000 1.000000 -0.000000 0.000000 0.000000 0.000000 1.000000
1.000000 -0.000001 -0.000000 0.379397 0.000001 1.000000 -0.000000 -0.000000 0.000000 0.000000 1.000000 -0.000000 0.000000 0.000000 0.000000 1.000000
1.000000 -0.000001 -0.000000 0.379397 0.000001 1.000000 -0.000000 -0.000000 0.000000 0.000000 1.000000 -0.000000 0.000000 0.000000 0.000000 1.000000
1.000000 -0.000001 -0.000000 0.379397 0.000001 1.000000 -0.000000 -0.000000 0.000000 0.000000 1.000000 -0.000000 0.000000 0.000000 0.000000 1.000000
1.000000 -0.000001 -0.000000 0.379397 0.000001 1.000000 -0.000000 -0.000000 0.000000 0.000000 1.000000 -0.000000 0.000000 0.000000 0.000000 1.000000
1.000000 -0.000001 -0.000000 0.379397 0.000001 1.000000 -0.000000 -0.000000 0.000000 0.000000 1.000000 -0.000000 0.000000 0.000000 0.000000 1.000000
1.000000 -0.000001 -0.000000 0.379397 0.000001 1.000000 -0.000000 -0.000000 0.000000 0.000000 1.000000 -0.000000 0.000000 0.000000 0.000000 1.000000
1.000000 -0.000001 -0.000000 0.379397 0.000001 1.000000 -0.000000 -0.000000 0.000000 0.000000 1.000000 -0.000000 0.000000 0.000000 0.000000 1.000000
1.000000 -0.000001 -0.000000 0.379397 0.000001 1.000000 -0.000000 -0.000000 0.000000 0.000000 1.000000 -0.000000 0.000000 0.000000 0.000000 1.000000
1.000000 -0.000001 -0.000000 0.379397 0.000001 1.000000 -0.000000 -0.000000 0.000000 0.000000 1.000000 -0.000000 0.000000 0.000000 0.000000 1.000000
1.000000 -0.000001 -0.000000 0.379397 0.000001 1.000000 -0.000000 -0.000000 0.000000 0.000000 1.000000 -0.000000 0.000000 0.000000 0.000000 1.000000
1.000000 -0.000001 -0.000000 0.379397 0.000001 1.000000 -0.000000 -0.000000 0.000000 0.000000 1.000000 -0.000000 0.000000 0.000000 0.000000 1.000000
1.000000 -0.000001 -0.000000 0.379397 0.000001 1.000000 -0.000000 -0.000000 0.000000 0.000000 1.000000 -0.000000 0.000000 0.000000 0.000000 1.000000
1.000000 -0.000001 -0.000000 0.379397 0.000001 1.000000 -0.000000 -0.000000 0.000000 0.000000 1.000000 -0.000000 0.000000 0.000000 0.000000 1.000000
1.000000 -0.000001 -0.000000 0.379397 0.000001 1.000000 -0.000000 -0.000000 0.000000 0.000000 1.000000 -0.000000 0.000000 0.000000 0.000000 1.000000
1.000000 -0.000001 -0.000000 0.379397 0.000001 1.000000 -0.000000 -0.000000 0.000000 0.000000 1.000000 -0.000000 0.000000 0.000000 0.000000 1.000000
1.000000 -0.000001 -0.000000 0.379397 0.000001 1.000000 -0.000000 -0.000000 0.000000 0.000000 1.000000 -0.000000 0.000000 0.000000 0.000000 1.000000
1.000000 -0.000001 -0.000000 0.379397 0.000001 1.000000 -0.000000 -0.000000 0.000000 0.000000 1.000000 -0.000000 0.000000 0.000000 0.000000 1.000000
1.000000 -0.000001 -0.000000 0.379397 0.000001 1.000000 -0.000000 -0.000000 0.000000 0.000000 1.000000 -0.000000 0.000000 0.000000 0.000000 1.000000
1.000000 -0.000001 -0.000000 0.379397 0.000001 1.000000 -0.000000 -0.000000 0.000000 0.000000 1.000000 -0.000000 0.000000 0.000000 0.000000 1.000000
1.000000 -0.000001 -0.000000 0.379397 0.000001 1.000000 -0.000000 -0.000000 0.000000 0.000000 1.000000 -0.000000 0.000000 0.000000 0.000000 1.000000
1.000000 -0.000001 -0.000000 0.379397 0.000001 1.000000 -0.000000 -0.000000 0.000000 0.000000 1.000000 -0.000000 0.000000 0.000000 0.000000 1.000000
1.000000 -0.000001 -0.000000 0.379397 0.000001 1.000000 -0.000000 -0.000000 0.000000 0.000000 1.000000 -0.000000 0.000000 0.000000 0.000000 1.000000
1.000000 -0.000001 -0.000000 0.379397 0.000001 1.000000 -0.000000 -0.000000 0.000000 0.000000 1.000000 -0.000000 0.000000 0.000000 0.000000 1.000000
1.000000 -0.000001 -0.000000 0.379397 0.000001 1.000000 -0.000000 -0.000000 0.000000 0.000000 1.000000 -0.000000 0.000000 0.000000 0.000000 1.000000
1.000000 -0.000001 -0.000000 0.379397 0.000001 1.000000 -0.000000 -0.000000 0.000000 0.000000 1.000000 -0.000000 0.000000 0.000000 0.000000 1.000000
1.000000 -0.000001 -0.000000 0.379397 0.000001 1.000000 -0.000000 -0.000000 0.000000 0.000000 1.000000 -0.000000 0.000000 0.000000 0.000000 1.000000
1.000000 -0.000001 -0.000000 0.379397 0.000001 1.000000 -0.000000 -0.000000 0.000000 0.000000 1.000000 -0.000000 0.000000 0.000000 0.000000 1.000000
1.000000 -0.000001 -0.000000 0.379397 0.000001 1.000000 -0.000000 -0.000000 0.000000 0.000000 1.000000 -0.000000 0.000000 0.000000 0.000000 1.000000
1.000000 -0.000001 -0.000000 0.379397 0.000001 1.000000 -0.000000 -0.000000 0.000000 0.000000 1.000000 -0.000000 0.000000 0.000000 0.000000 1.000000
1.000000 -0.000001 -0.000000 0.379397 0.000001 1.000000 -0.000000 -0.000000 0.000000 0.000000 1.000000 -0.000000 0.000000 0.000000 0.000000 1.000000
1.000000 -0.000001 -0.000000 0.379397 0.000001 1.000000 -0.000000 -0.000000 0.000000 0.000000 1.000000 -0.000000 0.000000 0.000000 0.000000 1.000000
1.000000 -0.000001 -0.000000 0.379397 0.000001 1.000000 -0.000000 -0.000000 0.000000 0.000000 1.000000 -0.000000 0.000000 0.000000 0.000000 1.000000
1.000000 -0.000001 -0.000000 0.379397 0.000001 1.000000 -0.000000 -0.000000 0.000000 0.000000 1.000000 -0.000000 0.000000 0.000000 0.000000 1.000000
1.000000 -0.000001 -0.000000 0.379397 0.000001 1.000000 -0.000000 -0.000000 0.000000 0.000000 1.000000 -0.000000 0.000000 0.000000 0.000000 1.000000
1.000000 -0.000001 -0.000000 0.379397 0.000001 1.000000 -0.000000 -0.000000 0.000000 0.000000 1.000000 -0.000000 0.000000 0.000000 0.000000 1.000000
1.000000 -0.000001 -0.000000 0.379397 0.000001 1.000000 -0.000000 -0.000000 0.000000 0.000000 1.000000 -0.000000 0.000000 0.000000 0.000000 1.000000
1.000000 -0.000001 -0.000000 0.379397 0.000001 1.000000 -0.000000 -0.000000 0.000000 0.000000 1.000000 -0.000000 0.000000 0.000000 0.000000 1.000000
1.000000 -0.000001 -0.000000 0.379397 0.000001 1.000000 -0.000000 -0.000000 0.000000 0.000000 1.000000 -0.000000 0.000000 0.000000 0.000000 1.000000
1.000000 -0.000001 -0.000000 0.379397 0.000001 1.000000 -0.000000 -0.000000 0.000000 0.000000 1.000000 -0.000000 0.000000 0.000000 0.000000 1.000000
1.000000 -0.000001 -0.000000 0.379397 0.000001 1.000000 -0.000000 -0.000000 0.000000 0.000000 1.000000 -0.000000 0.000000 0.000000 0.000000 1.000000
1.000000 -0.000001 -0.000000 0.379397 0.000001 1.000000 -0.000000 -0.000000 0.000000 0.000000 1.000000 -0.000000 0.000000 0.000000 0.000000 1.000000
1.000000 -0.000001 -0.000000 0.379397 0.000001 1.000000 -0.000000 -0.000000 0.000000 0.000000 1.000000 -0.000000 0.000000 0.000000 0.000000 1.000000
1.000000 -0.000001 -0.000000 0.379397 0.000001 1.000000 -0.000000 -0.000000 0.000000 0.000000 1.000000 -0.000000 0.000000 0.000000 0.000000 1.000000
1.000000 -0.000001 -0.000000 0.379397 0.000001 1.000000 -0.000000 -0.000000 0.000000 0.000000 1.000000 -0.000000 0.000000 0.000000 0.000000 1.000000
1.000000 -0.000001 -0.000000 0.379397 0.000001 1.000000 -0.000000 -0.000000 0.000000 0.000000 1.000000 -0.000000 0.000000 0.000000 0.000000 1.000000</float_array>
     <technique_common>
      <accessor source="#jnt_left_toeend-Matrix-animation-output-transform-array" count="53" stride="16">
       <param type="float4x4"></param>
      </accessor>
     </technique_common>
    </source>
    <source id="jnt_left_toeend-Interpolations">
     <Name_array id="jnt_left_toeend-Interpolations-array" count="53">
 LINEAR LINEAR LINEAR LINEAR LINEAR LINEAR LINEAR LINEAR LINEAR LINEAR LINEAR
LINEAR LINEAR LINEAR LINEAR LINEAR LINEAR LINEAR LINEAR LINEAR LINEAR LINEAR LINEAR
LINEAR LINEAR LINEAR LINEAR LINEAR LINEAR LINEAR LINEAR LINEAR LINEAR LINEAR LINEAR
LINEAR LINEAR LINEAR LINEAR LINEAR LINEAR LINEAR LINEAR LINEAR LINEAR LINEAR LINEAR
LINEAR LINEAR LINEAR LINEAR LINEAR LINEAR</Name_array>
     <technique_common>
      <accessor source="#jnt_left_toeend-Interpolations-array" count="53">
       <param type="name"></param>
      </accessor>
     </technique_common>
    </source>
    <sampler id="jnt_left_toeend-Matrix-animation-transform">
     <input semantic="INPUT" source="#jnt_left_toeend-Matrix-animation-input"></input>
     <input semantic="OUTPUT" source="#jnt_left_toeend-Matrix-animation-output-transform"></input>
     <input semantic="INTERPOLATION" source="#jnt_left_toeend-Interpolations"></input>
    </sampler>
    <channel source="#jnt_left_toeend-Matrix-animation-transform" target="jnt_left_toeend/matrix"></channel>
   </animation>
  </animation>
 </library_animations>
 <library_visual_scenes>
  <visual_scene id="Scene" name="Scene">
   <node name="HIK_root_jnt" id="HIK_root_jnt" sid="HIK_root_jnt" type="JOINT">
    <matrix sid="matrix">1.000000 0.000000 0.000000 0.000000 0.000000 1.000000 -0.000000 0.000000 0.000000 0.000000 1.000000 0.000000 0.000000 0.000000 0.000000 1.000000</matrix>
    <extra>
     <technique profile="FCOLLADA">
      <visibility>1.000000</visibility>
     </technique>
    </extra>
   </node>
   <node name="root_jnt" id="root_jnt" sid="root_jnt" type="JOINT">
    <matrix sid="matrix">1.000000 0.000000 0.000000 0.000000 0.000000 1.000000 -0.000000 0.000000 0.000000 0.000000 1.000000 0.000000 0.000000 0.000000 0.000000 1.000000</matrix>
    <extra>
     <technique profile="FCOLLADA">
      <visibility>1.000000</visibility>
     </technique>
    </extra>
    <node name="jnt_hips" id="jnt_hips" sid="jnt_hips" type="JOINT">
     <matrix sid="matrix">1.000000 0.000000 0.000000 0.000000 -0.000000 0.999997 -0.002456 2.061423 -0.000000 0.002456 0.999997 -0.094053 0.000000 0.000000 0.000000 1.000000</matrix>
     <extra>
      <technique profile="FCOLLADA">
       <visibility>1.000000</visibility>
      </technique>
     </extra>
     <node name="jnt_height" id="jnt_height" sid="jnt_height" type="JOINT">
      <matrix sid="matrix">1.000000 0.000000 0.000000 -0.000000 -0.000000 0.999997 -0.002456 -0.000000 -0.000000 0.002456 0.999997 0.000000 0.000000 0.000000 0.000000 1.000000</matrix>
      <extra>
       <technique profile="FCOLLADA">
        <visibility>1.000000</visibility>
       </technique>
      </extra>
      <node name="jnt_spine1" id="jnt_spine1" sid="jnt_spine1" type="JOINT">
       <matrix sid="matrix">0.000000 0.000000 1.000000 0.000000 0.999914 -0.013155 -0.000000 0.212132 0.013155 0.999914 -0.000000 0.023482 0.000000 0.000000 0.000000 1.000000</matrix>
       <extra>
        <technique profile="FCOLLADA">
         <visibility>1.000000</visibility>
        </technique>
       </extra>
       <node name="jnt_spine2" id="jnt_spine2" sid="jnt_spine2" type="JOINT">
        <matrix sid="matrix">0.998580 0.053271 -0.000000 0.426848 -0.053271 0.998580 -0.000000 0.000003 0.000000 0.000000 1.000000 -0.000000 0.000000 0.000000 0.000000 1.000000</matrix>
        <extra>
         <technique profile="FCOLLADA">
          <visibility>1.000000</visibility>
         </technique>
        </extra>
        <node name="jnt_spine3" id="jnt_spine3" sid="jnt_spine3" type="JOINT">
         <matrix sid="matrix">0.997528 0.070262 -0.000000 0.555067 -0.070262 0.997528 -0.000000 0.000000 0.000000 0.000000 1.000000 -0.000000 0.000000 0.000000 0.000000 1.000000</matrix>
         <extra>
          <technique profile="FCOLLADA">
           <visibility>1.000000</visibility>
          </technique>
         </extra>
         <node name="jnt_neck" id="jnt_neck" sid="jnt_neck" type="JOINT">
          <matrix sid="matrix">0.999409 -0.034365 -0.000000 0.867450 0.034365 0.999409 -0.000000 0.171573 0.000000 0.000000 1.000000 -0.000000 0.000000 0.000000 0.000000 1.000000</matrix>
          <extra>
           <technique profile="FCOLLADA">
            <visibility>1.000000</visibility>
           </technique>
          </extra>
          <node name="jnt_head" id="jnt_head" sid="jnt_head" type="JOINT">
           <matrix sid="matrix">0.999537 -0.030417 -0.000001 0.273591 0.030417 0.999537 0.000000 0.000002 0.000001 -0.000000 1.000000 -0.000000 0.000000 0.000000 0.000000 1.000000</matrix>
           <extra>
            <technique profile="FCOLLADA">
             <visibility>1.000000</visibility>
            </technique>
           </extra>
           <node name="jnt_headappend" id="jnt_headappend" sid="jnt_headappend" type="JOINT">
            <matrix sid="matrix">1.000000 0.000000 -0.000000 0.000001 -0.000000 1.000000 0.000000 0.000000 0.000000 -0.000000 1.000000 -0.000000 0.000000 0.000000 0.000000 1.000000</matrix>
            <extra>
             <technique profile="FCOLLADA">
              <visibility>1.000000</visibility>
             </technique>
            </extra>
           </node>
          </node>
         </node>
         <node name="jnt_left_armroot" id="jnt_left_armroot" sid="jnt_left_armroot" type="JOINT">
          <matrix sid="matrix">0.999937 -0.010412 -0.004204 -0.857250 0.010594 0.998888 0.045934 0.597269 0.003721 -0.045975 0.998936 -0.437203 0.000000 0.000000 0.000000 1.000000</matrix>
          <extra>
           <technique profile="FCOLLADA">
            <visibility>1.000000</visibility>
           </technique>
          </extra>
          <node name="jnt_left_shoulder" id="jnt_left_shoulder" sid="jnt_left_shoulder" type="JOINT">
           <matrix sid="matrix">-0.019289 0.092831 -0.995495 0.635987 0.352002 -0.931301 -0.093665 0.114390 -0.935800 -0.352223 -0.014713 0.266187 0.000000 0.000000 0.000000 1.000000</matrix>
           <extra>
            <technique profile="FCOLLADA">
             <visibility>1.000000</visibility>
            </technique>
           </extra>
           <node name="jnt_left_arm" id="jnt_left_arm" sid="jnt_left_arm" type="JOINT">
            <matrix sid="matrix">-0.289298 -0.414005 0.863079 -0.525417 0.937942 0.057533 0.341988 -0.032447 -0.191241 0.908454 0.371668 0.009492 0.000000 0.000000 0.000000 1.000000</matrix>
            <extra>
             <technique profile="FCOLLADA">
              <visibility>1.000000</visibility>
             </technique>
            </extra>
            <node name="jnt_left_armroll" id="jnt_left_armroll" sid="jnt_left_armroll" type="JOINT">
             <matrix sid="matrix">1.000000 -0.000000 0.000000 -0.421995 0.000000 1.000000 -0.000000 0.000002 -0.000000 0.000000 1.000000 -0.000004 0.000000 0.000000 0.000000 1.000000</matrix>
             <extra>
              <technique profile="FCOLLADA">
               <visibility>1.000000</visibility>
              </technique>
             </extra>
            </node>
            <node name="jnt_left_forearm" id="jnt_left_forearm" sid="jnt_left_forearm" type="JOINT">
             <matrix sid="matrix">0.394104 -0.124830 0.910549 -0.843981 0.777291 0.573921 -0.257746 0.000001 -0.490409 0.809340 0.323214 0.000004 0.000000 0.000000 0.000000 1.000000</matrix>
             <extra>
              <technique profile="FCOLLADA">
               <visibility>1.000000</visibility>
              </technique>
             </extra>
             <node name="jnt_left_forearmroll" id="jnt_left_forearmroll" sid="jnt_left_forearmroll" type="JOINT">
              <matrix sid="matrix">1.000000 0.000001 -0.000000 -0.487001 -0.000001 1.000000 -0.000000 -0.000000 0.000000 0.000000 1.000000 -0.000004 0.000000 0.000000 0.000000 1.000000</matrix>
              <extra>
               <technique profile="FCOLLADA">
                <visibility>1.000000</visibility>
               </technique>
              </extra>
             </node>
             <node name="jnt_left_hand" id="jnt_left_hand" sid="jnt_left_hand" type="JOINT">
              <matrix sid="matrix">0.999059 0.027226 0.033758 -0.975262 0.013028 0.554028 -0.832396 -0.000001 -0.041365 0.832052 0.553152 0.000000 0.000000 0.000000 0.000000 1.000000</matrix>
              <extra>
               <technique profile="FCOLLADA">
                <visibility>1.000000</visibility>
               </technique>
              </extra>
              <node name="jnt_left_handthumb1" id="jnt_left_handthumb1" sid="jnt_left_handthumb1" type="JOINT">
               <matrix sid="matrix">0.847245 -0.522546 -0.095504 -0.060229 0.457005 0.625381 0.632491 -0.203939 -0.270779 -0.579521 0.768657 0.155677 0.000000 0.000000 0.000000 1.000000</matrix>
               <extra>
                <technique profile="FCOLLADA">
                 <visibility>1.000000</visibility>
                </technique>
               </extra>
               <node name="jnt_left_handthumb2" id="jnt_left_handthumb2" sid="jnt_left_handthumb2" type="JOINT">
                <matrix sid="matrix">0.936673 0.350206 -0.000001 -0.213227 -0.350206 0.936672 -0.000003 -0.000001 -0.000001 0.000003 1.000000 0.000003 0.000000 0.000000 0.000000 1.000000</matrix>
                <extra>
                 <technique profile="FCOLLADA">
                  <visibility>1.000000</visibility>
                 </technique>
                </extra>
                <node name="jnt_left_handthumb3" id="jnt_left_handthumb3" sid="jnt_left_handthumb3" type="JOINT">
                 <matrix sid="matrix">0.957316 0.289044 -0.000001 -0.141879 -0.289044 0.957316 -0.000003 0.000003 0.000000 0.000003 1.000000 -0.000027 0.000000 0.000000 0.000000 1.000000</matrix>
                 <extra>
                  <technique profile="FCOLLADA">
                   <visibility>1.000000</visibility>
                  </technique>
                 </extra>
                 <node name="jnt_left_handthumb4" id="jnt_left_handthumb4" sid="jnt_left_handthumb4" type="JOINT">
                  <matrix sid="matrix">1.000000 -0.000000 -0.000000 -0.122601 0.000000 1.000000 0.000000 -0.000006 0.000000 -0.000000 1.000000 0.000005 0.000000 0.000000 0.000000 1.000000</matrix>
                  <extra>
                   <technique profile="FCOLLADA">
                    <visibility>1.000000</visibility>
                   </technique>
                  </extra>
                 </node>
                </node>
               </node>
              </node>
              <node name="jnt_left_handindex1" id="jnt_left_handindex1" sid="jnt_left_handindex1" type="JOINT">
               <matrix sid="matrix">0.803118 0.595024 -0.030790 -0.494375 -0.069847 0.042702 -0.996643 -0.203977 -0.591712 0.802573 0.075855 -0.029848 0.000000 0.000000 0.000000 1.000000</matrix>
               <extra>
                <technique profile="FCOLLADA">
                 <visibility>1.000000</visibility>
                </technique>
               </extra>
               <node name="jnt_left_handindex2" id="jnt_left_handindex2" sid="jnt_left_handindex2" type="JOINT">
                <matrix sid="matrix">0.977194 0.212348 -0.000000 -0.145432 -0.212348 0.977194 -0.000000 0.001125 0.000000 0.000001 1.000000 0.000040 0.000000 0.000000 0.000000 1.000000</matrix>
                <extra>
                 <technique profile="FCOLLADA">
                  <visibility>1.000000</visibility>
                 </technique>
                </extra>
                <node name="jnt_left_handindex3" id="jnt_left_handindex3" sid="jnt_left_handindex3" type="JOINT">
                 <matrix sid="matrix">0.999087 0.042728 -0.000000 -0.093752 -0.042728 0.999086 0.000001 0.000003 0.000000 -0.000001 1.000000 -0.000000 0.000000 0.000000 0.000000 1.000000</matrix>
                 <extra>
                  <technique profile="FCOLLADA">
                   <visibility>1.000000</visibility>
                  </technique>
                 </extra>
                 <node name="jnt_left_handindex4" id="jnt_left_handindex4" sid="jnt_left_handindex4" type="JOINT">
                  <matrix sid="matrix">1.000000 -0.000000 0.000000 -0.107084 0.000000 1.000000 -0.000000 0.000049 -0.000000 0.000000 1.000000 -0.001504 0.000000 0.000000 0.000000 1.000000</matrix>
                  <extra>
                   <technique profile="FCOLLADA">
                    <visibility>1.000000</visibility>
                   </technique>
                  </extra>
                 </node>
                </node>
               </node>
              </node>
              <node name="jnt_left_weapon" id="jnt_left_weapon" sid="jnt_left_weapon" type="JOINT">
               <matrix sid="matrix">-0.068652 -0.108937 -0.991680 -0.369354 0.108715 -0.988918 0.101109 -0.054074 -0.991705 -0.100868 0.079734 0.296616 0.000000 0.000000 0.000000 1.000000</matrix>
               <extra>
                <technique profile="FCOLLADA">
                 <visibility>1.000000</visibility>
                </technique>
               </extra>
              </node>
              <node name="jnt_left_handmiddle1" id="jnt_left_handmiddle1" sid="jnt_left_handmiddle1" type="JOINT">
               <matrix sid="matrix">0.640058 0.767591 -0.033615 -0.489248 0.010231 -0.052262 -0.998581 -0.062066 -0.768259 0.638806 -0.041303 -0.036309 0.000000 0.000000 0.000000 1.000000</matrix>
               <extra>
                <technique profile="FCOLLADA">
                 <visibility>1.000000</visibility>
                </technique>
               </extra>
               <node name="jnt_left_handmiddle2" id="jnt_left_handmiddle2" sid="jnt_left_handmiddle2" type="JOINT">
                <matrix sid="matrix">0.910363 0.413810 -0.000000 -0.176688 -0.413810 0.910363 0.000000 0.000005 0.000000 0.000000 1.000000 0.000001 0.000000 0.000000 0.000000 1.000000</matrix>
                <extra>
                 <technique profile="FCOLLADA">
                  <visibility>1.000000</visibility>
                 </technique>
                </extra>
                <node name="jnt_left_handmiddle3" id="jnt_left_handmiddle3" sid="jnt_left_handmiddle3" type="JOINT">
                 <matrix sid="matrix">0.978982 0.203949 0.000000 -0.108368 -0.203949 0.978981 0.000000 0.000002 -0.000000 -0.000000 1.000000 0.000001 0.000000 0.000000 0.000000 1.000000</matrix>
                 <extra>
                  <technique profile="FCOLLADA">
                   <visibility>1.000000</visibility>
                  </technique>
                 </extra>
                 <node name="jnt_left_handmiddle4" id="jnt_left_handmiddle4" sid="jnt_left_handmiddle4" type="JOINT">
                  <matrix sid="matrix">1.000000 0.000000 0.000000 -0.119193 -0.000000 1.000000 -0.000000 -0.000106 -0.000000 0.000000 1.000000 0.000005 0.000000 0.000000 0.000000 1.000000</matrix>
                  <extra>
                   <technique profile="FCOLLADA">
                    <visibility>1.000000</visibility>
                   </technique>
                  </extra>
                 </node>
                </node>
               </node>
              </node>
              <node name="jnt_left_handring1" id="jnt_left_handring1" sid="jnt_left_handring1" type="JOINT">
               <matrix sid="matrix">0.605660 0.778632 -0.164038 -0.469964 0.017593 -0.219202 -0.975521 0.076797 -0.795529 0.587948 -0.146460 -0.036647 0.000000 0.000000 0.000000 1.000000</matrix>
               <extra>
                <technique profile="FCOLLADA">
                 <visibility>1.000000</visibility>
                </technique>
               </extra>
               <node name="jnt_left_handring2" id="jnt_left_handring2" sid="jnt_left_handring2" type="JOINT">
                <matrix sid="matrix">0.881477 0.472226 0.000000 -0.184234 -0.472226 0.881477 -0.000001 -0.000002 -0.000001 0.000001 1.000000 -0.000000 0.000000 0.000000 0.000000 1.000000</matrix>
                <extra>
                 <technique profile="FCOLLADA">
                  <visibility>1.000000</visibility>
                 </technique>
                </extra>
                <node name="jnt_left_handring3" id="jnt_left_handring3" sid="jnt_left_handring3" type="JOINT">
                 <matrix sid="matrix">0.967950 0.251140 0.000000 -0.103958 -0.251140 0.967951 0.000001 0.000003 0.000000 -0.000001 1.000000 0.000000 0.000000 0.000000 0.000000 1.000000</matrix>
                 <extra>
                  <technique profile="FCOLLADA">
                   <visibility>1.000000</visibility>
                  </technique>
                 </extra>
                 <node name="jnt_left_handring4" id="jnt_left_handring4" sid="jnt_left_handring4" type="JOINT">
                  <matrix sid="matrix">1.000000 0.000000 -0.000000 -0.120246 -0.000000 1.000000 -0.000000 -0.000105 0.000000 0.000000 1.000000 0.000017 0.000000 0.000000 0.000000 1.000000</matrix>
                  <extra>
                   <technique profile="FCOLLADA">
                    <visibility>1.000000</visibility>
                   </technique>
                  </extra>
                 </node>
                </node>
               </node>
              </node>
              <node name="jnt_left_handpinky1" id="jnt_left_handpinky1" sid="jnt_left_handpinky1" type="JOINT">
               <matrix sid="matrix">0.536721 0.840265 -0.076715 -0.407612 0.103818 -0.155996 -0.982287 0.208156 -0.837348 0.519250 -0.170960 0.012223 0.000000 0.000000 0.000000 1.000000</matrix>
               <extra>
                <technique profile="FCOLLADA">
                 <visibility>1.000000</visibility>
                </technique>
               </extra>
               <node name="jnt_left_handpinky2" id="jnt_left_handpinky2" sid="jnt_left_handpinky2" type="JOINT">
                <matrix sid="matrix">0.822138 0.569288 0.000001 -0.148503 -0.569288 0.822138 -0.000000 0.000002 -0.000001 -0.000000 1.000000 -0.000001 0.000000 0.000000 0.000000 1.000000</matrix>
                <extra>
                 <technique profile="FCOLLADA">
                  <visibility>1.000000</visibility>
                 </technique>
                </extra>
                <node name="jnt_left_handpinky3" id="jnt_left_handpinky3" sid="jnt_left_handpinky3" type="JOINT">
                 <matrix sid="matrix">0.936795 0.349879 -0.000000 -0.075475 -0.349878 0.936795 -0.000001 0.000002 0.000000 0.000001 1.000000 0.000000 0.000000 0.000000 0.000000 1.000000</matrix>
                 <extra>
                  <technique profile="FCOLLADA">
                   <visibility>1.000000</visibility>
                  </technique>
                 </extra>
                 <node name="jnt_left_handpinky4" id="jnt_left_handpinky4" sid="jnt_left_handpinky4" type="JOINT">
                  <matrix sid="matrix">1.000000 0.000000 -0.000000 -0.101158 -0.000000 1.000000 0.000000 -0.000003 0.000000 -0.000000 1.000000 0.000000 0.000000 0.000000 0.000000 1.000000</matrix>
                  <extra>
                   <technique profile="FCOLLADA">
                    <visibility>1.000000</visibility>
                   </technique>
                  </extra>
                 </node>
                </node>
               </node>
              </node>
             </node>
            </node>
           </node>
          </node>
         </node>
         <node name="jnt_right_armroot" id="jnt_right_armroot" sid="jnt_right_armroot" type="JOINT">
          <matrix sid="matrix">1.000000 -0.000004 -0.000000 -1.159978 0.000004 1.000000 -0.000000 -0.738130 0.000000 0.000000 1.000000 0.820651 0.000000 0.000000 0.000000 1.000000</matrix>
          <extra>
           <technique profile="FCOLLADA">
            <visibility>1.000000</visibility>
           </technique>
          </extra>
          <node name="jnt_right_shoulder" id="jnt_right_shoulder" sid="jnt_right_shoulder" type="JOINT">
           <matrix sid="matrix">0.019288 -0.092831 0.995495 0.635987 -0.352003 0.931300 0.093665 0.114390 -0.935800 -0.352224 -0.014713 -0.266187 0.000000 0.000000 0.000000 1.000000</matrix>
           <extra>
            <technique profile="FCOLLADA">
             <visibility>1.000000</visibility>
            </technique>
           </extra>
           <node name="jnt_right_arm" id="jnt_right_arm" sid="jnt_right_arm" type="JOINT">
            <matrix sid="matrix">0.502419 -0.859073 -0.097818 0.525417 -0.137582 0.032259 -0.989965 0.032447 0.853608 0.510835 -0.101985 -0.009491 0.000000 0.000000 0.000000 1.000000</matrix>
            <extra>
             <technique profile="FCOLLADA">
              <visibility>1.000000</visibility>
             </technique>
            </extra>
            <node name="jnt_right_armroll" id="jnt_right_armroll" sid="jnt_right_armroll" type="JOINT">
             <matrix sid="matrix">1.000000 0.000000 -0.000000 0.421995 -0.000000 1.000000 -0.000000 -0.000002 0.000000 0.000000 1.000000 0.000004 0.000000 0.000000 0.000000 1.000000</matrix>
             <extra>
              <technique profile="FCOLLADA">
               <visibility>1.000000</visibility>
              </technique>
             </extra>
            </node>
            <node name="jnt_right_forearm" id="jnt_right_forearm" sid="jnt_right_forearm" type="JOINT">
             <matrix sid="matrix">0.404190 0.134740 0.904696 0.843981 0.238947 0.939190 -0.246631 -0.000002 -0.882913 0.315860 0.347415 -0.000003 0.000000 0.000000 0.000000 1.000000</matrix>
             <extra>
              <technique profile="FCOLLADA">
               <visibility>1.000000</visibility>
              </technique>
             </extra>
             <node name="jnt_right_forearmroll" id="jnt_right_forearmroll" sid="jnt_right_forearmroll" type="JOINT">
              <matrix sid="matrix">1.000000 0.000001 0.000000 0.487001 -0.000001 1.000000 -0.000000 -0.000000 -0.000000 0.000000 1.000000 0.000004 0.000000 0.000000 0.000000 1.000000</matrix>
              <extra>
               <technique profile="FCOLLADA">
                <visibility>1.000000</visibility>
               </technique>
              </extra>
             </node>
             <node name="jnt_right_hand" id="jnt_right_hand" sid="jnt_right_hand" type="JOINT">
              <matrix sid="matrix">0.760728 0.556681 0.333764 0.975261 -0.253657 0.728302 -0.636580 -0.000000 -0.597453 0.399603 0.695246 0.000002 0.000000 0.000000 0.000000 1.000000</matrix>
              <extra>
               <technique profile="FCOLLADA">
                <visibility>1.000000</visibility>
               </technique>
              </extra>
              <node name="jnt_right_handthumb1" id="jnt_right_handthumb1" sid="jnt_right_handthumb1" type="JOINT">
               <matrix sid="matrix">0.840651 -0.501489 0.204487 0.060227 0.200669 0.639129 0.742460 0.203939 -0.503029 -0.583115 0.637918 -0.155682 0.000000 0.000000 0.000000 1.000000</matrix>
               <extra>
                <technique profile="FCOLLADA">
                 <visibility>1.000000</visibility>
                </technique>
               </extra>
               <node name="jnt_right_handthumb2" id="jnt_right_handthumb2" sid="jnt_right_handthumb2" type="JOINT">
                <matrix sid="matrix">0.925479 0.378799 -0.000001 0.213224 -0.378800 0.925479 -0.000003 -0.000001 -0.000001 0.000003 1.000000 0.000000 0.000000 0.000000 0.000000 1.000000</matrix>
                <extra>
                 <technique profile="FCOLLADA">
                  <visibility>1.000000</visibility>
                 </technique>
                </extra>
                <node name="jnt_right_handthumb3" id="jnt_right_handthumb3" sid="jnt_right_handthumb3" type="JOINT">
                 <matrix sid="matrix">0.947989 0.318304 0.000001 0.141882 -0.318304 0.947989 0.000006 -0.000000 0.000001 -0.000006 1.000000 0.000023 0.000000 0.000000 0.000000 1.000000</matrix>
                 <extra>
                  <technique profile="FCOLLADA">
                   <visibility>1.000000</visibility>
                  </technique>
                 </extra>
                 <node name="jnt_right_handthumb4" id="jnt_right_handthumb4" sid="jnt_right_handthumb4" type="JOINT">
                  <matrix sid="matrix">1.000000 -0.000002 -0.000000 0.122606 0.000002 1.000000 -0.000000 0.000000 0.000000 0.000000 1.000000 0.000000 0.000000 0.000000 0.000000 1.000000</matrix>
                  <extra>
                   <technique profile="FCOLLADA">
                    <visibility>1.000000</visibility>
                   </technique>
                  </extra>
                 </node>
                </node>
               </node>
              </node>
              <node name="jnt_right_handindex1" id="jnt_right_handindex1" sid="jnt_right_handindex1" type="JOINT">
               <matrix sid="matrix">0.773118 0.581355 -0.253605 0.494373 -0.340123 0.042510 -0.939420 0.203977 -0.535356 0.812539 0.230597 0.029845 0.000000 0.000000 0.000000 1.000000</matrix>
               <extra>
                <technique profile="FCOLLADA">
                 <visibility>1.000000</visibility>
                </technique>
               </extra>
               <node name="jnt_right_handindex2" id="jnt_right_handindex2" sid="jnt_right_handindex2" type="JOINT">
                <matrix sid="matrix">0.980654 0.195750 -0.000000 0.145441 -0.195750 0.980654 -0.000000 -0.001121 0.000000 0.000000 1.000000 -0.000039 0.000000 0.000000 0.000000 1.000000</matrix>
                <extra>
                 <technique profile="FCOLLADA">
                  <visibility>1.000000</visibility>
                 </technique>
                </extra>
                <node name="jnt_right_handindex3" id="jnt_right_handindex3" sid="jnt_right_handindex3" type="JOINT">
                 <matrix sid="matrix">0.999667 0.025823 -0.000000 0.093746 -0.025823 0.999667 0.000000 0.000000 0.000000 -0.000000 1.000000 -0.000000 0.000000 0.000000 0.000000 1.000000</matrix>
                 <extra>
                  <technique profile="FCOLLADA">
                   <visibility>1.000000</visibility>
                  </technique>
                 </extra>
                 <node name="jnt_right_handindex4" id="jnt_right_handindex4" sid="jnt_right_handindex4" type="JOINT">
                  <matrix sid="matrix">1.000000 0.000000 -0.000000 0.107088 -0.000000 1.000000 0.000000 -0.000052 0.000000 -0.000000 1.000000 0.001503 0.000000 0.000000 0.000000 1.000000</matrix>
                  <extra>
                   <technique profile="FCOLLADA">
                    <visibility>1.000000</visibility>
                   </technique>
                  </extra>
                 </node>
                </node>
               </node>
              </node>
              <node name="jnt_right_weapon" id="jnt_right_weapon" sid="jnt_right_weapon" type="JOINT">
               <matrix sid="matrix">-0.236786 -0.111367 0.965158 0.408330 0.102326 0.985025 0.138763 0.002724 -0.966158 0.131617 -0.221844 -0.174393 0.000000 0.000000 0.000000 1.000000</matrix>
               <extra>
                <technique profile="FCOLLADA">
                 <visibility>1.000000</visibility>
                </technique>
               </extra>
              </node>
              <node name="jnt_right_handmiddle1" id="jnt_right_handmiddle1" sid="jnt_right_handmiddle1" type="JOINT">
               <matrix sid="matrix">0.368560 0.925868 -0.083257 0.489245 -0.066290 -0.063157 -0.995799 0.062065 -0.927237 0.372531 0.038099 0.036303 0.000000 0.000000 0.000000 1.000000</matrix>
               <extra>
                <technique profile="FCOLLADA">
                 <visibility>1.000000</visibility>
                </technique>
               </extra>
               <node name="jnt_right_handmiddle2" id="jnt_right_handmiddle2" sid="jnt_right_handmiddle2" type="JOINT">
                <matrix sid="matrix">0.739923 0.672691 -0.000000 0.176685 -0.672691 0.739923 -0.000000 0.000001 0.000000 0.000000 1.000000 0.000001 0.000000 0.000000 0.000000 1.000000</matrix>
                <extra>
                 <technique profile="FCOLLADA">
                  <visibility>1.000000</visibility>
                 </technique>
                </extra>
                <node name="jnt_right_handmiddle3" id="jnt_right_handmiddle3" sid="jnt_right_handmiddle3" type="JOINT">
                 <matrix sid="matrix">0.869501 0.493932 -0.000000 0.108374 -0.493932 0.869501 0.000000 0.000000 0.000000 -0.000000 1.000000 -0.000000 0.000000 0.000000 0.000000 1.000000</matrix>
                 <extra>
                  <technique profile="FCOLLADA">
                   <visibility>1.000000</visibility>
                  </technique>
                 </extra>
                 <node name="jnt_right_handmiddle4" id="jnt_right_handmiddle4" sid="jnt_right_handmiddle4" type="JOINT">
                  <matrix sid="matrix">1.000000 0.000000 -0.000000 0.119191 -0.000000 1.000000 -0.000000 0.000105 -0.000000 0.000000 1.000000 -0.000005 0.000000 0.000000 0.000000 1.000000</matrix>
                  <extra>
                   <technique profile="FCOLLADA">
                    <visibility>1.000000</visibility>
                   </technique>
                  </extra>
                 </node>
                </node>
               </node>
              </node>
              <node name="jnt_right_handring1" id="jnt_right_handring1" sid="jnt_right_handring1" type="JOINT">
               <matrix sid="matrix">0.355831 0.903711 -0.238097 0.469963 -0.059672 -0.232281 -0.970816 -0.076798 -0.932643 0.359654 -0.028727 0.036646 0.000000 0.000000 0.000000 1.000000</matrix>
               <extra>
                <technique profile="FCOLLADA">
                 <visibility>1.000000</visibility>
                </technique>
               </extra>
               <node name="jnt_right_handring2" id="jnt_right_handring2" sid="jnt_right_handring2" type="JOINT">
                <matrix sid="matrix">0.729500 0.683981 -0.000001 0.184241 -0.683981 0.729500 -0.000001 0.000000 -0.000000 0.000001 1.000000 0.000000 0.000000 0.000000 0.000000 1.000000</matrix>
                <extra>
                 <technique profile="FCOLLADA">
                  <visibility>1.000000</visibility>
                 </technique>
                </extra>
                <node name="jnt_right_handring3" id="jnt_right_handring3" sid="jnt_right_handring3" type="JOINT">
                 <matrix sid="matrix">0.870175 0.492743 0.000000 0.103951 -0.492743 0.870175 0.000001 0.000001 0.000000 -0.000001 1.000000 0.000001 0.000000 0.000000 0.000000 1.000000</matrix>
                 <extra>
                  <technique profile="FCOLLADA">
                   <visibility>1.000000</visibility>
                  </technique>
                 </extra>
                 <node name="jnt_right_handring4" id="jnt_right_handring4" sid="jnt_right_handring4" type="JOINT">
                  <matrix sid="matrix">1.000000 0.000000 -0.000000 0.120247 -0.000000 1.000000 0.000000 0.000103 0.000000 -0.000000 1.000000 -0.000016 0.000000 0.000000 0.000000 1.000000</matrix>
                  <extra>
                   <technique profile="FCOLLADA">
                    <visibility>1.000000</visibility>
                   </technique>
                  </extra>
                 </node>
                </node>
               </node>
              </node>
              <node name="jnt_right_handpinky1" id="jnt_right_handpinky1" sid="jnt_right_handpinky1" type="JOINT">
               <matrix sid="matrix">0.385619 0.904001 -0.184610 0.407609 -0.085969 -0.164011 -0.982705 -0.208155 -0.918644 0.394821 0.014471 -0.012230 0.000000 0.000000 0.000000 1.000000</matrix>
               <extra>
                <technique profile="FCOLLADA">
                 <visibility>1.000000</visibility>
                </technique>
               </extra>
               <node name="jnt_right_handpinky2" id="jnt_right_handpinky2" sid="jnt_right_handpinky2" type="JOINT">
                <matrix sid="matrix">0.734578 0.678524 -0.000001 0.148507 -0.678524 0.734578 -0.000001 0.000001 -0.000000 0.000001 1.000000 -0.000000 0.000000 0.000000 0.000000 1.000000</matrix>
                <extra>
                 <technique profile="FCOLLADA">
                  <visibility>1.000000</visibility>
                 </technique>
                </extra>
                <node name="jnt_right_handpinky3" id="jnt_right_handpinky3" sid="jnt_right_handpinky3" type="JOINT">
                 <matrix sid="matrix">0.878731 0.477317 -0.000000 0.075471 -0.477317 0.878731 0.000002 -0.000002 0.000001 -0.000001 1.000000 0.000001 0.000000 0.000000 0.000000 1.000000</matrix>
                 <extra>
                  <technique profile="FCOLLADA">
                   <visibility>1.000000</visibility>
                  </technique>
                 </extra>
                 <node name="jnt_right_handpinky4" id="jnt_right_handpinky4" sid="jnt_right_handpinky4" type="JOINT">
                  <matrix sid="matrix">1.000000 0.000000 -0.000000 0.101152 -0.000000 1.000000 0.000000 -0.000000 0.000000 -0.000000 1.000000 -0.000000 0.000000 0.000000 0.000000 1.000000</matrix>
                  <extra>
                   <technique profile="FCOLLADA">
                    <visibility>1.000000</visibility>
                   </technique>
                  </extra>
                 </node>
                </node>
               </node>
              </node>
             </node>
            </node>
           </node>
          </node>
         </node>
         <node name="jnt_backpack" id="jnt_backpack" sid="jnt_backpack" type="JOINT">
          <matrix sid="matrix">0.000000 0.995068 -0.099191 0.682545 -0.000000 0.099191 0.995068 -0.705658 1.000000 -0.000000 0.000000 -0.000000 0.000000 0.000000 0.000000 1.000000</matrix>
          <extra>
           <technique profile="FCOLLADA">
            <visibility>1.000000</visibility>
           </technique>
          </extra>
         </node>
        </node>
       </node>
      </node>
      <node name="jnt_camera" id="jnt_camera" sid="jnt_camera" type="JOINT">
       <matrix sid="matrix">1.000000 -0.000000 -0.000000 0.000000 0.000000 0.999988 0.004912 1.193611 0.000000 -0.004912 0.999988 0.007402 0.000000 0.000000 0.000000 1.000000</matrix>
       <extra>
        <technique profile="FCOLLADA">
         <visibility>1.000000</visibility>
        </technique>
       </extra>
      </node>
     </node>
     <node name="jnt_right_upleg" id="jnt_right_upleg" sid="jnt_right_upleg" type="JOINT">
      <matrix sid="matrix">-0.112562 -0.332887 -0.936224 -0.446779 -0.993503 0.053585 0.100396 -0.111214 0.016747 0.941443 -0.336756 0.043020 0.000000 0.000000 0.000000 1.000000</matrix>
      <extra>
       <technique profile="FCOLLADA">
        <visibility>1.000000</visibility>
       </technique>
      </extra>
      <node name="jnt_right_uplegroll" id="jnt_right_uplegroll" sid="jnt_right_uplegroll" type="JOINT">
       <matrix sid="matrix">1.000000 -0.000000 0.000000 0.430000 0.000000 1.000000 0.000000 0.000000 -0.000000 -0.000000 1.000000 -0.000000 0.000000 0.000000 0.000000 1.000000</matrix>
       <extra>
        <technique profile="FCOLLADA">
         <visibility>1.000000</visibility>
        </technique>
       </extra>
      </node>
      <node name="jnt_right_leg" id="jnt_right_leg" sid="jnt_right_leg" type="JOINT">
       <matrix sid="matrix">0.968055 0.250270 -0.015278 0.860324 -0.240256 0.943300 0.229042 0.000000 0.071735 -0.218055 0.973296 -0.000000 0.000000 0.000000 0.000000 1.000000</matrix>
       <extra>
        <technique profile="FCOLLADA">
         <visibility>1.000000</visibility>
        </technique>
       </extra>
       <node name="jnt_right_legroll" id="jnt_right_legroll" sid="jnt_right_legroll" type="JOINT">
        <matrix sid="matrix">1.000000 0.000000 0.000000 0.384000 -0.000000 1.000000 0.000000 -0.000000 -0.000000 -0.000000 1.000000 0.000000 0.000000 0.000000 0.000000 1.000000</matrix>
        <extra>
         <technique profile="FCOLLADA">
          <visibility>1.000000</visibility>
         </technique>
        </extra>
       </node>
       <node name="jnt_right_foot" id="jnt_right_foot" sid="jnt_right_foot" type="JOINT">
        <matrix sid="matrix">0.278762 -0.954826 0.102953 0.768144 0.945566 0.291630 0.144415 -0.000001 -0.167916 0.057091 0.984147 0.000000 0.000000 0.000000 0.000000 1.000000</matrix>
        <extra>
         <technique profile="FCOLLADA">
          <visibility>1.000000</visibility>
         </technique>
        </extra>
        <node name="jnt_right_toebase" id="jnt_right_toebase" sid="jnt_right_toebase" type="JOINT">
         <matrix sid="matrix">0.918936 -0.394407 -0.000000 0.441847 0.394407 0.918936 0.000000 -0.000000 0.000000 -0.000000 1.000000 0.000000 0.000000 0.000000 0.000000 1.000000</matrix>
         <extra>
          <technique profile="FCOLLADA">
           <visibility>1.000000</visibility>
          </technique>
         </extra>
         <node name="jnt_right_toeend" id="jnt_right_toeend" sid="jnt_right_toeend" type="JOINT">
          <matrix sid="matrix">1.000000 -0.000001 -0.000000 0.379397 0.000001 1.000000 -0.000000 0.000000 0.000000 0.000000 1.000000 0.000000 0.000000 0.000000 0.000000 1.000000</matrix>
          <extra>
           <technique profile="FCOLLADA">
            <visibility>1.000000</visibility>
           </technique>
          </extra>
         </node>
        </node>
       </node>
      </node>
     </node>
     <node name="jnt_left_upleg" id="jnt_left_upleg" sid="jnt_left_upleg" type="JOINT">
      <matrix sid="matrix">0.112561 0.332886 -0.936224 0.446779 -0.993504 0.053590 -0.100393 -0.111213 0.016753 0.941443 0.336756 0.043020 0.000000 0.000000 0.000000 1.000000</matrix>
      <extra>
       <technique profile="FCOLLADA">
        <visibility>1.000000</visibility>
       </technique>
      </extra>
      <node name="jnt_left_uplegroll" id="jnt_left_uplegroll" sid="jnt_left_uplegroll" type="JOINT">
       <matrix sid="matrix">1.000000 -0.000000 -0.000000 0.430000 0.000000 1.000000 -0.000000 -0.000000 0.000000 0.000000 1.000000 0.000000 0.000000 0.000000 0.000000 1.000000</matrix>
       <extra>
        <technique profile="FCOLLADA">
         <visibility>1.000000</visibility>
        </technique>
       </extra>
      </node>
      <node name="jnt_left_leg" id="jnt_left_leg" sid="jnt_left_leg" type="JOINT">
       <matrix sid="matrix">0.968052 0.250284 0.015281 0.860328 -0.240268 0.943298 -0.229044 -0.000000 -0.071741 0.218054 0.973296 0.000001 0.000000 0.000000 0.000000 1.000000</matrix>
       <extra>
        <technique profile="FCOLLADA">
         <visibility>1.000000</visibility>
        </technique>
       </extra>
       <node name="jnt_left_legroll" id="jnt_left_legroll" sid="jnt_left_legroll" type="JOINT">
        <matrix sid="matrix">1.000000 -0.000000 -0.000000 0.384000 0.000000 1.000000 -0.000000 0.000000 0.000000 0.000000 1.000000 0.000000 0.000000 0.000000 0.000000 1.000000</matrix>
        <extra>
         <technique profile="FCOLLADA">
          <visibility>1.000000</visibility>
         </technique>
        </extra>
       </node>
       <node name="jnt_left_foot" id="jnt_left_foot" sid="jnt_left_foot" type="JOINT">
        <matrix sid="matrix">0.278754 -0.954828 -0.102953 0.768142 0.945569 0.291623 -0.144416 0.000000 0.167916 -0.057093 0.984147 -0.000001 0.000000 0.000000 0.000000 1.000000</matrix>
        <extra>
         <technique profile="FCOLLADA">
          <visibility>1.000000</visibility>
         </technique>
        </extra>
        <node name="jnt_left_toebase" id="jnt_left_toebase" sid="jnt_left_toebase" type="JOINT">
         <matrix sid="matrix">0.918936 -0.394408 0.000000 0.441847 0.394408 0.918936 -0.000000 0.000000 0.000000 0.000000 1.000000 -0.000000 0.000000 0.000000 0.000000 1.000000</matrix>
         <extra>
          <technique profile="FCOLLADA">
           <visibility>1.000000</visibility>
          </technique>
         </extra>
         <node name="jnt_left_toeend" id="jnt_left_toeend" sid="jnt_left_toeend" type="JOINT">
          <matrix sid="matrix">1.000000 -0.000001 -0.000000 0.379397 0.000001 1.000000 -0.000000 -0.000000 0.000000 0.000000 1.000000 -0.000000 0.000000 0.000000 0.000000 1.000000</matrix>
          <extra>
           <technique profile="FCOLLADA">
            <visibility>1.000000</visibility>
           </technique>
          </extra>
         </node>
        </node>
       </node>
      </node>
     </node>
    </node>
   </node>
   <extra>
    <technique profile="MAX3D">
     <frame_rate>60.000000</frame_rate>
    </technique>
    <technique profile="FCOLLADA">
     <start_time>0.000000</start_time>
     <end_time>1.000000</end_time>
    </technique>
   </extra>
  </visual_scene>
 </library_visual_scenes>
 <scene>
  <instance_visual_scene url="#Scene"></instance_visual_scene>
 </scene>
</COLLADA>
