<?xml version="1.0"?>
<COLLADA xmlns="http://www.collada.org/2005/11/COLLADASchema" version="1.4.1">
 <asset>
  <contributor>
   <author></author>
   <authoring_tool>FBX COLLADA exporter</authoring_tool>
   <comments></comments>
  </contributor>
  <created>2026-09-12T01:02:34Z</created>
  <keywords></keywords>
  <modified>2026-09-12T01:02:34Z</modified>
  <revision></revision>
  <subject></subject>
  <title></title>
  <unit meter="0.010000" name="centimeter"></unit>
  <up_axis>Y_UP</up_axis>
 </asset>
 <library_animations>
  <animation id="Character-anim" name="Character">
   <animation>
    <source id="Character-Matrix-animation-input">
     <float_array id="Character-Matrix-animation-input-array" count="20">

0.000000 0.033333 0.066667 0.100000 0.133333 0.166667 0.200000 0.233333 0.266667 0.300000 0.333333 0.366667 0.400000 0.433333 0.466667 0.500000
0.533333 0.566667 0.600000 0.633333</float_array>
     <technique_common>
      <accessor source="#Character-Matrix-animation-input-array" count="20">
       <param name="TIME" type="float"></param>
      </accessor>
     </technique_common>
    </source>
    <source id="Character-Matrix-animation-output-transform">
     <float_array id="Character-Matrix-animation-output-transform-array" count="320">

1.000000 0.000000 0.000000 0.000000 0.000000 1.000000 -0.000000 0.000000 0.000000 0.000000 1.000000 0.000000 0.000000 0.000000 0.000000 1.000000
1.000000 0.000000 0.000000 0.000000 0.000000 1.000000 -0.000000 0.000000 0.000000 0.000000 1.000000 0.000000 0.000000 0.000000 0.000000 1.000000
1.000000 0.000000 0.000000 0.000000 0.000000 1.000000 -0.000000 0.000000 0.000000 0.000000 1.000000 0.000000 0.000000 0.000000 0.000000 1.000000
1.000000 0.000000 0.000000 0.000000 0.000000 1.000000 -0.000000 0.000000 0.000000 0.000000 1.000000 0.000000 0.000000 0.000000 0.000000 1.000000
1.000000 0.000000 0.000000 0.000000 0.000000 1.000000 -0.000000 0.000000 0.000000 0.000000 1.000000 0.000000 0.000000 0.000000 0.000000 1.000000
1.000000 0.000000 0.000000 0.000000 0.000000 1.000000 -0.000000 0.000000 0.000000 0.000000 1.000000 0.000000 0.000000 0.000000 0.000000 1.000000
1.000000 0.000000 0.000000 0.000000 0.000000 1.000000 -0.000000 0.000000 0.000000 0.000000 1.000000 0.000000 0.000000 0.000000 0.000000 1.000000
1.000000 0.000000 0.000000 0.000000 0.000000 1.000000 -0.000000 0.000000 0.000000 0.000000 1.000000 0.000000 0.000000 0.000000 0.000000 1.000000
1.000000 0.000000 0.000000 0.000000 0.000000 1.000000 -0.000000 0.000000 0.000000 0.000000 1.000000 0.000000 0.000000 0.000000 0.000000 1.000000
1.000000 0.000000 0.000000 0.000000 0.000000 1.000000 -0.000000 0.000000 0.000000 0.000000 1.000000 0.000000 0.000000 0.000000 0.000000 1.000000
1.000000 0.000000 0.000000 0.000000 0.000000 1.000000 -0.000000 0.000000 0.000000 0.000000 1.000000 0.000000 0.000000 0.000000 0.000000 1.000000
1.000000 0.000000 0.000000 0.000000 0.000000 1.000000 -0.000000 0.000000 0.000000 0.000000 1.000000 0.000000 0.000000 0.000000 0.000000 1.000000
1.000000 0.000000 0.000000 0.000000 0.000000 1.000000 -0.000000 0.000000 0.000000 0.000000 1.000000 0.000000 0.000000 0.000000 0.000000 1.000000
1.000000 0.000000 0.000000 0.000000 0.000000 1.000000 -0.000000 0.000000 0.000000 0.000000 1.000000 0.000000 0.000000 0.000000 0.000000 1.000000
1.000000 0.000000 0.000000 0.000000 0.000000 1.000000 -0.000000 0.000000 0.000000 0.000000 1.000000 0.000000 0.000000 0.000000 0.000000 1.000000
1.000000 0.000000 0.000000 0.000000 0.000000 1.000000 -0.000000 0.000000 0.000000 0.000000 1.000000 0.000000 0.000000 0.000000 0.000000 1.000000
1.000000 0.000000 0.000000 0.000000 0.000000 1.000000 -0.000000 0.000000 0.000000 0.000000 1.000000 0.000000 0.000000 0.000000 0.000000 1.000000
1.000000 0.000000 0.000000 0.000000 0.000000 1.000000 -0.000000 0.000000 0.000000 0.000000 1.000000 0.000000 0.000000 0.000000 0.000000 1.000000
1.000000 0.000000 0.000000 0.000000 0.000000 1.000000 -0.000000 0.000000 0.000000 0.000000 1.000000 0.000000 0.000000 0.000000 0.000000 1.000000
1.000000 0.000000 0.000000 0.000000 0.000000 1.000000 -0.000000 0.000000 0.000000 0.000000 1.000000 0.000000 0.000000 0.000000 0.000000 1.000000</float_array>
     <technique_common>
      <accessor source="#Character-Matrix-animation-output-transform-array" count="20" stride="16">
       <param type="float4x4"></param>
      </accessor>
     </technique_common>
    </source>
    <source id="Character-Interpolations">
     <Name_array id="Character-Interpolations-array" count="20">
 LINEAR LINEAR LINEAR LINEAR LINEAR LINEAR LINEAR LINEAR LINEAR LINEAR LINEAR
LINEAR LINEAR LINEAR LINEAR LINEAR LINEAR LINEAR LINEAR LINEAR</Name_array>
     <technique_common>
      <accessor source="#Character-Interpolations-array" count="20">
       <param type="name"></param>
      </accessor>
     </technique_common>
    </source>
    <sampler id="Character-Matrix-animation-transform">
     <input semantic="INPUT" source="#Character-Matrix-animation-input"></input>
     <input semantic="OUTPUT" source="#Character-Matrix-animation-output-transform"></input>
     <input semantic="INTERPOLATION" source="#Character-Interpolations"></input>
    </sampler>
    <channel source="#Character-Matrix-animation-transform" target="Character/matrix"></channel>
   </animation>
  </animation>
  <animation id="HIK_root_jnt-anim" name="HIK_root_jnt">
   <animation>
    <source id="HIK_root_jnt-Matrix-animation-input">
     <float_array id="HIK_root_jnt-Matrix-animation-input-array" count="20">

0.000000 0.033333 0.066667 0.100000 0.133333 0.166667 0.200000 0.233333 0.266667 0.300000 0.333333 0.366667 0.400000 0.433333 0.466667 0.500000
0.533333 0.566667 0.600000 0.633333</float_array>
     <technique_common>
      <accessor source="#HIK_root_jnt-Matrix-animation-input-array" count="20">
       <param name="TIME" type="float"></param>
      </accessor>
     </technique_common>
    </source>
    <source id="HIK_root_jnt-Matrix-animation-output-transform">
     <float_array id="HIK_root_jnt-Matrix-animation-output-transform-array" count="320">

1.000000 0.000000 0.000000 0.000000 0.000000 1.000000 -0.000000 0.000000 0.000000 0.000000 1.000000 0.000000 0.000000 0.000000 0.000000 1.000000
1.000000 0.000000 0.000000 0.000000 0.000000 1.000000 -0.000000 0.000000 0.000000 0.000000 1.000000 0.000000 0.000000 0.000000 0.000000 1.000000
1.000000 0.000000 0.000000 0.000000 0.000000 1.000000 -0.000000 0.000000 0.000000 0.000000 1.000000 0.000000 0.000000 0.000000 0.000000 1.000000
1.000000 0.000000 0.000000 0.000000 0.000000 1.000000 -0.000000 0.000000 0.000000 0.000000 1.000000 0.000000 0.000000 0.000000 0.000000 1.000000
1.000000 0.000000 0.000000 0.000000 0.000000 1.000000 -0.000000 0.000000 0.000000 0.000000 1.000000 0.000000 0.000000 0.000000 0.000000 1.000000
1.000000 0.000000 0.000000 0.000000 0.000000 1.000000 -0.000000 0.000000 0.000000 0.000000 1.000000 0.000000 0.000000 0.000000 0.000000 1.000000
1.000000 0.000000 0.000000 0.000000 0.000000 1.000000 -0.000000 0.000000 0.000000 0.000000 1.000000 0.000000 0.000000 0.000000 0.000000 1.000000
1.000000 0.000000 0.000000 0.000000 0.000000 1.000000 -0.000000 0.000000 0.000000 0.000000 1.000000 0.000000 0.000000 0.000000 0.000000 1.000000
1.000000 0.000000 0.000000 0.000000 0.000000 1.000000 -0.000000 0.000000 0.000000 0.000000 1.000000 0.000000 0.000000 0.000000 0.000000 1.000000
1.000000 0.000000 0.000000 0.000000 0.000000 1.000000 -0.000000 0.000000 0.000000 0.000000 1.000000 0.000000 0.000000 0.000000 0.000000 1.000000
1.000000 0.000000 0.000000 0.000000 0.000000 1.000000 -0.000000 0.000000 0.000000 0.000000 1.000000 0.000000 0.000000 0.000000 0.000000 1.000000
1.000000 0.000000 0.000000 0.000000 0.000000 1.000000 -0.000000 0.000000 0.000000 0.000000 1.000000 0.000000 0.000000 0.000000 0.000000 1.000000
1.000000 0.000000 0.000000 0.000000 0.000000 1.000000 -0.000000 0.000000 0.000000 0.000000 1.000000 0.000000 0.000000 0.000000 0.000000 1.000000
1.000000 0.000000 0.000000 0.000000 0.000000 1.000000 -0.000000 0.000000 0.000000 0.000000 1.000000 0.000000 0.000000 0.000000 0.000000 1.000000
1.000000 0.000000 0.000000 0.000000 0.000000 1.000000 -0.000000 0.000000 0.000000 0.000000 1.000000 0.000000 0.000000 0.000000 0.000000 1.000000
1.000000 0.000000 0.000000 0.000000 0.000000 1.000000 -0.000000 0.000000 0.000000 0.000000 1.000000 0.000000 0.000000 0.000000 0.000000 1.000000
1.000000 0.000000 0.000000 0.000000 0.000000 1.000000 -0.000000 0.000000 0.000000 0.000000 1.000000 0.000000 0.000000 0.000000 0.000000 1.000000
1.000000 0.000000 0.000000 0.000000 0.000000 1.000000 -0.000000 0.000000 0.000000 0.000000 1.000000 0.000000 0.000000 0.000000 0.000000 1.000000
1.000000 0.000000 0.000000 0.000000 0.000000 1.000000 -0.000000 0.000000 0.000000 0.000000 1.000000 0.000000 0.000000 0.000000 0.000000 1.000000
1.000000 0.000000 0.000000 0.000000 0.000000 1.000000 -0.000000 0.000000 0.000000 0.000000 1.000000 0.000000 0.000000 0.000000 0.000000 1.000000</float_array>
     <technique_common>
      <accessor source="#HIK_root_jnt-Matrix-animation-output-transform-array" count="20" stride="16">
       <param type="float4x4"></param>
      </accessor>
     </technique_common>
    </source>
    <source id="HIK_root_jnt-Interpolations">
     <Name_array id="HIK_root_jnt-Interpolations-array" count="20">
 LINEAR LINEAR LINEAR LINEAR LINEAR LINEAR LINEAR LINEAR LINEAR LINEAR LINEAR
LINEAR LINEAR LINEAR LINEAR LINEAR LINEAR LINEAR LINEAR LINEAR</Name_array>
     <technique_common>
      <accessor source="#HIK_root_jnt-Interpolations-array" count="20">
       <param type="name"></param>
      </accessor>
     </technique_common>
    </source>
    <sampler id="HIK_root_jnt-Matrix-animation-transform">
     <input semantic="INPUT" source="#HIK_root_jnt-Matrix-animation-input"></input>
     <input semantic="OUTPUT" source="#HIK_root_jnt-Matrix-animation-output-transform"></input>
     <input semantic="INTERPOLATION" source="#HIK_root_jnt-Interpolations"></input>
    </sampler>
    <channel source="#HIK_root_jnt-Matrix-animation-transform" target="HIK_root_jnt/matrix"></channel>
   </animation>
  </animation>
  <animation id="root_jnt-anim" name="root_jnt">
   <animation>
    <source id="root_jnt-Matrix-animation-input">
     <float_array id="root_jnt-Matrix-animation-input-array" count="20">

0.000000 0.033333 0.066667 0.100000 0.133333 0.166667 0.200000 0.233333 0.266667 0.300000 0.333333 0.366667 0.400000 0.433333 0.466667 0.500000
0.533333 0.566667 0.600000 0.633333</float_array>
     <technique_common>
      <accessor source="#root_jnt-Matrix-animation-input-array" count="20">
       <param name="TIME" type="float"></param>
      </accessor>
     </technique_common>
    </source>
    <source id="root_jnt-Matrix-animation-output-transform">
     <float_array id="root_jnt-Matrix-animation-output-transform-array" count="320">

1.000000 0.000000 0.000000 0.000000 0.000000 1.000000 -0.000000 0.000000 0.000000 0.000000 1.000000 0.000000 0.000000 0.000000 0.000000 1.000000
1.000000 0.000000 0.000000 0.000000 0.000000 1.000000 -0.000000 0.000000 0.000000 0.000000 1.000000 0.000000 0.000000 0.000000 0.000000 1.000000
1.000000 0.000000 0.000000 0.000000 0.000000 1.000000 -0.000000 0.000000 0.000000 0.000000 1.000000 0.000000 0.000000 0.000000 0.000000 1.000000
1.000000 0.000000 0.000000 0.000000 0.000000 1.000000 -0.000000 0.000000 0.000000 0.000000 1.000000 0.000000 0.000000 0.000000 0.000000 1.000000
1.000000 0.000000 0.000000 0.000000 0.000000 1.000000 -0.000000 0.000000 0.000000 0.000000 1.000000 0.000000 0.000000 0.000000 0.000000 1.000000
1.000000 0.000000 0.000000 0.000000 0.000000 1.000000 -0.000000 0.000000 0.000000 0.000000 1.000000 0.000000 0.000000 0.000000 0.000000 1.000000
1.000000 0.000000 0.000000 0.000000 0.000000 1.000000 -0.000000 0.000000 0.000000 0.000000 1.000000 0.000000 0.000000 0.000000 0.000000 1.000000
1.000000 0.000000 0.000000 0.000000 0.000000 1.000000 -0.000000 0.000000 0.000000 0.000000 1.000000 0.000000 0.000000 0.000000 0.000000 1.000000
1.000000 0.000000 0.000000 0.000000 0.000000 1.000000 -0.000000 0.000000 0.000000 0.000000 1.000000 0.000000 0.000000 0.000000 0.000000 1.000000
1.000000 0.000000 0.000000 0.000000 0.000000 1.000000 -0.000000 0.000000 0.000000 0.000000 1.000000 0.000000 0.000000 0.000000 0.000000 1.000000
1.000000 0.000000 0.000000 0.000000 0.000000 1.000000 -0.000000 0.000000 0.000000 0.000000 1.000000 0.000000 0.000000 0.000000 0.000000 1.000000
1.000000 0.000000 0.000000 0.000000 0.000000 1.000000 -0.000000 0.000000 0.000000 0.000000 1.000000 0.000000 0.000000 0.000000 0.000000 1.000000
1.000000 0.000000 0.000000 0.000000 0.000000 1.000000 -0.000000 0.000000 0.000000 0.000000 1.000000 0.000000 0.000000 0.000000 0.000000 1.000000
1.000000 0.000000 0.000000 0.000000 0.000000 1.000000 -0.000000 0.000000 0.000000 0.000000 1.000000 0.000000 0.000000 0.000000 0.000000 1.000000
1.000000 0.000000 0.000000 0.000000 0.000000 1.000000 -0.000000 0.000000 0.000000 0.000000 1.000000 0.000000 0.000000 0.000000 0.000000 1.000000
1.000000 0.000000 0.000000 0.000000 0.000000 1.000000 -0.000000 0.000000 0.000000 0.000000 1.000000 0.000000 0.000000 0.000000 0.000000 1.000000
1.000000 0.000000 0.000000 0.000000 0.000000 1.000000 -0.000000 0.000000 0.000000 0.000000 1.000000 0.000000 0.000000 0.000000 0.000000 1.000000
1.000000 0.000000 0.000000 0.000000 0.000000 1.000000 -0.000000 0.000000 0.000000 0.000000 1.000000 0.000000 0.000000 0.000000 0.000000 1.000000
1.000000 0.000000 0.000000 0.000000 0.000000 1.000000 -0.000000 0.000000 0.000000 0.000000 1.000000 0.000000 0.000000 0.000000 0.000000 1.000000
1.000000 0.000000 0.000000 0.000000 0.000000 1.000000 -0.000000 0.000000 0.000000 0.000000 1.000000 0.000000 0.000000 0.000000 0.000000 1.000000</float_array>
     <technique_common>
      <accessor source="#root_jnt-Matrix-animation-output-transform-array" count="20" stride="16">
       <param type="float4x4"></param>
      </accessor>
     </technique_common>
    </source>
    <source id="root_jnt-Interpolations">
     <Name_array id="root_jnt-Interpolations-array" count="20">
 LINEAR LINEAR LINEAR LINEAR LINEAR LINEAR LINEAR LINEAR LINEAR LINEAR LINEAR
LINEAR LINEAR LINEAR LINEAR LINEAR LINEAR LINEAR LINEAR LINEAR</Name_array>
     <technique_common>
      <accessor source="#root_jnt-Interpolations-array" count="20">
       <param type="name"></param>
      </accessor>
     </technique_common>
    </source>
    <sampler id="root_jnt-Matrix-animation-transform">
     <input semantic="INPUT" source="#root_jnt-Matrix-animation-input"></input>
     <input semantic="OUTPUT" source="#root_jnt-Matrix-animation-output-transform"></input>
     <input semantic="INTERPOLATION" source="#root_jnt-Interpolations"></input>
    </sampler>
    <channel source="#root_jnt-Matrix-animation-transform" target="root_jnt/matrix"></channel>
   </animation>
  </animation>
  <animation id="jnt_hips-anim" name="jnt_hips">
   <animation>
    <source id="jnt_hips-Matrix-animation-input">
     <float_array id="jnt_hips-Matrix-animation-input-array" count="20">

0.000000 0.033333 0.066667 0.100000 0.133333 0.166667 0.200000 0.233333 0.266667 0.300000 0.333333 0.366667 0.400000 0.433333 0.466667 0.500000
0.533333 0.566667 0.600000 0.633333</float_array>
     <technique_common>
      <accessor source="#jnt_hips-Matrix-animation-input-array" count="20">
       <param name="TIME" type="float"></param>
      </accessor>
     </technique_common>
    </source>
    <source id="jnt_hips-Matrix-animation-output-transform">
     <float_array id="jnt_hips-Matrix-animation-output-transform-array" count="320">

1.000000 0.000000 0.000000 0.000000 -0.000000 0.999997 -0.002456 2.061423 -0.000000 0.002456 0.999997 -0.094053 0.000000 0.000000 0.000000 1.000000
1.000000 0.000000 0.000000 0.000000 -0.000000 0.999997 -0.002456 2.061423 -0.000000 0.002456 0.999997 -0.094053 0.000000 0.000000 0.000000 1.000000
1.000000 0.000000 0.000000 0.000000 -0.000000 0.999997 -0.002456 2.061423 -0.000000 0.002456 0.999997 -0.094053 0.000000 0.000000 0.000000 1.000000
1.000000 0.000000 0.000000 0.000000 -0.000000 0.999997 -0.002456 2.061423 -0.000000 0.002456 0.999997 -0.094053 0.000000 0.000000 0.000000 1.000000
1.000000 0.000000 0.000000 0.000000 -0.000000 0.999997 -0.002456 2.061423 -0.000000 0.002456 0.999997 -0.094053 0.000000 0.000000 0.000000 1.000000
1.000000 0.000000 0.000000 0.000000 -0.000000 0.999997 -0.002456 2.061423 -0.000000 0.002456 0.999997 -0.094053 0.000000 0.000000 0.000000 1.000000
1.000000 0.000000 0.000000 0.000000 -0.000000 0.999997 -0.002456 2.061423 -0.000000 0.002456 0.999997 -0.094053 0.000000 0.000000 0.000000 1.000000
1.000000 0.000000 0.000000 0.000000 -0.000000 0.999997 -0.002456 2.061423 -0.000000 0.002456 0.999997 -0.094053 0.000000 0.000000 0.000000 1.000000
1.000000 0.000000 0.000000 0.000000 -0.000000 0.999997 -0.002456 2.061423 -0.000000 0.002456 0.999997 -0.094053 0.000000 0.000000 0.000000 1.000000
1.000000 0.000000 0.000000 0.000000 -0.000000 0.999997 -0.002456 2.061423 -0.000000 0.002456 0.999997 -0.094053 0.000000 0.000000 0.000000 1.000000
1.000000 0.000000 0.000000 0.000000 -0.000000 0.999997 -0.002456 2.061423 -0.000000 0.002456 0.999997 -0.094053 0.000000 0.000000 0.000000 1.000000
1.000000 0.000000 0.000000 0.000000 -0.000000 0.999997 -0.002456 2.061423 -0.000000 0.002456 0.999997 -0.094053 0.000000 0.000000 0.000000 1.000000
1.000000 0.000000 0.000000 0.000000 -0.000000 0.999997 -0.002456 2.061423 -0.000000 0.002456 0.999997 -0.094053 0.000000 0.000000 0.000000 1.000000
1.000000 0.000000 0.000000 0.000000 -0.000000 0.999997 -0.002456 2.061423 -0.000000 0.002456 0.999997 -0.094053 0.000000 0.000000 0.000000 1.000000
1.000000 0.000000 0.000000 0.000000 -0.000000 0.999997 -0.002456 2.061423 -0.000000 0.002456 0.999997 -0.094053 0.000000 0.000000 0.000000 1.000000
1.000000 0.000000 0.000000 0.000000 -0.000000 0.999997 -0.002456 2.061423 -0.000000 0.002456 0.999997 -0.094053 0.000000 0.000000 0.000000 1.000000
1.000000 0.000000 0.000000 0.000000 -0.000000 0.999997 -0.002456 2.061423 -0.000000 0.002456 0.999997 -0.094053 0.000000 0.000000 0.000000 1.000000
1.000000 0.000000 0.000000 0.000000 -0.000000 0.999997 -0.002456 2.061423 -0.000000 0.002456 0.999997 -0.094053 0.000000 0.000000 0.000000 1.000000
1.000000 0.000000 0.000000 0.000000 -0.000000 0.999997 -0.002456 2.061423 -0.000000 0.002456 0.999997 -0.094053 0.000000 0.000000 0.000000 1.000000
1.000000 0.000000 0.000000 0.000000 -0.000000 0.999997 -0.002456 2.061423 -0.000000 0.002456 0.999997 -0.094053 0.000000 0.000000 0.000000 1.000000</float_array>
     <technique_common>
      <accessor source="#jnt_hips-Matrix-animation-output-transform-array" count="20" stride="16">
       <param type="float4x4"></param>
      </accessor>
     </technique_common>
    </source>
    <source id="jnt_hips-Interpolations">
     <Name_array id="jnt_hips-Interpolations-array" count="20">
 LINEAR LINEAR LINEAR LINEAR LINEAR LINEAR LINEAR LINEAR LINEAR LINEAR LINEAR
LINEAR LINEAR LINEAR LINEAR LINEAR LINEAR LINEAR LINEAR LINEAR</Name_array>
     <technique_common>
      <accessor source="#jnt_hips-Interpolations-array" count="20">
       <param type="name"></param>
      </accessor>
     </technique_common>
    </source>
    <sampler id="jnt_hips-Matrix-animation-transform">
     <input semantic="INPUT" source="#jnt_hips-Matrix-animation-input"></input>
     <input semantic="OUTPUT" source="#jnt_hips-Matrix-animation-output-transform"></input>
     <input semantic="INTERPOLATION" source="#jnt_hips-Interpolations"></input>
    </sampler>
    <channel source="#jnt_hips-Matrix-animation-transform" target="jnt_hips/matrix"></channel>
   </animation>
  </animation>
  <animation id="jnt_height-anim" name="jnt_height">
   <animation>
    <source id="jnt_height-Matrix-animation-input">
     <float_array id="jnt_height-Matrix-animation-input-array" count="20">

0.000000 0.033333 0.066667 0.100000 0.133333 0.166667 0.200000 0.233333 0.266667 0.300000 0.333333 0.366667 0.400000 0.433333 0.466667 0.500000
0.533333 0.566667 0.600000 0.633333</float_array>
     <technique_common>
      <accessor source="#jnt_height-Matrix-animation-input-array" count="20">
       <param name="TIME" type="float"></param>
      </accessor>
     </technique_common>
    </source>
    <source id="jnt_height-Matrix-animation-output-transform">
     <float_array id="jnt_height-Matrix-animation-output-transform-array" count="320">

1.000000 0.000000 0.000000 -0.000000 -0.000000 0.999997 -0.002456 -0.000000 -0.000000 0.002456 0.999997 0.000000 0.000000 0.000000 0.000000 1.000000
1.000000 0.000000 0.000000 -0.000000 -0.000000 0.999997 -0.002456 -0.000000 -0.000000 0.002456 0.999997 0.000000 0.000000 0.000000 0.000000 1.000000
1.000000 0.000000 0.000000 -0.000000 -0.000000 0.999997 -0.002456 -0.000000 -0.000000 0.002456 0.999997 0.000000 0.000000 0.000000 0.000000 1.000000
1.000000 0.000000 0.000000 -0.000000 -0.000000 0.999997 -0.002456 -0.000000 -0.000000 0.002456 0.999997 0.000000 0.000000 0.000000 0.000000 1.000000
1.000000 0.000000 0.000000 -0.000000 -0.000000 0.999997 -0.002456 -0.000000 -0.000000 0.002456 0.999997 0.000000 0.000000 0.000000 0.000000 1.000000
1.000000 0.000000 0.000000 -0.000000 -0.000000 0.999997 -0.002456 -0.000000 -0.000000 0.002456 0.999997 0.000000 0.000000 0.000000 0.000000 1.000000
1.000000 0.000000 0.000000 -0.000000 -0.000000 0.999997 -0.002456 -0.000000 -0.000000 0.002456 0.999997 0.000000 0.000000 0.000000 0.000000 1.000000
1.000000 0.000000 0.000000 -0.000000 -0.000000 0.999997 -0.002456 -0.000000 -0.000000 0.002456 0.999997 0.000000 0.000000 0.000000 0.000000 1.000000
1.000000 0.000000 0.000000 -0.000000 -0.000000 0.999997 -0.002456 -0.000000 -0.000000 0.002456 0.999997 0.000000 0.000000 0.000000 0.000000 1.000000
1.000000 0.000000 0.000000 -0.000000 -0.000000 0.999997 -0.002456 -0.000000 -0.000000 0.002456 0.999997 0.000000 0.000000 0.000000 0.000000 1.000000
1.000000 0.000000 0.000000 -0.000000 -0.000000 0.999997 -0.002456 -0.000000 -0.000000 0.002456 0.999997 0.000000 0.000000 0.000000 0.000000 1.000000
1.000000 0.000000 0.000000 -0.000000 -0.000000 0.999997 -0.002456 -0.000000 -0.000000 0.002456 0.999997 0.000000 0.000000 0.000000 0.000000 1.000000
1.000000 0.000000 0.000000 -0.000000 -0.000000 0.999997 -0.002456 -0.000000 -0.000000 0.002456 0.999997 0.000000 0.000000 0.000000 0.000000 1.000000
1.000000 0.000000 0.000000 -0.000000 -0.000000 0.999997 -0.002456 -0.000000 -0.000000 0.002456 0.999997 0.000000 0.000000 0.000000 0.000000 1.000000
1.000000 0.000000 0.000000 -0.000000 -0.000000 0.999997 -0.002456 -0.000000 -0.000000 0.002456 0.999997 0.000000 0.000000 0.000000 0.000000 1.000000
1.000000 0.000000 0.000000 -0.000000 -0.000000 0.999997 -0.002456 -0.000000 -0.000000 0.002456 0.999997 0.000000 0.000000 0.000000 0.000000 1.000000
1.000000 0.000000 0.000000 -0.000000 -0.000000 0.999997 -0.002456 -0.000000 -0.000000 0.002456 0.999997 0.000000 0.000000 0.000000 0.000000 1.000000
1.000000 0.000000 0.000000 -0.000000 -0.000000 0.999997 -0.002456 -0.000000 -0.000000 0.002456 0.999997 0.000000 0.000000 0.000000 0.000000 1.000000
1.000000 0.000000 0.000000 -0.000000 -0.000000 0.999997 -0.002456 -0.000000 -0.000000 0.002456 0.999997 0.000000 0.000000 0.000000 0.000000 1.000000
1.000000 0.000000 0.000000 -0.000000 -0.000000 0.999997 -0.002456 -0.000000 -0.000000 0.002456 0.999997 0.000000 0.000000 0.000000 0.000000 1.000000</float_array>
     <technique_common>
      <accessor source="#jnt_height-Matrix-animation-output-transform-array" count="20" stride="16">
       <param type="float4x4"></param>
      </accessor>
     </technique_common>
    </source>
    <source id="jnt_height-Interpolations">
     <Name_array id="jnt_height-Interpolations-array" count="20">
 LINEAR LINEAR LINEAR LINEAR LINEAR LINEAR LINEAR LINEAR LINEAR LINEAR LINEAR
LINEAR LINEAR LINEAR LINEAR LINEAR LINEAR LINEAR LINEAR LINEAR</Name_array>
     <technique_common>
      <accessor source="#jnt_height-Interpolations-array" count="20">
       <param type="name"></param>
      </accessor>
     </technique_common>
    </source>
    <sampler id="jnt_height-Matrix-animation-transform">
     <input semantic="INPUT" source="#jnt_height-Matrix-animation-input"></input>
     <input semantic="OUTPUT" source="#jnt_height-Matrix-animation-output-transform"></input>
     <input semantic="INTERPOLATION" source="#jnt_height-Interpolations"></input>
    </sampler>
    <channel source="#jnt_height-Matrix-animation-transform" target="jnt_height/matrix"></channel>
   </animation>
  </animation>
  <animation id="jnt_spine1-anim" name="jnt_spine1">
   <animation>
    <source id="jnt_spine1-Matrix-animation-input">
     <float_array id="jnt_spine1-Matrix-animation-input-array" count="20">

0.000000 0.033333 0.066667 0.100000 0.133333 0.166667 0.200000 0.233333 0.266667 0.300000 0.333333 0.366667 0.400000 0.433333 0.466667 0.500000
0.533333 0.566667 0.600000 0.633333</float_array>
     <technique_common>
      <accessor source="#jnt_spine1-Matrix-animation-input-array" count="20">
       <param name="TIME" type="float"></param>
      </accessor>
     </technique_common>
    </source>
    <source id="jnt_spine1-Matrix-animation-output-transform">
     <float_array id="jnt_spine1-Matrix-animation-output-transform-array" count="320">

0.000000 0.000000 1.000000 0.000000 0.999914 -0.013155 -0.000000 0.212132 0.013155 0.999914 -0.000000 0.023482 0.000000 0.000000 0.000000 1.000000
0.000000 0.000000 1.000000 0.000000 0.999914 -0.013155 -0.000000 0.212132 0.013155 0.999914 -0.000000 0.023482 0.000000 0.000000 0.000000 1.000000
0.000000 0.000000 1.000000 0.000000 0.999914 -0.013155 -0.000000 0.212132 0.013155 0.999914 -0.000000 0.023482 0.000000 0.000000 0.000000 1.000000
0.000000 0.000000 1.000000 0.000000 0.999914 -0.013155 -0.000000 0.212132 0.013155 0.999914 -0.000000 0.023482 0.000000 0.000000 0.000000 1.000000
0.000000 0.000000 1.000000 0.000000 0.999914 -0.013155 -0.000000 0.212132 0.013155 0.999914 -0.000000 0.023482 0.000000 0.000000 0.000000 1.000000
0.000000 0.000000 1.000000 0.000000 0.999914 -0.013155 -0.000000 0.212132 0.013155 0.999914 -0.000000 0.023482 0.000000 0.000000 0.000000 1.000000
0.000000 0.000000 1.000000 0.000000 0.999914 -0.013155 -0.000000 0.212132 0.013155 0.999914 -0.000000 0.023482 0.000000 0.000000 0.000000 1.000000
0.000000 0.000000 1.000000 0.000000 0.999914 -0.013155 -0.000000 0.212132 0.013155 0.999914 -0.000000 0.023482 0.000000 0.000000 0.000000 1.000000
0.000000 0.000000 1.000000 0.000000 0.999914 -0.013155 -0.000000 0.212132 0.013155 0.999914 -0.000000 0.023482 0.000000 0.000000 0.000000 1.000000
0.000000 0.000000 1.000000 0.000000 0.999914 -0.013155 -0.000000 0.212132 0.013155 0.999914 -0.000000 0.023482 0.000000 0.000000 0.000000 1.000000
0.000000 0.000000 1.000000 0.000000 0.999914 -0.013155 -0.000000 0.212132 0.013155 0.999914 -0.000000 0.023482 0.000000 0.000000 0.000000 1.000000
0.000000 0.000000 1.000000 0.000000 0.999914 -0.013155 -0.000000 0.212132 0.013155 0.999914 -0.000000 0.023482 0.000000 0.000000 0.000000 1.000000
0.000000 0.000000 1.000000 0.000000 0.999914 -0.013155 -0.000000 0.212132 0.013155 0.999914 -0.000000 0.023482 0.000000 0.000000 0.000000 1.000000
0.000000 0.000000 1.000000 0.000000 0.999914 -0.013155 -0.000000 0.212132 0.013155 0.999914 -0.000000 0.023482 0.000000 0.000000 0.000000 1.000000
0.000000 0.000000 1.000000 0.000000 0.999914 -0.013155 -0.000000 0.212132 0.013155 0.999914 -0.000000 0.023482 0.000000 0.000000 0.000000 1.000000
0.000000 0.000000 1.000000 0.000000 0.999914 -0.013155 -0.000000 0.212132 0.013155 0.999914 -0.000000 0.023482 0.000000 0.000000 0.000000 1.000000
0.000000 0.000000 1.000000 0.000000 0.999914 -0.013155 -0.000000 0.212132 0.013155 0.999914 -0.000000 0.023482 0.000000 0.000000 0.000000 1.000000
0.000000 0.000000 1.000000 0.000000 0.999914 -0.013155 -0.000000 0.212132 0.013155 0.999914 -0.000000 0.023482 0.000000 0.000000 0.000000 1.000000
0.000000 0.000000 1.000000 0.000000 0.999914 -0.013155 -0.000000 0.212132 0.013155 0.999914 -0.000000 0.023482 0.000000 0.000000 0.000000 1.000000
0.000000 0.000000 1.000000 0.000000 0.999914 -0.013155 -0.000000 0.212132 0.013155 0.999914 -0.000000 0.023482 0.000000 0.000000 0.000000 1.000000</float_array>
     <technique_common>
      <accessor source="#jnt_spine1-Matrix-animation-output-transform-array" count="20" stride="16">
       <param type="float4x4"></param>
      </accessor>
     </technique_common>
    </source>
    <source id="jnt_spine1-Interpolations">
     <Name_array id="jnt_spine1-Interpolations-array" count="20">
 LINEAR LINEAR LINEAR LINEAR LINEAR LINEAR LINEAR LINEAR LINEAR LINEAR LINEAR
LINEAR LINEAR LINEAR LINEAR LINEAR LINEAR LINEAR LINEAR LINEAR</Name_array>
     <technique_common>
      <accessor source="#jnt_spine1-Interpolations-array" count="20">
       <param type="name"></param>
      </accessor>
     </technique_common>
    </source>
    <sampler id="jnt_spine1-Matrix-animation-transform">
     <input semantic="INPUT" source="#jnt_spine1-Matrix-animation-input"></input>
     <input semantic="OUTPUT" source="#jnt_spine1-Matrix-animation-output-transform"></input>
     <input semantic="INTERPOLATION" source="#jnt_spine1-Interpolations"></input>
    </sampler>
    <channel source="#jnt_spine1-Matrix-animation-transform" target="jnt_spine1/matrix"></channel>
   </animation>
  </animation>
  <animation id="jnt_spine2-anim" name="jnt_spine2">
   <animation>
    <source id="jnt_spine2-Matrix-animation-input">
     <float_array id="jnt_spine2-Matrix-animation-input-array" count="20">

0.000000 0.033333 0.066667 0.100000 0.133333 0.166667 0.200000 0.233333 0.266667 0.300000 0.333333 0.366667 0.400000 0.433333 0.466667 0.500000
0.533333 0.566667 0.600000 0.633333</float_array>
     <technique_common>
      <accessor source="#jnt_spine2-Matrix-animation-input-array" count="20">
       <param name="TIME" type="float"></param>
      </accessor>
     </technique_common>
    </source>
    <source id="jnt_spine2-Matrix-animation-output-transform">
     <float_array id="jnt_spine2-Matrix-animation-output-transform-array" count="320">

0.998580 0.053271 -0.000000 0.426848 -0.053271 0.998580 -0.000000 0.000003 0.000000 0.000000 1.000000 -0.000000 0.000000 0.000000 0.000000 1.000000
0.998580 0.053271 -0.000000 0.426848 -0.053271 0.998580 -0.000000 0.000003 0.000000 0.000000 1.000000 -0.000000 0.000000 0.000000 0.000000 1.000000
0.998580 0.053271 -0.000000 0.426848 -0.053271 0.998580 -0.000000 0.000003 0.000000 0.000000 1.000000 -0.000000 0.000000 0.000000 0.000000 1.000000
0.998580 0.053271 -0.000000 0.426848 -0.053271 0.998580 -0.000000 0.000003 0.000000 0.000000 1.000000 -0.000000 0.000000 0.000000 0.000000 1.000000
0.998580 0.053271 -0.000000 0.426848 -0.053271 0.998580 -0.000000 0.000003 0.000000 0.000000 1.000000 -0.000000 0.000000 0.000000 0.000000 1.000000
0.998580 0.053271 -0.000000 0.426848 -0.053271 0.998580 -0.000000 0.000003 0.000000 0.000000 1.000000 -0.000000 0.000000 0.000000 0.000000 1.000000
0.998580 0.053271 -0.000000 0.426848 -0.053271 0.998580 -0.000000 0.000003 0.000000 0.000000 1.000000 -0.000000 0.000000 0.000000 0.000000 1.000000
0.998580 0.053271 -0.000000 0.426848 -0.053271 0.998580 -0.000000 0.000003 0.000000 0.000000 1.000000 -0.000000 0.000000 0.000000 0.000000 1.000000
0.998580 0.053271 -0.000000 0.426848 -0.053271 0.998580 -0.000000 0.000003 0.000000 0.000000 1.000000 -0.000000 0.000000 0.000000 0.000000 1.000000
0.998580 0.053271 -0.000000 0.426848 -0.053271 0.998580 -0.000000 0.000003 0.000000 0.000000 1.000000 -0.000000 0.000000 0.000000 0.000000 1.000000
0.998580 0.053271 -0.000000 0.426848 -0.053271 0.998580 -0.000000 0.000003 0.000000 0.000000 1.000000 -0.000000 0.000000 0.000000 0.000000 1.000000
0.998580 0.053271 -0.000000 0.426848 -0.053271 0.998580 -0.000000 0.000003 0.000000 0.000000 1.000000 -0.000000 0.000000 0.000000 0.000000 1.000000
0.998580 0.053271 -0.000000 0.426848 -0.053271 0.998580 -0.000000 0.000003 0.000000 0.000000 1.000000 -0.000000 0.000000 0.000000 0.000000 1.000000
0.998580 0.053271 -0.000000 0.426848 -0.053271 0.998580 -0.000000 0.000003 0.000000 0.000000 1.000000 -0.000000 0.000000 0.000000 0.000000 1.000000
0.998580 0.053271 -0.000000 0.426848 -0.053271 0.998580 -0.000000 0.000003 0.000000 0.000000 1.000000 -0.000000 0.000000 0.000000 0.000000 1.000000
0.998580 0.053271 -0.000000 0.426848 -0.053271 0.998580 -0.000000 0.000003 0.000000 0.000000 1.000000 -0.000000 0.000000 0.000000 0.000000 1.000000
0.998580 0.053271 -0.000000 0.426848 -0.053271 0.998580 -0.000000 0.000003 0.000000 0.000000 1.000000 -0.000000 0.000000 0.000000 0.000000 1.000000
0.998580 0.053271 -0.000000 0.426848 -0.053271 0.998580 -0.000000 0.000003 0.000000 0.000000 1.000000 -0.000000 0.000000 0.000000 0.000000 1.000000
0.998580 0.053271 -0.000000 0.426848 -0.053271 0.998580 -0.000000 0.000003 0.000000 0.000000 1.000000 -0.000000 0.000000 0.000000 0.000000 1.000000
0.998580 0.053271 -0.000000 0.426848 -0.053271 0.998580 -0.000000 0.000003 0.000000 0.000000 1.000000 -0.000000 0.000000 0.000000 0.000000 1.000000</float_array>
     <technique_common>
      <accessor source="#jnt_spine2-Matrix-animation-output-transform-array" count="20" stride="16">
       <param type="float4x4"></param>
      </accessor>
     </technique_common>
    </source>
    <source id="jnt_spine2-Interpolations">
     <Name_array id="jnt_spine2-Interpolations-array" count="20">
 LINEAR LINEAR LINEAR LINEAR LINEAR LINEAR LINEAR LINEAR LINEAR LINEAR LINEAR
LINEAR LINEAR LINEAR LINEAR LINEAR LINEAR LINEAR LINEAR LINEAR</Name_array>
     <technique_common>
      <accessor source="#jnt_spine2-Interpolations-array" count="20">
       <param type="name"></param>
      </accessor>
     </technique_common>
    </source>
    <sampler id="jnt_spine2-Matrix-animation-transform">
     <input semantic="INPUT" source="#jnt_spine2-Matrix-animation-input"></input>
     <input semantic="OUTPUT" source="#jnt_spine2-Matrix-animation-output-transform"></input>
     <input semantic="INTERPOLATION" source="#jnt_spine2-Interpolations"></input>
    </sampler>
    <channel source="#jnt_spine2-Matrix-animation-transform" target="jnt_spine2/matrix"></channel>
   </animation>
  </animation>
  <animation id="jnt_spine3-anim" name="jnt_spine3">
   <animation>
    <source id="jnt_spine3-Matrix-animation-input">
     <float_array id="jnt_spine3-Matrix-animation-input-array" count="20">

0.000000 0.033333 0.066667 0.100000 0.133333 0.166667 0.200000 0.233333 0.266667 0.300000 0.333333 0.366667 0.400000 0.433333 0.466667 0.500000
0.533333 0.566667 0.600000 0.633333</float_array>
     <technique_common>
      <accessor source="#jnt_spine3-Matrix-animation-input-array" count="20">
       <param name="TIME" type="float"></param>
      </accessor>
     </technique_common>
    </source>
    <source id="jnt_spine3-Matrix-animation-output-transform">
     <float_array id="jnt_spine3-Matrix-animation-output-transform-array" count="320">

0.997528 0.070262 -0.000000 0.555067 -0.070262 0.997528 -0.000000 0.000000 0.000000 0.000000 1.000000 -0.000000 0.000000 0.000000 0.000000 1.000000
0.997528 0.070262 -0.000000 0.555067 -0.070262 0.997528 -0.000000 0.000000 0.000000 0.000000 1.000000 -0.000000 0.000000 0.000000 0.000000 1.000000
0.997528 0.070262 -0.000000 0.555067 -0.070262 0.997528 -0.000000 0.000000 0.000000 0.000000 1.000000 -0.000000 0.000000 0.000000 0.000000 1.000000
0.997528 0.070262 -0.000000 0.555067 -0.070262 0.997528 -0.000000 0.000000 0.000000 0.000000 1.000000 -0.000000 0.000000 0.000000 0.000000 1.000000
0.997528 0.070262 -0.000000 0.555067 -0.070262 0.997528 -0.000000 0.000000 0.000000 0.000000 1.000000 -0.000000 0.000000 0.000000 0.000000 1.000000
0.997528 0.070262 -0.000000 0.555067 -0.070262 0.997528 -0.000000 0.000000 0.000000 0.000000 1.000000 -0.000000 0.000000 0.000000 0.000000 1.000000
0.997528 0.070262 -0.000000 0.555067 -0.070262 0.997528 -0.000000 0.000000 0.000000 0.000000 1.000000 -0.000000 0.000000 0.000000 0.000000 1.000000
0.997528 0.070262 -0.000000 0.555067 -0.070262 0.997528 -0.000000 0.000000 0.000000 0.000000 1.000000 -0.000000 0.000000 0.000000 0.000000 1.000000
0.997528 0.070262 -0.000000 0.555067 -0.070262 0.997528 -0.000000 0.000000 0.000000 0.000000 1.000000 -0.000000 0.000000 0.000000 0.000000 1.000000
0.997528 0.070262 -0.000000 0.555067 -0.070262 0.997528 -0.000000 0.000000 0.000000 0.000000 1.000000 -0.000000 0.000000 0.000000 0.000000 1.000000
0.997528 0.070262 -0.000000 0.555067 -0.070262 0.997528 -0.000000 0.000000 0.000000 0.000000 1.000000 -0.000000 0.000000 0.000000 0.000000 1.000000
0.997528 0.070262 -0.000000 0.555067 -0.070262 0.997528 -0.000000 0.000000 0.000000 0.000000 1.000000 -0.000000 0.000000 0.000000 0.000000 1.000000
0.997528 0.070262 -0.000000 0.555067 -0.070262 0.997528 -0.000000 0.000000 0.000000 0.000000 1.000000 -0.000000 0.000000 0.000000 0.000000 1.000000
0.997528 0.070262 -0.000000 0.555067 -0.070262 0.997528 -0.000000 0.000000 0.000000 0.000000 1.000000 -0.000000 0.000000 0.000000 0.000000 1.000000
0.997528 0.070262 -0.000000 0.555067 -0.070262 0.997528 -0.000000 0.000000 0.000000 0.000000 1.000000 -0.000000 0.000000 0.000000 0.000000 1.000000
0.997528 0.070262 -0.000000 0.555067 -0.070262 0.997528 -0.000000 0.000000 0.000000 0.000000 1.000000 -0.000000 0.000000 0.000000 0.000000 1.000000
0.997528 0.070262 -0.000000 0.555067 -0.070262 0.997528 -0.000000 0.000000 0.000000 0.000000 1.000000 -0.000000 0.000000 0.000000 0.000000 1.000000
0.997528 0.070262 -0.000000 0.555067 -0.070262 0.997528 -0.000000 0.000000 0.000000 0.000000 1.000000 -0.000000 0.000000 0.000000 0.000000 1.000000
0.997528 0.070262 -0.000000 0.555067 -0.070262 0.997528 -0.000000 0.000000 0.000000 0.000000 1.000000 -0.000000 0.000000 0.000000 0.000000 1.000000
0.997528 0.070262 -0.000000 0.555067 -0.070262 0.997528 -0.000000 0.000000 0.000000 0.000000 1.000000 -0.000000 0.000000 0.000000 0.000000 1.000000</float_array>
     <technique_common>
      <accessor source="#jnt_spine3-Matrix-animation-output-transform-array" count="20" stride="16">
       <param type="float4x4"></param>
      </accessor>
     </technique_common>
    </source>
    <source id="jnt_spine3-Interpolations">
     <Name_array id="jnt_spine3-Interpolations-array" count="20">
 LINEAR LINEAR LINEAR LINEAR LINEAR LINEAR LINEAR LINEAR LINEAR LINEAR LINEAR
LINEAR LINEAR LINEAR LINEAR LINEAR LINEAR LINEAR LINEAR LINEAR</Name_array>
     <technique_common>
      <accessor source="#jnt_spine3-Interpolations-array" count="20">
       <param type="name"></param>
      </accessor>
     </technique_common>
    </source>
    <sampler id="jnt_spine3-Matrix-animation-transform">
     <input semantic="INPUT" source="#jnt_spine3-Matrix-animation-input"></input>
     <input semantic="OUTPUT" source="#jnt_spine3-Matrix-animation-output-transform"></input>
     <input semantic="INTERPOLATION" source="#jnt_spine3-Interpolations"></input>
    </sampler>
    <channel source="#jnt_spine3-Matrix-animation-transform" target="jnt_spine3/matrix"></channel>
   </animation>
  </animation>
  <animation id="jnt_neck-anim" name="jnt_neck">
   <animation>
    <source id="jnt_neck-Matrix-animation-input">
     <float_array id="jnt_neck-Matrix-animation-input-array" count="20">

0.000000 0.033333 0.066667 0.100000 0.133333 0.166667 0.200000 0.233333 0.266667 0.300000 0.333333 0.366667 0.400000 0.433333 0.466667 0.500000
0.533333 0.566667 0.600000 0.633333</float_array>
     <technique_common>
      <accessor source="#jnt_neck-Matrix-animation-input-array" count="20">
       <param name="TIME" type="float"></param>
      </accessor>
     </technique_common>
    </source>
    <source id="jnt_neck-Matrix-animation-output-transform">
     <float_array id="jnt_neck-Matrix-animation-output-transform-array" count="320">

0.999409 -0.034365 -0.000000 0.867450 0.034365 0.999409 -0.000000 0.171573 0.000000 0.000000 1.000000 -0.000000 0.000000 0.000000 0.000000 1.000000
0.999409 -0.034365 -0.000000 0.867450 0.034365 0.999409 -0.000000 0.171573 0.000000 0.000000 1.000000 -0.000000 0.000000 0.000000 0.000000 1.000000
0.999409 -0.034365 -0.000000 0.867450 0.034365 0.999409 -0.000000 0.171573 0.000000 0.000000 1.000000 -0.000000 0.000000 0.000000 0.000000 1.000000
0.999409 -0.034365 -0.000000 0.867450 0.034365 0.999409 -0.000000 0.171573 0.000000 0.000000 1.000000 -0.000000 0.000000 0.000000 0.000000 1.000000
0.999409 -0.034365 -0.000000 0.867450 0.034365 0.999409 -0.000000 0.171573 0.000000 0.000000 1.000000 -0.000000 0.000000 0.000000 0.000000 1.000000
0.999409 -0.034365 -0.000000 0.867450 0.034365 0.999409 -0.000000 0.171573 0.000000 0.000000 1.000000 -0.000000 0.000000 0.000000 0.000000 1.000000
0.999409 -0.034365 -0.000000 0.867450 0.034365 0.999409 -0.000000 0.171573 0.000000 0.000000 1.000000 -0.000000 0.000000 0.000000 0.000000 1.000000
0.999409 -0.034365 -0.000000 0.867450 0.034365 0.999409 -0.000000 0.171573 0.000000 0.000000 1.000000 -0.000000 0.000000 0.000000 0.000000 1.000000
0.999409 -0.034365 -0.000000 0.867450 0.034365 0.999409 -0.000000 0.171573 0.000000 0.000000 1.000000 -0.000000 0.000000 0.000000 0.000000 1.000000
0.999409 -0.034365 -0.000000 0.867450 0.034365 0.999409 -0.000000 0.171573 0.000000 0.000000 1.000000 -0.000000 0.000000 0.000000 0.000000 1.000000
0.999409 -0.034365 -0.000000 0.867450 0.034365 0.999409 -0.000000 0.171573 0.000000 0.000000 1.000000 -0.000000 0.000000 0.000000 0.000000 1.000000
0.999409 -0.034365 -0.000000 0.867450 0.034365 0.999409 -0.000000 0.171573 0.000000 0.000000 1.000000 -0.000000 0.000000 0.000000 0.000000 1.000000
0.999409 -0.034365 -0.000000 0.867450 0.034365 0.999409 -0.000000 0.171573 0.000000 0.000000 1.000000 -0.000000 0.000000 0.000000 0.000000 1.000000
0.999409 -0.034365 -0.000000 0.867450 0.034365 0.999409 -0.000000 0.171573 0.000000 0.000000 1.000000 -0.000000 0.000000 0.000000 0.000000 1.000000
0.999409 -0.034365 -0.000000 0.867450 0.034365 0.999409 -0.000000 0.171573 0.000000 0.000000 1.000000 -0.000000 0.000000 0.000000 0.000000 1.000000
0.999409 -0.034365 -0.000000 0.867450 0.034365 0.999409 -0.000000 0.171573 0.000000 0.000000 1.000000 -0.000000 0.000000 0.000000 0.000000 1.000000
0.999409 -0.034365 -0.000000 0.867450 0.034365 0.999409 -0.000000 0.171573 0.000000 0.000000 1.000000 -0.000000 0.000000 0.000000 0.000000 1.000000
0.999409 -0.034365 -0.000000 0.867450 0.034365 0.999409 -0.000000 0.171573 0.000000 0.000000 1.000000 -0.000000 0.000000 0.000000 0.000000 1.000000
0.999409 -0.034365 -0.000000 0.867450 0.034365 0.999409 -0.000000 0.171573 0.000000 0.000000 1.000000 -0.000000 0.000000 0.000000 0.000000 1.000000
0.999409 -0.034365 -0.000000 0.867450 0.034365 0.999409 -0.000000 0.171573 0.000000 0.000000 1.000000 -0.000000 0.000000 0.000000 0.000000 1.000000</float_array>
     <technique_common>
      <accessor source="#jnt_neck-Matrix-animation-output-transform-array" count="20" stride="16">
       <param type="float4x4"></param>
      </accessor>
     </technique_common>
    </source>
    <source id="jnt_neck-Interpolations">
     <Name_array id="jnt_neck-Interpolations-array" count="20">
 LINEAR LINEAR LINEAR LINEAR LINEAR LINEAR LINEAR LINEAR LINEAR LINEAR LINEAR
LINEAR LINEAR LINEAR LINEAR LINEAR LINEAR LINEAR LINEAR LINEAR</Name_array>
     <technique_common>
      <accessor source="#jnt_neck-Interpolations-array" count="20">
       <param type="name"></param>
      </accessor>
     </technique_common>
    </source>
    <sampler id="jnt_neck-Matrix-animation-transform">
     <input semantic="INPUT" source="#jnt_neck-Matrix-animation-input"></input>
     <input semantic="OUTPUT" source="#jnt_neck-Matrix-animation-output-transform"></input>
     <input semantic="INTERPOLATION" source="#jnt_neck-Interpolations"></input>
    </sampler>
    <channel source="#jnt_neck-Matrix-animation-transform" target="jnt_neck/matrix"></channel>
   </animation>
  </animation>
  <animation id="jnt_head-anim" name="jnt_head">
   <animation>
    <source id="jnt_head-Matrix-animation-input">
     <float_array id="jnt_head-Matrix-animation-input-array" count="20">

0.000000 0.033333 0.066667 0.100000 0.133333 0.166667 0.200000 0.233333 0.266667 0.300000 0.333333 0.366667 0.400000 0.433333 0.466667 0.500000
0.533333 0.566667 0.600000 0.633333</float_array>
     <technique_common>
      <accessor source="#jnt_head-Matrix-animation-input-array" count="20">
       <param name="TIME" type="float"></param>
      </accessor>
     </technique_common>
    </source>
    <source id="jnt_head-Matrix-animation-output-transform">
     <float_array id="jnt_head-Matrix-animation-output-transform-array" count="320">

0.999537 -0.030417 -0.000001 0.273591 0.030417 0.999537 0.000000 0.000002 0.000001 -0.000000 1.000000 -0.000000 0.000000 0.000000 0.000000 1.000000
0.999537 -0.030417 -0.000001 0.273591 0.030417 0.999537 0.000000 0.000002 0.000001 -0.000000 1.000000 -0.000000 0.000000 0.000000 0.000000 1.000000
0.999537 -0.030417 -0.000001 0.273591 0.030417 0.999537 0.000000 0.000002 0.000001 -0.000000 1.000000 -0.000000 0.000000 0.000000 0.000000 1.000000
0.999537 -0.030417 -0.000001 0.273591 0.030417 0.999537 0.000000 0.000002 0.000001 -0.000000 1.000000 -0.000000 0.000000 0.000000 0.000000 1.000000
0.999537 -0.030417 -0.000001 0.273591 0.030417 0.999537 0.000000 0.000002 0.000001 -0.000000 1.000000 -0.000000 0.000000 0.000000 0.000000 1.000000
0.999537 -0.030417 -0.000001 0.273591 0.030417 0.999537 0.000000 0.000002 0.000001 -0.000000 1.000000 -0.000000 0.000000 0.000000 0.000000 1.000000
0.999537 -0.030417 -0.000001 0.273591 0.030417 0.999537 0.000000 0.000002 0.000001 -0.000000 1.000000 -0.000000 0.000000 0.000000 0.000000 1.000000
0.999537 -0.030417 -0.000001 0.273591 0.030417 0.999537 0.000000 0.000002 0.000001 -0.000000 1.000000 -0.000000 0.000000 0.000000 0.000000 1.000000
0.999537 -0.030417 -0.000001 0.273591 0.030417 0.999537 0.000000 0.000002 0.000001 -0.000000 1.000000 -0.000000 0.000000 0.000000 0.000000 1.000000
0.999537 -0.030417 -0.000001 0.273591 0.030417 0.999537 0.000000 0.000002 0.000001 -0.000000 1.000000 -0.000000 0.000000 0.000000 0.000000 1.000000
0.999537 -0.030417 -0.000001 0.273591 0.030417 0.999537 0.000000 0.000002 0.000001 -0.000000 1.000000 -0.000000 0.000000 0.000000 0.000000 1.000000
0.999537 -0.030417 -0.000001 0.273591 0.030417 0.999537 0.000000 0.000002 0.000001 -0.000000 1.000000 -0.000000 0.000000 0.000000 0.000000 1.000000
0.999537 -0.030417 -0.000001 0.273591 0.030417 0.999537 0.000000 0.000002 0.000001 -0.000000 1.000000 -0.000000 0.000000 0.000000 0.000000 1.000000
0.999537 -0.030417 -0.000001 0.273591 0.030417 0.999537 0.000000 0.000002 0.000001 -0.000000 1.000000 -0.000000 0.000000 0.000000 0.000000 1.000000
0.999537 -0.030417 -0.000001 0.273591 0.030417 0.999537 0.000000 0.000002 0.000001 -0.000000 1.000000 -0.000000 0.000000 0.000000 0.000000 1.000000
0.999537 -0.030417 -0.000001 0.273591 0.030417 0.999537 0.000000 0.000002 0.000001 -0.000000 1.000000 -0.000000 0.000000 0.000000 0.000000 1.000000
0.999537 -0.030417 -0.000001 0.273591 0.030417 0.999537 0.000000 0.000002 0.000001 -0.000000 1.000000 -0.000000 0.000000 0.000000 0.000000 1.000000
0.999537 -0.030417 -0.000001 0.273591 0.030417 0.999537 0.000000 0.000002 0.000001 -0.000000 1.000000 -0.000000 0.000000 0.000000 0.000000 1.000000
0.999537 -0.030417 -0.000001 0.273591 0.030417 0.999537 0.000000 0.000002 0.000001 -0.000000 1.000000 -0.000000 0.000000 0.000000 0.000000 1.000000
0.999537 -0.030417 -0.000001 0.273591 0.030417 0.999537 0.000000 0.000002 0.000001 -0.000000 1.000000 -0.000000 0.000000 0.000000 0.000000 1.000000</float_array>
     <technique_common>
      <accessor source="#jnt_head-Matrix-animation-output-transform-array" count="20" stride="16">
       <param type="float4x4"></param>
      </accessor>
     </technique_common>
    </source>
    <source id="jnt_head-Interpolations">
     <Name_array id="jnt_head-Interpolations-array" count="20">
 LINEAR LINEAR LINEAR LINEAR LINEAR LINEAR LINEAR LINEAR LINEAR LINEAR LINEAR
LINEAR LINEAR LINEAR LINEAR LINEAR LINEAR LINEAR LINEAR LINEAR</Name_array>
     <technique_common>
      <accessor source="#jnt_head-Interpolations-array" count="20">
       <param type="name"></param>
      </accessor>
     </technique_common>
    </source>
    <sampler id="jnt_head-Matrix-animation-transform">
     <input semantic="INPUT" source="#jnt_head-Matrix-animation-input"></input>
     <input semantic="OUTPUT" source="#jnt_head-Matrix-animation-output-transform"></input>
     <input semantic="INTERPOLATION" source="#jnt_head-Interpolations"></input>
    </sampler>
    <channel source="#jnt_head-Matrix-animation-transform" target="jnt_head/matrix"></channel>
   </animation>
  </animation>
  <animation id="jnt_headappend-anim" name="jnt_headappend">
   <animation>
    <source id="jnt_headappend-Matrix-animation-input">
     <float_array id="jnt_headappend-Matrix-animation-input-array" count="20">

0.000000 0.033333 0.066667 0.100000 0.133333 0.166667 0.200000 0.233333 0.266667 0.300000 0.333333 0.366667 0.400000 0.433333 0.466667 0.500000
0.533333 0.566667 0.600000 0.633333</float_array>
     <technique_common>
      <accessor source="#jnt_headappend-Matrix-animation-input-array" count="20">
       <param name="TIME" type="float"></param>
      </accessor>
     </technique_common>
    </source>
    <source id="jnt_headappend-Matrix-animation-output-transform">
     <float_array id="jnt_headappend-Matrix-animation-output-transform-array" count="320">

1.000000 0.000000 -0.000000 0.000001 -0.000000 1.000000 0.000000 0.000000 0.000000 -0.000000 1.000000 -0.000000 0.000000 0.000000 0.000000 1.000000
1.000000 0.000000 -0.000000 0.000001 -0.000000 1.000000 0.000000 0.000000 0.000000 -0.000000 1.000000 -0.000000 0.000000 0.000000 0.000000 1.000000
1.000000 0.000000 -0.000000 0.000001 -0.000000 1.000000 0.000000 0.000000 0.000000 -0.000000 1.000000 -0.000000 0.000000 0.000000 0.000000 1.000000
1.000000 0.000000 -0.000000 0.000001 -0.000000 1.000000 0.000000 0.000000 0.000000 -0.000000 1.000000 -0.000000 0.000000 0.000000 0.000000 1.000000
1.000000 0.000000 -0.000000 0.000001 -0.000000 1.000000 0.000000 0.000000 0.000000 -0.000000 1.000000 -0.000000 0.000000 0.000000 0.000000 1.000000
1.000000 0.000000 -0.000000 0.000001 -0.000000 1.000000 0.000000 0.000000 0.000000 -0.000000 1.000000 -0.000000 0.000000 0.000000 0.000000 1.000000
1.000000 0.000000 -0.000000 0.000001 -0.000000 1.000000 0.000000 0.000000 0.000000 -0.000000 1.000000 -0.000000 0.000000 0.000000 0.000000 1.000000
1.000000 0.000000 -0.000000 0.000001 -0.000000 1.000000 0.000000 0.000000 0.000000 -0.000000 1.000000 -0.000000 0.000000 0.000000 0.000000 1.000000
1.000000 0.000000 -0.000000 0.000001 -0.000000 1.000000 0.000000 0.000000 0.000000 -0.000000 1.000000 -0.000000 0.000000 0.000000 0.000000 1.000000
1.000000 0.000000 -0.000000 0.000001 -0.000000 1.000000 0.000000 0.000000 0.000000 -0.000000 1.000000 -0.000000 0.000000 0.000000 0.000000 1.000000
1.000000 0.000000 -0.000000 0.000001 -0.000000 1.000000 0.000000 0.000000 0.000000 -0.000000 1.000000 -0.000000 0.000000 0.000000 0.000000 1.000000
1.000000 0.000000 -0.000000 0.000001 -0.000000 1.000000 0.000000 0.000000 0.000000 -0.000000 1.000000 -0.000000 0.000000 0.000000 0.000000 1.000000
1.000000 0.000000 -0.000000 0.000001 -0.000000 1.000000 0.000000 0.000000 0.000000 -0.000000 1.000000 -0.000000 0.000000 0.000000 0.000000 1.000000
1.000000 0.000000 -0.000000 0.000001 -0.000000 1.000000 0.000000 0.000000 0.000000 -0.000000 1.000000 -0.000000 0.000000 0.000000 0.000000 1.000000
1.000000 0.000000 -0.000000 0.000001 -0.000000 1.000000 0.000000 0.000000 0.000000 -0.000000 1.000000 -0.000000 0.000000 0.000000 0.000000 1.000000
1.000000 0.000000 -0.000000 0.000001 -0.000000 1.000000 0.000000 0.000000 0.000000 -0.000000 1.000000 -0.000000 0.000000 0.000000 0.000000 1.000000
1.000000 0.000000 -0.000000 0.000001 -0.000000 1.000000 0.000000 0.000000 0.000000 -0.000000 1.000000 -0.000000 0.000000 0.000000 0.000000 1.000000
1.000000 0.000000 -0.000000 0.000001 -0.000000 1.000000 0.000000 0.000000 0.000000 -0.000000 1.000000 -0.000000 0.000000 0.000000 0.000000 1.000000
1.000000 0.000000 -0.000000 0.000001 -0.000000 1.000000 0.000000 0.000000 0.000000 -0.000000 1.000000 -0.000000 0.000000 0.000000 0.000000 1.000000
1.000000 0.000000 -0.000000 0.000001 -0.000000 1.000000 0.000000 0.000000 0.000000 -0.000000 1.000000 -0.000000 0.000000 0.000000 0.000000 1.000000</float_array>
     <technique_common>
      <accessor source="#jnt_headappend-Matrix-animation-output-transform-array" count="20" stride="16">
       <param type="float4x4"></param>
      </accessor>
     </technique_common>
    </source>
    <source id="jnt_headappend-Interpolations">
     <Name_array id="jnt_headappend-Interpolations-array" count="20">
 LINEAR LINEAR LINEAR LINEAR LINEAR LINEAR LINEAR LINEAR LINEAR LINEAR LINEAR
LINEAR LINEAR LINEAR LINEAR LINEAR LINEAR LINEAR LINEAR LINEAR</Name_array>
     <technique_common>
      <accessor source="#jnt_headappend-Interpolations-array" count="20">
       <param type="name"></param>
      </accessor>
     </technique_common>
    </source>
    <sampler id="jnt_headappend-Matrix-animation-transform">
     <input semantic="INPUT" source="#jnt_headappend-Matrix-animation-input"></input>
     <input semantic="OUTPUT" source="#jnt_headappend-Matrix-animation-output-transform"></input>
     <input semantic="INTERPOLATION" source="#jnt_headappend-Interpolations"></input>
    </sampler>
    <channel source="#jnt_headappend-Matrix-animation-transform" target="jnt_headappend/matrix"></channel>
   </animation>
  </animation>
  <animation id="jnt_left_armroot-anim" name="jnt_left_armroot">
   <animation>
    <source id="jnt_left_armroot-Matrix-animation-input">
     <float_array id="jnt_left_armroot-Matrix-animation-input-array" count="20">

0.000000 0.033333 0.066667 0.100000 0.133333 0.166667 0.200000 0.233333 0.266667 0.300000 0.333333 0.366667 0.400000 0.433333 0.466667 0.500000
0.533333 0.566667 0.600000 0.633333</float_array>
     <technique_common>
      <accessor source="#jnt_left_armroot-Matrix-animation-input-array" count="20">
       <param name="TIME" type="float"></param>
      </accessor>
     </technique_common>
    </source>
    <source id="jnt_left_armroot-Matrix-animation-output-transform">
     <float_array id="jnt_left_armroot-Matrix-animation-output-transform-array" count="320">

0.999937 -0.010412 -0.004204 -0.840613 0.010594 0.998888 0.045934 0.332548 0.003721 -0.045975 0.998936 -0.593786 0.000000 0.000000 0.000000 1.000000
0.999937 -0.010412 -0.004204 -0.623199 0.010594 0.998888 0.045934 0.046018 0.003721 -0.045975 0.998936 -0.593786 0.000000 0.000000 0.000000 1.000000
0.999937 -0.010412 -0.004204 -0.623199 0.010594 0.998888 0.045934 0.046018 0.003721 -0.045975 0.998936 -0.593786 0.000000 0.000000 0.000000 1.000000
0.999937 -0.010412 -0.004204 -0.623884 0.010594 0.998888 0.045934 0.046920 0.003721 -0.045975 0.998936 -0.593786 0.000000 0.000000 0.000000 1.000000
0.999937 -0.010412 -0.004204 -0.629084 0.010594 0.998888 0.045934 0.053773 0.003721 -0.045975 0.998936 -0.593786 0.000000 0.000000 0.000000 1.000000
0.999937 -0.010412 -0.004204 -0.638767 0.010594 0.998888 0.045934 0.066534 0.003721 -0.045975 0.998936 -0.593786 0.000000 0.000000 0.000000 1.000000
0.999937 -0.010412 -0.004204 -0.652188 0.010594 0.998888 0.045934 0.084222 0.003721 -0.045975 0.998936 -0.593786 0.000000 0.000000 0.000000 1.000000
0.999937 -0.010412 -0.004204 -0.668600 0.010594 0.998888 0.045934 0.105851 0.003721 -0.045975 0.998936 -0.593786 0.000000 0.000000 0.000000 1.000000
0.999937 -0.010412 -0.004204 -0.687256 0.010594 0.998888 0.045934 0.130439 0.003721 -0.045975 0.998936 -0.593786 0.000000 0.000000 0.000000 1.000000
0.999937 -0.010412 -0.004204 -0.707411 0.010594 0.998888 0.045934 0.157001 0.003721 -0.045975 0.998936 -0.593786 0.000000 0.000000 0.000000 1.000000
0.999937 -0.010412 -0.004204 -0.728318 0.010594 0.998888 0.045934 0.184554 0.003721 -0.045975 0.998936 -0.593786 0.000000 0.000000 0.000000 1.000000
0.999937 -0.010412 -0.004204 -0.749230 0.010594 0.998888 0.045934 0.212114 0.003721 -0.045975 0.998936 -0.593786 0.000000 0.000000 0.000000 1.000000
0.999937 -0.010412 -0.004204 -0.769401 0.010594 0.998888 0.045934 0.238697 0.003721 -0.045975 0.998936 -0.593786 0.000000 0.000000 0.000000 1.000000
0.999937 -0.010412 -0.004204 -0.788084 0.010594 0.998888 0.045934 0.263319 0.003721 -0.045975 0.998936 -0.593786 0.000000 0.000000 0.000000 1.000000
0.999937 -0.010412 -0.004204 -0.804533 0.010594 0.998888 0.045934 0.284998 0.003721 -0.045975 0.998936 -0.593786 0.000000 0.000000 0.000000 1.000000
0.999937 -0.010412 -0.004204 -0.818002 0.010594 0.998888 0.045934 0.302748 0.003721 -0.045975 0.998936 -0.593786 0.000000 0.000000 0.000000 1.000000
0.999937 -0.010412 -0.004204 -0.827951 0.010594 0.998888 0.045934 0.315861 0.003721 -0.045975 0.998936 -0.593786 0.000000 0.000000 0.000000 1.000000
0.999937 -0.010412 -0.004204 -0.834671 0.010594 0.998888 0.045934 0.324717 0.003721 -0.045975 0.998936 -0.593786 0.000000 0.000000 0.000000 1.000000
0.999937 -0.010412 -0.004204 -0.838661 0.010594 0.998888 0.045934 0.329975 0.003721 -0.045975 0.998936 -0.593786 0.000000 0.000000 0.000000 1.000000
0.999937 -0.010412 -0.004204 -0.840417 0.010594 0.998888 0.045934 0.332289 0.003721 -0.045975 0.998936 -0.593786 0.000000 0.000000 0.000000 1.000000</float_array>
     <technique_common>
      <accessor source="#jnt_left_armroot-Matrix-animation-output-transform-array" count="20" stride="16">
       <param type="float4x4"></param>
      </accessor>
     </technique_common>
    </source>
    <source id="jnt_left_armroot-Interpolations">
     <Name_array id="jnt_left_armroot-Interpolations-array" count="20">
 LINEAR LINEAR LINEAR LINEAR LINEAR LINEAR LINEAR LINEAR LINEAR LINEAR LINEAR
LINEAR LINEAR LINEAR LINEAR LINEAR LINEAR LINEAR LINEAR LINEAR</Name_array>
     <technique_common>
      <accessor source="#jnt_left_armroot-Interpolations-array" count="20">
       <param type="name"></param>
      </accessor>
     </technique_common>
    </source>
    <sampler id="jnt_left_armroot-Matrix-animation-transform">
     <input semantic="INPUT" source="#jnt_left_armroot-Matrix-animation-input"></input>
     <input semantic="OUTPUT" source="#jnt_left_armroot-Matrix-animation-output-transform"></input>
     <input semantic="INTERPOLATION" source="#jnt_left_armroot-Interpolations"></input>
    </sampler>
    <channel source="#jnt_left_armroot-Matrix-animation-transform" target="jnt_left_armroot/matrix"></channel>
   </animation>
  </animation>
  <animation id="jnt_left_shoulder-anim" name="jnt_left_shoulder">
   <animation>
    <source id="jnt_left_shoulder-Matrix-animation-input">
     <float_array id="jnt_left_shoulder-Matrix-animation-input-array" count="20">

0.000000 0.033333 0.066667 0.100000 0.133333 0.166667 0.200000 0.233333 0.266667 0.300000 0.333333 0.366667 0.400000 0.433333 0.466667 0.500000
0.533333 0.566667 0.600000 0.633333</float_array>
     <technique_common>
      <accessor source="#jnt_left_shoulder-Matrix-animation-input-array" count="20">
       <param name="TIME" type="float"></param>
      </accessor>
     </technique_common>
    </source>
    <source id="jnt_left_shoulder-Matrix-animation-output-transform">
     <float_array id="jnt_left_shoulder-Matrix-animation-output-transform-array" count="320">

-0.019289 0.092831 -0.995495 0.635987 0.352002 -0.931301 -0.093665 0.114390 -0.935800 -0.352223 -0.014713 0.266187 0.000000 0.000000 0.000000 1.000000
-0.019289 0.092831 -0.995495 0.635987 0.352002 -0.931301 -0.093665 0.114390 -0.935800 -0.352223 -0.014713 0.266187 0.000000 0.000000 0.000000 1.000000
-0.019289 0.092831 -0.995495 0.635987 0.352002 -0.931301 -0.093665 0.114390 -0.935800 -0.352223 -0.014713 0.266187 0.000000 0.000000 0.000000 1.000000
-0.019289 0.092831 -0.995495 0.635987 0.352002 -0.931301 -0.093665 0.114390 -0.935800 -0.352223 -0.014713 0.266187 0.000000 0.000000 0.000000 1.000000
-0.019289 0.092831 -0.995495 0.635987 0.352002 -0.931301 -0.093665 0.114390 -0.935800 -0.352223 -0.014713 0.266187 0.000000 0.000000 0.000000 1.000000
-0.019289 0.092831 -0.995495 0.635987 0.352002 -0.931301 -0.093665 0.114390 -0.935800 -0.352223 -0.014713 0.266187 0.000000 0.000000 0.000000 1.000000
-0.019289 0.092831 -0.995495 0.635987 0.352002 -0.931301 -0.093665 0.114390 -0.935800 -0.352223 -0.014713 0.266187 0.000000 0.000000 0.000000 1.000000
-0.019289 0.092831 -0.995495 0.635987 0.352002 -0.931301 -0.093665 0.114390 -0.935800 -0.352223 -0.014713 0.266187 0.000000 0.000000 0.000000 1.000000
-0.019289 0.092831 -0.995495 0.635987 0.352002 -0.931301 -0.093665 0.114390 -0.935800 -0.352223 -0.014713 0.266187 0.000000 0.000000 0.000000 1.000000
-0.019289 0.092831 -0.995495 0.635987 0.352002 -0.931301 -0.093665 0.114390 -0.935800 -0.352223 -0.014713 0.266187 0.000000 0.000000 0.000000 1.000000
-0.019289 0.092831 -0.995495 0.635987 0.352002 -0.931301 -0.093665 0.114390 -0.935800 -0.352223 -0.014713 0.266187 0.000000 0.000000 0.000000 1.000000
-0.019289 0.092831 -0.995495 0.635987 0.352002 -0.931301 -0.093665 0.114390 -0.935800 -0.352223 -0.014713 0.266187 0.000000 0.000000 0.000000 1.000000
-0.019289 0.092831 -0.995495 0.635987 0.352002 -0.931301 -0.093665 0.114390 -0.935800 -0.352223 -0.014713 0.266187 0.000000 0.000000 0.000000 1.000000
-0.019289 0.092831 -0.995495 0.635988 0.352002 -0.931301 -0.093665 0.114390 -0.935800 -0.352223 -0.014713 0.266187 0.000000 0.000000 0.000000 1.000000
-0.019289 0.092831 -0.995495 0.635987 0.352002 -0.931301 -0.093665 0.114390 -0.935800 -0.352223 -0.014713 0.266187 0.000000 0.000000 0.000000 1.000000
-0.019289 0.092831 -0.995495 0.635987 0.352002 -0.931301 -0.093665 0.114390 -0.935800 -0.352223 -0.014713 0.266187 0.000000 0.000000 0.000000 1.000000
-0.019289 0.092831 -0.995495 0.635987 0.352002 -0.931301 -0.093665 0.114390 -0.935800 -0.352223 -0.014713 0.266187 0.000000 0.000000 0.000000 1.000000
-0.019289 0.092831 -0.995495 0.635987 0.352002 -0.931301 -0.093665 0.114390 -0.935800 -0.352223 -0.014713 0.266187 0.000000 0.000000 0.000000 1.000000
-0.019289 0.092831 -0.995495 0.635987 0.352002 -0.931301 -0.093665 0.114390 -0.935800 -0.352223 -0.014713 0.266187 0.000000 0.000000 0.000000 1.000000
-0.019289 0.092831 -0.995495 0.635987 0.352002 -0.931301 -0.093665 0.114390 -0.935800 -0.352223 -0.014713 0.266187 0.000000 0.000000 0.000000 1.000000</float_array>
     <technique_common>
      <accessor source="#jnt_left_shoulder-Matrix-animation-output-transform-array" count="20" stride="16">
       <param type="float4x4"></param>
      </accessor>
     </technique_common>
    </source>
    <source id="jnt_left_shoulder-Interpolations">
     <Name_array id="jnt_left_shoulder-Interpolations-array" count="20">
 LINEAR LINEAR LINEAR LINEAR LINEAR LINEAR LINEAR LINEAR LINEAR LINEAR LINEAR
LINEAR LINEAR LINEAR LINEAR LINEAR LINEAR LINEAR LINEAR LINEAR</Name_array>
     <technique_common>
      <accessor source="#jnt_left_shoulder-Interpolations-array" count="20">
       <param type="name"></param>
      </accessor>
     </technique_common>
    </source>
    <sampler id="jnt_left_shoulder-Matrix-animation-transform">
     <input semantic="INPUT" source="#jnt_left_shoulder-Matrix-animation-input"></input>
     <input semantic="OUTPUT" source="#jnt_left_shoulder-Matrix-animation-output-transform"></input>
     <input semantic="INTERPOLATION" source="#jnt_left_shoulder-Interpolations"></input>
    </sampler>
    <channel source="#jnt_left_shoulder-Matrix-animation-transform" target="jnt_left_shoulder/matrix"></channel>
   </animation>
  </animation>
  <animation id="jnt_left_arm-anim" name="jnt_left_arm">
   <animation>
    <source id="jnt_left_arm-Matrix-animation-input">
     <float_array id="jnt_left_arm-Matrix-animation-input-array" count="20">

0.000000 0.033333 0.066667 0.100000 0.133333 0.166667 0.200000 0.233333 0.266667 0.300000 0.333333 0.366667 0.400000 0.433333 0.466667 0.500000
0.533333 0.566667 0.600000 0.633333</float_array>
     <technique_common>
      <accessor source="#jnt_left_arm-Matrix-animation-input-array" count="20">
       <param name="TIME" type="float"></param>
      </accessor>
     </technique_common>
    </source>
    <source id="jnt_left_arm-Matrix-animation-output-transform">
     <float_array id="jnt_left_arm-Matrix-animation-output-transform-array" count="320">

0.339246 -0.328958 0.881305 -0.525417 0.890512 -0.189614 -0.413565 -0.032447 0.303153 0.925112 0.228615 0.009491 0.000000 0.000000 0.000000 1.000000
0.358299 -0.343623 0.868069 -0.525417 0.916553 -0.047443 -0.397090 -0.032447 0.177633 0.937908 0.297949 0.009491 0.000000 0.000000 0.000000 1.000000
0.353722 -0.345264 0.869294 -0.525417 0.918605 -0.046847 -0.392392 -0.032447 0.176203 0.937335 0.300590 0.009491 0.000000 0.000000 0.000000 1.000000
0.337041 -0.350271 0.873907 -0.525417 0.925435 -0.047438 -0.375927 -0.032447 0.173133 0.935446 0.308164 0.009491 0.000000 0.000000 0.000000 1.000000
0.312677 -0.356845 0.880280 -0.525417 0.934436 -0.050777 -0.352496 -0.032447 0.170485 0.932782 0.317572 0.009492 0.000000 0.000000 0.000000 1.000000
0.286410 -0.362742 0.886784 -0.525417 0.942839 -0.057876 -0.328188 -0.032447 0.170372 0.930090 0.325431 0.009491 0.000000 0.000000 0.000000 1.000000
0.264117 -0.366125 0.892297 -0.525417 0.948535 -0.068988 -0.309070 -0.032447 0.174716 0.928005 0.329061 0.009491 0.000000 0.000000 0.000000 1.000000
0.251945 -0.366241 0.895762 -0.525417 0.950191 -0.081867 -0.300725 -0.032447 0.183472 0.926911 0.327372 0.009491 0.000000 0.000000 0.000000 1.000000
0.249509 -0.364264 0.897249 -0.525417 0.948732 -0.093714 -0.301870 -0.032447 0.194045 0.926568 0.322206 0.009491 0.000000 0.000000 0.000000 1.000000
0.252826 -0.361046 0.897621 -0.525417 0.945298 -0.105487 -0.308683 -0.032447 0.206137 0.926562 0.314626 0.009491 0.000000 0.000000 0.000000 1.000000
0.258784 -0.357128 0.897491 -0.525417 0.940483 -0.118738 -0.318427 -0.032447 0.220285 0.926478 0.305144 0.009491 0.000000 0.000000 0.000000 1.000000
0.266505 -0.352819 0.896936 -0.525417 0.934569 -0.132983 -0.329996 -0.032447 0.235706 0.926193 0.294292 0.009491 0.000000 0.000000 0.000000 1.000000
0.275911 -0.348408 0.895814 -0.525417 0.927783 -0.147018 -0.342936 -0.032447 0.251183 0.925741 0.282683 0.009492 0.000000 0.000000 0.000000 1.000000
0.286538 -0.344045 0.894163 -0.525417 0.920467 -0.160049 -0.356548 -0.032447 0.265779 0.925212 0.270822 0.009491 0.000000 0.000000 0.000000 1.000000
0.298525 -0.339805 0.891860 -0.525417 0.912693 -0.171592 -0.370875 -0.032447 0.279062 0.924710 0.258913 0.009491 0.000000 0.000000 0.000000 1.000000
0.311374 -0.335920 0.888934 -0.525417 0.904926 -0.180751 -0.385279 -0.032447 0.290099 0.924384 0.247701 0.009491 0.000000 0.000000 0.000000 1.000000
0.322781 -0.332996 0.885960 -0.525417 0.898879 -0.185251 -0.397115 -0.032447 0.296363 0.924551 0.239527 0.009492 0.000000 0.000000 0.000000 1.000000
0.331591 -0.330911 0.883484 -0.525417 0.894559 -0.187195 -0.405861 -0.032447 0.299688 0.924908 0.233946 0.009491 0.000000 0.000000 0.000000 1.000000
0.336784 -0.329601 0.882008 -0.525417 0.891845 -0.188757 -0.411077 -0.032447 0.301977 0.925058 0.230382 0.009492 0.000000 0.000000 0.000000 1.000000
0.339000 -0.329022 0.881375 -0.525417 0.890646 -0.189527 -0.413316 -0.032447 0.303035 0.925107 0.228793 0.009491 0.000000 0.000000 0.000000 1.000000</float_array>
     <technique_common>
      <accessor source="#jnt_left_arm-Matrix-animation-output-transform-array" count="20" stride="16">
       <param type="float4x4"></param>
      </accessor>
     </technique_common>
    </source>
    <source id="jnt_left_arm-Interpolations">
     <Name_array id="jnt_left_arm-Interpolations-array" count="20">
 LINEAR LINEAR LINEAR LINEAR LINEAR LINEAR LINEAR LINEAR LINEAR LINEAR LINEAR
LINEAR LINEAR LINEAR LINEAR LINEAR LINEAR LINEAR LINEAR LINEAR</Name_array>
     <technique_common>
      <accessor source="#jnt_left_arm-Interpolations-array" count="20">
       <param type="name"></param>
      </accessor>
     </technique_common>
    </source>
    <sampler id="jnt_left_arm-Matrix-animation-transform">
     <input semantic="INPUT" source="#jnt_left_arm-Matrix-animation-input"></input>
     <input semantic="OUTPUT" source="#jnt_left_arm-Matrix-animation-output-transform"></input>
     <input semantic="INTERPOLATION" source="#jnt_left_arm-Interpolations"></input>
    </sampler>
    <channel source="#jnt_left_arm-Matrix-animation-transform" target="jnt_left_arm/matrix"></channel>
   </animation>
  </animation>
  <animation id="jnt_left_armroll-anim" name="jnt_left_armroll">
   <animation>
    <source id="jnt_left_armroll-Matrix-animation-input">
     <float_array id="jnt_left_armroll-Matrix-animation-input-array" count="20">

0.000000 0.033333 0.066667 0.100000 0.133333 0.166667 0.200000 0.233333 0.266667 0.300000 0.333333 0.366667 0.400000 0.433333 0.466667 0.500000
0.533333 0.566667 0.600000 0.633333</float_array>
     <technique_common>
      <accessor source="#jnt_left_armroll-Matrix-animation-input-array" count="20">
       <param name="TIME" type="float"></param>
      </accessor>
     </technique_common>
    </source>
    <source id="jnt_left_armroll-Matrix-animation-output-transform">
     <float_array id="jnt_left_armroll-Matrix-animation-output-transform-array" count="320">

1.000000 -0.000000 0.000000 -0.421995 0.000000 1.000000 0.000000 0.000002 -0.000000 -0.000000 1.000000 -0.000004 0.000000 0.000000 0.000000 1.000000
1.000000 -0.000000 -0.000000 -0.421995 0.000000 1.000000 0.000000 0.000002 0.000000 -0.000000 1.000000 -0.000004 0.000000 0.000000 0.000000 1.000000
1.000000 -0.000000 -0.000000 -0.421995 0.000000 1.000000 0.000000 0.000002 0.000000 -0.000000 1.000000 -0.000004 0.000000 0.000000 0.000000 1.000000
1.000000 -0.000000 -0.000000 -0.421995 0.000000 1.000000 -0.000000 0.000002 0.000000 0.000000 1.000000 -0.000004 0.000000 0.000000 0.000000 1.000000
1.000000 -0.000000 0.000000 -0.421995 0.000000 1.000000 -0.000000 0.000002 -0.000000 0.000000 1.000000 -0.000004 0.000000 0.000000 0.000000 1.000000
1.000000 -0.000000 0.000000 -0.421995 0.000000 1.000000 -0.000000 0.000002 -0.000000 0.000000 1.000000 -0.000004 0.000000 0.000000 0.000000 1.000000
1.000000 -0.000000 -0.000000 -0.421995 0.000000 1.000000 0.000000 0.000002 0.000000 -0.000000 1.000000 -0.000004 0.000000 0.000000 0.000000 1.000000
1.000000 -0.000000 0.000000 -0.421995 0.000000 1.000000 -0.000000 0.000002 -0.000000 0.000000 1.000000 -0.000004 0.000000 0.000000 0.000000 1.000000
1.000000 -0.000000 0.000000 -0.421995 0.000000 1.000000 0.000000 0.000002 -0.000000 -0.000000 1.000000 -0.000004 0.000000 0.000000 0.000000 1.000000
1.000000 -0.000000 0.000000 -0.421995 0.000000 1.000000 -0.000000 0.000002 -0.000000 0.000000 1.000000 -0.000004 0.000000 0.000000 0.000000 1.000000
1.000000 -0.000000 -0.000000 -0.421995 0.000000 1.000000 -0.000000 0.000003 0.000000 0.000000 1.000000 -0.000004 0.000000 0.000000 0.000000 1.000000
1.000000 -0.000000 -0.000000 -0.421995 0.000000 1.000000 0.000000 0.000002 0.000000 -0.000000 1.000000 -0.000004 0.000000 0.000000 0.000000 1.000000
1.000000 -0.000000 -0.000000 -0.421995 0.000000 1.000000 -0.000000 0.000002 0.000000 0.000000 1.000000 -0.000004 0.000000 0.000000 0.000000 1.000000
1.000000 -0.000000 0.000000 -0.421995 0.000000 1.000000 -0.000000 0.000002 -0.000000 0.000000 1.000000 -0.000004 0.000000 0.000000 0.000000 1.000000
1.000000 -0.000000 0.000000 -0.421995 0.000000 1.000000 0.000000 0.000001 -0.000000 -0.000000 1.000000 -0.000004 0.000000 0.000000 0.000000 1.000000
1.000000 -0.000000 -0.000000 -0.421995 0.000000 1.000000 0.000000 0.000002 0.000000 -0.000000 1.000000 -0.000004 0.000000 0.000000 0.000000 1.000000
1.000000 -0.000000 0.000000 -0.421995 0.000000 1.000000 0.000000 0.000002 -0.000000 -0.000000 1.000000 -0.000004 0.000000 0.000000 0.000000 1.000000
1.000000 -0.000000 0.000000 -0.421995 0.000000 1.000000 0.000000 0.000002 -0.000000 -0.000000 1.000000 -0.000004 0.000000 0.000000 0.000000 1.000000
1.000000 -0.000000 0.000000 -0.421995 0.000000 1.000000 -0.000000 0.000002 -0.000000 0.000000 1.000000 -0.000004 0.000000 0.000000 0.000000 1.000000
1.000000 -0.000000 0.000000 -0.421995 0.000000 1.000000 0.000000 0.000002 -0.000000 -0.000000 1.000000 -0.000004 0.000000 0.000000 0.000000 1.000000</float_array>
     <technique_common>
      <accessor source="#jnt_left_armroll-Matrix-animation-output-transform-array" count="20" stride="16">
       <param type="float4x4"></param>
      </accessor>
     </technique_common>
    </source>
    <source id="jnt_left_armroll-Interpolations">
     <Name_array id="jnt_left_armroll-Interpolations-array" count="20">
 LINEAR LINEAR LINEAR LINEAR LINEAR LINEAR LINEAR LINEAR LINEAR LINEAR LINEAR
LINEAR LINEAR LINEAR LINEAR LINEAR LINEAR LINEAR LINEAR LINEAR</Name_array>
     <technique_common>
      <accessor source="#jnt_left_armroll-Interpolations-array" count="20">
       <param type="name"></param>
      </accessor>
     </technique_common>
    </source>
    <sampler id="jnt_left_armroll-Matrix-animation-transform">
     <input semantic="INPUT" source="#jnt_left_armroll-Matrix-animation-input"></input>
     <input semantic="OUTPUT" source="#jnt_left_armroll-Matrix-animation-output-transform"></input>
     <input semantic="INTERPOLATION" source="#jnt_left_armroll-Interpolations"></input>
    </sampler>
    <channel source="#jnt_left_armroll-Matrix-animation-transform" target="jnt_left_armroll/matrix"></channel>
   </animation>
  </animation>
  <animation id="jnt_left_forearm-anim" name="jnt_left_forearm">
   <animation>
    <source id="jnt_left_forearm-Matrix-animation-input">
     <float_array id="jnt_left_forearm-Matrix-animation-input-array" count="20">

0.000000 0.033333 0.066667 0.100000 0.133333 0.166667 0.200000 0.233333 0.266667 0.300000 0.333333 0.366667 0.400000 0.433333 0.466667 0.500000
0.533333 0.566667 0.600000 0.633333</float_array>
     <technique_common>
      <accessor source="#jnt_left_forearm-Matrix-animation-input-array" count="20">
       <param name="TIME" type="float"></param>
      </accessor>
     </technique_common>
    </source>
    <source id="jnt_left_forearm-Matrix-animation-output-transform">
     <float_array id="jnt_left_forearm-Matrix-animation-output-transform-array" count="320">

0.457081 0.430046 0.778548 -0.843981 0.329130 0.731418 -0.597244 0.000001 -0.826288 0.529231 0.192776 0.000003 0.000000 0.000000 0.000000 1.000000
0.410659 0.356985 0.839000 -0.843981 0.389737 0.763147 -0.515472 0.000001 -0.824297 0.538672 0.174263 0.000003 0.000000 0.000000 0.000000 1.000000
0.418336 0.354235 0.836369 -0.843981 0.389227 0.762068 -0.517450 0.000001 -0.820670 0.542005 0.180922 0.000003 0.000000 0.000000 0.000000 1.000000
0.446177 0.345769 0.825451 -0.843981 0.385841 0.757903 -0.526031 0.000001 -0.807499 0.553195 0.204747 0.000003 0.000000 0.000000 0.000000 1.000000
0.486084 0.334958 0.807171 -0.843981 0.378855 0.751556 -0.540029 0.000001 -0.787522 0.568300 0.238419 0.000004 0.000000 0.000000 0.000000 1.000000
0.528023 0.324703 0.784704 -0.843981 0.369088 0.744441 -0.556400 0.000001 -0.764832 0.583415 0.273238 0.000003 0.000000 0.000000 0.000000 1.000000
0.562785 0.317922 0.763019 -0.843981 0.358478 0.737885 -0.571855 0.000001 -0.744827 0.595356 0.301303 0.000003 0.000000 0.000000 0.000000 1.000000
0.581777 0.317308 0.748900 -0.843981 0.350262 0.733268 -0.582782 0.000001 -0.734066 0.601359 0.315458 0.000003 0.000000 0.000000 0.000000 1.000000
0.586254 0.321336 0.743673 -0.843981 0.346246 0.730518 -0.588606 0.000001 -0.732408 0.602565 0.317008 0.000003 0.000000 0.000000 0.000000 1.000000
0.582356 0.328935 0.743414 -0.843981 0.344016 0.728846 -0.591977 0.000001 -0.736556 0.600486 0.311288 0.000003 0.000000 0.000000 0.000000 1.000000
0.574741 0.339273 0.744693 -0.843981 0.341372 0.727649 -0.594972 0.000001 -0.743734 0.596171 0.302391 0.000003 0.000000 0.000000 0.000000 1.000000
0.564605 0.351544 0.746752 -0.843981 0.338214 0.726763 -0.597852 0.000001 -0.752884 0.590111 0.291437 0.000003 0.000000 0.000000 0.000000 1.000000
0.551875 0.364918 0.749846 -0.843981 0.335227 0.726248 -0.600155 0.000001 -0.763582 0.582578 0.278468 0.000003 0.000000 0.000000 0.000000 1.000000
0.537079 0.378807 0.753692 -0.843981 0.332441 0.726126 -0.601849 0.000001 -0.775261 0.573798 0.264056 0.000003 0.000000 0.000000 0.000000 1.000000
0.519796 0.393688 0.758170 -0.843981 0.329248 0.726603 -0.603028 0.000001 -0.788295 0.563077 0.248064 0.000003 0.000000 0.000000 0.000000 1.000000
0.500570 0.408733 0.763130 -0.843981 0.325892 0.727703 -0.603525 0.000001 -0.802014 0.550803 0.231063 0.000003 0.000000 0.000000 0.000000 1.000000
0.482986 0.418594 0.769093 -0.843981 0.326225 0.729077 -0.601683 0.000001 -0.812590 0.541501 0.215578 0.000003 0.000000 0.000000 0.000000 1.000000
0.469141 0.424606 0.774349 -0.843981 0.327957 0.730361 -0.599179 0.000001 -0.819971 0.535052 0.203390 0.000003 0.000000 0.000000 0.000000 1.000000
0.460961 0.428276 0.777235 -0.843981 0.328780 0.731088 -0.597840 0.000001 -0.824269 0.531120 0.196195 0.000003 0.000000 0.000000 0.000000 1.000000
0.457471 0.429868 0.778418 -0.843981 0.329096 0.731385 -0.597303 0.000001 -0.826086 0.529422 0.193120 0.000003 0.000000 0.000000 0.000000 1.000000</float_array>
     <technique_common>
      <accessor source="#jnt_left_forearm-Matrix-animation-output-transform-array" count="20" stride="16">
       <param type="float4x4"></param>
      </accessor>
     </technique_common>
    </source>
    <source id="jnt_left_forearm-Interpolations">
     <Name_array id="jnt_left_forearm-Interpolations-array" count="20">
 LINEAR LINEAR LINEAR LINEAR LINEAR LINEAR LINEAR LINEAR LINEAR LINEAR LINEAR
LINEAR LINEAR LINEAR LINEAR LINEAR LINEAR LINEAR LINEAR LINEAR</Name_array>
     <technique_common>
      <accessor source="#jnt_left_forearm-Interpolations-array" count="20">
       <param type="name"></param>
      </accessor>
     </technique_common>
    </source>
    <sampler id="jnt_left_forearm-Matrix-animation-transform">
     <input semantic="INPUT" source="#jnt_left_forearm-Matrix-animation-input"></input>
     <input semantic="OUTPUT" source="#jnt_left_forearm-Matrix-animation-output-transform"></input>
     <input semantic="INTERPOLATION" source="#jnt_left_forearm-Interpolations"></input>
    </sampler>
    <channel source="#jnt_left_forearm-Matrix-animation-transform" target="jnt_left_forearm/matrix"></channel>
   </animation>
  </animation>
  <animation id="jnt_left_forearmroll-anim" name="jnt_left_forearmroll">
   <animation>
    <source id="jnt_left_forearmroll-Matrix-animation-input">
     <float_array id="jnt_left_forearmroll-Matrix-animation-input-array" count="20">

0.000000 0.033333 0.066667 0.100000 0.133333 0.166667 0.200000 0.233333 0.266667 0.300000 0.333333 0.366667 0.400000 0.433333 0.466667 0.500000
0.533333 0.566667 0.600000 0.633333</float_array>
     <technique_common>
      <accessor source="#jnt_left_forearmroll-Matrix-animation-input-array" count="20">
       <param name="TIME" type="float"></param>
      </accessor>
     </technique_common>
    </source>
    <source id="jnt_left_forearmroll-Matrix-animation-output-transform">
     <float_array id="jnt_left_forearmroll-Matrix-animation-output-transform-array" count="320">

1.000000 0.000001 -0.000000 -0.487001 -0.000001 1.000000 -0.000000 -0.000001 0.000000 0.000000 1.000000 -0.000004 0.000000 0.000000 0.000000 1.000000
1.000000 0.000001 -0.000000 -0.487001 -0.000001 1.000000 -0.000000 0.000000 0.000000 0.000000 1.000000 -0.000004 0.000000 0.000000 0.000000 1.000000
1.000000 0.000001 -0.000000 -0.487001 -0.000001 1.000000 -0.000000 -0.000000 0.000000 0.000000 1.000000 -0.000004 0.000000 0.000000 0.000000 1.000000
1.000000 0.000001 -0.000000 -0.487001 -0.000001 1.000000 -0.000000 0.000000 0.000000 0.000000 1.000000 -0.000004 0.000000 0.000000 0.000000 1.000000
1.000000 0.000001 -0.000000 -0.487001 -0.000001 1.000000 -0.000000 -0.000001 0.000000 0.000000 1.000000 -0.000004 0.000000 0.000000 0.000000 1.000000
1.000000 0.000001 -0.000000 -0.487001 -0.000001 1.000000 -0.000000 -0.000001 0.000000 0.000000 1.000000 -0.000004 0.000000 0.000000 0.000000 1.000000
1.000000 0.000001 -0.000000 -0.487001 -0.000001 1.000000 -0.000000 0.000000 0.000000 0.000000 1.000000 -0.000004 0.000000 0.000000 0.000000 1.000000
1.000000 0.000001 -0.000000 -0.487001 -0.000001 1.000000 -0.000000 -0.000001 0.000000 0.000000 1.000000 -0.000004 0.000000 0.000000 0.000000 1.000000
1.000000 0.000001 -0.000000 -0.487001 -0.000001 1.000000 -0.000000 -0.000001 0.000000 0.000000 1.000000 -0.000004 0.000000 0.000000 0.000000 1.000000
1.000000 0.000001 -0.000000 -0.487001 -0.000001 1.000000 -0.000000 0.000000 0.000000 0.000000 1.000000 -0.000004 0.000000 0.000000 0.000000 1.000000
1.000000 0.000001 -0.000000 -0.487001 -0.000001 1.000000 -0.000000 -0.000001 0.000000 0.000000 1.000000 -0.000004 0.000000 0.000000 0.000000 1.000000
1.000000 0.000001 -0.000000 -0.487001 -0.000001 1.000000 -0.000000 -0.000001 0.000000 0.000000 1.000000 -0.000004 0.000000 0.000000 0.000000 1.000000
1.000000 0.000001 -0.000000 -0.487001 -0.000001 1.000000 -0.000000 -0.000000 0.000000 0.000000 1.000000 -0.000004 0.000000 0.000000 0.000000 1.000000
1.000000 0.000001 -0.000000 -0.487001 -0.000001 1.000000 -0.000000 -0.000000 0.000000 0.000000 1.000000 -0.000004 0.000000 0.000000 0.000000 1.000000
1.000000 0.000001 -0.000000 -0.487001 -0.000001 1.000000 -0.000000 -0.000000 0.000000 0.000000 1.000000 -0.000004 0.000000 0.000000 0.000000 1.000000
1.000000 0.000001 -0.000000 -0.487001 -0.000001 1.000000 -0.000000 -0.000000 0.000000 0.000000 1.000000 -0.000004 0.000000 0.000000 0.000000 1.000000
1.000000 0.000001 -0.000000 -0.487001 -0.000001 1.000000 -0.000000 -0.000000 0.000000 0.000000 1.000000 -0.000004 0.000000 0.000000 0.000000 1.000000
1.000000 0.000001 -0.000000 -0.487001 -0.000001 1.000000 -0.000000 -0.000000 0.000000 0.000000 1.000000 -0.000004 0.000000 0.000000 0.000000 1.000000
1.000000 0.000001 -0.000000 -0.487001 -0.000001 1.000000 -0.000000 -0.000000 0.000000 0.000000 1.000000 -0.000004 0.000000 0.000000 0.000000 1.000000
1.000000 0.000001 -0.000000 -0.487001 -0.000001 1.000000 -0.000000 -0.000001 0.000000 0.000000 1.000000 -0.000004 0.000000 0.000000 0.000000 1.000000</float_array>
     <technique_common>
      <accessor source="#jnt_left_forearmroll-Matrix-animation-output-transform-array" count="20" stride="16">
       <param type="float4x4"></param>
      </accessor>
     </technique_common>
    </source>
    <source id="jnt_left_forearmroll-Interpolations">
     <Name_array id="jnt_left_forearmroll-Interpolations-array" count="20">
 LINEAR LINEAR LINEAR LINEAR LINEAR LINEAR LINEAR LINEAR LINEAR LINEAR LINEAR
LINEAR LINEAR LINEAR LINEAR LINEAR LINEAR LINEAR LINEAR LINEAR</Name_array>
     <technique_common>
      <accessor source="#jnt_left_forearmroll-Interpolations-array" count="20">
       <param type="name"></param>
      </accessor>
     </technique_common>
    </source>
    <sampler id="jnt_left_forearmroll-Matrix-animation-transform">
     <input semantic="INPUT" source="#jnt_left_forearmroll-Matrix-animation-input"></input>
     <input semantic="OUTPUT" source="#jnt_left_forearmroll-Matrix-animation-output-transform"></input>
     <input semantic="INTERPOLATION" source="#jnt_left_forearmroll-Interpolations"></input>
    </sampler>
    <channel source="#jnt_left_forearmroll-Matrix-animation-transform" target="jnt_left_forearmroll/matrix"></channel>
   </animation>
  </animation>
  <animation id="jnt_left_hand-anim" name="jnt_left_hand">
   <animation>
    <source id="jnt_left_hand-Matrix-animation-input">
     <float_array id="jnt_left_hand-Matrix-animation-input-array" count="20">

0.000000 0.033333 0.066667 0.100000 0.133333 0.166667 0.200000 0.233333 0.266667 0.300000 0.333333 0.366667 0.400000 0.433333 0.466667 0.500000
0.533333 0.566667 0.600000 0.633333</float_array>
     <technique_common>
      <accessor source="#jnt_left_hand-Matrix-animation-input-array" count="20">
       <param name="TIME" type="float"></param>
      </accessor>
     </technique_common>
    </source>
    <source id="jnt_left_hand-Matrix-animation-output-transform">
     <float_array id="jnt_left_hand-Matrix-animation-output-transform-array" count="320">

0.844277 0.477502 0.243287 -0.975262 0.028940 0.412686 -0.910414 -0.000001 -0.535126 0.775680 0.334602 0.000000 0.000000 0.000000 0.000000 1.000000
0.837438 0.451222 0.308377 -0.975262 0.081036 0.455491 -0.886545 -0.000000 -0.540492 0.767415 0.344880 -0.000000 0.000000 0.000000 0.000000 1.000000
0.835395 0.454320 0.309369 -0.975262 0.080809 0.455213 -0.886708 -0.000001 -0.543678 0.765750 0.343570 -0.000000 0.000000 0.000000 0.000000 1.000000
0.828242 0.465773 0.311561 -0.975262 0.078832 0.453614 -0.887705 -0.000000 -0.554798 0.759795 0.338984 -0.000000 0.000000 0.000000 0.000000 1.000000
0.817994 0.482613 0.313003 -0.975262 0.074734 0.450361 -0.889713 -0.000001 -0.570352 0.751171 0.332325 0.000000 0.000000 0.000000 0.000000 1.000000
0.807139 0.500878 0.312486 -0.975262 0.068901 0.445773 -0.892490 -0.000001 -0.586327 0.741894 0.325290 -0.000000 0.000000 0.000000 0.000000 1.000000
0.798410 0.516625 0.309257 -0.975262 0.061933 0.440430 -0.895648 -0.000001 -0.598921 0.734247 0.319648 0.000000 0.000000 0.000000 0.000000 1.000000
0.794593 0.525804 0.303565 -0.975262 0.055186 0.435371 -0.898558 -0.000001 -0.604630 0.730740 0.316925 0.000000 0.000000 0.000000 0.000000 1.000000
0.795518 0.528680 0.296057 -0.975262 0.049134 0.430706 -0.901154 -0.000001 -0.603937 0.731429 0.316658 0.000000 0.000000 0.000000 0.000000 1.000000
0.799112 0.527802 0.287829 -0.975262 0.043679 0.426532 -0.903417 -0.000001 -0.599594 0.734502 0.317793 -0.000000 0.000000 0.000000 0.000000 1.000000
0.803660 0.525178 0.279857 -0.975262 0.038939 0.422859 -0.905358 -0.000001 -0.593815 0.738496 0.319385 0.000000 0.000000 0.000000 0.000000 1.000000
0.808695 0.521370 0.272371 -0.975262 0.034907 0.419684 -0.906999 -0.000001 -0.587193 0.742991 0.321198 -0.000000 0.000000 0.000000 0.000000 1.000000
0.814192 0.516364 0.265443 -0.975262 0.031681 0.416996 -0.908356 -0.000001 -0.579732 0.747984 0.323155 -0.000000 0.000000 0.000000 0.000000 1.000000
0.819901 0.510418 0.259300 -0.975262 0.029295 0.414924 -0.909384 -0.000000 -0.571757 0.753200 0.325244 -0.000000 0.000000 0.000000 0.000000 1.000000
0.825698 0.503331 0.254718 -0.975262 0.028306 0.414000 -0.909837 -0.000001 -0.563403 0.758459 0.327592 0.000000 0.000000 0.000000 0.000000 1.000000
0.831359 0.495379 0.251879 -0.975262 0.028773 0.414257 -0.909705 -0.000001 -0.554991 0.763537 0.330143 -0.000000 0.000000 0.000000 0.000000 1.000000
0.836603 0.488135 0.248637 -0.975262 0.028937 0.413862 -0.909880 -0.000001 -0.547046 0.768402 0.332113 0.000000 0.000000 0.000000 0.000000 1.000000
0.840738 0.482434 0.245801 -0.975262 0.028952 0.413268 -0.910149 -0.000001 -0.540669 0.772312 0.333483 0.000000 0.000000 0.000000 0.000000 1.000000
0.843140 0.479084 0.244117 -0.975262 0.028958 0.412890 -0.910321 -0.000001 -0.536915 0.774596 0.334251 0.000000 0.000000 0.000000 0.000000 1.000000
0.844163 0.477661 0.243370 -0.975262 0.028941 0.412706 -0.910405 -0.000001 -0.535306 0.775572 0.334567 0.000000 0.000000 0.000000 0.000000 1.000000</float_array>
     <technique_common>
      <accessor source="#jnt_left_hand-Matrix-animation-output-transform-array" count="20" stride="16">
       <param type="float4x4"></param>
      </accessor>
     </technique_common>
    </source>
    <source id="jnt_left_hand-Interpolations">
     <Name_array id="jnt_left_hand-Interpolations-array" count="20">
 LINEAR LINEAR LINEAR LINEAR LINEAR LINEAR LINEAR LINEAR LINEAR LINEAR LINEAR
LINEAR LINEAR LINEAR LINEAR LINEAR LINEAR LINEAR LINEAR LINEAR</Name_array>
     <technique_common>
      <accessor source="#jnt_left_hand-Interpolations-array" count="20">
       <param type="name"></param>
      </accessor>
     </technique_common>
    </source>
    <sampler id="jnt_left_hand-Matrix-animation-transform">
     <input semantic="INPUT" source="#jnt_left_hand-Matrix-animation-input"></input>
     <input semantic="OUTPUT" source="#jnt_left_hand-Matrix-animation-output-transform"></input>
     <input semantic="INTERPOLATION" source="#jnt_left_hand-Interpolations"></input>
    </sampler>
    <channel source="#jnt_left_hand-Matrix-animation-transform" target="jnt_left_hand/matrix"></channel>
   </animation>
  </animation>
  <animation id="jnt_left_handthumb1-anim" name="jnt_left_handthumb1">
   <animation>
    <source id="jnt_left_handthumb1-Matrix-animation-input">
     <float_array id="jnt_left_handthumb1-Matrix-animation-input-array" count="20">

0.000000 0.033333 0.066667 0.100000 0.133333 0.166667 0.200000 0.233333 0.266667 0.300000 0.333333 0.366667 0.400000 0.433333 0.466667 0.500000
0.533333 0.566667 0.600000 0.633333</float_array>
     <technique_common>
      <accessor source="#jnt_left_handthumb1-Matrix-animation-input-array" count="20">
       <param name="TIME" type="float"></param>
      </accessor>
     </technique_common>
    </source>
    <source id="jnt_left_handthumb1-Matrix-animation-output-transform">
     <float_array id="jnt_left_handthumb1-Matrix-animation-output-transform-array" count="320">

0.847246 -0.522545 -0.095504 -0.060229 0.457005 0.625381 0.632491 -0.203939 -0.270779 -0.579521 0.768657 0.155678 0.000000 0.000000 0.000000 1.000000
0.847246 -0.522545 -0.095504 -0.060229 0.457005 0.625381 0.632491 -0.203940 -0.270779 -0.579521 0.768657 0.155678 0.000000 0.000000 0.000000 1.000000
0.847246 -0.522545 -0.095504 -0.060229 0.457005 0.625381 0.632491 -0.203940 -0.270779 -0.579521 0.768657 0.155678 0.000000 0.000000 0.000000 1.000000
0.847246 -0.522546 -0.095504 -0.060229 0.457005 0.625381 0.632491 -0.203939 -0.270779 -0.579521 0.768657 0.155678 0.000000 0.000000 0.000000 1.000000
0.847245 -0.522546 -0.095504 -0.060228 0.457005 0.625381 0.632491 -0.203939 -0.270779 -0.579521 0.768657 0.155678 0.000000 0.000000 0.000000 1.000000
0.847246 -0.522546 -0.095504 -0.060229 0.457005 0.625381 0.632491 -0.203940 -0.270779 -0.579521 0.768657 0.155678 0.000000 0.000000 0.000000 1.000000
0.847246 -0.522546 -0.095504 -0.060229 0.457005 0.625381 0.632491 -0.203940 -0.270779 -0.579521 0.768657 0.155678 0.000000 0.000000 0.000000 1.000000
0.847246 -0.522546 -0.095504 -0.060229 0.457005 0.625381 0.632491 -0.203939 -0.270779 -0.579521 0.768657 0.155678 0.000000 0.000000 0.000000 1.000000
0.847246 -0.522545 -0.095504 -0.060229 0.457005 0.625381 0.632491 -0.203940 -0.270779 -0.579521 0.768657 0.155678 0.000000 0.000000 0.000000 1.000000
0.847246 -0.522545 -0.095504 -0.060229 0.457005 0.625381 0.632491 -0.203940 -0.270779 -0.579521 0.768657 0.155678 0.000000 0.000000 0.000000 1.000000
0.847246 -0.522545 -0.095504 -0.060230 0.457005 0.625381 0.632491 -0.203940 -0.270779 -0.579521 0.768657 0.155678 0.000000 0.000000 0.000000 1.000000
0.847246 -0.522545 -0.095504 -0.060229 0.457005 0.625381 0.632491 -0.203939 -0.270779 -0.579521 0.768657 0.155678 0.000000 0.000000 0.000000 1.000000
0.847246 -0.522546 -0.095504 -0.060229 0.457005 0.625381 0.632491 -0.203940 -0.270779 -0.579521 0.768657 0.155678 0.000000 0.000000 0.000000 1.000000
0.847246 -0.522545 -0.095504 -0.060228 0.457005 0.625381 0.632491 -0.203939 -0.270779 -0.579521 0.768657 0.155678 0.000000 0.000000 0.000000 1.000000
0.847246 -0.522546 -0.095504 -0.060229 0.457005 0.625381 0.632491 -0.203940 -0.270779 -0.579521 0.768657 0.155678 0.000000 0.000000 0.000000 1.000000
0.847246 -0.522546 -0.095504 -0.060229 0.457005 0.625381 0.632491 -0.203939 -0.270779 -0.579521 0.768657 0.155677 0.000000 0.000000 0.000000 1.000000
0.847246 -0.522545 -0.095504 -0.060229 0.457005 0.625381 0.632491 -0.203940 -0.270779 -0.579521 0.768657 0.155677 0.000000 0.000000 0.000000 1.000000
0.847246 -0.522545 -0.095504 -0.060229 0.457005 0.625381 0.632491 -0.203940 -0.270779 -0.579521 0.768657 0.155678 0.000000 0.000000 0.000000 1.000000
0.847245 -0.522545 -0.095504 -0.060229 0.457005 0.625381 0.632491 -0.203939 -0.270779 -0.579521 0.768657 0.155678 0.000000 0.000000 0.000000 1.000000
0.847246 -0.522545 -0.095504 -0.060229 0.457005 0.625381 0.632491 -0.203940 -0.270779 -0.579521 0.768657 0.155678 0.000000 0.000000 0.000000 1.000000</float_array>
     <technique_common>
      <accessor source="#jnt_left_handthumb1-Matrix-animation-output-transform-array" count="20" stride="16">
       <param type="float4x4"></param>
      </accessor>
     </technique_common>
    </source>
    <source id="jnt_left_handthumb1-Interpolations">
     <Name_array id="jnt_left_handthumb1-Interpolations-array" count="20">
 LINEAR LINEAR LINEAR LINEAR LINEAR LINEAR LINEAR LINEAR LINEAR LINEAR LINEAR
LINEAR LINEAR LINEAR LINEAR LINEAR LINEAR LINEAR LINEAR LINEAR</Name_array>
     <technique_common>
      <accessor source="#jnt_left_handthumb1-Interpolations-array" count="20">
       <param type="name"></param>
      </accessor>
     </technique_common>
    </source>
    <sampler id="jnt_left_handthumb1-Matrix-animation-transform">
     <input semantic="INPUT" source="#jnt_left_handthumb1-Matrix-animation-input"></input>
     <input semantic="OUTPUT" source="#jnt_left_handthumb1-Matrix-animation-output-transform"></input>
     <input semantic="INTERPOLATION" source="#jnt_left_handthumb1-Interpolations"></input>
    </sampler>
    <channel source="#jnt_left_handthumb1-Matrix-animation-transform" target="jnt_left_handthumb1/matrix"></channel>
   </animation>
  </animation>
  <animation id="jnt_left_handthumb2-anim" name="jnt_left_handthumb2">
   <animation>
    <source id="jnt_left_handthumb2-Matrix-animation-input">
     <float_array id="jnt_left_handthumb2-Matrix-animation-input-array" count="20">

0.000000 0.033333 0.066667 0.100000 0.133333 0.166667 0.200000 0.233333 0.266667 0.300000 0.333333 0.366667 0.400000 0.433333 0.466667 0.500000
0.533333 0.566667 0.600000 0.633333</float_array>
     <technique_common>
      <accessor source="#jnt_left_handthumb2-Matrix-animation-input-array" count="20">
       <param name="TIME" type="float"></param>
      </accessor>
     </technique_common>
    </source>
    <source id="jnt_left_handthumb2-Matrix-animation-output-transform">
     <float_array id="jnt_left_handthumb2-Matrix-animation-output-transform-array" count="320">

0.936673 0.350206 -0.000001 -0.213226 -0.350206 0.936673 -0.000003 -0.000002 -0.000001 0.000003 1.000000 0.000003 0.000000 0.000000 0.000000 1.000000
0.936673 0.350206 -0.000001 -0.213227 -0.350206 0.936673 -0.000003 -0.000002 -0.000001 0.000003 1.000000 0.000004 0.000000 0.000000 0.000000 1.000000
0.936672 0.350206 -0.000000 -0.213227 -0.350206 0.936672 -0.000003 -0.000002 -0.000001 0.000003 1.000000 0.000004 0.000000 0.000000 0.000000 1.000000
0.936673 0.350207 -0.000001 -0.213227 -0.350207 0.936673 -0.000003 -0.000001 -0.000001 0.000003 1.000000 0.000004 0.000000 0.000000 0.000000 1.000000
0.936673 0.350207 -0.000001 -0.213228 -0.350206 0.936673 -0.000003 -0.000002 -0.000001 0.000003 1.000000 0.000004 0.000000 0.000000 0.000000 1.000000
0.936672 0.350206 -0.000001 -0.213227 -0.350206 0.936672 -0.000003 -0.000002 -0.000001 0.000003 1.000000 0.000004 0.000000 0.000000 0.000000 1.000000
0.936673 0.350206 -0.000001 -0.213228 -0.350206 0.936672 -0.000003 -0.000001 -0.000001 0.000003 1.000000 0.000004 0.000000 0.000000 0.000000 1.000000
0.936672 0.350206 -0.000001 -0.213227 -0.350206 0.936673 -0.000003 -0.000003 -0.000001 0.000003 1.000000 0.000003 0.000000 0.000000 0.000000 1.000000
0.936673 0.350206 -0.000000 -0.213227 -0.350206 0.936673 -0.000003 -0.000002 -0.000001 0.000003 1.000000 0.000004 0.000000 0.000000 0.000000 1.000000
0.936673 0.350206 -0.000001 -0.213227 -0.350206 0.936673 -0.000003 -0.000002 -0.000001 0.000003 1.000000 0.000004 0.000000 0.000000 0.000000 1.000000
0.936672 0.350206 -0.000001 -0.213227 -0.350206 0.936672 -0.000003 -0.000002 -0.000001 0.000003 1.000000 0.000004 0.000000 0.000000 0.000000 1.000000
0.936673 0.350206 -0.000001 -0.213227 -0.350206 0.936673 -0.000003 -0.000002 -0.000001 0.000003 1.000000 0.000003 0.000000 0.000000 0.000000 1.000000
0.936673 0.350206 -0.000001 -0.213226 -0.350206 0.936672 -0.000003 -0.000002 -0.000001 0.000003 1.000000 0.000004 0.000000 0.000000 0.000000 1.000000
0.936673 0.350206 -0.000001 -0.213227 -0.350206 0.936672 -0.000003 -0.000001 -0.000001 0.000003 1.000000 0.000004 0.000000 0.000000 0.000000 1.000000
0.936673 0.350206 -0.000001 -0.213227 -0.350206 0.936672 -0.000003 -0.000001 -0.000001 0.000003 1.000000 0.000004 0.000000 0.000000 0.000000 1.000000
0.936673 0.350206 -0.000001 -0.213227 -0.350207 0.936672 -0.000003 -0.000002 -0.000001 0.000003 1.000000 0.000004 0.000000 0.000000 0.000000 1.000000
0.936673 0.350206 -0.000001 -0.213227 -0.350206 0.936673 -0.000003 -0.000001 -0.000001 0.000003 1.000000 0.000004 0.000000 0.000000 0.000000 1.000000
0.936673 0.350206 -0.000001 -0.213227 -0.350206 0.936672 -0.000003 -0.000002 -0.000001 0.000003 1.000000 0.000003 0.000000 0.000000 0.000000 1.000000
0.936672 0.350206 -0.000001 -0.213228 -0.350206 0.936672 -0.000003 -0.000001 -0.000001 0.000003 1.000000 0.000004 0.000000 0.000000 0.000000 1.000000
0.936673 0.350207 -0.000001 -0.213227 -0.350206 0.936673 -0.000003 -0.000002 -0.000001 0.000003 1.000000 0.000004 0.000000 0.000000 0.000000 1.000000</float_array>
     <technique_common>
      <accessor source="#jnt_left_handthumb2-Matrix-animation-output-transform-array" count="20" stride="16">
       <param type="float4x4"></param>
      </accessor>
     </technique_common>
    </source>
    <source id="jnt_left_handthumb2-Interpolations">
     <Name_array id="jnt_left_handthumb2-Interpolations-array" count="20">
 LINEAR LINEAR LINEAR LINEAR LINEAR LINEAR LINEAR LINEAR LINEAR LINEAR LINEAR
LINEAR LINEAR LINEAR LINEAR LINEAR LINEAR LINEAR LINEAR LINEAR</Name_array>
     <technique_common>
      <accessor source="#jnt_left_handthumb2-Interpolations-array" count="20">
       <param type="name"></param>
      </accessor>
     </technique_common>
    </source>
    <sampler id="jnt_left_handthumb2-Matrix-animation-transform">
     <input semantic="INPUT" source="#jnt_left_handthumb2-Matrix-animation-input"></input>
     <input semantic="OUTPUT" source="#jnt_left_handthumb2-Matrix-animation-output-transform"></input>
     <input semantic="INTERPOLATION" source="#jnt_left_handthumb2-Interpolations"></input>
    </sampler>
    <channel source="#jnt_left_handthumb2-Matrix-animation-transform" target="jnt_left_handthumb2/matrix"></channel>
   </animation>
  </animation>
  <animation id="jnt_left_handthumb3-anim" name="jnt_left_handthumb3">
   <animation>
    <source id="jnt_left_handthumb3-Matrix-animation-input">
     <float_array id="jnt_left_handthumb3-Matrix-animation-input-array" count="20">

0.000000 0.033333 0.066667 0.100000 0.133333 0.166667 0.200000 0.233333 0.266667 0.300000 0.333333 0.366667 0.400000 0.433333 0.466667 0.500000
0.533333 0.566667 0.600000 0.633333</float_array>
     <technique_common>
      <accessor source="#jnt_left_handthumb3-Matrix-animation-input-array" count="20">
       <param name="TIME" type="float"></param>
      </accessor>
     </technique_common>
    </source>
    <source id="jnt_left_handthumb3-Matrix-animation-output-transform">
     <float_array id="jnt_left_handthumb3-Matrix-animation-output-transform-array" count="320">

0.957316 0.289044 -0.000001 -0.141879 -0.289044 0.957316 -0.000003 0.000003 0.000000 0.000003 1.000000 -0.000026 0.000000 0.000000 0.000000 1.000000
0.957316 0.289044 -0.000001 -0.141880 -0.289044 0.957316 -0.000003 0.000003 0.000000 0.000003 1.000000 -0.000027 0.000000 0.000000 0.000000 1.000000
0.957316 0.289044 -0.000001 -0.141879 -0.289044 0.957316 -0.000003 0.000003 0.000000 0.000003 1.000000 -0.000027 0.000000 0.000000 0.000000 1.000000
0.957316 0.289044 -0.000001 -0.141879 -0.289044 0.957316 -0.000003 0.000003 0.000000 0.000003 1.000000 -0.000027 0.000000 0.000000 0.000000 1.000000
0.957316 0.289044 -0.000001 -0.141879 -0.289044 0.957316 -0.000003 0.000004 0.000000 0.000003 1.000000 -0.000028 0.000000 0.000000 0.000000 1.000000
0.957316 0.289044 -0.000001 -0.141879 -0.289044 0.957316 -0.000003 0.000003 0.000000 0.000003 1.000000 -0.000027 0.000000 0.000000 0.000000 1.000000
0.957316 0.289044 -0.000001 -0.141879 -0.289044 0.957316 -0.000002 0.000004 0.000000 0.000003 1.000000 -0.000026 0.000000 0.000000 0.000000 1.000000
0.957316 0.289044 -0.000001 -0.141879 -0.289044 0.957316 -0.000003 0.000003 0.000000 0.000003 1.000000 -0.000027 0.000000 0.000000 0.000000 1.000000
0.957316 0.289044 -0.000001 -0.141878 -0.289044 0.957316 -0.000003 0.000004 0.000000 0.000003 1.000000 -0.000028 0.000000 0.000000 0.000000 1.000000
0.957316 0.289044 -0.000001 -0.141879 -0.289044 0.957316 -0.000003 0.000003 0.000000 0.000003 1.000000 -0.000027 0.000000 0.000000 0.000000 1.000000
0.957316 0.289044 -0.000001 -0.141878 -0.289044 0.957316 -0.000003 0.000003 0.000000 0.000003 1.000000 -0.000028 0.000000 0.000000 0.000000 1.000000
0.957316 0.289044 -0.000001 -0.141879 -0.289044 0.957316 -0.000003 0.000003 0.000000 0.000003 1.000000 -0.000027 0.000000 0.000000 0.000000 1.000000
0.957316 0.289044 -0.000001 -0.141879 -0.289044 0.957316 -0.000003 0.000003 0.000000 0.000003 1.000000 -0.000027 0.000000 0.000000 0.000000 1.000000
0.957316 0.289044 -0.000001 -0.141878 -0.289044 0.957316 -0.000003 0.000004 0.000000 0.000003 1.000000 -0.000027 0.000000 0.000000 0.000000 1.000000
0.957316 0.289044 -0.000001 -0.141879 -0.289044 0.957316 -0.000003 0.000003 0.000000 0.000003 1.000000 -0.000027 0.000000 0.000000 0.000000 1.000000
0.957316 0.289044 -0.000001 -0.141879 -0.289044 0.957316 -0.000003 0.000003 0.000000 0.000003 1.000000 -0.000027 0.000000 0.000000 0.000000 1.000000
0.957316 0.289044 -0.000001 -0.141879 -0.289044 0.957316 -0.000003 0.000003 0.000000 0.000003 1.000000 -0.000027 0.000000 0.000000 0.000000 1.000000
0.957316 0.289044 -0.000001 -0.141878 -0.289044 0.957316 -0.000003 0.000003 0.000000 0.000003 1.000000 -0.000027 0.000000 0.000000 0.000000 1.000000
0.957316 0.289044 -0.000001 -0.141879 -0.289044 0.957316 -0.000003 0.000003 0.000000 0.000003 1.000000 -0.000027 0.000000 0.000000 0.000000 1.000000
0.957316 0.289044 -0.000001 -0.141880 -0.289044 0.957316 -0.000003 0.000004 0.000000 0.000003 1.000000 -0.000027 0.000000 0.000000 0.000000 1.000000</float_array>
     <technique_common>
      <accessor source="#jnt_left_handthumb3-Matrix-animation-output-transform-array" count="20" stride="16">
       <param type="float4x4"></param>
      </accessor>
     </technique_common>
    </source>
    <source id="jnt_left_handthumb3-Interpolations">
     <Name_array id="jnt_left_handthumb3-Interpolations-array" count="20">
 LINEAR LINEAR LINEAR LINEAR LINEAR LINEAR LINEAR LINEAR LINEAR LINEAR LINEAR
LINEAR LINEAR LINEAR LINEAR LINEAR LINEAR LINEAR LINEAR LINEAR</Name_array>
     <technique_common>
      <accessor source="#jnt_left_handthumb3-Interpolations-array" count="20">
       <param type="name"></param>
      </accessor>
     </technique_common>
    </source>
    <sampler id="jnt_left_handthumb3-Matrix-animation-transform">
     <input semantic="INPUT" source="#jnt_left_handthumb3-Matrix-animation-input"></input>
     <input semantic="OUTPUT" source="#jnt_left_handthumb3-Matrix-animation-output-transform"></input>
     <input semantic="INTERPOLATION" source="#jnt_left_handthumb3-Interpolations"></input>
    </sampler>
    <channel source="#jnt_left_handthumb3-Matrix-animation-transform" target="jnt_left_handthumb3/matrix"></channel>
   </animation>
  </animation>
  <animation id="jnt_left_handthumb4-anim" name="jnt_left_handthumb4">
   <animation>
    <source id="jnt_left_handthumb4-Matrix-animation-input">
     <float_array id="jnt_left_handthumb4-Matrix-animation-input-array" count="20">

0.000000 0.033333 0.066667 0.100000 0.133333 0.166667 0.200000 0.233333 0.266667 0.300000 0.333333 0.366667 0.400000 0.433333 0.466667 0.500000
0.533333 0.566667 0.600000 0.633333</float_array>
     <technique_common>
      <accessor source="#jnt_left_handthumb4-Matrix-animation-input-array" count="20">
       <param name="TIME" type="float"></param>
      </accessor>
     </technique_common>
    </source>
    <source id="jnt_left_handthumb4-Matrix-animation-output-transform">
     <float_array id="jnt_left_handthumb4-Matrix-animation-output-transform-array" count="320">

1.000000 -0.000000 0.000000 -0.122601 0.000000 1.000000 0.000000 -0.000005 -0.000000 -0.000000 1.000000 0.000005 0.000000 0.000000 0.000000 1.000000
1.000000 -0.000000 0.000000 -0.122601 0.000000 1.000000 0.000000 -0.000006 -0.000000 -0.000000 1.000000 0.000005 0.000000 0.000000 0.000000 1.000000
1.000000 -0.000000 0.000000 -0.122601 0.000000 1.000000 0.000000 -0.000005 -0.000000 -0.000000 1.000000 0.000005 0.000000 0.000000 0.000000 1.000000
1.000000 -0.000000 0.000000 -0.122601 0.000000 1.000000 0.000000 -0.000005 -0.000000 -0.000000 1.000000 0.000005 0.000000 0.000000 0.000000 1.000000
1.000000 -0.000000 0.000000 -0.122601 0.000000 1.000000 0.000000 -0.000005 -0.000000 -0.000000 1.000000 0.000005 0.000000 0.000000 0.000000 1.000000
1.000000 -0.000000 0.000000 -0.122601 0.000000 1.000000 0.000000 -0.000006 -0.000000 -0.000000 1.000000 0.000005 0.000000 0.000000 0.000000 1.000000
1.000000 -0.000000 0.000000 -0.122601 0.000000 1.000000 0.000000 -0.000006 -0.000000 -0.000000 1.000000 0.000005 0.000000 0.000000 0.000000 1.000000
1.000000 -0.000000 0.000000 -0.122601 0.000000 1.000000 0.000000 -0.000006 -0.000000 -0.000000 1.000000 0.000005 0.000000 0.000000 0.000000 1.000000
1.000000 -0.000000 0.000000 -0.122601 0.000000 1.000000 0.000000 -0.000006 -0.000000 -0.000000 1.000000 0.000005 0.000000 0.000000 0.000000 1.000000
1.000000 -0.000000 0.000000 -0.122601 0.000000 1.000000 0.000000 -0.000006 -0.000000 -0.000000 1.000000 0.000005 0.000000 0.000000 0.000000 1.000000
1.000000 -0.000000 0.000000 -0.122601 0.000000 1.000000 0.000000 -0.000006 -0.000000 -0.000000 1.000000 0.000005 0.000000 0.000000 0.000000 1.000000
1.000000 -0.000000 -0.000000 -0.122601 0.000000 1.000000 0.000000 -0.000006 0.000000 -0.000000 1.000000 0.000005 0.000000 0.000000 0.000000 1.000000
1.000000 -0.000000 0.000000 -0.122601 0.000000 1.000000 0.000000 -0.000006 -0.000000 -0.000000 1.000000 0.000005 0.000000 0.000000 0.000000 1.000000
1.000000 -0.000000 0.000000 -0.122601 0.000000 1.000000 0.000000 -0.000006 -0.000000 -0.000000 1.000000 0.000005 0.000000 0.000000 0.000000 1.000000
1.000000 -0.000000 0.000000 -0.122601 0.000000 1.000000 0.000000 -0.000005 -0.000000 -0.000000 1.000000 0.000005 0.000000 0.000000 0.000000 1.000000
1.000000 -0.000000 0.000000 -0.122601 0.000000 1.000000 0.000000 -0.000006 -0.000000 -0.000000 1.000000 0.000005 0.000000 0.000000 0.000000 1.000000
1.000000 -0.000000 -0.000000 -0.122601 0.000000 1.000000 0.000000 -0.000006 0.000000 -0.000000 1.000000 0.000005 0.000000 0.000000 0.000000 1.000000
1.000000 -0.000000 0.000000 -0.122601 0.000000 1.000000 0.000000 -0.000005 -0.000000 -0.000000 1.000000 0.000005 0.000000 0.000000 0.000000 1.000000
1.000000 -0.000000 -0.000000 -0.122601 0.000000 1.000000 0.000000 -0.000006 0.000000 -0.000000 1.000000 0.000005 0.000000 0.000000 0.000000 1.000000
1.000000 -0.000000 0.000000 -0.122601 0.000000 1.000000 0.000000 -0.000005 -0.000000 -0.000000 1.000000 0.000005 0.000000 0.000000 0.000000 1.000000</float_array>
     <technique_common>
      <accessor source="#jnt_left_handthumb4-Matrix-animation-output-transform-array" count="20" stride="16">
       <param type="float4x4"></param>
      </accessor>
     </technique_common>
    </source>
    <source id="jnt_left_handthumb4-Interpolations">
     <Name_array id="jnt_left_handthumb4-Interpolations-array" count="20">
 LINEAR LINEAR LINEAR LINEAR LINEAR LINEAR LINEAR LINEAR LINEAR LINEAR LINEAR
LINEAR LINEAR LINEAR LINEAR LINEAR LINEAR LINEAR LINEAR LINEAR</Name_array>
     <technique_common>
      <accessor source="#jnt_left_handthumb4-Interpolations-array" count="20">
       <param type="name"></param>
      </accessor>
     </technique_common>
    </source>
    <sampler id="jnt_left_handthumb4-Matrix-animation-transform">
     <input semantic="INPUT" source="#jnt_left_handthumb4-Matrix-animation-input"></input>
     <input semantic="OUTPUT" source="#jnt_left_handthumb4-Matrix-animation-output-transform"></input>
     <input semantic="INTERPOLATION" source="#jnt_left_handthumb4-Interpolations"></input>
    </sampler>
    <channel source="#jnt_left_handthumb4-Matrix-animation-transform" target="jnt_left_handthumb4/matrix"></channel>
   </animation>
  </animation>
  <animation id="jnt_left_handindex1-anim" name="jnt_left_handindex1">
   <animation>
    <source id="jnt_left_handindex1-Matrix-animation-input">
     <float_array id="jnt_left_handindex1-Matrix-animation-input-array" count="20">

0.000000 0.033333 0.066667 0.100000 0.133333 0.166667 0.200000 0.233333 0.266667 0.300000 0.333333 0.366667 0.400000 0.433333 0.466667 0.500000
0.533333 0.566667 0.600000 0.633333</float_array>
     <technique_common>
      <accessor source="#jnt_left_handindex1-Matrix-animation-input-array" count="20">
       <param name="TIME" type="float"></param>
      </accessor>
     </technique_common>
    </source>
    <source id="jnt_left_handindex1-Matrix-animation-output-transform">
     <float_array id="jnt_left_handindex1-Matrix-animation-output-transform-array" count="320">

0.803118 0.595024 -0.030790 -0.494376 -0.069847 0.042702 -0.996643 -0.203977 -0.591712 0.802573 0.075855 -0.029846 0.000000 0.000000 0.000000 1.000000
0.803118 0.595024 -0.030790 -0.494375 -0.069847 0.042702 -0.996643 -0.203977 -0.591712 0.802573 0.075855 -0.029848 0.000000 0.000000 0.000000 1.000000
0.803118 0.595024 -0.030790 -0.494375 -0.069847 0.042702 -0.996643 -0.203977 -0.591712 0.802573 0.075856 -0.029847 0.000000 0.000000 0.000000 1.000000
0.803118 0.595024 -0.030790 -0.494375 -0.069847 0.042702 -0.996643 -0.203977 -0.591712 0.802573 0.075855 -0.029848 0.000000 0.000000 0.000000 1.000000
0.803118 0.595024 -0.030790 -0.494375 -0.069847 0.042702 -0.996643 -0.203977 -0.591712 0.802573 0.075855 -0.029847 0.000000 0.000000 0.000000 1.000000
0.803118 0.595024 -0.030790 -0.494375 -0.069847 0.042702 -0.996643 -0.203977 -0.591712 0.802573 0.075855 -0.029847 0.000000 0.000000 0.000000 1.000000
0.803118 0.595024 -0.030790 -0.494375 -0.069847 0.042702 -0.996643 -0.203977 -0.591712 0.802573 0.075855 -0.029847 0.000000 0.000000 0.000000 1.000000
0.803118 0.595024 -0.030790 -0.494375 -0.069847 0.042702 -0.996643 -0.203977 -0.591712 0.802573 0.075855 -0.029848 0.000000 0.000000 0.000000 1.000000
0.803118 0.595024 -0.030790 -0.494375 -0.069847 0.042702 -0.996643 -0.203977 -0.591712 0.802573 0.075855 -0.029847 0.000000 0.000000 0.000000 1.000000
0.803118 0.595024 -0.030790 -0.494374 -0.069847 0.042702 -0.996643 -0.203976 -0.591712 0.802573 0.075855 -0.029848 0.000000 0.000000 0.000000 1.000000
0.803118 0.595024 -0.030790 -0.494375 -0.069847 0.042702 -0.996643 -0.203977 -0.591712 0.802573 0.075855 -0.029847 0.000000 0.000000 0.000000 1.000000
0.803118 0.595024 -0.030790 -0.494375 -0.069847 0.042702 -0.996643 -0.203977 -0.591712 0.802573 0.075855 -0.029847 0.000000 0.000000 0.000000 1.000000
0.803118 0.595024 -0.030790 -0.494375 -0.069847 0.042702 -0.996643 -0.203977 -0.591712 0.802573 0.075855 -0.029847 0.000000 0.000000 0.000000 1.000000
0.803118 0.595024 -0.030790 -0.494375 -0.069847 0.042702 -0.996643 -0.203977 -0.591712 0.802573 0.075855 -0.029847 0.000000 0.000000 0.000000 1.000000
0.803118 0.595024 -0.030790 -0.494375 -0.069847 0.042702 -0.996643 -0.203977 -0.591712 0.802573 0.075855 -0.029847 0.000000 0.000000 0.000000 1.000000
0.803118 0.595024 -0.030790 -0.494376 -0.069847 0.042702 -0.996643 -0.203978 -0.591712 0.802573 0.075856 -0.029847 0.000000 0.000000 0.000000 1.000000
0.803118 0.595024 -0.030790 -0.494375 -0.069847 0.042702 -0.996643 -0.203977 -0.591712 0.802573 0.075855 -0.029848 0.000000 0.000000 0.000000 1.000000
0.803118 0.595024 -0.030790 -0.494375 -0.069847 0.042702 -0.996643 -0.203977 -0.591712 0.802573 0.075855 -0.029847 0.000000 0.000000 0.000000 1.000000
0.803118 0.595024 -0.030790 -0.494375 -0.069847 0.042702 -0.996643 -0.203976 -0.591712 0.802573 0.075855 -0.029848 0.000000 0.000000 0.000000 1.000000
0.803118 0.595024 -0.030790 -0.494375 -0.069847 0.042702 -0.996643 -0.203977 -0.591712 0.802573 0.075855 -0.029847 0.000000 0.000000 0.000000 1.000000</float_array>
     <technique_common>
      <accessor source="#jnt_left_handindex1-Matrix-animation-output-transform-array" count="20" stride="16">
       <param type="float4x4"></param>
      </accessor>
     </technique_common>
    </source>
    <source id="jnt_left_handindex1-Interpolations">
     <Name_array id="jnt_left_handindex1-Interpolations-array" count="20">
 LINEAR LINEAR LINEAR LINEAR LINEAR LINEAR LINEAR LINEAR LINEAR LINEAR LINEAR
LINEAR LINEAR LINEAR LINEAR LINEAR LINEAR LINEAR LINEAR LINEAR</Name_array>
     <technique_common>
      <accessor source="#jnt_left_handindex1-Interpolations-array" count="20">
       <param type="name"></param>
      </accessor>
     </technique_common>
    </source>
    <sampler id="jnt_left_handindex1-Matrix-animation-transform">
     <input semantic="INPUT" source="#jnt_left_handindex1-Matrix-animation-input"></input>
     <input semantic="OUTPUT" source="#jnt_left_handindex1-Matrix-animation-output-transform"></input>
     <input semantic="INTERPOLATION" source="#jnt_left_handindex1-Interpolations"></input>
    </sampler>
    <channel source="#jnt_left_handindex1-Matrix-animation-transform" target="jnt_left_handindex1/matrix"></channel>
   </animation>
  </animation>
  <animation id="jnt_left_handindex2-anim" name="jnt_left_handindex2">
   <animation>
    <source id="jnt_left_handindex2-Matrix-animation-input">
     <float_array id="jnt_left_handindex2-Matrix-animation-input-array" count="20">

0.000000 0.033333 0.066667 0.100000 0.133333 0.166667 0.200000 0.233333 0.266667 0.300000 0.333333 0.366667 0.400000 0.433333 0.466667 0.500000
0.533333 0.566667 0.600000 0.633333</float_array>
     <technique_common>
      <accessor source="#jnt_left_handindex2-Matrix-animation-input-array" count="20">
       <param name="TIME" type="float"></param>
      </accessor>
     </technique_common>
    </source>
    <source id="jnt_left_handindex2-Matrix-animation-output-transform">
     <float_array id="jnt_left_handindex2-Matrix-animation-output-transform-array" count="320">

0.977194 0.212348 -0.000000 -0.145431 -0.212348 0.977194 -0.000000 0.001124 0.000000 0.000000 1.000000 0.000040 0.000000 0.000000 0.000000 1.000000
0.977194 0.212348 -0.000000 -0.145433 -0.212348 0.977194 -0.000000 0.001125 0.000000 0.000001 1.000000 0.000040 0.000000 0.000000 0.000000 1.000000
0.977194 0.212348 -0.000000 -0.145432 -0.212348 0.977194 -0.000000 0.001125 0.000000 0.000001 1.000000 0.000040 0.000000 0.000000 0.000000 1.000000
0.977194 0.212348 -0.000000 -0.145432 -0.212348 0.977194 -0.000001 0.001124 0.000000 0.000001 1.000000 0.000040 0.000000 0.000000 0.000000 1.000000
0.977194 0.212348 -0.000000 -0.145433 -0.212348 0.977194 -0.000001 0.001125 0.000000 0.000001 1.000000 0.000040 0.000000 0.000000 0.000000 1.000000
0.977194 0.212348 -0.000000 -0.145432 -0.212348 0.977194 -0.000000 0.001125 0.000000 0.000001 1.000000 0.000040 0.000000 0.000000 0.000000 1.000000
0.977194 0.212348 -0.000000 -0.145431 -0.212348 0.977194 -0.000000 0.001124 0.000000 0.000001 1.000000 0.000040 0.000000 0.000000 0.000000 1.000000
0.977194 0.212348 -0.000000 -0.145432 -0.212348 0.977194 -0.000000 0.001124 0.000000 0.000001 1.000000 0.000040 0.000000 0.000000 0.000000 1.000000
0.977194 0.212348 -0.000000 -0.145432 -0.212348 0.977194 -0.000000 0.001125 0.000000 0.000001 1.000000 0.000040 0.000000 0.000000 0.000000 1.000000
0.977194 0.212348 -0.000000 -0.145431 -0.212348 0.977194 -0.000000 0.001124 0.000000 0.000001 1.000000 0.000040 0.000000 0.000000 0.000000 1.000000
0.977194 0.212348 -0.000000 -0.145431 -0.212348 0.977194 -0.000000 0.001125 0.000000 0.000001 1.000000 0.000040 0.000000 0.000000 0.000000 1.000000
0.977194 0.212348 -0.000000 -0.145432 -0.212348 0.977194 -0.000000 0.001124 0.000000 0.000001 1.000000 0.000040 0.000000 0.000000 0.000000 1.000000
0.977194 0.212348 -0.000000 -0.145432 -0.212348 0.977194 -0.000000 0.001125 0.000000 0.000001 1.000000 0.000040 0.000000 0.000000 0.000000 1.000000
0.977194 0.212348 -0.000000 -0.145433 -0.212348 0.977194 -0.000001 0.001125 0.000000 0.000001 1.000000 0.000040 0.000000 0.000000 0.000000 1.000000
0.977194 0.212348 -0.000000 -0.145432 -0.212348 0.977194 -0.000001 0.001125 0.000000 0.000001 1.000000 0.000040 0.000000 0.000000 0.000000 1.000000
0.977194 0.212348 -0.000000 -0.145431 -0.212348 0.977194 -0.000000 0.001124 0.000000 0.000001 1.000000 0.000040 0.000000 0.000000 0.000000 1.000000
0.977194 0.212348 -0.000000 -0.145431 -0.212348 0.977194 -0.000000 0.001124 0.000000 0.000001 1.000000 0.000040 0.000000 0.000000 0.000000 1.000000
0.977194 0.212348 -0.000000 -0.145432 -0.212348 0.977194 -0.000000 0.001125 0.000000 0.000001 1.000000 0.000040 0.000000 0.000000 0.000000 1.000000
0.977194 0.212348 -0.000000 -0.145432 -0.212348 0.977194 -0.000000 0.001125 0.000000 0.000001 1.000000 0.000040 0.000000 0.000000 0.000000 1.000000
0.977194 0.212348 -0.000000 -0.145433 -0.212348 0.977194 -0.000001 0.001125 0.000000 0.000001 1.000000 0.000040 0.000000 0.000000 0.000000 1.000000</float_array>
     <technique_common>
      <accessor source="#jnt_left_handindex2-Matrix-animation-output-transform-array" count="20" stride="16">
       <param type="float4x4"></param>
      </accessor>
     </technique_common>
    </source>
    <source id="jnt_left_handindex2-Interpolations">
     <Name_array id="jnt_left_handindex2-Interpolations-array" count="20">
 LINEAR LINEAR LINEAR LINEAR LINEAR LINEAR LINEAR LINEAR LINEAR LINEAR LINEAR
LINEAR LINEAR LINEAR LINEAR LINEAR LINEAR LINEAR LINEAR LINEAR</Name_array>
     <technique_common>
      <accessor source="#jnt_left_handindex2-Interpolations-array" count="20">
       <param type="name"></param>
      </accessor>
     </technique_common>
    </source>
    <sampler id="jnt_left_handindex2-Matrix-animation-transform">
     <input semantic="INPUT" source="#jnt_left_handindex2-Matrix-animation-input"></input>
     <input semantic="OUTPUT" source="#jnt_left_handindex2-Matrix-animation-output-transform"></input>
     <input semantic="INTERPOLATION" source="#jnt_left_handindex2-Interpolations"></input>
    </sampler>
    <channel source="#jnt_left_handindex2-Matrix-animation-transform" target="jnt_left_handindex2/matrix"></channel>
   </animation>
  </animation>
  <animation id="jnt_left_handindex3-anim" name="jnt_left_handindex3">
   <animation>
    <source id="jnt_left_handindex3-Matrix-animation-input">
     <float_array id="jnt_left_handindex3-Matrix-animation-input-array" count="20">

0.000000 0.033333 0.066667 0.100000 0.133333 0.166667 0.200000 0.233333 0.266667 0.300000 0.333333 0.366667 0.400000 0.433333 0.466667 0.500000
0.533333 0.566667 0.600000 0.633333</float_array>
     <technique_common>
      <accessor source="#jnt_left_handindex3-Matrix-animation-input-array" count="20">
       <param name="TIME" type="float"></param>
      </accessor>
     </technique_common>
    </source>
    <source id="jnt_left_handindex3-Matrix-animation-output-transform">
     <float_array id="jnt_left_handindex3-Matrix-animation-output-transform-array" count="320">

0.999087 0.042728 -0.000000 -0.093752 -0.042728 0.999087 0.000001 0.000003 0.000000 -0.000001 1.000000 0.000000 0.000000 0.000000 0.000000 1.000000
0.999087 0.042728 -0.000000 -0.093752 -0.042728 0.999087 0.000001 0.000003 0.000000 -0.000001 1.000000 -0.000001 0.000000 0.000000 0.000000 1.000000
0.999087 0.042728 -0.000000 -0.093751 -0.042728 0.999087 0.000001 0.000003 0.000000 -0.000001 1.000000 -0.000000 0.000000 0.000000 0.000000 1.000000
0.999087 0.042728 -0.000000 -0.093752 -0.042728 0.999087 0.000001 0.000003 0.000000 -0.000001 1.000000 -0.000000 0.000000 0.000000 0.000000 1.000000
0.999087 0.042728 -0.000000 -0.093752 -0.042728 0.999087 0.000001 0.000003 0.000000 -0.000001 1.000000 -0.000000 0.000000 0.000000 0.000000 1.000000
0.999087 0.042728 -0.000000 -0.093752 -0.042728 0.999087 0.000001 0.000003 0.000000 -0.000001 1.000000 0.000000 0.000000 0.000000 0.000000 1.000000
0.999087 0.042728 -0.000000 -0.093752 -0.042728 0.999086 0.000001 0.000003 0.000000 -0.000001 1.000000 0.000000 0.000000 0.000000 0.000000 1.000000
0.999087 0.042728 -0.000000 -0.093751 -0.042728 0.999087 0.000001 0.000003 0.000000 -0.000001 1.000000 0.000000 0.000000 0.000000 0.000000 1.000000
0.999087 0.042728 -0.000000 -0.093753 -0.042728 0.999087 0.000001 0.000003 0.000000 -0.000001 1.000000 -0.000000 0.000000 0.000000 0.000000 1.000000
0.999087 0.042728 -0.000000 -0.093752 -0.042728 0.999087 0.000001 0.000003 0.000000 -0.000001 1.000000 0.000000 0.000000 0.000000 0.000000 1.000000
0.999087 0.042728 -0.000000 -0.093752 -0.042728 0.999086 0.000001 0.000003 0.000000 -0.000001 1.000000 -0.000000 0.000000 0.000000 0.000000 1.000000
0.999087 0.042728 -0.000000 -0.093752 -0.042728 0.999087 0.000001 0.000003 0.000000 -0.000001 1.000000 0.000000 0.000000 0.000000 0.000000 1.000000
0.999087 0.042728 -0.000000 -0.093751 -0.042728 0.999086 0.000001 0.000003 0.000000 -0.000001 1.000000 -0.000000 0.000000 0.000000 0.000000 1.000000
0.999087 0.042728 -0.000000 -0.093752 -0.042728 0.999087 0.000001 0.000003 0.000000 -0.000001 1.000000 -0.000000 0.000000 0.000000 0.000000 1.000000
0.999087 0.042728 -0.000000 -0.093751 -0.042728 0.999087 0.000001 0.000003 0.000000 -0.000001 1.000000 -0.000000 0.000000 0.000000 0.000000 1.000000
0.999087 0.042728 -0.000000 -0.093753 -0.042728 0.999087 0.000001 0.000003 0.000000 -0.000001 1.000000 0.000000 0.000000 0.000000 0.000000 1.000000
0.999087 0.042728 -0.000000 -0.093753 -0.042728 0.999087 0.000001 0.000003 0.000000 -0.000001 1.000000 0.000000 0.000000 0.000000 0.000000 1.000000
0.999087 0.042728 -0.000000 -0.093752 -0.042728 0.999087 0.000001 0.000003 0.000000 -0.000001 1.000000 0.000000 0.000000 0.000000 0.000000 1.000000
0.999087 0.042728 -0.000000 -0.093753 -0.042728 0.999086 0.000001 0.000003 0.000000 -0.000001 1.000000 0.000000 0.000000 0.000000 0.000000 1.000000
0.999087 0.042728 -0.000000 -0.093752 -0.042728 0.999087 0.000001 0.000003 0.000000 -0.000001 1.000000 0.000000 0.000000 0.000000 0.000000 1.000000</float_array>
     <technique_common>
      <accessor source="#jnt_left_handindex3-Matrix-animation-output-transform-array" count="20" stride="16">
       <param type="float4x4"></param>
      </accessor>
     </technique_common>
    </source>
    <source id="jnt_left_handindex3-Interpolations">
     <Name_array id="jnt_left_handindex3-Interpolations-array" count="20">
 LINEAR LINEAR LINEAR LINEAR LINEAR LINEAR LINEAR LINEAR LINEAR LINEAR LINEAR
LINEAR LINEAR LINEAR LINEAR LINEAR LINEAR LINEAR LINEAR LINEAR</Name_array>
     <technique_common>
      <accessor source="#jnt_left_handindex3-Interpolations-array" count="20">
       <param type="name"></param>
      </accessor>
     </technique_common>
    </source>
    <sampler id="jnt_left_handindex3-Matrix-animation-transform">
     <input semantic="INPUT" source="#jnt_left_handindex3-Matrix-animation-input"></input>
     <input semantic="OUTPUT" source="#jnt_left_handindex3-Matrix-animation-output-transform"></input>
     <input semantic="INTERPOLATION" source="#jnt_left_handindex3-Interpolations"></input>
    </sampler>
    <channel source="#jnt_left_handindex3-Matrix-animation-transform" target="jnt_left_handindex3/matrix"></channel>
   </animation>
  </animation>
  <animation id="jnt_left_handindex4-anim" name="jnt_left_handindex4">
   <animation>
    <source id="jnt_left_handindex4-Matrix-animation-input">
     <float_array id="jnt_left_handindex4-Matrix-animation-input-array" count="20">

0.000000 0.033333 0.066667 0.100000 0.133333 0.166667 0.200000 0.233333 0.266667 0.300000 0.333333 0.366667 0.400000 0.433333 0.466667 0.500000
0.533333 0.566667 0.600000 0.633333</float_array>
     <technique_common>
      <accessor source="#jnt_left_handindex4-Matrix-animation-input-array" count="20">
       <param name="TIME" type="float"></param>
      </accessor>
     </technique_common>
    </source>
    <source id="jnt_left_handindex4-Matrix-animation-output-transform">
     <float_array id="jnt_left_handindex4-Matrix-animation-output-transform-array" count="320">

1.000000 0.000000 -0.000000 -0.107084 -0.000000 1.000000 -0.000000 0.000049 0.000000 0.000000 1.000000 -0.001504 0.000000 0.000000 0.000000 1.000000
1.000000 0.000000 0.000000 -0.107084 -0.000000 1.000000 0.000000 0.000049 -0.000000 -0.000000 1.000000 -0.001504 0.000000 0.000000 0.000000 1.000000
1.000000 -0.000000 -0.000000 -0.107084 0.000000 1.000000 0.000000 0.000049 0.000000 -0.000000 1.000000 -0.001504 0.000000 0.000000 0.000000 1.000000
1.000000 -0.000000 0.000000 -0.107084 0.000000 1.000000 0.000000 0.000048 -0.000000 -0.000000 1.000000 -0.001504 0.000000 0.000000 0.000000 1.000000
1.000000 0.000000 0.000000 -0.107084 -0.000000 1.000000 -0.000000 0.000048 -0.000000 0.000000 1.000000 -0.001504 0.000000 0.000000 0.000000 1.000000
1.000000 -0.000000 0.000000 -0.107084 0.000000 1.000000 0.000000 0.000049 -0.000000 -0.000000 1.000000 -0.001504 0.000000 0.000000 0.000000 1.000000
1.000000 0.000000 -0.000000 -0.107084 -0.000000 1.000000 0.000000 0.000049 0.000000 -0.000000 1.000000 -0.001504 0.000000 0.000000 0.000000 1.000000
1.000000 -0.000000 -0.000000 -0.107084 0.000000 1.000000 -0.000000 0.000048 0.000000 0.000000 1.000000 -0.001504 0.000000 0.000000 0.000000 1.000000
1.000000 -0.000000 -0.000000 -0.107084 0.000000 1.000000 -0.000000 0.000048 0.000000 0.000000 1.000000 -0.001504 0.000000 0.000000 0.000000 1.000000
1.000000 -0.000000 -0.000000 -0.107084 0.000000 1.000000 0.000000 0.000049 0.000000 -0.000000 1.000000 -0.001504 0.000000 0.000000 0.000000 1.000000
1.000000 -0.000000 0.000000 -0.107084 0.000000 1.000000 0.000000 0.000049 -0.000000 -0.000000 1.000000 -0.001504 0.000000 0.000000 0.000000 1.000000
1.000000 -0.000000 0.000000 -0.107084 0.000000 1.000000 -0.000000 0.000048 -0.000000 0.000000 1.000000 -0.001504 0.000000 0.000000 0.000000 1.000000
1.000000 0.000000 -0.000000 -0.107084 -0.000000 1.000000 -0.000000 0.000048 0.000000 0.000000 1.000000 -0.001504 0.000000 0.000000 0.000000 1.000000
1.000000 -0.000000 -0.000000 -0.107084 0.000000 1.000000 0.000000 0.000048 0.000000 -0.000000 1.000000 -0.001504 0.000000 0.000000 0.000000 1.000000
1.000000 -0.000000 -0.000000 -0.107085 0.000000 1.000000 0.000000 0.000049 0.000000 -0.000000 1.000000 -0.001504 0.000000 0.000000 0.000000 1.000000
1.000000 -0.000000 -0.000000 -0.107084 0.000000 1.000000 0.000000 0.000049 0.000000 -0.000000 1.000000 -0.001504 0.000000 0.000000 0.000000 1.000000
1.000000 -0.000000 -0.000000 -0.107084 0.000000 1.000000 0.000000 0.000048 0.000000 -0.000000 1.000000 -0.001504 0.000000 0.000000 0.000000 1.000000
1.000000 0.000000 0.000000 -0.107084 -0.000000 1.000000 0.000000 0.000049 -0.000000 -0.000000 1.000000 -0.001504 0.000000 0.000000 0.000000 1.000000
1.000000 0.000000 0.000000 -0.107084 0.000000 1.000000 -0.000000 0.000048 -0.000000 0.000000 1.000000 -0.001504 0.000000 0.000000 0.000000 1.000000
1.000000 -0.000000 -0.000000 -0.107084 0.000000 1.000000 -0.000000 0.000049 0.000000 0.000000 1.000000 -0.001504 0.000000 0.000000 0.000000 1.000000</float_array>
     <technique_common>
      <accessor source="#jnt_left_handindex4-Matrix-animation-output-transform-array" count="20" stride="16">
       <param type="float4x4"></param>
      </accessor>
     </technique_common>
    </source>
    <source id="jnt_left_handindex4-Interpolations">
     <Name_array id="jnt_left_handindex4-Interpolations-array" count="20">
 LINEAR LINEAR LINEAR LINEAR LINEAR LINEAR LINEAR LINEAR LINEAR LINEAR LINEAR
LINEAR LINEAR LINEAR LINEAR LINEAR LINEAR LINEAR LINEAR LINEAR</Name_array>
     <technique_common>
      <accessor source="#jnt_left_handindex4-Interpolations-array" count="20">
       <param type="name"></param>
      </accessor>
     </technique_common>
    </source>
    <sampler id="jnt_left_handindex4-Matrix-animation-transform">
     <input semantic="INPUT" source="#jnt_left_handindex4-Matrix-animation-input"></input>
     <input semantic="OUTPUT" source="#jnt_left_handindex4-Matrix-animation-output-transform"></input>
     <input semantic="INTERPOLATION" source="#jnt_left_handindex4-Interpolations"></input>
    </sampler>
    <channel source="#jnt_left_handindex4-Matrix-animation-transform" target="jnt_left_handindex4/matrix"></channel>
   </animation>
  </animation>
  <animation id="jnt_left_weapon-anim" name="jnt_left_weapon">
   <animation>
    <source id="jnt_left_weapon-Matrix-animation-input">
     <float_array id="jnt_left_weapon-Matrix-animation-input-array" count="20">

0.000000 0.033333 0.066667 0.100000 0.133333 0.166667 0.200000 0.233333 0.266667 0.300000 0.333333 0.366667 0.400000 0.433333 0.466667 0.500000
0.533333 0.566667 0.600000 0.633333</float_array>
     <technique_common>
      <accessor source="#jnt_left_weapon-Matrix-animation-input-array" count="20">
       <param name="TIME" type="float"></param>
      </accessor>
     </technique_common>
    </source>
    <source id="jnt_left_weapon-Matrix-animation-output-transform">
     <float_array id="jnt_left_weapon-Matrix-animation-output-transform-array" count="320">

-0.068652 -0.108938 -0.991680 -0.369354 0.108715 -0.988918 0.101110 -0.054074 -0.991705 -0.100868 0.079734 0.296616 0.000000 0.000000 0.000000 1.000000
-0.068652 -0.108938 -0.991680 -0.369354 0.108715 -0.988918 0.101110 -0.054074 -0.991705 -0.100868 0.079734 0.296616 0.000000 0.000000 0.000000 1.000000
-0.068652 -0.108939 -0.991679 -0.369354 0.108715 -0.988918 0.101111 -0.054074 -0.991705 -0.100868 0.079735 0.296616 0.000000 0.000000 0.000000 1.000000
-0.068652 -0.108938 -0.991680 -0.369353 0.108715 -0.988918 0.101110 -0.054074 -0.991705 -0.100868 0.079734 0.296615 0.000000 0.000000 0.000000 1.000000
-0.068652 -0.108938 -0.991680 -0.369354 0.108715 -0.988918 0.101110 -0.054074 -0.991705 -0.100868 0.079734 0.296616 0.000000 0.000000 0.000000 1.000000
-0.068652 -0.108938 -0.991680 -0.369354 0.108715 -0.988918 0.101110 -0.054074 -0.991705 -0.100868 0.079734 0.296616 0.000000 0.000000 0.000000 1.000000
-0.068652 -0.108939 -0.991679 -0.369354 0.108715 -0.988918 0.101111 -0.054074 -0.991705 -0.100868 0.079734 0.296616 0.000000 0.000000 0.000000 1.000000
-0.068652 -0.108939 -0.991679 -0.369354 0.108715 -0.988918 0.101111 -0.054074 -0.991705 -0.100868 0.079734 0.296616 0.000000 0.000000 0.000000 1.000000
-0.068652 -0.108938 -0.991680 -0.369354 0.108715 -0.988918 0.101110 -0.054074 -0.991705 -0.100868 0.079734 0.296616 0.000000 0.000000 0.000000 1.000000
-0.068652 -0.108938 -0.991679 -0.369354 0.108715 -0.988918 0.101110 -0.054074 -0.991705 -0.100868 0.079734 0.296616 0.000000 0.000000 0.000000 1.000000
-0.068652 -0.108938 -0.991679 -0.369354 0.108715 -0.988918 0.101110 -0.054074 -0.991705 -0.100868 0.079734 0.296616 0.000000 0.000000 0.000000 1.000000
-0.068652 -0.108939 -0.991679 -0.369354 0.108715 -0.988918 0.101111 -0.054074 -0.991705 -0.100868 0.079735 0.296616 0.000000 0.000000 0.000000 1.000000
-0.068652 -0.108939 -0.991679 -0.369354 0.108715 -0.988918 0.101111 -0.054074 -0.991705 -0.100868 0.079734 0.296616 0.000000 0.000000 0.000000 1.000000
-0.068652 -0.108939 -0.991679 -0.369354 0.108715 -0.988918 0.101111 -0.054074 -0.991705 -0.100868 0.079734 0.296616 0.000000 0.000000 0.000000 1.000000
-0.068652 -0.108939 -0.991679 -0.369354 0.108715 -0.988918 0.101111 -0.054074 -0.991705 -0.100868 0.079734 0.296616 0.000000 0.000000 0.000000 1.000000
-0.068652 -0.108938 -0.991680 -0.369354 0.108715 -0.988918 0.101110 -0.054074 -0.991705 -0.100868 0.079734 0.296616 0.000000 0.000000 0.000000 1.000000
-0.068652 -0.108939 -0.991679 -0.369354 0.108715 -0.988918 0.101111 -0.054074 -0.991705 -0.100868 0.079734 0.296616 0.000000 0.000000 0.000000 1.000000
-0.068652 -0.108939 -0.991679 -0.369354 0.108715 -0.988918 0.101111 -0.054074 -0.991705 -0.100868 0.079734 0.296616 0.000000 0.000000 0.000000 1.000000
-0.068652 -0.108939 -0.991679 -0.369354 0.108715 -0.988918 0.101111 -0.054074 -0.991705 -0.100868 0.079735 0.296616 0.000000 0.000000 0.000000 1.000000
-0.068652 -0.108939 -0.991679 -0.369354 0.108715 -0.988918 0.101111 -0.054074 -0.991705 -0.100868 0.079734 0.296616 0.000000 0.000000 0.000000 1.000000</float_array>
     <technique_common>
      <accessor source="#jnt_left_weapon-Matrix-animation-output-transform-array" count="20" stride="16">
       <param type="float4x4"></param>
      </accessor>
     </technique_common>
    </source>
    <source id="jnt_left_weapon-Interpolations">
     <Name_array id="jnt_left_weapon-Interpolations-array" count="20">
 LINEAR LINEAR LINEAR LINEAR LINEAR LINEAR LINEAR LINEAR LINEAR LINEAR LINEAR
LINEAR LINEAR LINEAR LINEAR LINEAR LINEAR LINEAR LINEAR LINEAR</Name_array>
     <technique_common>
      <accessor source="#jnt_left_weapon-Interpolations-array" count="20">
       <param type="name"></param>
      </accessor>
     </technique_common>
    </source>
    <sampler id="jnt_left_weapon-Matrix-animation-transform">
     <input semantic="INPUT" source="#jnt_left_weapon-Matrix-animation-input"></input>
     <input semantic="OUTPUT" source="#jnt_left_weapon-Matrix-animation-output-transform"></input>
     <input semantic="INTERPOLATION" source="#jnt_left_weapon-Interpolations"></input>
    </sampler>
    <channel source="#jnt_left_weapon-Matrix-animation-transform" target="jnt_left_weapon/matrix"></channel>
   </animation>
  </animation>
  <animation id="jnt_left_handmiddle1-anim" name="jnt_left_handmiddle1">
   <animation>
    <source id="jnt_left_handmiddle1-Matrix-animation-input">
     <float_array id="jnt_left_handmiddle1-Matrix-animation-input-array" count="20">

0.000000 0.033333 0.066667 0.100000 0.133333 0.166667 0.200000 0.233333 0.266667 0.300000 0.333333 0.366667 0.400000 0.433333 0.466667 0.500000
0.533333 0.566667 0.600000 0.633333</float_array>
     <technique_common>
      <accessor source="#jnt_left_handmiddle1-Matrix-animation-input-array" count="20">
       <param name="TIME" type="float"></param>
      </accessor>
     </technique_common>
    </source>
    <source id="jnt_left_handmiddle1-Matrix-animation-output-transform">
     <float_array id="jnt_left_handmiddle1-Matrix-animation-output-transform-array" count="320">

0.640058 0.767591 -0.033615 -0.489248 0.010231 -0.052262 -0.998581 -0.062067 -0.768259 0.638806 -0.041303 -0.036308 0.000000 0.000000 0.000000 1.000000
0.640058 0.767591 -0.033615 -0.489248 0.010231 -0.052262 -0.998581 -0.062066 -0.768259 0.638806 -0.041303 -0.036308 0.000000 0.000000 0.000000 1.000000
0.640058 0.767591 -0.033615 -0.489247 0.010231 -0.052262 -0.998581 -0.062066 -0.768259 0.638806 -0.041303 -0.036309 0.000000 0.000000 0.000000 1.000000
0.640058 0.767591 -0.033615 -0.489247 0.010231 -0.052262 -0.998581 -0.062066 -0.768259 0.638806 -0.041303 -0.036309 0.000000 0.000000 0.000000 1.000000
0.640058 0.767591 -0.033615 -0.489248 0.010231 -0.052262 -0.998581 -0.062065 -0.768259 0.638806 -0.041303 -0.036308 0.000000 0.000000 0.000000 1.000000
0.640058 0.767591 -0.033615 -0.489247 0.010231 -0.052262 -0.998581 -0.062066 -0.768259 0.638806 -0.041303 -0.036308 0.000000 0.000000 0.000000 1.000000
0.640058 0.767591 -0.033615 -0.489248 0.010231 -0.052262 -0.998581 -0.062066 -0.768259 0.638806 -0.041303 -0.036308 0.000000 0.000000 0.000000 1.000000
0.640058 0.767591 -0.033615 -0.489248 0.010230 -0.052262 -0.998581 -0.062066 -0.768259 0.638806 -0.041303 -0.036308 0.000000 0.000000 0.000000 1.000000
0.640058 0.767591 -0.033615 -0.489248 0.010231 -0.052262 -0.998581 -0.062065 -0.768259 0.638806 -0.041303 -0.036308 0.000000 0.000000 0.000000 1.000000
0.640058 0.767591 -0.033615 -0.489248 0.010231 -0.052262 -0.998581 -0.062066 -0.768259 0.638806 -0.041303 -0.036308 0.000000 0.000000 0.000000 1.000000
0.640058 0.767591 -0.033615 -0.489248 0.010231 -0.052262 -0.998581 -0.062066 -0.768259 0.638806 -0.041303 -0.036309 0.000000 0.000000 0.000000 1.000000
0.640058 0.767591 -0.033615 -0.489248 0.010231 -0.052262 -0.998581 -0.062066 -0.768259 0.638806 -0.041303 -0.036308 0.000000 0.000000 0.000000 1.000000
0.640058 0.767591 -0.033615 -0.489248 0.010231 -0.052262 -0.998581 -0.062066 -0.768259 0.638806 -0.041303 -0.036308 0.000000 0.000000 0.000000 1.000000
0.640058 0.767591 -0.033615 -0.489249 0.010231 -0.052262 -0.998581 -0.062066 -0.768259 0.638806 -0.041303 -0.036308 0.000000 0.000000 0.000000 1.000000
0.640058 0.767591 -0.033615 -0.489248 0.010231 -0.052262 -0.998581 -0.062066 -0.768259 0.638806 -0.041303 -0.036309 0.000000 0.000000 0.000000 1.000000
0.640058 0.767591 -0.033615 -0.489248 0.010231 -0.052262 -0.998581 -0.062066 -0.768258 0.638806 -0.041303 -0.036308 0.000000 0.000000 0.000000 1.000000
0.640058 0.767591 -0.033615 -0.489248 0.010230 -0.052262 -0.998581 -0.062066 -0.768259 0.638806 -0.041303 -0.036308 0.000000 0.000000 0.000000 1.000000
0.640058 0.767591 -0.033615 -0.489248 0.010231 -0.052262 -0.998581 -0.062066 -0.768259 0.638806 -0.041303 -0.036308 0.000000 0.000000 0.000000 1.000000
0.640058 0.767591 -0.033615 -0.489248 0.010231 -0.052262 -0.998581 -0.062066 -0.768258 0.638806 -0.041303 -0.036308 0.000000 0.000000 0.000000 1.000000
0.640058 0.767591 -0.033615 -0.489249 0.010231 -0.052262 -0.998581 -0.062067 -0.768259 0.638806 -0.041303 -0.036309 0.000000 0.000000 0.000000 1.000000</float_array>
     <technique_common>
      <accessor source="#jnt_left_handmiddle1-Matrix-animation-output-transform-array" count="20" stride="16">
       <param type="float4x4"></param>
      </accessor>
     </technique_common>
    </source>
    <source id="jnt_left_handmiddle1-Interpolations">
     <Name_array id="jnt_left_handmiddle1-Interpolations-array" count="20">
 LINEAR LINEAR LINEAR LINEAR LINEAR LINEAR LINEAR LINEAR LINEAR LINEAR LINEAR
LINEAR LINEAR LINEAR LINEAR LINEAR LINEAR LINEAR LINEAR LINEAR</Name_array>
     <technique_common>
      <accessor source="#jnt_left_handmiddle1-Interpolations-array" count="20">
       <param type="name"></param>
      </accessor>
     </technique_common>
    </source>
    <sampler id="jnt_left_handmiddle1-Matrix-animation-transform">
     <input semantic="INPUT" source="#jnt_left_handmiddle1-Matrix-animation-input"></input>
     <input semantic="OUTPUT" source="#jnt_left_handmiddle1-Matrix-animation-output-transform"></input>
     <input semantic="INTERPOLATION" source="#jnt_left_handmiddle1-Interpolations"></input>
    </sampler>
    <channel source="#jnt_left_handmiddle1-Matrix-animation-transform" target="jnt_left_handmiddle1/matrix"></channel>
   </animation>
  </animation>
  <animation id="jnt_left_handmiddle2-anim" name="jnt_left_handmiddle2">
   <animation>
    <source id="jnt_left_handmiddle2-Matrix-animation-input">
     <float_array id="jnt_left_handmiddle2-Matrix-animation-input-array" count="20">

0.000000 0.033333 0.066667 0.100000 0.133333 0.166667 0.200000 0.233333 0.266667 0.300000 0.333333 0.366667 0.400000 0.433333 0.466667 0.500000
0.533333 0.566667 0.600000 0.633333</float_array>
     <technique_common>
      <accessor source="#jnt_left_handmiddle2-Matrix-animation-input-array" count="20">
       <param name="TIME" type="float"></param>
      </accessor>
     </technique_common>
    </source>
    <source id="jnt_left_handmiddle2-Matrix-animation-output-transform">
     <float_array id="jnt_left_handmiddle2-Matrix-animation-output-transform-array" count="320">

0.910363 0.413810 -0.000000 -0.176688 -0.413810 0.910363 0.000000 0.000003 0.000000 -0.000000 1.000000 0.000000 0.000000 0.000000 0.000000 1.000000
0.910363 0.413810 -0.000000 -0.176688 -0.413810 0.910363 0.000000 0.000004 0.000000 0.000000 1.000000 0.000000 0.000000 0.000000 0.000000 1.000000
0.910363 0.413810 -0.000000 -0.176688 -0.413810 0.910364 0.000000 0.000004 0.000000 -0.000000 1.000000 0.000000 0.000000 0.000000 0.000000 1.000000
0.910363 0.413810 -0.000000 -0.176688 -0.413810 0.910363 0.000000 0.000003 0.000000 0.000000 1.000000 -0.000001 0.000000 0.000000 0.000000 1.000000
0.910363 0.413810 -0.000000 -0.176688 -0.413810 0.910363 0.000000 0.000003 0.000000 0.000000 1.000000 0.000000 0.000000 0.000000 0.000000 1.000000
0.910363 0.413810 -0.000000 -0.176688 -0.413810 0.910363 0.000000 0.000003 0.000000 0.000000 1.000000 -0.000000 0.000000 0.000000 0.000000 1.000000
0.910363 0.413810 -0.000000 -0.176689 -0.413810 0.910363 0.000000 0.000003 0.000000 0.000000 1.000000 0.000000 0.000000 0.000000 0.000000 1.000000
0.910363 0.413810 -0.000000 -0.176688 -0.413810 0.910363 0.000000 0.000004 0.000000 0.000000 1.000000 0.000001 0.000000 0.000000 0.000000 1.000000
0.910363 0.413810 -0.000000 -0.176689 -0.413810 0.910363 0.000000 0.000003 0.000000 0.000000 1.000000 -0.000001 0.000000 0.000000 0.000000 1.000000
0.910363 0.413810 -0.000000 -0.176687 -0.413810 0.910363 0.000000 0.000003 0.000000 -0.000000 1.000000 -0.000000 0.000000 0.000000 0.000000 1.000000
0.910363 0.413810 -0.000000 -0.176688 -0.413810 0.910363 0.000000 0.000004 0.000000 0.000000 1.000000 -0.000000 0.000000 0.000000 0.000000 1.000000
0.910363 0.413810 -0.000000 -0.176687 -0.413810 0.910363 0.000000 0.000003 0.000000 0.000000 1.000000 -0.000000 0.000000 0.000000 0.000000 1.000000
0.910363 0.413810 -0.000000 -0.176687 -0.413810 0.910363 0.000000 0.000004 0.000000 0.000000 1.000000 -0.000000 0.000000 0.000000 0.000000 1.000000
0.910363 0.413810 -0.000000 -0.176688 -0.413810 0.910363 0.000000 0.000003 0.000000 -0.000000 1.000000 -0.000001 0.000000 0.000000 0.000000 1.000000
0.910363 0.413810 -0.000000 -0.176687 -0.413810 0.910363 0.000000 0.000003 0.000000 0.000000 1.000000 0.000000 0.000000 0.000000 0.000000 1.000000
0.910363 0.413810 -0.000000 -0.176689 -0.413810 0.910363 0.000000 0.000004 0.000000 -0.000000 1.000000 -0.000000 0.000000 0.000000 0.000000 1.000000
0.910363 0.413810 -0.000000 -0.176689 -0.413810 0.910363 0.000000 0.000004 0.000000 0.000000 1.000000 -0.000000 0.000000 0.000000 0.000000 1.000000
0.910363 0.413810 -0.000000 -0.176688 -0.413810 0.910363 0.000000 0.000004 0.000000 0.000000 1.000000 -0.000000 0.000000 0.000000 0.000000 1.000000
0.910363 0.413810 -0.000000 -0.176688 -0.413810 0.910364 0.000000 0.000003 0.000000 0.000000 1.000000 0.000000 0.000000 0.000000 0.000000 1.000000
0.910363 0.413810 -0.000000 -0.176687 -0.413810 0.910363 0.000000 0.000003 0.000000 0.000000 1.000000 0.000000 0.000000 0.000000 0.000000 1.000000</float_array>
     <technique_common>
      <accessor source="#jnt_left_handmiddle2-Matrix-animation-output-transform-array" count="20" stride="16">
       <param type="float4x4"></param>
      </accessor>
     </technique_common>
    </source>
    <source id="jnt_left_handmiddle2-Interpolations">
     <Name_array id="jnt_left_handmiddle2-Interpolations-array" count="20">
 LINEAR LINEAR LINEAR LINEAR LINEAR LINEAR LINEAR LINEAR LINEAR LINEAR LINEAR
LINEAR LINEAR LINEAR LINEAR LINEAR LINEAR LINEAR LINEAR LINEAR</Name_array>
     <technique_common>
      <accessor source="#jnt_left_handmiddle2-Interpolations-array" count="20">
       <param type="name"></param>
      </accessor>
     </technique_common>
    </source>
    <sampler id="jnt_left_handmiddle2-Matrix-animation-transform">
     <input semantic="INPUT" source="#jnt_left_handmiddle2-Matrix-animation-input"></input>
     <input semantic="OUTPUT" source="#jnt_left_handmiddle2-Matrix-animation-output-transform"></input>
     <input semantic="INTERPOLATION" source="#jnt_left_handmiddle2-Interpolations"></input>
    </sampler>
    <channel source="#jnt_left_handmiddle2-Matrix-animation-transform" target="jnt_left_handmiddle2/matrix"></channel>
   </animation>
  </animation>
  <animation id="jnt_left_handmiddle3-anim" name="jnt_left_handmiddle3">
   <animation>
    <source id="jnt_left_handmiddle3-Matrix-animation-input">
     <float_array id="jnt_left_handmiddle3-Matrix-animation-input-array" count="20">

0.000000 0.033333 0.066667 0.100000 0.133333 0.166667 0.200000 0.233333 0.266667 0.300000 0.333333 0.366667 0.400000 0.433333 0.466667 0.500000
0.533333 0.566667 0.600000 0.633333</float_array>
     <technique_common>
      <accessor source="#jnt_left_handmiddle3-Matrix-animation-input-array" count="20">
       <param name="TIME" type="float"></param>
      </accessor>
     </technique_common>
    </source>
    <source id="jnt_left_handmiddle3-Matrix-animation-output-transform">
     <float_array id="jnt_left_handmiddle3-Matrix-animation-output-transform-array" count="320">

0.978982 0.203949 0.000000 -0.108366 -0.203949 0.978982 0.000000 0.000002 -0.000000 -0.000000 1.000000 0.000000 0.000000 0.000000 0.000000 1.000000
0.978981 0.203949 0.000000 -0.108367 -0.203949 0.978981 0.000000 0.000002 -0.000000 -0.000000 1.000000 0.000000 0.000000 0.000000 0.000000 1.000000
0.978981 0.203949 0.000000 -0.108367 -0.203949 0.978981 0.000000 0.000002 -0.000000 -0.000000 1.000000 -0.000000 0.000000 0.000000 0.000000 1.000000
0.978982 0.203949 0.000000 -0.108367 -0.203949 0.978982 0.000000 0.000001 -0.000000 -0.000000 1.000000 0.000000 0.000000 0.000000 0.000000 1.000000
0.978982 0.203949 0.000000 -0.108367 -0.203949 0.978981 0.000000 0.000001 -0.000000 -0.000000 1.000000 0.000000 0.000000 0.000000 0.000000 1.000000
0.978981 0.203949 0.000000 -0.108367 -0.203949 0.978981 0.000000 0.000002 -0.000000 -0.000000 1.000000 -0.000000 0.000000 0.000000 0.000000 1.000000
0.978982 0.203949 0.000000 -0.108367 -0.203949 0.978982 0.000000 0.000001 -0.000000 -0.000000 1.000000 -0.000001 0.000000 0.000000 0.000000 1.000000
0.978981 0.203949 0.000000 -0.108367 -0.203949 0.978981 0.000000 0.000002 -0.000000 -0.000000 1.000000 -0.000000 0.000000 0.000000 0.000000 1.000000
0.978982 0.203949 0.000000 -0.108366 -0.203949 0.978982 0.000000 0.000001 -0.000000 -0.000000 1.000000 0.000000 0.000000 0.000000 0.000000 1.000000
0.978981 0.203949 0.000000 -0.108367 -0.203949 0.978981 0.000000 0.000002 -0.000000 -0.000000 1.000000 -0.000000 0.000000 0.000000 0.000000 1.000000
0.978981 0.203949 0.000000 -0.108368 -0.203949 0.978981 0.000000 0.000001 -0.000000 -0.000000 1.000000 -0.000000 0.000000 0.000000 0.000000 1.000000
0.978981 0.203949 0.000000 -0.108367 -0.203949 0.978981 0.000000 0.000002 -0.000000 -0.000000 1.000000 -0.000000 0.000000 0.000000 0.000000 1.000000
0.978981 0.203949 0.000000 -0.108367 -0.203949 0.978981 0.000000 0.000001 -0.000000 -0.000000 1.000000 0.000000 0.000000 0.000000 0.000000 1.000000
0.978981 0.203949 0.000000 -0.108367 -0.203949 0.978981 0.000000 0.000001 -0.000000 -0.000000 1.000000 -0.000000 0.000000 0.000000 0.000000 1.000000
0.978982 0.203949 0.000000 -0.108367 -0.203949 0.978981 0.000000 0.000002 -0.000000 -0.000000 1.000000 -0.000001 0.000000 0.000000 0.000000 1.000000
0.978981 0.203949 0.000000 -0.108367 -0.203949 0.978982 0.000000 0.000001 -0.000000 -0.000000 1.000000 -0.000000 0.000000 0.000000 0.000000 1.000000
0.978981 0.203949 0.000000 -0.108367 -0.203949 0.978981 0.000000 0.000001 -0.000000 -0.000000 1.000000 0.000000 0.000000 0.000000 0.000000 1.000000
0.978981 0.203949 0.000000 -0.108367 -0.203949 0.978981 0.000000 0.000002 -0.000000 -0.000000 1.000000 -0.000000 0.000000 0.000000 0.000000 1.000000
0.978981 0.203949 0.000000 -0.108367 -0.203949 0.978981 0.000000 0.000001 -0.000000 -0.000000 1.000000 -0.000000 0.000000 0.000000 0.000000 1.000000
0.978981 0.203949 0.000000 -0.108367 -0.203949 0.978981 0.000000 0.000001 -0.000000 -0.000000 1.000000 0.000000 0.000000 0.000000 0.000000 1.000000</float_array>
     <technique_common>
      <accessor source="#jnt_left_handmiddle3-Matrix-animation-output-transform-array" count="20" stride="16">
       <param type="float4x4"></param>
      </accessor>
     </technique_common>
    </source>
    <source id="jnt_left_handmiddle3-Interpolations">
     <Name_array id="jnt_left_handmiddle3-Interpolations-array" count="20">
 LINEAR LINEAR LINEAR LINEAR LINEAR LINEAR LINEAR LINEAR LINEAR LINEAR LINEAR
LINEAR LINEAR LINEAR LINEAR LINEAR LINEAR LINEAR LINEAR LINEAR</Name_array>
     <technique_common>
      <accessor source="#jnt_left_handmiddle3-Interpolations-array" count="20">
       <param type="name"></param>
      </accessor>
     </technique_common>
    </source>
    <sampler id="jnt_left_handmiddle3-Matrix-animation-transform">
     <input semantic="INPUT" source="#jnt_left_handmiddle3-Matrix-animation-input"></input>
     <input semantic="OUTPUT" source="#jnt_left_handmiddle3-Matrix-animation-output-transform"></input>
     <input semantic="INTERPOLATION" source="#jnt_left_handmiddle3-Interpolations"></input>
    </sampler>
    <channel source="#jnt_left_handmiddle3-Matrix-animation-transform" target="jnt_left_handmiddle3/matrix"></channel>
   </animation>
  </animation>
  <animation id="jnt_left_handmiddle4-anim" name="jnt_left_handmiddle4">
   <animation>
    <source id="jnt_left_handmiddle4-Matrix-animation-input">
     <float_array id="jnt_left_handmiddle4-Matrix-animation-input-array" count="20">

0.000000 0.033333 0.066667 0.100000 0.133333 0.166667 0.200000 0.233333 0.266667 0.300000 0.333333 0.366667 0.400000 0.433333 0.466667 0.500000
0.533333 0.566667 0.600000 0.633333</float_array>
     <technique_common>
      <accessor source="#jnt_left_handmiddle4-Matrix-animation-input-array" count="20">
       <param name="TIME" type="float"></param>
      </accessor>
     </technique_common>
    </source>
    <source id="jnt_left_handmiddle4-Matrix-animation-output-transform">
     <float_array id="jnt_left_handmiddle4-Matrix-animation-output-transform-array" count="320">

1.000000 -0.000000 0.000000 -0.119193 0.000000 1.000000 0.000000 -0.000106 -0.000000 -0.000000 1.000000 0.000005 0.000000 0.000000 0.000000 1.000000
1.000000 0.000000 0.000000 -0.119193 -0.000000 1.000000 0.000000 -0.000107 -0.000000 -0.000000 1.000000 0.000005 0.000000 0.000000 0.000000 1.000000
1.000000 -0.000000 0.000000 -0.119193 0.000000 1.000000 0.000000 -0.000106 -0.000000 -0.000000 1.000000 0.000005 0.000000 0.000000 0.000000 1.000000
1.000000 -0.000000 -0.000000 -0.119193 0.000000 1.000000 0.000000 -0.000107 0.000000 -0.000000 1.000000 0.000005 0.000000 0.000000 0.000000 1.000000
1.000000 0.000000 -0.000000 -0.119193 -0.000000 1.000000 -0.000000 -0.000107 0.000000 0.000000 1.000000 0.000005 0.000000 0.000000 0.000000 1.000000
1.000000 0.000000 0.000000 -0.119193 -0.000000 1.000000 -0.000000 -0.000106 -0.000000 0.000000 1.000000 0.000005 0.000000 0.000000 0.000000 1.000000
1.000000 -0.000000 -0.000000 -0.119193 0.000000 1.000000 0.000000 -0.000106 0.000000 -0.000000 1.000000 0.000005 0.000000 0.000000 0.000000 1.000000
1.000000 -0.000000 -0.000000 -0.119193 0.000000 1.000000 -0.000000 -0.000107 0.000000 0.000000 1.000000 0.000005 0.000000 0.000000 0.000000 1.000000
1.000000 -0.000000 0.000000 -0.119193 0.000000 1.000000 -0.000000 -0.000106 -0.000000 0.000000 1.000000 0.000004 0.000000 0.000000 0.000000 1.000000
1.000000 -0.000000 0.000000 -0.119193 0.000000 1.000000 0.000000 -0.000106 -0.000000 -0.000000 1.000000 0.000005 0.000000 0.000000 0.000000 1.000000
1.000000 0.000000 0.000000 -0.119193 -0.000000 1.000000 -0.000000 -0.000107 -0.000000 0.000000 1.000000 0.000005 0.000000 0.000000 0.000000 1.000000
1.000000 -0.000000 0.000000 -0.119193 0.000000 1.000000 0.000000 -0.000107 -0.000000 -0.000000 1.000000 0.000005 0.000000 0.000000 0.000000 1.000000
1.000000 -0.000000 0.000000 -0.119193 0.000000 1.000000 0.000000 -0.000106 -0.000000 -0.000000 1.000000 0.000005 0.000000 0.000000 0.000000 1.000000
1.000000 -0.000000 0.000000 -0.119193 0.000000 1.000000 -0.000000 -0.000106 -0.000000 0.000000 1.000000 0.000005 0.000000 0.000000 0.000000 1.000000
1.000000 0.000000 -0.000000 -0.119193 -0.000000 1.000000 0.000000 -0.000107 0.000000 -0.000000 1.000000 0.000005 0.000000 0.000000 0.000000 1.000000
1.000000 -0.000000 0.000000 -0.119193 0.000000 1.000000 0.000000 -0.000106 -0.000000 -0.000000 1.000000 0.000005 0.000000 0.000000 0.000000 1.000000
1.000000 -0.000000 -0.000000 -0.119194 0.000000 1.000000 0.000000 -0.000107 0.000000 -0.000000 1.000000 0.000005 0.000000 0.000000 0.000000 1.000000
1.000000 -0.000000 0.000000 -0.119193 0.000000 1.000000 0.000000 -0.000107 -0.000000 -0.000000 1.000000 0.000005 0.000000 0.000000 0.000000 1.000000
1.000000 -0.000000 0.000000 -0.119193 0.000000 1.000000 0.000000 -0.000106 -0.000000 -0.000000 1.000000 0.000005 0.000000 0.000000 0.000000 1.000000
1.000000 -0.000000 0.000000 -0.119193 0.000000 1.000000 0.000000 -0.000106 -0.000000 -0.000000 1.000000 0.000005 0.000000 0.000000 0.000000 1.000000</float_array>
     <technique_common>
      <accessor source="#jnt_left_handmiddle4-Matrix-animation-output-transform-array" count="20" stride="16">
       <param type="float4x4"></param>
      </accessor>
     </technique_common>
    </source>
    <source id="jnt_left_handmiddle4-Interpolations">
     <Name_array id="jnt_left_handmiddle4-Interpolations-array" count="20">
 LINEAR LINEAR LINEAR LINEAR LINEAR LINEAR LINEAR LINEAR LINEAR LINEAR LINEAR
LINEAR LINEAR LINEAR LINEAR LINEAR LINEAR LINEAR LINEAR LINEAR</Name_array>
     <technique_common>
      <accessor source="#jnt_left_handmiddle4-Interpolations-array" count="20">
       <param type="name"></param>
      </accessor>
     </technique_common>
    </source>
    <sampler id="jnt_left_handmiddle4-Matrix-animation-transform">
     <input semantic="INPUT" source="#jnt_left_handmiddle4-Matrix-animation-input"></input>
     <input semantic="OUTPUT" source="#jnt_left_handmiddle4-Matrix-animation-output-transform"></input>
     <input semantic="INTERPOLATION" source="#jnt_left_handmiddle4-Interpolations"></input>
    </sampler>
    <channel source="#jnt_left_handmiddle4-Matrix-animation-transform" target="jnt_left_handmiddle4/matrix"></channel>
   </animation>
  </animation>
  <animation id="jnt_left_handring1-anim" name="jnt_left_handring1">
   <animation>
    <source id="jnt_left_handring1-Matrix-animation-input">
     <float_array id="jnt_left_handring1-Matrix-animation-input-array" count="20">

0.000000 0.033333 0.066667 0.100000 0.133333 0.166667 0.200000 0.233333 0.266667 0.300000 0.333333 0.366667 0.400000 0.433333 0.466667 0.500000
0.533333 0.566667 0.600000 0.633333</float_array>
     <technique_common>
      <accessor source="#jnt_left_handring1-Matrix-animation-input-array" count="20">
       <param name="TIME" type="float"></param>
      </accessor>
     </technique_common>
    </source>
    <source id="jnt_left_handring1-Matrix-animation-output-transform">
     <float_array id="jnt_left_handring1-Matrix-animation-output-transform-array" count="320">

0.605660 0.778632 -0.164038 -0.469963 0.017593 -0.219202 -0.975521 0.076797 -0.795529 0.587948 -0.146460 -0.036647 0.000000 0.000000 0.000000 1.000000
0.605660 0.778632 -0.164038 -0.469963 0.017593 -0.219202 -0.975521 0.076797 -0.795529 0.587948 -0.146460 -0.036647 0.000000 0.000000 0.000000 1.000000
0.605660 0.778632 -0.164038 -0.469963 0.017593 -0.219203 -0.975521 0.076798 -0.795529 0.587948 -0.146461 -0.036647 0.000000 0.000000 0.000000 1.000000
0.605660 0.778632 -0.164038 -0.469963 0.017593 -0.219202 -0.975521 0.076797 -0.795529 0.587948 -0.146460 -0.036647 0.000000 0.000000 0.000000 1.000000
0.605660 0.778632 -0.164038 -0.469963 0.017593 -0.219203 -0.975521 0.076798 -0.795529 0.587948 -0.146460 -0.036647 0.000000 0.000000 0.000000 1.000000
0.605660 0.778632 -0.164038 -0.469964 0.017593 -0.219202 -0.975521 0.076797 -0.795529 0.587948 -0.146460 -0.036646 0.000000 0.000000 0.000000 1.000000
0.605660 0.778632 -0.164038 -0.469963 0.017593 -0.219202 -0.975521 0.076797 -0.795529 0.587948 -0.146460 -0.036647 0.000000 0.000000 0.000000 1.000000
0.605660 0.778632 -0.164038 -0.469962 0.017593 -0.219202 -0.975521 0.076797 -0.795529 0.587948 -0.146460 -0.036648 0.000000 0.000000 0.000000 1.000000
0.605660 0.778632 -0.164038 -0.469963 0.017593 -0.219203 -0.975521 0.076797 -0.795529 0.587948 -0.146460 -0.036648 0.000000 0.000000 0.000000 1.000000
0.605660 0.778632 -0.164038 -0.469963 0.017593 -0.219202 -0.975521 0.076797 -0.795529 0.587948 -0.146460 -0.036648 0.000000 0.000000 0.000000 1.000000
0.605660 0.778632 -0.164038 -0.469963 0.017593 -0.219202 -0.975521 0.076797 -0.795529 0.587948 -0.146460 -0.036647 0.000000 0.000000 0.000000 1.000000
0.605660 0.778632 -0.164038 -0.469963 0.017593 -0.219202 -0.975521 0.076797 -0.795529 0.587948 -0.146460 -0.036647 0.000000 0.000000 0.000000 1.000000
0.605660 0.778632 -0.164038 -0.469963 0.017593 -0.219203 -0.975521 0.076797 -0.795529 0.587948 -0.146460 -0.036646 0.000000 0.000000 0.000000 1.000000
0.605660 0.778632 -0.164038 -0.469963 0.017593 -0.219203 -0.975521 0.076797 -0.795529 0.587948 -0.146461 -0.036647 0.000000 0.000000 0.000000 1.000000
0.605660 0.778632 -0.164038 -0.469963 0.017593 -0.219202 -0.975521 0.076797 -0.795529 0.587948 -0.146460 -0.036648 0.000000 0.000000 0.000000 1.000000
0.605660 0.778632 -0.164038 -0.469963 0.017593 -0.219203 -0.975521 0.076797 -0.795529 0.587948 -0.146460 -0.036647 0.000000 0.000000 0.000000 1.000000
0.605660 0.778632 -0.164038 -0.469963 0.017593 -0.219202 -0.975521 0.076797 -0.795529 0.587948 -0.146460 -0.036647 0.000000 0.000000 0.000000 1.000000
0.605660 0.778632 -0.164038 -0.469963 0.017593 -0.219202 -0.975521 0.076798 -0.795529 0.587948 -0.146460 -0.036647 0.000000 0.000000 0.000000 1.000000
0.605660 0.778632 -0.164038 -0.469963 0.017593 -0.219202 -0.975521 0.076797 -0.795529 0.587948 -0.146460 -0.036647 0.000000 0.000000 0.000000 1.000000
0.605660 0.778632 -0.164038 -0.469963 0.017593 -0.219202 -0.975521 0.076797 -0.795529 0.587948 -0.146460 -0.036647 0.000000 0.000000 0.000000 1.000000</float_array>
     <technique_common>
      <accessor source="#jnt_left_handring1-Matrix-animation-output-transform-array" count="20" stride="16">
       <param type="float4x4"></param>
      </accessor>
     </technique_common>
    </source>
    <source id="jnt_left_handring1-Interpolations">
     <Name_array id="jnt_left_handring1-Interpolations-array" count="20">
 LINEAR LINEAR LINEAR LINEAR LINEAR LINEAR LINEAR LINEAR LINEAR LINEAR LINEAR
LINEAR LINEAR LINEAR LINEAR LINEAR LINEAR LINEAR LINEAR LINEAR</Name_array>
     <technique_common>
      <accessor source="#jnt_left_handring1-Interpolations-array" count="20">
       <param type="name"></param>
      </accessor>
     </technique_common>
    </source>
    <sampler id="jnt_left_handring1-Matrix-animation-transform">
     <input semantic="INPUT" source="#jnt_left_handring1-Matrix-animation-input"></input>
     <input semantic="OUTPUT" source="#jnt_left_handring1-Matrix-animation-output-transform"></input>
     <input semantic="INTERPOLATION" source="#jnt_left_handring1-Interpolations"></input>
    </sampler>
    <channel source="#jnt_left_handring1-Matrix-animation-transform" target="jnt_left_handring1/matrix"></channel>
   </animation>
  </animation>
  <animation id="jnt_left_handring2-anim" name="jnt_left_handring2">
   <animation>
    <source id="jnt_left_handring2-Matrix-animation-input">
     <float_array id="jnt_left_handring2-Matrix-animation-input-array" count="20">

0.000000 0.033333 0.066667 0.100000 0.133333 0.166667 0.200000 0.233333 0.266667 0.300000 0.333333 0.366667 0.400000 0.433333 0.466667 0.500000
0.533333 0.566667 0.600000 0.633333</float_array>
     <technique_common>
      <accessor source="#jnt_left_handring2-Matrix-animation-input-array" count="20">
       <param name="TIME" type="float"></param>
      </accessor>
     </technique_common>
    </source>
    <source id="jnt_left_handring2-Matrix-animation-output-transform">
     <float_array id="jnt_left_handring2-Matrix-animation-output-transform-array" count="320">

0.881478 0.472226 0.000000 -0.184233 -0.472226 0.881477 -0.000001 -0.000001 -0.000001 0.000001 1.000000 -0.000000 0.000000 0.000000 0.000000 1.000000
0.881477 0.472226 0.000000 -0.184232 -0.472226 0.881478 -0.000001 -0.000001 -0.000001 0.000001 1.000000 -0.000001 0.000000 0.000000 0.000000 1.000000
0.881478 0.472226 0.000000 -0.184234 -0.472226 0.881477 -0.000001 -0.000001 -0.000001 0.000001 1.000000 -0.000001 0.000000 0.000000 0.000000 1.000000
0.881478 0.472226 0.000000 -0.184233 -0.472226 0.881478 -0.000001 -0.000002 -0.000001 0.000001 1.000000 -0.000001 0.000000 0.000000 0.000000 1.000000
0.881478 0.472226 0.000000 -0.184234 -0.472226 0.881478 -0.000001 -0.000001 -0.000001 0.000001 1.000000 -0.000001 0.000000 0.000000 0.000000 1.000000
0.881478 0.472226 0.000000 -0.184233 -0.472226 0.881477 -0.000001 -0.000001 -0.000001 0.000001 1.000000 -0.000001 0.000000 0.000000 0.000000 1.000000
0.881477 0.472226 0.000000 -0.184233 -0.472226 0.881477 -0.000001 -0.000001 -0.000001 0.000001 1.000000 -0.000001 0.000000 0.000000 0.000000 1.000000
0.881477 0.472226 0.000000 -0.184233 -0.472226 0.881477 -0.000001 -0.000002 -0.000001 0.000001 1.000000 -0.000001 0.000000 0.000000 0.000000 1.000000
0.881478 0.472226 0.000000 -0.184233 -0.472226 0.881477 -0.000001 -0.000002 -0.000001 0.000001 1.000000 -0.000001 0.000000 0.000000 0.000000 1.000000
0.881477 0.472226 0.000000 -0.184233 -0.472226 0.881478 -0.000001 -0.000002 -0.000001 0.000001 1.000000 -0.000001 0.000000 0.000000 0.000000 1.000000
0.881477 0.472226 0.000000 -0.184233 -0.472226 0.881477 -0.000001 -0.000001 -0.000001 0.000001 1.000000 -0.000001 0.000000 0.000000 0.000000 1.000000
0.881477 0.472226 0.000000 -0.184233 -0.472226 0.881478 -0.000001 -0.000002 -0.000001 0.000001 1.000000 -0.000001 0.000000 0.000000 0.000000 1.000000
0.881478 0.472226 0.000000 -0.184234 -0.472226 0.881477 -0.000001 -0.000001 -0.000001 0.000001 1.000000 -0.000001 0.000000 0.000000 0.000000 1.000000
0.881478 0.472226 0.000000 -0.184233 -0.472226 0.881478 -0.000001 -0.000001 -0.000001 0.000001 1.000000 -0.000001 0.000000 0.000000 0.000000 1.000000
0.881478 0.472226 0.000000 -0.184233 -0.472226 0.881477 -0.000001 -0.000001 -0.000001 0.000001 1.000000 -0.000001 0.000000 0.000000 0.000000 1.000000
0.881477 0.472226 0.000000 -0.184234 -0.472226 0.881477 -0.000001 -0.000001 -0.000001 0.000001 1.000000 -0.000001 0.000000 0.000000 0.000000 1.000000
0.881477 0.472226 0.000000 -0.184234 -0.472226 0.881477 -0.000001 -0.000001 -0.000001 0.000001 1.000000 -0.000001 0.000000 0.000000 0.000000 1.000000
0.881477 0.472226 0.000000 -0.184233 -0.472226 0.881477 -0.000001 -0.000001 -0.000001 0.000001 1.000000 -0.000001 0.000000 0.000000 0.000000 1.000000
0.881477 0.472226 0.000000 -0.184233 -0.472226 0.881477 -0.000001 -0.000002 -0.000001 0.000001 1.000000 -0.000002 0.000000 0.000000 0.000000 1.000000
0.881477 0.472226 0.000000 -0.184233 -0.472226 0.881477 -0.000001 -0.000002 -0.000001 0.000001 1.000000 -0.000001 0.000000 0.000000 0.000000 1.000000</float_array>
     <technique_common>
      <accessor source="#jnt_left_handring2-Matrix-animation-output-transform-array" count="20" stride="16">
       <param type="float4x4"></param>
      </accessor>
     </technique_common>
    </source>
    <source id="jnt_left_handring2-Interpolations">
     <Name_array id="jnt_left_handring2-Interpolations-array" count="20">
 LINEAR LINEAR LINEAR LINEAR LINEAR LINEAR LINEAR LINEAR LINEAR LINEAR LINEAR
LINEAR LINEAR LINEAR LINEAR LINEAR LINEAR LINEAR LINEAR LINEAR</Name_array>
     <technique_common>
      <accessor source="#jnt_left_handring2-Interpolations-array" count="20">
       <param type="name"></param>
      </accessor>
     </technique_common>
    </source>
    <sampler id="jnt_left_handring2-Matrix-animation-transform">
     <input semantic="INPUT" source="#jnt_left_handring2-Matrix-animation-input"></input>
     <input semantic="OUTPUT" source="#jnt_left_handring2-Matrix-animation-output-transform"></input>
     <input semantic="INTERPOLATION" source="#jnt_left_handring2-Interpolations"></input>
    </sampler>
    <channel source="#jnt_left_handring2-Matrix-animation-transform" target="jnt_left_handring2/matrix"></channel>
   </animation>
  </animation>
  <animation id="jnt_left_handring3-anim" name="jnt_left_handring3">
   <animation>
    <source id="jnt_left_handring3-Matrix-animation-input">
     <float_array id="jnt_left_handring3-Matrix-animation-input-array" count="20">

0.000000 0.033333 0.066667 0.100000 0.133333 0.166667 0.200000 0.233333 0.266667 0.300000 0.333333 0.366667 0.400000 0.433333 0.466667 0.500000
0.533333 0.566667 0.600000 0.633333</float_array>
     <technique_common>
      <accessor source="#jnt_left_handring3-Matrix-animation-input-array" count="20">
       <param name="TIME" type="float"></param>
      </accessor>
     </technique_common>
    </source>
    <source id="jnt_left_handring3-Matrix-animation-output-transform">
     <float_array id="jnt_left_handring3-Matrix-animation-output-transform-array" count="320">

0.967951 0.251140 0.000000 -0.103958 -0.251140 0.967951 0.000001 0.000002 0.000000 -0.000001 1.000000 0.000000 0.000000 0.000000 0.000000 1.000000
0.967951 0.251140 0.000000 -0.103958 -0.251140 0.967951 0.000001 0.000003 0.000000 -0.000001 1.000000 -0.000000 0.000000 0.000000 0.000000 1.000000
0.967951 0.251140 0.000000 -0.103959 -0.251140 0.967951 0.000001 0.000003 0.000000 -0.000001 1.000000 0.000000 0.000000 0.000000 0.000000 1.000000
0.967951 0.251140 0.000000 -0.103958 -0.251140 0.967951 0.000001 0.000003 0.000000 -0.000001 1.000000 -0.000000 0.000000 0.000000 0.000000 1.000000
0.967951 0.251140 0.000000 -0.103958 -0.251140 0.967951 0.000001 0.000002 0.000000 -0.000001 1.000000 0.000000 0.000000 0.000000 0.000000 1.000000
0.967951 0.251140 0.000000 -0.103958 -0.251140 0.967951 0.000001 0.000003 0.000000 -0.000001 1.000000 -0.000000 0.000000 0.000000 0.000000 1.000000
0.967951 0.251140 0.000000 -0.103959 -0.251140 0.967951 0.000001 0.000002 0.000000 -0.000001 1.000000 0.000000 0.000000 0.000000 0.000000 1.000000
0.967951 0.251140 0.000000 -0.103958 -0.251140 0.967951 0.000001 0.000003 0.000000 -0.000001 1.000000 -0.000000 0.000000 0.000000 0.000000 1.000000
0.967951 0.251140 0.000000 -0.103958 -0.251140 0.967951 0.000001 0.000003 0.000000 -0.000001 1.000000 -0.000000 0.000000 0.000000 0.000000 1.000000
0.967951 0.251140 0.000000 -0.103958 -0.251140 0.967951 0.000001 0.000003 0.000000 -0.000001 1.000000 0.000000 0.000000 0.000000 0.000000 1.000000
0.967951 0.251140 0.000000 -0.103958 -0.251140 0.967951 0.000001 0.000002 0.000000 -0.000001 1.000000 -0.000000 0.000000 0.000000 0.000000 1.000000
0.967951 0.251140 0.000000 -0.103959 -0.251140 0.967951 0.000001 0.000002 0.000000 -0.000001 1.000000 -0.000001 0.000000 0.000000 0.000000 1.000000
0.967951 0.251140 0.000000 -0.103959 -0.251140 0.967951 0.000001 0.000003 0.000000 -0.000001 1.000000 -0.000000 0.000000 0.000000 0.000000 1.000000
0.967951 0.251140 0.000000 -0.103957 -0.251140 0.967951 0.000001 0.000003 0.000000 -0.000001 1.000000 0.000000 0.000000 0.000000 0.000000 1.000000
0.967951 0.251140 0.000000 -0.103959 -0.251140 0.967951 0.000001 0.000003 0.000000 -0.000001 1.000000 0.000000 0.000000 0.000000 0.000000 1.000000
0.967951 0.251140 0.000000 -0.103959 -0.251140 0.967951 0.000001 0.000002 0.000000 -0.000001 1.000000 -0.000000 0.000000 0.000000 0.000000 1.000000
0.967951 0.251140 -0.000000 -0.103958 -0.251140 0.967951 0.000001 0.000002 0.000000 -0.000001 1.000000 -0.000000 0.000000 0.000000 0.000000 1.000000
0.967951 0.251140 0.000000 -0.103958 -0.251140 0.967951 0.000001 0.000003 0.000000 -0.000001 1.000000 -0.000000 0.000000 0.000000 0.000000 1.000000
0.967951 0.251140 0.000000 -0.103959 -0.251140 0.967951 0.000001 0.000003 0.000000 -0.000001 1.000000 0.000000 0.000000 0.000000 0.000000 1.000000
0.967951 0.251140 0.000000 -0.103958 -0.251140 0.967951 0.000001 0.000003 0.000000 -0.000001 1.000000 -0.000000 0.000000 0.000000 0.000000 1.000000</float_array>
     <technique_common>
      <accessor source="#jnt_left_handring3-Matrix-animation-output-transform-array" count="20" stride="16">
       <param type="float4x4"></param>
      </accessor>
     </technique_common>
    </source>
    <source id="jnt_left_handring3-Interpolations">
     <Name_array id="jnt_left_handring3-Interpolations-array" count="20">
 LINEAR LINEAR LINEAR LINEAR LINEAR LINEAR LINEAR LINEAR LINEAR LINEAR LINEAR
LINEAR LINEAR LINEAR LINEAR LINEAR LINEAR LINEAR LINEAR LINEAR</Name_array>
     <technique_common>
      <accessor source="#jnt_left_handring3-Interpolations-array" count="20">
       <param type="name"></param>
      </accessor>
     </technique_common>
    </source>
    <sampler id="jnt_left_handring3-Matrix-animation-transform">
     <input semantic="INPUT" source="#jnt_left_handring3-Matrix-animation-input"></input>
     <input semantic="OUTPUT" source="#jnt_left_handring3-Matrix-animation-output-transform"></input>
     <input semantic="INTERPOLATION" source="#jnt_left_handring3-Interpolations"></input>
    </sampler>
    <channel source="#jnt_left_handring3-Matrix-animation-transform" target="jnt_left_handring3/matrix"></channel>
   </animation>
  </animation>
  <animation id="jnt_left_handring4-anim" name="jnt_left_handring4">
   <animation>
    <source id="jnt_left_handring4-Matrix-animation-input">
     <float_array id="jnt_left_handring4-Matrix-animation-input-array" count="20">

0.000000 0.033333 0.066667 0.100000 0.133333 0.166667 0.200000 0.233333 0.266667 0.300000 0.333333 0.366667 0.400000 0.433333 0.466667 0.500000
0.533333 0.566667 0.600000 0.633333</float_array>
     <technique_common>
      <accessor source="#jnt_left_handring4-Matrix-animation-input-array" count="20">
       <param name="TIME" type="float"></param>
      </accessor>
     </technique_common>
    </source>
    <source id="jnt_left_handring4-Matrix-animation-output-transform">
     <float_array id="jnt_left_handring4-Matrix-animation-output-transform-array" count="320">

1.000000 0.000000 0.000000 -0.120246 -0.000000 1.000000 -0.000000 -0.000105 -0.000000 0.000000 1.000000 0.000017 0.000000 0.000000 0.000000 1.000000
1.000000 0.000000 0.000000 -0.120246 -0.000000 1.000000 0.000000 -0.000105 -0.000000 -0.000000 1.000000 0.000017 0.000000 0.000000 0.000000 1.000000
1.000000 0.000000 -0.000000 -0.120246 -0.000000 1.000000 -0.000000 -0.000105 0.000000 0.000000 1.000000 0.000017 0.000000 0.000000 0.000000 1.000000
1.000000 0.000000 -0.000000 -0.120246 -0.000000 1.000000 -0.000000 -0.000105 0.000000 0.000000 1.000000 0.000017 0.000000 0.000000 0.000000 1.000000
1.000000 0.000000 0.000000 -0.120246 -0.000000 1.000000 -0.000000 -0.000105 -0.000000 0.000000 1.000000 0.000017 0.000000 0.000000 0.000000 1.000000
1.000000 0.000000 0.000000 -0.120246 -0.000000 1.000000 -0.000000 -0.000105 -0.000000 0.000000 1.000000 0.000017 0.000000 0.000000 0.000000 1.000000
1.000000 0.000000 -0.000000 -0.120246 -0.000000 1.000000 -0.000000 -0.000105 0.000000 0.000000 1.000000 0.000017 0.000000 0.000000 0.000000 1.000000
1.000000 0.000000 0.000000 -0.120246 -0.000000 1.000000 -0.000000 -0.000105 -0.000000 0.000000 1.000000 0.000017 0.000000 0.000000 0.000000 1.000000
1.000000 0.000000 0.000000 -0.120246 -0.000000 1.000000 -0.000000 -0.000105 -0.000000 0.000000 1.000000 0.000017 0.000000 0.000000 0.000000 1.000000
1.000000 0.000000 0.000000 -0.120246 -0.000000 1.000000 0.000000 -0.000105 -0.000000 -0.000000 1.000000 0.000017 0.000000 0.000000 0.000000 1.000000
1.000000 0.000000 -0.000000 -0.120246 -0.000000 1.000000 -0.000000 -0.000105 0.000000 0.000000 1.000000 0.000017 0.000000 0.000000 0.000000 1.000000
1.000000 0.000000 -0.000000 -0.120246 -0.000000 1.000000 -0.000000 -0.000105 -0.000000 0.000000 1.000000 0.000017 0.000000 0.000000 0.000000 1.000000
1.000000 0.000000 -0.000000 -0.120247 -0.000000 1.000000 -0.000000 -0.000105 0.000000 0.000000 1.000000 0.000017 0.000000 0.000000 0.000000 1.000000
1.000000 0.000000 0.000000 -0.120246 -0.000000 1.000000 0.000000 -0.000105 -0.000000 -0.000000 1.000000 0.000017 0.000000 0.000000 0.000000 1.000000
1.000000 0.000000 0.000000 -0.120246 -0.000000 1.000000 -0.000000 -0.000105 -0.000000 0.000000 1.000000 0.000017 0.000000 0.000000 0.000000 1.000000
1.000000 0.000000 0.000000 -0.120246 -0.000000 1.000000 -0.000000 -0.000105 -0.000000 0.000000 1.000000 0.000017 0.000000 0.000000 0.000000 1.000000
1.000000 0.000000 0.000000 -0.120247 -0.000000 1.000000 0.000000 -0.000105 -0.000000 -0.000000 1.000000 0.000017 0.000000 0.000000 0.000000 1.000000
1.000000 0.000000 0.000000 -0.120246 -0.000000 1.000000 -0.000000 -0.000105 -0.000000 0.000000 1.000000 0.000017 0.000000 0.000000 0.000000 1.000000
1.000000 0.000000 -0.000000 -0.120246 -0.000000 1.000000 -0.000000 -0.000105 0.000000 0.000000 1.000000 0.000017 0.000000 0.000000 0.000000 1.000000
1.000000 0.000000 0.000000 -0.120246 -0.000000 1.000000 -0.000000 -0.000105 -0.000000 0.000000 1.000000 0.000017 0.000000 0.000000 0.000000 1.000000</float_array>
     <technique_common>
      <accessor source="#jnt_left_handring4-Matrix-animation-output-transform-array" count="20" stride="16">
       <param type="float4x4"></param>
      </accessor>
     </technique_common>
    </source>
    <source id="jnt_left_handring4-Interpolations">
     <Name_array id="jnt_left_handring4-Interpolations-array" count="20">
 LINEAR LINEAR LINEAR LINEAR LINEAR LINEAR LINEAR LINEAR LINEAR LINEAR LINEAR
LINEAR LINEAR LINEAR LINEAR LINEAR LINEAR LINEAR LINEAR LINEAR</Name_array>
     <technique_common>
      <accessor source="#jnt_left_handring4-Interpolations-array" count="20">
       <param type="name"></param>
      </accessor>
     </technique_common>
    </source>
    <sampler id="jnt_left_handring4-Matrix-animation-transform">
     <input semantic="INPUT" source="#jnt_left_handring4-Matrix-animation-input"></input>
     <input semantic="OUTPUT" source="#jnt_left_handring4-Matrix-animation-output-transform"></input>
     <input semantic="INTERPOLATION" source="#jnt_left_handring4-Interpolations"></input>
    </sampler>
    <channel source="#jnt_left_handring4-Matrix-animation-transform" target="jnt_left_handring4/matrix"></channel>
   </animation>
  </animation>
  <animation id="jnt_left_handpinky1-anim" name="jnt_left_handpinky1">
   <animation>
    <source id="jnt_left_handpinky1-Matrix-animation-input">
     <float_array id="jnt_left_handpinky1-Matrix-animation-input-array" count="20">

0.000000 0.033333 0.066667 0.100000 0.133333 0.166667 0.200000 0.233333 0.266667 0.300000 0.333333 0.366667 0.400000 0.433333 0.466667 0.500000
0.533333 0.566667 0.600000 0.633333</float_array>
     <technique_common>
      <accessor source="#jnt_left_handpinky1-Matrix-animation-input-array" count="20">
       <param name="TIME" type="float"></param>
      </accessor>
     </technique_common>
    </source>
    <source id="jnt_left_handpinky1-Matrix-animation-output-transform">
     <float_array id="jnt_left_handpinky1-Matrix-animation-output-transform-array" count="320">

0.536721 0.840265 -0.076716 -0.407613 0.103818 -0.155996 -0.982287 0.208155 -0.837348 0.519250 -0.170961 0.012223 0.000000 0.000000 0.000000 1.000000
0.536721 0.840265 -0.076715 -0.407612 0.103818 -0.155996 -0.982287 0.208156 -0.837349 0.519250 -0.170960 0.012223 0.000000 0.000000 0.000000 1.000000
0.536721 0.840265 -0.076715 -0.407613 0.103818 -0.155996 -0.982287 0.208155 -0.837348 0.519250 -0.170961 0.012223 0.000000 0.000000 0.000000 1.000000
0.536721 0.840265 -0.076716 -0.407612 0.103818 -0.155996 -0.982287 0.208155 -0.837349 0.519250 -0.170961 0.012224 0.000000 0.000000 0.000000 1.000000
0.536721 0.840265 -0.076715 -0.407613 0.103818 -0.155996 -0.982287 0.208156 -0.837348 0.519250 -0.170961 0.012223 0.000000 0.000000 0.000000 1.000000
0.536721 0.840265 -0.076715 -0.407613 0.103818 -0.155996 -0.982287 0.208155 -0.837349 0.519250 -0.170961 0.012223 0.000000 0.000000 0.000000 1.000000
0.536721 0.840265 -0.076715 -0.407612 0.103818 -0.155996 -0.982287 0.208155 -0.837348 0.519250 -0.170961 0.012224 0.000000 0.000000 0.000000 1.000000
0.536721 0.840265 -0.076715 -0.407612 0.103818 -0.155996 -0.982287 0.208155 -0.837348 0.519249 -0.170960 0.012223 0.000000 0.000000 0.000000 1.000000
0.536721 0.840265 -0.076716 -0.407613 0.103818 -0.155996 -0.982287 0.208155 -0.837349 0.519250 -0.170961 0.012223 0.000000 0.000000 0.000000 1.000000
0.536721 0.840265 -0.076715 -0.407613 0.103818 -0.155996 -0.982287 0.208156 -0.837349 0.519250 -0.170960 0.012224 0.000000 0.000000 0.000000 1.000000
0.536721 0.840265 -0.076715 -0.407613 0.103818 -0.155996 -0.982287 0.208155 -0.837348 0.519250 -0.170961 0.012223 0.000000 0.000000 0.000000 1.000000
0.536721 0.840265 -0.076715 -0.407612 0.103818 -0.155996 -0.982287 0.208155 -0.837348 0.519249 -0.170961 0.012223 0.000000 0.000000 0.000000 1.000000
0.536721 0.840265 -0.076715 -0.407612 0.103818 -0.155996 -0.982287 0.208155 -0.837348 0.519250 -0.170961 0.012223 0.000000 0.000000 0.000000 1.000000
0.536721 0.840265 -0.076715 -0.407613 0.103818 -0.155996 -0.982287 0.208155 -0.837348 0.519249 -0.170960 0.012224 0.000000 0.000000 0.000000 1.000000
0.536721 0.840265 -0.076716 -0.407612 0.103818 -0.155996 -0.982287 0.208156 -0.837348 0.519250 -0.170961 0.012223 0.000000 0.000000 0.000000 1.000000
0.536721 0.840265 -0.076716 -0.407612 0.103818 -0.155996 -0.982287 0.208155 -0.837349 0.519249 -0.170961 0.012223 0.000000 0.000000 0.000000 1.000000
0.536721 0.840265 -0.076715 -0.407612 0.103818 -0.155996 -0.982287 0.208156 -0.837348 0.519250 -0.170960 0.012223 0.000000 0.000000 0.000000 1.000000
0.536721 0.840265 -0.076715 -0.407613 0.103818 -0.155996 -0.982287 0.208155 -0.837349 0.519250 -0.170961 0.012224 0.000000 0.000000 0.000000 1.000000
0.536721 0.840265 -0.076715 -0.407612 0.103818 -0.155996 -0.982287 0.208156 -0.837348 0.519250 -0.170960 0.012223 0.000000 0.000000 0.000000 1.000000
0.536721 0.840265 -0.076716 -0.407613 0.103818 -0.155996 -0.982287 0.208155 -0.837348 0.519250 -0.170961 0.012223 0.000000 0.000000 0.000000 1.000000</float_array>
     <technique_common>
      <accessor source="#jnt_left_handpinky1-Matrix-animation-output-transform-array" count="20" stride="16">
       <param type="float4x4"></param>
      </accessor>
     </technique_common>
    </source>
    <source id="jnt_left_handpinky1-Interpolations">
     <Name_array id="jnt_left_handpinky1-Interpolations-array" count="20">
 LINEAR LINEAR LINEAR LINEAR LINEAR LINEAR LINEAR LINEAR LINEAR LINEAR LINEAR
LINEAR LINEAR LINEAR LINEAR LINEAR LINEAR LINEAR LINEAR LINEAR</Name_array>
     <technique_common>
      <accessor source="#jnt_left_handpinky1-Interpolations-array" count="20">
       <param type="name"></param>
      </accessor>
     </technique_common>
    </source>
    <sampler id="jnt_left_handpinky1-Matrix-animation-transform">
     <input semantic="INPUT" source="#jnt_left_handpinky1-Matrix-animation-input"></input>
     <input semantic="OUTPUT" source="#jnt_left_handpinky1-Matrix-animation-output-transform"></input>
     <input semantic="INTERPOLATION" source="#jnt_left_handpinky1-Interpolations"></input>
    </sampler>
    <channel source="#jnt_left_handpinky1-Matrix-animation-transform" target="jnt_left_handpinky1/matrix"></channel>
   </animation>
  </animation>
  <animation id="jnt_left_handpinky2-anim" name="jnt_left_handpinky2">
   <animation>
    <source id="jnt_left_handpinky2-Matrix-animation-input">
     <float_array id="jnt_left_handpinky2-Matrix-animation-input-array" count="20">

0.000000 0.033333 0.066667 0.100000 0.133333 0.166667 0.200000 0.233333 0.266667 0.300000 0.333333 0.366667 0.400000 0.433333 0.466667 0.500000
0.533333 0.566667 0.600000 0.633333</float_array>
     <technique_common>
      <accessor source="#jnt_left_handpinky2-Matrix-animation-input-array" count="20">
       <param name="TIME" type="float"></param>
      </accessor>
     </technique_common>
    </source>
    <source id="jnt_left_handpinky2-Matrix-animation-output-transform">
     <float_array id="jnt_left_handpinky2-Matrix-animation-output-transform-array" count="320">

0.822138 0.569288 0.000001 -0.148503 -0.569288 0.822138 -0.000000 0.000001 -0.000001 -0.000000 1.000000 -0.000001 0.000000 0.000000 0.000000 1.000000
0.822138 0.569288 0.000001 -0.148502 -0.569288 0.822138 -0.000000 0.000001 -0.000001 -0.000000 1.000000 -0.000001 0.000000 0.000000 0.000000 1.000000
0.822138 0.569288 0.000001 -0.148504 -0.569288 0.822138 -0.000000 0.000001 -0.000001 -0.000000 1.000000 -0.000001 0.000000 0.000000 0.000000 1.000000
0.822138 0.569288 0.000001 -0.148503 -0.569288 0.822139 -0.000000 0.000001 -0.000001 -0.000000 1.000000 -0.000001 0.000000 0.000000 0.000000 1.000000
0.822138 0.569288 0.000001 -0.148504 -0.569288 0.822138 -0.000000 0.000002 -0.000001 -0.000000 1.000000 -0.000001 0.000000 0.000000 0.000000 1.000000
0.822138 0.569288 0.000001 -0.148503 -0.569288 0.822138 -0.000000 0.000001 -0.000001 -0.000000 1.000000 -0.000001 0.000000 0.000000 0.000000 1.000000
0.822138 0.569288 0.000001 -0.148503 -0.569288 0.822138 -0.000000 0.000001 -0.000001 -0.000000 1.000000 -0.000001 0.000000 0.000000 0.000000 1.000000
0.822138 0.569288 0.000001 -0.148503 -0.569288 0.822138 -0.000000 0.000001 -0.000001 -0.000000 1.000000 -0.000001 0.000000 0.000000 0.000000 1.000000
0.822138 0.569288 0.000001 -0.148504 -0.569288 0.822138 -0.000000 0.000001 -0.000001 -0.000000 1.000000 -0.000001 0.000000 0.000000 0.000000 1.000000
0.822138 0.569288 0.000001 -0.148503 -0.569288 0.822138 -0.000000 0.000001 -0.000001 -0.000000 1.000000 -0.000001 0.000000 0.000000 0.000000 1.000000
0.822138 0.569288 0.000001 -0.148504 -0.569288 0.822138 -0.000000 0.000001 -0.000001 -0.000000 1.000000 -0.000001 0.000000 0.000000 0.000000 1.000000
0.822138 0.569288 0.000001 -0.148503 -0.569288 0.822138 -0.000000 0.000001 -0.000001 -0.000000 1.000000 -0.000001 0.000000 0.000000 0.000000 1.000000
0.822138 0.569288 0.000001 -0.148503 -0.569288 0.822138 -0.000000 0.000001 -0.000001 -0.000000 1.000000 -0.000001 0.000000 0.000000 0.000000 1.000000
0.822138 0.569288 0.000001 -0.148503 -0.569288 0.822138 -0.000000 0.000001 -0.000001 -0.000000 1.000000 -0.000001 0.000000 0.000000 0.000000 1.000000
0.822139 0.569288 0.000001 -0.148503 -0.569288 0.822138 -0.000000 0.000001 -0.000001 -0.000000 1.000000 -0.000001 0.000000 0.000000 0.000000 1.000000
0.822138 0.569288 0.000001 -0.148503 -0.569288 0.822138 -0.000000 0.000002 -0.000001 -0.000000 1.000000 -0.000001 0.000000 0.000000 0.000000 1.000000
0.822138 0.569288 0.000001 -0.148503 -0.569288 0.822138 -0.000000 0.000001 -0.000001 -0.000000 1.000000 -0.000001 0.000000 0.000000 0.000000 1.000000
0.822138 0.569288 0.000001 -0.148503 -0.569288 0.822138 -0.000000 0.000002 -0.000001 -0.000000 1.000000 -0.000001 0.000000 0.000000 0.000000 1.000000
0.822138 0.569288 0.000001 -0.148503 -0.569288 0.822138 -0.000000 0.000002 -0.000001 -0.000000 1.000000 -0.000001 0.000000 0.000000 0.000000 1.000000
0.822138 0.569288 0.000001 -0.148503 -0.569288 0.822138 -0.000000 0.000001 -0.000001 -0.000000 1.000000 -0.000001 0.000000 0.000000 0.000000 1.000000</float_array>
     <technique_common>
      <accessor source="#jnt_left_handpinky2-Matrix-animation-output-transform-array" count="20" stride="16">
       <param type="float4x4"></param>
      </accessor>
     </technique_common>
    </source>
    <source id="jnt_left_handpinky2-Interpolations">
     <Name_array id="jnt_left_handpinky2-Interpolations-array" count="20">
 LINEAR LINEAR LINEAR LINEAR LINEAR LINEAR LINEAR LINEAR LINEAR LINEAR LINEAR
LINEAR LINEAR LINEAR LINEAR LINEAR LINEAR LINEAR LINEAR LINEAR</Name_array>
     <technique_common>
      <accessor source="#jnt_left_handpinky2-Interpolations-array" count="20">
       <param type="name"></param>
      </accessor>
     </technique_common>
    </source>
    <sampler id="jnt_left_handpinky2-Matrix-animation-transform">
     <input semantic="INPUT" source="#jnt_left_handpinky2-Matrix-animation-input"></input>
     <input semantic="OUTPUT" source="#jnt_left_handpinky2-Matrix-animation-output-transform"></input>
     <input semantic="INTERPOLATION" source="#jnt_left_handpinky2-Interpolations"></input>
    </sampler>
    <channel source="#jnt_left_handpinky2-Matrix-animation-transform" target="jnt_left_handpinky2/matrix"></channel>
   </animation>
  </animation>
  <animation id="jnt_left_handpinky3-anim" name="jnt_left_handpinky3">
   <animation>
    <source id="jnt_left_handpinky3-Matrix-animation-input">
     <float_array id="jnt_left_handpinky3-Matrix-animation-input-array" count="20">

0.000000 0.033333 0.066667 0.100000 0.133333 0.166667 0.200000 0.233333 0.266667 0.300000 0.333333 0.366667 0.400000 0.433333 0.466667 0.500000
0.533333 0.566667 0.600000 0.633333</float_array>
     <technique_common>
      <accessor source="#jnt_left_handpinky3-Matrix-animation-input-array" count="20">
       <param name="TIME" type="float"></param>
      </accessor>
     </technique_common>
    </source>
    <source id="jnt_left_handpinky3-Matrix-animation-output-transform">
     <float_array id="jnt_left_handpinky3-Matrix-animation-output-transform-array" count="320">

0.936795 0.349878 -0.000000 -0.075474 -0.349878 0.936795 -0.000001 0.000002 0.000000 0.000001 1.000000 0.000000 0.000000 0.000000 0.000000 1.000000
0.936795 0.349878 -0.000000 -0.075474 -0.349878 0.936795 -0.000001 0.000002 0.000000 0.000001 1.000000 -0.000000 0.000000 0.000000 0.000000 1.000000
0.936795 0.349878 -0.000000 -0.075473 -0.349878 0.936795 -0.000001 0.000002 0.000000 0.000001 1.000000 0.000000 0.000000 0.000000 0.000000 1.000000
0.936795 0.349878 -0.000000 -0.075474 -0.349878 0.936795 -0.000001 0.000002 0.000000 0.000001 1.000000 -0.000000 0.000000 0.000000 0.000000 1.000000
0.936795 0.349878 -0.000000 -0.075473 -0.349878 0.936795 -0.000001 0.000002 0.000000 0.000001 1.000000 -0.000000 0.000000 0.000000 0.000000 1.000000
0.936795 0.349878 -0.000000 -0.075474 -0.349878 0.936795 -0.000001 0.000002 0.000000 0.000001 1.000000 -0.000000 0.000000 0.000000 0.000000 1.000000
0.936795 0.349878 -0.000000 -0.075474 -0.349878 0.936795 -0.000001 0.000002 0.000000 0.000001 1.000000 0.000000 0.000000 0.000000 0.000000 1.000000
0.936795 0.349878 -0.000000 -0.075473 -0.349878 0.936795 -0.000001 0.000002 0.000000 0.000001 1.000000 0.000000 0.000000 0.000000 0.000000 1.000000
0.936795 0.349878 -0.000000 -0.075475 -0.349878 0.936795 -0.000001 0.000001 0.000000 0.000001 1.000000 -0.000000 0.000000 0.000000 0.000000 1.000000
0.936795 0.349878 -0.000000 -0.075475 -0.349878 0.936795 -0.000001 0.000001 0.000000 0.000001 1.000000 -0.000000 0.000000 0.000000 0.000000 1.000000
0.936795 0.349878 -0.000000 -0.075474 -0.349878 0.936795 -0.000001 0.000002 0.000000 0.000001 1.000000 0.000000 0.000000 0.000000 0.000000 1.000000
0.936795 0.349878 -0.000000 -0.075474 -0.349878 0.936795 -0.000001 0.000003 0.000000 0.000001 1.000000 -0.000000 0.000000 0.000000 0.000000 1.000000
0.936795 0.349878 -0.000000 -0.075474 -0.349878 0.936795 -0.000001 0.000001 0.000000 0.000001 1.000000 0.000000 0.000000 0.000000 0.000000 1.000000
0.936795 0.349878 -0.000000 -0.075474 -0.349878 0.936795 -0.000001 0.000002 0.000000 0.000001 1.000000 0.000000 0.000000 0.000000 0.000000 1.000000
0.936795 0.349878 -0.000000 -0.075474 -0.349878 0.936795 -0.000001 0.000001 0.000000 0.000001 1.000000 -0.000001 0.000000 0.000000 0.000000 1.000000
0.936795 0.349878 -0.000000 -0.075474 -0.349878 0.936795 -0.000001 0.000003 0.000000 0.000001 1.000000 -0.000000 0.000000 0.000000 0.000000 1.000000
0.936795 0.349878 -0.000000 -0.075474 -0.349878 0.936795 -0.000001 0.000002 0.000000 0.000001 1.000000 -0.000000 0.000000 0.000000 0.000000 1.000000
0.936795 0.349878 -0.000000 -0.075474 -0.349878 0.936795 -0.000001 0.000002 0.000000 0.000001 1.000000 -0.000000 0.000000 0.000000 0.000000 1.000000
0.936795 0.349878 -0.000000 -0.075474 -0.349878 0.936795 -0.000001 0.000001 0.000000 0.000001 1.000000 0.000000 0.000000 0.000000 0.000000 1.000000
0.936795 0.349878 -0.000000 -0.075473 -0.349878 0.936795 -0.000001 0.000002 0.000000 0.000001 1.000000 -0.000000 0.000000 0.000000 0.000000 1.000000</float_array>
     <technique_common>
      <accessor source="#jnt_left_handpinky3-Matrix-animation-output-transform-array" count="20" stride="16">
       <param type="float4x4"></param>
      </accessor>
     </technique_common>
    </source>
    <source id="jnt_left_handpinky3-Interpolations">
     <Name_array id="jnt_left_handpinky3-Interpolations-array" count="20">
 LINEAR LINEAR LINEAR LINEAR LINEAR LINEAR LINEAR LINEAR LINEAR LINEAR LINEAR
LINEAR LINEAR LINEAR LINEAR LINEAR LINEAR LINEAR LINEAR LINEAR</Name_array>
     <technique_common>
      <accessor source="#jnt_left_handpinky3-Interpolations-array" count="20">
       <param type="name"></param>
      </accessor>
     </technique_common>
    </source>
    <sampler id="jnt_left_handpinky3-Matrix-animation-transform">
     <input semantic="INPUT" source="#jnt_left_handpinky3-Matrix-animation-input"></input>
     <input semantic="OUTPUT" source="#jnt_left_handpinky3-Matrix-animation-output-transform"></input>
     <input semantic="INTERPOLATION" source="#jnt_left_handpinky3-Interpolations"></input>
    </sampler>
    <channel source="#jnt_left_handpinky3-Matrix-animation-transform" target="jnt_left_handpinky3/matrix"></channel>
   </animation>
  </animation>
  <animation id="jnt_left_handpinky4-anim" name="jnt_left_handpinky4">
   <animation>
    <source id="jnt_left_handpinky4-Matrix-animation-input">
     <float_array id="jnt_left_handpinky4-Matrix-animation-input-array" count="20">

0.000000 0.033333 0.066667 0.100000 0.133333 0.166667 0.200000 0.233333 0.266667 0.300000 0.333333 0.366667 0.400000 0.433333 0.466667 0.500000
0.533333 0.566667 0.600000 0.633333</float_array>
     <technique_common>
      <accessor source="#jnt_left_handpinky4-Matrix-animation-input-array" count="20">
       <param name="TIME" type="float"></param>
      </accessor>
     </technique_common>
    </source>
    <source id="jnt_left_handpinky4-Matrix-animation-output-transform">
     <float_array id="jnt_left_handpinky4-Matrix-animation-output-transform-array" count="320">

1.000000 0.000001 -0.000000 -0.101158 -0.000001 1.000000 0.000000 -0.000003 0.000000 -0.000000 1.000000 0.000000 0.000000 0.000000 0.000000 1.000000
1.000000 0.000000 -0.000000 -0.101158 -0.000000 1.000000 0.000000 -0.000003 0.000000 -0.000000 1.000000 0.000000 0.000000 0.000000 0.000000 1.000000
1.000000 0.000001 -0.000000 -0.101158 -0.000001 1.000000 -0.000000 -0.000003 0.000000 0.000000 1.000000 -0.000000 0.000000 0.000000 0.000000 1.000000
1.000000 0.000001 0.000000 -0.101158 -0.000001 1.000000 0.000000 -0.000003 -0.000000 -0.000000 1.000000 -0.000000 0.000000 0.000000 0.000000 1.000000
1.000000 0.000000 -0.000000 -0.101158 -0.000000 1.000000 0.000000 -0.000003 0.000000 -0.000000 1.000000 0.000000 0.000000 0.000000 0.000000 1.000000
1.000000 0.000000 -0.000000 -0.101158 -0.000000 1.000000 -0.000000 -0.000003 0.000000 0.000000 1.000000 0.000000 0.000000 0.000000 0.000000 1.000000
1.000000 0.000001 0.000000 -0.101158 -0.000001 1.000000 0.000000 -0.000003 -0.000000 -0.000000 1.000000 -0.000000 0.000000 0.000000 0.000000 1.000000
1.000000 0.000000 0.000000 -0.101158 -0.000000 1.000000 -0.000000 -0.000003 -0.000000 0.000000 1.000000 -0.000000 0.000000 0.000000 0.000000 1.000000
1.000000 0.000000 0.000000 -0.101158 -0.000000 1.000000 -0.000000 -0.000003 -0.000000 0.000000 1.000000 -0.000000 0.000000 0.000000 0.000000 1.000000
1.000000 0.000001 0.000000 -0.101158 -0.000001 1.000000 -0.000000 -0.000003 -0.000000 0.000000 1.000000 -0.000000 0.000000 0.000000 0.000000 1.000000
1.000000 0.000001 0.000000 -0.101158 -0.000001 1.000000 0.000000 -0.000003 -0.000000 -0.000000 1.000000 -0.000000 0.000000 0.000000 0.000000 1.000000
1.000000 0.000000 -0.000000 -0.101158 -0.000000 1.000000 -0.000000 -0.000003 0.000000 0.000000 1.000000 -0.000000 0.000000 0.000000 0.000000 1.000000
1.000000 0.000000 -0.000000 -0.101158 -0.000000 1.000000 -0.000000 -0.000003 0.000000 0.000000 1.000000 0.000000 0.000000 0.000000 0.000000 1.000000
1.000000 0.000001 0.000000 -0.101158 -0.000001 1.000000 0.000000 -0.000003 -0.000000 -0.000000 1.000000 -0.000000 0.000000 0.000000 0.000000 1.000000
1.000000 0.000000 -0.000000 -0.101158 -0.000000 1.000000 0.000000 -0.000004 0.000000 -0.000000 1.000000 -0.000000 0.000000 0.000000 0.000000 1.000000
1.000000 0.000000 -0.000000 -0.101158 -0.000000 1.000000 -0.000000 -0.000003 0.000000 0.000000 1.000000 -0.000000 0.000000 0.000000 0.000000 1.000000
1.000000 0.000000 -0.000000 -0.101158 -0.000000 1.000000 0.000000 -0.000004 0.000000 -0.000000 1.000000 -0.000000 0.000000 0.000000 0.000000 1.000000
1.000000 0.000001 0.000000 -0.101158 -0.000001 1.000000 -0.000000 -0.000003 -0.000000 0.000000 1.000000 -0.000000 0.000000 0.000000 0.000000 1.000000
1.000000 0.000001 -0.000000 -0.101158 -0.000001 1.000000 0.000000 -0.000003 0.000000 -0.000000 1.000000 0.000000 0.000000 0.000000 0.000000 1.000000
1.000000 0.000001 0.000000 -0.101158 -0.000001 1.000000 -0.000000 -0.000003 -0.000000 0.000000 1.000000 0.000000 0.000000 0.000000 0.000000 1.000000</float_array>
     <technique_common>
      <accessor source="#jnt_left_handpinky4-Matrix-animation-output-transform-array" count="20" stride="16">
       <param type="float4x4"></param>
      </accessor>
     </technique_common>
    </source>
    <source id="jnt_left_handpinky4-Interpolations">
     <Name_array id="jnt_left_handpinky4-Interpolations-array" count="20">
 LINEAR LINEAR LINEAR LINEAR LINEAR LINEAR LINEAR LINEAR LINEAR LINEAR LINEAR
LINEAR LINEAR LINEAR LINEAR LINEAR LINEAR LINEAR LINEAR LINEAR</Name_array>
     <technique_common>
      <accessor source="#jnt_left_handpinky4-Interpolations-array" count="20">
       <param type="name"></param>
      </accessor>
     </technique_common>
    </source>
    <sampler id="jnt_left_handpinky4-Matrix-animation-transform">
     <input semantic="INPUT" source="#jnt_left_handpinky4-Matrix-animation-input"></input>
     <input semantic="OUTPUT" source="#jnt_left_handpinky4-Matrix-animation-output-transform"></input>
     <input semantic="INTERPOLATION" source="#jnt_left_handpinky4-Interpolations"></input>
    </sampler>
    <channel source="#jnt_left_handpinky4-Matrix-animation-transform" target="jnt_left_handpinky4/matrix"></channel>
   </animation>
  </animation>
  <animation id="jnt_right_armroot-anim" name="jnt_right_armroot">
   <animation>
    <source id="jnt_right_armroot-Matrix-animation-input">
     <float_array id="jnt_right_armroot-Matrix-animation-input-array" count="20">

0.000000 0.033333 0.066667 0.100000 0.133333 0.166667 0.200000 0.233333 0.266667 0.300000 0.333333 0.366667 0.400000 0.433333 0.466667 0.500000
0.533333 0.566667 0.600000 0.633333</float_array>
     <technique_common>
      <accessor source="#jnt_right_armroot-Matrix-animation-input-array" count="20">
       <param name="TIME" type="float"></param>
      </accessor>
     </technique_common>
    </source>
    <source id="jnt_right_armroot-Matrix-animation-output-transform">
     <float_array id="jnt_right_armroot-Matrix-animation-output-transform-array" count="320">

1.000000 -0.000004 -0.000000 -1.159978 0.000004 1.000000 -0.000000 -0.738130 0.000000 0.000000 1.000000 0.820651 0.000000 0.000000 0.000000 1.000000
1.000000 -0.000004 -0.000000 -1.159978 0.000004 1.000000 -0.000000 -0.738130 0.000000 0.000000 1.000000 0.820651 0.000000 0.000000 0.000000 1.000000
1.000000 -0.000004 -0.000000 -1.159978 0.000004 1.000000 -0.000000 -0.738130 0.000000 0.000000 1.000000 0.820651 0.000000 0.000000 0.000000 1.000000
1.000000 -0.000004 -0.000000 -1.159978 0.000004 1.000000 -0.000000 -0.738130 0.000000 0.000000 1.000000 0.820651 0.000000 0.000000 0.000000 1.000000
1.000000 -0.000004 -0.000000 -1.159978 0.000004 1.000000 -0.000000 -0.738130 0.000000 0.000000 1.000000 0.820651 0.000000 0.000000 0.000000 1.000000
1.000000 -0.000004 -0.000000 -1.159978 0.000004 1.000000 -0.000000 -0.738130 0.000000 0.000000 1.000000 0.820651 0.000000 0.000000 0.000000 1.000000
1.000000 -0.000004 -0.000000 -1.159978 0.000004 1.000000 -0.000000 -0.738130 0.000000 0.000000 1.000000 0.820651 0.000000 0.000000 0.000000 1.000000
1.000000 -0.000004 -0.000000 -1.159978 0.000004 1.000000 -0.000000 -0.738130 0.000000 0.000000 1.000000 0.820651 0.000000 0.000000 0.000000 1.000000
1.000000 -0.000004 -0.000000 -1.159978 0.000004 1.000000 -0.000000 -0.738130 0.000000 0.000000 1.000000 0.820651 0.000000 0.000000 0.000000 1.000000
1.000000 -0.000004 -0.000000 -1.159978 0.000004 1.000000 -0.000000 -0.738130 0.000000 0.000000 1.000000 0.820651 0.000000 0.000000 0.000000 1.000000
1.000000 -0.000004 -0.000000 -1.159978 0.000004 1.000000 -0.000000 -0.738130 0.000000 0.000000 1.000000 0.820651 0.000000 0.000000 0.000000 1.000000
1.000000 -0.000004 -0.000000 -1.159978 0.000004 1.000000 -0.000000 -0.738130 0.000000 0.000000 1.000000 0.820651 0.000000 0.000000 0.000000 1.000000
1.000000 -0.000004 -0.000000 -1.159978 0.000004 1.000000 -0.000000 -0.738130 0.000000 0.000000 1.000000 0.820651 0.000000 0.000000 0.000000 1.000000
1.000000 -0.000004 -0.000000 -1.159978 0.000004 1.000000 -0.000000 -0.738130 0.000000 0.000000 1.000000 0.820651 0.000000 0.000000 0.000000 1.000000
1.000000 -0.000004 -0.000000 -1.159978 0.000004 1.000000 -0.000000 -0.738130 0.000000 0.000000 1.000000 0.820651 0.000000 0.000000 0.000000 1.000000
1.000000 -0.000004 -0.000000 -1.159978 0.000004 1.000000 -0.000000 -0.738130 0.000000 0.000000 1.000000 0.820651 0.000000 0.000000 0.000000 1.000000
1.000000 -0.000004 -0.000000 -1.159978 0.000004 1.000000 -0.000000 -0.738130 0.000000 0.000000 1.000000 0.820651 0.000000 0.000000 0.000000 1.000000
1.000000 -0.000004 -0.000000 -1.159978 0.000004 1.000000 -0.000000 -0.738130 0.000000 0.000000 1.000000 0.820651 0.000000 0.000000 0.000000 1.000000
1.000000 -0.000004 -0.000000 -1.159978 0.000004 1.000000 -0.000000 -0.738130 0.000000 0.000000 1.000000 0.820651 0.000000 0.000000 0.000000 1.000000
1.000000 -0.000004 -0.000000 -1.159978 0.000004 1.000000 -0.000000 -0.738130 0.000000 0.000000 1.000000 0.820651 0.000000 0.000000 0.000000 1.000000</float_array>
     <technique_common>
      <accessor source="#jnt_right_armroot-Matrix-animation-output-transform-array" count="20" stride="16">
       <param type="float4x4"></param>
      </accessor>
     </technique_common>
    </source>
    <source id="jnt_right_armroot-Interpolations">
     <Name_array id="jnt_right_armroot-Interpolations-array" count="20">
 LINEAR LINEAR LINEAR LINEAR LINEAR LINEAR LINEAR LINEAR LINEAR LINEAR LINEAR
LINEAR LINEAR LINEAR LINEAR LINEAR LINEAR LINEAR LINEAR LINEAR</Name_array>
     <technique_common>
      <accessor source="#jnt_right_armroot-Interpolations-array" count="20">
       <param type="name"></param>
      </accessor>
     </technique_common>
    </source>
    <sampler id="jnt_right_armroot-Matrix-animation-transform">
     <input semantic="INPUT" source="#jnt_right_armroot-Matrix-animation-input"></input>
     <input semantic="OUTPUT" source="#jnt_right_armroot-Matrix-animation-output-transform"></input>
     <input semantic="INTERPOLATION" source="#jnt_right_armroot-Interpolations"></input>
    </sampler>
    <channel source="#jnt_right_armroot-Matrix-animation-transform" target="jnt_right_armroot/matrix"></channel>
   </animation>
  </animation>
  <animation id="jnt_right_shoulder-anim" name="jnt_right_shoulder">
   <animation>
    <source id="jnt_right_shoulder-Matrix-animation-input">
     <float_array id="jnt_right_shoulder-Matrix-animation-input-array" count="20">

0.000000 0.033333 0.066667 0.100000 0.133333 0.166667 0.200000 0.233333 0.266667 0.300000 0.333333 0.366667 0.400000 0.433333 0.466667 0.500000
0.533333 0.566667 0.600000 0.633333</float_array>
     <technique_common>
      <accessor source="#jnt_right_shoulder-Matrix-animation-input-array" count="20">
       <param name="TIME" type="float"></param>
      </accessor>
     </technique_common>
    </source>
    <source id="jnt_right_shoulder-Matrix-animation-output-transform">
     <float_array id="jnt_right_shoulder-Matrix-animation-output-transform-array" count="320">

0.019288 -0.092831 0.995495 0.635987 -0.352003 0.931300 0.093665 0.114390 -0.935800 -0.352224 -0.014713 -0.266187 0.000000 0.000000 0.000000 1.000000
0.019288 -0.092831 0.995495 0.635987 -0.352003 0.931300 0.093665 0.114390 -0.935800 -0.352224 -0.014713 -0.266187 0.000000 0.000000 0.000000 1.000000
0.019288 -0.092831 0.995495 0.635987 -0.352003 0.931300 0.093665 0.114390 -0.935800 -0.352224 -0.014713 -0.266187 0.000000 0.000000 0.000000 1.000000
0.019288 -0.092831 0.995495 0.635987 -0.352003 0.931300 0.093665 0.114390 -0.935800 -0.352224 -0.014713 -0.266187 0.000000 0.000000 0.000000 1.000000
0.019288 -0.092831 0.995495 0.635987 -0.352003 0.931300 0.093665 0.114390 -0.935800 -0.352224 -0.014713 -0.266187 0.000000 0.000000 0.000000 1.000000
0.019288 -0.092831 0.995495 0.635987 -0.352003 0.931300 0.093665 0.114390 -0.935800 -0.352224 -0.014713 -0.266187 0.000000 0.000000 0.000000 1.000000
0.019288 -0.092831 0.995495 0.635987 -0.352003 0.931300 0.093665 0.114390 -0.935800 -0.352224 -0.014713 -0.266187 0.000000 0.000000 0.000000 1.000000
0.019288 -0.092831 0.995495 0.635987 -0.352003 0.931300 0.093665 0.114390 -0.935800 -0.352224 -0.014713 -0.266187 0.000000 0.000000 0.000000 1.000000
0.019288 -0.092831 0.995495 0.635987 -0.352003 0.931300 0.093665 0.114390 -0.935800 -0.352224 -0.014713 -0.266187 0.000000 0.000000 0.000000 1.000000
0.019288 -0.092831 0.995495 0.635987 -0.352003 0.931300 0.093665 0.114390 -0.935800 -0.352224 -0.014713 -0.266187 0.000000 0.000000 0.000000 1.000000
0.019288 -0.092831 0.995495 0.635987 -0.352003 0.931300 0.093665 0.114390 -0.935800 -0.352224 -0.014713 -0.266187 0.000000 0.000000 0.000000 1.000000
0.019288 -0.092831 0.995495 0.635987 -0.352003 0.931300 0.093665 0.114390 -0.935800 -0.352224 -0.014713 -0.266187 0.000000 0.000000 0.000000 1.000000
0.019288 -0.092831 0.995495 0.635987 -0.352003 0.931300 0.093665 0.114390 -0.935800 -0.352224 -0.014713 -0.266187 0.000000 0.000000 0.000000 1.000000
0.019288 -0.092831 0.995495 0.635987 -0.352003 0.931300 0.093665 0.114390 -0.935800 -0.352224 -0.014713 -0.266187 0.000000 0.000000 0.000000 1.000000
0.019288 -0.092831 0.995495 0.635987 -0.352003 0.931300 0.093665 0.114390 -0.935800 -0.352224 -0.014713 -0.266187 0.000000 0.000000 0.000000 1.000000
0.019288 -0.092831 0.995495 0.635987 -0.352003 0.931300 0.093665 0.114390 -0.935800 -0.352224 -0.014713 -0.266187 0.000000 0.000000 0.000000 1.000000
0.019288 -0.092831 0.995495 0.635987 -0.352003 0.931300 0.093665 0.114390 -0.935800 -0.352224 -0.014713 -0.266187 0.000000 0.000000 0.000000 1.000000
0.019288 -0.092831 0.995495 0.635987 -0.352003 0.931300 0.093665 0.114390 -0.935800 -0.352224 -0.014713 -0.266187 0.000000 0.000000 0.000000 1.000000
0.019288 -0.092831 0.995495 0.635987 -0.352003 0.931300 0.093665 0.114390 -0.935800 -0.352224 -0.014713 -0.266187 0.000000 0.000000 0.000000 1.000000
0.019288 -0.092831 0.995495 0.635987 -0.352003 0.931300 0.093665 0.114390 -0.935800 -0.352224 -0.014713 -0.266187 0.000000 0.000000 0.000000 1.000000</float_array>
     <technique_common>
      <accessor source="#jnt_right_shoulder-Matrix-animation-output-transform-array" count="20" stride="16">
       <param type="float4x4"></param>
      </accessor>
     </technique_common>
    </source>
    <source id="jnt_right_shoulder-Interpolations">
     <Name_array id="jnt_right_shoulder-Interpolations-array" count="20">
 LINEAR LINEAR LINEAR LINEAR LINEAR LINEAR LINEAR LINEAR LINEAR LINEAR LINEAR
LINEAR LINEAR LINEAR LINEAR LINEAR LINEAR LINEAR LINEAR LINEAR</Name_array>
     <technique_common>
      <accessor source="#jnt_right_shoulder-Interpolations-array" count="20">
       <param type="name"></param>
      </accessor>
     </technique_common>
    </source>
    <sampler id="jnt_right_shoulder-Matrix-animation-transform">
     <input semantic="INPUT" source="#jnt_right_shoulder-Matrix-animation-input"></input>
     <input semantic="OUTPUT" source="#jnt_right_shoulder-Matrix-animation-output-transform"></input>
     <input semantic="INTERPOLATION" source="#jnt_right_shoulder-Interpolations"></input>
    </sampler>
    <channel source="#jnt_right_shoulder-Matrix-animation-transform" target="jnt_right_shoulder/matrix"></channel>
   </animation>
  </animation>
  <animation id="jnt_right_arm-anim" name="jnt_right_arm">
   <animation>
    <source id="jnt_right_arm-Matrix-animation-input">
     <float_array id="jnt_right_arm-Matrix-animation-input-array" count="20">

0.000000 0.033333 0.066667 0.100000 0.133333 0.166667 0.200000 0.233333 0.266667 0.300000 0.333333 0.366667 0.400000 0.433333 0.466667 0.500000
0.533333 0.566667 0.600000 0.633333</float_array>
     <technique_common>
      <accessor source="#jnt_right_arm-Matrix-animation-input-array" count="20">
       <param name="TIME" type="float"></param>
      </accessor>
     </technique_common>
    </source>
    <source id="jnt_right_arm-Matrix-animation-output-transform">
     <float_array id="jnt_right_arm-Matrix-animation-output-transform-array" count="320">

0.038075 -0.951511 0.305247 0.525417 -0.387332 -0.295641 -0.873253 0.032447 0.921154 -0.084983 -0.379808 -0.009491 0.000000 0.000000 0.000000 1.000000
0.082507 -0.951603 0.296047 0.525417 -0.577817 -0.287711 -0.763774 0.032447 0.811986 -0.108044 -0.573591 -0.009491 0.000000 0.000000 0.000000 1.000000
0.081794 -0.951716 0.295879 0.525417 -0.576275 -0.287377 -0.765063 0.032447 0.813153 -0.107929 -0.571956 -0.009491 0.000000 0.000000 0.000000 1.000000
0.078932 -0.952038 0.295621 0.525417 -0.568154 -0.286632 -0.771390 0.032447 0.819128 -0.107071 -0.563529 -0.009491 0.000000 0.000000 0.000000 1.000000
0.073501 -0.952553 0.295361 0.525417 -0.551760 -0.285547 -0.783597 0.032447 0.830758 -0.105373 -0.546569 -0.009491 0.000000 0.000000 0.000000 1.000000
0.066646 -0.953075 0.295304 0.525417 -0.529642 -0.284615 -0.799046 0.032447 0.845599 -0.103152 -0.523757 -0.009491 0.000000 0.000000 0.000000 1.000000
0.060045 -0.953417 0.295616 0.525417 -0.505620 -0.284397 -0.814535 0.032447 0.860665 -0.100561 -0.499143 -0.009491 0.000000 0.000000 0.000000 1.000000
0.055597 -0.953262 0.296983 0.525417 -0.484055 -0.285884 -0.827019 0.032447 0.873270 -0.097776 -0.477326 -0.009491 0.000000 0.000000 0.000000 1.000000
0.052054 -0.953030 0.298367 0.525417 -0.465674 -0.287465 -0.836966 0.032447 0.883424 -0.095374 -0.458765 -0.009491 0.000000 0.000000 0.000000 1.000000
0.048916 -0.952786 0.299675 0.525417 -0.449106 -0.288974 -0.845457 0.032447 0.892139 -0.093229 -0.442037 -0.009491 0.000000 0.000000 0.000000 1.000000
0.046198 -0.952503 0.301003 0.525417 -0.433953 -0.290543 -0.852801 0.032447 0.899750 -0.091224 -0.426765 -0.009491 0.000000 0.000000 0.000000 1.000000
0.043911 -0.952204 0.302289 0.525417 -0.420506 -0.292088 -0.858987 0.032447 0.906226 -0.089395 -0.413234 -0.009491 0.000000 0.000000 0.000000 1.000000
0.042040 -0.951921 0.303444 0.525417 -0.409061 -0.293490 -0.864021 0.032447 0.911538 -0.087804 -0.401732 -0.009491 0.000000 0.000000 0.000000 1.000000
0.040570 -0.951685 0.304381 0.525417 -0.399913 -0.294633 -0.867906 0.032447 0.915655 -0.086515 -0.392544 -0.009491 0.000000 0.000000 0.000000 1.000000
0.039485 -0.951529 0.305012 0.525417 -0.393349 -0.295405 -0.870639 0.032447 0.918541 -0.085599 -0.385947 -0.009491 0.000000 0.000000 0.000000 1.000000
0.038757 -0.951476 0.305272 0.525417 -0.389551 -0.295717 -0.872239 0.032447 0.920189 -0.085113 -0.382110 -0.009491 0.000000 0.000000 0.000000 1.000000
0.038309 -0.951483 0.305305 0.525417 -0.387831 -0.295736 -0.872999 0.032447 0.920934 -0.084963 -0.380344 -0.009491 0.000000 0.000000 0.000000 1.000000
0.038100 -0.951506 0.305259 0.525417 -0.387354 -0.295659 -0.873237 0.032447 0.921143 -0.084973 -0.379835 -0.009491 0.000000 0.000000 0.000000 1.000000
0.038075 -0.951511 0.305247 0.525417 -0.387332 -0.295641 -0.873253 0.032447 0.921154 -0.084983 -0.379808 -0.009491 0.000000 0.000000 0.000000 1.000000
0.038075 -0.951511 0.305247 0.525417 -0.387332 -0.295641 -0.873253 0.032447 0.921154 -0.084983 -0.379808 -0.009491 0.000000 0.000000 0.000000 1.000000</float_array>
     <technique_common>
      <accessor source="#jnt_right_arm-Matrix-animation-output-transform-array" count="20" stride="16">
       <param type="float4x4"></param>
      </accessor>
     </technique_common>
    </source>
    <source id="jnt_right_arm-Interpolations">
     <Name_array id="jnt_right_arm-Interpolations-array" count="20">
 LINEAR LINEAR LINEAR LINEAR LINEAR LINEAR LINEAR LINEAR LINEAR LINEAR LINEAR
LINEAR LINEAR LINEAR LINEAR LINEAR LINEAR LINEAR LINEAR LINEAR</Name_array>
     <technique_common>
      <accessor source="#jnt_right_arm-Interpolations-array" count="20">
       <param type="name"></param>
      </accessor>
     </technique_common>
    </source>
    <sampler id="jnt_right_arm-Matrix-animation-transform">
     <input semantic="INPUT" source="#jnt_right_arm-Matrix-animation-input"></input>
     <input semantic="OUTPUT" source="#jnt_right_arm-Matrix-animation-output-transform"></input>
     <input semantic="INTERPOLATION" source="#jnt_right_arm-Interpolations"></input>
    </sampler>
    <channel source="#jnt_right_arm-Matrix-animation-transform" target="jnt_right_arm/matrix"></channel>
   </animation>
  </animation>
  <animation id="jnt_right_armroll-anim" name="jnt_right_armroll">
   <animation>
    <source id="jnt_right_armroll-Matrix-animation-input">
     <float_array id="jnt_right_armroll-Matrix-animation-input-array" count="20">

0.000000 0.033333 0.066667 0.100000 0.133333 0.166667 0.200000 0.233333 0.266667 0.300000 0.333333 0.366667 0.400000 0.433333 0.466667 0.500000
0.533333 0.566667 0.600000 0.633333</float_array>
     <technique_common>
      <accessor source="#jnt_right_armroll-Matrix-animation-input-array" count="20">
       <param name="TIME" type="float"></param>
      </accessor>
     </technique_common>
    </source>
    <source id="jnt_right_armroll-Matrix-animation-output-transform">
     <float_array id="jnt_right_armroll-Matrix-animation-output-transform-array" count="320">

1.000000 0.000000 -0.000000 0.421995 -0.000000 1.000000 0.000000 -0.000002 0.000000 -0.000000 1.000000 0.000004 0.000000 0.000000 0.000000 1.000000
1.000000 0.000000 -0.000000 0.421995 -0.000000 1.000000 0.000000 -0.000002 0.000000 -0.000000 1.000000 0.000004 0.000000 0.000000 0.000000 1.000000
1.000000 0.000000 -0.000000 0.421995 -0.000000 1.000000 0.000000 -0.000002 0.000000 -0.000000 1.000000 0.000004 0.000000 0.000000 0.000000 1.000000
1.000000 0.000000 -0.000000 0.421995 -0.000000 1.000000 0.000000 -0.000002 0.000000 -0.000000 1.000000 0.000004 0.000000 0.000000 0.000000 1.000000
1.000000 0.000000 -0.000000 0.421995 -0.000000 1.000000 0.000000 -0.000002 0.000000 -0.000000 1.000000 0.000004 0.000000 0.000000 0.000000 1.000000
1.000000 0.000000 -0.000000 0.421995 -0.000000 1.000000 0.000000 -0.000002 0.000000 -0.000000 1.000000 0.000004 0.000000 0.000000 0.000000 1.000000
1.000000 0.000000 -0.000000 0.421995 -0.000000 1.000000 0.000000 -0.000002 0.000000 -0.000000 1.000000 0.000004 0.000000 0.000000 0.000000 1.000000
1.000000 0.000000 -0.000000 0.421995 -0.000000 1.000000 0.000000 -0.000002 0.000000 -0.000000 1.000000 0.000004 0.000000 0.000000 0.000000 1.000000
1.000000 0.000000 -0.000000 0.421996 -0.000000 1.000000 0.000000 -0.000002 0.000000 -0.000000 1.000000 0.000004 0.000000 0.000000 0.000000 1.000000
1.000000 0.000000 -0.000000 0.421995 -0.000000 1.000000 0.000000 -0.000002 0.000000 -0.000000 1.000000 0.000004 0.000000 0.000000 0.000000 1.000000
1.000000 0.000000 -0.000000 0.421995 -0.000000 1.000000 0.000000 -0.000002 0.000000 -0.000000 1.000000 0.000004 0.000000 0.000000 0.000000 1.000000
1.000000 0.000000 -0.000000 0.421995 -0.000000 1.000000 -0.000000 -0.000002 0.000000 0.000000 1.000000 0.000004 0.000000 0.000000 0.000000 1.000000
1.000000 0.000000 -0.000000 0.421995 -0.000000 1.000000 0.000000 -0.000002 0.000000 -0.000000 1.000000 0.000004 0.000000 0.000000 0.000000 1.000000
1.000000 0.000000 -0.000000 0.421995 -0.000000 1.000000 0.000000 -0.000002 0.000000 -0.000000 1.000000 0.000004 0.000000 0.000000 0.000000 1.000000
1.000000 0.000000 -0.000000 0.421995 -0.000000 1.000000 0.000000 -0.000002 0.000000 -0.000000 1.000000 0.000004 0.000000 0.000000 0.000000 1.000000
1.000000 0.000000 -0.000000 0.421995 -0.000000 1.000000 0.000000 -0.000002 0.000000 -0.000000 1.000000 0.000004 0.000000 0.000000 0.000000 1.000000
1.000000 0.000000 -0.000000 0.421995 -0.000000 1.000000 0.000000 -0.000002 0.000000 -0.000000 1.000000 0.000004 0.000000 0.000000 0.000000 1.000000
1.000000 0.000000 -0.000000 0.421995 -0.000000 1.000000 0.000000 -0.000002 0.000000 -0.000000 1.000000 0.000004 0.000000 0.000000 0.000000 1.000000
1.000000 0.000000 -0.000000 0.421995 -0.000000 1.000000 0.000000 -0.000002 0.000000 -0.000000 1.000000 0.000004 0.000000 0.000000 0.000000 1.000000
1.000000 0.000000 -0.000000 0.421995 -0.000000 1.000000 0.000000 -0.000002 0.000000 -0.000000 1.000000 0.000004 0.000000 0.000000 0.000000 1.000000</float_array>
     <technique_common>
      <accessor source="#jnt_right_armroll-Matrix-animation-output-transform-array" count="20" stride="16">
       <param type="float4x4"></param>
      </accessor>
     </technique_common>
    </source>
    <source id="jnt_right_armroll-Interpolations">
     <Name_array id="jnt_right_armroll-Interpolations-array" count="20">
 LINEAR LINEAR LINEAR LINEAR LINEAR LINEAR LINEAR LINEAR LINEAR LINEAR LINEAR
LINEAR LINEAR LINEAR LINEAR LINEAR LINEAR LINEAR LINEAR LINEAR</Name_array>
     <technique_common>
      <accessor source="#jnt_right_armroll-Interpolations-array" count="20">
       <param type="name"></param>
      </accessor>
     </technique_common>
    </source>
    <sampler id="jnt_right_armroll-Matrix-animation-transform">
     <input semantic="INPUT" source="#jnt_right_armroll-Matrix-animation-input"></input>
     <input semantic="OUTPUT" source="#jnt_right_armroll-Matrix-animation-output-transform"></input>
     <input semantic="INTERPOLATION" source="#jnt_right_armroll-Interpolations"></input>
    </sampler>
    <channel source="#jnt_right_armroll-Matrix-animation-transform" target="jnt_right_armroll/matrix"></channel>
   </animation>
  </animation>
  <animation id="jnt_right_forearm-anim" name="jnt_right_forearm">
   <animation>
    <source id="jnt_right_forearm-Matrix-animation-input">
     <float_array id="jnt_right_forearm-Matrix-animation-input-array" count="20">

0.000000 0.033333 0.066667 0.100000 0.133333 0.166667 0.200000 0.233333 0.266667 0.300000 0.333333 0.366667 0.400000 0.433333 0.466667 0.500000
0.533333 0.566667 0.600000 0.633333</float_array>
     <technique_common>
      <accessor source="#jnt_right_forearm-Matrix-animation-input-array" count="20">
       <param name="TIME" type="float"></param>
      </accessor>
     </technique_common>
    </source>
    <source id="jnt_right_forearm-Matrix-animation-output-transform">
     <float_array id="jnt_right_forearm-Matrix-animation-output-transform-array" count="320">

0.357903 0.568954 0.740403 0.843981 -0.213669 0.821790 -0.528211 -0.000002 -0.908983 0.030847 0.415689 -0.000003 0.000000 0.000000 0.000000 1.000000
0.297651 0.576524 0.760936 0.843981 -0.265430 0.815612 -0.514123 -0.000002 -0.917033 -0.048946 0.395795 -0.000003 0.000000 0.000000 0.000000 1.000000
0.295385 0.576920 0.761518 0.843981 -0.264730 0.815300 -0.514979 -0.000002 -0.917968 -0.049480 0.393556 -0.000003 0.000000 0.000000 0.000000 1.000000
0.292403 0.577457 0.762262 0.843981 -0.261852 0.814982 -0.516950 -0.000002 -0.919747 -0.048442 0.389511 -0.000003 0.000000 0.000000 0.000000 1.000000
0.291291 0.577692 0.762510 0.843981 -0.256658 0.815046 -0.519447 -0.000002 -0.921562 -0.044394 0.385685 -0.000003 0.000000 0.000000 0.000000 1.000000
0.294183 0.577347 0.761660 0.843981 -0.250307 0.815650 -0.521594 -0.000002 -0.922390 -0.037205 0.384465 -0.000003 0.000000 0.000000 0.000000 1.000000
0.301301 0.576265 0.759695 0.843981 -0.243764 0.816795 -0.522900 -0.000002 -0.921844 -0.027636 0.386574 -0.000003 0.000000 0.000000 0.000000 1.000000
0.310230 0.575158 0.756935 0.843981 -0.237923 0.817853 -0.523935 -0.000002 -0.920407 -0.017552 0.390566 -0.000003 0.000000 0.000000 0.000000 1.000000
0.318833 0.574077 0.754175 0.843981 -0.233101 0.818756 -0.524692 -0.000002 -0.918700 -0.008510 0.394865 -0.000003 0.000000 0.000000 0.000000 1.000000
0.327177 0.572979 0.751432 0.843982 -0.228901 0.819569 -0.525272 -0.000002 -0.916820 -0.000147 0.399300 -0.000003 0.000000 0.000000 0.000000 1.000000
0.334740 0.572022 0.748826 0.843981 -0.225085 0.820204 -0.525930 -0.000002 -0.915033 0.007500 0.403308 -0.000003 0.000000 0.000000 0.000000 1.000000
0.341346 0.571216 0.746454 0.843981 -0.221708 0.820675 -0.526629 -0.000002 -0.913416 0.014268 0.406778 -0.000003 0.000000 0.000000 0.000000 1.000000
0.346904 0.570551 0.744399 0.843981 -0.218845 0.821018 -0.527291 -0.000002 -0.912011 0.020011 0.409677 -0.000003 0.000000 0.000000 0.000000 1.000000
0.351323 0.570014 0.742735 0.843981 -0.216572 0.821266 -0.527842 -0.000002 -0.910862 0.024588 0.411979 -0.000003 0.000000 0.000000 0.000000 1.000000
0.354528 0.569592 0.741536 0.843981 -0.214964 0.821455 -0.528206 -0.000002 -0.910000 0.027861 0.413670 -0.000003 0.000000 0.000000 0.000000 1.000000
0.356495 0.569271 0.740839 0.843981 -0.214076 0.821611 -0.528324 -0.000002 -0.909441 0.029748 0.414768 -0.000003 0.000000 0.000000 0.000000 1.000000
0.357508 0.569064 0.740509 0.843981 -0.213727 0.821723 -0.528291 -0.000002 -0.909125 0.030601 0.415397 -0.000003 0.000000 0.000000 0.000000 1.000000
0.357871 0.568966 0.740409 0.843981 -0.213666 0.821782 -0.528224 -0.000002 -0.908997 0.030836 0.415661 -0.000003 0.000000 0.000000 0.000000 1.000000
0.357903 0.568954 0.740403 0.843981 -0.213669 0.821790 -0.528211 -0.000002 -0.908983 0.030847 0.415689 -0.000003 0.000000 0.000000 0.000000 1.000000
0.357903 0.568954 0.740403 0.843981 -0.213669 0.821790 -0.528211 -0.000002 -0.908983 0.030847 0.415689 -0.000003 0.000000 0.000000 0.000000 1.000000</float_array>
     <technique_common>
      <accessor source="#jnt_right_forearm-Matrix-animation-output-transform-array" count="20" stride="16">
       <param type="float4x4"></param>
      </accessor>
     </technique_common>
    </source>
    <source id="jnt_right_forearm-Interpolations">
     <Name_array id="jnt_right_forearm-Interpolations-array" count="20">
 LINEAR LINEAR LINEAR LINEAR LINEAR LINEAR LINEAR LINEAR LINEAR LINEAR LINEAR
LINEAR LINEAR LINEAR LINEAR LINEAR LINEAR LINEAR LINEAR LINEAR</Name_array>
     <technique_common>
      <accessor source="#jnt_right_forearm-Interpolations-array" count="20">
       <param type="name"></param>
      </accessor>
     </technique_common>
    </source>
    <sampler id="jnt_right_forearm-Matrix-animation-transform">
     <input semantic="INPUT" source="#jnt_right_forearm-Matrix-animation-input"></input>
     <input semantic="OUTPUT" source="#jnt_right_forearm-Matrix-animation-output-transform"></input>
     <input semantic="INTERPOLATION" source="#jnt_right_forearm-Interpolations"></input>
    </sampler>
    <channel source="#jnt_right_forearm-Matrix-animation-transform" target="jnt_right_forearm/matrix"></channel>
   </animation>
  </animation>
  <animation id="jnt_right_forearmroll-anim" name="jnt_right_forearmroll">
   <animation>
    <source id="jnt_right_forearmroll-Matrix-animation-input">
     <float_array id="jnt_right_forearmroll-Matrix-animation-input-array" count="20">

0.000000 0.033333 0.066667 0.100000 0.133333 0.166667 0.200000 0.233333 0.266667 0.300000 0.333333 0.366667 0.400000 0.433333 0.466667 0.500000
0.533333 0.566667 0.600000 0.633333</float_array>
     <technique_common>
      <accessor source="#jnt_right_forearmroll-Matrix-animation-input-array" count="20">
       <param name="TIME" type="float"></param>
      </accessor>
     </technique_common>
    </source>
    <source id="jnt_right_forearmroll-Matrix-animation-output-transform">
     <float_array id="jnt_right_forearmroll-Matrix-animation-output-transform-array" count="320">

1.000000 0.000001 0.000000 0.487001 -0.000001 1.000000 -0.000000 -0.000000 -0.000000 0.000000 1.000000 0.000004 0.000000 0.000000 0.000000 1.000000
1.000000 0.000001 0.000000 0.487001 -0.000001 1.000000 -0.000000 -0.000000 -0.000000 0.000000 1.000000 0.000004 0.000000 0.000000 0.000000 1.000000
1.000000 0.000001 0.000000 0.487001 -0.000001 1.000000 -0.000000 -0.000000 -0.000000 0.000000 1.000000 0.000004 0.000000 0.000000 0.000000 1.000000
1.000000 0.000001 0.000000 0.487001 -0.000001 1.000000 -0.000000 -0.000000 -0.000000 0.000000 1.000000 0.000003 0.000000 0.000000 0.000000 1.000000
1.000000 0.000001 0.000000 0.487001 -0.000001 1.000000 -0.000000 -0.000000 -0.000000 0.000000 1.000000 0.000004 0.000000 0.000000 0.000000 1.000000
1.000000 0.000001 0.000000 0.487001 -0.000001 1.000000 -0.000000 -0.000000 -0.000000 0.000000 1.000000 0.000004 0.000000 0.000000 0.000000 1.000000
1.000000 0.000001 0.000000 0.487001 -0.000001 1.000000 -0.000000 -0.000000 -0.000000 0.000000 1.000000 0.000004 0.000000 0.000000 0.000000 1.000000
1.000000 0.000001 0.000000 0.487001 -0.000001 1.000000 -0.000000 -0.000000 -0.000000 0.000000 1.000000 0.000003 0.000000 0.000000 0.000000 1.000000
1.000000 0.000001 0.000000 0.487000 -0.000001 1.000000 -0.000000 -0.000000 -0.000000 0.000000 1.000000 0.000004 0.000000 0.000000 0.000000 1.000000
1.000000 0.000001 0.000000 0.487001 -0.000001 1.000000 -0.000000 -0.000000 -0.000000 0.000000 1.000000 0.000004 0.000000 0.000000 0.000000 1.000000
1.000000 0.000001 0.000000 0.487000 -0.000001 1.000000 -0.000000 -0.000000 -0.000000 0.000000 1.000000 0.000003 0.000000 0.000000 0.000000 1.000000
1.000000 0.000001 0.000000 0.487001 -0.000001 1.000000 -0.000000 -0.000000 -0.000000 0.000000 1.000000 0.000004 0.000000 0.000000 0.000000 1.000000
1.000000 0.000001 0.000000 0.487001 -0.000001 1.000000 -0.000000 -0.000000 -0.000000 0.000000 1.000000 0.000004 0.000000 0.000000 0.000000 1.000000
1.000000 0.000001 0.000000 0.487002 -0.000001 1.000000 -0.000000 -0.000000 -0.000000 0.000000 1.000000 0.000004 0.000000 0.000000 0.000000 1.000000
1.000000 0.000001 0.000000 0.487001 -0.000001 1.000000 -0.000000 -0.000000 -0.000000 0.000000 1.000000 0.000004 0.000000 0.000000 0.000000 1.000000
1.000000 0.000001 0.000000 0.487002 -0.000001 1.000000 -0.000000 -0.000000 -0.000000 0.000000 1.000000 0.000004 0.000000 0.000000 0.000000 1.000000
1.000000 0.000001 0.000000 0.487001 -0.000001 1.000000 -0.000000 -0.000000 -0.000000 0.000000 1.000000 0.000004 0.000000 0.000000 0.000000 1.000000
1.000000 0.000001 0.000000 0.487001 -0.000001 1.000000 -0.000000 -0.000000 -0.000000 0.000000 1.000000 0.000003 0.000000 0.000000 0.000000 1.000000
1.000000 0.000001 0.000000 0.487001 -0.000001 1.000000 -0.000000 -0.000000 -0.000000 0.000000 1.000000 0.000004 0.000000 0.000000 0.000000 1.000000
1.000000 0.000001 0.000000 0.487001 -0.000001 1.000000 -0.000000 -0.000000 -0.000000 0.000000 1.000000 0.000004 0.000000 0.000000 0.000000 1.000000</float_array>
     <technique_common>
      <accessor source="#jnt_right_forearmroll-Matrix-animation-output-transform-array" count="20" stride="16">
       <param type="float4x4"></param>
      </accessor>
     </technique_common>
    </source>
    <source id="jnt_right_forearmroll-Interpolations">
     <Name_array id="jnt_right_forearmroll-Interpolations-array" count="20">
 LINEAR LINEAR LINEAR LINEAR LINEAR LINEAR LINEAR LINEAR LINEAR LINEAR LINEAR
LINEAR LINEAR LINEAR LINEAR LINEAR LINEAR LINEAR LINEAR LINEAR</Name_array>
     <technique_common>
      <accessor source="#jnt_right_forearmroll-Interpolations-array" count="20">
       <param type="name"></param>
      </accessor>
     </technique_common>
    </source>
    <sampler id="jnt_right_forearmroll-Matrix-animation-transform">
     <input semantic="INPUT" source="#jnt_right_forearmroll-Matrix-animation-input"></input>
     <input semantic="OUTPUT" source="#jnt_right_forearmroll-Matrix-animation-output-transform"></input>
     <input semantic="INTERPOLATION" source="#jnt_right_forearmroll-Interpolations"></input>
    </sampler>
    <channel source="#jnt_right_forearmroll-Matrix-animation-transform" target="jnt_right_forearmroll/matrix"></channel>
   </animation>
  </animation>
  <animation id="jnt_right_hand-anim" name="jnt_right_hand">
   <animation>
    <source id="jnt_right_hand-Matrix-animation-input">
     <float_array id="jnt_right_hand-Matrix-animation-input-array" count="20">

0.000000 0.033333 0.066667 0.100000 0.133333 0.166667 0.200000 0.233333 0.266667 0.300000 0.333333 0.366667 0.400000 0.433333 0.466667 0.500000
0.533333 0.566667 0.600000 0.633333</float_array>
     <technique_common>
      <accessor source="#jnt_right_hand-Matrix-animation-input-array" count="20">
       <param name="TIME" type="float"></param>
      </accessor>
     </technique_common>
    </source>
    <source id="jnt_right_hand-Matrix-animation-output-transform">
     <float_array id="jnt_right_hand-Matrix-animation-output-transform-array" count="320">

0.633047 0.760121 0.146516 0.975261 -0.449441 0.514999 -0.729917 -0.000000 -0.630281 0.396222 0.667648 0.000002 0.000000 0.000000 0.000000 1.000000
0.506910 0.835849 0.210710 0.975261 -0.483224 0.477969 -0.733512 -0.000001 -0.713818 0.270004 0.646190 0.000002 0.000000 0.000000 0.000000 1.000000
0.510388 0.833982 0.209707 0.975261 -0.481989 0.479387 -0.733399 -0.000001 -0.712173 0.273241 0.646644 0.000002 0.000000 0.000000 0.000000 1.000000
0.520704 0.828452 0.206240 0.975261 -0.478263 0.483167 -0.733358 -0.000000 -0.707200 0.283225 0.647805 0.000002 0.000000 0.000000 0.000000 1.000000
0.536376 0.819805 0.200548 0.975261 -0.472346 0.488515 -0.733650 -0.000000 -0.699421 0.298784 0.649260 0.000002 0.000000 0.000000 0.000000 1.000000
0.553493 0.809999 0.193770 0.975261 -0.465771 0.493919 -0.734235 -0.000000 -0.690437 0.316141 0.650655 0.000002 0.000000 0.000000 0.000000 1.000000
0.569043 0.800827 0.186725 0.975261 -0.460130 0.498293 -0.734836 -0.000000 -0.681521 0.332236 0.652035 0.000002 0.000000 0.000000 0.000000 1.000000
0.581340 0.793566 0.179714 0.975261 -0.457481 0.501439 -0.734350 -0.000000 -0.672871 0.344691 0.654548 0.000002 0.000000 0.000000 0.000000 1.000000
0.591115 0.787666 0.173684 0.975261 -0.455774 0.503841 -0.733767 -0.000000 -0.665473 0.354580 0.656825 0.000002 0.000000 0.000000 0.000000 1.000000
0.599468 0.782503 0.168305 0.975261 -0.454447 0.505849 -0.733209 -0.000000 -0.658875 0.363050 0.658847 0.000002 0.000000 0.000000 0.000000 1.000000
0.607626 0.777303 0.163063 0.975261 -0.453214 0.507950 -0.732518 -0.000000 -0.652217 0.371195 0.660929 0.000002 0.000000 0.000000 0.000000 1.000000
0.615333 0.772243 0.158135 0.975261 -0.452076 0.510063 -0.731754 -0.000000 -0.645751 0.378783 0.662970 0.000002 0.000000 0.000000 0.000000 1.000000
0.622151 0.767645 0.153779 0.975261 -0.451072 0.512018 -0.731007 -0.000001 -0.639892 0.385432 0.664816 0.000002 0.000000 0.000000 0.000000 1.000000
0.627655 0.763853 0.150254 0.975261 -0.450255 0.513641 -0.730372 -0.000000 -0.635074 0.390769 0.666318 0.000002 0.000000 0.000000 0.000000 1.000000
0.631415 0.761226 0.147820 0.975261 -0.449688 0.514749 -0.729941 -0.000000 -0.631740 0.394422 0.667334 0.000002 0.000000 0.000000 0.000000 1.000000
0.633096 0.760051 0.146671 0.975261 -0.449429 0.515190 -0.729789 -0.000000 -0.630241 0.396108 0.667754 0.000002 0.000000 0.000000 0.000000 1.000000
0.633370 0.759875 0.146395 0.975261 -0.449389 0.515179 -0.729822 -0.000000 -0.629994 0.396460 0.667778 0.000003 0.000000 0.000000 0.000000 1.000000
0.633117 0.760069 0.146482 0.975261 -0.449430 0.515031 -0.729901 -0.000000 -0.630219 0.396279 0.667673 0.000002 0.000000 0.000000 0.000000 1.000000
0.633047 0.760121 0.146516 0.975261 -0.449441 0.514999 -0.729917 -0.000000 -0.630281 0.396222 0.667648 0.000002 0.000000 0.000000 0.000000 1.000000
0.633047 0.760121 0.146516 0.975261 -0.449441 0.514999 -0.729917 -0.000000 -0.630281 0.396222 0.667648 0.000002 0.000000 0.000000 0.000000 1.000000</float_array>
     <technique_common>
      <accessor source="#jnt_right_hand-Matrix-animation-output-transform-array" count="20" stride="16">
       <param type="float4x4"></param>
      </accessor>
     </technique_common>
    </source>
    <source id="jnt_right_hand-Interpolations">
     <Name_array id="jnt_right_hand-Interpolations-array" count="20">
 LINEAR LINEAR LINEAR LINEAR LINEAR LINEAR LINEAR LINEAR LINEAR LINEAR LINEAR
LINEAR LINEAR LINEAR LINEAR LINEAR LINEAR LINEAR LINEAR LINEAR</Name_array>
     <technique_common>
      <accessor source="#jnt_right_hand-Interpolations-array" count="20">
       <param type="name"></param>
      </accessor>
     </technique_common>
    </source>
    <sampler id="jnt_right_hand-Matrix-animation-transform">
     <input semantic="INPUT" source="#jnt_right_hand-Matrix-animation-input"></input>
     <input semantic="OUTPUT" source="#jnt_right_hand-Matrix-animation-output-transform"></input>
     <input semantic="INTERPOLATION" source="#jnt_right_hand-Interpolations"></input>
    </sampler>
    <channel source="#jnt_right_hand-Matrix-animation-transform" target="jnt_right_hand/matrix"></channel>
   </animation>
  </animation>
  <animation id="jnt_right_handthumb1-anim" name="jnt_right_handthumb1">
   <animation>
    <source id="jnt_right_handthumb1-Matrix-animation-input">
     <float_array id="jnt_right_handthumb1-Matrix-animation-input-array" count="20">

0.000000 0.033333 0.066667 0.100000 0.133333 0.166667 0.200000 0.233333 0.266667 0.300000 0.333333 0.366667 0.400000 0.433333 0.466667 0.500000
0.533333 0.566667 0.600000 0.633333</float_array>
     <technique_common>
      <accessor source="#jnt_right_handthumb1-Matrix-animation-input-array" count="20">
       <param name="TIME" type="float"></param>
      </accessor>
     </technique_common>
    </source>
    <source id="jnt_right_handthumb1-Matrix-animation-output-transform">
     <float_array id="jnt_right_handthumb1-Matrix-animation-output-transform-array" count="320">

0.840651 -0.501489 0.204487 0.060226 0.200669 0.639129 0.742459 0.203939 -0.503029 -0.583115 0.637918 -0.155682 0.000000 0.000000 0.000000 1.000000
0.840651 -0.501489 0.204487 0.060226 0.200669 0.639129 0.742460 0.203939 -0.503029 -0.583115 0.637918 -0.155682 0.000000 0.000000 0.000000 1.000000
0.840651 -0.501489 0.204487 0.060226 0.200669 0.639129 0.742460 0.203940 -0.503029 -0.583115 0.637918 -0.155683 0.000000 0.000000 0.000000 1.000000
0.840651 -0.501489 0.204487 0.060227 0.200669 0.639129 0.742459 0.203939 -0.503029 -0.583115 0.637917 -0.155682 0.000000 0.000000 0.000000 1.000000
0.840651 -0.501489 0.204487 0.060227 0.200669 0.639129 0.742459 0.203939 -0.503029 -0.583115 0.637917 -0.155682 0.000000 0.000000 0.000000 1.000000
0.840651 -0.501489 0.204487 0.060227 0.200669 0.639129 0.742459 0.203940 -0.503029 -0.583115 0.637918 -0.155682 0.000000 0.000000 0.000000 1.000000
0.840651 -0.501489 0.204487 0.060227 0.200669 0.639129 0.742459 0.203938 -0.503029 -0.583115 0.637917 -0.155682 0.000000 0.000000 0.000000 1.000000
0.840651 -0.501489 0.204487 0.060227 0.200669 0.639129 0.742460 0.203939 -0.503029 -0.583115 0.637918 -0.155682 0.000000 0.000000 0.000000 1.000000
0.840651 -0.501489 0.204487 0.060227 0.200669 0.639129 0.742459 0.203939 -0.503029 -0.583115 0.637918 -0.155682 0.000000 0.000000 0.000000 1.000000
0.840651 -0.501489 0.204487 0.060227 0.200669 0.639129 0.742460 0.203939 -0.503029 -0.583115 0.637918 -0.155682 0.000000 0.000000 0.000000 1.000000
0.840651 -0.501489 0.204487 0.060226 0.200669 0.639129 0.742460 0.203939 -0.503029 -0.583115 0.637918 -0.155682 0.000000 0.000000 0.000000 1.000000
0.840651 -0.501489 0.204487 0.060226 0.200669 0.639129 0.742459 0.203940 -0.503029 -0.583115 0.637918 -0.155682 0.000000 0.000000 0.000000 1.000000
0.840651 -0.501489 0.204487 0.060227 0.200669 0.639129 0.742460 0.203939 -0.503029 -0.583115 0.637918 -0.155682 0.000000 0.000000 0.000000 1.000000
0.840650 -0.501489 0.204487 0.060227 0.200669 0.639129 0.742459 0.203939 -0.503029 -0.583115 0.637918 -0.155682 0.000000 0.000000 0.000000 1.000000
0.840651 -0.501489 0.204487 0.060226 0.200669 0.639129 0.742459 0.203941 -0.503029 -0.583115 0.637917 -0.155682 0.000000 0.000000 0.000000 1.000000
0.840651 -0.501489 0.204487 0.060226 0.200669 0.639129 0.742460 0.203940 -0.503029 -0.583115 0.637918 -0.155683 0.000000 0.000000 0.000000 1.000000
0.840651 -0.501489 0.204487 0.060226 0.200669 0.639129 0.742460 0.203939 -0.503029 -0.583115 0.637918 -0.155682 0.000000 0.000000 0.000000 1.000000
0.840651 -0.501489 0.204487 0.060226 0.200669 0.639129 0.742460 0.203939 -0.503029 -0.583115 0.637918 -0.155682 0.000000 0.000000 0.000000 1.000000
0.840651 -0.501489 0.204487 0.060226 0.200669 0.639129 0.742459 0.203939 -0.503029 -0.583115 0.637918 -0.155682 0.000000 0.000000 0.000000 1.000000
0.840651 -0.501489 0.204487 0.060226 0.200669 0.639129 0.742459 0.203939 -0.503029 -0.583115 0.637918 -0.155682 0.000000 0.000000 0.000000 1.000000</float_array>
     <technique_common>
      <accessor source="#jnt_right_handthumb1-Matrix-animation-output-transform-array" count="20" stride="16">
       <param type="float4x4"></param>
      </accessor>
     </technique_common>
    </source>
    <source id="jnt_right_handthumb1-Interpolations">
     <Name_array id="jnt_right_handthumb1-Interpolations-array" count="20">
 LINEAR LINEAR LINEAR LINEAR LINEAR LINEAR LINEAR LINEAR LINEAR LINEAR LINEAR
LINEAR LINEAR LINEAR LINEAR LINEAR LINEAR LINEAR LINEAR LINEAR</Name_array>
     <technique_common>
      <accessor source="#jnt_right_handthumb1-Interpolations-array" count="20">
       <param type="name"></param>
      </accessor>
     </technique_common>
    </source>
    <sampler id="jnt_right_handthumb1-Matrix-animation-transform">
     <input semantic="INPUT" source="#jnt_right_handthumb1-Matrix-animation-input"></input>
     <input semantic="OUTPUT" source="#jnt_right_handthumb1-Matrix-animation-output-transform"></input>
     <input semantic="INTERPOLATION" source="#jnt_right_handthumb1-Interpolations"></input>
    </sampler>
    <channel source="#jnt_right_handthumb1-Matrix-animation-transform" target="jnt_right_handthumb1/matrix"></channel>
   </animation>
  </animation>
  <animation id="jnt_right_handthumb2-anim" name="jnt_right_handthumb2">
   <animation>
    <source id="jnt_right_handthumb2-Matrix-animation-input">
     <float_array id="jnt_right_handthumb2-Matrix-animation-input-array" count="20">

0.000000 0.033333 0.066667 0.100000 0.133333 0.166667 0.200000 0.233333 0.266667 0.300000 0.333333 0.366667 0.400000 0.433333 0.466667 0.500000
0.533333 0.566667 0.600000 0.633333</float_array>
     <technique_common>
      <accessor source="#jnt_right_handthumb2-Matrix-animation-input-array" count="20">
       <param name="TIME" type="float"></param>
      </accessor>
     </technique_common>
    </source>
    <source id="jnt_right_handthumb2-Matrix-animation-output-transform">
     <float_array id="jnt_right_handthumb2-Matrix-animation-output-transform-array" count="320">

0.925479 0.378799 -0.000001 0.213224 -0.378799 0.925479 -0.000003 -0.000001 -0.000001 0.000003 1.000000 0.000000 0.000000 0.000000 0.000000 1.000000
0.925479 0.378800 -0.000001 0.213224 -0.378800 0.925479 -0.000003 -0.000001 -0.000001 0.000003 1.000000 0.000000 0.000000 0.000000 0.000000 1.000000
0.925479 0.378800 -0.000001 0.213224 -0.378800 0.925479 -0.000003 -0.000001 -0.000001 0.000003 1.000000 -0.000000 0.000000 0.000000 0.000000 1.000000
0.925479 0.378799 -0.000001 0.213224 -0.378800 0.925478 -0.000003 -0.000001 -0.000001 0.000003 1.000000 -0.000000 0.000000 0.000000 0.000000 1.000000
0.925479 0.378800 -0.000001 0.213224 -0.378800 0.925479 -0.000003 -0.000000 -0.000001 0.000003 1.000000 0.000001 0.000000 0.000000 0.000000 1.000000
0.925479 0.378800 -0.000001 0.213224 -0.378800 0.925479 -0.000003 0.000000 -0.000001 0.000003 1.000000 0.000001 0.000000 0.000000 0.000000 1.000000
0.925479 0.378799 -0.000001 0.213224 -0.378799 0.925479 -0.000003 -0.000001 -0.000001 0.000003 1.000000 -0.000000 0.000000 0.000000 0.000000 1.000000
0.925479 0.378800 -0.000001 0.213224 -0.378800 0.925479 -0.000003 -0.000000 -0.000001 0.000003 1.000000 0.000000 0.000000 0.000000 0.000000 1.000000
0.925479 0.378800 -0.000001 0.213224 -0.378800 0.925479 -0.000003 -0.000000 -0.000001 0.000003 1.000000 0.000000 0.000000 0.000000 0.000000 1.000000
0.925479 0.378800 -0.000001 0.213224 -0.378800 0.925479 -0.000003 -0.000000 -0.000001 0.000003 1.000000 0.000001 0.000000 0.000000 0.000000 1.000000
0.925479 0.378799 -0.000001 0.213224 -0.378800 0.925479 -0.000003 -0.000001 -0.000001 0.000003 1.000000 -0.000000 0.000000 0.000000 0.000000 1.000000
0.925479 0.378800 -0.000001 0.213224 -0.378800 0.925479 -0.000003 -0.000000 -0.000001 0.000003 1.000000 0.000001 0.000000 0.000000 0.000000 1.000000
0.925479 0.378800 -0.000001 0.213224 -0.378800 0.925479 -0.000003 0.000000 -0.000001 0.000003 1.000000 0.000000 0.000000 0.000000 0.000000 1.000000
0.925479 0.378800 -0.000001 0.213224 -0.378800 0.925479 -0.000003 -0.000001 -0.000001 0.000003 1.000000 0.000000 0.000000 0.000000 0.000000 1.000000
0.925479 0.378800 -0.000001 0.213224 -0.378800 0.925478 -0.000003 0.000000 -0.000001 0.000003 1.000000 -0.000000 0.000000 0.000000 0.000000 1.000000
0.925479 0.378800 -0.000001 0.213224 -0.378800 0.925478 -0.000003 -0.000001 -0.000001 0.000003 1.000000 0.000000 0.000000 0.000000 0.000000 1.000000
0.925479 0.378800 -0.000001 0.213224 -0.378800 0.925479 -0.000003 0.000000 -0.000001 0.000003 1.000000 -0.000000 0.000000 0.000000 0.000000 1.000000
0.925479 0.378800 -0.000001 0.213224 -0.378800 0.925479 -0.000003 -0.000000 -0.000001 0.000004 1.000000 -0.000000 0.000000 0.000000 0.000000 1.000000
0.925479 0.378799 -0.000001 0.213224 -0.378799 0.925479 -0.000003 -0.000001 -0.000001 0.000003 1.000000 0.000000 0.000000 0.000000 0.000000 1.000000
0.925479 0.378799 -0.000001 0.213224 -0.378799 0.925479 -0.000003 -0.000001 -0.000001 0.000003 1.000000 0.000000 0.000000 0.000000 0.000000 1.000000</float_array>
     <technique_common>
      <accessor source="#jnt_right_handthumb2-Matrix-animation-output-transform-array" count="20" stride="16">
       <param type="float4x4"></param>
      </accessor>
     </technique_common>
    </source>
    <source id="jnt_right_handthumb2-Interpolations">
     <Name_array id="jnt_right_handthumb2-Interpolations-array" count="20">
 LINEAR LINEAR LINEAR LINEAR LINEAR LINEAR LINEAR LINEAR LINEAR LINEAR LINEAR
LINEAR LINEAR LINEAR LINEAR LINEAR LINEAR LINEAR LINEAR LINEAR</Name_array>
     <technique_common>
      <accessor source="#jnt_right_handthumb2-Interpolations-array" count="20">
       <param type="name"></param>
      </accessor>
     </technique_common>
    </source>
    <sampler id="jnt_right_handthumb2-Matrix-animation-transform">
     <input semantic="INPUT" source="#jnt_right_handthumb2-Matrix-animation-input"></input>
     <input semantic="OUTPUT" source="#jnt_right_handthumb2-Matrix-animation-output-transform"></input>
     <input semantic="INTERPOLATION" source="#jnt_right_handthumb2-Interpolations"></input>
    </sampler>
    <channel source="#jnt_right_handthumb2-Matrix-animation-transform" target="jnt_right_handthumb2/matrix"></channel>
   </animation>
  </animation>
  <animation id="jnt_right_handthumb3-anim" name="jnt_right_handthumb3">
   <animation>
    <source id="jnt_right_handthumb3-Matrix-animation-input">
     <float_array id="jnt_right_handthumb3-Matrix-animation-input-array" count="20">

0.000000 0.033333 0.066667 0.100000 0.133333 0.166667 0.200000 0.233333 0.266667 0.300000 0.333333 0.366667 0.400000 0.433333 0.466667 0.500000
0.533333 0.566667 0.600000 0.633333</float_array>
     <technique_common>
      <accessor source="#jnt_right_handthumb3-Matrix-animation-input-array" count="20">
       <param name="TIME" type="float"></param>
      </accessor>
     </technique_common>
    </source>
    <source id="jnt_right_handthumb3-Matrix-animation-output-transform">
     <float_array id="jnt_right_handthumb3-Matrix-animation-output-transform-array" count="320">

0.947989 0.318304 0.000001 0.141883 -0.318305 0.947988 0.000006 -0.000001 0.000001 -0.000006 1.000000 0.000023 0.000000 0.000000 0.000000 1.000000
0.947988 0.318304 0.000001 0.141882 -0.318304 0.947988 0.000006 -0.000001 0.000001 -0.000006 1.000000 0.000022 0.000000 0.000000 0.000000 1.000000
0.947989 0.318304 0.000001 0.141882 -0.318304 0.947989 0.000006 -0.000001 0.000001 -0.000006 1.000000 0.000023 0.000000 0.000000 0.000000 1.000000
0.947989 0.318304 0.000001 0.141882 -0.318304 0.947989 0.000006 -0.000001 0.000001 -0.000006 1.000000 0.000023 0.000000 0.000000 0.000000 1.000000
0.947989 0.318304 0.000001 0.141882 -0.318304 0.947989 0.000006 -0.000002 0.000001 -0.000006 1.000000 0.000023 0.000000 0.000000 0.000000 1.000000
0.947988 0.318304 0.000001 0.141882 -0.318304 0.947988 0.000006 -0.000000 0.000001 -0.000006 1.000000 0.000023 0.000000 0.000000 0.000000 1.000000
0.947989 0.318305 0.000001 0.141882 -0.318305 0.947989 0.000006 -0.000001 0.000001 -0.000006 1.000000 0.000022 0.000000 0.000000 0.000000 1.000000
0.947989 0.318304 0.000001 0.141882 -0.318304 0.947989 0.000006 -0.000002 0.000001 -0.000006 1.000000 0.000023 0.000000 0.000000 0.000000 1.000000
0.947989 0.318305 0.000001 0.141882 -0.318305 0.947989 0.000006 0.000000 0.000001 -0.000006 1.000000 0.000024 0.000000 0.000000 0.000000 1.000000
0.947989 0.318304 0.000001 0.141882 -0.318304 0.947989 0.000006 -0.000001 0.000001 -0.000006 1.000000 0.000022 0.000000 0.000000 0.000000 1.000000
0.947989 0.318304 0.000001 0.141882 -0.318304 0.947988 0.000006 -0.000000 0.000001 -0.000006 1.000000 0.000022 0.000000 0.000000 0.000000 1.000000
0.947989 0.318304 0.000001 0.141882 -0.318304 0.947988 0.000006 -0.000001 0.000001 -0.000006 1.000000 0.000022 0.000000 0.000000 0.000000 1.000000
0.947989 0.318304 0.000001 0.141882 -0.318304 0.947989 0.000006 -0.000001 0.000001 -0.000006 1.000000 0.000023 0.000000 0.000000 0.000000 1.000000
0.947989 0.318304 0.000001 0.141882 -0.318304 0.947989 0.000006 -0.000001 0.000001 -0.000006 1.000000 0.000023 0.000000 0.000000 0.000000 1.000000
0.947989 0.318304 0.000001 0.141882 -0.318304 0.947989 0.000006 -0.000002 0.000001 -0.000006 1.000000 0.000023 0.000000 0.000000 0.000000 1.000000
0.947989 0.318304 0.000001 0.141882 -0.318305 0.947989 0.000006 -0.000001 0.000001 -0.000006 1.000000 0.000023 0.000000 0.000000 0.000000 1.000000
0.947989 0.318304 0.000001 0.141882 -0.318304 0.947989 0.000006 -0.000000 0.000001 -0.000006 1.000000 0.000023 0.000000 0.000000 0.000000 1.000000
0.947989 0.318304 0.000001 0.141882 -0.318304 0.947989 0.000006 0.000000 0.000001 -0.000006 1.000000 0.000022 0.000000 0.000000 0.000000 1.000000
0.947989 0.318304 0.000001 0.141883 -0.318305 0.947988 0.000006 -0.000001 0.000001 -0.000006 1.000000 0.000023 0.000000 0.000000 0.000000 1.000000
0.947989 0.318304 0.000001 0.141883 -0.318305 0.947988 0.000006 -0.000001 0.000001 -0.000006 1.000000 0.000023 0.000000 0.000000 0.000000 1.000000</float_array>
     <technique_common>
      <accessor source="#jnt_right_handthumb3-Matrix-animation-output-transform-array" count="20" stride="16">
       <param type="float4x4"></param>
      </accessor>
     </technique_common>
    </source>
    <source id="jnt_right_handthumb3-Interpolations">
     <Name_array id="jnt_right_handthumb3-Interpolations-array" count="20">
 LINEAR LINEAR LINEAR LINEAR LINEAR LINEAR LINEAR LINEAR LINEAR LINEAR LINEAR
LINEAR LINEAR LINEAR LINEAR LINEAR LINEAR LINEAR LINEAR LINEAR</Name_array>
     <technique_common>
      <accessor source="#jnt_right_handthumb3-Interpolations-array" count="20">
       <param type="name"></param>
      </accessor>
     </technique_common>
    </source>
    <sampler id="jnt_right_handthumb3-Matrix-animation-transform">
     <input semantic="INPUT" source="#jnt_right_handthumb3-Matrix-animation-input"></input>
     <input semantic="OUTPUT" source="#jnt_right_handthumb3-Matrix-animation-output-transform"></input>
     <input semantic="INTERPOLATION" source="#jnt_right_handthumb3-Interpolations"></input>
    </sampler>
    <channel source="#jnt_right_handthumb3-Matrix-animation-transform" target="jnt_right_handthumb3/matrix"></channel>
   </animation>
  </animation>
  <animation id="jnt_right_handthumb4-anim" name="jnt_right_handthumb4">
   <animation>
    <source id="jnt_right_handthumb4-Matrix-animation-input">
     <float_array id="jnt_right_handthumb4-Matrix-animation-input-array" count="20">

0.000000 0.033333 0.066667 0.100000 0.133333 0.166667 0.200000 0.233333 0.266667 0.300000 0.333333 0.366667 0.400000 0.433333 0.466667 0.500000
0.533333 0.566667 0.600000 0.633333</float_array>
     <technique_common>
      <accessor source="#jnt_right_handthumb4-Matrix-animation-input-array" count="20">
       <param name="TIME" type="float"></param>
      </accessor>
     </technique_common>
    </source>
    <source id="jnt_right_handthumb4-Matrix-animation-output-transform">
     <float_array id="jnt_right_handthumb4-Matrix-animation-output-transform-array" count="320">

1.000000 -0.000002 -0.000000 0.122606 0.000002 1.000000 -0.000000 0.000000 0.000000 0.000000 1.000000 0.000000 0.000000 0.000000 0.000000 1.000000
1.000000 -0.000002 -0.000000 0.122606 0.000002 1.000000 -0.000000 0.000000 0.000000 0.000000 1.000000 0.000000 0.000000 0.000000 0.000000 1.000000
1.000000 -0.000002 -0.000000 0.122606 0.000002 1.000000 -0.000000 0.000000 0.000000 0.000000 1.000000 -0.000000 0.000000 0.000000 0.000000 1.000000
1.000000 -0.000002 -0.000000 0.122606 0.000002 1.000000 -0.000000 0.000000 0.000000 0.000000 1.000000 -0.000000 0.000000 0.000000 0.000000 1.000000
1.000000 -0.000002 -0.000000 0.122606 0.000002 1.000000 -0.000000 0.000000 0.000000 0.000000 1.000000 0.000000 0.000000 0.000000 0.000000 1.000000
1.000000 -0.000002 -0.000000 0.122606 0.000002 1.000000 0.000000 0.000001 0.000000 -0.000000 1.000000 -0.000000 0.000000 0.000000 0.000000 1.000000
1.000000 -0.000002 -0.000000 0.122606 0.000002 1.000000 -0.000000 0.000001 0.000000 0.000000 1.000000 0.000000 0.000000 0.000000 0.000000 1.000000
1.000000 -0.000002 -0.000000 0.122606 0.000002 1.000000 -0.000000 0.000000 0.000000 0.000000 1.000000 0.000000 0.000000 0.000000 0.000000 1.000000
1.000000 -0.000002 -0.000000 0.122606 0.000002 1.000000 -0.000000 0.000000 0.000000 0.000000 1.000000 -0.000000 0.000000 0.000000 0.000000 1.000000
1.000000 -0.000002 -0.000000 0.122606 0.000002 1.000000 -0.000000 0.000000 0.000000 0.000000 1.000000 0.000000 0.000000 0.000000 0.000000 1.000000
1.000000 -0.000002 -0.000000 0.122606 0.000002 1.000000 -0.000000 0.000000 0.000000 0.000000 1.000000 -0.000000 0.000000 0.000000 0.000000 1.000000
1.000000 -0.000002 -0.000000 0.122606 0.000002 1.000000 -0.000000 0.000001 0.000000 0.000000 1.000000 0.000000 0.000000 0.000000 0.000000 1.000000
1.000000 -0.000002 -0.000000 0.122606 0.000002 1.000000 -0.000000 0.000000 0.000000 0.000000 1.000000 -0.000000 0.000000 0.000000 0.000000 1.000000
1.000000 -0.000002 -0.000000 0.122606 0.000002 1.000000 -0.000000 0.000001 0.000000 0.000000 1.000000 0.000000 0.000000 0.000000 0.000000 1.000000
1.000000 -0.000002 -0.000000 0.122606 0.000002 1.000000 -0.000000 0.000000 0.000000 0.000000 1.000000 -0.000000 0.000000 0.000000 0.000000 1.000000
1.000000 -0.000002 -0.000000 0.122606 0.000002 1.000000 -0.000000 0.000001 0.000000 0.000000 1.000000 0.000000 0.000000 0.000000 0.000000 1.000000
1.000000 -0.000002 -0.000000 0.122606 0.000002 1.000000 -0.000000 0.000000 0.000000 0.000000 1.000000 -0.000000 0.000000 0.000000 0.000000 1.000000
1.000000 -0.000002 -0.000000 0.122606 0.000002 1.000000 -0.000000 0.000001 0.000000 0.000000 1.000000 -0.000000 0.000000 0.000000 0.000000 1.000000
1.000000 -0.000002 -0.000000 0.122606 0.000002 1.000000 -0.000000 0.000000 0.000000 0.000000 1.000000 0.000000 0.000000 0.000000 0.000000 1.000000
1.000000 -0.000002 -0.000000 0.122606 0.000002 1.000000 -0.000000 0.000000 0.000000 0.000000 1.000000 0.000000 0.000000 0.000000 0.000000 1.000000</float_array>
     <technique_common>
      <accessor source="#jnt_right_handthumb4-Matrix-animation-output-transform-array" count="20" stride="16">
       <param type="float4x4"></param>
      </accessor>
     </technique_common>
    </source>
    <source id="jnt_right_handthumb4-Interpolations">
     <Name_array id="jnt_right_handthumb4-Interpolations-array" count="20">
 LINEAR LINEAR LINEAR LINEAR LINEAR LINEAR LINEAR LINEAR LINEAR LINEAR LINEAR
LINEAR LINEAR LINEAR LINEAR LINEAR LINEAR LINEAR LINEAR LINEAR</Name_array>
     <technique_common>
      <accessor source="#jnt_right_handthumb4-Interpolations-array" count="20">
       <param type="name"></param>
      </accessor>
     </technique_common>
    </source>
    <sampler id="jnt_right_handthumb4-Matrix-animation-transform">
     <input semantic="INPUT" source="#jnt_right_handthumb4-Matrix-animation-input"></input>
     <input semantic="OUTPUT" source="#jnt_right_handthumb4-Matrix-animation-output-transform"></input>
     <input semantic="INTERPOLATION" source="#jnt_right_handthumb4-Interpolations"></input>
    </sampler>
    <channel source="#jnt_right_handthumb4-Matrix-animation-transform" target="jnt_right_handthumb4/matrix"></channel>
   </animation>
  </animation>
  <animation id="jnt_right_handindex1-anim" name="jnt_right_handindex1">
   <animation>
    <source id="jnt_right_handindex1-Matrix-animation-input">
     <float_array id="jnt_right_handindex1-Matrix-animation-input-array" count="20">

0.000000 0.033333 0.066667 0.100000 0.133333 0.166667 0.200000 0.233333 0.266667 0.300000 0.333333 0.366667 0.400000 0.433333 0.466667 0.500000
0.533333 0.566667 0.600000 0.633333</float_array>
     <technique_common>
      <accessor source="#jnt_right_handindex1-Matrix-animation-input-array" count="20">
       <param name="TIME" type="float"></param>
      </accessor>
     </technique_common>
    </source>
    <source id="jnt_right_handindex1-Matrix-animation-output-transform">
     <float_array id="jnt_right_handindex1-Matrix-animation-output-transform-array" count="320">

0.773118 0.581355 -0.253605 0.494373 -0.340123 0.042510 -0.939420 0.203978 -0.535356 0.812539 0.230597 0.029845 0.000000 0.000000 0.000000 1.000000
0.773118 0.581355 -0.253605 0.494373 -0.340123 0.042510 -0.939420 0.203979 -0.535356 0.812539 0.230597 0.029845 0.000000 0.000000 0.000000 1.000000
0.773118 0.581355 -0.253605 0.494373 -0.340123 0.042509 -0.939420 0.203977 -0.535356 0.812539 0.230597 0.029845 0.000000 0.000000 0.000000 1.000000
0.773118 0.581355 -0.253605 0.494373 -0.340123 0.042510 -0.939420 0.203977 -0.535355 0.812539 0.230597 0.029845 0.000000 0.000000 0.000000 1.000000
0.773118 0.581355 -0.253605 0.494373 -0.340123 0.042510 -0.939420 0.203978 -0.535356 0.812539 0.230597 0.029845 0.000000 0.000000 0.000000 1.000000
0.773118 0.581355 -0.253605 0.494373 -0.340123 0.042510 -0.939420 0.203977 -0.535355 0.812539 0.230597 0.029845 0.000000 0.000000 0.000000 1.000000
0.773118 0.581355 -0.253605 0.494372 -0.340123 0.042510 -0.939420 0.203978 -0.535355 0.812539 0.230597 0.029845 0.000000 0.000000 0.000000 1.000000
0.773118 0.581355 -0.253605 0.494372 -0.340123 0.042509 -0.939420 0.203978 -0.535356 0.812539 0.230597 0.029845 0.000000 0.000000 0.000000 1.000000
0.773118 0.581355 -0.253605 0.494372 -0.340123 0.042510 -0.939420 0.203978 -0.535356 0.812539 0.230597 0.029845 0.000000 0.000000 0.000000 1.000000
0.773118 0.581355 -0.253605 0.494372 -0.340123 0.042510 -0.939420 0.203978 -0.535356 0.812539 0.230597 0.029845 0.000000 0.000000 0.000000 1.000000
0.773118 0.581355 -0.253605 0.494373 -0.340123 0.042509 -0.939420 0.203977 -0.535356 0.812539 0.230597 0.029845 0.000000 0.000000 0.000000 1.000000
0.773118 0.581355 -0.253605 0.494372 -0.340123 0.042510 -0.939420 0.203977 -0.535356 0.812539 0.230597 0.029845 0.000000 0.000000 0.000000 1.000000
0.773118 0.581355 -0.253605 0.494373 -0.340123 0.042509 -0.939420 0.203977 -0.535355 0.812539 0.230597 0.029845 0.000000 0.000000 0.000000 1.000000
0.773118 0.581355 -0.253605 0.494373 -0.340123 0.042509 -0.939420 0.203977 -0.535356 0.812539 0.230597 0.029845 0.000000 0.000000 0.000000 1.000000
0.773118 0.581355 -0.253605 0.494373 -0.340123 0.042509 -0.939420 0.203978 -0.535356 0.812539 0.230597 0.029845 0.000000 0.000000 0.000000 1.000000
0.773118 0.581355 -0.253605 0.494373 -0.340123 0.042509 -0.939420 0.203978 -0.535356 0.812539 0.230597 0.029845 0.000000 0.000000 0.000000 1.000000
0.773118 0.581355 -0.253605 0.494372 -0.340123 0.042510 -0.939420 0.203978 -0.535355 0.812539 0.230597 0.029845 0.000000 0.000000 0.000000 1.000000
0.773118 0.581355 -0.253605 0.494373 -0.340123 0.042509 -0.939420 0.203978 -0.535356 0.812539 0.230597 0.029845 0.000000 0.000000 0.000000 1.000000
0.773118 0.581355 -0.253605 0.494373 -0.340123 0.042510 -0.939420 0.203978 -0.535356 0.812539 0.230597 0.029845 0.000000 0.000000 0.000000 1.000000
0.773118 0.581355 -0.253605 0.494373 -0.340123 0.042510 -0.939420 0.203978 -0.535356 0.812539 0.230597 0.029845 0.000000 0.000000 0.000000 1.000000</float_array>
     <technique_common>
      <accessor source="#jnt_right_handindex1-Matrix-animation-output-transform-array" count="20" stride="16">
       <param type="float4x4"></param>
      </accessor>
     </technique_common>
    </source>
    <source id="jnt_right_handindex1-Interpolations">
     <Name_array id="jnt_right_handindex1-Interpolations-array" count="20">
 LINEAR LINEAR LINEAR LINEAR LINEAR LINEAR LINEAR LINEAR LINEAR LINEAR LINEAR
LINEAR LINEAR LINEAR LINEAR LINEAR LINEAR LINEAR LINEAR LINEAR</Name_array>
     <technique_common>
      <accessor source="#jnt_right_handindex1-Interpolations-array" count="20">
       <param type="name"></param>
      </accessor>
     </technique_common>
    </source>
    <sampler id="jnt_right_handindex1-Matrix-animation-transform">
     <input semantic="INPUT" source="#jnt_right_handindex1-Matrix-animation-input"></input>
     <input semantic="OUTPUT" source="#jnt_right_handindex1-Matrix-animation-output-transform"></input>
     <input semantic="INTERPOLATION" source="#jnt_right_handindex1-Interpolations"></input>
    </sampler>
    <channel source="#jnt_right_handindex1-Matrix-animation-transform" target="jnt_right_handindex1/matrix"></channel>
   </animation>
  </animation>
  <animation id="jnt_right_handindex2-anim" name="jnt_right_handindex2">
   <animation>
    <source id="jnt_right_handindex2-Matrix-animation-input">
     <float_array id="jnt_right_handindex2-Matrix-animation-input-array" count="20">

0.000000 0.033333 0.066667 0.100000 0.133333 0.166667 0.200000 0.233333 0.266667 0.300000 0.333333 0.366667 0.400000 0.433333 0.466667 0.500000
0.533333 0.566667 0.600000 0.633333</float_array>
     <technique_common>
      <accessor source="#jnt_right_handindex2-Matrix-animation-input-array" count="20">
       <param name="TIME" type="float"></param>
      </accessor>
     </technique_common>
    </source>
    <source id="jnt_right_handindex2-Matrix-animation-output-transform">
     <float_array id="jnt_right_handindex2-Matrix-animation-output-transform-array" count="320">

0.980654 0.195750 -0.000000 0.145440 -0.195750 0.980654 -0.000000 -0.001121 0.000000 0.000000 1.000000 -0.000039 0.000000 0.000000 0.000000 1.000000
0.980654 0.195750 -0.000000 0.145440 -0.195750 0.980654 -0.000000 -0.001121 0.000000 0.000000 1.000000 -0.000038 0.000000 0.000000 0.000000 1.000000
0.980654 0.195750 -0.000000 0.145440 -0.195750 0.980654 -0.000000 -0.001120 0.000000 0.000000 1.000000 -0.000040 0.000000 0.000000 0.000000 1.000000
0.980654 0.195750 -0.000000 0.145440 -0.195750 0.980654 -0.000000 -0.001121 0.000000 0.000000 1.000000 -0.000039 0.000000 0.000000 0.000000 1.000000
0.980654 0.195750 -0.000000 0.145440 -0.195750 0.980654 -0.000000 -0.001121 0.000000 0.000000 1.000000 -0.000040 0.000000 0.000000 0.000000 1.000000
0.980654 0.195750 -0.000000 0.145439 -0.195750 0.980654 -0.000000 -0.001120 0.000000 0.000000 1.000000 -0.000039 0.000000 0.000000 0.000000 1.000000
0.980654 0.195750 -0.000000 0.145440 -0.195750 0.980654 -0.000000 -0.001121 0.000000 0.000000 1.000000 -0.000039 0.000000 0.000000 0.000000 1.000000
0.980654 0.195750 -0.000000 0.145440 -0.195750 0.980654 -0.000000 -0.001121 0.000000 0.000000 1.000000 -0.000039 0.000000 0.000000 0.000000 1.000000
0.980654 0.195750 -0.000000 0.145440 -0.195750 0.980654 -0.000000 -0.001121 0.000000 0.000000 1.000000 -0.000039 0.000000 0.000000 0.000000 1.000000
0.980654 0.195750 -0.000000 0.145440 -0.195750 0.980654 -0.000000 -0.001121 0.000000 0.000000 1.000000 -0.000039 0.000000 0.000000 0.000000 1.000000
0.980654 0.195750 -0.000000 0.145439 -0.195750 0.980654 -0.000000 -0.001121 0.000000 0.000000 1.000000 -0.000039 0.000000 0.000000 0.000000 1.000000
0.980654 0.195750 -0.000000 0.145439 -0.195750 0.980654 -0.000000 -0.001121 0.000000 0.000000 1.000000 -0.000040 0.000000 0.000000 0.000000 1.000000
0.980654 0.195750 -0.000000 0.145440 -0.195750 0.980654 -0.000000 -0.001120 0.000000 0.000000 1.000000 -0.000039 0.000000 0.000000 0.000000 1.000000
0.980654 0.195750 -0.000000 0.145440 -0.195750 0.980654 -0.000000 -0.001121 0.000000 0.000000 1.000000 -0.000039 0.000000 0.000000 0.000000 1.000000
0.980654 0.195750 -0.000000 0.145440 -0.195750 0.980654 -0.000000 -0.001121 0.000000 0.000000 1.000000 -0.000039 0.000000 0.000000 0.000000 1.000000
0.980654 0.195750 -0.000000 0.145440 -0.195750 0.980654 -0.000000 -0.001121 0.000000 0.000000 1.000000 -0.000040 0.000000 0.000000 0.000000 1.000000
0.980654 0.195750 -0.000000 0.145440 -0.195750 0.980654 -0.000000 -0.001121 0.000000 0.000000 1.000000 -0.000039 0.000000 0.000000 0.000000 1.000000
0.980654 0.195750 -0.000000 0.145440 -0.195750 0.980654 -0.000000 -0.001121 0.000000 0.000000 1.000000 -0.000039 0.000000 0.000000 0.000000 1.000000
0.980654 0.195750 -0.000000 0.145440 -0.195750 0.980654 -0.000000 -0.001121 0.000000 0.000000 1.000000 -0.000039 0.000000 0.000000 0.000000 1.000000
0.980654 0.195750 -0.000000 0.145440 -0.195750 0.980654 -0.000000 -0.001121 0.000000 0.000000 1.000000 -0.000039 0.000000 0.000000 0.000000 1.000000</float_array>
     <technique_common>
      <accessor source="#jnt_right_handindex2-Matrix-animation-output-transform-array" count="20" stride="16">
       <param type="float4x4"></param>
      </accessor>
     </technique_common>
    </source>
    <source id="jnt_right_handindex2-Interpolations">
     <Name_array id="jnt_right_handindex2-Interpolations-array" count="20">
 LINEAR LINEAR LINEAR LINEAR LINEAR LINEAR LINEAR LINEAR LINEAR LINEAR LINEAR
LINEAR LINEAR LINEAR LINEAR LINEAR LINEAR LINEAR LINEAR LINEAR</Name_array>
     <technique_common>
      <accessor source="#jnt_right_handindex2-Interpolations-array" count="20">
       <param type="name"></param>
      </accessor>
     </technique_common>
    </source>
    <sampler id="jnt_right_handindex2-Matrix-animation-transform">
     <input semantic="INPUT" source="#jnt_right_handindex2-Matrix-animation-input"></input>
     <input semantic="OUTPUT" source="#jnt_right_handindex2-Matrix-animation-output-transform"></input>
     <input semantic="INTERPOLATION" source="#jnt_right_handindex2-Interpolations"></input>
    </sampler>
    <channel source="#jnt_right_handindex2-Matrix-animation-transform" target="jnt_right_handindex2/matrix"></channel>
   </animation>
  </animation>
  <animation id="jnt_right_handindex3-anim" name="jnt_right_handindex3">
   <animation>
    <source id="jnt_right_handindex3-Matrix-animation-input">
     <float_array id="jnt_right_handindex3-Matrix-animation-input-array" count="20">

0.000000 0.033333 0.066667 0.100000 0.133333 0.166667 0.200000 0.233333 0.266667 0.300000 0.333333 0.366667 0.400000 0.433333 0.466667 0.500000
0.533333 0.566667 0.600000 0.633333</float_array>
     <technique_common>
      <accessor source="#jnt_right_handindex3-Matrix-animation-input-array" count="20">
       <param name="TIME" type="float"></param>
      </accessor>
     </technique_common>
    </source>
    <source id="jnt_right_handindex3-Matrix-animation-output-transform">
     <float_array id="jnt_right_handindex3-Matrix-animation-output-transform-array" count="320">

0.999666 0.025823 -0.000000 0.093746 -0.025823 0.999667 0.000000 0.000000 0.000000 -0.000000 1.000000 -0.000000 0.000000 0.000000 0.000000 1.000000
0.999666 0.025823 -0.000000 0.093746 -0.025823 0.999667 0.000000 0.000000 0.000000 -0.000000 1.000000 -0.000000 0.000000 0.000000 0.000000 1.000000
0.999667 0.025823 -0.000000 0.093746 -0.025823 0.999667 0.000000 0.000000 0.000000 -0.000000 1.000000 -0.000000 0.000000 0.000000 0.000000 1.000000
0.999666 0.025823 -0.000000 0.093747 -0.025823 0.999667 0.000000 -0.000000 0.000000 -0.000000 1.000000 0.000000 0.000000 0.000000 0.000000 1.000000
0.999667 0.025823 -0.000000 0.093746 -0.025823 0.999667 0.000000 0.000000 0.000000 -0.000000 1.000000 0.000001 0.000000 0.000000 0.000000 1.000000
0.999667 0.025823 -0.000000 0.093747 -0.025823 0.999667 0.000000 0.000000 0.000000 -0.000000 1.000000 0.000000 0.000000 0.000000 0.000000 1.000000
0.999666 0.025823 -0.000000 0.093746 -0.025823 0.999667 0.000000 0.000000 0.000000 -0.000000 1.000000 -0.000000 0.000000 0.000000 0.000000 1.000000
0.999667 0.025823 -0.000000 0.093746 -0.025823 0.999667 0.000000 0.000000 0.000000 -0.000000 1.000000 0.000000 0.000000 0.000000 0.000000 1.000000
0.999667 0.025823 -0.000000 0.093746 -0.025823 0.999667 0.000000 0.000000 0.000000 -0.000000 1.000000 -0.000000 0.000000 0.000000 0.000000 1.000000
0.999666 0.025823 -0.000000 0.093746 -0.025823 0.999666 0.000000 -0.000000 0.000000 -0.000000 1.000000 -0.000000 0.000000 0.000000 0.000000 1.000000
0.999667 0.025823 -0.000000 0.093746 -0.025823 0.999667 0.000000 0.000000 0.000000 -0.000000 1.000000 0.000000 0.000000 0.000000 0.000000 1.000000
0.999666 0.025823 -0.000000 0.093746 -0.025823 0.999666 0.000000 0.000000 0.000000 -0.000000 1.000000 -0.000000 0.000000 0.000000 0.000000 1.000000
0.999666 0.025823 -0.000000 0.093746 -0.025823 0.999667 0.000000 0.000000 0.000000 -0.000000 1.000000 -0.000001 0.000000 0.000000 0.000000 1.000000
0.999667 0.025823 -0.000000 0.093746 -0.025823 0.999667 0.000000 0.000000 0.000000 -0.000000 1.000000 0.000000 0.000000 0.000000 0.000000 1.000000
0.999666 0.025823 -0.000000 0.093746 -0.025823 0.999666 0.000000 0.000000 0.000000 -0.000000 1.000000 -0.000000 0.000000 0.000000 0.000000 1.000000
0.999666 0.025823 -0.000000 0.093746 -0.025823 0.999667 0.000000 0.000000 0.000000 -0.000000 1.000000 -0.000001 0.000000 0.000000 0.000000 1.000000
0.999667 0.025823 -0.000000 0.093746 -0.025823 0.999667 0.000000 0.000000 0.000000 -0.000000 1.000000 0.000000 0.000000 0.000000 0.000000 1.000000
0.999666 0.025823 -0.000000 0.093746 -0.025823 0.999667 0.000000 0.000000 0.000000 -0.000000 1.000000 0.000000 0.000000 0.000000 0.000000 1.000000
0.999666 0.025823 -0.000000 0.093746 -0.025823 0.999667 0.000000 0.000000 0.000000 -0.000000 1.000000 -0.000000 0.000000 0.000000 0.000000 1.000000
0.999666 0.025823 -0.000000 0.093746 -0.025823 0.999667 0.000000 0.000000 0.000000 -0.000000 1.000000 -0.000000 0.000000 0.000000 0.000000 1.000000</float_array>
     <technique_common>
      <accessor source="#jnt_right_handindex3-Matrix-animation-output-transform-array" count="20" stride="16">
       <param type="float4x4"></param>
      </accessor>
     </technique_common>
    </source>
    <source id="jnt_right_handindex3-Interpolations">
     <Name_array id="jnt_right_handindex3-Interpolations-array" count="20">
 LINEAR LINEAR LINEAR LINEAR LINEAR LINEAR LINEAR LINEAR LINEAR LINEAR LINEAR
LINEAR LINEAR LINEAR LINEAR LINEAR LINEAR LINEAR LINEAR LINEAR</Name_array>
     <technique_common>
      <accessor source="#jnt_right_handindex3-Interpolations-array" count="20">
       <param type="name"></param>
      </accessor>
     </technique_common>
    </source>
    <sampler id="jnt_right_handindex3-Matrix-animation-transform">
     <input semantic="INPUT" source="#jnt_right_handindex3-Matrix-animation-input"></input>
     <input semantic="OUTPUT" source="#jnt_right_handindex3-Matrix-animation-output-transform"></input>
     <input semantic="INTERPOLATION" source="#jnt_right_handindex3-Interpolations"></input>
    </sampler>
    <channel source="#jnt_right_handindex3-Matrix-animation-transform" target="jnt_right_handindex3/matrix"></channel>
   </animation>
  </animation>
  <animation id="jnt_right_handindex4-anim" name="jnt_right_handindex4">
   <animation>
    <source id="jnt_right_handindex4-Matrix-animation-input">
     <float_array id="jnt_right_handindex4-Matrix-animation-input-array" count="20">

0.000000 0.033333 0.066667 0.100000 0.133333 0.166667 0.200000 0.233333 0.266667 0.300000 0.333333 0.366667 0.400000 0.433333 0.466667 0.500000
0.533333 0.566667 0.600000 0.633333</float_array>
     <technique_common>
      <accessor source="#jnt_right_handindex4-Matrix-animation-input-array" count="20">
       <param name="TIME" type="float"></param>
      </accessor>
     </technique_common>
    </source>
    <source id="jnt_right_handindex4-Matrix-animation-output-transform">
     <float_array id="jnt_right_handindex4-Matrix-animation-output-transform-array" count="320">

1.000000 0.000000 -0.000000 0.107088 -0.000000 1.000000 -0.000000 -0.000052 0.000000 0.000000 1.000000 0.001503 0.000000 0.000000 0.000000 1.000000
1.000000 0.000000 -0.000000 0.107088 -0.000000 1.000000 0.000000 -0.000052 0.000000 -0.000000 1.000000 0.001503 0.000000 0.000000 0.000000 1.000000
1.000000 -0.000000 0.000000 0.107088 0.000000 1.000000 -0.000000 -0.000052 -0.000000 0.000000 1.000000 0.001503 0.000000 0.000000 0.000000 1.000000
1.000000 -0.000000 0.000000 0.107088 0.000000 1.000000 -0.000000 -0.000052 0.000000 0.000000 1.000000 0.001503 0.000000 0.000000 0.000000 1.000000
1.000000 -0.000000 -0.000000 0.107088 0.000000 1.000000 0.000000 -0.000052 0.000000 -0.000000 1.000000 0.001503 0.000000 0.000000 0.000000 1.000000
1.000000 -0.000000 -0.000000 0.107088 0.000000 1.000000 0.000000 -0.000052 0.000000 -0.000000 1.000000 0.001503 0.000000 0.000000 0.000000 1.000000
1.000000 -0.000000 0.000000 0.107088 0.000000 1.000000 0.000000 -0.000052 -0.000000 -0.000000 1.000000 0.001503 0.000000 0.000000 0.000000 1.000000
1.000000 0.000000 0.000000 0.107088 -0.000000 1.000000 -0.000000 -0.000052 -0.000000 0.000000 1.000000 0.001502 0.000000 0.000000 0.000000 1.000000
1.000000 0.000000 -0.000000 0.107088 -0.000000 1.000000 0.000000 -0.000052 0.000000 -0.000000 1.000000 0.001503 0.000000 0.000000 0.000000 1.000000
1.000000 -0.000000 0.000000 0.107088 0.000000 1.000000 -0.000000 -0.000052 -0.000000 0.000000 1.000000 0.001503 0.000000 0.000000 0.000000 1.000000
1.000000 0.000000 0.000000 0.107088 -0.000000 1.000000 0.000000 -0.000052 -0.000000 -0.000000 1.000000 0.001503 0.000000 0.000000 0.000000 1.000000
1.000000 -0.000000 -0.000000 0.107088 0.000000 1.000000 -0.000000 -0.000052 0.000000 0.000000 1.000000 0.001503 0.000000 0.000000 0.000000 1.000000
1.000000 -0.000000 0.000000 0.107088 0.000000 1.000000 -0.000000 -0.000052 -0.000000 0.000000 1.000000 0.001503 0.000000 0.000000 0.000000 1.000000
1.000000 0.000000 -0.000000 0.107088 -0.000000 1.000000 0.000000 -0.000052 0.000000 -0.000000 1.000000 0.001503 0.000000 0.000000 0.000000 1.000000
1.000000 0.000000 -0.000000 0.107088 -0.000000 1.000000 0.000000 -0.000052 0.000000 -0.000000 1.000000 0.001503 0.000000 0.000000 0.000000 1.000000
1.000000 0.000000 0.000000 0.107088 -0.000000 1.000000 -0.000000 -0.000052 -0.000000 0.000000 1.000000 0.001503 0.000000 0.000000 0.000000 1.000000
1.000000 -0.000000 0.000000 0.107088 0.000000 1.000000 0.000000 -0.000052 -0.000000 -0.000000 1.000000 0.001503 0.000000 0.000000 0.000000 1.000000
1.000000 0.000000 0.000000 0.107088 -0.000000 1.000000 0.000000 -0.000052 -0.000000 -0.000000 1.000000 0.001503 0.000000 0.000000 0.000000 1.000000
1.000000 0.000000 -0.000000 0.107088 -0.000000 1.000000 -0.000000 -0.000052 0.000000 0.000000 1.000000 0.001503 0.000000 0.000000 0.000000 1.000000
1.000000 0.000000 -0.000000 0.107088 -0.000000 1.000000 -0.000000 -0.000052 0.000000 0.000000 1.000000 0.001503 0.000000 0.000000 0.000000 1.000000</float_array>
     <technique_common>
      <accessor source="#jnt_right_handindex4-Matrix-animation-output-transform-array" count="20" stride="16">
       <param type="float4x4"></param>
      </accessor>
     </technique_common>
    </source>
    <source id="jnt_right_handindex4-Interpolations">
     <Name_array id="jnt_right_handindex4-Interpolations-array" count="20">
 LINEAR LINEAR LINEAR LINEAR LINEAR LINEAR LINEAR LINEAR LINEAR LINEAR LINEAR
LINEAR LINEAR LINEAR LINEAR LINEAR LINEAR LINEAR LINEAR LINEAR</Name_array>
     <technique_common>
      <accessor source="#jnt_right_handindex4-Interpolations-array" count="20">
       <param type="name"></param>
      </accessor>
     </technique_common>
    </source>
    <sampler id="jnt_right_handindex4-Matrix-animation-transform">
     <input semantic="INPUT" source="#jnt_right_handindex4-Matrix-animation-input"></input>
     <input semantic="OUTPUT" source="#jnt_right_handindex4-Matrix-animation-output-transform"></input>
     <input semantic="INTERPOLATION" source="#jnt_right_handindex4-Interpolations"></input>
    </sampler>
    <channel source="#jnt_right_handindex4-Matrix-animation-transform" target="jnt_right_handindex4/matrix"></channel>
   </animation>
  </animation>
  <animation id="jnt_right_weapon-anim" name="jnt_right_weapon">
   <animation>
    <source id="jnt_right_weapon-Matrix-animation-input">
     <float_array id="jnt_right_weapon-Matrix-animation-input-array" count="20">

0.000000 0.033333 0.066667 0.100000 0.133333 0.166667 0.200000 0.233333 0.266667 0.300000 0.333333 0.366667 0.400000 0.433333 0.466667 0.500000
0.533333 0.566667 0.600000 0.633333</float_array>
     <technique_common>
      <accessor source="#jnt_right_weapon-Matrix-animation-input-array" count="20">
       <param name="TIME" type="float"></param>
      </accessor>
     </technique_common>
    </source>
    <source id="jnt_right_weapon-Matrix-animation-output-transform">
     <float_array id="jnt_right_weapon-Matrix-animation-output-transform-array" count="320">

-0.236786 -0.111367 0.965158 0.408330 0.102326 0.985025 0.138763 0.002724 -0.966158 0.131617 -0.221844 -0.174393 0.000000 0.000000 0.000000 1.000000
-0.236786 -0.111367 0.965158 0.408330 0.102326 0.985025 0.138763 0.002724 -0.966158 0.131617 -0.221845 -0.174393 0.000000 0.000000 0.000000 1.000000
-0.236786 -0.111367 0.965158 0.408330 0.102326 0.985025 0.138763 0.002724 -0.966158 0.131617 -0.221844 -0.174393 0.000000 0.000000 0.000000 1.000000
-0.236786 -0.111367 0.965158 0.408330 0.102326 0.985025 0.138763 0.002724 -0.966158 0.131617 -0.221844 -0.174393 0.000000 0.000000 0.000000 1.000000
-0.236786 -0.111367 0.965158 0.408330 0.102326 0.985025 0.138763 0.002724 -0.966158 0.131617 -0.221844 -0.174393 0.000000 0.000000 0.000000 1.000000
-0.236786 -0.111367 0.965158 0.408330 0.102326 0.985025 0.138763 0.002724 -0.966158 0.131617 -0.221844 -0.174393 0.000000 0.000000 0.000000 1.000000
-0.236786 -0.111367 0.965158 0.408330 0.102326 0.985025 0.138763 0.002724 -0.966158 0.131617 -0.221844 -0.174393 0.000000 0.000000 0.000000 1.000000
-0.236786 -0.111367 0.965158 0.408330 0.102326 0.985025 0.138763 0.002724 -0.966158 0.131617 -0.221844 -0.174393 0.000000 0.000000 0.000000 1.000000
-0.236786 -0.111367 0.965158 0.408330 0.102326 0.985025 0.138763 0.002724 -0.966158 0.131617 -0.221844 -0.174393 0.000000 0.000000 0.000000 1.000000
-0.236786 -0.111367 0.965158 0.408330 0.102326 0.985025 0.138763 0.002724 -0.966158 0.131617 -0.221844 -0.174393 0.000000 0.000000 0.000000 1.000000
-0.236786 -0.111367 0.965158 0.408330 0.102326 0.985025 0.138763 0.002724 -0.966158 0.131617 -0.221844 -0.174393 0.000000 0.000000 0.000000 1.000000
-0.236786 -0.111367 0.965158 0.408330 0.102326 0.985025 0.138763 0.002724 -0.966158 0.131617 -0.221845 -0.174393 0.000000 0.000000 0.000000 1.000000
-0.236786 -0.111367 0.965158 0.408330 0.102326 0.985025 0.138763 0.002724 -0.966158 0.131617 -0.221844 -0.174393 0.000000 0.000000 0.000000 1.000000
-0.236786 -0.111367 0.965158 0.408330 0.102326 0.985025 0.138763 0.002724 -0.966158 0.131617 -0.221844 -0.174393 0.000000 0.000000 0.000000 1.000000
-0.236786 -0.111367 0.965158 0.408330 0.102326 0.985025 0.138763 0.002724 -0.966158 0.131617 -0.221844 -0.174393 0.000000 0.000000 0.000000 1.000000
-0.236786 -0.111367 0.965158 0.408330 0.102326 0.985025 0.138763 0.002724 -0.966158 0.131617 -0.221844 -0.174393 0.000000 0.000000 0.000000 1.000000
-0.236786 -0.111367 0.965158 0.408330 0.102326 0.985025 0.138763 0.002724 -0.966158 0.131617 -0.221844 -0.174393 0.000000 0.000000 0.000000 1.000000
-0.236786 -0.111367 0.965158 0.408330 0.102326 0.985025 0.138763 0.002724 -0.966158 0.131617 -0.221844 -0.174393 0.000000 0.000000 0.000000 1.000000
-0.236786 -0.111367 0.965158 0.408330 0.102326 0.985025 0.138763 0.002724 -0.966158 0.131617 -0.221844 -0.174393 0.000000 0.000000 0.000000 1.000000
-0.236786 -0.111367 0.965158 0.408330 0.102326 0.985025 0.138763 0.002724 -0.966158 0.131617 -0.221844 -0.174393 0.000000 0.000000 0.000000 1.000000</float_array>
     <technique_common>
      <accessor source="#jnt_right_weapon-Matrix-animation-output-transform-array" count="20" stride="16">
       <param type="float4x4"></param>
      </accessor>
     </technique_common>
    </source>
    <source id="jnt_right_weapon-Interpolations">
     <Name_array id="jnt_right_weapon-Interpolations-array" count="20">
 LINEAR LINEAR LINEAR LINEAR LINEAR LINEAR LINEAR LINEAR LINEAR LINEAR LINEAR
LINEAR LINEAR LINEAR LINEAR LINEAR LINEAR LINEAR LINEAR LINEAR</Name_array>
     <technique_common>
      <accessor source="#jnt_right_weapon-Interpolations-array" count="20">
       <param type="name"></param>
      </accessor>
     </technique_common>
    </source>
    <sampler id="jnt_right_weapon-Matrix-animation-transform">
     <input semantic="INPUT" source="#jnt_right_weapon-Matrix-animation-input"></input>
     <input semantic="OUTPUT" source="#jnt_right_weapon-Matrix-animation-output-transform"></input>
     <input semantic="INTERPOLATION" source="#jnt_right_weapon-Interpolations"></input>
    </sampler>
    <channel source="#jnt_right_weapon-Matrix-animation-transform" target="jnt_right_weapon/matrix"></channel>
   </animation>
  </animation>
  <animation id="jnt_right_handmiddle1-anim" name="jnt_right_handmiddle1">
   <animation>
    <source id="jnt_right_handmiddle1-Matrix-animation-input">
     <float_array id="jnt_right_handmiddle1-Matrix-animation-input-array" count="20">

0.000000 0.033333 0.066667 0.100000 0.133333 0.166667 0.200000 0.233333 0.266667 0.300000 0.333333 0.366667 0.400000 0.433333 0.466667 0.500000
0.533333 0.566667 0.600000 0.633333</float_array>
     <technique_common>
      <accessor source="#jnt_right_handmiddle1-Matrix-animation-input-array" count="20">
       <param name="TIME" type="float"></param>
      </accessor>
     </technique_common>
    </source>
    <source id="jnt_right_handmiddle1-Matrix-animation-output-transform">
     <float_array id="jnt_right_handmiddle1-Matrix-animation-output-transform-array" count="320">

0.368560 0.925868 -0.083257 0.489245 -0.066291 -0.063157 -0.995800 0.062066 -0.927237 0.372531 0.038099 0.036303 0.000000 0.000000 0.000000 1.000000
0.368560 0.925868 -0.083257 0.489245 -0.066291 -0.063157 -0.995800 0.062066 -0.927237 0.372531 0.038099 0.036303 0.000000 0.000000 0.000000 1.000000
0.368560 0.925868 -0.083257 0.489245 -0.066291 -0.063157 -0.995800 0.062066 -0.927237 0.372531 0.038099 0.036303 0.000000 0.000000 0.000000 1.000000
0.368560 0.925868 -0.083256 0.489245 -0.066291 -0.063157 -0.995799 0.062066 -0.927237 0.372531 0.038099 0.036302 0.000000 0.000000 0.000000 1.000000
0.368560 0.925868 -0.083257 0.489245 -0.066291 -0.063157 -0.995799 0.062065 -0.927237 0.372531 0.038099 0.036303 0.000000 0.000000 0.000000 1.000000
0.368560 0.925868 -0.083257 0.489245 -0.066291 -0.063157 -0.995799 0.062066 -0.927237 0.372531 0.038099 0.036303 0.000000 0.000000 0.000000 1.000000
0.368560 0.925868 -0.083257 0.489245 -0.066291 -0.063157 -0.995799 0.062066 -0.927237 0.372531 0.038099 0.036303 0.000000 0.000000 0.000000 1.000000
0.368560 0.925868 -0.083257 0.489245 -0.066290 -0.063157 -0.995800 0.062066 -0.927237 0.372531 0.038099 0.036303 0.000000 0.000000 0.000000 1.000000
0.368560 0.925868 -0.083257 0.489245 -0.066290 -0.063157 -0.995799 0.062066 -0.927237 0.372531 0.038099 0.036303 0.000000 0.000000 0.000000 1.000000
0.368560 0.925868 -0.083256 0.489245 -0.066291 -0.063157 -0.995800 0.062067 -0.927237 0.372531 0.038099 0.036303 0.000000 0.000000 0.000000 1.000000
0.368560 0.925868 -0.083256 0.489245 -0.066290 -0.063157 -0.995800 0.062066 -0.927237 0.372532 0.038099 0.036303 0.000000 0.000000 0.000000 1.000000
0.368560 0.925868 -0.083257 0.489245 -0.066291 -0.063157 -0.995800 0.062066 -0.927237 0.372531 0.038099 0.036303 0.000000 0.000000 0.000000 1.000000
0.368560 0.925868 -0.083257 0.489245 -0.066291 -0.063157 -0.995799 0.062065 -0.927237 0.372531 0.038099 0.036302 0.000000 0.000000 0.000000 1.000000
0.368560 0.925868 -0.083257 0.489245 -0.066291 -0.063157 -0.995799 0.062066 -0.927237 0.372531 0.038099 0.036303 0.000000 0.000000 0.000000 1.000000
0.368560 0.925868 -0.083257 0.489245 -0.066291 -0.063157 -0.995800 0.062066 -0.927237 0.372531 0.038099 0.036303 0.000000 0.000000 0.000000 1.000000
0.368560 0.925868 -0.083257 0.489245 -0.066291 -0.063157 -0.995800 0.062066 -0.927237 0.372531 0.038099 0.036303 0.000000 0.000000 0.000000 1.000000
0.368560 0.925868 -0.083257 0.489245 -0.066291 -0.063157 -0.995799 0.062066 -0.927237 0.372531 0.038099 0.036303 0.000000 0.000000 0.000000 1.000000
0.368560 0.925868 -0.083257 0.489245 -0.066291 -0.063157 -0.995799 0.062066 -0.927237 0.372531 0.038099 0.036303 0.000000 0.000000 0.000000 1.000000
0.368560 0.925868 -0.083257 0.489245 -0.066291 -0.063157 -0.995800 0.062066 -0.927237 0.372531 0.038099 0.036303 0.000000 0.000000 0.000000 1.000000
0.368560 0.925868 -0.083257 0.489245 -0.066291 -0.063157 -0.995800 0.062066 -0.927237 0.372531 0.038099 0.036303 0.000000 0.000000 0.000000 1.000000</float_array>
     <technique_common>
      <accessor source="#jnt_right_handmiddle1-Matrix-animation-output-transform-array" count="20" stride="16">
       <param type="float4x4"></param>
      </accessor>
     </technique_common>
    </source>
    <source id="jnt_right_handmiddle1-Interpolations">
     <Name_array id="jnt_right_handmiddle1-Interpolations-array" count="20">
 LINEAR LINEAR LINEAR LINEAR LINEAR LINEAR LINEAR LINEAR LINEAR LINEAR LINEAR
LINEAR LINEAR LINEAR LINEAR LINEAR LINEAR LINEAR LINEAR LINEAR</Name_array>
     <technique_common>
      <accessor source="#jnt_right_handmiddle1-Interpolations-array" count="20">
       <param type="name"></param>
      </accessor>
     </technique_common>
    </source>
    <sampler id="jnt_right_handmiddle1-Matrix-animation-transform">
     <input semantic="INPUT" source="#jnt_right_handmiddle1-Matrix-animation-input"></input>
     <input semantic="OUTPUT" source="#jnt_right_handmiddle1-Matrix-animation-output-transform"></input>
     <input semantic="INTERPOLATION" source="#jnt_right_handmiddle1-Interpolations"></input>
    </sampler>
    <channel source="#jnt_right_handmiddle1-Matrix-animation-transform" target="jnt_right_handmiddle1/matrix"></channel>
   </animation>
  </animation>
  <animation id="jnt_right_handmiddle2-anim" name="jnt_right_handmiddle2">
   <animation>
    <source id="jnt_right_handmiddle2-Matrix-animation-input">
     <float_array id="jnt_right_handmiddle2-Matrix-animation-input-array" count="20">

0.000000 0.033333 0.066667 0.100000 0.133333 0.166667 0.200000 0.233333 0.266667 0.300000 0.333333 0.366667 0.400000 0.433333 0.466667 0.500000
0.533333 0.566667 0.600000 0.633333</float_array>
     <technique_common>
      <accessor source="#jnt_right_handmiddle2-Matrix-animation-input-array" count="20">
       <param name="TIME" type="float"></param>
      </accessor>
     </technique_common>
    </source>
    <source id="jnt_right_handmiddle2-Matrix-animation-output-transform">
     <float_array id="jnt_right_handmiddle2-Matrix-animation-output-transform-array" count="320">

0.739923 0.672691 -0.000000 0.176685 -0.672692 0.739923 -0.000000 0.000001 0.000000 0.000000 1.000000 0.000001 0.000000 0.000000 0.000000 1.000000
0.739923 0.672691 -0.000000 0.176685 -0.672691 0.739923 -0.000000 0.000001 0.000000 0.000000 1.000000 -0.000001 0.000000 0.000000 0.000000 1.000000
0.739923 0.672691 -0.000000 0.176685 -0.672691 0.739923 -0.000000 0.000001 0.000000 0.000000 1.000000 0.000000 0.000000 0.000000 0.000000 1.000000
0.739923 0.672691 -0.000000 0.176685 -0.672691 0.739923 -0.000000 0.000001 0.000000 0.000000 1.000000 0.000000 0.000000 0.000000 0.000000 1.000000
0.739923 0.672691 -0.000000 0.176685 -0.672691 0.739923 -0.000000 0.000001 0.000000 0.000000 1.000000 -0.000000 0.000000 0.000000 0.000000 1.000000
0.739923 0.672691 -0.000000 0.176685 -0.672691 0.739923 -0.000000 0.000001 0.000000 0.000000 1.000000 -0.000000 0.000000 0.000000 0.000000 1.000000
0.739923 0.672691 -0.000000 0.176685 -0.672691 0.739923 -0.000000 0.000001 0.000000 0.000000 1.000000 0.000000 0.000000 0.000000 0.000000 1.000000
0.739923 0.672691 -0.000000 0.176685 -0.672691 0.739923 -0.000000 0.000001 0.000000 0.000000 1.000000 -0.000001 0.000000 0.000000 0.000000 1.000000
0.739923 0.672691 -0.000000 0.176685 -0.672691 0.739923 -0.000000 0.000001 0.000000 0.000000 1.000000 -0.000000 0.000000 0.000000 0.000000 1.000000
0.739923 0.672691 -0.000000 0.176685 -0.672691 0.739923 -0.000000 0.000001 0.000000 0.000000 1.000000 -0.000000 0.000000 0.000000 0.000000 1.000000
0.739923 0.672691 -0.000000 0.176685 -0.672691 0.739923 -0.000000 0.000001 0.000000 0.000000 1.000000 -0.000000 0.000000 0.000000 0.000000 1.000000
0.739923 0.672691 -0.000000 0.176685 -0.672691 0.739923 -0.000000 0.000001 0.000000 0.000000 1.000000 0.000000 0.000000 0.000000 0.000000 1.000000
0.739923 0.672691 -0.000000 0.176685 -0.672691 0.739923 -0.000000 0.000001 0.000000 0.000000 1.000000 0.000001 0.000000 0.000000 0.000000 1.000000
0.739923 0.672691 -0.000000 0.176685 -0.672691 0.739923 -0.000000 0.000001 0.000000 0.000000 1.000000 -0.000000 0.000000 0.000000 0.000000 1.000000
0.739923 0.672691 -0.000000 0.176685 -0.672691 0.739923 -0.000000 0.000001 0.000000 0.000000 1.000000 0.000001 0.000000 0.000000 0.000000 1.000000
0.739923 0.672691 -0.000000 0.176685 -0.672691 0.739923 -0.000000 0.000001 0.000000 0.000000 1.000000 0.000000 0.000000 0.000000 0.000000 1.000000
0.739923 0.672691 -0.000000 0.176685 -0.672692 0.739923 -0.000000 0.000000 0.000000 0.000000 1.000000 -0.000000 0.000000 0.000000 0.000000 1.000000
0.739923 0.672692 -0.000000 0.176685 -0.672691 0.739923 -0.000000 0.000001 0.000000 0.000000 1.000000 -0.000000 0.000000 0.000000 0.000000 1.000000
0.739923 0.672691 -0.000000 0.176685 -0.672692 0.739923 -0.000000 0.000001 0.000000 0.000000 1.000000 0.000001 0.000000 0.000000 0.000000 1.000000
0.739923 0.672691 -0.000000 0.176685 -0.672692 0.739923 -0.000000 0.000001 0.000000 0.000000 1.000000 0.000001 0.000000 0.000000 0.000000 1.000000</float_array>
     <technique_common>
      <accessor source="#jnt_right_handmiddle2-Matrix-animation-output-transform-array" count="20" stride="16">
       <param type="float4x4"></param>
      </accessor>
     </technique_common>
    </source>
    <source id="jnt_right_handmiddle2-Interpolations">
     <Name_array id="jnt_right_handmiddle2-Interpolations-array" count="20">
 LINEAR LINEAR LINEAR LINEAR LINEAR LINEAR LINEAR LINEAR LINEAR LINEAR LINEAR
LINEAR LINEAR LINEAR LINEAR LINEAR LINEAR LINEAR LINEAR LINEAR</Name_array>
     <technique_common>
      <accessor source="#jnt_right_handmiddle2-Interpolations-array" count="20">
       <param type="name"></param>
      </accessor>
     </technique_common>
    </source>
    <sampler id="jnt_right_handmiddle2-Matrix-animation-transform">
     <input semantic="INPUT" source="#jnt_right_handmiddle2-Matrix-animation-input"></input>
     <input semantic="OUTPUT" source="#jnt_right_handmiddle2-Matrix-animation-output-transform"></input>
     <input semantic="INTERPOLATION" source="#jnt_right_handmiddle2-Interpolations"></input>
    </sampler>
    <channel source="#jnt_right_handmiddle2-Matrix-animation-transform" target="jnt_right_handmiddle2/matrix"></channel>
   </animation>
  </animation>
  <animation id="jnt_right_handmiddle3-anim" name="jnt_right_handmiddle3">
   <animation>
    <source id="jnt_right_handmiddle3-Matrix-animation-input">
     <float_array id="jnt_right_handmiddle3-Matrix-animation-input-array" count="20">

0.000000 0.033333 0.066667 0.100000 0.133333 0.166667 0.200000 0.233333 0.266667 0.300000 0.333333 0.366667 0.400000 0.433333 0.466667 0.500000
0.533333 0.566667 0.600000 0.633333</float_array>
     <technique_common>
      <accessor source="#jnt_right_handmiddle3-Matrix-animation-input-array" count="20">
       <param name="TIME" type="float"></param>
      </accessor>
     </technique_common>
    </source>
    <source id="jnt_right_handmiddle3-Matrix-animation-output-transform">
     <float_array id="jnt_right_handmiddle3-Matrix-animation-output-transform-array" count="320">

0.869501 0.493932 -0.000000 0.108374 -0.493932 0.869501 0.000000 0.000000 0.000000 -0.000000 1.000000 0.000000 0.000000 0.000000 0.000000 1.000000
0.869501 0.493932 -0.000000 0.108374 -0.493932 0.869501 0.000000 0.000001 0.000000 -0.000000 1.000000 0.000001 0.000000 0.000000 0.000000 1.000000
0.869501 0.493932 0.000000 0.108374 -0.493932 0.869501 0.000000 0.000000 0.000000 -0.000000 1.000000 0.000000 0.000000 0.000000 0.000000 1.000000
0.869501 0.493932 -0.000000 0.108374 -0.493932 0.869501 0.000000 0.000000 0.000000 -0.000000 1.000000 -0.000000 0.000000 0.000000 0.000000 1.000000
0.869501 0.493932 -0.000000 0.108374 -0.493932 0.869501 0.000000 0.000001 0.000000 -0.000000 1.000000 -0.000000 0.000000 0.000000 0.000000 1.000000
0.869501 0.493932 -0.000000 0.108374 -0.493932 0.869501 0.000000 -0.000000 0.000000 -0.000000 1.000000 -0.000000 0.000000 0.000000 0.000000 1.000000
0.869501 0.493932 -0.000000 0.108374 -0.493932 0.869501 0.000000 0.000000 0.000000 -0.000000 1.000000 0.000000 0.000000 0.000000 0.000000 1.000000
0.869501 0.493932 -0.000000 0.108374 -0.493932 0.869501 0.000000 0.000000 0.000000 -0.000000 1.000000 -0.000000 0.000000 0.000000 0.000000 1.000000
0.869501 0.493932 -0.000000 0.108374 -0.493932 0.869501 0.000000 -0.000000 0.000000 -0.000000 1.000000 -0.000001 0.000000 0.000000 0.000000 1.000000
0.869501 0.493932 -0.000000 0.108374 -0.493932 0.869501 0.000000 0.000000 0.000000 -0.000000 1.000000 -0.000001 0.000000 0.000000 0.000000 1.000000
0.869501 0.493932 -0.000000 0.108374 -0.493932 0.869501 0.000000 0.000000 0.000000 -0.000000 1.000000 0.000001 0.000000 0.000000 0.000000 1.000000
0.869501 0.493932 -0.000000 0.108374 -0.493932 0.869501 0.000000 0.000000 0.000000 -0.000000 1.000000 -0.000000 0.000000 0.000000 0.000000 1.000000
0.869501 0.493932 -0.000000 0.108374 -0.493932 0.869501 0.000000 0.000000 0.000000 -0.000000 1.000000 -0.000000 0.000000 0.000000 0.000000 1.000000
0.869501 0.493932 -0.000000 0.108374 -0.493932 0.869501 0.000000 0.000000 0.000000 -0.000000 1.000000 -0.000000 0.000000 0.000000 0.000000 1.000000
0.869501 0.493932 -0.000000 0.108374 -0.493932 0.869500 0.000000 -0.000000 0.000000 -0.000000 1.000000 0.000000 0.000000 0.000000 0.000000 1.000000
0.869501 0.493932 -0.000000 0.108374 -0.493932 0.869501 0.000000 0.000000 0.000000 -0.000000 1.000000 0.000001 0.000000 0.000000 0.000000 1.000000
0.869501 0.493932 -0.000000 0.108374 -0.493932 0.869501 0.000000 -0.000000 0.000000 -0.000000 1.000000 0.000000 0.000000 0.000000 0.000000 1.000000
0.869501 0.493932 -0.000000 0.108374 -0.493932 0.869501 0.000000 0.000000 0.000000 -0.000000 1.000000 -0.000000 0.000000 0.000000 0.000000 1.000000
0.869501 0.493932 -0.000000 0.108374 -0.493932 0.869501 0.000000 0.000000 0.000000 -0.000000 1.000000 0.000000 0.000000 0.000000 0.000000 1.000000
0.869501 0.493932 -0.000000 0.108374 -0.493932 0.869501 0.000000 0.000000 0.000000 -0.000000 1.000000 0.000000 0.000000 0.000000 0.000000 1.000000</float_array>
     <technique_common>
      <accessor source="#jnt_right_handmiddle3-Matrix-animation-output-transform-array" count="20" stride="16">
       <param type="float4x4"></param>
      </accessor>
     </technique_common>
    </source>
    <source id="jnt_right_handmiddle3-Interpolations">
     <Name_array id="jnt_right_handmiddle3-Interpolations-array" count="20">
 LINEAR LINEAR LINEAR LINEAR LINEAR LINEAR LINEAR LINEAR LINEAR LINEAR LINEAR
LINEAR LINEAR LINEAR LINEAR LINEAR LINEAR LINEAR LINEAR LINEAR</Name_array>
     <technique_common>
      <accessor source="#jnt_right_handmiddle3-Interpolations-array" count="20">
       <param type="name"></param>
      </accessor>
     </technique_common>
    </source>
    <sampler id="jnt_right_handmiddle3-Matrix-animation-transform">
     <input semantic="INPUT" source="#jnt_right_handmiddle3-Matrix-animation-input"></input>
     <input semantic="OUTPUT" source="#jnt_right_handmiddle3-Matrix-animation-output-transform"></input>
     <input semantic="INTERPOLATION" source="#jnt_right_handmiddle3-Interpolations"></input>
    </sampler>
    <channel source="#jnt_right_handmiddle3-Matrix-animation-transform" target="jnt_right_handmiddle3/matrix"></channel>
   </animation>
  </animation>
  <animation id="jnt_right_handmiddle4-anim" name="jnt_right_handmiddle4">
   <animation>
    <source id="jnt_right_handmiddle4-Matrix-animation-input">
     <float_array id="jnt_right_handmiddle4-Matrix-animation-input-array" count="20">

0.000000 0.033333 0.066667 0.100000 0.133333 0.166667 0.200000 0.233333 0.266667 0.300000 0.333333 0.366667 0.400000 0.433333 0.466667 0.500000
0.533333 0.566667 0.600000 0.633333</float_array>
     <technique_common>
      <accessor source="#jnt_right_handmiddle4-Matrix-animation-input-array" count="20">
       <param name="TIME" type="float"></param>
      </accessor>
     </technique_common>
    </source>
    <source id="jnt_right_handmiddle4-Matrix-animation-output-transform">
     <float_array id="jnt_right_handmiddle4-Matrix-animation-output-transform-array" count="320">

1.000000 0.000000 0.000000 0.119191 -0.000000 1.000000 -0.000000 0.000105 -0.000000 0.000000 1.000000 -0.000005 0.000000 0.000000 0.000000 1.000000
1.000000 0.000000 0.000000 0.119191 -0.000000 1.000000 -0.000000 0.000105 -0.000000 0.000000 1.000000 -0.000005 0.000000 0.000000 0.000000 1.000000
1.000000 0.000000 0.000000 0.119191 -0.000000 1.000000 0.000000 0.000105 -0.000000 -0.000000 1.000000 -0.000005 0.000000 0.000000 0.000000 1.000000
1.000000 0.000000 0.000000 0.119191 -0.000000 1.000000 -0.000000 0.000105 -0.000000 0.000000 1.000000 -0.000005 0.000000 0.000000 0.000000 1.000000
1.000000 0.000000 0.000000 0.119191 -0.000000 1.000000 0.000000 0.000105 -0.000000 -0.000000 1.000000 -0.000005 0.000000 0.000000 0.000000 1.000000
1.000000 0.000000 0.000000 0.119191 -0.000000 1.000000 -0.000000 0.000105 -0.000000 0.000000 1.000000 -0.000005 0.000000 0.000000 0.000000 1.000000
1.000000 0.000000 0.000000 0.119191 -0.000000 1.000000 0.000000 0.000105 -0.000000 -0.000000 1.000000 -0.000005 0.000000 0.000000 0.000000 1.000000
1.000000 0.000000 0.000000 0.119191 -0.000000 1.000000 -0.000000 0.000105 -0.000000 0.000000 1.000000 -0.000005 0.000000 0.000000 0.000000 1.000000
1.000000 0.000000 0.000000 0.119191 -0.000000 1.000000 0.000000 0.000105 -0.000000 -0.000000 1.000000 -0.000005 0.000000 0.000000 0.000000 1.000000
1.000000 0.000000 0.000000 0.119191 -0.000000 1.000000 -0.000000 0.000105 -0.000000 0.000000 1.000000 -0.000005 0.000000 0.000000 0.000000 1.000000
1.000000 0.000000 -0.000000 0.119191 -0.000000 1.000000 0.000000 0.000105 0.000000 -0.000000 1.000000 -0.000005 0.000000 0.000000 0.000000 1.000000
1.000000 0.000000 -0.000000 0.119191 -0.000000 1.000000 -0.000000 0.000105 0.000000 0.000000 1.000000 -0.000005 0.000000 0.000000 0.000000 1.000000
1.000000 0.000000 -0.000000 0.119191 -0.000000 1.000000 -0.000000 0.000105 0.000000 0.000000 1.000000 -0.000005 0.000000 0.000000 0.000000 1.000000
1.000000 0.000000 0.000000 0.119191 -0.000000 1.000000 -0.000000 0.000105 -0.000000 0.000000 1.000000 -0.000005 0.000000 0.000000 0.000000 1.000000
1.000000 0.000000 -0.000000 0.119191 -0.000000 1.000000 0.000000 0.000105 0.000000 -0.000000 1.000000 -0.000005 0.000000 0.000000 0.000000 1.000000
1.000000 0.000000 0.000000 0.119191 -0.000000 1.000000 0.000000 0.000105 -0.000000 -0.000000 1.000000 -0.000004 0.000000 0.000000 0.000000 1.000000
1.000000 0.000000 0.000000 0.119191 -0.000000 1.000000 0.000000 0.000105 -0.000000 -0.000000 1.000000 -0.000005 0.000000 0.000000 0.000000 1.000000
1.000000 0.000000 0.000000 0.119191 -0.000000 1.000000 -0.000000 0.000105 -0.000000 0.000000 1.000000 -0.000005 0.000000 0.000000 0.000000 1.000000
1.000000 0.000000 0.000000 0.119191 -0.000000 1.000000 -0.000000 0.000105 -0.000000 0.000000 1.000000 -0.000005 0.000000 0.000000 0.000000 1.000000
1.000000 0.000000 0.000000 0.119191 -0.000000 1.000000 -0.000000 0.000105 -0.000000 0.000000 1.000000 -0.000005 0.000000 0.000000 0.000000 1.000000</float_array>
     <technique_common>
      <accessor source="#jnt_right_handmiddle4-Matrix-animation-output-transform-array" count="20" stride="16">
       <param type="float4x4"></param>
      </accessor>
     </technique_common>
    </source>
    <source id="jnt_right_handmiddle4-Interpolations">
     <Name_array id="jnt_right_handmiddle4-Interpolations-array" count="20">
 LINEAR LINEAR LINEAR LINEAR LINEAR LINEAR LINEAR LINEAR LINEAR LINEAR LINEAR
LINEAR LINEAR LINEAR LINEAR LINEAR LINEAR LINEAR LINEAR LINEAR</Name_array>
     <technique_common>
      <accessor source="#jnt_right_handmiddle4-Interpolations-array" count="20">
       <param type="name"></param>
      </accessor>
     </technique_common>
    </source>
    <sampler id="jnt_right_handmiddle4-Matrix-animation-transform">
     <input semantic="INPUT" source="#jnt_right_handmiddle4-Matrix-animation-input"></input>
     <input semantic="OUTPUT" source="#jnt_right_handmiddle4-Matrix-animation-output-transform"></input>
     <input semantic="INTERPOLATION" source="#jnt_right_handmiddle4-Interpolations"></input>
    </sampler>
    <channel source="#jnt_right_handmiddle4-Matrix-animation-transform" target="jnt_right_handmiddle4/matrix"></channel>
   </animation>
  </animation>
  <animation id="jnt_right_handring1-anim" name="jnt_right_handring1">
   <animation>
    <source id="jnt_right_handring1-Matrix-animation-input">
     <float_array id="jnt_right_handring1-Matrix-animation-input-array" count="20">

0.000000 0.033333 0.066667 0.100000 0.133333 0.166667 0.200000 0.233333 0.266667 0.300000 0.333333 0.366667 0.400000 0.433333 0.466667 0.500000
0.533333 0.566667 0.600000 0.633333</float_array>
     <technique_common>
      <accessor source="#jnt_right_handring1-Matrix-animation-input-array" count="20">
       <param name="TIME" type="float"></param>
      </accessor>
     </technique_common>
    </source>
    <source id="jnt_right_handring1-Matrix-animation-output-transform">
     <float_array id="jnt_right_handring1-Matrix-animation-output-transform-array" count="320">

0.355831 0.903712 -0.238097 0.469962 -0.059672 -0.232281 -0.970817 -0.076798 -0.932644 0.359654 -0.028727 0.036646 0.000000 0.000000 0.000000 1.000000
0.355831 0.903712 -0.238097 0.469962 -0.059672 -0.232282 -0.970817 -0.076799 -0.932644 0.359654 -0.028727 0.036646 0.000000 0.000000 0.000000 1.000000
0.355831 0.903711 -0.238097 0.469963 -0.059672 -0.232282 -0.970816 -0.076798 -0.932643 0.359654 -0.028727 0.036646 0.000000 0.000000 0.000000 1.000000
0.355830 0.903711 -0.238097 0.469962 -0.059672 -0.232282 -0.970816 -0.076798 -0.932643 0.359654 -0.028727 0.036646 0.000000 0.000000 0.000000 1.000000
0.355831 0.903712 -0.238097 0.469962 -0.059672 -0.232281 -0.970817 -0.076798 -0.932643 0.359654 -0.028727 0.036646 0.000000 0.000000 0.000000 1.000000
0.355831 0.903712 -0.238097 0.469962 -0.059672 -0.232281 -0.970817 -0.076798 -0.932643 0.359654 -0.028727 0.036646 0.000000 0.000000 0.000000 1.000000
0.355831 0.903712 -0.238097 0.469963 -0.059672 -0.232282 -0.970816 -0.076798 -0.932643 0.359654 -0.028727 0.036646 0.000000 0.000000 0.000000 1.000000
0.355831 0.903712 -0.238097 0.469962 -0.059672 -0.232281 -0.970817 -0.076798 -0.932643 0.359654 -0.028727 0.036646 0.000000 0.000000 0.000000 1.000000
0.355831 0.903712 -0.238097 0.469962 -0.059672 -0.232281 -0.970817 -0.076798 -0.932643 0.359654 -0.028727 0.036646 0.000000 0.000000 0.000000 1.000000
0.355831 0.903711 -0.238097 0.469962 -0.059672 -0.232282 -0.970816 -0.076798 -0.932643 0.359654 -0.028727 0.036646 0.000000 0.000000 0.000000 1.000000
0.355831 0.903712 -0.238097 0.469963 -0.059672 -0.232281 -0.970817 -0.076798 -0.932643 0.359654 -0.028727 0.036646 0.000000 0.000000 0.000000 1.000000
0.355831 0.903712 -0.238097 0.469962 -0.059672 -0.232282 -0.970817 -0.076798 -0.932643 0.359654 -0.028727 0.036646 0.000000 0.000000 0.000000 1.000000
0.355830 0.903711 -0.238097 0.469962 -0.059672 -0.232282 -0.970816 -0.076798 -0.932643 0.359654 -0.028727 0.036645 0.000000 0.000000 0.000000 1.000000
0.355831 0.903711 -0.238097 0.469963 -0.059672 -0.232281 -0.970817 -0.076798 -0.932643 0.359654 -0.028727 0.036646 0.000000 0.000000 0.000000 1.000000
0.355831 0.903711 -0.238097 0.469963 -0.059672 -0.232282 -0.970817 -0.076798 -0.932643 0.359654 -0.028727 0.036646 0.000000 0.000000 0.000000 1.000000
0.355831 0.903711 -0.238097 0.469962 -0.059671 -0.232281 -0.970816 -0.076798 -0.932643 0.359654 -0.028727 0.036646 0.000000 0.000000 0.000000 1.000000
0.355831 0.903711 -0.238097 0.469962 -0.059672 -0.232281 -0.970816 -0.076798 -0.932643 0.359654 -0.028727 0.036646 0.000000 0.000000 0.000000 1.000000
0.355830 0.903712 -0.238097 0.469962 -0.059672 -0.232281 -0.970817 -0.076798 -0.932644 0.359654 -0.028727 0.036646 0.000000 0.000000 0.000000 1.000000
0.355831 0.903712 -0.238097 0.469962 -0.059672 -0.232281 -0.970817 -0.076798 -0.932644 0.359654 -0.028727 0.036646 0.000000 0.000000 0.000000 1.000000
0.355831 0.903712 -0.238097 0.469962 -0.059672 -0.232281 -0.970817 -0.076798 -0.932644 0.359654 -0.028727 0.036646 0.000000 0.000000 0.000000 1.000000</float_array>
     <technique_common>
      <accessor source="#jnt_right_handring1-Matrix-animation-output-transform-array" count="20" stride="16">
       <param type="float4x4"></param>
      </accessor>
     </technique_common>
    </source>
    <source id="jnt_right_handring1-Interpolations">
     <Name_array id="jnt_right_handring1-Interpolations-array" count="20">
 LINEAR LINEAR LINEAR LINEAR LINEAR LINEAR LINEAR LINEAR LINEAR LINEAR LINEAR
LINEAR LINEAR LINEAR LINEAR LINEAR LINEAR LINEAR LINEAR LINEAR</Name_array>
     <technique_common>
      <accessor source="#jnt_right_handring1-Interpolations-array" count="20">
       <param type="name"></param>
      </accessor>
     </technique_common>
    </source>
    <sampler id="jnt_right_handring1-Matrix-animation-transform">
     <input semantic="INPUT" source="#jnt_right_handring1-Matrix-animation-input"></input>
     <input semantic="OUTPUT" source="#jnt_right_handring1-Matrix-animation-output-transform"></input>
     <input semantic="INTERPOLATION" source="#jnt_right_handring1-Interpolations"></input>
    </sampler>
    <channel source="#jnt_right_handring1-Matrix-animation-transform" target="jnt_right_handring1/matrix"></channel>
   </animation>
  </animation>
  <animation id="jnt_right_handring2-anim" name="jnt_right_handring2">
   <animation>
    <source id="jnt_right_handring2-Matrix-animation-input">
     <float_array id="jnt_right_handring2-Matrix-animation-input-array" count="20">

0.000000 0.033333 0.066667 0.100000 0.133333 0.166667 0.200000 0.233333 0.266667 0.300000 0.333333 0.366667 0.400000 0.433333 0.466667 0.500000
0.533333 0.566667 0.600000 0.633333</float_array>
     <technique_common>
      <accessor source="#jnt_right_handring2-Matrix-animation-input-array" count="20">
       <param name="TIME" type="float"></param>
      </accessor>
     </technique_common>
    </source>
    <source id="jnt_right_handring2-Matrix-animation-output-transform">
     <float_array id="jnt_right_handring2-Matrix-animation-output-transform-array" count="320">

0.729500 0.683981 -0.000001 0.184241 -0.683981 0.729500 -0.000001 0.000000 -0.000000 0.000001 1.000000 0.000000 0.000000 0.000000 0.000000 1.000000
0.729500 0.683981 -0.000001 0.184241 -0.683981 0.729500 -0.000001 0.000000 -0.000000 0.000001 1.000000 -0.000000 0.000000 0.000000 0.000000 1.000000
0.729500 0.683981 -0.000001 0.184241 -0.683981 0.729500 -0.000001 0.000000 -0.000000 0.000001 1.000000 0.000000 0.000000 0.000000 0.000000 1.000000
0.729500 0.683981 -0.000001 0.184241 -0.683981 0.729500 -0.000001 0.000000 -0.000000 0.000001 1.000000 -0.000000 0.000000 0.000000 0.000000 1.000000
0.729500 0.683981 -0.000001 0.184241 -0.683981 0.729500 -0.000001 0.000001 -0.000000 0.000001 1.000000 0.000001 0.000000 0.000000 0.000000 1.000000
0.729500 0.683981 -0.000001 0.184241 -0.683981 0.729500 -0.000001 -0.000000 -0.000000 0.000001 1.000000 -0.000000 0.000000 0.000000 0.000000 1.000000
0.729500 0.683981 -0.000001 0.184241 -0.683981 0.729500 -0.000001 0.000000 -0.000000 0.000001 1.000000 0.000000 0.000000 0.000000 0.000000 1.000000
0.729500 0.683981 -0.000001 0.184241 -0.683981 0.729500 -0.000001 0.000000 -0.000000 0.000001 1.000000 0.000000 0.000000 0.000000 0.000000 1.000000
0.729500 0.683981 -0.000001 0.184241 -0.683981 0.729500 -0.000001 0.000000 -0.000000 0.000001 1.000000 0.000000 0.000000 0.000000 0.000000 1.000000
0.729500 0.683981 -0.000001 0.184241 -0.683981 0.729500 -0.000001 0.000001 -0.000000 0.000001 1.000000 0.000000 0.000000 0.000000 0.000000 1.000000
0.729500 0.683981 -0.000001 0.184241 -0.683981 0.729500 -0.000001 0.000000 -0.000000 0.000001 1.000000 0.000000 0.000000 0.000000 0.000000 1.000000
0.729500 0.683981 -0.000001 0.184241 -0.683981 0.729500 -0.000001 0.000000 -0.000000 0.000001 1.000000 -0.000000 0.000000 0.000000 0.000000 1.000000
0.729500 0.683981 -0.000001 0.184241 -0.683981 0.729500 -0.000001 0.000000 -0.000000 0.000001 1.000000 0.000001 0.000000 0.000000 0.000000 1.000000
0.729500 0.683981 -0.000001 0.184241 -0.683981 0.729500 -0.000001 0.000000 -0.000000 0.000001 1.000000 -0.000000 0.000000 0.000000 0.000000 1.000000
0.729500 0.683981 -0.000001 0.184241 -0.683981 0.729500 -0.000001 0.000000 -0.000000 0.000001 1.000000 -0.000000 0.000000 0.000000 0.000000 1.000000
0.729500 0.683981 -0.000001 0.184241 -0.683981 0.729500 -0.000001 0.000000 -0.000000 0.000001 1.000000 -0.000000 0.000000 0.000000 0.000000 1.000000
0.729500 0.683981 -0.000001 0.184241 -0.683981 0.729500 -0.000001 0.000000 -0.000000 0.000001 1.000000 0.000000 0.000000 0.000000 0.000000 1.000000
0.729500 0.683981 -0.000001 0.184241 -0.683981 0.729500 -0.000001 0.000000 -0.000000 0.000001 1.000000 -0.000001 0.000000 0.000000 0.000000 1.000000
0.729500 0.683981 -0.000001 0.184241 -0.683981 0.729500 -0.000001 0.000000 -0.000000 0.000001 1.000000 0.000000 0.000000 0.000000 0.000000 1.000000
0.729500 0.683981 -0.000001 0.184241 -0.683981 0.729500 -0.000001 0.000000 -0.000000 0.000001 1.000000 0.000000 0.000000 0.000000 0.000000 1.000000</float_array>
     <technique_common>
      <accessor source="#jnt_right_handring2-Matrix-animation-output-transform-array" count="20" stride="16">
       <param type="float4x4"></param>
      </accessor>
     </technique_common>
    </source>
    <source id="jnt_right_handring2-Interpolations">
     <Name_array id="jnt_right_handring2-Interpolations-array" count="20">
 LINEAR LINEAR LINEAR LINEAR LINEAR LINEAR LINEAR LINEAR LINEAR LINEAR LINEAR
LINEAR LINEAR LINEAR LINEAR LINEAR LINEAR LINEAR LINEAR LINEAR</Name_array>
     <technique_common>
      <accessor source="#jnt_right_handring2-Interpolations-array" count="20">
       <param type="name"></param>
      </accessor>
     </technique_common>
    </source>
    <sampler id="jnt_right_handring2-Matrix-animation-transform">
     <input semantic="INPUT" source="#jnt_right_handring2-Matrix-animation-input"></input>
     <input semantic="OUTPUT" source="#jnt_right_handring2-Matrix-animation-output-transform"></input>
     <input semantic="INTERPOLATION" source="#jnt_right_handring2-Interpolations"></input>
    </sampler>
    <channel source="#jnt_right_handring2-Matrix-animation-transform" target="jnt_right_handring2/matrix"></channel>
   </animation>
  </animation>
  <animation id="jnt_right_handring3-anim" name="jnt_right_handring3">
   <animation>
    <source id="jnt_right_handring3-Matrix-animation-input">
     <float_array id="jnt_right_handring3-Matrix-animation-input-array" count="20">

0.000000 0.033333 0.066667 0.100000 0.133333 0.166667 0.200000 0.233333 0.266667 0.300000 0.333333 0.366667 0.400000 0.433333 0.466667 0.500000
0.533333 0.566667 0.600000 0.633333</float_array>
     <technique_common>
      <accessor source="#jnt_right_handring3-Matrix-animation-input-array" count="20">
       <param name="TIME" type="float"></param>
      </accessor>
     </technique_common>
    </source>
    <source id="jnt_right_handring3-Matrix-animation-output-transform">
     <float_array id="jnt_right_handring3-Matrix-animation-output-transform-array" count="320">

0.870175 0.492743 0.000000 0.103951 -0.492743 0.870175 0.000001 0.000001 0.000000 -0.000001 1.000000 -0.000000 0.000000 0.000000 0.000000 1.000000
0.870175 0.492743 0.000000 0.103951 -0.492742 0.870175 0.000001 0.000001 0.000000 -0.000001 1.000000 -0.000001 0.000000 0.000000 0.000000 1.000000
0.870175 0.492743 0.000000 0.103951 -0.492743 0.870175 0.000001 0.000001 0.000000 -0.000001 1.000000 0.000000 0.000000 0.000000 0.000000 1.000000
0.870175 0.492743 0.000000 0.103951 -0.492743 0.870175 0.000001 0.000000 0.000000 -0.000001 1.000000 -0.000001 0.000000 0.000000 0.000000 1.000000
0.870175 0.492743 0.000000 0.103951 -0.492743 0.870175 0.000001 0.000001 0.000000 -0.000001 1.000000 0.000000 0.000000 0.000000 0.000000 1.000000
0.870175 0.492743 0.000000 0.103951 -0.492743 0.870175 0.000001 0.000001 0.000000 -0.000001 1.000000 -0.000001 0.000000 0.000000 0.000000 1.000000
0.870175 0.492742 0.000000 0.103951 -0.492742 0.870175 0.000001 0.000001 0.000000 -0.000001 1.000000 0.000000 0.000000 0.000000 0.000000 1.000000
0.870175 0.492742 0.000000 0.103951 -0.492742 0.870175 0.000001 0.000001 0.000000 -0.000001 1.000000 -0.000000 0.000000 0.000000 0.000000 1.000000
0.870175 0.492743 0.000000 0.103951 -0.492743 0.870175 0.000001 0.000001 0.000000 -0.000001 1.000000 0.000000 0.000000 0.000000 0.000000 1.000000
0.870175 0.492743 0.000000 0.103951 -0.492743 0.870175 0.000001 0.000001 0.000000 -0.000001 1.000000 0.000000 0.000000 0.000000 0.000000 1.000000
0.870175 0.492743 0.000000 0.103951 -0.492743 0.870175 0.000001 0.000001 0.000000 -0.000001 1.000000 -0.000000 0.000000 0.000000 0.000000 1.000000
0.870175 0.492743 0.000000 0.103951 -0.492743 0.870175 0.000001 0.000001 0.000000 -0.000001 1.000000 0.000000 0.000000 0.000000 0.000000 1.000000
0.870175 0.492743 0.000000 0.103951 -0.492743 0.870175 0.000001 0.000001 0.000000 -0.000001 1.000000 0.000000 0.000000 0.000000 0.000000 1.000000
0.870175 0.492743 0.000000 0.103951 -0.492743 0.870175 0.000001 0.000001 0.000000 -0.000001 1.000000 0.000000 0.000000 0.000000 0.000000 1.000000
0.870175 0.492743 0.000000 0.103951 -0.492743 0.870175 0.000001 0.000001 0.000000 -0.000001 1.000000 -0.000000 0.000000 0.000000 0.000000 1.000000
0.870175 0.492743 0.000000 0.103951 -0.492743 0.870175 0.000001 0.000001 0.000000 -0.000001 1.000000 -0.000000 0.000000 0.000000 0.000000 1.000000
0.870175 0.492743 0.000000 0.103951 -0.492743 0.870175 0.000001 0.000001 0.000000 -0.000001 1.000000 -0.000000 0.000000 0.000000 0.000000 1.000000
0.870175 0.492743 0.000000 0.103951 -0.492743 0.870175 0.000001 0.000001 0.000000 -0.000001 1.000000 -0.000000 0.000000 0.000000 0.000000 1.000000
0.870175 0.492743 0.000000 0.103951 -0.492743 0.870175 0.000001 0.000001 0.000000 -0.000001 1.000000 -0.000000 0.000000 0.000000 0.000000 1.000000
0.870175 0.492743 0.000000 0.103951 -0.492743 0.870175 0.000001 0.000001 0.000000 -0.000001 1.000000 -0.000000 0.000000 0.000000 0.000000 1.000000</float_array>
     <technique_common>
      <accessor source="#jnt_right_handring3-Matrix-animation-output-transform-array" count="20" stride="16">
       <param type="float4x4"></param>
      </accessor>
     </technique_common>
    </source>
    <source id="jnt_right_handring3-Interpolations">
     <Name_array id="jnt_right_handring3-Interpolations-array" count="20">
 LINEAR LINEAR LINEAR LINEAR LINEAR LINEAR LINEAR LINEAR LINEAR LINEAR LINEAR
LINEAR LINEAR LINEAR LINEAR LINEAR LINEAR LINEAR LINEAR LINEAR</Name_array>
     <technique_common>
      <accessor source="#jnt_right_handring3-Interpolations-array" count="20">
       <param type="name"></param>
      </accessor>
     </technique_common>
    </source>
    <sampler id="jnt_right_handring3-Matrix-animation-transform">
     <input semantic="INPUT" source="#jnt_right_handring3-Matrix-animation-input"></input>
     <input semantic="OUTPUT" source="#jnt_right_handring3-Matrix-animation-output-transform"></input>
     <input semantic="INTERPOLATION" source="#jnt_right_handring3-Interpolations"></input>
    </sampler>
    <channel source="#jnt_right_handring3-Matrix-animation-transform" target="jnt_right_handring3/matrix"></channel>
   </animation>
  </animation>
  <animation id="jnt_right_handring4-anim" name="jnt_right_handring4">
   <animation>
    <source id="jnt_right_handring4-Matrix-animation-input">
     <float_array id="jnt_right_handring4-Matrix-animation-input-array" count="20">

0.000000 0.033333 0.066667 0.100000 0.133333 0.166667 0.200000 0.233333 0.266667 0.300000 0.333333 0.366667 0.400000 0.433333 0.466667 0.500000
0.533333 0.566667 0.600000 0.633333</float_array>
     <technique_common>
      <accessor source="#jnt_right_handring4-Matrix-animation-input-array" count="20">
       <param name="TIME" type="float"></param>
      </accessor>
     </technique_common>
    </source>
    <source id="jnt_right_handring4-Matrix-animation-output-transform">
     <float_array id="jnt_right_handring4-Matrix-animation-output-transform-array" count="320">

1.000000 -0.000000 -0.000000 0.120247 0.000000 1.000000 0.000000 0.000103 0.000000 -0.000000 1.000000 -0.000016 0.000000 0.000000 0.000000 1.000000
1.000000 -0.000000 0.000000 0.120247 0.000000 1.000000 0.000000 0.000103 -0.000000 -0.000000 1.000000 -0.000016 0.000000 0.000000 0.000000 1.000000
1.000000 0.000000 0.000000 0.120247 -0.000000 1.000000 0.000000 0.000103 -0.000000 -0.000000 1.000000 -0.000016 0.000000 0.000000 0.000000 1.000000
1.000000 0.000000 0.000000 0.120247 -0.000000 1.000000 0.000000 0.000103 -0.000000 -0.000000 1.000000 -0.000016 0.000000 0.000000 0.000000 1.000000
1.000000 0.000000 -0.000000 0.120247 -0.000000 1.000000 0.000000 0.000103 0.000000 -0.000000 1.000000 -0.000016 0.000000 0.000000 0.000000 1.000000
1.000000 -0.000000 0.000000 0.120247 0.000000 1.000000 0.000000 0.000103 -0.000000 -0.000000 1.000000 -0.000016 0.000000 0.000000 0.000000 1.000000
1.000000 -0.000000 -0.000000 0.120247 0.000000 1.000000 0.000000 0.000103 0.000000 -0.000000 1.000000 -0.000015 0.000000 0.000000 0.000000 1.000000
1.000000 -0.000000 -0.000000 0.120247 0.000000 1.000000 0.000000 0.000103 0.000000 -0.000000 1.000000 -0.000015 0.000000 0.000000 0.000000 1.000000
1.000000 0.000000 -0.000000 0.120247 -0.000000 1.000000 0.000000 0.000103 0.000000 -0.000000 1.000000 -0.000016 0.000000 0.000000 0.000000 1.000000
1.000000 0.000000 0.000000 0.120247 -0.000000 1.000000 0.000000 0.000103 -0.000000 -0.000000 1.000000 -0.000016 0.000000 0.000000 0.000000 1.000000
1.000000 0.000000 -0.000000 0.120247 -0.000000 1.000000 0.000000 0.000103 0.000000 -0.000000 1.000000 -0.000016 0.000000 0.000000 0.000000 1.000000
1.000000 0.000000 -0.000000 0.120247 -0.000000 1.000000 0.000000 0.000103 0.000000 -0.000000 1.000000 -0.000016 0.000000 0.000000 0.000000 1.000000
1.000000 0.000000 0.000000 0.120247 -0.000000 1.000000 0.000000 0.000103 -0.000000 -0.000000 1.000000 -0.000016 0.000000 0.000000 0.000000 1.000000
1.000000 -0.000000 0.000000 0.120247 0.000000 1.000000 0.000000 0.000103 -0.000000 -0.000000 1.000000 -0.000016 0.000000 0.000000 0.000000 1.000000
1.000000 -0.000000 -0.000000 0.120247 0.000000 1.000000 0.000000 0.000103 0.000000 -0.000000 1.000000 -0.000016 0.000000 0.000000 0.000000 1.000000
1.000000 0.000000 0.000000 0.120247 -0.000000 1.000000 0.000000 0.000103 -0.000000 -0.000000 1.000000 -0.000016 0.000000 0.000000 0.000000 1.000000
1.000000 0.000000 0.000000 0.120247 -0.000000 1.000000 0.000000 0.000103 -0.000000 -0.000000 1.000000 -0.000016 0.000000 0.000000 0.000000 1.000000
1.000000 -0.000000 0.000000 0.120247 0.000000 1.000000 0.000000 0.000103 -0.000000 -0.000000 1.000000 -0.000016 0.000000 0.000000 0.000000 1.000000
1.000000 -0.000000 -0.000000 0.120247 0.000000 1.000000 0.000000 0.000103 0.000000 -0.000000 1.000000 -0.000016 0.000000 0.000000 0.000000 1.000000
1.000000 -0.000000 -0.000000 0.120247 0.000000 1.000000 0.000000 0.000103 0.000000 -0.000000 1.000000 -0.000016 0.000000 0.000000 0.000000 1.000000</float_array>
     <technique_common>
      <accessor source="#jnt_right_handring4-Matrix-animation-output-transform-array" count="20" stride="16">
       <param type="float4x4"></param>
      </accessor>
     </technique_common>
    </source>
    <source id="jnt_right_handring4-Interpolations">
     <Name_array id="jnt_right_handring4-Interpolations-array" count="20">
 LINEAR LINEAR LINEAR LINEAR LINEAR LINEAR LINEAR LINEAR LINEAR LINEAR LINEAR
LINEAR LINEAR LINEAR LINEAR LINEAR LINEAR LINEAR LINEAR LINEAR</Name_array>
     <technique_common>
      <accessor source="#jnt_right_handring4-Interpolations-array" count="20">
       <param type="name"></param>
      </accessor>
     </technique_common>
    </source>
    <sampler id="jnt_right_handring4-Matrix-animation-transform">
     <input semantic="INPUT" source="#jnt_right_handring4-Matrix-animation-input"></input>
     <input semantic="OUTPUT" source="#jnt_right_handring4-Matrix-animation-output-transform"></input>
     <input semantic="INTERPOLATION" source="#jnt_right_handring4-Interpolations"></input>
    </sampler>
    <channel source="#jnt_right_handring4-Matrix-animation-transform" target="jnt_right_handring4/matrix"></channel>
   </animation>
  </animation>
  <animation id="jnt_right_handpinky1-anim" name="jnt_right_handpinky1">
   <animation>
    <source id="jnt_right_handpinky1-Matrix-animation-input">
     <float_array id="jnt_right_handpinky1-Matrix-animation-input-array" count="20">

0.000000 0.033333 0.066667 0.100000 0.133333 0.166667 0.200000 0.233333 0.266667 0.300000 0.333333 0.366667 0.400000 0.433333 0.466667 0.500000
0.533333 0.566667 0.600000 0.633333</float_array>
     <technique_common>
      <accessor source="#jnt_right_handpinky1-Matrix-animation-input-array" count="20">
       <param name="TIME" type="float"></param>
      </accessor>
     </technique_common>
    </source>
    <source id="jnt_right_handpinky1-Matrix-animation-output-transform">
     <float_array id="jnt_right_handpinky1-Matrix-animation-output-transform-array" count="320">

0.385619 0.904001 -0.184610 0.407609 -0.085970 -0.164011 -0.982705 -0.208155 -0.918644 0.394821 0.014471 -0.012229 0.000000 0.000000 0.000000 1.000000
0.385619 0.904000 -0.184611 0.407609 -0.085970 -0.164011 -0.982705 -0.208155 -0.918644 0.394821 0.014471 -0.012230 0.000000 0.000000 0.000000 1.000000
0.385619 0.904000 -0.184610 0.407609 -0.085970 -0.164011 -0.982705 -0.208155 -0.918644 0.394821 0.014471 -0.012230 0.000000 0.000000 0.000000 1.000000
0.385619 0.904001 -0.184610 0.407608 -0.085969 -0.164011 -0.982705 -0.208156 -0.918644 0.394821 0.014471 -0.012229 0.000000 0.000000 0.000000 1.000000
0.385619 0.904000 -0.184611 0.407609 -0.085969 -0.164011 -0.982705 -0.208155 -0.918644 0.394821 0.014471 -0.012230 0.000000 0.000000 0.000000 1.000000
0.385619 0.904001 -0.184611 0.407608 -0.085970 -0.164011 -0.982705 -0.208155 -0.918644 0.394821 0.014471 -0.012229 0.000000 0.000000 0.000000 1.000000
0.385619 0.904001 -0.184611 0.407609 -0.085970 -0.164011 -0.982705 -0.208155 -0.918644 0.394821 0.014471 -0.012230 0.000000 0.000000 0.000000 1.000000
0.385619 0.904000 -0.184611 0.407608 -0.085970 -0.164011 -0.982705 -0.208156 -0.918644 0.394821 0.014471 -0.012229 0.000000 0.000000 0.000000 1.000000
0.385619 0.904000 -0.184610 0.407609 -0.085969 -0.164011 -0.982705 -0.208155 -0.918644 0.394821 0.014470 -0.012230 0.000000 0.000000 0.000000 1.000000
0.385619 0.904000 -0.184611 0.407608 -0.085970 -0.164011 -0.982705 -0.208155 -0.918644 0.394821 0.014471 -0.012229 0.000000 0.000000 0.000000 1.000000
0.385619 0.904000 -0.184610 0.407609 -0.085969 -0.164011 -0.982705 -0.208155 -0.918644 0.394821 0.014471 -0.012229 0.000000 0.000000 0.000000 1.000000
0.385619 0.904000 -0.184611 0.407609 -0.085970 -0.164011 -0.982705 -0.208155 -0.918644 0.394821 0.014471 -0.012230 0.000000 0.000000 0.000000 1.000000
0.385619 0.904000 -0.184611 0.407608 -0.085970 -0.164011 -0.982705 -0.208156 -0.918645 0.394821 0.014471 -0.012229 0.000000 0.000000 0.000000 1.000000
0.385619 0.904000 -0.184610 0.407608 -0.085969 -0.164011 -0.982705 -0.208154 -0.918644 0.394821 0.014471 -0.012230 0.000000 0.000000 0.000000 1.000000
0.385619 0.904000 -0.184610 0.407608 -0.085969 -0.164011 -0.982705 -0.208155 -0.918644 0.394821 0.014471 -0.012229 0.000000 0.000000 0.000000 1.000000
0.385619 0.904001 -0.184611 0.407609 -0.085970 -0.164011 -0.982705 -0.208155 -0.918644 0.394821 0.014471 -0.012230 0.000000 0.000000 0.000000 1.000000
0.385619 0.904000 -0.184610 0.407609 -0.085969 -0.164011 -0.982705 -0.208155 -0.918644 0.394821 0.014471 -0.012230 0.000000 0.000000 0.000000 1.000000
0.385619 0.904000 -0.184610 0.407609 -0.085969 -0.164011 -0.982705 -0.208155 -0.918644 0.394821 0.014471 -0.012230 0.000000 0.000000 0.000000 1.000000
0.385619 0.904001 -0.184610 0.407609 -0.085970 -0.164011 -0.982705 -0.208155 -0.918644 0.394821 0.014471 -0.012229 0.000000 0.000000 0.000000 1.000000
0.385619 0.904001 -0.184610 0.407609 -0.085970 -0.164011 -0.982705 -0.208155 -0.918644 0.394821 0.014471 -0.012229 0.000000 0.000000 0.000000 1.000000</float_array>
     <technique_common>
      <accessor source="#jnt_right_handpinky1-Matrix-animation-output-transform-array" count="20" stride="16">
       <param type="float4x4"></param>
      </accessor>
     </technique_common>
    </source>
    <source id="jnt_right_handpinky1-Interpolations">
     <Name_array id="jnt_right_handpinky1-Interpolations-array" count="20">
 LINEAR LINEAR LINEAR LINEAR LINEAR LINEAR LINEAR LINEAR LINEAR LINEAR LINEAR
LINEAR LINEAR LINEAR LINEAR LINEAR LINEAR LINEAR LINEAR LINEAR</Name_array>
     <technique_common>
      <accessor source="#jnt_right_handpinky1-Interpolations-array" count="20">
       <param type="name"></param>
      </accessor>
     </technique_common>
    </source>
    <sampler id="jnt_right_handpinky1-Matrix-animation-transform">
     <input semantic="INPUT" source="#jnt_right_handpinky1-Matrix-animation-input"></input>
     <input semantic="OUTPUT" source="#jnt_right_handpinky1-Matrix-animation-output-transform"></input>
     <input semantic="INTERPOLATION" source="#jnt_right_handpinky1-Interpolations"></input>
    </sampler>
    <channel source="#jnt_right_handpinky1-Matrix-animation-transform" target="jnt_right_handpinky1/matrix"></channel>
   </animation>
  </animation>
  <animation id="jnt_right_handpinky2-anim" name="jnt_right_handpinky2">
   <animation>
    <source id="jnt_right_handpinky2-Matrix-animation-input">
     <float_array id="jnt_right_handpinky2-Matrix-animation-input-array" count="20">

0.000000 0.033333 0.066667 0.100000 0.133333 0.166667 0.200000 0.233333 0.266667 0.300000 0.333333 0.366667 0.400000 0.433333 0.466667 0.500000
0.533333 0.566667 0.600000 0.633333</float_array>
     <technique_common>
      <accessor source="#jnt_right_handpinky2-Matrix-animation-input-array" count="20">
       <param name="TIME" type="float"></param>
      </accessor>
     </technique_common>
    </source>
    <source id="jnt_right_handpinky2-Matrix-animation-output-transform">
     <float_array id="jnt_right_handpinky2-Matrix-animation-output-transform-array" count="320">

0.734578 0.678524 -0.000001 0.148507 -0.678524 0.734578 -0.000001 0.000001 -0.000000 0.000001 1.000000 -0.000000 0.000000 0.000000 0.000000 1.000000
0.734578 0.678524 -0.000001 0.148507 -0.678524 0.734578 -0.000001 0.000001 -0.000000 0.000001 1.000000 0.000001 0.000000 0.000000 0.000000 1.000000
0.734578 0.678524 -0.000001 0.148507 -0.678524 0.734578 -0.000001 0.000001 -0.000000 0.000001 1.000000 -0.000001 0.000000 0.000000 0.000000 1.000000
0.734578 0.678524 -0.000001 0.148507 -0.678524 0.734578 -0.000001 0.000001 -0.000000 0.000001 1.000000 -0.000000 0.000000 0.000000 0.000000 1.000000
0.734579 0.678524 -0.000001 0.148507 -0.678524 0.734578 -0.000001 0.000001 -0.000000 0.000001 1.000000 -0.000000 0.000000 0.000000 0.000000 1.000000
0.734578 0.678524 -0.000001 0.148507 -0.678524 0.734578 -0.000001 0.000001 -0.000000 0.000001 1.000000 0.000000 0.000000 0.000000 0.000000 1.000000
0.734578 0.678524 -0.000001 0.148507 -0.678524 0.734578 -0.000001 0.000001 -0.000000 0.000001 1.000000 0.000000 0.000000 0.000000 0.000000 1.000000
0.734578 0.678524 -0.000001 0.148507 -0.678524 0.734578 -0.000001 0.000001 -0.000000 0.000001 1.000000 0.000000 0.000000 0.000000 0.000000 1.000000
0.734578 0.678524 -0.000001 0.148507 -0.678524 0.734578 -0.000001 0.000001 -0.000000 0.000001 1.000000 -0.000001 0.000000 0.000000 0.000000 1.000000
0.734578 0.678524 -0.000001 0.148507 -0.678524 0.734578 -0.000001 0.000001 -0.000000 0.000001 1.000000 -0.000000 0.000000 0.000000 0.000000 1.000000
0.734579 0.678524 -0.000001 0.148507 -0.678524 0.734578 -0.000001 0.000001 -0.000000 0.000001 1.000000 0.000000 0.000000 0.000000 0.000000 1.000000
0.734578 0.678524 -0.000001 0.148507 -0.678524 0.734578 -0.000001 0.000001 -0.000000 0.000001 1.000000 0.000000 0.000000 0.000000 0.000000 1.000000
0.734578 0.678524 -0.000001 0.148507 -0.678524 0.734578 -0.000001 0.000001 -0.000000 0.000001 1.000000 0.000000 0.000000 0.000000 0.000000 1.000000
0.734578 0.678524 -0.000001 0.148507 -0.678524 0.734578 -0.000001 0.000001 -0.000000 0.000001 1.000000 0.000001 0.000000 0.000000 0.000000 1.000000
0.734578 0.678524 -0.000001 0.148507 -0.678524 0.734578 -0.000001 0.000001 -0.000000 0.000001 1.000000 0.000000 0.000000 0.000000 0.000000 1.000000
0.734578 0.678524 -0.000001 0.148507 -0.678524 0.734578 -0.000001 0.000001 -0.000000 0.000001 1.000000 -0.000000 0.000000 0.000000 0.000000 1.000000
0.734578 0.678524 -0.000001 0.148507 -0.678524 0.734578 -0.000001 0.000001 -0.000000 0.000001 1.000000 0.000000 0.000000 0.000000 0.000000 1.000000
0.734578 0.678524 -0.000001 0.148507 -0.678524 0.734579 -0.000001 0.000001 -0.000000 0.000001 1.000000 0.000000 0.000000 0.000000 0.000000 1.000000
0.734578 0.678524 -0.000001 0.148507 -0.678524 0.734578 -0.000001 0.000001 -0.000000 0.000001 1.000000 -0.000000 0.000000 0.000000 0.000000 1.000000
0.734578 0.678524 -0.000001 0.148507 -0.678524 0.734578 -0.000001 0.000001 -0.000000 0.000001 1.000000 -0.000000 0.000000 0.000000 0.000000 1.000000</float_array>
     <technique_common>
      <accessor source="#jnt_right_handpinky2-Matrix-animation-output-transform-array" count="20" stride="16">
       <param type="float4x4"></param>
      </accessor>
     </technique_common>
    </source>
    <source id="jnt_right_handpinky2-Interpolations">
     <Name_array id="jnt_right_handpinky2-Interpolations-array" count="20">
 LINEAR LINEAR LINEAR LINEAR LINEAR LINEAR LINEAR LINEAR LINEAR LINEAR LINEAR
LINEAR LINEAR LINEAR LINEAR LINEAR LINEAR LINEAR LINEAR LINEAR</Name_array>
     <technique_common>
      <accessor source="#jnt_right_handpinky2-Interpolations-array" count="20">
       <param type="name"></param>
      </accessor>
     </technique_common>
    </source>
    <sampler id="jnt_right_handpinky2-Matrix-animation-transform">
     <input semantic="INPUT" source="#jnt_right_handpinky2-Matrix-animation-input"></input>
     <input semantic="OUTPUT" source="#jnt_right_handpinky2-Matrix-animation-output-transform"></input>
     <input semantic="INTERPOLATION" source="#jnt_right_handpinky2-Interpolations"></input>
    </sampler>
    <channel source="#jnt_right_handpinky2-Matrix-animation-transform" target="jnt_right_handpinky2/matrix"></channel>
   </animation>
  </animation>
  <animation id="jnt_right_handpinky3-anim" name="jnt_right_handpinky3">
   <animation>
    <source id="jnt_right_handpinky3-Matrix-animation-input">
     <float_array id="jnt_right_handpinky3-Matrix-animation-input-array" count="20">

0.000000 0.033333 0.066667 0.100000 0.133333 0.166667 0.200000 0.233333 0.266667 0.300000 0.333333 0.366667 0.400000 0.433333 0.466667 0.500000
0.533333 0.566667 0.600000 0.633333</float_array>
     <technique_common>
      <accessor source="#jnt_right_handpinky3-Matrix-animation-input-array" count="20">
       <param name="TIME" type="float"></param>
      </accessor>
     </technique_common>
    </source>
    <source id="jnt_right_handpinky3-Matrix-animation-output-transform">
     <float_array id="jnt_right_handpinky3-Matrix-animation-output-transform-array" count="320">

0.878731 0.477317 -0.000000 0.075471 -0.477317 0.878731 0.000002 -0.000001 0.000001 -0.000001 1.000000 -0.000000 0.000000 0.000000 0.000000 1.000000
0.878731 0.477317 -0.000000 0.075471 -0.477317 0.878731 0.000002 -0.000001 0.000001 -0.000001 1.000000 -0.000001 0.000000 0.000000 0.000000 1.000000
0.878731 0.477317 -0.000000 0.075471 -0.477317 0.878731 0.000002 -0.000001 0.000001 -0.000001 1.000000 0.000001 0.000000 0.000000 0.000000 1.000000
0.878732 0.477317 -0.000000 0.075471 -0.477317 0.878732 0.000002 -0.000001 0.000001 -0.000001 1.000000 -0.000000 0.000000 0.000000 0.000000 1.000000
0.878731 0.477317 -0.000000 0.075471 -0.477317 0.878731 0.000002 -0.000002 0.000001 -0.000001 1.000000 -0.000000 0.000000 0.000000 0.000000 1.000000
0.878732 0.477317 -0.000000 0.075471 -0.477317 0.878732 0.000002 -0.000001 0.000001 -0.000001 1.000000 -0.000000 0.000000 0.000000 0.000000 1.000000
0.878731 0.477317 -0.000000 0.075471 -0.477317 0.878731 0.000002 -0.000001 0.000001 -0.000001 1.000000 -0.000001 0.000000 0.000000 0.000000 1.000000
0.878732 0.477317 0.000000 0.075471 -0.477317 0.878732 0.000002 -0.000001 0.000001 -0.000001 1.000000 0.000001 0.000000 0.000000 0.000000 1.000000
0.878731 0.477317 -0.000000 0.075471 -0.477317 0.878731 0.000002 -0.000001 0.000001 -0.000001 1.000000 -0.000000 0.000000 0.000000 0.000000 1.000000
0.878731 0.477317 -0.000000 0.075471 -0.477317 0.878731 0.000002 -0.000001 0.000001 -0.000001 1.000000 0.000000 0.000000 0.000000 0.000000 1.000000
0.878731 0.477317 -0.000000 0.075471 -0.477317 0.878731 0.000002 -0.000001 0.000001 -0.000001 1.000000 -0.000001 0.000000 0.000000 0.000000 1.000000
0.878731 0.477317 -0.000000 0.075471 -0.477317 0.878731 0.000002 -0.000001 0.000001 -0.000001 1.000000 -0.000000 0.000000 0.000000 0.000000 1.000000
0.878731 0.477317 -0.000000 0.075471 -0.477317 0.878731 0.000002 -0.000001 0.000001 -0.000001 1.000000 0.000000 0.000000 0.000000 0.000000 1.000000
0.878731 0.477317 -0.000000 0.075471 -0.477317 0.878731 0.000002 -0.000001 0.000001 -0.000001 1.000000 0.000000 0.000000 0.000000 0.000000 1.000000
0.878731 0.477317 -0.000000 0.075471 -0.477317 0.878731 0.000002 -0.000001 0.000001 -0.000001 1.000000 0.000000 0.000000 0.000000 0.000000 1.000000
0.878731 0.477317 -0.000000 0.075471 -0.477317 0.878731 0.000002 -0.000002 0.000001 -0.000001 1.000000 0.000000 0.000000 0.000000 0.000000 1.000000
0.878731 0.477317 -0.000000 0.075471 -0.477317 0.878731 0.000002 -0.000001 0.000001 -0.000001 1.000000 0.000001 0.000000 0.000000 0.000000 1.000000
0.878731 0.477317 -0.000000 0.075471 -0.477317 0.878731 0.000002 -0.000001 0.000001 -0.000001 1.000000 0.000001 0.000000 0.000000 0.000000 1.000000
0.878731 0.477317 -0.000000 0.075471 -0.477317 0.878731 0.000002 -0.000001 0.000001 -0.000001 1.000000 -0.000000 0.000000 0.000000 0.000000 1.000000
0.878731 0.477317 -0.000000 0.075471 -0.477317 0.878731 0.000002 -0.000001 0.000001 -0.000001 1.000000 -0.000000 0.000000 0.000000 0.000000 1.000000</float_array>
     <technique_common>
      <accessor source="#jnt_right_handpinky3-Matrix-animation-output-transform-array" count="20" stride="16">
       <param type="float4x4"></param>
      </accessor>
     </technique_common>
    </source>
    <source id="jnt_right_handpinky3-Interpolations">
     <Name_array id="jnt_right_handpinky3-Interpolations-array" count="20">
 LINEAR LINEAR LINEAR LINEAR LINEAR LINEAR LINEAR LINEAR LINEAR LINEAR LINEAR
LINEAR LINEAR LINEAR LINEAR LINEAR LINEAR LINEAR LINEAR LINEAR</Name_array>
     <technique_common>
      <accessor source="#jnt_right_handpinky3-Interpolations-array" count="20">
       <param type="name"></param>
      </accessor>
     </technique_common>
    </source>
    <sampler id="jnt_right_handpinky3-Matrix-animation-transform">
     <input semantic="INPUT" source="#jnt_right_handpinky3-Matrix-animation-input"></input>
     <input semantic="OUTPUT" source="#jnt_right_handpinky3-Matrix-animation-output-transform"></input>
     <input semantic="INTERPOLATION" source="#jnt_right_handpinky3-Interpolations"></input>
    </sampler>
    <channel source="#jnt_right_handpinky3-Matrix-animation-transform" target="jnt_right_handpinky3/matrix"></channel>
   </animation>
  </animation>
  <animation id="jnt_right_handpinky4-anim" name="jnt_right_handpinky4">
   <animation>
    <source id="jnt_right_handpinky4-Matrix-animation-input">
     <float_array id="jnt_right_handpinky4-Matrix-animation-input-array" count="20">

0.000000 0.033333 0.066667 0.100000 0.133333 0.166667 0.200000 0.233333 0.266667 0.300000 0.333333 0.366667 0.400000 0.433333 0.466667 0.500000
0.533333 0.566667 0.600000 0.633333</float_array>
     <technique_common>
      <accessor source="#jnt_right_handpinky4-Matrix-animation-input-array" count="20">
       <param name="TIME" type="float"></param>
      </accessor>
     </technique_common>
    </source>
    <source id="jnt_right_handpinky4-Matrix-animation-output-transform">
     <float_array id="jnt_right_handpinky4-Matrix-animation-output-transform-array" count="320">

1.000000 -0.000000 0.000000 0.101152 0.000000 1.000000 -0.000000 0.000000 -0.000000 0.000000 1.000000 -0.000000 0.000000 0.000000 0.000000 1.000000
1.000000 0.000000 0.000000 0.101152 -0.000000 1.000000 -0.000000 -0.000000 -0.000000 0.000000 1.000000 -0.000000 0.000000 0.000000 0.000000 1.000000
1.000000 0.000000 -0.000000 0.101152 -0.000000 1.000000 0.000000 0.000000 0.000000 -0.000000 1.000000 0.000000 0.000000 0.000000 0.000000 1.000000
1.000000 -0.000000 -0.000000 0.101152 0.000000 1.000000 -0.000000 0.000000 0.000000 0.000000 1.000000 0.000000 0.000000 0.000000 0.000000 1.000000
1.000000 0.000000 0.000000 0.101152 -0.000000 1.000000 -0.000000 0.000000 -0.000000 0.000000 1.000000 0.000000 0.000000 0.000000 0.000000 1.000000
1.000000 -0.000000 -0.000000 0.101152 0.000000 1.000000 0.000000 0.000000 0.000000 -0.000000 1.000000 0.000000 0.000000 0.000000 0.000000 1.000000
1.000000 0.000000 -0.000000 0.101152 -0.000000 1.000000 0.000000 -0.000000 0.000000 -0.000000 1.000000 0.000001 0.000000 0.000000 0.000000 1.000000
1.000000 0.000000 -0.000000 0.101152 -0.000000 1.000000 0.000000 0.000000 0.000000 -0.000000 1.000000 0.000000 0.000000 0.000000 0.000000 1.000000
1.000000 0.000000 0.000000 0.101152 -0.000000 1.000000 -0.000000 0.000000 -0.000000 0.000000 1.000000 -0.000000 0.000000 0.000000 0.000000 1.000000
1.000000 -0.000000 0.000000 0.101152 0.000000 1.000000 -0.000000 0.000000 -0.000000 0.000000 1.000000 -0.000000 0.000000 0.000000 0.000000 1.000000
1.000000 0.000000 -0.000000 0.101152 -0.000000 1.000000 -0.000000 0.000000 0.000000 0.000000 1.000000 0.000000 0.000000 0.000000 0.000000 1.000000
1.000000 0.000000 0.000000 0.101152 -0.000000 1.000000 -0.000000 0.000000 -0.000000 0.000000 1.000000 0.000000 0.000000 0.000000 0.000000 1.000000
1.000000 0.000000 -0.000000 0.101152 -0.000000 1.000000 0.000000 0.000000 0.000000 -0.000000 1.000000 -0.000000 0.000000 0.000000 0.000000 1.000000
1.000000 -0.000000 0.000000 0.101152 0.000000 1.000000 0.000000 0.000000 -0.000000 -0.000000 1.000000 -0.000000 0.000000 0.000000 0.000000 1.000000
1.000000 -0.000000 -0.000000 0.101152 0.000000 1.000000 0.000000 0.000000 0.000000 -0.000000 1.000000 0.000000 0.000000 0.000000 0.000000 1.000000
1.000000 -0.000000 -0.000000 0.101152 0.000000 1.000000 0.000000 0.000000 0.000000 -0.000000 1.000000 0.000000 0.000000 0.000000 0.000000 1.000000
1.000000 -0.000000 -0.000000 0.101152 0.000000 1.000000 0.000000 -0.000000 0.000000 -0.000000 1.000000 -0.000000 0.000000 0.000000 0.000000 1.000000
1.000000 -0.000000 -0.000000 0.101152 0.000000 1.000000 0.000000 0.000000 0.000000 -0.000000 1.000000 -0.000000 0.000000 0.000000 0.000000 1.000000
1.000000 -0.000000 0.000000 0.101152 0.000000 1.000000 -0.000000 0.000000 -0.000000 0.000000 1.000000 -0.000000 0.000000 0.000000 0.000000 1.000000
1.000000 -0.000000 0.000000 0.101152 0.000000 1.000000 -0.000000 0.000000 -0.000000 0.000000 1.000000 -0.000000 0.000000 0.000000 0.000000 1.000000</float_array>
     <technique_common>
      <accessor source="#jnt_right_handpinky4-Matrix-animation-output-transform-array" count="20" stride="16">
       <param type="float4x4"></param>
      </accessor>
     </technique_common>
    </source>
    <source id="jnt_right_handpinky4-Interpolations">
     <Name_array id="jnt_right_handpinky4-Interpolations-array" count="20">
 LINEAR LINEAR LINEAR LINEAR LINEAR LINEAR LINEAR LINEAR LINEAR LINEAR LINEAR
LINEAR LINEAR LINEAR LINEAR LINEAR LINEAR LINEAR LINEAR LINEAR</Name_array>
     <technique_common>
      <accessor source="#jnt_right_handpinky4-Interpolations-array" count="20">
       <param type="name"></param>
      </accessor>
     </technique_common>
    </source>
    <sampler id="jnt_right_handpinky4-Matrix-animation-transform">
     <input semantic="INPUT" source="#jnt_right_handpinky4-Matrix-animation-input"></input>
     <input semantic="OUTPUT" source="#jnt_right_handpinky4-Matrix-animation-output-transform"></input>
     <input semantic="INTERPOLATION" source="#jnt_right_handpinky4-Interpolations"></input>
    </sampler>
    <channel source="#jnt_right_handpinky4-Matrix-animation-transform" target="jnt_right_handpinky4/matrix"></channel>
   </animation>
  </animation>
  <animation id="jnt_backpack-anim" name="jnt_backpack">
   <animation>
    <source id="jnt_backpack-Matrix-animation-input">
     <float_array id="jnt_backpack-Matrix-animation-input-array" count="20">

0.000000 0.033333 0.066667 0.100000 0.133333 0.166667 0.200000 0.233333 0.266667 0.300000 0.333333 0.366667 0.400000 0.433333 0.466667 0.500000
0.533333 0.566667 0.600000 0.633333</float_array>
     <technique_common>
      <accessor source="#jnt_backpack-Matrix-animation-input-array" count="20">
       <param name="TIME" type="float"></param>
      </accessor>
     </technique_common>
    </source>
    <source id="jnt_backpack-Matrix-animation-output-transform">
     <float_array id="jnt_backpack-Matrix-animation-output-transform-array" count="320">

0.000000 0.995068 -0.099191 0.682545 -0.000000 0.099191 0.995068 -0.705658 1.000000 -0.000000 0.000000 -0.000000 0.000000 0.000000 0.000000 1.000000
0.000000 0.995068 -0.099191 0.682545 -0.000000 0.099191 0.995068 -0.705658 1.000000 -0.000000 0.000000 -0.000000 0.000000 0.000000 0.000000 1.000000
0.000000 0.995068 -0.099191 0.682545 -0.000000 0.099191 0.995068 -0.705658 1.000000 -0.000000 0.000000 -0.000000 0.000000 0.000000 0.000000 1.000000
0.000000 0.995068 -0.099191 0.682545 -0.000000 0.099191 0.995068 -0.705658 1.000000 -0.000000 0.000000 -0.000000 0.000000 0.000000 0.000000 1.000000
0.000000 0.995068 -0.099191 0.682545 -0.000000 0.099191 0.995068 -0.705658 1.000000 -0.000000 0.000000 -0.000000 0.000000 0.000000 0.000000 1.000000
0.000000 0.995068 -0.099191 0.682545 -0.000000 0.099191 0.995068 -0.705658 1.000000 -0.000000 0.000000 -0.000000 0.000000 0.000000 0.000000 1.000000
0.000000 0.995068 -0.099191 0.682545 -0.000000 0.099191 0.995068 -0.705658 1.000000 -0.000000 0.000000 -0.000000 0.000000 0.000000 0.000000 1.000000
0.000000 0.995068 -0.099191 0.682545 -0.000000 0.099191 0.995068 -0.705658 1.000000 -0.000000 0.000000 -0.000000 0.000000 0.000000 0.000000 1.000000
0.000000 0.995068 -0.099191 0.682545 -0.000000 0.099191 0.995068 -0.705658 1.000000 -0.000000 0.000000 -0.000000 0.000000 0.000000 0.000000 1.000000
0.000000 0.995068 -0.099191 0.682545 -0.000000 0.099191 0.995068 -0.705658 1.000000 -0.000000 0.000000 -0.000000 0.000000 0.000000 0.000000 1.000000
0.000000 0.995068 -0.099191 0.682545 -0.000000 0.099191 0.995068 -0.705658 1.000000 -0.000000 0.000000 -0.000000 0.000000 0.000000 0.000000 1.000000
0.000000 0.995068 -0.099191 0.682545 -0.000000 0.099191 0.995068 -0.705658 1.000000 -0.000000 0.000000 -0.000000 0.000000 0.000000 0.000000 1.000000
0.000000 0.995068 -0.099191 0.682545 -0.000000 0.099191 0.995068 -0.705658 1.000000 -0.000000 0.000000 -0.000000 0.000000 0.000000 0.000000 1.000000
0.000000 0.995068 -0.099191 0.682545 -0.000000 0.099191 0.995068 -0.705658 1.000000 -0.000000 0.000000 -0.000000 0.000000 0.000000 0.000000 1.000000
0.000000 0.995068 -0.099191 0.682545 -0.000000 0.099191 0.995068 -0.705658 1.000000 -0.000000 0.000000 -0.000000 0.000000 0.000000 0.000000 1.000000
0.000000 0.995068 -0.099191 0.682545 -0.000000 0.099191 0.995068 -0.705658 1.000000 -0.000000 0.000000 -0.000000 0.000000 0.000000 0.000000 1.000000
0.000000 0.995068 -0.099191 0.682545 -0.000000 0.099191 0.995068 -0.705658 1.000000 -0.000000 0.000000 -0.000000 0.000000 0.000000 0.000000 1.000000
0.000000 0.995068 -0.099191 0.682545 -0.000000 0.099191 0.995068 -0.705658 1.000000 -0.000000 0.000000 -0.000000 0.000000 0.000000 0.000000 1.000000
0.000000 0.995068 -0.099191 0.682545 -0.000000 0.099191 0.995068 -0.705658 1.000000 -0.000000 0.000000 -0.000000 0.000000 0.000000 0.000000 1.000000
0.000000 0.995068 -0.099191 0.682545 -0.000000 0.099191 0.995068 -0.705658 1.000000 -0.000000 0.000000 -0.000000 0.000000 0.000000 0.000000 1.000000</float_array>
     <technique_common>
      <accessor source="#jnt_backpack-Matrix-animation-output-transform-array" count="20" stride="16">
       <param type="float4x4"></param>
      </accessor>
     </technique_common>
    </source>
    <source id="jnt_backpack-Interpolations">
     <Name_array id="jnt_backpack-Interpolations-array" count="20">
 LINEAR LINEAR LINEAR LINEAR LINEAR LINEAR LINEAR LINEAR LINEAR LINEAR LINEAR
LINEAR LINEAR LINEAR LINEAR LINEAR LINEAR LINEAR LINEAR LINEAR</Name_array>
     <technique_common>
      <accessor source="#jnt_backpack-Interpolations-array" count="20">
       <param type="name"></param>
      </accessor>
     </technique_common>
    </source>
    <sampler id="jnt_backpack-Matrix-animation-transform">
     <input semantic="INPUT" source="#jnt_backpack-Matrix-animation-input"></input>
     <input semantic="OUTPUT" source="#jnt_backpack-Matrix-animation-output-transform"></input>
     <input semantic="INTERPOLATION" source="#jnt_backpack-Interpolations"></input>
    </sampler>
    <channel source="#jnt_backpack-Matrix-animation-transform" target="jnt_backpack/matrix"></channel>
   </animation>
  </animation>
  <animation id="jnt_camera-anim" name="jnt_camera">
   <animation>
    <source id="jnt_camera-Matrix-animation-input">
     <float_array id="jnt_camera-Matrix-animation-input-array" count="20">

0.000000 0.033333 0.066667 0.100000 0.133333 0.166667 0.200000 0.233333 0.266667 0.300000 0.333333 0.366667 0.400000 0.433333 0.466667 0.500000
0.533333 0.566667 0.600000 0.633333</float_array>
     <technique_common>
      <accessor source="#jnt_camera-Matrix-animation-input-array" count="20">
       <param name="TIME" type="float"></param>
      </accessor>
     </technique_common>
    </source>
    <source id="jnt_camera-Matrix-animation-output-transform">
     <float_array id="jnt_camera-Matrix-animation-output-transform-array" count="320">

1.000000 -0.000000 -0.000000 0.000000 0.000000 0.999988 0.004912 1.193611 0.000000 -0.004912 0.999988 0.007402 0.000000 0.000000 0.000000 1.000000
1.000000 -0.000000 -0.000000 0.000000 0.000000 0.999988 0.004912 1.193611 0.000000 -0.004912 0.999988 0.007402 0.000000 0.000000 0.000000 1.000000
1.000000 -0.000000 -0.000000 0.000000 0.000000 0.999988 0.004912 1.193611 0.000000 -0.004912 0.999988 0.007402 0.000000 0.000000 0.000000 1.000000
1.000000 -0.000000 -0.000000 0.000000 0.000000 0.999988 0.004912 1.193611 0.000000 -0.004912 0.999988 0.007402 0.000000 0.000000 0.000000 1.000000
1.000000 -0.000000 -0.000000 0.000000 0.000000 0.999988 0.004912 1.193611 0.000000 -0.004912 0.999988 0.007402 0.000000 0.000000 0.000000 1.000000
1.000000 -0.000000 -0.000000 0.000000 0.000000 0.999988 0.004912 1.193611 0.000000 -0.004912 0.999988 0.007402 0.000000 0.000000 0.000000 1.000000
1.000000 -0.000000 -0.000000 0.000000 0.000000 0.999988 0.004912 1.193611 0.000000 -0.004912 0.999988 0.007402 0.000000 0.000000 0.000000 1.000000
1.000000 -0.000000 -0.000000 0.000000 0.000000 0.999988 0.004912 1.193611 0.000000 -0.004912 0.999988 0.007402 0.000000 0.000000 0.000000 1.000000
1.000000 -0.000000 -0.000000 0.000000 0.000000 0.999988 0.004912 1.193611 0.000000 -0.004912 0.999988 0.007402 0.000000 0.000000 0.000000 1.000000
1.000000 -0.000000 -0.000000 0.000000 0.000000 0.999988 0.004912 1.193611 0.000000 -0.004912 0.999988 0.007402 0.000000 0.000000 0.000000 1.000000
1.000000 -0.000000 -0.000000 0.000000 0.000000 0.999988 0.004912 1.193611 0.000000 -0.004912 0.999988 0.007402 0.000000 0.000000 0.000000 1.000000
1.000000 -0.000000 -0.000000 0.000000 0.000000 0.999988 0.004912 1.193611 0.000000 -0.004912 0.999988 0.007402 0.000000 0.000000 0.000000 1.000000
1.000000 -0.000000 -0.000000 0.000000 0.000000 0.999988 0.004912 1.193611 0.000000 -0.004912 0.999988 0.007402 0.000000 0.000000 0.000000 1.000000
1.000000 -0.000000 -0.000000 0.000000 0.000000 0.999988 0.004912 1.193611 0.000000 -0.004912 0.999988 0.007402 0.000000 0.000000 0.000000 1.000000
1.000000 -0.000000 -0.000000 0.000000 0.000000 0.999988 0.004912 1.193611 0.000000 -0.004912 0.999988 0.007402 0.000000 0.000000 0.000000 1.000000
1.000000 -0.000000 -0.000000 0.000000 0.000000 0.999988 0.004912 1.193611 0.000000 -0.004912 0.999988 0.007402 0.000000 0.000000 0.000000 1.000000
1.000000 -0.000000 -0.000000 0.000000 0.000000 0.999988 0.004912 1.193611 0.000000 -0.004912 0.999988 0.007402 0.000000 0.000000 0.000000 1.000000
1.000000 -0.000000 -0.000000 0.000000 0.000000 0.999988 0.004912 1.193611 0.000000 -0.004912 0.999988 0.007402 0.000000 0.000000 0.000000 1.000000
1.000000 -0.000000 -0.000000 0.000000 0.000000 0.999988 0.004912 1.193611 0.000000 -0.004912 0.999988 0.007402 0.000000 0.000000 0.000000 1.000000
1.000000 -0.000000 -0.000000 0.000000 0.000000 0.999988 0.004912 1.193611 0.000000 -0.004912 0.999988 0.007402 0.000000 0.000000 0.000000 1.000000</float_array>
     <technique_common>
      <accessor source="#jnt_camera-Matrix-animation-output-transform-array" count="20" stride="16">
       <param type="float4x4"></param>
      </accessor>
     </technique_common>
    </source>
    <source id="jnt_camera-Interpolations">
     <Name_array id="jnt_camera-Interpolations-array" count="20">
 LINEAR LINEAR LINEAR LINEAR LINEAR LINEAR LINEAR LINEAR LINEAR LINEAR LINEAR
LINEAR LINEAR LINEAR LINEAR LINEAR LINEAR LINEAR LINEAR LINEAR</Name_array>
     <technique_common>
      <accessor source="#jnt_camera-Interpolations-array" count="20">
       <param type="name"></param>
      </accessor>
     </technique_common>
    </source>
    <sampler id="jnt_camera-Matrix-animation-transform">
     <input semantic="INPUT" source="#jnt_camera-Matrix-animation-input"></input>
     <input semantic="OUTPUT" source="#jnt_camera-Matrix-animation-output-transform"></input>
     <input semantic="INTERPOLATION" source="#jnt_camera-Interpolations"></input>
    </sampler>
    <channel source="#jnt_camera-Matrix-animation-transform" target="jnt_camera/matrix"></channel>
   </animation>
  </animation>
  <animation id="jnt_right_upleg-anim" name="jnt_right_upleg">
   <animation>
    <source id="jnt_right_upleg-Matrix-animation-input">
     <float_array id="jnt_right_upleg-Matrix-animation-input-array" count="20">

0.000000 0.033333 0.066667 0.100000 0.133333 0.166667 0.200000 0.233333 0.266667 0.300000 0.333333 0.366667 0.400000 0.433333 0.466667 0.500000
0.533333 0.566667 0.600000 0.633333</float_array>
     <technique_common>
      <accessor source="#jnt_right_upleg-Matrix-animation-input-array" count="20">
       <param name="TIME" type="float"></param>
      </accessor>
     </technique_common>
    </source>
    <source id="jnt_right_upleg-Matrix-animation-output-transform">
     <float_array id="jnt_right_upleg-Matrix-animation-output-transform-array" count="320">

-0.112562 -0.332887 -0.936224 -0.446779 -0.993503 0.053585 0.100396 -0.111214 0.016747 0.941443 -0.336756 0.043020 0.000000 0.000000 0.000000 1.000000
-0.112562 -0.332887 -0.936224 -0.446779 -0.993503 0.053585 0.100396 -0.111214 0.016747 0.941443 -0.336756 0.043020 0.000000 0.000000 0.000000 1.000000
-0.112562 -0.332887 -0.936224 -0.446779 -0.993503 0.053585 0.100396 -0.111214 0.016747 0.941443 -0.336756 0.043020 0.000000 0.000000 0.000000 1.000000
-0.112562 -0.332887 -0.936224 -0.446779 -0.993503 0.053585 0.100396 -0.111214 0.016747 0.941443 -0.336756 0.043020 0.000000 0.000000 0.000000 1.000000
-0.112562 -0.332887 -0.936224 -0.446779 -0.993503 0.053585 0.100396 -0.111214 0.016747 0.941443 -0.336756 0.043020 0.000000 0.000000 0.000000 1.000000
-0.112562 -0.332887 -0.936224 -0.446779 -0.993503 0.053585 0.100396 -0.111214 0.016747 0.941443 -0.336756 0.043020 0.000000 0.000000 0.000000 1.000000
-0.112562 -0.332887 -0.936224 -0.446779 -0.993503 0.053585 0.100396 -0.111214 0.016747 0.941443 -0.336756 0.043020 0.000000 0.000000 0.000000 1.000000
-0.112562 -0.332887 -0.936224 -0.446779 -0.993503 0.053585 0.100396 -0.111214 0.016747 0.941443 -0.336756 0.043020 0.000000 0.000000 0.000000 1.000000
-0.112562 -0.332887 -0.936224 -0.446779 -0.993503 0.053585 0.100396 -0.111214 0.016747 0.941443 -0.336756 0.043020 0.000000 0.000000 0.000000 1.000000
-0.112562 -0.332887 -0.936224 -0.446779 -0.993503 0.053585 0.100396 -0.111214 0.016747 0.941443 -0.336756 0.043020 0.000000 0.000000 0.000000 1.000000
-0.112562 -0.332887 -0.936224 -0.446779 -0.993503 0.053585 0.100396 -0.111214 0.016747 0.941443 -0.336756 0.043020 0.000000 0.000000 0.000000 1.000000
-0.112562 -0.332887 -0.936224 -0.446779 -0.993503 0.053585 0.100396 -0.111214 0.016747 0.941443 -0.336756 0.043020 0.000000 0.000000 0.000000 1.000000
-0.112562 -0.332887 -0.936224 -0.446779 -0.993503 0.053585 0.100396 -0.111214 0.016747 0.941443 -0.336756 0.043020 0.000000 0.000000 0.000000 1.000000
-0.112562 -0.332887 -0.936224 -0.446779 -0.993503 0.053585 0.100396 -0.111214 0.016747 0.941443 -0.336756 0.043020 0.000000 0.000000 0.000000 1.000000
-0.112562 -0.332887 -0.936224 -0.446779 -0.993503 0.053585 0.100396 -0.111214 0.016747 0.941443 -0.336756 0.043020 0.000000 0.000000 0.000000 1.000000
-0.112562 -0.332887 -0.936224 -0.446779 -0.993503 0.053585 0.100396 -0.111214 0.016747 0.941443 -0.336756 0.043020 0.000000 0.000000 0.000000 1.000000
-0.112562 -0.332887 -0.936224 -0.446779 -0.993503 0.053585 0.100396 -0.111214 0.016747 0.941443 -0.336756 0.043020 0.000000 0.000000 0.000000 1.000000
-0.112562 -0.332887 -0.936224 -0.446779 -0.993503 0.053585 0.100396 -0.111214 0.016747 0.941443 -0.336756 0.043020 0.000000 0.000000 0.000000 1.000000
-0.112562 -0.332887 -0.936224 -0.446779 -0.993503 0.053585 0.100396 -0.111214 0.016747 0.941443 -0.336756 0.043020 0.000000 0.000000 0.000000 1.000000
-0.112562 -0.332887 -0.936224 -0.446779 -0.993503 0.053585 0.100396 -0.111214 0.016747 0.941443 -0.336756 0.043020 0.000000 0.000000 0.000000 1.000000</float_array>
     <technique_common>
      <accessor source="#jnt_right_upleg-Matrix-animation-output-transform-array" count="20" stride="16">
       <param type="float4x4"></param>
      </accessor>
     </technique_common>
    </source>
    <source id="jnt_right_upleg-Interpolations">
     <Name_array id="jnt_right_upleg-Interpolations-array" count="20">
 LINEAR LINEAR LINEAR LINEAR LINEAR LINEAR LINEAR LINEAR LINEAR LINEAR LINEAR
LINEAR LINEAR LINEAR LINEAR LINEAR LINEAR LINEAR LINEAR LINEAR</Name_array>
     <technique_common>
      <accessor source="#jnt_right_upleg-Interpolations-array" count="20">
       <param type="name"></param>
      </accessor>
     </technique_common>
    </source>
    <sampler id="jnt_right_upleg-Matrix-animation-transform">
     <input semantic="INPUT" source="#jnt_right_upleg-Matrix-animation-input"></input>
     <input semantic="OUTPUT" source="#jnt_right_upleg-Matrix-animation-output-transform"></input>
     <input semantic="INTERPOLATION" source="#jnt_right_upleg-Interpolations"></input>
    </sampler>
    <channel source="#jnt_right_upleg-Matrix-animation-transform" target="jnt_right_upleg/matrix"></channel>
   </animation>
  </animation>
  <animation id="jnt_right_uplegroll-anim" name="jnt_right_uplegroll">
   <animation>
    <source id="jnt_right_uplegroll-Matrix-animation-input">
     <float_array id="jnt_right_uplegroll-Matrix-animation-input-array" count="20">

0.000000 0.033333 0.066667 0.100000 0.133333 0.166667 0.200000 0.233333 0.266667 0.300000 0.333333 0.366667 0.400000 0.433333 0.466667 0.500000
0.533333 0.566667 0.600000 0.633333</float_array>
     <technique_common>
      <accessor source="#jnt_right_uplegroll-Matrix-animation-input-array" count="20">
       <param name="TIME" type="float"></param>
      </accessor>
     </technique_common>
    </source>
    <source id="jnt_right_uplegroll-Matrix-animation-output-transform">
     <float_array id="jnt_right_uplegroll-Matrix-animation-output-transform-array" count="320">

1.000000 -0.000000 0.000000 0.430000 0.000000 1.000000 0.000000 0.000000 -0.000000 -0.000000 1.000000 -0.000000 0.000000 0.000000 0.000000 1.000000
1.000000 -0.000000 0.000000 0.430000 0.000000 1.000000 0.000000 0.000000 -0.000000 -0.000000 1.000000 -0.000000 0.000000 0.000000 0.000000 1.000000
1.000000 -0.000000 0.000000 0.430000 0.000000 1.000000 0.000000 0.000000 -0.000000 -0.000000 1.000000 -0.000000 0.000000 0.000000 0.000000 1.000000
1.000000 -0.000000 0.000000 0.430000 0.000000 1.000000 0.000000 0.000000 -0.000000 -0.000000 1.000000 -0.000000 0.000000 0.000000 0.000000 1.000000
1.000000 -0.000000 0.000000 0.430000 0.000000 1.000000 0.000000 0.000000 -0.000000 -0.000000 1.000000 -0.000000 0.000000 0.000000 0.000000 1.000000
1.000000 -0.000000 0.000000 0.430000 0.000000 1.000000 0.000000 0.000000 -0.000000 -0.000000 1.000000 -0.000000 0.000000 0.000000 0.000000 1.000000
1.000000 -0.000000 0.000000 0.430000 0.000000 1.000000 0.000000 0.000000 -0.000000 -0.000000 1.000000 -0.000000 0.000000 0.000000 0.000000 1.000000
1.000000 -0.000000 0.000000 0.430000 0.000000 1.000000 0.000000 0.000000 -0.000000 -0.000000 1.000000 -0.000000 0.000000 0.000000 0.000000 1.000000
1.000000 -0.000000 0.000000 0.430000 0.000000 1.000000 0.000000 0.000000 -0.000000 -0.000000 1.000000 -0.000000 0.000000 0.000000 0.000000 1.000000
1.000000 -0.000000 0.000000 0.430000 0.000000 1.000000 0.000000 0.000000 -0.000000 -0.000000 1.000000 -0.000000 0.000000 0.000000 0.000000 1.000000
1.000000 -0.000000 0.000000 0.430000 0.000000 1.000000 0.000000 0.000000 -0.000000 -0.000000 1.000000 -0.000000 0.000000 0.000000 0.000000 1.000000
1.000000 -0.000000 0.000000 0.430000 0.000000 1.000000 0.000000 0.000000 -0.000000 -0.000000 1.000000 -0.000000 0.000000 0.000000 0.000000 1.000000
1.000000 -0.000000 0.000000 0.430000 0.000000 1.000000 0.000000 0.000000 -0.000000 -0.000000 1.000000 -0.000000 0.000000 0.000000 0.000000 1.000000
1.000000 -0.000000 0.000000 0.430000 0.000000 1.000000 0.000000 0.000000 -0.000000 -0.000000 1.000000 -0.000000 0.000000 0.000000 0.000000 1.000000
1.000000 -0.000000 0.000000 0.430000 0.000000 1.000000 0.000000 0.000000 -0.000000 -0.000000 1.000000 -0.000000 0.000000 0.000000 0.000000 1.000000
1.000000 -0.000000 0.000000 0.430000 0.000000 1.000000 0.000000 0.000000 -0.000000 -0.000000 1.000000 -0.000000 0.000000 0.000000 0.000000 1.000000
1.000000 -0.000000 0.000000 0.430000 0.000000 1.000000 0.000000 0.000000 -0.000000 -0.000000 1.000000 -0.000000 0.000000 0.000000 0.000000 1.000000
1.000000 -0.000000 0.000000 0.430000 0.000000 1.000000 0.000000 0.000000 -0.000000 -0.000000 1.000000 -0.000000 0.000000 0.000000 0.000000 1.000000
1.000000 -0.000000 0.000000 0.430000 0.000000 1.000000 0.000000 0.000000 -0.000000 -0.000000 1.000000 -0.000000 0.000000 0.000000 0.000000 1.000000
1.000000 -0.000000 0.000000 0.430000 0.000000 1.000000 0.000000 0.000000 -0.000000 -0.000000 1.000000 -0.000000 0.000000 0.000000 0.000000 1.000000</float_array>
     <technique_common>
      <accessor source="#jnt_right_uplegroll-Matrix-animation-output-transform-array" count="20" stride="16">
       <param type="float4x4"></param>
      </accessor>
     </technique_common>
    </source>
    <source id="jnt_right_uplegroll-Interpolations">
     <Name_array id="jnt_right_uplegroll-Interpolations-array" count="20">
 LINEAR LINEAR LINEAR LINEAR LINEAR LINEAR LINEAR LINEAR LINEAR LINEAR LINEAR
LINEAR LINEAR LINEAR LINEAR LINEAR LINEAR LINEAR LINEAR LINEAR</Name_array>
     <technique_common>
      <accessor source="#jnt_right_uplegroll-Interpolations-array" count="20">
       <param type="name"></param>
      </accessor>
     </technique_common>
    </source>
    <sampler id="jnt_right_uplegroll-Matrix-animation-transform">
     <input semantic="INPUT" source="#jnt_right_uplegroll-Matrix-animation-input"></input>
     <input semantic="OUTPUT" source="#jnt_right_uplegroll-Matrix-animation-output-transform"></input>
     <input semantic="INTERPOLATION" source="#jnt_right_uplegroll-Interpolations"></input>
    </sampler>
    <channel source="#jnt_right_uplegroll-Matrix-animation-transform" target="jnt_right_uplegroll/matrix"></channel>
   </animation>
  </animation>
  <animation id="jnt_right_leg-anim" name="jnt_right_leg">
   <animation>
    <source id="jnt_right_leg-Matrix-animation-input">
     <float_array id="jnt_right_leg-Matrix-animation-input-array" count="20">

0.000000 0.033333 0.066667 0.100000 0.133333 0.166667 0.200000 0.233333 0.266667 0.300000 0.333333 0.366667 0.400000 0.433333 0.466667 0.500000
0.533333 0.566667 0.600000 0.633333</float_array>
     <technique_common>
      <accessor source="#jnt_right_leg-Matrix-animation-input-array" count="20">
       <param name="TIME" type="float"></param>
      </accessor>
     </technique_common>
    </source>
    <source id="jnt_right_leg-Matrix-animation-output-transform">
     <float_array id="jnt_right_leg-Matrix-animation-output-transform-array" count="320">

0.968055 0.250270 -0.015278 0.860324 -0.240256 0.943300 0.229042 0.000000 0.071735 -0.218055 0.973296 -0.000000 0.000000 0.000000 0.000000 1.000000
0.968055 0.250270 -0.015278 0.860324 -0.240256 0.943300 0.229042 0.000000 0.071735 -0.218055 0.973296 -0.000000 0.000000 0.000000 0.000000 1.000000
0.968055 0.250270 -0.015278 0.860324 -0.240256 0.943300 0.229042 0.000000 0.071735 -0.218055 0.973296 -0.000000 0.000000 0.000000 0.000000 1.000000
0.968055 0.250270 -0.015278 0.860324 -0.240256 0.943300 0.229042 0.000000 0.071735 -0.218055 0.973296 -0.000000 0.000000 0.000000 0.000000 1.000000
0.968055 0.250270 -0.015278 0.860324 -0.240256 0.943300 0.229042 0.000000 0.071735 -0.218055 0.973296 -0.000000 0.000000 0.000000 0.000000 1.000000
0.968055 0.250270 -0.015278 0.860324 -0.240256 0.943300 0.229042 0.000000 0.071735 -0.218055 0.973296 -0.000000 0.000000 0.000000 0.000000 1.000000
0.968055 0.250270 -0.015278 0.860324 -0.240256 0.943300 0.229042 0.000000 0.071735 -0.218055 0.973296 -0.000000 0.000000 0.000000 0.000000 1.000000
0.968055 0.250270 -0.015278 0.860324 -0.240256 0.943300 0.229042 0.000000 0.071735 -0.218055 0.973296 -0.000000 0.000000 0.000000 0.000000 1.000000
0.968055 0.250270 -0.015278 0.860324 -0.240256 0.943300 0.229042 0.000000 0.071735 -0.218055 0.973296 -0.000000 0.000000 0.000000 0.000000 1.000000
0.968055 0.250270 -0.015278 0.860324 -0.240256 0.943300 0.229042 0.000000 0.071735 -0.218055 0.973296 -0.000000 0.000000 0.000000 0.000000 1.000000
0.968055 0.250270 -0.015278 0.860324 -0.240256 0.943300 0.229042 0.000000 0.071735 -0.218055 0.973296 -0.000000 0.000000 0.000000 0.000000 1.000000
0.968055 0.250270 -0.015278 0.860324 -0.240256 0.943300 0.229042 0.000000 0.071735 -0.218055 0.973296 -0.000000 0.000000 0.000000 0.000000 1.000000
0.968055 0.250270 -0.015278 0.860324 -0.240256 0.943300 0.229042 0.000000 0.071735 -0.218055 0.973296 -0.000000 0.000000 0.000000 0.000000 1.000000
0.968055 0.250270 -0.015278 0.860324 -0.240256 0.943300 0.229042 0.000000 0.071735 -0.218055 0.973296 -0.000000 0.000000 0.000000 0.000000 1.000000
0.968055 0.250270 -0.015278 0.860324 -0.240256 0.943300 0.229042 0.000000 0.071735 -0.218055 0.973296 -0.000000 0.000000 0.000000 0.000000 1.000000
0.968055 0.250270 -0.015278 0.860324 -0.240256 0.943300 0.229042 0.000000 0.071735 -0.218055 0.973296 -0.000000 0.000000 0.000000 0.000000 1.000000
0.968055 0.250270 -0.015278 0.860324 -0.240256 0.943300 0.229042 0.000000 0.071735 -0.218055 0.973296 -0.000000 0.000000 0.000000 0.000000 1.000000
0.968055 0.250270 -0.015278 0.860324 -0.240256 0.943300 0.229042 0.000000 0.071735 -0.218055 0.973296 -0.000000 0.000000 0.000000 0.000000 1.000000
0.968055 0.250270 -0.015278 0.860324 -0.240256 0.943300 0.229042 0.000000 0.071735 -0.218055 0.973296 -0.000000 0.000000 0.000000 0.000000 1.000000
0.968055 0.250270 -0.015278 0.860324 -0.240256 0.943300 0.229042 0.000000 0.071735 -0.218055 0.973296 -0.000000 0.000000 0.000000 0.000000 1.000000</float_array>
     <technique_common>
      <accessor source="#jnt_right_leg-Matrix-animation-output-transform-array" count="20" stride="16">
       <param type="float4x4"></param>
      </accessor>
     </technique_common>
    </source>
    <source id="jnt_right_leg-Interpolations">
     <Name_array id="jnt_right_leg-Interpolations-array" count="20">
 LINEAR LINEAR LINEAR LINEAR LINEAR LINEAR LINEAR LINEAR LINEAR LINEAR LINEAR
LINEAR LINEAR LINEAR LINEAR LINEAR LINEAR LINEAR LINEAR LINEAR</Name_array>
     <technique_common>
      <accessor source="#jnt_right_leg-Interpolations-array" count="20">
       <param type="name"></param>
      </accessor>
     </technique_common>
    </source>
    <sampler id="jnt_right_leg-Matrix-animation-transform">
     <input semantic="INPUT" source="#jnt_right_leg-Matrix-animation-input"></input>
     <input semantic="OUTPUT" source="#jnt_right_leg-Matrix-animation-output-transform"></input>
     <input semantic="INTERPOLATION" source="#jnt_right_leg-Interpolations"></input>
    </sampler>
    <channel source="#jnt_right_leg-Matrix-animation-transform" target="jnt_right_leg/matrix"></channel>
   </animation>
  </animation>
  <animation id="jnt_right_legroll-anim" name="jnt_right_legroll">
   <animation>
    <source id="jnt_right_legroll-Matrix-animation-input">
     <float_array id="jnt_right_legroll-Matrix-animation-input-array" count="20">

0.000000 0.033333 0.066667 0.100000 0.133333 0.166667 0.200000 0.233333 0.266667 0.300000 0.333333 0.366667 0.400000 0.433333 0.466667 0.500000
0.533333 0.566667 0.600000 0.633333</float_array>
     <technique_common>
      <accessor source="#jnt_right_legroll-Matrix-animation-input-array" count="20">
       <param name="TIME" type="float"></param>
      </accessor>
     </technique_common>
    </source>
    <source id="jnt_right_legroll-Matrix-animation-output-transform">
     <float_array id="jnt_right_legroll-Matrix-animation-output-transform-array" count="320">

1.000000 0.000000 0.000000 0.384000 -0.000000 1.000000 0.000000 -0.000000 -0.000000 -0.000000 1.000000 0.000000 0.000000 0.000000 0.000000 1.000000
1.000000 0.000000 0.000000 0.384000 -0.000000 1.000000 0.000000 -0.000000 -0.000000 -0.000000 1.000000 0.000000 0.000000 0.000000 0.000000 1.000000
1.000000 0.000000 0.000000 0.384000 -0.000000 1.000000 0.000000 -0.000000 -0.000000 -0.000000 1.000000 0.000000 0.000000 0.000000 0.000000 1.000000
1.000000 0.000000 0.000000 0.384000 -0.000000 1.000000 0.000000 -0.000000 -0.000000 -0.000000 1.000000 0.000000 0.000000 0.000000 0.000000 1.000000
1.000000 0.000000 0.000000 0.384000 -0.000000 1.000000 0.000000 -0.000000 -0.000000 -0.000000 1.000000 0.000000 0.000000 0.000000 0.000000 1.000000
1.000000 0.000000 0.000000 0.384000 -0.000000 1.000000 0.000000 -0.000000 -0.000000 -0.000000 1.000000 0.000000 0.000000 0.000000 0.000000 1.000000
1.000000 0.000000 0.000000 0.384000 -0.000000 1.000000 0.000000 -0.000000 -0.000000 -0.000000 1.000000 0.000000 0.000000 0.000000 0.000000 1.000000
1.000000 0.000000 0.000000 0.384000 -0.000000 1.000000 0.000000 -0.000000 -0.000000 -0.000000 1.000000 0.000000 0.000000 0.000000 0.000000 1.000000
1.000000 0.000000 0.000000 0.384000 -0.000000 1.000000 0.000000 -0.000000 -0.000000 -0.000000 1.000000 0.000000 0.000000 0.000000 0.000000 1.000000
1.000000 0.000000 0.000000 0.384000 -0.000000 1.000000 0.000000 -0.000000 -0.000000 -0.000000 1.000000 0.000000 0.000000 0.000000 0.000000 1.000000
1.000000 0.000000 0.000000 0.384000 -0.000000 1.000000 0.000000 -0.000000 -0.000000 -0.000000 1.000000 0.000000 0.000000 0.000000 0.000000 1.000000
1.000000 0.000000 0.000000 0.384000 -0.000000 1.000000 0.000000 -0.000000 -0.000000 -0.000000 1.000000 0.000000 0.000000 0.000000 0.000000 1.000000
1.000000 0.000000 0.000000 0.384000 -0.000000 1.000000 0.000000 -0.000000 -0.000000 -0.000000 1.000000 0.000000 0.000000 0.000000 0.000000 1.000000
1.000000 0.000000 0.000000 0.384000 -0.000000 1.000000 0.000000 -0.000000 -0.000000 -0.000000 1.000000 0.000000 0.000000 0.000000 0.000000 1.000000
1.000000 0.000000 0.000000 0.384000 -0.000000 1.000000 0.000000 -0.000000 -0.000000 -0.000000 1.000000 0.000000 0.000000 0.000000 0.000000 1.000000
1.000000 0.000000 0.000000 0.384000 -0.000000 1.000000 0.000000 -0.000000 -0.000000 -0.000000 1.000000 0.000000 0.000000 0.000000 0.000000 1.000000
1.000000 0.000000 0.000000 0.384000 -0.000000 1.000000 0.000000 -0.000000 -0.000000 -0.000000 1.000000 0.000000 0.000000 0.000000 0.000000 1.000000
1.000000 0.000000 0.000000 0.384000 -0.000000 1.000000 0.000000 -0.000000 -0.000000 -0.000000 1.000000 0.000000 0.000000 0.000000 0.000000 1.000000
1.000000 0.000000 0.000000 0.384000 -0.000000 1.000000 0.000000 -0.000000 -0.000000 -0.000000 1.000000 0.000000 0.000000 0.000000 0.000000 1.000000
1.000000 0.000000 0.000000 0.384000 -0.000000 1.000000 0.000000 -0.000000 -0.000000 -0.000000 1.000000 0.000000 0.000000 0.000000 0.000000 1.000000</float_array>
     <technique_common>
      <accessor source="#jnt_right_legroll-Matrix-animation-output-transform-array" count="20" stride="16">
       <param type="float4x4"></param>
      </accessor>
     </technique_common>
    </source>
    <source id="jnt_right_legroll-Interpolations">
     <Name_array id="jnt_right_legroll-Interpolations-array" count="20">
 LINEAR LINEAR LINEAR LINEAR LINEAR LINEAR LINEAR LINEAR LINEAR LINEAR LINEAR
LINEAR LINEAR LINEAR LINEAR LINEAR LINEAR LINEAR LINEAR LINEAR</Name_array>
     <technique_common>
      <accessor source="#jnt_right_legroll-Interpolations-array" count="20">
       <param type="name"></param>
      </accessor>
     </technique_common>
    </source>
    <sampler id="jnt_right_legroll-Matrix-animation-transform">
     <input semantic="INPUT" source="#jnt_right_legroll-Matrix-animation-input"></input>
     <input semantic="OUTPUT" source="#jnt_right_legroll-Matrix-animation-output-transform"></input>
     <input semantic="INTERPOLATION" source="#jnt_right_legroll-Interpolations"></input>
    </sampler>
    <channel source="#jnt_right_legroll-Matrix-animation-transform" target="jnt_right_legroll/matrix"></channel>
   </animation>
  </animation>
  <animation id="jnt_right_foot-anim" name="jnt_right_foot">
   <animation>
    <source id="jnt_right_foot-Matrix-animation-input">
     <float_array id="jnt_right_foot-Matrix-animation-input-array" count="20">

0.000000 0.033333 0.066667 0.100000 0.133333 0.166667 0.200000 0.233333 0.266667 0.300000 0.333333 0.366667 0.400000 0.433333 0.466667 0.500000
0.533333 0.566667 0.600000 0.633333</float_array>
     <technique_common>
      <accessor source="#jnt_right_foot-Matrix-animation-input-array" count="20">
       <param name="TIME" type="float"></param>
      </accessor>
     </technique_common>
    </source>
    <source id="jnt_right_foot-Matrix-animation-output-transform">
     <float_array id="jnt_right_foot-Matrix-animation-output-transform-array" count="320">

0.278762 -0.954826 0.102953 0.768144 0.945566 0.291630 0.144415 -0.000001 -0.167916 0.057091 0.984147 0.000000 0.000000 0.000000 0.000000 1.000000
0.278762 -0.954826 0.102953 0.768144 0.945566 0.291630 0.144415 -0.000001 -0.167916 0.057091 0.984147 0.000000 0.000000 0.000000 0.000000 1.000000
0.278762 -0.954826 0.102953 0.768144 0.945566 0.291630 0.144415 -0.000001 -0.167916 0.057091 0.984147 0.000000 0.000000 0.000000 0.000000 1.000000
0.278762 -0.954826 0.102953 0.768144 0.945566 0.291630 0.144415 -0.000001 -0.167916 0.057091 0.984147 0.000000 0.000000 0.000000 0.000000 1.000000
0.278762 -0.954826 0.102953 0.768144 0.945566 0.291630 0.144415 -0.000001 -0.167916 0.057091 0.984147 0.000000 0.000000 0.000000 0.000000 1.000000
0.278762 -0.954826 0.102953 0.768144 0.945566 0.291630 0.144415 -0.000001 -0.167916 0.057091 0.984147 0.000000 0.000000 0.000000 0.000000 1.000000
0.278762 -0.954826 0.102953 0.768144 0.945566 0.291630 0.144415 -0.000001 -0.167916 0.057091 0.984147 0.000000 0.000000 0.000000 0.000000 1.000000
0.278762 -0.954826 0.102953 0.768144 0.945566 0.291630 0.144415 -0.000001 -0.167916 0.057091 0.984147 0.000000 0.000000 0.000000 0.000000 1.000000
0.278762 -0.954826 0.102953 0.768144 0.945566 0.291630 0.144415 -0.000001 -0.167916 0.057091 0.984147 0.000000 0.000000 0.000000 0.000000 1.000000
0.278762 -0.954826 0.102953 0.768144 0.945566 0.291630 0.144415 -0.000001 -0.167916 0.057091 0.984147 0.000000 0.000000 0.000000 0.000000 1.000000
0.278762 -0.954826 0.102953 0.768144 0.945566 0.291630 0.144415 -0.000001 -0.167916 0.057091 0.984147 0.000000 0.000000 0.000000 0.000000 1.000000
0.278762 -0.954826 0.102953 0.768144 0.945566 0.291630 0.144415 -0.000001 -0.167916 0.057091 0.984147 0.000000 0.000000 0.000000 0.000000 1.000000
0.278762 -0.954826 0.102953 0.768144 0.945566 0.291630 0.144415 -0.000001 -0.167916 0.057091 0.984147 0.000000 0.000000 0.000000 0.000000 1.000000
0.278762 -0.954826 0.102953 0.768144 0.945566 0.291630 0.144415 -0.000001 -0.167916 0.057091 0.984147 0.000000 0.000000 0.000000 0.000000 1.000000
0.278762 -0.954826 0.102953 0.768144 0.945566 0.291630 0.144415 -0.000001 -0.167916 0.057091 0.984147 0.000000 0.000000 0.000000 0.000000 1.000000
0.278762 -0.954826 0.102953 0.768144 0.945566 0.291630 0.144415 -0.000001 -0.167916 0.057091 0.984147 0.000000 0.000000 0.000000 0.000000 1.000000
0.278762 -0.954826 0.102953 0.768144 0.945566 0.291630 0.144415 -0.000001 -0.167916 0.057091 0.984147 0.000000 0.000000 0.000000 0.000000 1.000000
0.278762 -0.954826 0.102953 0.768144 0.945566 0.291630 0.144415 -0.000001 -0.167916 0.057091 0.984147 0.000000 0.000000 0.000000 0.000000 1.000000
0.278762 -0.954826 0.102953 0.768144 0.945566 0.291630 0.144415 -0.000001 -0.167916 0.057091 0.984147 0.000000 0.000000 0.000000 0.000000 1.000000
0.278762 -0.954826 0.102953 0.768144 0.945566 0.291630 0.144415 -0.000001 -0.167916 0.057091 0.984147 0.000000 0.000000 0.000000 0.000000 1.000000</float_array>
     <technique_common>
      <accessor source="#jnt_right_foot-Matrix-animation-output-transform-array" count="20" stride="16">
       <param type="float4x4"></param>
      </accessor>
     </technique_common>
    </source>
    <source id="jnt_right_foot-Interpolations">
     <Name_array id="jnt_right_foot-Interpolations-array" count="20">
 LINEAR LINEAR LINEAR LINEAR LINEAR LINEAR LINEAR LINEAR LINEAR LINEAR LINEAR
LINEAR LINEAR LINEAR LINEAR LINEAR LINEAR LINEAR LINEAR LINEAR</Name_array>
     <technique_common>
      <accessor source="#jnt_right_foot-Interpolations-array" count="20">
       <param type="name"></param>
      </accessor>
     </technique_common>
    </source>
    <sampler id="jnt_right_foot-Matrix-animation-transform">
     <input semantic="INPUT" source="#jnt_right_foot-Matrix-animation-input"></input>
     <input semantic="OUTPUT" source="#jnt_right_foot-Matrix-animation-output-transform"></input>
     <input semantic="INTERPOLATION" source="#jnt_right_foot-Interpolations"></input>
    </sampler>
    <channel source="#jnt_right_foot-Matrix-animation-transform" target="jnt_right_foot/matrix"></channel>
   </animation>
  </animation>
  <animation id="jnt_right_toebase-anim" name="jnt_right_toebase">
   <animation>
    <source id="jnt_right_toebase-Matrix-animation-input">
     <float_array id="jnt_right_toebase-Matrix-animation-input-array" count="20">

0.000000 0.033333 0.066667 0.100000 0.133333 0.166667 0.200000 0.233333 0.266667 0.300000 0.333333 0.366667 0.400000 0.433333 0.466667 0.500000
0.533333 0.566667 0.600000 0.633333</float_array>
     <technique_common>
      <accessor source="#jnt_right_toebase-Matrix-animation-input-array" count="20">
       <param name="TIME" type="float"></param>
      </accessor>
     </technique_common>
    </source>
    <source id="jnt_right_toebase-Matrix-animation-output-transform">
     <float_array id="jnt_right_toebase-Matrix-animation-output-transform-array" count="320">

0.918936 -0.394407 -0.000000 0.441847 0.394407 0.918936 0.000000 -0.000000 0.000000 -0.000000 1.000000 0.000000 0.000000 0.000000 0.000000 1.000000
0.918936 -0.394407 -0.000000 0.441847 0.394407 0.918936 0.000000 -0.000000 0.000000 -0.000000 1.000000 0.000000 0.000000 0.000000 0.000000 1.000000
0.918936 -0.394407 -0.000000 0.441847 0.394407 0.918936 0.000000 -0.000000 0.000000 -0.000000 1.000000 0.000000 0.000000 0.000000 0.000000 1.000000
0.918936 -0.394407 -0.000000 0.441847 0.394407 0.918936 0.000000 -0.000000 0.000000 -0.000000 1.000000 0.000000 0.000000 0.000000 0.000000 1.000000
0.918936 -0.394407 -0.000000 0.441847 0.394407 0.918936 0.000000 -0.000000 0.000000 -0.000000 1.000000 0.000000 0.000000 0.000000 0.000000 1.000000
0.918936 -0.394407 -0.000000 0.441847 0.394407 0.918936 0.000000 -0.000000 0.000000 -0.000000 1.000000 0.000000 0.000000 0.000000 0.000000 1.000000
0.918936 -0.394407 -0.000000 0.441847 0.394407 0.918936 0.000000 -0.000000 0.000000 -0.000000 1.000000 0.000000 0.000000 0.000000 0.000000 1.000000
0.918936 -0.394407 -0.000000 0.441847 0.394407 0.918936 0.000000 -0.000000 0.000000 -0.000000 1.000000 0.000000 0.000000 0.000000 0.000000 1.000000
0.918936 -0.394407 -0.000000 0.441847 0.394407 0.918936 0.000000 -0.000000 0.000000 -0.000000 1.000000 0.000000 0.000000 0.000000 0.000000 1.000000
0.918936 -0.394407 -0.000000 0.441847 0.394407 0.918936 0.000000 -0.000000 0.000000 -0.000000 1.000000 0.000000 0.000000 0.000000 0.000000 1.000000
0.918936 -0.394407 -0.000000 0.441847 0.394407 0.918936 0.000000 -0.000000 0.000000 -0.000000 1.000000 0.000000 0.000000 0.000000 0.000000 1.000000
0.918936 -0.394407 -0.000000 0.441847 0.394407 0.918936 0.000000 -0.000000 0.000000 -0.000000 1.000000 0.000000 0.000000 0.000000 0.000000 1.000000
0.918936 -0.394407 -0.000000 0.441847 0.394407 0.918936 0.000000 -0.000000 0.000000 -0.000000 1.000000 0.000000 0.000000 0.000000 0.000000 1.000000
0.918936 -0.394407 -0.000000 0.441847 0.394407 0.918936 0.000000 -0.000000 0.000000 -0.000000 1.000000 0.000000 0.000000 0.000000 0.000000 1.000000
0.918936 -0.394407 -0.000000 0.441847 0.394407 0.918936 0.000000 -0.000000 0.000000 -0.000000 1.000000 0.000000 0.000000 0.000000 0.000000 1.000000
0.918936 -0.394407 -0.000000 0.441847 0.394407 0.918936 0.000000 -0.000000 0.000000 -0.000000 1.000000 0.000000 0.000000 0.000000 0.000000 1.000000
0.918936 -0.394407 -0.000000 0.441847 0.394407 0.918936 0.000000 -0.000000 0.000000 -0.000000 1.000000 0.000000 0.000000 0.000000 0.000000 1.000000
0.918936 -0.394407 -0.000000 0.441847 0.394407 0.918936 0.000000 -0.000000 0.000000 -0.000000 1.000000 0.000000 0.000000 0.000000 0.000000 1.000000
0.918936 -0.394407 -0.000000 0.441847 0.394407 0.918936 0.000000 -0.000000 0.000000 -0.000000 1.000000 0.000000 0.000000 0.000000 0.000000 1.000000
0.918936 -0.394407 -0.000000 0.441847 0.394407 0.918936 0.000000 -0.000000 0.000000 -0.000000 1.000000 0.000000 0.000000 0.000000 0.000000 1.000000</float_array>
     <technique_common>
      <accessor source="#jnt_right_toebase-Matrix-animation-output-transform-array" count="20" stride="16">
       <param type="float4x4"></param>
      </accessor>
     </technique_common>
    </source>
    <source id="jnt_right_toebase-Interpolations">
     <Name_array id="jnt_right_toebase-Interpolations-array" count="20">
 LINEAR LINEAR LINEAR LINEAR LINEAR LINEAR LINEAR LINEAR LINEAR LINEAR LINEAR
LINEAR LINEAR LINEAR LINEAR LINEAR LINEAR LINEAR LINEAR LINEAR</Name_array>
     <technique_common>
      <accessor source="#jnt_right_toebase-Interpolations-array" count="20">
       <param type="name"></param>
      </accessor>
     </technique_common>
    </source>
    <sampler id="jnt_right_toebase-Matrix-animation-transform">
     <input semantic="INPUT" source="#jnt_right_toebase-Matrix-animation-input"></input>
     <input semantic="OUTPUT" source="#jnt_right_toebase-Matrix-animation-output-transform"></input>
     <input semantic="INTERPOLATION" source="#jnt_right_toebase-Interpolations"></input>
    </sampler>
    <channel source="#jnt_right_toebase-Matrix-animation-transform" target="jnt_right_toebase/matrix"></channel>
   </animation>
  </animation>
  <animation id="jnt_right_toeend-anim" name="jnt_right_toeend">
   <animation>
    <source id="jnt_right_toeend-Matrix-animation-input">
     <float_array id="jnt_right_toeend-Matrix-animation-input-array" count="20">

0.000000 0.033333 0.066667 0.100000 0.133333 0.166667 0.200000 0.233333 0.266667 0.300000 0.333333 0.366667 0.400000 0.433333 0.466667 0.500000
0.533333 0.566667 0.600000 0.633333</float_array>
     <technique_common>
      <accessor source="#jnt_right_toeend-Matrix-animation-input-array" count="20">
       <param name="TIME" type="float"></param>
      </accessor>
     </technique_common>
    </source>
    <source id="jnt_right_toeend-Matrix-animation-output-transform">
     <float_array id="jnt_right_toeend-Matrix-animation-output-transform-array" count="320">

1.000000 -0.000001 -0.000000 0.379397 0.000001 1.000000 -0.000000 0.000000 0.000000 0.000000 1.000000 0.000000 0.000000 0.000000 0.000000 1.000000
1.000000 -0.000001 -0.000000 0.379397 0.000001 1.000000 -0.000000 0.000000 0.000000 0.000000 1.000000 0.000000 0.000000 0.000000 0.000000 1.000000
1.000000 -0.000001 -0.000000 0.379397 0.000001 1.000000 -0.000000 0.000000 0.000000 0.000000 1.000000 0.000000 0.000000 0.000000 0.000000 1.000000
1.000000 -0.000001 -0.000000 0.379397 0.000001 1.000000 -0.000000 0.000000 0.000000 0.000000 1.000000 0.000000 0.000000 0.000000 0.000000 1.000000
1.000000 -0.000001 -0.000000 0.379397 0.000001 1.000000 -0.000000 0.000000 0.000000 0.000000 1.000000 0.000000 0.000000 0.000000 0.000000 1.000000
1.000000 -0.000001 -0.000000 0.379397 0.000001 1.000000 -0.000000 0.000000 0.000000 0.000000 1.000000 0.000000 0.000000 0.000000 0.000000 1.000000
1.000000 -0.000001 -0.000000 0.379397 0.000001 1.000000 -0.000000 0.000000 0.000000 0.000000 1.000000 0.000000 0.000000 0.000000 0.000000 1.000000
1.000000 -0.000001 -0.000000 0.379397 0.000001 1.000000 -0.000000 0.000000 0.000000 0.000000 1.000000 0.000000 0.000000 0.000000 0.000000 1.000000
1.000000 -0.000001 -0.000000 0.379397 0.000001 1.000000 -0.000000 0.000000 0.000000 0.000000 1.000000 0.000000 0.000000 0.000000 0.000000 1.000000
1.000000 -0.000001 -0.000000 0.379397 0.000001 1.000000 -0.000000 0.000000 0.000000 0.000000 1.000000 0.000000 0.000000 0.000000 0.000000 1.000000
1.000000 -0.000001 -0.000000 0.379397 0.000001 1.000000 -0.000000 0.000000 0.000000 0.000000 1.000000 0.000000 0.000000 0.000000 0.000000 1.000000
1.000000 -0.000001 -0.000000 0.379397 0.000001 1.000000 -0.000000 0.000000 0.000000 0.000000 1.000000 0.000000 0.000000 0.000000 0.000000 1.000000
1.000000 -0.000001 -0.000000 0.379397 0.000001 1.000000 -0.000000 0.000000 0.000000 0.000000 1.000000 0.000000 0.000000 0.000000 0.000000 1.000000
1.000000 -0.000001 -0.000000 0.379397 0.000001 1.000000 -0.000000 0.000000 0.000000 0.000000 1.000000 0.000000 0.000000 0.000000 0.000000 1.000000
1.000000 -0.000001 -0.000000 0.379397 0.000001 1.000000 -0.000000 0.000000 0.000000 0.000000 1.000000 0.000000 0.000000 0.000000 0.000000 1.000000
1.000000 -0.000001 -0.000000 0.379397 0.000001 1.000000 -0.000000 0.000000 0.000000 0.000000 1.000000 0.000000 0.000000 0.000000 0.000000 1.000000
1.000000 -0.000001 -0.000000 0.379397 0.000001 1.000000 -0.000000 0.000000 0.000000 0.000000 1.000000 0.000000 0.000000 0.000000 0.000000 1.000000
1.000000 -0.000001 -0.000000 0.379397 0.000001 1.000000 -0.000000 0.000000 0.000000 0.000000 1.000000 0.000000 0.000000 0.000000 0.000000 1.000000
1.000000 -0.000001 -0.000000 0.379397 0.000001 1.000000 -0.000000 0.000000 0.000000 0.000000 1.000000 0.000000 0.000000 0.000000 0.000000 1.000000
1.000000 -0.000001 -0.000000 0.379397 0.000001 1.000000 -0.000000 0.000000 0.000000 0.000000 1.000000 0.000000 0.000000 0.000000 0.000000 1.000000</float_array>
     <technique_common>
      <accessor source="#jnt_right_toeend-Matrix-animation-output-transform-array" count="20" stride="16">
       <param type="float4x4"></param>
      </accessor>
     </technique_common>
    </source>
    <source id="jnt_right_toeend-Interpolations">
     <Name_array id="jnt_right_toeend-Interpolations-array" count="20">
 LINEAR LINEAR LINEAR LINEAR LINEAR LINEAR LINEAR LINEAR LINEAR LINEAR LINEAR
LINEAR LINEAR LINEAR LINEAR LINEAR LINEAR LINEAR LINEAR LINEAR</Name_array>
     <technique_common>
      <accessor source="#jnt_right_toeend-Interpolations-array" count="20">
       <param type="name"></param>
      </accessor>
     </technique_common>
    </source>
    <sampler id="jnt_right_toeend-Matrix-animation-transform">
     <input semantic="INPUT" source="#jnt_right_toeend-Matrix-animation-input"></input>
     <input semantic="OUTPUT" source="#jnt_right_toeend-Matrix-animation-output-transform"></input>
     <input semantic="INTERPOLATION" source="#jnt_right_toeend-Interpolations"></input>
    </sampler>
    <channel source="#jnt_right_toeend-Matrix-animation-transform" target="jnt_right_toeend/matrix"></channel>
   </animation>
  </animation>
  <animation id="jnt_left_upleg-anim" name="jnt_left_upleg">
   <animation>
    <source id="jnt_left_upleg-Matrix-animation-input">
     <float_array id="jnt_left_upleg-Matrix-animation-input-array" count="20">

0.000000 0.033333 0.066667 0.100000 0.133333 0.166667 0.200000 0.233333 0.266667 0.300000 0.333333 0.366667 0.400000 0.433333 0.466667 0.500000
0.533333 0.566667 0.600000 0.633333</float_array>
     <technique_common>
      <accessor source="#jnt_left_upleg-Matrix-animation-input-array" count="20">
       <param name="TIME" type="float"></param>
      </accessor>
     </technique_common>
    </source>
    <source id="jnt_left_upleg-Matrix-animation-output-transform">
     <float_array id="jnt_left_upleg-Matrix-animation-output-transform-array" count="320">

0.112561 0.332886 -0.936224 0.446779 -0.993504 0.053590 -0.100393 -0.111213 0.016753 0.941443 0.336756 0.043020 0.000000 0.000000 0.000000 1.000000
0.112561 0.332886 -0.936224 0.446779 -0.993504 0.053590 -0.100393 -0.111213 0.016753 0.941443 0.336756 0.043020 0.000000 0.000000 0.000000 1.000000
0.112561 0.332886 -0.936224 0.446779 -0.993504 0.053590 -0.100393 -0.111213 0.016753 0.941443 0.336756 0.043020 0.000000 0.000000 0.000000 1.000000
0.112561 0.332886 -0.936224 0.446779 -0.993504 0.053590 -0.100393 -0.111213 0.016753 0.941443 0.336756 0.043020 0.000000 0.000000 0.000000 1.000000
0.112561 0.332886 -0.936224 0.446779 -0.993504 0.053590 -0.100393 -0.111213 0.016753 0.941443 0.336756 0.043020 0.000000 0.000000 0.000000 1.000000
0.112561 0.332886 -0.936224 0.446779 -0.993504 0.053590 -0.100393 -0.111213 0.016753 0.941443 0.336756 0.043020 0.000000 0.000000 0.000000 1.000000
0.112561 0.332886 -0.936224 0.446779 -0.993504 0.053590 -0.100393 -0.111213 0.016753 0.941443 0.336756 0.043020 0.000000 0.000000 0.000000 1.000000
0.112561 0.332886 -0.936224 0.446779 -0.993504 0.053590 -0.100393 -0.111213 0.016753 0.941443 0.336756 0.043020 0.000000 0.000000 0.000000 1.000000
0.112561 0.332886 -0.936224 0.446779 -0.993504 0.053590 -0.100393 -0.111213 0.016753 0.941443 0.336756 0.043020 0.000000 0.000000 0.000000 1.000000
0.112561 0.332886 -0.936224 0.446779 -0.993504 0.053590 -0.100393 -0.111213 0.016753 0.941443 0.336756 0.043020 0.000000 0.000000 0.000000 1.000000
0.112561 0.332886 -0.936224 0.446779 -0.993504 0.053590 -0.100393 -0.111213 0.016753 0.941443 0.336756 0.043020 0.000000 0.000000 0.000000 1.000000
0.112561 0.332886 -0.936224 0.446779 -0.993504 0.053590 -0.100393 -0.111213 0.016753 0.941443 0.336756 0.043020 0.000000 0.000000 0.000000 1.000000
0.112561 0.332886 -0.936224 0.446779 -0.993504 0.053590 -0.100393 -0.111213 0.016753 0.941443 0.336756 0.043020 0.000000 0.000000 0.000000 1.000000
0.112561 0.332886 -0.936224 0.446779 -0.993504 0.053590 -0.100393 -0.111213 0.016753 0.941443 0.336756 0.043020 0.000000 0.000000 0.000000 1.000000
0.112561 0.332886 -0.936224 0.446779 -0.993504 0.053590 -0.100393 -0.111213 0.016753 0.941443 0.336756 0.043020 0.000000 0.000000 0.000000 1.000000
0.112561 0.332886 -0.936224 0.446779 -0.993504 0.053590 -0.100393 -0.111213 0.016753 0.941443 0.336756 0.043020 0.000000 0.000000 0.000000 1.000000
0.112561 0.332886 -0.936224 0.446779 -0.993504 0.053590 -0.100393 -0.111213 0.016753 0.941443 0.336756 0.043020 0.000000 0.000000 0.000000 1.000000
0.112561 0.332886 -0.936224 0.446779 -0.993504 0.053590 -0.100393 -0.111213 0.016753 0.941443 0.336756 0.043020 0.000000 0.000000 0.000000 1.000000
0.112561 0.332886 -0.936224 0.446779 -0.993504 0.053590 -0.100393 -0.111213 0.016753 0.941443 0.336756 0.043020 0.000000 0.000000 0.000000 1.000000
0.112561 0.332886 -0.936224 0.446779 -0.993504 0.053590 -0.100393 -0.111213 0.016753 0.941443 0.336756 0.043020 0.000000 0.000000 0.000000 1.000000</float_array>
     <technique_common>
      <accessor source="#jnt_left_upleg-Matrix-animation-output-transform-array" count="20" stride="16">
       <param type="float4x4"></param>
      </accessor>
     </technique_common>
    </source>
    <source id="jnt_left_upleg-Interpolations">
     <Name_array id="jnt_left_upleg-Interpolations-array" count="20">
 LINEAR LINEAR LINEAR LINEAR LINEAR LINEAR LINEAR LINEAR LINEAR LINEAR LINEAR
LINEAR LINEAR LINEAR LINEAR LINEAR LINEAR LINEAR LINEAR LINEAR</Name_array>
     <technique_common>
      <accessor source="#jnt_left_upleg-Interpolations-array" count="20">
       <param type="name"></param>
      </accessor>
     </technique_common>
    </source>
    <sampler id="jnt_left_upleg-Matrix-animation-transform">
     <input semantic="INPUT" source="#jnt_left_upleg-Matrix-animation-input"></input>
     <input semantic="OUTPUT" source="#jnt_left_upleg-Matrix-animation-output-transform"></input>
     <input semantic="INTERPOLATION" source="#jnt_left_upleg-Interpolations"></input>
    </sampler>
    <channel source="#jnt_left_upleg-Matrix-animation-transform" target="jnt_left_upleg/matrix"></channel>
   </animation>
  </animation>
  <animation id="jnt_left_uplegroll-anim" name="jnt_left_uplegroll">
   <animation>
    <source id="jnt_left_uplegroll-Matrix-animation-input">
     <float_array id="jnt_left_uplegroll-Matrix-animation-input-array" count="20">

0.000000 0.033333 0.066667 0.100000 0.133333 0.166667 0.200000 0.233333 0.266667 0.300000 0.333333 0.366667 0.400000 0.433333 0.466667 0.500000
0.533333 0.566667 0.600000 0.633333</float_array>
     <technique_common>
      <accessor source="#jnt_left_uplegroll-Matrix-animation-input-array" count="20">
       <param name="TIME" type="float"></param>
      </accessor>
     </technique_common>
    </source>
    <source id="jnt_left_uplegroll-Matrix-animation-output-transform">
     <float_array id="jnt_left_uplegroll-Matrix-animation-output-transform-array" count="320">

1.000000 -0.000000 -0.000000 0.430000 0.000000 1.000000 -0.000000 -0.000000 0.000000 0.000000 1.000000 0.000000 0.000000 0.000000 0.000000 1.000000
1.000000 -0.000000 -0.000000 0.430000 0.000000 1.000000 -0.000000 -0.000000 0.000000 0.000000 1.000000 0.000000 0.000000 0.000000 0.000000 1.000000
1.000000 -0.000000 -0.000000 0.430000 0.000000 1.000000 -0.000000 -0.000000 0.000000 0.000000 1.000000 0.000000 0.000000 0.000000 0.000000 1.000000
1.000000 -0.000000 -0.000000 0.430000 0.000000 1.000000 -0.000000 -0.000000 0.000000 0.000000 1.000000 0.000000 0.000000 0.000000 0.000000 1.000000
1.000000 -0.000000 -0.000000 0.430000 0.000000 1.000000 -0.000000 -0.000000 0.000000 0.000000 1.000000 0.000000 0.000000 0.000000 0.000000 1.000000
1.000000 -0.000000 -0.000000 0.430000 0.000000 1.000000 -0.000000 -0.000000 0.000000 0.000000 1.000000 0.000000 0.000000 0.000000 0.000000 1.000000
1.000000 -0.000000 -0.000000 0.430000 0.000000 1.000000 -0.000000 -0.000000 0.000000 0.000000 1.000000 0.000000 0.000000 0.000000 0.000000 1.000000
1.000000 -0.000000 -0.000000 0.430000 0.000000 1.000000 -0.000000 -0.000000 0.000000 0.000000 1.000000 0.000000 0.000000 0.000000 0.000000 1.000000
1.000000 -0.000000 -0.000000 0.430000 0.000000 1.000000 -0.000000 -0.000000 0.000000 0.000000 1.000000 0.000000 0.000000 0.000000 0.000000 1.000000
1.000000 -0.000000 -0.000000 0.430000 0.000000 1.000000 -0.000000 -0.000000 0.000000 0.000000 1.000000 0.000000 0.000000 0.000000 0.000000 1.000000
1.000000 -0.000000 -0.000000 0.430000 0.000000 1.000000 -0.000000 -0.000000 0.000000 0.000000 1.000000 0.000000 0.000000 0.000000 0.000000 1.000000
1.000000 -0.000000 -0.000000 0.430000 0.000000 1.000000 -0.000000 -0.000000 0.000000 0.000000 1.000000 0.000000 0.000000 0.000000 0.000000 1.000000
1.000000 -0.000000 -0.000000 0.430000 0.000000 1.000000 -0.000000 -0.000000 0.000000 0.000000 1.000000 0.000000 0.000000 0.000000 0.000000 1.000000
1.000000 -0.000000 -0.000000 0.430000 0.000000 1.000000 -0.000000 -0.000000 0.000000 0.000000 1.000000 0.000000 0.000000 0.000000 0.000000 1.000000
1.000000 -0.000000 -0.000000 0.430000 0.000000 1.000000 -0.000000 -0.000000 0.000000 0.000000 1.000000 0.000000 0.000000 0.000000 0.000000 1.000000
1.000000 -0.000000 -0.000000 0.430000 0.000000 1.000000 -0.000000 -0.000000 0.000000 0.000000 1.000000 0.000000 0.000000 0.000000 0.000000 1.000000
1.000000 -0.000000 -0.000000 0.430000 0.000000 1.000000 -0.000000 -0.000000 0.000000 0.000000 1.000000 0.000000 0.000000 0.000000 0.000000 1.000000
1.000000 -0.000000 -0.000000 0.430000 0.000000 1.000000 -0.000000 -0.000000 0.000000 0.000000 1.000000 0.000000 0.000000 0.000000 0.000000 1.000000
1.000000 -0.000000 -0.000000 0.430000 0.000000 1.000000 -0.000000 -0.000000 0.000000 0.000000 1.000000 0.000000 0.000000 0.000000 0.000000 1.000000
1.000000 -0.000000 -0.000000 0.430000 0.000000 1.000000 -0.000000 -0.000000 0.000000 0.000000 1.000000 0.000000 0.000000 0.000000 0.000000 1.000000</float_array>
     <technique_common>
      <accessor source="#jnt_left_uplegroll-Matrix-animation-output-transform-array" count="20" stride="16">
       <param type="float4x4"></param>
      </accessor>
     </technique_common>
    </source>
    <source id="jnt_left_uplegroll-Interpolations">
     <Name_array id="jnt_left_uplegroll-Interpolations-array" count="20">
 LINEAR LINEAR LINEAR LINEAR LINEAR LINEAR LINEAR LINEAR LINEAR LINEAR LINEAR
LINEAR LINEAR LINEAR LINEAR LINEAR LINEAR LINEAR LINEAR LINEAR</Name_array>
     <technique_common>
      <accessor source="#jnt_left_uplegroll-Interpolations-array" count="20">
       <param type="name"></param>
      </accessor>
     </technique_common>
    </source>
    <sampler id="jnt_left_uplegroll-Matrix-animation-transform">
     <input semantic="INPUT" source="#jnt_left_uplegroll-Matrix-animation-input"></input>
     <input semantic="OUTPUT" source="#jnt_left_uplegroll-Matrix-animation-output-transform"></input>
     <input semantic="INTERPOLATION" source="#jnt_left_uplegroll-Interpolations"></input>
    </sampler>
    <channel source="#jnt_left_uplegroll-Matrix-animation-transform" target="jnt_left_uplegroll/matrix"></channel>
   </animation>
  </animation>
  <animation id="jnt_left_leg-anim" name="jnt_left_leg">
   <animation>
    <source id="jnt_left_leg-Matrix-animation-input">
     <float_array id="jnt_left_leg-Matrix-animation-input-array" count="20">

0.000000 0.033333 0.066667 0.100000 0.133333 0.166667 0.200000 0.233333 0.266667 0.300000 0.333333 0.366667 0.400000 0.433333 0.466667 0.500000
0.533333 0.566667 0.600000 0.633333</float_array>
     <technique_common>
      <accessor source="#jnt_left_leg-Matrix-animation-input-array" count="20">
       <param name="TIME" type="float"></param>
      </accessor>
     </technique_common>
    </source>
    <source id="jnt_left_leg-Matrix-animation-output-transform">
     <float_array id="jnt_left_leg-Matrix-animation-output-transform-array" count="320">

0.968052 0.250284 0.015281 0.860328 -0.240268 0.943298 -0.229044 -0.000000 -0.071741 0.218054 0.973296 0.000001 0.000000 0.000000 0.000000 1.000000
0.968052 0.250284 0.015281 0.860328 -0.240268 0.943298 -0.229044 -0.000000 -0.071741 0.218054 0.973296 0.000001 0.000000 0.000000 0.000000 1.000000
0.968052 0.250284 0.015281 0.860328 -0.240268 0.943298 -0.229044 -0.000000 -0.071741 0.218054 0.973296 0.000001 0.000000 0.000000 0.000000 1.000000
0.968052 0.250284 0.015281 0.860328 -0.240268 0.943298 -0.229044 -0.000000 -0.071741 0.218054 0.973296 0.000001 0.000000 0.000000 0.000000 1.000000
0.968052 0.250284 0.015281 0.860328 -0.240268 0.943298 -0.229044 -0.000000 -0.071741 0.218054 0.973296 0.000001 0.000000 0.000000 0.000000 1.000000
0.968052 0.250284 0.015281 0.860328 -0.240268 0.943298 -0.229044 -0.000000 -0.071741 0.218054 0.973296 0.000001 0.000000 0.000000 0.000000 1.000000
0.968052 0.250284 0.015281 0.860328 -0.240268 0.943298 -0.229044 -0.000000 -0.071741 0.218054 0.973296 0.000001 0.000000 0.000000 0.000000 1.000000
0.968052 0.250284 0.015281 0.860328 -0.240268 0.943298 -0.229044 -0.000000 -0.071741 0.218054 0.973296 0.000001 0.000000 0.000000 0.000000 1.000000
0.968052 0.250284 0.015281 0.860328 -0.240268 0.943298 -0.229044 -0.000000 -0.071741 0.218054 0.973296 0.000001 0.000000 0.000000 0.000000 1.000000
0.968052 0.250284 0.015281 0.860328 -0.240268 0.943298 -0.229044 -0.000000 -0.071741 0.218054 0.973296 0.000001 0.000000 0.000000 0.000000 1.000000
0.968052 0.250284 0.015281 0.860328 -0.240268 0.943298 -0.229044 -0.000000 -0.071741 0.218054 0.973296 0.000001 0.000000 0.000000 0.000000 1.000000
0.968052 0.250284 0.015281 0.860328 -0.240268 0.943298 -0.229044 -0.000000 -0.071741 0.218054 0.973296 0.000001 0.000000 0.000000 0.000000 1.000000
0.968052 0.250284 0.015281 0.860328 -0.240268 0.943298 -0.229044 -0.000000 -0.071741 0.218054 0.973296 0.000001 0.000000 0.000000 0.000000 1.000000
0.968052 0.250284 0.015281 0.860328 -0.240268 0.943298 -0.229044 -0.000000 -0.071741 0.218054 0.973296 0.000001 0.000000 0.000000 0.000000 1.000000
0.968052 0.250284 0.015281 0.860328 -0.240268 0.943298 -0.229044 -0.000000 -0.071741 0.218054 0.973296 0.000001 0.000000 0.000000 0.000000 1.000000
0.968052 0.250284 0.015281 0.860328 -0.240268 0.943298 -0.229044 -0.000000 -0.071741 0.218054 0.973296 0.000001 0.000000 0.000000 0.000000 1.000000
0.968052 0.250284 0.015281 0.860328 -0.240268 0.943298 -0.229044 -0.000000 -0.071741 0.218054 0.973296 0.000001 0.000000 0.000000 0.000000 1.000000
0.968052 0.250284 0.015281 0.860328 -0.240268 0.943298 -0.229044 -0.000000 -0.071741 0.218054 0.973296 0.000001 0.000000 0.000000 0.000000 1.000000
0.968052 0.250284 0.015281 0.860328 -0.240268 0.943298 -0.229044 -0.000000 -0.071741 0.218054 0.973296 0.000001 0.000000 0.000000 0.000000 1.000000
0.968052 0.250284 0.015281 0.860328 -0.240268 0.943298 -0.229044 -0.000000 -0.071741 0.218054 0.973296 0.000001 0.000000 0.000000 0.000000 1.000000</float_array>
     <technique_common>
      <accessor source="#jnt_left_leg-Matrix-animation-output-transform-array" count="20" stride="16">
       <param type="float4x4"></param>
      </accessor>
     </technique_common>
    </source>
    <source id="jnt_left_leg-Interpolations">
     <Name_array id="jnt_left_leg-Interpolations-array" count="20">
 LINEAR LINEAR LINEAR LINEAR LINEAR LINEAR LINEAR LINEAR LINEAR LINEAR LINEAR
LINEAR LINEAR LINEAR LINEAR LINEAR LINEAR LINEAR LINEAR LINEAR</Name_array>
     <technique_common>
      <accessor source="#jnt_left_leg-Interpolations-array" count="20">
       <param type="name"></param>
      </accessor>
     </technique_common>
    </source>
    <sampler id="jnt_left_leg-Matrix-animation-transform">
     <input semantic="INPUT" source="#jnt_left_leg-Matrix-animation-input"></input>
     <input semantic="OUTPUT" source="#jnt_left_leg-Matrix-animation-output-transform"></input>
     <input semantic="INTERPOLATION" source="#jnt_left_leg-Interpolations"></input>
    </sampler>
    <channel source="#jnt_left_leg-Matrix-animation-transform" target="jnt_left_leg/matrix"></channel>
   </animation>
  </animation>
  <animation id="jnt_left_legroll-anim" name="jnt_left_legroll">
   <animation>
    <source id="jnt_left_legroll-Matrix-animation-input">
     <float_array id="jnt_left_legroll-Matrix-animation-input-array" count="20">

0.000000 0.033333 0.066667 0.100000 0.133333 0.166667 0.200000 0.233333 0.266667 0.300000 0.333333 0.366667 0.400000 0.433333 0.466667 0.500000
0.533333 0.566667 0.600000 0.633333</float_array>
     <technique_common>
      <accessor source="#jnt_left_legroll-Matrix-animation-input-array" count="20">
       <param name="TIME" type="float"></param>
      </accessor>
     </technique_common>
    </source>
    <source id="jnt_left_legroll-Matrix-animation-output-transform">
     <float_array id="jnt_left_legroll-Matrix-animation-output-transform-array" count="320">

1.000000 -0.000000 -0.000000 0.384000 0.000000 1.000000 -0.000000 0.000000 0.000000 0.000000 1.000000 0.000000 0.000000 0.000000 0.000000 1.000000
1.000000 -0.000000 -0.000000 0.384000 0.000000 1.000000 -0.000000 0.000000 0.000000 0.000000 1.000000 0.000000 0.000000 0.000000 0.000000 1.000000
1.000000 -0.000000 -0.000000 0.384000 0.000000 1.000000 -0.000000 0.000000 0.000000 0.000000 1.000000 0.000000 0.000000 0.000000 0.000000 1.000000
1.000000 -0.000000 -0.000000 0.384000 0.000000 1.000000 -0.000000 0.000000 0.000000 0.000000 1.000000 0.000000 0.000000 0.000000 0.000000 1.000000
1.000000 -0.000000 -0.000000 0.384000 0.000000 1.000000 -0.000000 0.000000 0.000000 0.000000 1.000000 0.000000 0.000000 0.000000 0.000000 1.000000
1.000000 -0.000000 -0.000000 0.384000 0.000000 1.000000 -0.000000 0.000000 0.000000 0.000000 1.000000 0.000000 0.000000 0.000000 0.000000 1.000000
1.000000 -0.000000 -0.000000 0.384000 0.000000 1.000000 -0.000000 0.000000 0.000000 0.000000 1.000000 0.000000 0.000000 0.000000 0.000000 1.000000
1.000000 -0.000000 -0.000000 0.384000 0.000000 1.000000 -0.000000 0.000000 0.000000 0.000000 1.000000 0.000000 0.000000 0.000000 0.000000 1.000000
1.000000 -0.000000 -0.000000 0.384000 0.000000 1.000000 -0.000000 0.000000 0.000000 0.000000 1.000000 0.000000 0.000000 0.000000 0.000000 1.000000
1.000000 -0.000000 -0.000000 0.384000 0.000000 1.000000 -0.000000 0.000000 0.000000 0.000000 1.000000 0.000000 0.000000 0.000000 0.000000 1.000000
1.000000 -0.000000 -0.000000 0.384000 0.000000 1.000000 -0.000000 0.000000 0.000000 0.000000 1.000000 0.000000 0.000000 0.000000 0.000000 1.000000
1.000000 -0.000000 -0.000000 0.384000 0.000000 1.000000 -0.000000 0.000000 0.000000 0.000000 1.000000 0.000000 0.000000 0.000000 0.000000 1.000000
1.000000 -0.000000 -0.000000 0.384000 0.000000 1.000000 -0.000000 0.000000 0.000000 0.000000 1.000000 0.000000 0.000000 0.000000 0.000000 1.000000
1.000000 -0.000000 -0.000000 0.384000 0.000000 1.000000 -0.000000 0.000000 0.000000 0.000000 1.000000 0.000000 0.000000 0.000000 0.000000 1.000000
1.000000 -0.000000 -0.000000 0.384000 0.000000 1.000000 -0.000000 0.000000 0.000000 0.000000 1.000000 0.000000 0.000000 0.000000 0.000000 1.000000
1.000000 -0.000000 -0.000000 0.384000 0.000000 1.000000 -0.000000 0.000000 0.000000 0.000000 1.000000 0.000000 0.000000 0.000000 0.000000 1.000000
1.000000 -0.000000 -0.000000 0.384000 0.000000 1.000000 -0.000000 0.000000 0.000000 0.000000 1.000000 0.000000 0.000000 0.000000 0.000000 1.000000
1.000000 -0.000000 -0.000000 0.384000 0.000000 1.000000 -0.000000 0.000000 0.000000 0.000000 1.000000 0.000000 0.000000 0.000000 0.000000 1.000000
1.000000 -0.000000 -0.000000 0.384000 0.000000 1.000000 -0.000000 0.000000 0.000000 0.000000 1.000000 0.000000 0.000000 0.000000 0.000000 1.000000
1.000000 -0.000000 -0.000000 0.384000 0.000000 1.000000 -0.000000 0.000000 0.000000 0.000000 1.000000 0.000000 0.000000 0.000000 0.000000 1.000000</float_array>
     <technique_common>
      <accessor source="#jnt_left_legroll-Matrix-animation-output-transform-array" count="20" stride="16">
       <param type="float4x4"></param>
      </accessor>
     </technique_common>
    </source>
    <source id="jnt_left_legroll-Interpolations">
     <Name_array id="jnt_left_legroll-Interpolations-array" count="20">
 LINEAR LINEAR LINEAR LINEAR LINEAR LINEAR LINEAR LINEAR LINEAR LINEAR LINEAR
LINEAR LINEAR LINEAR LINEAR LINEAR LINEAR LINEAR LINEAR LINEAR</Name_array>
     <technique_common>
      <accessor source="#jnt_left_legroll-Interpolations-array" count="20">
       <param type="name"></param>
      </accessor>
     </technique_common>
    </source>
    <sampler id="jnt_left_legroll-Matrix-animation-transform">
     <input semantic="INPUT" source="#jnt_left_legroll-Matrix-animation-input"></input>
     <input semantic="OUTPUT" source="#jnt_left_legroll-Matrix-animation-output-transform"></input>
     <input semantic="INTERPOLATION" source="#jnt_left_legroll-Interpolations"></input>
    </sampler>
    <channel source="#jnt_left_legroll-Matrix-animation-transform" target="jnt_left_legroll/matrix"></channel>
   </animation>
  </animation>
  <animation id="jnt_left_foot-anim" name="jnt_left_foot">
   <animation>
    <source id="jnt_left_foot-Matrix-animation-input">
     <float_array id="jnt_left_foot-Matrix-animation-input-array" count="20">

0.000000 0.033333 0.066667 0.100000 0.133333 0.166667 0.200000 0.233333 0.266667 0.300000 0.333333 0.366667 0.400000 0.433333 0.466667 0.500000
0.533333 0.566667 0.600000 0.633333</float_array>
     <technique_common>
      <accessor source="#jnt_left_foot-Matrix-animation-input-array" count="20">
       <param name="TIME" type="float"></param>
      </accessor>
     </technique_common>
    </source>
    <source id="jnt_left_foot-Matrix-animation-output-transform">
     <float_array id="jnt_left_foot-Matrix-animation-output-transform-array" count="320">

0.278754 -0.954828 -0.102953 0.768142 0.945569 0.291623 -0.144416 0.000000 0.167916 -0.057093 0.984147 -0.000001 0.000000 0.000000 0.000000 1.000000
0.278754 -0.954828 -0.102953 0.768142 0.945569 0.291623 -0.144416 0.000000 0.167916 -0.057093 0.984147 -0.000001 0.000000 0.000000 0.000000 1.000000
0.278754 -0.954828 -0.102953 0.768142 0.945569 0.291623 -0.144416 0.000000 0.167916 -0.057093 0.984147 -0.000001 0.000000 0.000000 0.000000 1.000000
0.278754 -0.954828 -0.102953 0.768142 0.945569 0.291623 -0.144416 0.000000 0.167916 -0.057093 0.984147 -0.000001 0.000000 0.000000 0.000000 1.000000
0.278754 -0.954828 -0.102953 0.768142 0.945569 0.291623 -0.144416 0.000000 0.167916 -0.057093 0.984147 -0.000001 0.000000 0.000000 0.000000 1.000000
0.278754 -0.954828 -0.102953 0.768142 0.945569 0.291623 -0.144416 0.000000 0.167916 -0.057093 0.984147 -0.000001 0.000000 0.000000 0.000000 1.000000
0.278754 -0.954828 -0.102953 0.768142 0.945569 0.291623 -0.144416 0.000000 0.167916 -0.057093 0.984147 -0.000001 0.000000 0.000000 0.000000 1.000000
0.278754 -0.954828 -0.102953 0.768142 0.945569 0.291623 -0.144416 0.000000 0.167916 -0.057093 0.984147 -0.000001 0.000000 0.000000 0.000000 1.000000
0.278754 -0.954828 -0.102953 0.768142 0.945569 0.291623 -0.144416 0.000000 0.167916 -0.057093 0.984147 -0.000001 0.000000 0.000000 0.000000 1.000000
0.278754 -0.954828 -0.102953 0.768142 0.945569 0.291623 -0.144416 0.000000 0.167916 -0.057093 0.984147 -0.000001 0.000000 0.000000 0.000000 1.000000
0.278754 -0.954828 -0.102953 0.768142 0.945569 0.291623 -0.144416 0.000000 0.167916 -0.057093 0.984147 -0.000001 0.000000 0.000000 0.000000 1.000000
0.278754 -0.954828 -0.102953 0.768142 0.945569 0.291623 -0.144416 0.000000 0.167916 -0.057093 0.984147 -0.000001 0.000000 0.000000 0.000000 1.000000
0.278754 -0.954828 -0.102953 0.768142 0.945569 0.291623 -0.144416 0.000000 0.167916 -0.057093 0.984147 -0.000001 0.000000 0.000000 0.000000 1.000000
0.278754 -0.954828 -0.102953 0.768142 0.945569 0.291623 -0.144416 0.000000 0.167916 -0.057093 0.984147 -0.000001 0.000000 0.000000 0.000000 1.000000
0.278754 -0.954828 -0.102953 0.768142 0.945569 0.291623 -0.144416 0.000000 0.167916 -0.057093 0.984147 -0.000001 0.000000 0.000000 0.000000 1.000000
0.278754 -0.954828 -0.102953 0.768142 0.945569 0.291623 -0.144416 0.000000 0.167916 -0.057093 0.984147 -0.000001 0.000000 0.000000 0.000000 1.000000
0.278754 -0.954828 -0.102953 0.768142 0.945569 0.291623 -0.144416 0.000000 0.167916 -0.057093 0.984147 -0.000001 0.000000 0.000000 0.000000 1.000000
0.278754 -0.954828 -0.102953 0.768142 0.945569 0.291623 -0.144416 0.000000 0.167916 -0.057093 0.984147 -0.000001 0.000000 0.000000 0.000000 1.000000
0.278754 -0.954828 -0.102953 0.768142 0.945569 0.291623 -0.144416 0.000000 0.167916 -0.057093 0.984147 -0.000001 0.000000 0.000000 0.000000 1.000000
0.278754 -0.954828 -0.102953 0.768142 0.945569 0.291623 -0.144416 0.000000 0.167916 -0.057093 0.984147 -0.000001 0.000000 0.000000 0.000000 1.000000</float_array>
     <technique_common>
      <accessor source="#jnt_left_foot-Matrix-animation-output-transform-array" count="20" stride="16">
       <param type="float4x4"></param>
      </accessor>
     </technique_common>
    </source>
    <source id="jnt_left_foot-Interpolations">
     <Name_array id="jnt_left_foot-Interpolations-array" count="20">
 LINEAR LINEAR LINEAR LINEAR LINEAR LINEAR LINEAR LINEAR LINEAR LINEAR LINEAR
LINEAR LINEAR LINEAR LINEAR LINEAR LINEAR LINEAR LINEAR LINEAR</Name_array>
     <technique_common>
      <accessor source="#jnt_left_foot-Interpolations-array" count="20">
       <param type="name"></param>
      </accessor>
     </technique_common>
    </source>
    <sampler id="jnt_left_foot-Matrix-animation-transform">
     <input semantic="INPUT" source="#jnt_left_foot-Matrix-animation-input"></input>
     <input semantic="OUTPUT" source="#jnt_left_foot-Matrix-animation-output-transform"></input>
     <input semantic="INTERPOLATION" source="#jnt_left_foot-Interpolations"></input>
    </sampler>
    <channel source="#jnt_left_foot-Matrix-animation-transform" target="jnt_left_foot/matrix"></channel>
   </animation>
  </animation>
  <animation id="jnt_left_toebase-anim" name="jnt_left_toebase">
   <animation>
    <source id="jnt_left_toebase-Matrix-animation-input">
     <float_array id="jnt_left_toebase-Matrix-animation-input-array" count="20">

0.000000 0.033333 0.066667 0.100000 0.133333 0.166667 0.200000 0.233333 0.266667 0.300000 0.333333 0.366667 0.400000 0.433333 0.466667 0.500000
0.533333 0.566667 0.600000 0.633333</float_array>
     <technique_common>
      <accessor source="#jnt_left_toebase-Matrix-animation-input-array" count="20">
       <param name="TIME" type="float"></param>
      </accessor>
     </technique_common>
    </source>
    <source id="jnt_left_toebase-Matrix-animation-output-transform">
     <float_array id="jnt_left_toebase-Matrix-animation-output-transform-array" count="320">

0.918936 -0.394408 0.000000 0.441847 0.394408 0.918936 -0.000000 0.000000 0.000000 0.000000 1.000000 -0.000000 0.000000 0.000000 0.000000 1.000000
0.918936 -0.394408 0.000000 0.441847 0.394408 0.918936 -0.000000 0.000000 0.000000 0.000000 1.000000 -0.000000 0.000000 0.000000 0.000000 1.000000
0.918936 -0.394408 0.000000 0.441847 0.394408 0.918936 -0.000000 0.000000 0.000000 0.000000 1.000000 -0.000000 0.000000 0.000000 0.000000 1.000000
0.918936 -0.394408 0.000000 0.441847 0.394408 0.918936 -0.000000 0.000000 0.000000 0.000000 1.000000 -0.000000 0.000000 0.000000 0.000000 1.000000
0.918936 -0.394408 0.000000 0.441847 0.394408 0.918936 -0.000000 0.000000 0.000000 0.000000 1.000000 -0.000000 0.000000 0.000000 0.000000 1.000000
0.918936 -0.394408 0.000000 0.441847 0.394408 0.918936 -0.000000 0.000000 0.000000 0.000000 1.000000 -0.000000 0.000000 0.000000 0.000000 1.000000
0.918936 -0.394408 0.000000 0.441847 0.394408 0.918936 -0.000000 0.000000 0.000000 0.000000 1.000000 -0.000000 0.000000 0.000000 0.000000 1.000000
0.918936 -0.394408 0.000000 0.441847 0.394408 0.918936 -0.000000 0.000000 0.000000 0.000000 1.000000 -0.000000 0.000000 0.000000 0.000000 1.000000
0.918936 -0.394408 0.000000 0.441847 0.394408 0.918936 -0.000000 0.000000 0.000000 0.000000 1.000000 -0.000000 0.000000 0.000000 0.000000 1.000000
0.918936 -0.394408 0.000000 0.441847 0.394408 0.918936 -0.000000 0.000000 0.000000 0.000000 1.000000 -0.000000 0.000000 0.000000 0.000000 1.000000
0.918936 -0.394408 0.000000 0.441847 0.394408 0.918936 -0.000000 0.000000 0.000000 0.000000 1.000000 -0.000000 0.000000 0.000000 0.000000 1.000000
0.918936 -0.394408 0.000000 0.441847 0.394408 0.918936 -0.000000 0.000000 0.000000 0.000000 1.000000 -0.000000 0.000000 0.000000 0.000000 1.000000
0.918936 -0.394408 0.000000 0.441847 0.394408 0.918936 -0.000000 0.000000 0.000000 0.000000 1.000000 -0.000000 0.000000 0.000000 0.000000 1.000000
0.918936 -0.394408 0.000000 0.441847 0.394408 0.918936 -0.000000 0.000000 0.000000 0.000000 1.000000 -0.000000 0.000000 0.000000 0.000000 1.000000
0.918936 -0.394408 0.000000 0.441847 0.394408 0.918936 -0.000000 0.000000 0.000000 0.000000 1.000000 -0.000000 0.000000 0.000000 0.000000 1.000000
0.918936 -0.394408 0.000000 0.441847 0.394408 0.918936 -0.000000 0.000000 0.000000 0.000000 1.000000 -0.000000 0.000000 0.000000 0.000000 1.000000
0.918936 -0.394408 0.000000 0.441847 0.394408 0.918936 -0.000000 0.000000 0.000000 0.000000 1.000000 -0.000000 0.000000 0.000000 0.000000 1.000000
0.918936 -0.394408 0.000000 0.441847 0.394408 0.918936 -0.000000 0.000000 0.000000 0.000000 1.000000 -0.000000 0.000000 0.000000 0.000000 1.000000
0.918936 -0.394408 0.000000 0.441847 0.394408 0.918936 -0.000000 0.000000 0.000000 0.000000 1.000000 -0.000000 0.000000 0.000000 0.000000 1.000000
0.918936 -0.394408 0.000000 0.441847 0.394408 0.918936 -0.000000 0.000000 0.000000 0.000000 1.000000 -0.000000 0.000000 0.000000 0.000000 1.000000</float_array>
     <technique_common>
      <accessor source="#jnt_left_toebase-Matrix-animation-output-transform-array" count="20" stride="16">
       <param type="float4x4"></param>
      </accessor>
     </technique_common>
    </source>
    <source id="jnt_left_toebase-Interpolations">
     <Name_array id="jnt_left_toebase-Interpolations-array" count="20">
 LINEAR LINEAR LINEAR LINEAR LINEAR LINEAR LINEAR LINEAR LINEAR LINEAR LINEAR
LINEAR LINEAR LINEAR LINEAR LINEAR LINEAR LINEAR LINEAR LINEAR</Name_array>
     <technique_common>
      <accessor source="#jnt_left_toebase-Interpolations-array" count="20">
       <param type="name"></param>
      </accessor>
     </technique_common>
    </source>
    <sampler id="jnt_left_toebase-Matrix-animation-transform">
     <input semantic="INPUT" source="#jnt_left_toebase-Matrix-animation-input"></input>
     <input semantic="OUTPUT" source="#jnt_left_toebase-Matrix-animation-output-transform"></input>
     <input semantic="INTERPOLATION" source="#jnt_left_toebase-Interpolations"></input>
    </sampler>
    <channel source="#jnt_left_toebase-Matrix-animation-transform" target="jnt_left_toebase/matrix"></channel>
   </animation>
  </animation>
  <animation id="jnt_left_toeend-anim" name="jnt_left_toeend">
   <animation>
    <source id="jnt_left_toeend-Matrix-animation-input">
     <float_array id="jnt_left_toeend-Matrix-animation-input-array" count="20">

0.000000 0.033333 0.066667 0.100000 0.133333 0.166667 0.200000 0.233333 0.266667 0.300000 0.333333 0.366667 0.400000 0.433333 0.466667 0.500000
0.533333 0.566667 0.600000 0.633333</float_array>
     <technique_common>
      <accessor source="#jnt_left_toeend-Matrix-animation-input-array" count="20">
       <param name="TIME" type="float"></param>
      </accessor>
     </technique_common>
    </source>
    <source id="jnt_left_toeend-Matrix-animation-output-transform">
     <float_array id="jnt_left_toeend-Matrix-animation-output-transform-array" count="320">

1.000000 -0.000001 -0.000000 0.379397 0.000001 1.000000 -0.000000 -0.000000 0.000000 0.000000 1.000000 -0.000000 0.000000 0.000000 0.000000 1.000000
1.000000 -0.000001 -0.000000 0.379397 0.000001 1.000000 -0.000000 -0.000000 0.000000 0.000000 1.000000 -0.000000 0.000000 0.000000 0.000000 1.000000
1.000000 -0.000001 -0.000000 0.379397 0.000001 1.000000 -0.000000 -0.000000 0.000000 0.000000 1.000000 -0.000000 0.000000 0.000000 0.000000 1.000000
1.000000 -0.000001 -0.000000 0.379397 0.000001 1.000000 -0.000000 -0.000000 0.000000 0.000000 1.000000 -0.000000 0.000000 0.000000 0.000000 1.000000
1.000000 -0.000001 -0.000000 0.379397 0.000001 1.000000 -0.000000 -0.000000 0.000000 0.000000 1.000000 -0.000000 0.000000 0.000000 0.000000 1.000000
1.000000 -0.000001 -0.000000 0.379397 0.000001 1.000000 -0.000000 -0.000000 0.000000 0.000000 1.000000 -0.000000 0.000000 0.000000 0.000000 1.000000
1.000000 -0.000001 -0.000000 0.379397 0.000001 1.000000 -0.000000 -0.000000 0.000000 0.000000 1.000000 -0.000000 0.000000 0.000000 0.000000 1.000000
1.000000 -0.000001 -0.000000 0.379397 0.000001 1.000000 -0.000000 -0.000000 0.000000 0.000000 1.000000 -0.000000 0.000000 0.000000 0.000000 1.000000
1.000000 -0.000001 -0.000000 0.379397 0.000001 1.000000 -0.000000 -0.000000 0.000000 0.000000 1.000000 -0.000000 0.000000 0.000000 0.000000 1.000000
1.000000 -0.000001 -0.000000 0.379397 0.000001 1.000000 -0.000000 -0.000000 0.000000 0.000000 1.000000 -0.000000 0.000000 0.000000 0.000000 1.000000
1.000000 -0.000001 -0.000000 0.379397 0.000001 1.000000 -0.000000 -0.000000 0.000000 0.000000 1.000000 -0.000000 0.000000 0.000000 0.000000 1.000000
1.000000 -0.000001 -0.000000 0.379397 0.000001 1.000000 -0.000000 -0.000000 0.000000 0.000000 1.000000 -0.000000 0.000000 0.000000 0.000000 1.000000
1.000000 -0.000001 -0.000000 0.379397 0.000001 1.000000 -0.000000 -0.000000 0.000000 0.000000 1.000000 -0.000000 0.000000 0.000000 0.000000 1.000000
1.000000 -0.000001 -0.000000 0.379397 0.000001 1.000000 -0.000000 -0.000000 0.000000 0.000000 1.000000 -0.000000 0.000000 0.000000 0.000000 1.000000
1.000000 -0.000001 -0.000000 0.379397 0.000001 1.000000 -0.000000 -0.000000 0.000000 0.000000 1.000000 -0.000000 0.000000 0.000000 0.000000 1.000000
1.000000 -0.000001 -0.000000 0.379397 0.000001 1.000000 -0.000000 -0.000000 0.000000 0.000000 1.000000 -0.000000 0.000000 0.000000 0.000000 1.000000
1.000000 -0.000001 -0.000000 0.379397 0.000001 1.000000 -0.000000 -0.000000 0.000000 0.000000 1.000000 -0.000000 0.000000 0.000000 0.000000 1.000000
1.000000 -0.000001 -0.000000 0.379397 0.000001 1.000000 -0.000000 -0.000000 0.000000 0.000000 1.000000 -0.000000 0.000000 0.000000 0.000000 1.000000
1.000000 -0.000001 -0.000000 0.379397 0.000001 1.000000 -0.000000 -0.000000 0.000000 0.000000 1.000000 -0.000000 0.000000 0.000000 0.000000 1.000000
1.000000 -0.000001 -0.000000 0.379397 0.000001 1.000000 -0.000000 -0.000000 0.000000 0.000000 1.000000 -0.000000 0.000000 0.000000 0.000000 1.000000</float_array>
     <technique_common>
      <accessor source="#jnt_left_toeend-Matrix-animation-output-transform-array" count="20" stride="16">
       <param type="float4x4"></param>
      </accessor>
     </technique_common>
    </source>
    <source id="jnt_left_toeend-Interpolations">
     <Name_array id="jnt_left_toeend-Interpolations-array" count="20">
 LINEAR LINEAR LINEAR LINEAR LINEAR LINEAR LINEAR LINEAR LINEAR LINEAR LINEAR
LINEAR LINEAR LINEAR LINEAR LINEAR LINEAR LINEAR LINEAR LINEAR</Name_array>
     <technique_common>
      <accessor source="#jnt_left_toeend-Interpolations-array" count="20">
       <param type="name"></param>
      </accessor>
     </technique_common>
    </source>
    <sampler id="jnt_left_toeend-Matrix-animation-transform">
     <input semantic="INPUT" source="#jnt_left_toeend-Matrix-animation-input"></input>
     <input semantic="OUTPUT" source="#jnt_left_toeend-Matrix-animation-output-transform"></input>
     <input semantic="INTERPOLATION" source="#jnt_left_toeend-Interpolations"></input>
    </sampler>
    <channel source="#jnt_left_toeend-Matrix-animation-transform" target="jnt_left_toeend/matrix"></channel>
   </animation>
  </animation>
 </library_animations>
 <library_visual_scenes>
  <visual_scene id="Scene" name="Scene">
   <node name="HIK_root_jnt" id="HIK_root_jnt" sid="HIK_root_jnt" type="JOINT">
    <matrix sid="matrix">1.000000 0.000000 0.000000 0.000000 0.000000 1.000000 -0.000000 0.000000 0.000000 0.000000 1.000000 0.000000 0.000000 0.000000 0.000000 1.000000</matrix>
    <extra>
     <technique profile="FCOLLADA">
      <visibility>1.000000</visibility>
     </technique>
    </extra>
   </node>
   <node name="root_jnt" id="root_jnt" sid="root_jnt" type="JOINT">
    <matrix sid="matrix">1.000000 0.000000 0.000000 0.000000 0.000000 1.000000 -0.000000 0.000000 0.000000 0.000000 1.000000 0.000000 0.000000 0.000000 0.000000 1.000000</matrix>
    <extra>
     <technique profile="FCOLLADA">
      <visibility>1.000000</visibility>
     </technique>
    </extra>
    <node name="jnt_hips" id="jnt_hips" sid="jnt_hips" type="JOINT">
     <matrix sid="matrix">1.000000 0.000000 0.000000 0.000000 -0.000000 0.999997 -0.002456 2.061423 -0.000000 0.002456 0.999997 -0.094053 0.000000 0.000000 0.000000 1.000000</matrix>
     <extra>
      <technique profile="FCOLLADA">
       <visibility>1.000000</visibility>
      </technique>
     </extra>
     <node name="jnt_height" id="jnt_height" sid="jnt_height" type="JOINT">
      <matrix sid="matrix">1.000000 0.000000 0.000000 -0.000000 -0.000000 0.999997 -0.002456 -0.000000 -0.000000 0.002456 0.999997 0.000000 0.000000 0.000000 0.000000 1.000000</matrix>
      <extra>
       <technique profile="FCOLLADA">
        <visibility>1.000000</visibility>
       </technique>
      </extra>
      <node name="jnt_spine1" id="jnt_spine1" sid="jnt_spine1" type="JOINT">
       <matrix sid="matrix">0.000000 0.000000 1.000000 0.000000 0.999914 -0.013155 -0.000000 0.212132 0.013155 0.999914 -0.000000 0.023482 0.000000 0.000000 0.000000 1.000000</matrix>
       <extra>
        <technique profile="FCOLLADA">
         <visibility>1.000000</visibility>
        </technique>
       </extra>
       <node name="jnt_spine2" id="jnt_spine2" sid="jnt_spine2" type="JOINT">
        <matrix sid="matrix">0.998580 0.053271 -0.000000 0.426848 -0.053271 0.998580 -0.000000 0.000003 0.000000 0.000000 1.000000 -0.000000 0.000000 0.000000 0.000000 1.000000</matrix>
        <extra>
         <technique profile="FCOLLADA">
          <visibility>1.000000</visibility>
         </technique>
        </extra>
        <node name="jnt_spine3" id="jnt_spine3" sid="jnt_spine3" type="JOINT">
         <matrix sid="matrix">0.997528 0.070262 -0.000000 0.555067 -0.070262 0.997528 -0.000000 0.000000 0.000000 0.000000 1.000000 -0.000000 0.000000 0.000000 0.000000 1.000000</matrix>
         <extra>
          <technique profile="FCOLLADA">
           <visibility>1.000000</visibility>
          </technique>
         </extra>
         <node name="jnt_neck" id="jnt_neck" sid="jnt_neck" type="JOINT">
          <matrix sid="matrix">0.999409 -0.034365 -0.000000 0.867450 0.034365 0.999409 -0.000000 0.171573 0.000000 0.000000 1.000000 -0.000000 0.000000 0.000000 0.000000 1.000000</matrix>
          <extra>
           <technique profile="FCOLLADA">
            <visibility>1.000000</visibility>
           </technique>
          </extra>
          <node name="jnt_head" id="jnt_head" sid="jnt_head" type="JOINT">
           <matrix sid="matrix">0.999537 -0.030417 -0.000001 0.273591 0.030417 0.999537 0.000000 0.000002 0.000001 -0.000000 1.000000 -0.000000 0.000000 0.000000 0.000000 1.000000</matrix>
           <extra>
            <technique profile="FCOLLADA">
             <visibility>1.000000</visibility>
            </technique>
           </extra>
           <node name="jnt_headappend" id="jnt_headappend" sid="jnt_headappend" type="JOINT">
            <matrix sid="matrix">1.000000 0.000000 -0.000000 0.000001 -0.000000 1.000000 0.000000 0.000000 0.000000 -0.000000 1.000000 -0.000000 0.000000 0.000000 0.000000 1.000000</matrix>
            <extra>
             <technique profile="FCOLLADA">
              <visibility>1.000000</visibility>
             </technique>
            </extra>
           </node>
          </node>
         </node>
         <node name="jnt_left_armroot" id="jnt_left_armroot" sid="jnt_left_armroot" type="JOINT">
          <matrix sid="matrix">0.999937 -0.010412 -0.004204 -0.840613 0.010594 0.998888 0.045934 0.332548 0.003721 -0.045975 0.998936 -0.593786 0.000000 0.000000 0.000000 1.000000</matrix>
          <extra>
           <technique profile="FCOLLADA">
            <visibility>1.000000</visibility>
           </technique>
          </extra>
          <node name="jnt_left_shoulder" id="jnt_left_shoulder" sid="jnt_left_shoulder" type="JOINT">
           <matrix sid="matrix">-0.019289 0.092831 -0.995495 0.635987 0.352002 -0.931301 -0.093665 0.114390 -0.935800 -0.352223 -0.014713 0.266187 0.000000 0.000000 0.000000 1.000000</matrix>
           <extra>
            <technique profile="FCOLLADA">
             <visibility>1.000000</visibility>
            </technique>
           </extra>
           <node name="jnt_left_arm" id="jnt_left_arm" sid="jnt_left_arm" type="JOINT">
            <matrix sid="matrix">0.339246 -0.328958 0.881305 -0.525417 0.890512 -0.189614 -0.413565 -0.032447 0.303153 0.925112 0.228615 0.009491 0.000000 0.000000 0.000000 1.000000</matrix>
            <extra>
             <technique profile="FCOLLADA">
              <visibility>1.000000</visibility>
             </technique>
            </extra>
            <node name="jnt_left_armroll" id="jnt_left_armroll" sid="jnt_left_armroll" type="JOINT">
             <matrix sid="matrix">1.000000 -0.000000 0.000000 -0.421995 0.000000 1.000000 0.000000 0.000002 -0.000000 -0.000000 1.000000 -0.000004 0.000000 0.000000 0.000000 1.000000</matrix>
             <extra>
              <technique profile="FCOLLADA">
               <visibility>1.000000</visibility>
              </technique>
             </extra>
            </node>
            <node name="jnt_left_forearm" id="jnt_left_forearm" sid="jnt_left_forearm" type="JOINT">
             <matrix sid="matrix">0.457081 0.430046 0.778548 -0.843981 0.329130 0.731418 -0.597244 0.000001 -0.826288 0.529231 0.192776 0.000003 0.000000 0.000000 0.000000 1.000000</matrix>
             <extra>
              <technique profile="FCOLLADA">
               <visibility>1.000000</visibility>
              </technique>
             </extra>
             <node name="jnt_left_forearmroll" id="jnt_left_forearmroll" sid="jnt_left_forearmroll" type="JOINT">
              <matrix sid="matrix">1.000000 0.000001 -0.000000 -0.487001 -0.000001 1.000000 -0.000000 -0.000001 0.000000 0.000000 1.000000 -0.000004 0.000000 0.000000 0.000000 1.000000</matrix>
              <extra>
               <technique profile="FCOLLADA">
                <visibility>1.000000</visibility>
               </technique>
              </extra>
             </node>
             <node name="jnt_left_hand" id="jnt_left_hand" sid="jnt_left_hand" type="JOINT">
              <matrix sid="matrix">0.844277 0.477502 0.243287 -0.975262 0.028940 0.412686 -0.910414 -0.000001 -0.535126 0.775680 0.334602 0.000000 0.000000 0.000000 0.000000 1.000000</matrix>
              <extra>
               <technique profile="FCOLLADA">
                <visibility>1.000000</visibility>
               </technique>
              </extra>
              <node name="jnt_left_handthumb1" id="jnt_left_handthumb1" sid="jnt_left_handthumb1" type="JOINT">
               <matrix sid="matrix">0.847246 -0.522545 -0.095504 -0.060229 0.457005 0.625381 0.632491 -0.203939 -0.270779 -0.579521 0.768657 0.155678 0.000000 0.000000 0.000000 1.000000</matrix>
               <extra>
                <technique profile="FCOLLADA">
                 <visibility>1.000000</visibility>
                </technique>
               </extra>
               <node name="jnt_left_handthumb2" id="jnt_left_handthumb2" sid="jnt_left_handthumb2" type="JOINT">
                <matrix sid="matrix">0.936673 0.350206 -0.000001 -0.213226 -0.350206 0.936673 -0.000003 -0.000002 -0.000001 0.000003 1.000000 0.000003 0.000000 0.000000 0.000000 1.000000</matrix>
                <extra>
                 <technique profile="FCOLLADA">
                  <visibility>1.000000</visibility>
                 </technique>
                </extra>
                <node name="jnt_left_handthumb3" id="jnt_left_handthumb3" sid="jnt_left_handthumb3" type="JOINT">
                 <matrix sid="matrix">0.957316 0.289044 -0.000001 -0.141879 -0.289044 0.957316 -0.000003 0.000003 0.000000 0.000003 1.000000 -0.000026 0.000000 0.000000 0.000000 1.000000</matrix>
                 <extra>
                  <technique profile="FCOLLADA">
                   <visibility>1.000000</visibility>
                  </technique>
                 </extra>
                 <node name="jnt_left_handthumb4" id="jnt_left_handthumb4" sid="jnt_left_handthumb4" type="JOINT">
                  <matrix sid="matrix">1.000000 -0.000000 0.000000 -0.122601 0.000000 1.000000 0.000000 -0.000005 -0.000000 -0.000000 1.000000 0.000005 0.000000 0.000000 0.000000 1.000000</matrix>
                  <extra>
                   <technique profile="FCOLLADA">
                    <visibility>1.000000</visibility>
                   </technique>
                  </extra>
                 </node>
                </node>
               </node>
              </node>
              <node name="jnt_left_handindex1" id="jnt_left_handindex1" sid="jnt_left_handindex1" type="JOINT">
               <matrix sid="matrix">0.803118 0.595024 -0.030790 -0.494376 -0.069847 0.042702 -0.996643 -0.203977 -0.591712 0.802573 0.075855 -0.029846 0.000000 0.000000 0.000000 1.000000</matrix>
               <extra>
                <technique profile="FCOLLADA">
                 <visibility>1.000000</visibility>
                </technique>
               </extra>
               <node name="jnt_left_handindex2" id="jnt_left_handindex2" sid="jnt_left_handindex2" type="JOINT">
                <matrix sid="matrix">0.977194 0.212348 -0.000000 -0.145431 -0.212348 0.977194 -0.000000 0.001124 0.000000 0.000000 1.000000 0.000040 0.000000 0.000000 0.000000 1.000000</matrix>
                <extra>
                 <technique profile="FCOLLADA">
                  <visibility>1.000000</visibility>
                 </technique>
                </extra>
                <node name="jnt_left_handindex3" id="jnt_left_handindex3" sid="jnt_left_handindex3" type="JOINT">
                 <matrix sid="matrix">0.999087 0.042728 -0.000000 -0.093752 -0.042728 0.999087 0.000001 0.000003 0.000000 -0.000001 1.000000 0.000000 0.000000 0.000000 0.000000 1.000000</matrix>
                 <extra>
                  <technique profile="FCOLLADA">
                   <visibility>1.000000</visibility>
                  </technique>
                 </extra>
                 <node name="jnt_left_handindex4" id="jnt_left_handindex4" sid="jnt_left_handindex4" type="JOINT">
                  <matrix sid="matrix">1.000000 0.000000 -0.000000 -0.107084 -0.000000 1.000000 -0.000000 0.000049 0.000000 0.000000 1.000000 -0.001504 0.000000 0.000000 0.000000 1.000000</matrix>
                  <extra>
                   <technique profile="FCOLLADA">
                    <visibility>1.000000</visibility>
                   </technique>
                  </extra>
                 </node>
                </node>
               </node>
              </node>
              <node name="jnt_left_weapon" id="jnt_left_weapon" sid="jnt_left_weapon" type="JOINT">
               <matrix sid="matrix">-0.068652 -0.108938 -0.991680 -0.369354 0.108715 -0.988918 0.101110 -0.054074 -0.991705 -0.100868 0.079734 0.296616 0.000000 0.000000 0.000000 1.000000</matrix>
               <extra>
                <technique profile="FCOLLADA">
                 <visibility>1.000000</visibility>
                </technique>
               </extra>
              </node>
              <node name="jnt_left_handmiddle1" id="jnt_left_handmiddle1" sid="jnt_left_handmiddle1" type="JOINT">
               <matrix sid="matrix">0.640058 0.767591 -0.033615 -0.489248 0.010231 -0.052262 -0.998581 -0.062067 -0.768259 0.638806 -0.041303 -0.036308 0.000000 0.000000 0.000000 1.000000</matrix>
               <extra>
                <technique profile="FCOLLADA">
                 <visibility>1.000000</visibility>
                </technique>
               </extra>
               <node name="jnt_left_handmiddle2" id="jnt_left_handmiddle2" sid="jnt_left_handmiddle2" type="JOINT">
                <matrix sid="matrix">0.910363 0.413810 -0.000000 -0.176688 -0.413810 0.910363 0.000000 0.000003 0.000000 -0.000000 1.000000 0.000000 0.000000 0.000000 0.000000 1.000000</matrix>
                <extra>
                 <technique profile="FCOLLADA">
                  <visibility>1.000000</visibility>
                 </technique>
                </extra>
                <node name="jnt_left_handmiddle3" id="jnt_left_handmiddle3" sid="jnt_left_handmiddle3" type="JOINT">
                 <matrix sid="matrix">0.978982 0.203949 0.000000 -0.108366 -0.203949 0.978982 0.000000 0.000002 -0.000000 -0.000000 1.000000 0.000000 0.000000 0.000000 0.000000 1.000000</matrix>
                 <extra>
                  <technique profile="FCOLLADA">
                   <visibility>1.000000</visibility>
                  </technique>
                 </extra>
                 <node name="jnt_left_handmiddle4" id="jnt_left_handmiddle4" sid="jnt_left_handmiddle4" type="JOINT">
                  <matrix sid="matrix">1.000000 -0.000000 0.000000 -0.119193 0.000000 1.000000 0.000000 -0.000106 -0.000000 -0.000000 1.000000 0.000005 0.000000 0.000000 0.000000 1.000000</matrix>
                  <extra>
                   <technique profile="FCOLLADA">
                    <visibility>1.000000</visibility>
                   </technique>
                  </extra>
                 </node>
                </node>
               </node>
              </node>
              <node name="jnt_left_handring1" id="jnt_left_handring1" sid="jnt_left_handring1" type="JOINT">
               <matrix sid="matrix">0.605660 0.778632 -0.164038 -0.469963 0.017593 -0.219202 -0.975521 0.076797 -0.795529 0.587948 -0.146460 -0.036647 0.000000 0.000000 0.000000 1.000000</matrix>
               <extra>
                <technique profile="FCOLLADA">
                 <visibility>1.000000</visibility>
                </technique>
               </extra>
               <node name="jnt_left_handring2" id="jnt_left_handring2" sid="jnt_left_handring2" type="JOINT">
                <matrix sid="matrix">0.881478 0.472226 0.000000 -0.184233 -0.472226 0.881477 -0.000001 -0.000001 -0.000001 0.000001 1.000000 -0.000000 0.000000 0.000000 0.000000 1.000000</matrix>
                <extra>
                 <technique profile="FCOLLADA">
                  <visibility>1.000000</visibility>
                 </technique>
                </extra>
                <node name="jnt_left_handring3" id="jnt_left_handring3" sid="jnt_left_handring3" type="JOINT">
                 <matrix sid="matrix">0.967951 0.251140 0.000000 -0.103958 -0.251140 0.967951 0.000001 0.000002 0.000000 -0.000001 1.000000 0.000000 0.000000 0.000000 0.000000 1.000000</matrix>
                 <extra>
                  <technique profile="FCOLLADA">
                   <visibility>1.000000</visibility>
                  </technique>
                 </extra>
                 <node name="jnt_left_handring4" id="jnt_left_handring4" sid="jnt_left_handring4" type="JOINT">
                  <matrix sid="matrix">1.000000 0.000000 0.000000 -0.120246 -0.000000 1.000000 -0.000000 -0.000105 -0.000000 0.000000 1.000000 0.000017 0.000000 0.000000 0.000000 1.000000</matrix>
                  <extra>
                   <technique profile="FCOLLADA">
                    <visibility>1.000000</visibility>
                   </technique>
                  </extra>
                 </node>
                </node>
               </node>
              </node>
              <node name="jnt_left_handpinky1" id="jnt_left_handpinky1" sid="jnt_left_handpinky1" type="JOINT">
               <matrix sid="matrix">0.536721 0.840265 -0.076716 -0.407613 0.103818 -0.155996 -0.982287 0.208155 -0.837348 0.519250 -0.170961 0.012223 0.000000 0.000000 0.000000 1.000000</matrix>
               <extra>
                <technique profile="FCOLLADA">
                 <visibility>1.000000</visibility>
                </technique>
               </extra>
               <node name="jnt_left_handpinky2" id="jnt_left_handpinky2" sid="jnt_left_handpinky2" type="JOINT">
                <matrix sid="matrix">0.822138 0.569288 0.000001 -0.148503 -0.569288 0.822138 -0.000000 0.000001 -0.000001 -0.000000 1.000000 -0.000001 0.000000 0.000000 0.000000 1.000000</matrix>
                <extra>
                 <technique profile="FCOLLADA">
                  <visibility>1.000000</visibility>
                 </technique>
                </extra>
                <node name="jnt_left_handpinky3" id="jnt_left_handpinky3" sid="jnt_left_handpinky3" type="JOINT">
                 <matrix sid="matrix">0.936795 0.349878 -0.000000 -0.075474 -0.349878 0.936795 -0.000001 0.000002 0.000000 0.000001 1.000000 0.000000 0.000000 0.000000 0.000000 1.000000</matrix>
                 <extra>
                  <technique profile="FCOLLADA">
                   <visibility>1.000000</visibility>
                  </technique>
                 </extra>
                 <node name="jnt_left_handpinky4" id="jnt_left_handpinky4" sid="jnt_left_handpinky4" type="JOINT">
                  <matrix sid="matrix">1.000000 0.000001 -0.000000 -0.101158 -0.000001 1.000000 0.000000 -0.000003 0.000000 -0.000000 1.000000 0.000000 0.000000 0.000000 0.000000 1.000000</matrix>
                  <extra>
                   <technique profile="FCOLLADA">
                    <visibility>1.000000</visibility>
                   </technique>
                  </extra>
                 </node>
                </node>
               </node>
              </node>
             </node>
            </node>
           </node>
          </node>
         </node>
         <node name="jnt_right_armroot" id="jnt_right_armroot" sid="jnt_right_armroot" type="JOINT">
          <matrix sid="matrix">1.000000 -0.000004 -0.000000 -1.159978 0.000004 1.000000 -0.000000 -0.738130 0.000000 0.000000 1.000000 0.820651 0.000000 0.000000 0.000000 1.000000</matrix>
          <extra>
           <technique profile="FCOLLADA">
            <visibility>1.000000</visibility>
           </technique>
          </extra>
          <node name="jnt_right_shoulder" id="jnt_right_shoulder" sid="jnt_right_shoulder" type="JOINT">
           <matrix sid="matrix">0.019288 -0.092831 0.995495 0.635987 -0.352003 0.931300 0.093665 0.114390 -0.935800 -0.352224 -0.014713 -0.266187 0.000000 0.000000 0.000000 1.000000</matrix>
           <extra>
            <technique profile="FCOLLADA">
             <visibility>1.000000</visibility>
            </technique>
           </extra>
           <node name="jnt_right_arm" id="jnt_right_arm" sid="jnt_right_arm" type="JOINT">
            <matrix sid="matrix">0.038075 -0.951511 0.305247 0.525417 -0.387332 -0.295641 -0.873253 0.032447 0.921154 -0.084983 -0.379808 -0.009491 0.000000 0.000000 0.000000 1.000000</matrix>
            <extra>
             <technique profile="FCOLLADA">
              <visibility>1.000000</visibility>
             </technique>
            </extra>
            <node name="jnt_right_armroll" id="jnt_right_armroll" sid="jnt_right_armroll" type="JOINT">
             <matrix sid="matrix">1.000000 0.000000 -0.000000 0.421995 -0.000000 1.000000 0.000000 -0.000002 0.000000 -0.000000 1.000000 0.000004 0.000000 0.000000 0.000000 1.000000</matrix>
             <extra>
              <technique profile="FCOLLADA">
               <visibility>1.000000</visibility>
              </technique>
             </extra>
            </node>
            <node name="jnt_right_forearm" id="jnt_right_forearm" sid="jnt_right_forearm" type="JOINT">
             <matrix sid="matrix">0.357903 0.568954 0.740403 0.843981 -0.213669 0.821790 -0.528211 -0.000002 -0.908983 0.030847 0.415689 -0.000003 0.000000 0.000000 0.000000 1.000000</matrix>
             <extra>
              <technique profile="FCOLLADA">
               <visibility>1.000000</visibility>
              </technique>
             </extra>
             <node name="jnt_right_forearmroll" id="jnt_right_forearmroll" sid="jnt_right_forearmroll" type="JOINT">
              <matrix sid="matrix">1.000000 0.000001 0.000000 0.487001 -0.000001 1.000000 -0.000000 -0.000000 -0.000000 0.000000 1.000000 0.000004 0.000000 0.000000 0.000000 1.000000</matrix>
              <extra>
               <technique profile="FCOLLADA">
                <visibility>1.000000</visibility>
               </technique>
              </extra>
             </node>
             <node name="jnt_right_hand" id="jnt_right_hand" sid="jnt_right_hand" type="JOINT">
              <matrix sid="matrix">0.633047 0.760121 0.146516 0.975261 -0.449441 0.514999 -0.729917 -0.000000 -0.630281 0.396222 0.667648 0.000002 0.000000 0.000000 0.000000 1.000000</matrix>
              <extra>
               <technique profile="FCOLLADA">
                <visibility>1.000000</visibility>
               </technique>
              </extra>
              <node name="jnt_right_handthumb1" id="jnt_right_handthumb1" sid="jnt_right_handthumb1" type="JOINT">
               <matrix sid="matrix">0.840651 -0.501489 0.204487 0.060226 0.200669 0.639129 0.742459 0.203939 -0.503029 -0.583115 0.637918 -0.155682 0.000000 0.000000 0.000000 1.000000</matrix>
               <extra>
                <technique profile="FCOLLADA">
                 <visibility>1.000000</visibility>
                </technique>
               </extra>
               <node name="jnt_right_handthumb2" id="jnt_right_handthumb2" sid="jnt_right_handthumb2" type="JOINT">
                <matrix sid="matrix">0.925479 0.378799 -0.000001 0.213224 -0.378799 0.925479 -0.000003 -0.000001 -0.000001 0.000003 1.000000 0.000000 0.000000 0.000000 0.000000 1.000000</matrix>
                <extra>
                 <technique profile="FCOLLADA">
                  <visibility>1.000000</visibility>
                 </technique>
                </extra>
                <node name="jnt_right_handthumb3" id="jnt_right_handthumb3" sid="jnt_right_handthumb3" type="JOINT">
                 <matrix sid="matrix">0.947989 0.318304 0.000001 0.141883 -0.318305 0.947988 0.000006 -0.000001 0.000001 -0.000006 1.000000 0.000023 0.000000 0.000000 0.000000 1.000000</matrix>
                 <extra>
                  <technique profile="FCOLLADA">
                   <visibility>1.000000</visibility>
                  </technique>
                 </extra>
                 <node name="jnt_right_handthumb4" id="jnt_right_handthumb4" sid="jnt_right_handthumb4" type="JOINT">
                  <matrix sid="matrix">1.000000 -0.000002 -0.000000 0.122606 0.000002 1.000000 -0.000000 0.000000 0.000000 0.000000 1.000000 0.000000 0.000000 0.000000 0.000000 1.000000</matrix>
                  <extra>
                   <technique profile="FCOLLADA">
                    <visibility>1.000000</visibility>
                   </technique>
                  </extra>
                 </node>
                </node>
               </node>
              </node>
              <node name="jnt_right_handindex1" id="jnt_right_handindex1" sid="jnt_right_handindex1" type="JOINT">
               <matrix sid="matrix">0.773118 0.581355 -0.253605 0.494373 -0.340123 0.042510 -0.939420 0.203978 -0.535356 0.812539 0.230597 0.029845 0.000000 0.000000 0.000000 1.000000</matrix>
               <extra>
                <technique profile="FCOLLADA">
                 <visibility>1.000000</visibility>
                </technique>
               </extra>
               <node name="jnt_right_handindex2" id="jnt_right_handindex2" sid="jnt_right_handindex2" type="JOINT">
                <matrix sid="matrix">0.980654 0.195750 -0.000000 0.145440 -0.195750 0.980654 -0.000000 -0.001121 0.000000 0.000000 1.000000 -0.000039 0.000000 0.000000 0.000000 1.000000</matrix>
                <extra>
                 <technique profile="FCOLLADA">
                  <visibility>1.000000</visibility>
                 </technique>
                </extra>
                <node name="jnt_right_handindex3" id="jnt_right_handindex3" sid="jnt_right_handindex3" type="JOINT">
                 <matrix sid="matrix">0.999666 0.025823 -0.000000 0.093746 -0.025823 0.999667 0.000000 0.000000 0.000000 -0.000000 1.000000 -0.000000 0.000000 0.000000 0.000000 1.000000</matrix>
                 <extra>
                  <technique profile="FCOLLADA">
                   <visibility>1.000000</visibility>
                  </technique>
                 </extra>
                 <node name="jnt_right_handindex4" id="jnt_right_handindex4" sid="jnt_right_handindex4" type="JOINT">
                  <matrix sid="matrix">1.000000 0.000000 -0.000000 0.107088 -0.000000 1.000000 -0.000000 -0.000052 0.000000 0.000000 1.000000 0.001503 0.000000 0.000000 0.000000 1.000000</matrix>
                  <extra>
                   <technique profile="FCOLLADA">
                    <visibility>1.000000</visibility>
                   </technique>
                  </extra>
                 </node>
                </node>
               </node>
              </node>
              <node name="jnt_right_weapon" id="jnt_right_weapon" sid="jnt_right_weapon" type="JOINT">
               <matrix sid="matrix">-0.236786 -0.111367 0.965158 0.408330 0.102326 0.985025 0.138763 0.002724 -0.966158 0.131617 -0.221844 -0.174393 0.000000 0.000000 0.000000 1.000000</matrix>
               <extra>
                <technique profile="FCOLLADA">
                 <visibility>1.000000</visibility>
                </technique>
               </extra>
              </node>
              <node name="jnt_right_handmiddle1" id="jnt_right_handmiddle1" sid="jnt_right_handmiddle1" type="JOINT">
               <matrix sid="matrix">0.368560 0.925868 -0.083257 0.489245 -0.066291 -0.063157 -0.995800 0.062066 -0.927237 0.372531 0.038099 0.036303 0.000000 0.000000 0.000000 1.000000</matrix>
               <extra>
                <technique profile="FCOLLADA">
                 <visibility>1.000000</visibility>
                </technique>
               </extra>
               <node name="jnt_right_handmiddle2" id="jnt_right_handmiddle2" sid="jnt_right_handmiddle2" type="JOINT">
                <matrix sid="matrix">0.739923 0.672691 -0.000000 0.176685 -0.672692 0.739923 -0.000000 0.000001 0.000000 0.000000 1.000000 0.000001 0.000000 0.000000 0.000000 1.000000</matrix>
                <extra>
                 <technique profile="FCOLLADA">
                  <visibility>1.000000</visibility>
                 </technique>
                </extra>
                <node name="jnt_right_handmiddle3" id="jnt_right_handmiddle3" sid="jnt_right_handmiddle3" type="JOINT">
                 <matrix sid="matrix">0.869501 0.493932 -0.000000 0.108374 -0.493932 0.869501 0.000000 0.000000 0.000000 -0.000000 1.000000 0.000000 0.000000 0.000000 0.000000 1.000000</matrix>
                 <extra>
                  <technique profile="FCOLLADA">
                   <visibility>1.000000</visibility>
                  </technique>
                 </extra>
                 <node name="jnt_right_handmiddle4" id="jnt_right_handmiddle4" sid="jnt_right_handmiddle4" type="JOINT">
                  <matrix sid="matrix">1.000000 0.000000 0.000000 0.119191 -0.000000 1.000000 -0.000000 0.000105 -0.000000 0.000000 1.000000 -0.000005 0.000000 0.000000 0.000000 1.000000</matrix>
                  <extra>
                   <technique profile="FCOLLADA">
                    <visibility>1.000000</visibility>
                   </technique>
                  </extra>
                 </node>
                </node>
               </node>
              </node>
              <node name="jnt_right_handring1" id="jnt_right_handring1" sid="jnt_right_handring1" type="JOINT">
               <matrix sid="matrix">0.355831 0.903712 -0.238097 0.469962 -0.059672 -0.232281 -0.970817 -0.076798 -0.932644 0.359654 -0.028727 0.036646 0.000000 0.000000 0.000000 1.000000</matrix>
               <extra>
                <technique profile="FCOLLADA">
                 <visibility>1.000000</visibility>
                </technique>
               </extra>
               <node name="jnt_right_handring2" id="jnt_right_handring2" sid="jnt_right_handring2" type="JOINT">
                <matrix sid="matrix">0.729500 0.683981 -0.000001 0.184241 -0.683981 0.729500 -0.000001 0.000000 -0.000000 0.000001 1.000000 0.000000 0.000000 0.000000 0.000000 1.000000</matrix>
                <extra>
                 <technique profile="FCOLLADA">
                  <visibility>1.000000</visibility>
                 </technique>
                </extra>
                <node name="jnt_right_handring3" id="jnt_right_handring3" sid="jnt_right_handring3" type="JOINT">
                 <matrix sid="matrix">0.870175 0.492743 0.000000 0.103951 -0.492743 0.870175 0.000001 0.000001 0.000000 -0.000001 1.000000 -0.000000 0.000000 0.000000 0.000000 1.000000</matrix>
                 <extra>
                  <technique profile="FCOLLADA">
                   <visibility>1.000000</visibility>
                  </technique>
                 </extra>
                 <node name="jnt_right_handring4" id="jnt_right_handring4" sid="jnt_right_handring4" type="JOINT">
                  <matrix sid="matrix">1.000000 -0.000000 -0.000000 0.120247 0.000000 1.000000 0.000000 0.000103 0.000000 -0.000000 1.000000 -0.000016 0.000000 0.000000 0.000000 1.000000</matrix>
                  <extra>
                   <technique profile="FCOLLADA">
                    <visibility>1.000000</visibility>
                   </technique>
                  </extra>
                 </node>
                </node>
               </node>
              </node>
              <node name="jnt_right_handpinky1" id="jnt_right_handpinky1" sid="jnt_right_handpinky1" type="JOINT">
               <matrix sid="matrix">0.385619 0.904001 -0.184610 0.407609 -0.085970 -0.164011 -0.982705 -0.208155 -0.918644 0.394821 0.014471 -0.012229 0.000000 0.000000 0.000000 1.000000</matrix>
               <extra>
                <technique profile="FCOLLADA">
                 <visibility>1.000000</visibility>
                </technique>
               </extra>
               <node name="jnt_right_handpinky2" id="jnt_right_handpinky2" sid="jnt_right_handpinky2" type="JOINT">
                <matrix sid="matrix">0.734578 0.678524 -0.000001 0.148507 -0.678524 0.734578 -0.000001 0.000001 -0.000000 0.000001 1.000000 -0.000000 0.000000 0.000000 0.000000 1.000000</matrix>
                <extra>
                 <technique profile="FCOLLADA">
                  <visibility>1.000000</visibility>
                 </technique>
                </extra>
                <node name="jnt_right_handpinky3" id="jnt_right_handpinky3" sid="jnt_right_handpinky3" type="JOINT">
                 <matrix sid="matrix">0.878731 0.477317 -0.000000 0.075471 -0.477317 0.878731 0.000002 -0.000001 0.000001 -0.000001 1.000000 -0.000000 0.000000 0.000000 0.000000 1.000000</matrix>
                 <extra>
                  <technique profile="FCOLLADA">
                   <visibility>1.000000</visibility>
                  </technique>
                 </extra>
                 <node name="jnt_right_handpinky4" id="jnt_right_handpinky4" sid="jnt_right_handpinky4" type="JOINT">
                  <matrix sid="matrix">1.000000 -0.000000 0.000000 0.101152 0.000000 1.000000 -0.000000 0.000000 -0.000000 0.000000 1.000000 -0.000000 0.000000 0.000000 0.000000 1.000000</matrix>
                  <extra>
                   <technique profile="FCOLLADA">
                    <visibility>1.000000</visibility>
                   </technique>
                  </extra>
                 </node>
                </node>
               </node>
              </node>
             </node>
            </node>
           </node>
          </node>
         </node>
         <node name="jnt_backpack" id="jnt_backpack" sid="jnt_backpack" type="JOINT">
          <matrix sid="matrix">0.000000 0.995068 -0.099191 0.682545 -0.000000 0.099191 0.995068 -0.705658 1.000000 -0.000000 0.000000 -0.000000 0.000000 0.000000 0.000000 1.000000</matrix>
          <extra>
           <technique profile="FCOLLADA">
            <visibility>1.000000</visibility>
           </technique>
          </extra>
         </node>
        </node>
       </node>
      </node>
      <node name="jnt_camera" id="jnt_camera" sid="jnt_camera" type="JOINT">
       <matrix sid="matrix">1.000000 -0.000000 -0.000000 0.000000 0.000000 0.999988 0.004912 1.193611 0.000000 -0.004912 0.999988 0.007402 0.000000 0.000000 0.000000 1.000000</matrix>
       <extra>
        <technique profile="FCOLLADA">
         <visibility>1.000000</visibility>
        </technique>
       </extra>
      </node>
     </node>
     <node name="jnt_right_upleg" id="jnt_right_upleg" sid="jnt_right_upleg" type="JOINT">
      <matrix sid="matrix">-0.112562 -0.332887 -0.936224 -0.446779 -0.993503 0.053585 0.100396 -0.111214 0.016747 0.941443 -0.336756 0.043020 0.000000 0.000000 0.000000 1.000000</matrix>
      <extra>
       <technique profile="FCOLLADA">
        <visibility>1.000000</visibility>
       </technique>
      </extra>
      <node name="jnt_right_uplegroll" id="jnt_right_uplegroll" sid="jnt_right_uplegroll" type="JOINT">
       <matrix sid="matrix">1.000000 -0.000000 0.000000 0.430000 0.000000 1.000000 0.000000 0.000000 -0.000000 -0.000000 1.000000 -0.000000 0.000000 0.000000 0.000000 1.000000</matrix>
       <extra>
        <technique profile="FCOLLADA">
         <visibility>1.000000</visibility>
        </technique>
       </extra>
      </node>
      <node name="jnt_right_leg" id="jnt_right_leg" sid="jnt_right_leg" type="JOINT">
       <matrix sid="matrix">0.968055 0.250270 -0.015278 0.860324 -0.240256 0.943300 0.229042 0.000000 0.071735 -0.218055 0.973296 -0.000000 0.000000 0.000000 0.000000 1.000000</matrix>
       <extra>
        <technique profile="FCOLLADA">
         <visibility>1.000000</visibility>
        </technique>
       </extra>
       <node name="jnt_right_legroll" id="jnt_right_legroll" sid="jnt_right_legroll" type="JOINT">
        <matrix sid="matrix">1.000000 0.000000 0.000000 0.384000 -0.000000 1.000000 0.000000 -0.000000 -0.000000 -0.000000 1.000000 0.000000 0.000000 0.000000 0.000000 1.000000</matrix>
        <extra>
         <technique profile="FCOLLADA">
          <visibility>1.000000</visibility>
         </technique>
        </extra>
       </node>
       <node name="jnt_right_foot" id="jnt_right_foot" sid="jnt_right_foot" type="JOINT">
        <matrix sid="matrix">0.278762 -0.954826 0.102953 0.768144 0.945566 0.291630 0.144415 -0.000001 -0.167916 0.057091 0.984147 0.000000 0.000000 0.000000 0.000000 1.000000</matrix>
        <extra>
         <technique profile="FCOLLADA">
          <visibility>1.000000</visibility>
         </technique>
        </extra>
        <node name="jnt_right_toebase" id="jnt_right_toebase" sid="jnt_right_toebase" type="JOINT">
         <matrix sid="matrix">0.918936 -0.394407 -0.000000 0.441847 0.394407 0.918936 0.000000 -0.000000 0.000000 -0.000000 1.000000 0.000000 0.000000 0.000000 0.000000 1.000000</matrix>
         <extra>
          <technique profile="FCOLLADA">
           <visibility>1.000000</visibility>
          </technique>
         </extra>
         <node name="jnt_right_toeend" id="jnt_right_toeend" sid="jnt_right_toeend" type="JOINT">
          <matrix sid="matrix">1.000000 -0.000001 -0.000000 0.379397 0.000001 1.000000 -0.000000 0.000000 0.000000 0.000000 1.000000 0.000000 0.000000 0.000000 0.000000 1.000000</matrix>
          <extra>
           <technique profile="FCOLLADA">
            <visibility>1.000000</visibility>
           </technique>
          </extra>
         </node>
        </node>
       </node>
      </node>
     </node>
     <node name="jnt_left_upleg" id="jnt_left_upleg" sid="jnt_left_upleg" type="JOINT">
      <matrix sid="matrix">0.112561 0.332886 -0.936224 0.446779 -0.993504 0.053590 -0.100393 -0.111213 0.016753 0.941443 0.336756 0.043020 0.000000 0.000000 0.000000 1.000000</matrix>
      <extra>
       <technique profile="FCOLLADA">
        <visibility>1.000000</visibility>
       </technique>
      </extra>
      <node name="jnt_left_uplegroll" id="jnt_left_uplegroll" sid="jnt_left_uplegroll" type="JOINT">
       <matrix sid="matrix">1.000000 -0.000000 -0.000000 0.430000 0.000000 1.000000 -0.000000 -0.000000 0.000000 0.000000 1.000000 0.000000 0.000000 0.000000 0.000000 1.000000</matrix>
       <extra>
        <technique profile="FCOLLADA">
         <visibility>1.000000</visibility>
        </technique>
       </extra>
      </node>
      <node name="jnt_left_leg" id="jnt_left_leg" sid="jnt_left_leg" type="JOINT">
       <matrix sid="matrix">0.968052 0.250284 0.015281 0.860328 -0.240268 0.943298 -0.229044 -0.000000 -0.071741 0.218054 0.973296 0.000001 0.000000 0.000000 0.000000 1.000000</matrix>
       <extra>
        <technique profile="FCOLLADA">
         <visibility>1.000000</visibility>
        </technique>
       </extra>
       <node name="jnt_left_legroll" id="jnt_left_legroll" sid="jnt_left_legroll" type="JOINT">
        <matrix sid="matrix">1.000000 -0.000000 -0.000000 0.384000 0.000000 1.000000 -0.000000 0.000000 0.000000 0.000000 1.000000 0.000000 0.000000 0.000000 0.000000 1.000000</matrix>
        <extra>
         <technique profile="FCOLLADA">
          <visibility>1.000000</visibility>
         </technique>
        </extra>
       </node>
       <node name="jnt_left_foot" id="jnt_left_foot" sid="jnt_left_foot" type="JOINT">
        <matrix sid="matrix">0.278754 -0.954828 -0.102953 0.768142 0.945569 0.291623 -0.144416 0.000000 0.167916 -0.057093 0.984147 -0.000001 0.000000 0.000000 0.000000 1.000000</matrix>
        <extra>
         <technique profile="FCOLLADA">
          <visibility>1.000000</visibility>
         </technique>
        </extra>
        <node name="jnt_left_toebase" id="jnt_left_toebase" sid="jnt_left_toebase" type="JOINT">
         <matrix sid="matrix">0.918936 -0.394408 0.000000 0.441847 0.394408 0.918936 -0.000000 0.000000 0.000000 0.000000 1.000000 -0.000000 0.000000 0.000000 0.000000 1.000000</matrix>
         <extra>
          <technique profile="FCOLLADA">
           <visibility>1.000000</visibility>
          </technique>
         </extra>
         <node name="jnt_left_toeend" id="jnt_left_toeend" sid="jnt_left_toeend" type="JOINT">
          <matrix sid="matrix">1.000000 -0.000001 -0.000000 0.379397 0.000001 1.000000 -0.000000 -0.000000 0.000000 0.000000 1.000000 -0.000000 0.000000 0.000000 0.000000 1.000000</matrix>
          <extra>
           <technique profile="FCOLLADA">
            <visibility>1.000000</visibility>
           </technique>
          </extra>
         </node>
        </node>
       </node>
      </node>
     </node>
    </node>
   </node>
   <extra>
    <technique profile="MAX3D">
     <frame_rate>60.000000</frame_rate>
    </technique>
    <technique profile="FCOLLADA">
     <start_time>0.000000</start_time>
     <end_time>1.000000</end_time>
    </technique>
   </extra>
  </visual_scene>
 </library_visual_scenes>
 <scene>
  <instance_visual_scene url="#Scene"></instance_visual_scene>
 </scene>
</COLLADA>
