<?xml version="1.0"?>
<COLLADA xmlns="http://www.collada.org/2005/11/COLLADASchema" version="1.4.1">
 <asset>
  <contributor>
   <author></author>
   <authoring_tool>FBX COLLADA exporter</authoring_tool>
   <comments></comments>
  </contributor>
  <created>2026-09-12T01:02:36Z</created>
  <keywords></keywords>
  <modified>2026-09-12T01:02:36Z</modified>
  <revision></revision>
  <subject></subject>
  <title></title>
  <unit meter="0.010000" name="centimeter"></unit>
  <up_axis>Y_UP</up_axis>
 </asset>
 <library_animations>
  <animation id="Character-anim" name="Character">
   <animation>
    <source id="Character-Matrix-animation-input">
     <float_array id="Character-Matrix-animation-input-array" count="23">

0.000000 0.033333 0.066667 0.100000 0.133333 0.166667 0.200000 0.233333 0.266667 0.300000 0.333333 0.366667 0.400000 0.433333 0.466667 0.500000
0.533333 0.566667 0.600000 0.633333 0.666667 0.700000 0.733333</float_array>
     <technique_common>
      <accessor source="#Character-Matrix-animation-input-array" count="23">
       <param name="TIME" type="float"></param>
      </accessor>
     </technique_common>
    </source>
    <source id="Character-Matrix-animation-output-transform">
     <float_array id="Character-Matrix-animation-output-transform-array" count="368">

1.000000 0.000000 0.000000 0.000000 0.000000 1.000000 -0.000000 0.000000 0.000000 0.000000 1.000000 0.000000 0.000000 0.000000 0.000000 1.000000
1.000000 0.000000 0.000000 0.000000 0.000000 1.000000 -0.000000 0.000000 0.000000 0.000000 1.000000 0.000000 0.000000 0.000000 0.000000 1.000000
1.000000 0.000000 0.000000 0.000000 0.000000 1.000000 -0.000000 0.000000 0.000000 0.000000 1.000000 0.000000 0.000000 0.000000 0.000000 1.000000
1.000000 0.000000 0.000000 0.000000 0.000000 1.000000 -0.000000 0.000000 0.000000 0.000000 1.000000 0.000000 0.000000 0.000000 0.000000 1.000000
1.000000 0.000000 0.000000 0.000000 0.000000 1.000000 -0.000000 0.000000 0.000000 0.000000 1.000000 0.000000 0.000000 0.000000 0.000000 1.000000
1.000000 0.000000 0.000000 0.000000 0.000000 1.000000 -0.000000 0.000000 0.000000 0.000000 1.000000 0.000000 0.000000 0.000000 0.000000 1.000000
1.000000 0.000000 0.000000 0.000000 0.000000 1.000000 -0.000000 0.000000 0.000000 0.000000 1.000000 0.000000 0.000000 0.000000 0.000000 1.000000
1.000000 0.000000 0.000000 0.000000 0.000000 1.000000 -0.000000 0.000000 0.000000 0.000000 1.000000 0.000000 0.000000 0.000000 0.000000 1.000000
1.000000 0.000000 0.000000 0.000000 0.000000 1.000000 -0.000000 0.000000 0.000000 0.000000 1.000000 0.000000 0.000000 0.000000 0.000000 1.000000
1.000000 0.000000 0.000000 0.000000 0.000000 1.000000 -0.000000 0.000000 0.000000 0.000000 1.000000 0.000000 0.000000 0.000000 0.000000 1.000000
1.000000 0.000000 0.000000 0.000000 0.000000 1.000000 -0.000000 0.000000 0.000000 0.000000 1.000000 0.000000 0.000000 0.000000 0.000000 1.000000
1.000000 0.000000 0.000000 0.000000 0.000000 1.000000 -0.000000 0.000000 0.000000 0.000000 1.000000 0.000000 0.000000 0.000000 0.000000 1.000000
1.000000 0.000000 0.000000 0.000000 0.000000 1.000000 -0.000000 0.000000 0.000000 0.000000 1.000000 0.000000 0.000000 0.000000 0.000000 1.000000
1.000000 0.000000 0.000000 0.000000 0.000000 1.000000 -0.000000 0.000000 0.000000 0.000000 1.000000 0.000000 0.000000 0.000000 0.000000 1.000000
1.000000 0.000000 0.000000 0.000000 0.000000 1.000000 -0.000000 0.000000 0.000000 0.000000 1.000000 0.000000 0.000000 0.000000 0.000000 1.000000
1.000000 0.000000 0.000000 0.000000 0.000000 1.000000 -0.000000 0.000000 0.000000 0.000000 1.000000 0.000000 0.000000 0.000000 0.000000 1.000000
1.000000 0.000000 0.000000 0.000000 0.000000 1.000000 -0.000000 0.000000 0.000000 0.000000 1.000000 0.000000 0.000000 0.000000 0.000000 1.000000
1.000000 0.000000 0.000000 0.000000 0.000000 1.000000 -0.000000 0.000000 0.000000 0.000000 1.000000 0.000000 0.000000 0.000000 0.000000 1.000000
1.000000 0.000000 0.000000 0.000000 0.000000 1.000000 -0.000000 0.000000 0.000000 0.000000 1.000000 0.000000 0.000000 0.000000 0.000000 1.000000
1.000000 0.000000 0.000000 0.000000 0.000000 1.000000 -0.000000 0.000000 0.000000 0.000000 1.000000 0.000000 0.000000 0.000000 0.000000 1.000000
1.000000 0.000000 0.000000 0.000000 0.000000 1.000000 -0.000000 0.000000 0.000000 0.000000 1.000000 0.000000 0.000000 0.000000 0.000000 1.000000
1.000000 0.000000 0.000000 0.000000 0.000000 1.000000 -0.000000 0.000000 0.000000 0.000000 1.000000 0.000000 0.000000 0.000000 0.000000 1.000000
1.000000 0.000000 0.000000 0.000000 0.000000 1.000000 -0.000000 0.000000 0.000000 0.000000 1.000000 0.000000 0.000000 0.000000 0.000000 1.000000</float_array>
     <technique_common>
      <accessor source="#Character-Matrix-animation-output-transform-array" count="23" stride="16">
       <param type="float4x4"></param>
      </accessor>
     </technique_common>
    </source>
    <source id="Character-Interpolations">
     <Name_array id="Character-Interpolations-array" count="23">
 LINEAR LINEAR LINEAR LINEAR LINEAR LINEAR LINEAR LINEAR LINEAR LINEAR LINEAR
LINEAR LINEAR LINEAR LINEAR LINEAR LINEAR LINEAR LINEAR LINEAR LINEAR LINEAR LINEAR</Name_array>
     <technique_common>
      <accessor source="#Character-Interpolations-array" count="23">
       <param type="name"></param>
      </accessor>
     </technique_common>
    </source>
    <sampler id="Character-Matrix-animation-transform">
     <input semantic="INPUT" source="#Character-Matrix-animation-input"></input>
     <input semantic="OUTPUT" source="#Character-Matrix-animation-output-transform"></input>
     <input semantic="INTERPOLATION" source="#Character-Interpolations"></input>
    </sampler>
    <channel source="#Character-Matrix-animation-transform" target="Character/matrix"></channel>
   </animation>
  </animation>
  <animation id="HIK_root_jnt-anim" name="HIK_root_jnt">
   <animation>
    <source id="HIK_root_jnt-Matrix-animation-input">
     <float_array id="HIK_root_jnt-Matrix-animation-input-array" count="23">

0.000000 0.033333 0.066667 0.100000 0.133333 0.166667 0.200000 0.233333 0.266667 0.300000 0.333333 0.366667 0.400000 0.433333 0.466667 0.500000
0.533333 0.566667 0.600000 0.633333 0.666667 0.700000 0.733333</float_array>
     <technique_common>
      <accessor source="#HIK_root_jnt-Matrix-animation-input-array" count="23">
       <param name="TIME" type="float"></param>
      </accessor>
     </technique_common>
    </source>
    <source id="HIK_root_jnt-Matrix-animation-output-transform">
     <float_array id="HIK_root_jnt-Matrix-animation-output-transform-array" count="368">

1.000000 0.000000 0.000000 0.000000 0.000000 1.000000 -0.000000 0.000000 0.000000 0.000000 1.000000 0.000000 0.000000 0.000000 0.000000 1.000000
1.000000 0.000000 0.000000 0.000000 0.000000 1.000000 -0.000000 0.000000 0.000000 0.000000 1.000000 0.000000 0.000000 0.000000 0.000000 1.000000
1.000000 0.000000 0.000000 0.000000 0.000000 1.000000 -0.000000 0.000000 0.000000 0.000000 1.000000 0.000000 0.000000 0.000000 0.000000 1.000000
1.000000 0.000000 0.000000 0.000000 0.000000 1.000000 -0.000000 0.000000 0.000000 0.000000 1.000000 0.000000 0.000000 0.000000 0.000000 1.000000
1.000000 0.000000 0.000000 0.000000 0.000000 1.000000 -0.000000 0.000000 0.000000 0.000000 1.000000 0.000000 0.000000 0.000000 0.000000 1.000000
1.000000 0.000000 0.000000 0.000000 0.000000 1.000000 -0.000000 0.000000 0.000000 0.000000 1.000000 0.000000 0.000000 0.000000 0.000000 1.000000
1.000000 0.000000 0.000000 0.000000 0.000000 1.000000 -0.000000 0.000000 0.000000 0.000000 1.000000 0.000000 0.000000 0.000000 0.000000 1.000000
1.000000 0.000000 0.000000 0.000000 0.000000 1.000000 -0.000000 0.000000 0.000000 0.000000 1.000000 0.000000 0.000000 0.000000 0.000000 1.000000
1.000000 0.000000 0.000000 0.000000 0.000000 1.000000 -0.000000 0.000000 0.000000 0.000000 1.000000 0.000000 0.000000 0.000000 0.000000 1.000000
1.000000 0.000000 0.000000 0.000000 0.000000 1.000000 -0.000000 0.000000 0.000000 0.000000 1.000000 0.000000 0.000000 0.000000 0.000000 1.000000
1.000000 0.000000 0.000000 0.000000 0.000000 1.000000 -0.000000 0.000000 0.000000 0.000000 1.000000 0.000000 0.000000 0.000000 0.000000 1.000000
1.000000 0.000000 0.000000 0.000000 0.000000 1.000000 -0.000000 0.000000 0.000000 0.000000 1.000000 0.000000 0.000000 0.000000 0.000000 1.000000
1.000000 0.000000 0.000000 0.000000 0.000000 1.000000 -0.000000 0.000000 0.000000 0.000000 1.000000 0.000000 0.000000 0.000000 0.000000 1.000000
1.000000 0.000000 0.000000 0.000000 0.000000 1.000000 -0.000000 0.000000 0.000000 0.000000 1.000000 0.000000 0.000000 0.000000 0.000000 1.000000
1.000000 0.000000 0.000000 0.000000 0.000000 1.000000 -0.000000 0.000000 0.000000 0.000000 1.000000 0.000000 0.000000 0.000000 0.000000 1.000000
1.000000 0.000000 0.000000 0.000000 0.000000 1.000000 -0.000000 0.000000 0.000000 0.000000 1.000000 0.000000 0.000000 0.000000 0.000000 1.000000
1.000000 0.000000 0.000000 0.000000 0.000000 1.000000 -0.000000 0.000000 0.000000 0.000000 1.000000 0.000000 0.000000 0.000000 0.000000 1.000000
1.000000 0.000000 0.000000 0.000000 0.000000 1.000000 -0.000000 0.000000 0.000000 0.000000 1.000000 0.000000 0.000000 0.000000 0.000000 1.000000
1.000000 0.000000 0.000000 0.000000 0.000000 1.000000 -0.000000 0.000000 0.000000 0.000000 1.000000 0.000000 0.000000 0.000000 0.000000 1.000000
1.000000 0.000000 0.000000 0.000000 0.000000 1.000000 -0.000000 0.000000 0.000000 0.000000 1.000000 0.000000 0.000000 0.000000 0.000000 1.000000
1.000000 0.000000 0.000000 0.000000 0.000000 1.000000 -0.000000 0.000000 0.000000 0.000000 1.000000 0.000000 0.000000 0.000000 0.000000 1.000000
1.000000 0.000000 0.000000 0.000000 0.000000 1.000000 -0.000000 0.000000 0.000000 0.000000 1.000000 0.000000 0.000000 0.000000 0.000000 1.000000
1.000000 0.000000 0.000000 0.000000 0.000000 1.000000 -0.000000 0.000000 0.000000 0.000000 1.000000 0.000000 0.000000 0.000000 0.000000 1.000000</float_array>
     <technique_common>
      <accessor source="#HIK_root_jnt-Matrix-animation-output-transform-array" count="23" stride="16">
       <param type="float4x4"></param>
      </accessor>
     </technique_common>
    </source>
    <source id="HIK_root_jnt-Interpolations">
     <Name_array id="HIK_root_jnt-Interpolations-array" count="23">
 LINEAR LINEAR LINEAR LINEAR LINEAR LINEAR LINEAR LINEAR LINEAR LINEAR LINEAR
LINEAR LINEAR LINEAR LINEAR LINEAR LINEAR LINEAR LINEAR LINEAR LINEAR LINEAR LINEAR</Name_array>
     <technique_common>
      <accessor source="#HIK_root_jnt-Interpolations-array" count="23">
       <param type="name"></param>
      </accessor>
     </technique_common>
    </source>
    <sampler id="HIK_root_jnt-Matrix-animation-transform">
     <input semantic="INPUT" source="#HIK_root_jnt-Matrix-animation-input"></input>
     <input semantic="OUTPUT" source="#HIK_root_jnt-Matrix-animation-output-transform"></input>
     <input semantic="INTERPOLATION" source="#HIK_root_jnt-Interpolations"></input>
    </sampler>
    <channel source="#HIK_root_jnt-Matrix-animation-transform" target="HIK_root_jnt/matrix"></channel>
   </animation>
  </animation>
  <animation id="root_jnt-anim" name="root_jnt">
   <animation>
    <source id="root_jnt-Matrix-animation-input">
     <float_array id="root_jnt-Matrix-animation-input-array" count="23">

0.000000 0.033333 0.066667 0.100000 0.133333 0.166667 0.200000 0.233333 0.266667 0.300000 0.333333 0.366667 0.400000 0.433333 0.466667 0.500000
0.533333 0.566667 0.600000 0.633333 0.666667 0.700000 0.733333</float_array>
     <technique_common>
      <accessor source="#root_jnt-Matrix-animation-input-array" count="23">
       <param name="TIME" type="float"></param>
      </accessor>
     </technique_common>
    </source>
    <source id="root_jnt-Matrix-animation-output-transform">
     <float_array id="root_jnt-Matrix-animation-output-transform-array" count="368">

1.000000 0.000000 0.000000 0.000000 0.000000 1.000000 -0.000000 0.000000 0.000000 0.000000 1.000000 0.000000 0.000000 0.000000 0.000000 1.000000
1.000000 0.000000 0.000000 0.000000 0.000000 1.000000 -0.000000 0.000000 0.000000 0.000000 1.000000 0.000000 0.000000 0.000000 0.000000 1.000000
1.000000 0.000000 0.000000 0.000000 0.000000 1.000000 -0.000000 0.000000 0.000000 0.000000 1.000000 0.000000 0.000000 0.000000 0.000000 1.000000
1.000000 0.000000 0.000000 0.000000 0.000000 1.000000 -0.000000 0.000000 0.000000 0.000000 1.000000 0.000000 0.000000 0.000000 0.000000 1.000000
1.000000 0.000000 0.000000 0.000000 0.000000 1.000000 -0.000000 0.000000 0.000000 0.000000 1.000000 0.000000 0.000000 0.000000 0.000000 1.000000
1.000000 0.000000 0.000000 0.000000 0.000000 1.000000 -0.000000 0.000000 0.000000 0.000000 1.000000 0.000000 0.000000 0.000000 0.000000 1.000000
1.000000 0.000000 0.000000 0.000000 0.000000 1.000000 -0.000000 0.000000 0.000000 0.000000 1.000000 0.000000 0.000000 0.000000 0.000000 1.000000
1.000000 0.000000 0.000000 0.000000 0.000000 1.000000 -0.000000 0.000000 0.000000 0.000000 1.000000 0.000000 0.000000 0.000000 0.000000 1.000000
1.000000 0.000000 0.000000 0.000000 0.000000 1.000000 -0.000000 0.000000 0.000000 0.000000 1.000000 0.000000 0.000000 0.000000 0.000000 1.000000
1.000000 0.000000 0.000000 0.000000 0.000000 1.000000 -0.000000 0.000000 0.000000 0.000000 1.000000 0.000000 0.000000 0.000000 0.000000 1.000000
1.000000 0.000000 0.000000 0.000000 0.000000 1.000000 -0.000000 0.000000 0.000000 0.000000 1.000000 0.000000 0.000000 0.000000 0.000000 1.000000
1.000000 0.000000 0.000000 0.000000 0.000000 1.000000 -0.000000 0.000000 0.000000 0.000000 1.000000 0.000000 0.000000 0.000000 0.000000 1.000000
1.000000 0.000000 0.000000 0.000000 0.000000 1.000000 -0.000000 0.000000 0.000000 0.000000 1.000000 0.000000 0.000000 0.000000 0.000000 1.000000
1.000000 0.000000 0.000000 0.000000 0.000000 1.000000 -0.000000 0.000000 0.000000 0.000000 1.000000 0.000000 0.000000 0.000000 0.000000 1.000000
1.000000 0.000000 0.000000 0.000000 0.000000 1.000000 -0.000000 0.000000 0.000000 0.000000 1.000000 0.000000 0.000000 0.000000 0.000000 1.000000
1.000000 0.000000 0.000000 0.000000 0.000000 1.000000 -0.000000 0.000000 0.000000 0.000000 1.000000 0.000000 0.000000 0.000000 0.000000 1.000000
1.000000 0.000000 0.000000 0.000000 0.000000 1.000000 -0.000000 0.000000 0.000000 0.000000 1.000000 0.000000 0.000000 0.000000 0.000000 1.000000
1.000000 0.000000 0.000000 0.000000 0.000000 1.000000 -0.000000 0.000000 0.000000 0.000000 1.000000 0.000000 0.000000 0.000000 0.000000 1.000000
1.000000 0.000000 0.000000 0.000000 0.000000 1.000000 -0.000000 0.000000 0.000000 0.000000 1.000000 0.000000 0.000000 0.000000 0.000000 1.000000
1.000000 0.000000 0.000000 0.000000 0.000000 1.000000 -0.000000 0.000000 0.000000 0.000000 1.000000 0.000000 0.000000 0.000000 0.000000 1.000000
1.000000 0.000000 0.000000 0.000000 0.000000 1.000000 -0.000000 0.000000 0.000000 0.000000 1.000000 0.000000 0.000000 0.000000 0.000000 1.000000
1.000000 0.000000 0.000000 0.000000 0.000000 1.000000 -0.000000 0.000000 0.000000 0.000000 1.000000 0.000000 0.000000 0.000000 0.000000 1.000000
1.000000 0.000000 0.000000 0.000000 0.000000 1.000000 -0.000000 0.000000 0.000000 0.000000 1.000000 0.000000 0.000000 0.000000 0.000000 1.000000</float_array>
     <technique_common>
      <accessor source="#root_jnt-Matrix-animation-output-transform-array" count="23" stride="16">
       <param type="float4x4"></param>
      </accessor>
     </technique_common>
    </source>
    <source id="root_jnt-Interpolations">
     <Name_array id="root_jnt-Interpolations-array" count="23">
 LINEAR LINEAR LINEAR LINEAR LINEAR LINEAR LINEAR LINEAR LINEAR LINEAR LINEAR
LINEAR LINEAR LINEAR LINEAR LINEAR LINEAR LINEAR LINEAR LINEAR LINEAR LINEAR LINEAR</Name_array>
     <technique_common>
      <accessor source="#root_jnt-Interpolations-array" count="23">
       <param type="name"></param>
      </accessor>
     </technique_common>
    </source>
    <sampler id="root_jnt-Matrix-animation-transform">
     <input semantic="INPUT" source="#root_jnt-Matrix-animation-input"></input>
     <input semantic="OUTPUT" source="#root_jnt-Matrix-animation-output-transform"></input>
     <input semantic="INTERPOLATION" source="#root_jnt-Interpolations"></input>
    </sampler>
    <channel source="#root_jnt-Matrix-animation-transform" target="root_jnt/matrix"></channel>
   </animation>
  </animation>
  <animation id="jnt_hips-anim" name="jnt_hips">
   <animation>
    <source id="jnt_hips-Matrix-animation-input">
     <float_array id="jnt_hips-Matrix-animation-input-array" count="23">

0.000000 0.033333 0.066667 0.100000 0.133333 0.166667 0.200000 0.233333 0.266667 0.300000 0.333333 0.366667 0.400000 0.433333 0.466667 0.500000
0.533333 0.566667 0.600000 0.633333 0.666667 0.700000 0.733333</float_array>
     <technique_common>
      <accessor source="#jnt_hips-Matrix-animation-input-array" count="23">
       <param name="TIME" type="float"></param>
      </accessor>
     </technique_common>
    </source>
    <source id="jnt_hips-Matrix-animation-output-transform">
     <float_array id="jnt_hips-Matrix-animation-output-transform-array" count="368">

1.000000 0.000000 0.000000 0.000000 -0.000000 0.999997 -0.002456 2.061423 -0.000000 0.002456 0.999997 -0.094053 0.000000 0.000000 0.000000 1.000000
1.000000 0.000000 0.000000 0.000000 -0.000000 0.999997 -0.002456 2.061423 -0.000000 0.002456 0.999997 -0.094053 0.000000 0.000000 0.000000 1.000000
1.000000 0.000000 0.000000 0.000000 -0.000000 0.999997 -0.002456 2.061423 -0.000000 0.002456 0.999997 -0.094053 0.000000 0.000000 0.000000 1.000000
1.000000 0.000000 0.000000 0.000000 -0.000000 0.999997 -0.002456 2.061423 -0.000000 0.002456 0.999997 -0.094053 0.000000 0.000000 0.000000 1.000000
1.000000 0.000000 0.000000 0.000000 -0.000000 0.999997 -0.002456 2.061423 -0.000000 0.002456 0.999997 -0.094053 0.000000 0.000000 0.000000 1.000000
1.000000 0.000000 0.000000 0.000000 -0.000000 0.999997 -0.002456 2.061423 -0.000000 0.002456 0.999997 -0.094053 0.000000 0.000000 0.000000 1.000000
1.000000 0.000000 0.000000 0.000000 -0.000000 0.999997 -0.002456 2.061423 -0.000000 0.002456 0.999997 -0.094053 0.000000 0.000000 0.000000 1.000000
1.000000 0.000000 0.000000 0.000000 -0.000000 0.999997 -0.002456 2.061423 -0.000000 0.002456 0.999997 -0.094053 0.000000 0.000000 0.000000 1.000000
1.000000 0.000000 0.000000 0.000000 -0.000000 0.999997 -0.002456 2.061423 -0.000000 0.002456 0.999997 -0.094053 0.000000 0.000000 0.000000 1.000000
1.000000 0.000000 0.000000 0.000000 -0.000000 0.999997 -0.002456 2.061423 -0.000000 0.002456 0.999997 -0.094053 0.000000 0.000000 0.000000 1.000000
1.000000 0.000000 0.000000 0.000000 -0.000000 0.999997 -0.002456 2.061423 -0.000000 0.002456 0.999997 -0.094053 0.000000 0.000000 0.000000 1.000000
1.000000 0.000000 0.000000 0.000000 -0.000000 0.999997 -0.002456 2.061423 -0.000000 0.002456 0.999997 -0.094053 0.000000 0.000000 0.000000 1.000000
1.000000 0.000000 0.000000 0.000000 -0.000000 0.999997 -0.002456 2.061423 -0.000000 0.002456 0.999997 -0.094053 0.000000 0.000000 0.000000 1.000000
1.000000 0.000000 0.000000 0.000000 -0.000000 0.999997 -0.002456 2.061423 -0.000000 0.002456 0.999997 -0.094053 0.000000 0.000000 0.000000 1.000000
1.000000 0.000000 0.000000 0.000000 -0.000000 0.999997 -0.002456 2.061423 -0.000000 0.002456 0.999997 -0.094053 0.000000 0.000000 0.000000 1.000000
1.000000 0.000000 0.000000 0.000000 -0.000000 0.999997 -0.002456 2.061423 -0.000000 0.002456 0.999997 -0.094053 0.000000 0.000000 0.000000 1.000000
1.000000 0.000000 0.000000 0.000000 -0.000000 0.999997 -0.002456 2.061423 -0.000000 0.002456 0.999997 -0.094053 0.000000 0.000000 0.000000 1.000000
1.000000 0.000000 0.000000 0.000000 -0.000000 0.999997 -0.002456 2.061423 -0.000000 0.002456 0.999997 -0.094053 0.000000 0.000000 0.000000 1.000000
1.000000 0.000000 0.000000 0.000000 -0.000000 0.999997 -0.002456 2.061423 -0.000000 0.002456 0.999997 -0.094053 0.000000 0.000000 0.000000 1.000000
1.000000 0.000000 0.000000 0.000000 -0.000000 0.999997 -0.002456 2.061423 -0.000000 0.002456 0.999997 -0.094053 0.000000 0.000000 0.000000 1.000000
1.000000 0.000000 0.000000 0.000000 -0.000000 0.999997 -0.002456 2.061423 -0.000000 0.002456 0.999997 -0.094053 0.000000 0.000000 0.000000 1.000000
1.000000 0.000000 0.000000 0.000000 -0.000000 0.999997 -0.002456 2.061423 -0.000000 0.002456 0.999997 -0.094053 0.000000 0.000000 0.000000 1.000000
1.000000 0.000000 0.000000 0.000000 -0.000000 0.999997 -0.002456 2.061423 -0.000000 0.002456 0.999997 -0.094053 0.000000 0.000000 0.000000 1.000000</float_array>
     <technique_common>
      <accessor source="#jnt_hips-Matrix-animation-output-transform-array" count="23" stride="16">
       <param type="float4x4"></param>
      </accessor>
     </technique_common>
    </source>
    <source id="jnt_hips-Interpolations">
     <Name_array id="jnt_hips-Interpolations-array" count="23">
 LINEAR LINEAR LINEAR LINEAR LINEAR LINEAR LINEAR LINEAR LINEAR LINEAR LINEAR
LINEAR LINEAR LINEAR LINEAR LINEAR LINEAR LINEAR LINEAR LINEAR LINEAR LINEAR LINEAR</Name_array>
     <technique_common>
      <accessor source="#jnt_hips-Interpolations-array" count="23">
       <param type="name"></param>
      </accessor>
     </technique_common>
    </source>
    <sampler id="jnt_hips-Matrix-animation-transform">
     <input semantic="INPUT" source="#jnt_hips-Matrix-animation-input"></input>
     <input semantic="OUTPUT" source="#jnt_hips-Matrix-animation-output-transform"></input>
     <input semantic="INTERPOLATION" source="#jnt_hips-Interpolations"></input>
    </sampler>
    <channel source="#jnt_hips-Matrix-animation-transform" target="jnt_hips/matrix"></channel>
   </animation>
  </animation>
  <animation id="jnt_height-anim" name="jnt_height">
   <animation>
    <source id="jnt_height-Matrix-animation-input">
     <float_array id="jnt_height-Matrix-animation-input-array" count="23">

0.000000 0.033333 0.066667 0.100000 0.133333 0.166667 0.200000 0.233333 0.266667 0.300000 0.333333 0.366667 0.400000 0.433333 0.466667 0.500000
0.533333 0.566667 0.600000 0.633333 0.666667 0.700000 0.733333</float_array>
     <technique_common>
      <accessor source="#jnt_height-Matrix-animation-input-array" count="23">
       <param name="TIME" type="float"></param>
      </accessor>
     </technique_common>
    </source>
    <source id="jnt_height-Matrix-animation-output-transform">
     <float_array id="jnt_height-Matrix-animation-output-transform-array" count="368">

1.000000 0.000000 0.000000 -0.000000 -0.000000 0.999997 -0.002456 -0.000000 -0.000000 0.002456 0.999997 0.000000 0.000000 0.000000 0.000000 1.000000
1.000000 0.000000 0.000000 -0.000000 -0.000000 0.999997 -0.002456 -0.000000 -0.000000 0.002456 0.999997 0.000000 0.000000 0.000000 0.000000 1.000000
1.000000 0.000000 0.000000 -0.000000 -0.000000 0.999997 -0.002456 -0.000000 -0.000000 0.002456 0.999997 0.000000 0.000000 0.000000 0.000000 1.000000
1.000000 0.000000 0.000000 -0.000000 -0.000000 0.999997 -0.002456 -0.000000 -0.000000 0.002456 0.999997 0.000000 0.000000 0.000000 0.000000 1.000000
1.000000 0.000000 0.000000 -0.000000 -0.000000 0.999997 -0.002456 -0.000000 -0.000000 0.002456 0.999997 0.000000 0.000000 0.000000 0.000000 1.000000
1.000000 0.000000 0.000000 -0.000000 -0.000000 0.999997 -0.002456 -0.000000 -0.000000 0.002456 0.999997 0.000000 0.000000 0.000000 0.000000 1.000000
1.000000 0.000000 0.000000 -0.000000 -0.000000 0.999997 -0.002456 -0.000000 -0.000000 0.002456 0.999997 0.000000 0.000000 0.000000 0.000000 1.000000
1.000000 0.000000 0.000000 -0.000000 -0.000000 0.999997 -0.002456 -0.000000 -0.000000 0.002456 0.999997 0.000000 0.000000 0.000000 0.000000 1.000000
1.000000 0.000000 0.000000 -0.000000 -0.000000 0.999997 -0.002456 -0.000000 -0.000000 0.002456 0.999997 0.000000 0.000000 0.000000 0.000000 1.000000
1.000000 0.000000 0.000000 -0.000000 -0.000000 0.999997 -0.002456 -0.000000 -0.000000 0.002456 0.999997 0.000000 0.000000 0.000000 0.000000 1.000000
1.000000 0.000000 0.000000 -0.000000 -0.000000 0.999997 -0.002456 -0.000000 -0.000000 0.002456 0.999997 0.000000 0.000000 0.000000 0.000000 1.000000
1.000000 0.000000 0.000000 -0.000000 -0.000000 0.999997 -0.002456 -0.000000 -0.000000 0.002456 0.999997 0.000000 0.000000 0.000000 0.000000 1.000000
1.000000 0.000000 0.000000 -0.000000 -0.000000 0.999997 -0.002456 -0.000000 -0.000000 0.002456 0.999997 0.000000 0.000000 0.000000 0.000000 1.000000
1.000000 0.000000 0.000000 -0.000000 -0.000000 0.999997 -0.002456 -0.000000 -0.000000 0.002456 0.999997 0.000000 0.000000 0.000000 0.000000 1.000000
1.000000 0.000000 0.000000 -0.000000 -0.000000 0.999997 -0.002456 -0.000000 -0.000000 0.002456 0.999997 0.000000 0.000000 0.000000 0.000000 1.000000
1.000000 0.000000 0.000000 -0.000000 -0.000000 0.999997 -0.002456 -0.000000 -0.000000 0.002456 0.999997 0.000000 0.000000 0.000000 0.000000 1.000000
1.000000 0.000000 0.000000 -0.000000 -0.000000 0.999997 -0.002456 -0.000000 -0.000000 0.002456 0.999997 0.000000 0.000000 0.000000 0.000000 1.000000
1.000000 0.000000 0.000000 -0.000000 -0.000000 0.999997 -0.002456 -0.000000 -0.000000 0.002456 0.999997 0.000000 0.000000 0.000000 0.000000 1.000000
1.000000 0.000000 0.000000 -0.000000 -0.000000 0.999997 -0.002456 -0.000000 -0.000000 0.002456 0.999997 0.000000 0.000000 0.000000 0.000000 1.000000
1.000000 0.000000 0.000000 -0.000000 -0.000000 0.999997 -0.002456 -0.000000 -0.000000 0.002456 0.999997 0.000000 0.000000 0.000000 0.000000 1.000000
1.000000 0.000000 0.000000 -0.000000 -0.000000 0.999997 -0.002456 -0.000000 -0.000000 0.002456 0.999997 0.000000 0.000000 0.000000 0.000000 1.000000
1.000000 0.000000 0.000000 -0.000000 -0.000000 0.999997 -0.002456 -0.000000 -0.000000 0.002456 0.999997 0.000000 0.000000 0.000000 0.000000 1.000000
1.000000 0.000000 0.000000 -0.000000 -0.000000 0.999997 -0.002456 -0.000000 -0.000000 0.002456 0.999997 0.000000 0.000000 0.000000 0.000000 1.000000</float_array>
     <technique_common>
      <accessor source="#jnt_height-Matrix-animation-output-transform-array" count="23" stride="16">
       <param type="float4x4"></param>
      </accessor>
     </technique_common>
    </source>
    <source id="jnt_height-Interpolations">
     <Name_array id="jnt_height-Interpolations-array" count="23">
 LINEAR LINEAR LINEAR LINEAR LINEAR LINEAR LINEAR LINEAR LINEAR LINEAR LINEAR
LINEAR LINEAR LINEAR LINEAR LINEAR LINEAR LINEAR LINEAR LINEAR LINEAR LINEAR LINEAR</Name_array>
     <technique_common>
      <accessor source="#jnt_height-Interpolations-array" count="23">
       <param type="name"></param>
      </accessor>
     </technique_common>
    </source>
    <sampler id="jnt_height-Matrix-animation-transform">
     <input semantic="INPUT" source="#jnt_height-Matrix-animation-input"></input>
     <input semantic="OUTPUT" source="#jnt_height-Matrix-animation-output-transform"></input>
     <input semantic="INTERPOLATION" source="#jnt_height-Interpolations"></input>
    </sampler>
    <channel source="#jnt_height-Matrix-animation-transform" target="jnt_height/matrix"></channel>
   </animation>
  </animation>
  <animation id="jnt_spine1-anim" name="jnt_spine1">
   <animation>
    <source id="jnt_spine1-Matrix-animation-input">
     <float_array id="jnt_spine1-Matrix-animation-input-array" count="23">

0.000000 0.033333 0.066667 0.100000 0.133333 0.166667 0.200000 0.233333 0.266667 0.300000 0.333333 0.366667 0.400000 0.433333 0.466667 0.500000
0.533333 0.566667 0.600000 0.633333 0.666667 0.700000 0.733333</float_array>
     <technique_common>
      <accessor source="#jnt_spine1-Matrix-animation-input-array" count="23">
       <param name="TIME" type="float"></param>
      </accessor>
     </technique_common>
    </source>
    <source id="jnt_spine1-Matrix-animation-output-transform">
     <float_array id="jnt_spine1-Matrix-animation-output-transform-array" count="368">

0.000000 0.000000 1.000000 0.000000 0.999914 -0.013155 -0.000000 0.212132 0.013155 0.999914 -0.000000 0.023482 0.000000 0.000000 0.000000 1.000000
0.000000 0.000000 1.000000 0.000000 0.999914 -0.013155 -0.000000 0.212132 0.013155 0.999914 -0.000000 0.023482 0.000000 0.000000 0.000000 1.000000
0.000000 0.000000 1.000000 0.000000 0.999914 -0.013155 -0.000000 0.212132 0.013155 0.999914 -0.000000 0.023482 0.000000 0.000000 0.000000 1.000000
0.000000 0.000000 1.000000 0.000000 0.999914 -0.013155 -0.000000 0.212132 0.013155 0.999914 -0.000000 0.023482 0.000000 0.000000 0.000000 1.000000
0.000000 0.000000 1.000000 0.000000 0.999914 -0.013155 -0.000000 0.212132 0.013155 0.999914 -0.000000 0.023482 0.000000 0.000000 0.000000 1.000000
0.000000 0.000000 1.000000 0.000000 0.999914 -0.013155 -0.000000 0.212132 0.013155 0.999914 -0.000000 0.023482 0.000000 0.000000 0.000000 1.000000
0.000000 0.000000 1.000000 0.000000 0.999914 -0.013155 -0.000000 0.212132 0.013155 0.999914 -0.000000 0.023482 0.000000 0.000000 0.000000 1.000000
0.000000 0.000000 1.000000 0.000000 0.999914 -0.013155 -0.000000 0.212132 0.013155 0.999914 -0.000000 0.023482 0.000000 0.000000 0.000000 1.000000
0.000000 0.000000 1.000000 0.000000 0.999914 -0.013155 -0.000000 0.212132 0.013155 0.999914 -0.000000 0.023482 0.000000 0.000000 0.000000 1.000000
0.000000 0.000000 1.000000 0.000000 0.999914 -0.013155 -0.000000 0.212132 0.013155 0.999914 -0.000000 0.023482 0.000000 0.000000 0.000000 1.000000
0.000000 0.000000 1.000000 0.000000 0.999914 -0.013155 -0.000000 0.212132 0.013155 0.999914 -0.000000 0.023482 0.000000 0.000000 0.000000 1.000000
0.000000 0.000000 1.000000 0.000000 0.999914 -0.013155 -0.000000 0.212132 0.013155 0.999914 -0.000000 0.023482 0.000000 0.000000 0.000000 1.000000
0.000000 0.000000 1.000000 0.000000 0.999914 -0.013155 -0.000000 0.212132 0.013155 0.999914 -0.000000 0.023482 0.000000 0.000000 0.000000 1.000000
0.000000 0.000000 1.000000 0.000000 0.999914 -0.013155 -0.000000 0.212132 0.013155 0.999914 -0.000000 0.023482 0.000000 0.000000 0.000000 1.000000
0.000000 0.000000 1.000000 0.000000 0.999914 -0.013155 -0.000000 0.212132 0.013155 0.999914 -0.000000 0.023482 0.000000 0.000000 0.000000 1.000000
0.000000 0.000000 1.000000 0.000000 0.999914 -0.013155 -0.000000 0.212132 0.013155 0.999914 -0.000000 0.023482 0.000000 0.000000 0.000000 1.000000
0.000000 0.000000 1.000000 0.000000 0.999914 -0.013155 -0.000000 0.212132 0.013155 0.999914 -0.000000 0.023482 0.000000 0.000000 0.000000 1.000000
0.000000 0.000000 1.000000 0.000000 0.999914 -0.013155 -0.000000 0.212132 0.013155 0.999914 -0.000000 0.023482 0.000000 0.000000 0.000000 1.000000
0.000000 0.000000 1.000000 0.000000 0.999914 -0.013155 -0.000000 0.212132 0.013155 0.999914 -0.000000 0.023482 0.000000 0.000000 0.000000 1.000000
0.000000 0.000000 1.000000 0.000000 0.999914 -0.013155 -0.000000 0.212132 0.013155 0.999914 -0.000000 0.023482 0.000000 0.000000 0.000000 1.000000
0.000000 0.000000 1.000000 0.000000 0.999914 -0.013155 -0.000000 0.212132 0.013155 0.999914 -0.000000 0.023482 0.000000 0.000000 0.000000 1.000000
0.000000 0.000000 1.000000 0.000000 0.999914 -0.013155 -0.000000 0.212132 0.013155 0.999914 -0.000000 0.023482 0.000000 0.000000 0.000000 1.000000
0.000000 0.000000 1.000000 0.000000 0.999914 -0.013155 -0.000000 0.212132 0.013155 0.999914 -0.000000 0.023482 0.000000 0.000000 0.000000 1.000000</float_array>
     <technique_common>
      <accessor source="#jnt_spine1-Matrix-animation-output-transform-array" count="23" stride="16">
       <param type="float4x4"></param>
      </accessor>
     </technique_common>
    </source>
    <source id="jnt_spine1-Interpolations">
     <Name_array id="jnt_spine1-Interpolations-array" count="23">
 LINEAR LINEAR LINEAR LINEAR LINEAR LINEAR LINEAR LINEAR LINEAR LINEAR LINEAR
LINEAR LINEAR LINEAR LINEAR LINEAR LINEAR LINEAR LINEAR LINEAR LINEAR LINEAR LINEAR</Name_array>
     <technique_common>
      <accessor source="#jnt_spine1-Interpolations-array" count="23">
       <param type="name"></param>
      </accessor>
     </technique_common>
    </source>
    <sampler id="jnt_spine1-Matrix-animation-transform">
     <input semantic="INPUT" source="#jnt_spine1-Matrix-animation-input"></input>
     <input semantic="OUTPUT" source="#jnt_spine1-Matrix-animation-output-transform"></input>
     <input semantic="INTERPOLATION" source="#jnt_spine1-Interpolations"></input>
    </sampler>
    <channel source="#jnt_spine1-Matrix-animation-transform" target="jnt_spine1/matrix"></channel>
   </animation>
  </animation>
  <animation id="jnt_spine2-anim" name="jnt_spine2">
   <animation>
    <source id="jnt_spine2-Matrix-animation-input">
     <float_array id="jnt_spine2-Matrix-animation-input-array" count="23">

0.000000 0.033333 0.066667 0.100000 0.133333 0.166667 0.200000 0.233333 0.266667 0.300000 0.333333 0.366667 0.400000 0.433333 0.466667 0.500000
0.533333 0.566667 0.600000 0.633333 0.666667 0.700000 0.733333</float_array>
     <technique_common>
      <accessor source="#jnt_spine2-Matrix-animation-input-array" count="23">
       <param name="TIME" type="float"></param>
      </accessor>
     </technique_common>
    </source>
    <source id="jnt_spine2-Matrix-animation-output-transform">
     <float_array id="jnt_spine2-Matrix-animation-output-transform-array" count="368">

0.998580 0.053271 -0.000000 0.426848 -0.053271 0.998580 -0.000000 0.000003 0.000000 0.000000 1.000000 -0.000000 0.000000 0.000000 0.000000 1.000000
0.998580 0.053271 -0.000000 0.426848 -0.053271 0.998580 -0.000000 0.000003 0.000000 0.000000 1.000000 -0.000000 0.000000 0.000000 0.000000 1.000000
0.998580 0.053271 -0.000000 0.426848 -0.053271 0.998580 -0.000000 0.000003 0.000000 0.000000 1.000000 -0.000000 0.000000 0.000000 0.000000 1.000000
0.998580 0.053271 -0.000000 0.426848 -0.053271 0.998580 -0.000000 0.000003 0.000000 0.000000 1.000000 -0.000000 0.000000 0.000000 0.000000 1.000000
0.998580 0.053271 -0.000000 0.426848 -0.053271 0.998580 -0.000000 0.000003 0.000000 0.000000 1.000000 -0.000000 0.000000 0.000000 0.000000 1.000000
0.998580 0.053271 -0.000000 0.426848 -0.053271 0.998580 -0.000000 0.000003 0.000000 0.000000 1.000000 -0.000000 0.000000 0.000000 0.000000 1.000000
0.998580 0.053271 -0.000000 0.426848 -0.053271 0.998580 -0.000000 0.000003 0.000000 0.000000 1.000000 -0.000000 0.000000 0.000000 0.000000 1.000000
0.998580 0.053271 -0.000000 0.426848 -0.053271 0.998580 -0.000000 0.000003 0.000000 0.000000 1.000000 -0.000000 0.000000 0.000000 0.000000 1.000000
0.998580 0.053271 -0.000000 0.426848 -0.053271 0.998580 -0.000000 0.000003 0.000000 0.000000 1.000000 -0.000000 0.000000 0.000000 0.000000 1.000000
0.998580 0.053271 -0.000000 0.426848 -0.053271 0.998580 -0.000000 0.000003 0.000000 0.000000 1.000000 -0.000000 0.000000 0.000000 0.000000 1.000000
0.998580 0.053271 -0.000000 0.426848 -0.053271 0.998580 -0.000000 0.000003 0.000000 0.000000 1.000000 -0.000000 0.000000 0.000000 0.000000 1.000000
0.998580 0.053271 -0.000000 0.426848 -0.053271 0.998580 -0.000000 0.000003 0.000000 0.000000 1.000000 -0.000000 0.000000 0.000000 0.000000 1.000000
0.998580 0.053271 -0.000000 0.426848 -0.053271 0.998580 -0.000000 0.000003 0.000000 0.000000 1.000000 -0.000000 0.000000 0.000000 0.000000 1.000000
0.998580 0.053271 -0.000000 0.426848 -0.053271 0.998580 -0.000000 0.000003 0.000000 0.000000 1.000000 -0.000000 0.000000 0.000000 0.000000 1.000000
0.998580 0.053271 -0.000000 0.426848 -0.053271 0.998580 -0.000000 0.000003 0.000000 0.000000 1.000000 -0.000000 0.000000 0.000000 0.000000 1.000000
0.998580 0.053271 -0.000000 0.426848 -0.053271 0.998580 -0.000000 0.000003 0.000000 0.000000 1.000000 -0.000000 0.000000 0.000000 0.000000 1.000000
0.998580 0.053271 -0.000000 0.426848 -0.053271 0.998580 -0.000000 0.000003 0.000000 0.000000 1.000000 -0.000000 0.000000 0.000000 0.000000 1.000000
0.998580 0.053271 -0.000000 0.426848 -0.053271 0.998580 -0.000000 0.000003 0.000000 0.000000 1.000000 -0.000000 0.000000 0.000000 0.000000 1.000000
0.998580 0.053271 -0.000000 0.426848 -0.053271 0.998580 -0.000000 0.000003 0.000000 0.000000 1.000000 -0.000000 0.000000 0.000000 0.000000 1.000000
0.998580 0.053271 -0.000000 0.426848 -0.053271 0.998580 -0.000000 0.000003 0.000000 0.000000 1.000000 -0.000000 0.000000 0.000000 0.000000 1.000000
0.998580 0.053271 -0.000000 0.426848 -0.053271 0.998580 -0.000000 0.000003 0.000000 0.000000 1.000000 -0.000000 0.000000 0.000000 0.000000 1.000000
0.998580 0.053271 -0.000000 0.426848 -0.053271 0.998580 -0.000000 0.000003 0.000000 0.000000 1.000000 -0.000000 0.000000 0.000000 0.000000 1.000000
0.998580 0.053271 -0.000000 0.426848 -0.053271 0.998580 -0.000000 0.000003 0.000000 0.000000 1.000000 -0.000000 0.000000 0.000000 0.000000 1.000000</float_array>
     <technique_common>
      <accessor source="#jnt_spine2-Matrix-animation-output-transform-array" count="23" stride="16">
       <param type="float4x4"></param>
      </accessor>
     </technique_common>
    </source>
    <source id="jnt_spine2-Interpolations">
     <Name_array id="jnt_spine2-Interpolations-array" count="23">
 LINEAR LINEAR LINEAR LINEAR LINEAR LINEAR LINEAR LINEAR LINEAR LINEAR LINEAR
LINEAR LINEAR LINEAR LINEAR LINEAR LINEAR LINEAR LINEAR LINEAR LINEAR LINEAR LINEAR</Name_array>
     <technique_common>
      <accessor source="#jnt_spine2-Interpolations-array" count="23">
       <param type="name"></param>
      </accessor>
     </technique_common>
    </source>
    <sampler id="jnt_spine2-Matrix-animation-transform">
     <input semantic="INPUT" source="#jnt_spine2-Matrix-animation-input"></input>
     <input semantic="OUTPUT" source="#jnt_spine2-Matrix-animation-output-transform"></input>
     <input semantic="INTERPOLATION" source="#jnt_spine2-Interpolations"></input>
    </sampler>
    <channel source="#jnt_spine2-Matrix-animation-transform" target="jnt_spine2/matrix"></channel>
   </animation>
  </animation>
  <animation id="jnt_spine3-anim" name="jnt_spine3">
   <animation>
    <source id="jnt_spine3-Matrix-animation-input">
     <float_array id="jnt_spine3-Matrix-animation-input-array" count="23">

0.000000 0.033333 0.066667 0.100000 0.133333 0.166667 0.200000 0.233333 0.266667 0.300000 0.333333 0.366667 0.400000 0.433333 0.466667 0.500000
0.533333 0.566667 0.600000 0.633333 0.666667 0.700000 0.733333</float_array>
     <technique_common>
      <accessor source="#jnt_spine3-Matrix-animation-input-array" count="23">
       <param name="TIME" type="float"></param>
      </accessor>
     </technique_common>
    </source>
    <source id="jnt_spine3-Matrix-animation-output-transform">
     <float_array id="jnt_spine3-Matrix-animation-output-transform-array" count="368">

0.997528 0.070262 -0.000000 0.555067 -0.070262 0.997528 -0.000000 0.000000 0.000000 0.000000 1.000000 -0.000000 0.000000 0.000000 0.000000 1.000000
0.997528 0.070262 -0.000000 0.555067 -0.070262 0.997528 -0.000000 0.000000 0.000000 0.000000 1.000000 -0.000000 0.000000 0.000000 0.000000 1.000000
0.997528 0.070262 -0.000000 0.555067 -0.070262 0.997528 -0.000000 0.000000 0.000000 0.000000 1.000000 -0.000000 0.000000 0.000000 0.000000 1.000000
0.997528 0.070262 -0.000000 0.555067 -0.070262 0.997528 -0.000000 0.000000 0.000000 0.000000 1.000000 -0.000000 0.000000 0.000000 0.000000 1.000000
0.997528 0.070262 -0.000000 0.555067 -0.070262 0.997528 -0.000000 0.000000 0.000000 0.000000 1.000000 -0.000000 0.000000 0.000000 0.000000 1.000000
0.997528 0.070262 -0.000000 0.555067 -0.070262 0.997528 -0.000000 0.000000 0.000000 0.000000 1.000000 -0.000000 0.000000 0.000000 0.000000 1.000000
0.997528 0.070262 -0.000000 0.555067 -0.070262 0.997528 -0.000000 0.000000 0.000000 0.000000 1.000000 -0.000000 0.000000 0.000000 0.000000 1.000000
0.997528 0.070262 -0.000000 0.555067 -0.070262 0.997528 -0.000000 0.000000 0.000000 0.000000 1.000000 -0.000000 0.000000 0.000000 0.000000 1.000000
0.997528 0.070262 -0.000000 0.555067 -0.070262 0.997528 -0.000000 0.000000 0.000000 0.000000 1.000000 -0.000000 0.000000 0.000000 0.000000 1.000000
0.997528 0.070262 -0.000000 0.555067 -0.070262 0.997528 -0.000000 0.000000 0.000000 0.000000 1.000000 -0.000000 0.000000 0.000000 0.000000 1.000000
0.997528 0.070262 -0.000000 0.555067 -0.070262 0.997528 -0.000000 0.000000 0.000000 0.000000 1.000000 -0.000000 0.000000 0.000000 0.000000 1.000000
0.997528 0.070262 -0.000000 0.555067 -0.070262 0.997528 -0.000000 0.000000 0.000000 0.000000 1.000000 -0.000000 0.000000 0.000000 0.000000 1.000000
0.997528 0.070262 -0.000000 0.555067 -0.070262 0.997528 -0.000000 0.000000 0.000000 0.000000 1.000000 -0.000000 0.000000 0.000000 0.000000 1.000000
0.997528 0.070262 -0.000000 0.555067 -0.070262 0.997528 -0.000000 0.000000 0.000000 0.000000 1.000000 -0.000000 0.000000 0.000000 0.000000 1.000000
0.997528 0.070262 -0.000000 0.555067 -0.070262 0.997528 -0.000000 0.000000 0.000000 0.000000 1.000000 -0.000000 0.000000 0.000000 0.000000 1.000000
0.997528 0.070262 -0.000000 0.555067 -0.070262 0.997528 -0.000000 0.000000 0.000000 0.000000 1.000000 -0.000000 0.000000 0.000000 0.000000 1.000000
0.997528 0.070262 -0.000000 0.555067 -0.070262 0.997528 -0.000000 0.000000 0.000000 0.000000 1.000000 -0.000000 0.000000 0.000000 0.000000 1.000000
0.997528 0.070262 -0.000000 0.555067 -0.070262 0.997528 -0.000000 0.000000 0.000000 0.000000 1.000000 -0.000000 0.000000 0.000000 0.000000 1.000000
0.997528 0.070262 -0.000000 0.555067 -0.070262 0.997528 -0.000000 0.000000 0.000000 0.000000 1.000000 -0.000000 0.000000 0.000000 0.000000 1.000000
0.997528 0.070262 -0.000000 0.555067 -0.070262 0.997528 -0.000000 0.000000 0.000000 0.000000 1.000000 -0.000000 0.000000 0.000000 0.000000 1.000000
0.997528 0.070262 -0.000000 0.555067 -0.070262 0.997528 -0.000000 0.000000 0.000000 0.000000 1.000000 -0.000000 0.000000 0.000000 0.000000 1.000000
0.997528 0.070262 -0.000000 0.555067 -0.070262 0.997528 -0.000000 0.000000 0.000000 0.000000 1.000000 -0.000000 0.000000 0.000000 0.000000 1.000000
0.997528 0.070262 -0.000000 0.555067 -0.070262 0.997528 -0.000000 0.000000 0.000000 0.000000 1.000000 -0.000000 0.000000 0.000000 0.000000 1.000000</float_array>
     <technique_common>
      <accessor source="#jnt_spine3-Matrix-animation-output-transform-array" count="23" stride="16">
       <param type="float4x4"></param>
      </accessor>
     </technique_common>
    </source>
    <source id="jnt_spine3-Interpolations">
     <Name_array id="jnt_spine3-Interpolations-array" count="23">
 LINEAR LINEAR LINEAR LINEAR LINEAR LINEAR LINEAR LINEAR LINEAR LINEAR LINEAR
LINEAR LINEAR LINEAR LINEAR LINEAR LINEAR LINEAR LINEAR LINEAR LINEAR LINEAR LINEAR</Name_array>
     <technique_common>
      <accessor source="#jnt_spine3-Interpolations-array" count="23">
       <param type="name"></param>
      </accessor>
     </technique_common>
    </source>
    <sampler id="jnt_spine3-Matrix-animation-transform">
     <input semantic="INPUT" source="#jnt_spine3-Matrix-animation-input"></input>
     <input semantic="OUTPUT" source="#jnt_spine3-Matrix-animation-output-transform"></input>
     <input semantic="INTERPOLATION" source="#jnt_spine3-Interpolations"></input>
    </sampler>
    <channel source="#jnt_spine3-Matrix-animation-transform" target="jnt_spine3/matrix"></channel>
   </animation>
  </animation>
  <animation id="jnt_neck-anim" name="jnt_neck">
   <animation>
    <source id="jnt_neck-Matrix-animation-input">
     <float_array id="jnt_neck-Matrix-animation-input-array" count="23">

0.000000 0.033333 0.066667 0.100000 0.133333 0.166667 0.200000 0.233333 0.266667 0.300000 0.333333 0.366667 0.400000 0.433333 0.466667 0.500000
0.533333 0.566667 0.600000 0.633333 0.666667 0.700000 0.733333</float_array>
     <technique_common>
      <accessor source="#jnt_neck-Matrix-animation-input-array" count="23">
       <param name="TIME" type="float"></param>
      </accessor>
     </technique_common>
    </source>
    <source id="jnt_neck-Matrix-animation-output-transform">
     <float_array id="jnt_neck-Matrix-animation-output-transform-array" count="368">

0.999409 -0.034365 -0.000000 0.867450 0.034365 0.999409 -0.000000 0.171573 0.000000 0.000000 1.000000 -0.000000 0.000000 0.000000 0.000000 1.000000
0.999409 -0.034365 -0.000000 0.867450 0.034365 0.999409 -0.000000 0.171573 0.000000 0.000000 1.000000 -0.000000 0.000000 0.000000 0.000000 1.000000
0.999409 -0.034365 -0.000000 0.867450 0.034365 0.999409 -0.000000 0.171573 0.000000 0.000000 1.000000 -0.000000 0.000000 0.000000 0.000000 1.000000
0.999409 -0.034365 -0.000000 0.867450 0.034365 0.999409 -0.000000 0.171573 0.000000 0.000000 1.000000 -0.000000 0.000000 0.000000 0.000000 1.000000
0.999409 -0.034365 -0.000000 0.867450 0.034365 0.999409 -0.000000 0.171573 0.000000 0.000000 1.000000 -0.000000 0.000000 0.000000 0.000000 1.000000
0.999409 -0.034365 -0.000000 0.867450 0.034365 0.999409 -0.000000 0.171573 0.000000 0.000000 1.000000 -0.000000 0.000000 0.000000 0.000000 1.000000
0.999409 -0.034365 -0.000000 0.867450 0.034365 0.999409 -0.000000 0.171573 0.000000 0.000000 1.000000 -0.000000 0.000000 0.000000 0.000000 1.000000
0.999409 -0.034365 -0.000000 0.867450 0.034365 0.999409 -0.000000 0.171573 0.000000 0.000000 1.000000 -0.000000 0.000000 0.000000 0.000000 1.000000
0.999409 -0.034365 -0.000000 0.867450 0.034365 0.999409 -0.000000 0.171573 0.000000 0.000000 1.000000 -0.000000 0.000000 0.000000 0.000000 1.000000
0.999409 -0.034365 -0.000000 0.867450 0.034365 0.999409 -0.000000 0.171573 0.000000 0.000000 1.000000 -0.000000 0.000000 0.000000 0.000000 1.000000
0.999409 -0.034365 -0.000000 0.867450 0.034365 0.999409 -0.000000 0.171573 0.000000 0.000000 1.000000 -0.000000 0.000000 0.000000 0.000000 1.000000
0.999409 -0.034365 -0.000000 0.867450 0.034365 0.999409 -0.000000 0.171573 0.000000 0.000000 1.000000 -0.000000 0.000000 0.000000 0.000000 1.000000
0.999409 -0.034365 -0.000000 0.867450 0.034365 0.999409 -0.000000 0.171573 0.000000 0.000000 1.000000 -0.000000 0.000000 0.000000 0.000000 1.000000
0.999409 -0.034365 -0.000000 0.867450 0.034365 0.999409 -0.000000 0.171573 0.000000 0.000000 1.000000 -0.000000 0.000000 0.000000 0.000000 1.000000
0.999409 -0.034365 -0.000000 0.867450 0.034365 0.999409 -0.000000 0.171573 0.000000 0.000000 1.000000 -0.000000 0.000000 0.000000 0.000000 1.000000
0.999409 -0.034365 -0.000000 0.867450 0.034365 0.999409 -0.000000 0.171573 0.000000 0.000000 1.000000 -0.000000 0.000000 0.000000 0.000000 1.000000
0.999409 -0.034365 -0.000000 0.867450 0.034365 0.999409 -0.000000 0.171573 0.000000 0.000000 1.000000 -0.000000 0.000000 0.000000 0.000000 1.000000
0.999409 -0.034365 -0.000000 0.867450 0.034365 0.999409 -0.000000 0.171573 0.000000 0.000000 1.000000 -0.000000 0.000000 0.000000 0.000000 1.000000
0.999409 -0.034365 -0.000000 0.867450 0.034365 0.999409 -0.000000 0.171573 0.000000 0.000000 1.000000 -0.000000 0.000000 0.000000 0.000000 1.000000
0.999409 -0.034365 -0.000000 0.867450 0.034365 0.999409 -0.000000 0.171573 0.000000 0.000000 1.000000 -0.000000 0.000000 0.000000 0.000000 1.000000
0.999409 -0.034365 -0.000000 0.867450 0.034365 0.999409 -0.000000 0.171573 0.000000 0.000000 1.000000 -0.000000 0.000000 0.000000 0.000000 1.000000
0.999409 -0.034365 -0.000000 0.867450 0.034365 0.999409 -0.000000 0.171573 0.000000 0.000000 1.000000 -0.000000 0.000000 0.000000 0.000000 1.000000
0.999409 -0.034365 -0.000000 0.867450 0.034365 0.999409 -0.000000 0.171573 0.000000 0.000000 1.000000 -0.000000 0.000000 0.000000 0.000000 1.000000</float_array>
     <technique_common>
      <accessor source="#jnt_neck-Matrix-animation-output-transform-array" count="23" stride="16">
       <param type="float4x4"></param>
      </accessor>
     </technique_common>
    </source>
    <source id="jnt_neck-Interpolations">
     <Name_array id="jnt_neck-Interpolations-array" count="23">
 LINEAR LINEAR LINEAR LINEAR LINEAR LINEAR LINEAR LINEAR LINEAR LINEAR LINEAR
LINEAR LINEAR LINEAR LINEAR LINEAR LINEAR LINEAR LINEAR LINEAR LINEAR LINEAR LINEAR</Name_array>
     <technique_common>
      <accessor source="#jnt_neck-Interpolations-array" count="23">
       <param type="name"></param>
      </accessor>
     </technique_common>
    </source>
    <sampler id="jnt_neck-Matrix-animation-transform">
     <input semantic="INPUT" source="#jnt_neck-Matrix-animation-input"></input>
     <input semantic="OUTPUT" source="#jnt_neck-Matrix-animation-output-transform"></input>
     <input semantic="INTERPOLATION" source="#jnt_neck-Interpolations"></input>
    </sampler>
    <channel source="#jnt_neck-Matrix-animation-transform" target="jnt_neck/matrix"></channel>
   </animation>
  </animation>
  <animation id="jnt_head-anim" name="jnt_head">
   <animation>
    <source id="jnt_head-Matrix-animation-input">
     <float_array id="jnt_head-Matrix-animation-input-array" count="23">

0.000000 0.033333 0.066667 0.100000 0.133333 0.166667 0.200000 0.233333 0.266667 0.300000 0.333333 0.366667 0.400000 0.433333 0.466667 0.500000
0.533333 0.566667 0.600000 0.633333 0.666667 0.700000 0.733333</float_array>
     <technique_common>
      <accessor source="#jnt_head-Matrix-animation-input-array" count="23">
       <param name="TIME" type="float"></param>
      </accessor>
     </technique_common>
    </source>
    <source id="jnt_head-Matrix-animation-output-transform">
     <float_array id="jnt_head-Matrix-animation-output-transform-array" count="368">

0.999537 -0.030417 -0.000001 0.273591 0.030417 0.999537 0.000000 0.000002 0.000001 -0.000000 1.000000 -0.000000 0.000000 0.000000 0.000000 1.000000
0.999537 -0.030417 -0.000001 0.273591 0.030417 0.999537 0.000000 0.000002 0.000001 -0.000000 1.000000 -0.000000 0.000000 0.000000 0.000000 1.000000
0.999537 -0.030417 -0.000001 0.273591 0.030417 0.999537 0.000000 0.000002 0.000001 -0.000000 1.000000 -0.000000 0.000000 0.000000 0.000000 1.000000
0.999537 -0.030417 -0.000001 0.273591 0.030417 0.999537 0.000000 0.000002 0.000001 -0.000000 1.000000 -0.000000 0.000000 0.000000 0.000000 1.000000
0.999537 -0.030417 -0.000001 0.273591 0.030417 0.999537 0.000000 0.000002 0.000001 -0.000000 1.000000 -0.000000 0.000000 0.000000 0.000000 1.000000
0.999537 -0.030417 -0.000001 0.273591 0.030417 0.999537 0.000000 0.000002 0.000001 -0.000000 1.000000 -0.000000 0.000000 0.000000 0.000000 1.000000
0.999537 -0.030417 -0.000001 0.273591 0.030417 0.999537 0.000000 0.000002 0.000001 -0.000000 1.000000 -0.000000 0.000000 0.000000 0.000000 1.000000
0.999537 -0.030417 -0.000001 0.273591 0.030417 0.999537 0.000000 0.000002 0.000001 -0.000000 1.000000 -0.000000 0.000000 0.000000 0.000000 1.000000
0.999537 -0.030417 -0.000001 0.273591 0.030417 0.999537 0.000000 0.000002 0.000001 -0.000000 1.000000 -0.000000 0.000000 0.000000 0.000000 1.000000
0.999537 -0.030417 -0.000001 0.273591 0.030417 0.999537 0.000000 0.000002 0.000001 -0.000000 1.000000 -0.000000 0.000000 0.000000 0.000000 1.000000
0.999537 -0.030417 -0.000001 0.273591 0.030417 0.999537 0.000000 0.000002 0.000001 -0.000000 1.000000 -0.000000 0.000000 0.000000 0.000000 1.000000
0.999537 -0.030417 -0.000001 0.273591 0.030417 0.999537 0.000000 0.000002 0.000001 -0.000000 1.000000 -0.000000 0.000000 0.000000 0.000000 1.000000
0.999537 -0.030417 -0.000001 0.273591 0.030417 0.999537 0.000000 0.000002 0.000001 -0.000000 1.000000 -0.000000 0.000000 0.000000 0.000000 1.000000
0.999537 -0.030417 -0.000001 0.273591 0.030417 0.999537 0.000000 0.000002 0.000001 -0.000000 1.000000 -0.000000 0.000000 0.000000 0.000000 1.000000
0.999537 -0.030417 -0.000001 0.273591 0.030417 0.999537 0.000000 0.000002 0.000001 -0.000000 1.000000 -0.000000 0.000000 0.000000 0.000000 1.000000
0.999537 -0.030417 -0.000001 0.273591 0.030417 0.999537 0.000000 0.000002 0.000001 -0.000000 1.000000 -0.000000 0.000000 0.000000 0.000000 1.000000
0.999537 -0.030417 -0.000001 0.273591 0.030417 0.999537 0.000000 0.000002 0.000001 -0.000000 1.000000 -0.000000 0.000000 0.000000 0.000000 1.000000
0.999537 -0.030417 -0.000001 0.273591 0.030417 0.999537 0.000000 0.000002 0.000001 -0.000000 1.000000 -0.000000 0.000000 0.000000 0.000000 1.000000
0.999537 -0.030417 -0.000001 0.273591 0.030417 0.999537 0.000000 0.000002 0.000001 -0.000000 1.000000 -0.000000 0.000000 0.000000 0.000000 1.000000
0.999537 -0.030417 -0.000001 0.273591 0.030417 0.999537 0.000000 0.000002 0.000001 -0.000000 1.000000 -0.000000 0.000000 0.000000 0.000000 1.000000
0.999537 -0.030417 -0.000001 0.273591 0.030417 0.999537 0.000000 0.000002 0.000001 -0.000000 1.000000 -0.000000 0.000000 0.000000 0.000000 1.000000
0.999537 -0.030417 -0.000001 0.273591 0.030417 0.999537 0.000000 0.000002 0.000001 -0.000000 1.000000 -0.000000 0.000000 0.000000 0.000000 1.000000
0.999537 -0.030417 -0.000001 0.273591 0.030417 0.999537 0.000000 0.000002 0.000001 -0.000000 1.000000 -0.000000 0.000000 0.000000 0.000000 1.000000</float_array>
     <technique_common>
      <accessor source="#jnt_head-Matrix-animation-output-transform-array" count="23" stride="16">
       <param type="float4x4"></param>
      </accessor>
     </technique_common>
    </source>
    <source id="jnt_head-Interpolations">
     <Name_array id="jnt_head-Interpolations-array" count="23">
 LINEAR LINEAR LINEAR LINEAR LINEAR LINEAR LINEAR LINEAR LINEAR LINEAR LINEAR
LINEAR LINEAR LINEAR LINEAR LINEAR LINEAR LINEAR LINEAR LINEAR LINEAR LINEAR LINEAR</Name_array>
     <technique_common>
      <accessor source="#jnt_head-Interpolations-array" count="23">
       <param type="name"></param>
      </accessor>
     </technique_common>
    </source>
    <sampler id="jnt_head-Matrix-animation-transform">
     <input semantic="INPUT" source="#jnt_head-Matrix-animation-input"></input>
     <input semantic="OUTPUT" source="#jnt_head-Matrix-animation-output-transform"></input>
     <input semantic="INTERPOLATION" source="#jnt_head-Interpolations"></input>
    </sampler>
    <channel source="#jnt_head-Matrix-animation-transform" target="jnt_head/matrix"></channel>
   </animation>
  </animation>
  <animation id="jnt_headappend-anim" name="jnt_headappend">
   <animation>
    <source id="jnt_headappend-Matrix-animation-input">
     <float_array id="jnt_headappend-Matrix-animation-input-array" count="23">

0.000000 0.033333 0.066667 0.100000 0.133333 0.166667 0.200000 0.233333 0.266667 0.300000 0.333333 0.366667 0.400000 0.433333 0.466667 0.500000
0.533333 0.566667 0.600000 0.633333 0.666667 0.700000 0.733333</float_array>
     <technique_common>
      <accessor source="#jnt_headappend-Matrix-animation-input-array" count="23">
       <param name="TIME" type="float"></param>
      </accessor>
     </technique_common>
    </source>
    <source id="jnt_headappend-Matrix-animation-output-transform">
     <float_array id="jnt_headappend-Matrix-animation-output-transform-array" count="368">

1.000000 0.000000 -0.000000 0.000001 -0.000000 1.000000 0.000000 0.000000 0.000000 -0.000000 1.000000 -0.000000 0.000000 0.000000 0.000000 1.000000
1.000000 0.000000 -0.000000 0.000001 -0.000000 1.000000 0.000000 0.000000 0.000000 -0.000000 1.000000 -0.000000 0.000000 0.000000 0.000000 1.000000
1.000000 0.000000 -0.000000 0.000001 -0.000000 1.000000 0.000000 0.000000 0.000000 -0.000000 1.000000 -0.000000 0.000000 0.000000 0.000000 1.000000
1.000000 0.000000 -0.000000 0.000001 -0.000000 1.000000 0.000000 0.000000 0.000000 -0.000000 1.000000 -0.000000 0.000000 0.000000 0.000000 1.000000
1.000000 0.000000 -0.000000 0.000001 -0.000000 1.000000 0.000000 0.000000 0.000000 -0.000000 1.000000 -0.000000 0.000000 0.000000 0.000000 1.000000
1.000000 0.000000 -0.000000 0.000001 -0.000000 1.000000 0.000000 0.000000 0.000000 -0.000000 1.000000 -0.000000 0.000000 0.000000 0.000000 1.000000
1.000000 0.000000 -0.000000 0.000001 -0.000000 1.000000 0.000000 0.000000 0.000000 -0.000000 1.000000 -0.000000 0.000000 0.000000 0.000000 1.000000
1.000000 0.000000 -0.000000 0.000001 -0.000000 1.000000 0.000000 0.000000 0.000000 -0.000000 1.000000 -0.000000 0.000000 0.000000 0.000000 1.000000
1.000000 0.000000 -0.000000 0.000001 -0.000000 1.000000 0.000000 0.000000 0.000000 -0.000000 1.000000 -0.000000 0.000000 0.000000 0.000000 1.000000
1.000000 0.000000 -0.000000 0.000001 -0.000000 1.000000 0.000000 0.000000 0.000000 -0.000000 1.000000 -0.000000 0.000000 0.000000 0.000000 1.000000
1.000000 0.000000 -0.000000 0.000001 -0.000000 1.000000 0.000000 0.000000 0.000000 -0.000000 1.000000 -0.000000 0.000000 0.000000 0.000000 1.000000
1.000000 0.000000 -0.000000 0.000001 -0.000000 1.000000 0.000000 0.000000 0.000000 -0.000000 1.000000 -0.000000 0.000000 0.000000 0.000000 1.000000
1.000000 0.000000 -0.000000 0.000001 -0.000000 1.000000 0.000000 0.000000 0.000000 -0.000000 1.000000 -0.000000 0.000000 0.000000 0.000000 1.000000
1.000000 0.000000 -0.000000 0.000001 -0.000000 1.000000 0.000000 0.000000 0.000000 -0.000000 1.000000 -0.000000 0.000000 0.000000 0.000000 1.000000
1.000000 0.000000 -0.000000 0.000001 -0.000000 1.000000 0.000000 0.000000 0.000000 -0.000000 1.000000 -0.000000 0.000000 0.000000 0.000000 1.000000
1.000000 0.000000 -0.000000 0.000001 -0.000000 1.000000 0.000000 0.000000 0.000000 -0.000000 1.000000 -0.000000 0.000000 0.000000 0.000000 1.000000
1.000000 0.000000 -0.000000 0.000001 -0.000000 1.000000 0.000000 0.000000 0.000000 -0.000000 1.000000 -0.000000 0.000000 0.000000 0.000000 1.000000
1.000000 0.000000 -0.000000 0.000001 -0.000000 1.000000 0.000000 0.000000 0.000000 -0.000000 1.000000 -0.000000 0.000000 0.000000 0.000000 1.000000
1.000000 0.000000 -0.000000 0.000001 -0.000000 1.000000 0.000000 0.000000 0.000000 -0.000000 1.000000 -0.000000 0.000000 0.000000 0.000000 1.000000
1.000000 0.000000 -0.000000 0.000001 -0.000000 1.000000 0.000000 0.000000 0.000000 -0.000000 1.000000 -0.000000 0.000000 0.000000 0.000000 1.000000
1.000000 0.000000 -0.000000 0.000001 -0.000000 1.000000 0.000000 0.000000 0.000000 -0.000000 1.000000 -0.000000 0.000000 0.000000 0.000000 1.000000
1.000000 0.000000 -0.000000 0.000001 -0.000000 1.000000 0.000000 0.000000 0.000000 -0.000000 1.000000 -0.000000 0.000000 0.000000 0.000000 1.000000
1.000000 0.000000 -0.000000 0.000001 -0.000000 1.000000 0.000000 0.000000 0.000000 -0.000000 1.000000 -0.000000 0.000000 0.000000 0.000000 1.000000</float_array>
     <technique_common>
      <accessor source="#jnt_headappend-Matrix-animation-output-transform-array" count="23" stride="16">
       <param type="float4x4"></param>
      </accessor>
     </technique_common>
    </source>
    <source id="jnt_headappend-Interpolations">
     <Name_array id="jnt_headappend-Interpolations-array" count="23">
 LINEAR LINEAR LINEAR LINEAR LINEAR LINEAR LINEAR LINEAR LINEAR LINEAR LINEAR
LINEAR LINEAR LINEAR LINEAR LINEAR LINEAR LINEAR LINEAR LINEAR LINEAR LINEAR LINEAR</Name_array>
     <technique_common>
      <accessor source="#jnt_headappend-Interpolations-array" count="23">
       <param type="name"></param>
      </accessor>
     </technique_common>
    </source>
    <sampler id="jnt_headappend-Matrix-animation-transform">
     <input semantic="INPUT" source="#jnt_headappend-Matrix-animation-input"></input>
     <input semantic="OUTPUT" source="#jnt_headappend-Matrix-animation-output-transform"></input>
     <input semantic="INTERPOLATION" source="#jnt_headappend-Interpolations"></input>
    </sampler>
    <channel source="#jnt_headappend-Matrix-animation-transform" target="jnt_headappend/matrix"></channel>
   </animation>
  </animation>
  <animation id="jnt_left_armroot-anim" name="jnt_left_armroot">
   <animation>
    <source id="jnt_left_armroot-Matrix-animation-input">
     <float_array id="jnt_left_armroot-Matrix-animation-input-array" count="23">

0.000000 0.033333 0.066667 0.100000 0.133333 0.166667 0.200000 0.233333 0.266667 0.300000 0.333333 0.366667 0.400000 0.433333 0.466667 0.500000
0.533333 0.566667 0.600000 0.633333 0.666667 0.700000 0.733333</float_array>
     <technique_common>
      <accessor source="#jnt_left_armroot-Matrix-animation-input-array" count="23">
       <param name="TIME" type="float"></param>
      </accessor>
     </technique_common>
    </source>
    <source id="jnt_left_armroot-Matrix-animation-output-transform">
     <float_array id="jnt_left_armroot-Matrix-animation-output-transform-array" count="368">

0.999937 -0.010412 -0.004204 -0.857250 0.010594 0.998888 0.045934 0.597269 0.003721 -0.045975 0.998936 -0.437203 0.000000 0.000000 0.000000 1.000000
0.999937 -0.010412 -0.004204 -0.857250 0.010594 0.998888 0.045934 0.597269 0.003721 -0.045975 0.998936 -0.437203 0.000000 0.000000 0.000000 1.000000
0.999937 -0.010412 -0.004204 -0.857250 0.010594 0.998888 0.045934 0.597269 0.003721 -0.045975 0.998936 -0.437203 0.000000 0.000000 0.000000 1.000000
0.999937 -0.010412 -0.004204 -0.857250 0.010594 0.998888 0.045934 0.597269 0.003721 -0.045975 0.998936 -0.437203 0.000000 0.000000 0.000000 1.000000
0.999937 -0.010412 -0.004204 -0.857250 0.010594 0.998888 0.045934 0.597269 0.003721 -0.045975 0.998936 -0.437203 0.000000 0.000000 0.000000 1.000000
0.999937 -0.010412 -0.004204 -0.857250 0.010594 0.998888 0.045934 0.597269 0.003721 -0.045975 0.998936 -0.437203 0.000000 0.000000 0.000000 1.000000
0.999937 -0.010412 -0.004204 -0.857250 0.010594 0.998888 0.045934 0.597269 0.003721 -0.045975 0.998936 -0.437203 0.000000 0.000000 0.000000 1.000000
0.999937 -0.010412 -0.004204 -0.857250 0.010594 0.998888 0.045934 0.597269 0.003721 -0.045975 0.998936 -0.437203 0.000000 0.000000 0.000000 1.000000
0.999937 -0.010412 -0.004204 -0.857250 0.010594 0.998888 0.045934 0.597269 0.003721 -0.045975 0.998936 -0.437203 0.000000 0.000000 0.000000 1.000000
0.999937 -0.010412 -0.004204 -0.857250 0.010594 0.998888 0.045934 0.597269 0.003721 -0.045975 0.998936 -0.437203 0.000000 0.000000 0.000000 1.000000
0.999937 -0.010412 -0.004204 -0.857250 0.010594 0.998888 0.045934 0.597269 0.003721 -0.045975 0.998936 -0.437203 0.000000 0.000000 0.000000 1.000000
0.999937 -0.010412 -0.004204 -0.857250 0.010594 0.998888 0.045934 0.597269 0.003721 -0.045975 0.998936 -0.437203 0.000000 0.000000 0.000000 1.000000
0.999937 -0.010412 -0.004204 -0.857250 0.010594 0.998888 0.045934 0.597269 0.003721 -0.045975 0.998936 -0.437203 0.000000 0.000000 0.000000 1.000000
0.999937 -0.010412 -0.004204 -0.857250 0.010594 0.998888 0.045934 0.597269 0.003721 -0.045975 0.998936 -0.437203 0.000000 0.000000 0.000000 1.000000
0.999937 -0.010412 -0.004204 -0.857250 0.010594 0.998888 0.045934 0.597269 0.003721 -0.045975 0.998936 -0.437203 0.000000 0.000000 0.000000 1.000000
0.999937 -0.010412 -0.004204 -0.857250 0.010594 0.998888 0.045934 0.597269 0.003721 -0.045975 0.998936 -0.437203 0.000000 0.000000 0.000000 1.000000
0.999937 -0.010412 -0.004204 -0.857250 0.010594 0.998888 0.045934 0.597269 0.003721 -0.045975 0.998936 -0.437203 0.000000 0.000000 0.000000 1.000000
0.999937 -0.010412 -0.004204 -0.857250 0.010594 0.998888 0.045934 0.597269 0.003721 -0.045975 0.998936 -0.437203 0.000000 0.000000 0.000000 1.000000
0.999937 -0.010412 -0.004204 -0.857250 0.010594 0.998888 0.045934 0.597269 0.003721 -0.045975 0.998936 -0.437203 0.000000 0.000000 0.000000 1.000000
0.999937 -0.010412 -0.004204 -0.857250 0.010594 0.998888 0.045934 0.597269 0.003721 -0.045975 0.998936 -0.437203 0.000000 0.000000 0.000000 1.000000
0.999937 -0.010412 -0.004204 -0.857250 0.010594 0.998888 0.045934 0.597269 0.003721 -0.045975 0.998936 -0.437203 0.000000 0.000000 0.000000 1.000000
0.999937 -0.010412 -0.004204 -0.857250 0.010594 0.998888 0.045934 0.597269 0.003721 -0.045975 0.998936 -0.437203 0.000000 0.000000 0.000000 1.000000
0.999937 -0.010412 -0.004204 -0.857250 0.010594 0.998888 0.045934 0.597269 0.003721 -0.045975 0.998936 -0.437203 0.000000 0.000000 0.000000 1.000000</float_array>
     <technique_common>
      <accessor source="#jnt_left_armroot-Matrix-animation-output-transform-array" count="23" stride="16">
       <param type="float4x4"></param>
      </accessor>
     </technique_common>
    </source>
    <source id="jnt_left_armroot-Interpolations">
     <Name_array id="jnt_left_armroot-Interpolations-array" count="23">
 LINEAR LINEAR LINEAR LINEAR LINEAR LINEAR LINEAR LINEAR LINEAR LINEAR LINEAR
LINEAR LINEAR LINEAR LINEAR LINEAR LINEAR LINEAR LINEAR LINEAR LINEAR LINEAR LINEAR</Name_array>
     <technique_common>
      <accessor source="#jnt_left_armroot-Interpolations-array" count="23">
       <param type="name"></param>
      </accessor>
     </technique_common>
    </source>
    <sampler id="jnt_left_armroot-Matrix-animation-transform">
     <input semantic="INPUT" source="#jnt_left_armroot-Matrix-animation-input"></input>
     <input semantic="OUTPUT" source="#jnt_left_armroot-Matrix-animation-output-transform"></input>
     <input semantic="INTERPOLATION" source="#jnt_left_armroot-Interpolations"></input>
    </sampler>
    <channel source="#jnt_left_armroot-Matrix-animation-transform" target="jnt_left_armroot/matrix"></channel>
   </animation>
  </animation>
  <animation id="jnt_left_shoulder-anim" name="jnt_left_shoulder">
   <animation>
    <source id="jnt_left_shoulder-Matrix-animation-input">
     <float_array id="jnt_left_shoulder-Matrix-animation-input-array" count="23">

0.000000 0.033333 0.066667 0.100000 0.133333 0.166667 0.200000 0.233333 0.266667 0.300000 0.333333 0.366667 0.400000 0.433333 0.466667 0.500000
0.533333 0.566667 0.600000 0.633333 0.666667 0.700000 0.733333</float_array>
     <technique_common>
      <accessor source="#jnt_left_shoulder-Matrix-animation-input-array" count="23">
       <param name="TIME" type="float"></param>
      </accessor>
     </technique_common>
    </source>
    <source id="jnt_left_shoulder-Matrix-animation-output-transform">
     <float_array id="jnt_left_shoulder-Matrix-animation-output-transform-array" count="368">

-0.019289 0.092831 -0.995495 0.635987 0.352002 -0.931301 -0.093665 0.114390 -0.935800 -0.352223 -0.014713 0.266187 0.000000 0.000000 0.000000 1.000000
-0.019289 0.092831 -0.995495 0.635987 0.352002 -0.931301 -0.093665 0.114390 -0.935800 -0.352223 -0.014713 0.266187 0.000000 0.000000 0.000000 1.000000
-0.019289 0.092831 -0.995495 0.635987 0.352002 -0.931301 -0.093665 0.114390 -0.935800 -0.352223 -0.014713 0.266187 0.000000 0.000000 0.000000 1.000000
-0.019289 0.092831 -0.995495 0.635987 0.352002 -0.931301 -0.093665 0.114390 -0.935800 -0.352223 -0.014713 0.266187 0.000000 0.000000 0.000000 1.000000
-0.019289 0.092831 -0.995495 0.635987 0.352002 -0.931301 -0.093665 0.114390 -0.935800 -0.352223 -0.014713 0.266187 0.000000 0.000000 0.000000 1.000000
-0.019289 0.092831 -0.995495 0.635987 0.352002 -0.931301 -0.093665 0.114390 -0.935800 -0.352223 -0.014713 0.266187 0.000000 0.000000 0.000000 1.000000
-0.019289 0.092831 -0.995495 0.635987 0.352002 -0.931301 -0.093665 0.114390 -0.935800 -0.352223 -0.014713 0.266187 0.000000 0.000000 0.000000 1.000000
-0.019289 0.092831 -0.995495 0.635987 0.352002 -0.931301 -0.093665 0.114390 -0.935800 -0.352223 -0.014713 0.266187 0.000000 0.000000 0.000000 1.000000
-0.019289 0.092831 -0.995495 0.635987 0.352002 -0.931301 -0.093665 0.114390 -0.935800 -0.352223 -0.014713 0.266187 0.000000 0.000000 0.000000 1.000000
-0.019289 0.092831 -0.995495 0.635987 0.352002 -0.931301 -0.093665 0.114390 -0.935800 -0.352223 -0.014713 0.266187 0.000000 0.000000 0.000000 1.000000
-0.019289 0.092831 -0.995495 0.635987 0.352002 -0.931301 -0.093665 0.114390 -0.935800 -0.352223 -0.014713 0.266187 0.000000 0.000000 0.000000 1.000000
-0.019289 0.092831 -0.995495 0.635987 0.352002 -0.931301 -0.093665 0.114390 -0.935800 -0.352223 -0.014713 0.266187 0.000000 0.000000 0.000000 1.000000
-0.019289 0.092831 -0.995495 0.635987 0.352002 -0.931301 -0.093665 0.114390 -0.935800 -0.352223 -0.014713 0.266187 0.000000 0.000000 0.000000 1.000000
-0.019289 0.092831 -0.995495 0.635987 0.352002 -0.931301 -0.093665 0.114390 -0.935800 -0.352223 -0.014713 0.266187 0.000000 0.000000 0.000000 1.000000
-0.019289 0.092831 -0.995495 0.635987 0.352002 -0.931301 -0.093665 0.114390 -0.935800 -0.352223 -0.014713 0.266187 0.000000 0.000000 0.000000 1.000000
-0.019289 0.092831 -0.995495 0.635987 0.352002 -0.931301 -0.093665 0.114390 -0.935800 -0.352223 -0.014713 0.266187 0.000000 0.000000 0.000000 1.000000
-0.019289 0.092831 -0.995495 0.635987 0.352002 -0.931301 -0.093665 0.114390 -0.935800 -0.352223 -0.014713 0.266187 0.000000 0.000000 0.000000 1.000000
-0.019289 0.092831 -0.995495 0.635987 0.352002 -0.931301 -0.093665 0.114390 -0.935800 -0.352223 -0.014713 0.266187 0.000000 0.000000 0.000000 1.000000
-0.019289 0.092831 -0.995495 0.635987 0.352002 -0.931301 -0.093665 0.114390 -0.935800 -0.352223 -0.014713 0.266187 0.000000 0.000000 0.000000 1.000000
-0.019289 0.092831 -0.995495 0.635987 0.352002 -0.931301 -0.093665 0.114390 -0.935800 -0.352223 -0.014713 0.266187 0.000000 0.000000 0.000000 1.000000
-0.019289 0.092831 -0.995495 0.635987 0.352002 -0.931301 -0.093665 0.114390 -0.935800 -0.352223 -0.014713 0.266187 0.000000 0.000000 0.000000 1.000000
-0.019289 0.092831 -0.995495 0.635987 0.352002 -0.931301 -0.093665 0.114390 -0.935800 -0.352223 -0.014713 0.266187 0.000000 0.000000 0.000000 1.000000
-0.019289 0.092831 -0.995495 0.635987 0.352002 -0.931301 -0.093665 0.114390 -0.935800 -0.352223 -0.014713 0.266187 0.000000 0.000000 0.000000 1.000000</float_array>
     <technique_common>
      <accessor source="#jnt_left_shoulder-Matrix-animation-output-transform-array" count="23" stride="16">
       <param type="float4x4"></param>
      </accessor>
     </technique_common>
    </source>
    <source id="jnt_left_shoulder-Interpolations">
     <Name_array id="jnt_left_shoulder-Interpolations-array" count="23">
 LINEAR LINEAR LINEAR LINEAR LINEAR LINEAR LINEAR LINEAR LINEAR LINEAR LINEAR
LINEAR LINEAR LINEAR LINEAR LINEAR LINEAR LINEAR LINEAR LINEAR LINEAR LINEAR LINEAR</Name_array>
     <technique_common>
      <accessor source="#jnt_left_shoulder-Interpolations-array" count="23">
       <param type="name"></param>
      </accessor>
     </technique_common>
    </source>
    <sampler id="jnt_left_shoulder-Matrix-animation-transform">
     <input semantic="INPUT" source="#jnt_left_shoulder-Matrix-animation-input"></input>
     <input semantic="OUTPUT" source="#jnt_left_shoulder-Matrix-animation-output-transform"></input>
     <input semantic="INTERPOLATION" source="#jnt_left_shoulder-Interpolations"></input>
    </sampler>
    <channel source="#jnt_left_shoulder-Matrix-animation-transform" target="jnt_left_shoulder/matrix"></channel>
   </animation>
  </animation>
  <animation id="jnt_left_arm-anim" name="jnt_left_arm">
   <animation>
    <source id="jnt_left_arm-Matrix-animation-input">
     <float_array id="jnt_left_arm-Matrix-animation-input-array" count="23">

0.000000 0.033333 0.066667 0.100000 0.133333 0.166667 0.200000 0.233333 0.266667 0.300000 0.333333 0.366667 0.400000 0.433333 0.466667 0.500000
0.533333 0.566667 0.600000 0.633333 0.666667 0.700000 0.733333</float_array>
     <technique_common>
      <accessor source="#jnt_left_arm-Matrix-animation-input-array" count="23">
       <param name="TIME" type="float"></param>
      </accessor>
     </technique_common>
    </source>
    <source id="jnt_left_arm-Matrix-animation-output-transform">
     <float_array id="jnt_left_arm-Matrix-animation-output-transform-array" count="368">

-0.266059 -0.474111 0.839303 -0.525417 0.905666 0.175238 0.386085 -0.032447 -0.330125 0.862850 0.382763 0.009492 0.000000 0.000000 0.000000 1.000000
-0.408592 -0.666862 0.623175 -0.525417 0.694153 0.216278 0.686568 -0.032447 -0.592626 0.713105 0.374534 0.009492 0.000000 0.000000 0.000000 1.000000
-0.420757 -0.675269 0.605784 -0.525417 0.681793 0.205121 0.702199 -0.032447 -0.598433 0.708475 0.374088 0.009492 0.000000 0.000000 0.000000 1.000000
-0.415999 -0.665691 0.619516 -0.525417 0.697635 0.203371 0.686983 -0.032447 -0.583311 0.717980 0.379807 0.009492 0.000000 0.000000 0.000000 1.000000
-0.403517 -0.650224 0.643725 -0.525417 0.721210 0.206916 0.661092 -0.032447 -0.563055 0.731023 0.385454 0.009492 0.000000 0.000000 0.000000 1.000000
-0.385149 -0.634691 0.669946 -0.525417 0.743091 0.217195 0.632964 -0.032447 -0.547246 0.741615 0.387980 0.009492 0.000000 0.000000 0.000000 1.000000
-0.356651 -0.618071 0.700563 -0.525417 0.766191 0.235559 0.597882 -0.032447 -0.534558 0.750000 0.389548 0.009492 0.000000 0.000000 0.000000 1.000000
-0.319969 -0.597199 0.735509 -0.525417 0.793126 0.255804 0.552735 -0.032447 -0.518240 0.760208 0.391804 0.009492 0.000000 0.000000 0.000000 1.000000
-0.280390 -0.570747 0.771769 -0.525417 0.823791 0.269613 0.498676 -0.032447 -0.492698 0.775601 0.394579 0.009492 0.000000 0.000000 0.000000 1.000000
-0.245133 -0.539882 0.805255 -0.525417 0.856126 0.269207 0.441108 -0.032447 -0.454928 0.797530 0.396215 0.009492 0.000000 0.000000 0.000000 1.000000
-0.220211 -0.511166 0.830792 -0.525417 0.883748 0.255980 0.391745 -0.032447 -0.412914 0.820477 0.395372 0.009492 0.000000 0.000000 0.000000 1.000000
-0.211485 -0.493077 0.843889 -0.525417 0.898762 0.241169 0.366149 -0.032447 -0.384060 0.835890 0.392155 0.009492 0.000000 0.000000 0.000000 1.000000
-0.226282 -0.486050 0.844127 -0.525417 0.899771 0.227647 0.372277 -0.032447 -0.373109 0.843761 0.385820 0.009492 0.000000 0.000000 0.000000 1.000000
-0.239476 -0.478083 0.845036 -0.525417 0.902490 0.211316 0.375310 -0.032447 -0.358000 0.852515 0.380860 0.009492 0.000000 0.000000 0.000000 1.000000
-0.244135 -0.466546 0.850136 -0.525417 0.910993 0.190157 0.365968 -0.032447 -0.332401 0.863814 0.378596 0.009492 0.000000 0.000000 0.000000 1.000000
-0.250617 -0.455268 0.854354 -0.525417 0.918782 0.166195 0.358077 -0.032447 -0.305011 0.874706 0.376641 0.009492 0.000000 0.000000 0.000000 1.000000
-0.258359 -0.444674 0.857622 -0.525417 0.925349 0.141060 0.351900 -0.032447 -0.277457 0.884515 0.375034 0.009492 0.000000 0.000000 0.000000 1.000000
-0.266477 -0.435246 0.859971 -0.525417 0.930419 0.116762 0.347402 -0.032447 -0.251618 0.892708 0.373846 0.009492 0.000000 0.000000 0.000000 1.000000
-0.274337 -0.427347 0.861459 -0.525417 0.933948 0.095009 0.344552 -0.032447 -0.229090 0.899081 0.373055 0.009492 0.000000 0.000000 0.000000 1.000000
-0.280908 -0.421307 0.862317 -0.525417 0.936202 0.077461 0.342821 -0.032447 -0.211229 0.903604 0.372669 0.009492 0.000000 0.000000 0.000000 1.000000
-0.285148 -0.417508 0.862773 -0.525417 0.937465 0.065993 0.341768 -0.032447 -0.199629 0.906273 0.372581 0.009492 0.000000 0.000000 0.000000 1.000000
-0.287096 -0.415781 0.862961 -0.525417 0.938003 0.060652 0.341283 -0.032447 -0.194239 0.907440 0.372590 0.009492 0.000000 0.000000 0.000000 1.000000
-0.287654 -0.415264 0.863024 -0.525417 0.938164 0.059061 0.341117 -0.032447 -0.192625 0.907781 0.372596 0.009492 0.000000 0.000000 0.000000 1.000000</float_array>
     <technique_common>
      <accessor source="#jnt_left_arm-Matrix-animation-output-transform-array" count="23" stride="16">
       <param type="float4x4"></param>
      </accessor>
     </technique_common>
    </source>
    <source id="jnt_left_arm-Interpolations">
     <Name_array id="jnt_left_arm-Interpolations-array" count="23">
 LINEAR LINEAR LINEAR LINEAR LINEAR LINEAR LINEAR LINEAR LINEAR LINEAR LINEAR
LINEAR LINEAR LINEAR LINEAR LINEAR LINEAR LINEAR LINEAR LINEAR LINEAR LINEAR LINEAR</Name_array>
     <technique_common>
      <accessor source="#jnt_left_arm-Interpolations-array" count="23">
       <param type="name"></param>
      </accessor>
     </technique_common>
    </source>
    <sampler id="jnt_left_arm-Matrix-animation-transform">
     <input semantic="INPUT" source="#jnt_left_arm-Matrix-animation-input"></input>
     <input semantic="OUTPUT" source="#jnt_left_arm-Matrix-animation-output-transform"></input>
     <input semantic="INTERPOLATION" source="#jnt_left_arm-Interpolations"></input>
    </sampler>
    <channel source="#jnt_left_arm-Matrix-animation-transform" target="jnt_left_arm/matrix"></channel>
   </animation>
  </animation>
  <animation id="jnt_left_armroll-anim" name="jnt_left_armroll">
   <animation>
    <source id="jnt_left_armroll-Matrix-animation-input">
     <float_array id="jnt_left_armroll-Matrix-animation-input-array" count="23">

0.000000 0.033333 0.066667 0.100000 0.133333 0.166667 0.200000 0.233333 0.266667 0.300000 0.333333 0.366667 0.400000 0.433333 0.466667 0.500000
0.533333 0.566667 0.600000 0.633333 0.666667 0.700000 0.733333</float_array>
     <technique_common>
      <accessor source="#jnt_left_armroll-Matrix-animation-input-array" count="23">
       <param name="TIME" type="float"></param>
      </accessor>
     </technique_common>
    </source>
    <source id="jnt_left_armroll-Matrix-animation-output-transform">
     <float_array id="jnt_left_armroll-Matrix-animation-output-transform-array" count="368">

1.000000 -0.000000 0.000000 -0.421995 0.000000 1.000000 0.000000 0.000002 -0.000000 -0.000000 1.000000 -0.000004 0.000000 0.000000 0.000000 1.000000
1.000000 -0.000000 0.000000 -0.421995 0.000000 1.000000 0.000000 0.000002 0.000000 -0.000000 1.000000 -0.000004 0.000000 0.000000 0.000000 1.000000
1.000000 -0.000000 -0.000000 -0.421995 0.000000 1.000000 -0.000000 0.000002 0.000000 0.000000 1.000000 -0.000004 0.000000 0.000000 0.000000 1.000000
1.000000 -0.000000 0.000000 -0.421995 0.000000 1.000000 -0.000000 0.000002 -0.000000 0.000000 1.000000 -0.000004 0.000000 0.000000 0.000000 1.000000
1.000000 -0.000000 -0.000000 -0.421995 0.000000 1.000000 0.000000 0.000002 0.000000 -0.000000 1.000000 -0.000004 0.000000 0.000000 0.000000 1.000000
1.000000 -0.000000 -0.000000 -0.421995 0.000000 1.000000 0.000000 0.000002 0.000000 -0.000000 1.000000 -0.000004 0.000000 0.000000 0.000000 1.000000
1.000000 -0.000000 -0.000000 -0.421995 0.000000 1.000000 -0.000000 0.000003 0.000000 0.000000 1.000000 -0.000004 0.000000 0.000000 0.000000 1.000000
1.000000 -0.000000 0.000000 -0.421995 0.000000 1.000000 0.000000 0.000002 -0.000000 -0.000000 1.000000 -0.000004 0.000000 0.000000 0.000000 1.000000
1.000000 -0.000000 0.000000 -0.421995 0.000000 1.000000 0.000000 0.000003 -0.000000 -0.000000 1.000000 -0.000004 0.000000 0.000000 0.000000 1.000000
1.000000 -0.000000 0.000000 -0.421995 0.000000 1.000000 -0.000000 0.000002 -0.000000 0.000000 1.000000 -0.000004 0.000000 0.000000 0.000000 1.000000
1.000000 -0.000000 0.000000 -0.421995 0.000000 1.000000 -0.000000 0.000002 -0.000000 0.000000 1.000000 -0.000004 0.000000 0.000000 0.000000 1.000000
1.000000 -0.000000 0.000000 -0.421995 0.000000 1.000000 -0.000000 0.000001 -0.000000 0.000000 1.000000 -0.000004 0.000000 0.000000 0.000000 1.000000
1.000000 -0.000000 0.000000 -0.421995 0.000000 1.000000 0.000000 0.000002 -0.000000 -0.000000 1.000000 -0.000004 0.000000 0.000000 0.000000 1.000000
1.000000 -0.000000 0.000000 -0.421995 0.000000 1.000000 0.000000 0.000001 -0.000000 -0.000000 1.000000 -0.000004 0.000000 0.000000 0.000000 1.000000
1.000000 -0.000000 0.000000 -0.421995 0.000000 1.000000 -0.000000 0.000002 -0.000000 0.000000 1.000000 -0.000004 0.000000 0.000000 0.000000 1.000000
1.000000 -0.000000 0.000000 -0.421995 0.000000 1.000000 -0.000000 0.000002 -0.000000 0.000000 1.000000 -0.000004 0.000000 0.000000 0.000000 1.000000
1.000000 -0.000000 0.000000 -0.421995 0.000000 1.000000 0.000000 0.000002 -0.000000 -0.000000 1.000000 -0.000004 0.000000 0.000000 0.000000 1.000000
1.000000 -0.000000 0.000000 -0.421995 0.000000 1.000000 0.000000 0.000002 -0.000000 -0.000000 1.000000 -0.000004 0.000000 0.000000 0.000000 1.000000
1.000000 -0.000000 0.000000 -0.421995 0.000000 1.000000 0.000000 0.000002 -0.000000 -0.000000 1.000000 -0.000004 0.000000 0.000000 0.000000 1.000000
1.000000 -0.000000 0.000000 -0.421995 0.000000 1.000000 0.000000 0.000002 -0.000000 -0.000000 1.000000 -0.000004 0.000000 0.000000 0.000000 1.000000
1.000000 -0.000000 0.000000 -0.421995 0.000000 1.000000 -0.000000 0.000002 -0.000000 0.000000 1.000000 -0.000004 0.000000 0.000000 0.000000 1.000000
1.000000 -0.000000 0.000000 -0.421995 0.000000 1.000000 -0.000000 0.000003 -0.000000 0.000000 1.000000 -0.000004 0.000000 0.000000 0.000000 1.000000
1.000000 -0.000000 0.000000 -0.421995 0.000000 1.000000 0.000000 0.000002 -0.000000 -0.000000 1.000000 -0.000004 0.000000 0.000000 0.000000 1.000000</float_array>
     <technique_common>
      <accessor source="#jnt_left_armroll-Matrix-animation-output-transform-array" count="23" stride="16">
       <param type="float4x4"></param>
      </accessor>
     </technique_common>
    </source>
    <source id="jnt_left_armroll-Interpolations">
     <Name_array id="jnt_left_armroll-Interpolations-array" count="23">
 LINEAR LINEAR LINEAR LINEAR LINEAR LINEAR LINEAR LINEAR LINEAR LINEAR LINEAR
LINEAR LINEAR LINEAR LINEAR LINEAR LINEAR LINEAR LINEAR LINEAR LINEAR LINEAR LINEAR</Name_array>
     <technique_common>
      <accessor source="#jnt_left_armroll-Interpolations-array" count="23">
       <param type="name"></param>
      </accessor>
     </technique_common>
    </source>
    <sampler id="jnt_left_armroll-Matrix-animation-transform">
     <input semantic="INPUT" source="#jnt_left_armroll-Matrix-animation-input"></input>
     <input semantic="OUTPUT" source="#jnt_left_armroll-Matrix-animation-output-transform"></input>
     <input semantic="INTERPOLATION" source="#jnt_left_armroll-Interpolations"></input>
    </sampler>
    <channel source="#jnt_left_armroll-Matrix-animation-transform" target="jnt_left_armroll/matrix"></channel>
   </animation>
  </animation>
  <animation id="jnt_left_forearm-anim" name="jnt_left_forearm">
   <animation>
    <source id="jnt_left_forearm-Matrix-animation-input">
     <float_array id="jnt_left_forearm-Matrix-animation-input-array" count="23">

0.000000 0.033333 0.066667 0.100000 0.133333 0.166667 0.200000 0.233333 0.266667 0.300000 0.333333 0.366667 0.400000 0.433333 0.466667 0.500000
0.533333 0.566667 0.600000 0.633333 0.666667 0.700000 0.733333</float_array>
     <technique_common>
      <accessor source="#jnt_left_forearm-Matrix-animation-input-array" count="23">
       <param name="TIME" type="float"></param>
      </accessor>
     </technique_common>
    </source>
    <source id="jnt_left_forearm-Matrix-animation-output-transform">
     <float_array id="jnt_left_forearm-Matrix-animation-output-transform-array" count="368">

0.106584 -0.239502 0.965027 -0.843981 0.894726 0.446457 0.011983 0.000001 -0.433714 0.862157 0.261873 0.000003 0.000000 0.000000 0.000000 1.000000
-0.302132 -0.521483 0.797980 -0.843981 0.946496 -0.064505 0.316207 0.000001 -0.113423 0.850820 0.513069 0.000004 0.000000 0.000000 0.000000 1.000000
-0.314831 -0.534249 0.784511 -0.843980 0.944439 -0.094093 0.314933 0.000001 -0.094436 0.840074 0.534189 0.000004 0.000000 0.000000 0.000000 1.000000
-0.304489 -0.525843 0.794213 -0.843981 0.946778 -0.075695 0.312862 0.000001 -0.104399 0.847207 0.520905 0.000003 0.000000 0.000000 0.000000 1.000000
-0.285369 -0.508954 0.812115 -0.843981 0.950033 -0.038368 0.309785 0.000001 -0.126507 0.859938 0.494471 0.000004 0.000000 0.000000 0.000000 1.000000
-0.264457 -0.487711 0.831986 -0.843981 0.951760 0.007219 0.306760 0.000001 -0.155617 0.872975 0.462274 0.000004 0.000000 0.000000 0.000000 1.000000
-0.245174 -0.459012 0.853930 -0.843981 0.949769 0.062989 0.306548 0.000001 -0.194498 0.886194 0.420512 0.000004 0.000000 0.000000 0.000000 1.000000
-0.221243 -0.421478 0.879435 -0.843981 0.944323 0.132604 0.301118 0.000001 -0.243531 0.897091 0.368674 0.000004 0.000000 0.000000 0.000000 1.000000
-0.184548 -0.375804 0.908137 -0.843981 0.935792 0.215229 0.279233 0.000001 -0.300395 0.901359 0.311954 0.000004 0.000000 0.000000 0.000000 1.000000
-0.127261 -0.324491 0.937288 -0.843981 0.924146 0.304399 0.230860 0.000001 -0.360222 0.895571 0.261139 0.000003 0.000000 0.000000 0.000000 1.000000
-0.055966 -0.275144 0.959772 -0.843981 0.909066 0.383472 0.162942 0.000001 -0.412879 0.881615 0.228662 0.000003 0.000000 0.000000 0.000000 1.000000
0.009624 -0.240476 0.970607 -0.843981 0.894990 0.434987 0.098897 0.000001 -0.445984 0.867731 0.219410 0.000003 0.000000 0.000000 0.000000 1.000000
0.067901 -0.228769 0.971109 -0.843981 0.889245 0.455207 0.045058 0.000001 -0.452365 0.860494 0.234341 0.000004 0.000000 0.000000 0.000000 1.000000
0.119586 -0.216534 0.968923 -0.843981 0.880774 0.473528 -0.002883 0.000001 -0.458188 0.853747 0.247345 0.000004 0.000000 0.000000 0.000000 1.000000
0.168272 -0.196818 0.965892 -0.843981 0.865896 0.497778 -0.049420 0.000001 -0.471073 0.844678 0.254186 0.000004 0.000000 0.000000 0.000000 1.000000
0.216801 -0.178755 0.959710 -0.843981 0.849596 0.518753 -0.095303 0.000001 -0.480817 0.836027 0.264336 0.000004 0.000000 0.000000 0.000000 1.000000
0.263364 -0.162787 0.950862 -0.843981 0.832518 0.536338 -0.138765 0.000001 -0.487395 0.828156 0.276775 0.000003 0.000000 0.000000 0.000000 1.000000
0.305481 -0.149457 0.940396 -0.843981 0.815833 0.550358 -0.177549 0.000001 -0.491019 0.821443 0.290055 0.000004 0.000000 0.000000 0.000000 1.000000
0.341334 -0.139189 0.929579 -0.843981 0.800823 0.560847 -0.210078 0.000001 -0.492112 0.816135 0.302902 0.000004 0.000000 0.000000 0.000000 1.000000
0.368823 -0.131911 0.920092 -0.843981 0.788748 0.568141 -0.234720 0.000001 -0.491780 0.812290 0.313588 0.000004 0.000000 0.000000 0.000000 1.000000
0.385624 -0.127694 0.913777 -0.843981 0.781101 0.572323 -0.249655 0.000001 -0.491097 0.810025 0.320443 0.000003 0.000000 0.000000 0.000000 1.000000
0.392948 -0.125941 0.910896 -0.843981 0.777723 0.574060 -0.256129 0.000001 -0.490652 0.809069 0.323523 0.000004 0.000000 0.000000 0.000000 1.000000
0.395045 -0.125430 0.910059 -0.843981 0.776744 0.574554 -0.257986 0.000001 -0.490519 0.808798 0.324401 0.000004 0.000000 0.000000 0.000000 1.000000</float_array>
     <technique_common>
      <accessor source="#jnt_left_forearm-Matrix-animation-output-transform-array" count="23" stride="16">
       <param type="float4x4"></param>
      </accessor>
     </technique_common>
    </source>
    <source id="jnt_left_forearm-Interpolations">
     <Name_array id="jnt_left_forearm-Interpolations-array" count="23">
 LINEAR LINEAR LINEAR LINEAR LINEAR LINEAR LINEAR LINEAR LINEAR LINEAR LINEAR
LINEAR LINEAR LINEAR LINEAR LINEAR LINEAR LINEAR LINEAR LINEAR LINEAR LINEAR LINEAR</Name_array>
     <technique_common>
      <accessor source="#jnt_left_forearm-Interpolations-array" count="23">
       <param type="name"></param>
      </accessor>
     </technique_common>
    </source>
    <sampler id="jnt_left_forearm-Matrix-animation-transform">
     <input semantic="INPUT" source="#jnt_left_forearm-Matrix-animation-input"></input>
     <input semantic="OUTPUT" source="#jnt_left_forearm-Matrix-animation-output-transform"></input>
     <input semantic="INTERPOLATION" source="#jnt_left_forearm-Interpolations"></input>
    </sampler>
    <channel source="#jnt_left_forearm-Matrix-animation-transform" target="jnt_left_forearm/matrix"></channel>
   </animation>
  </animation>
  <animation id="jnt_left_forearmroll-anim" name="jnt_left_forearmroll">
   <animation>
    <source id="jnt_left_forearmroll-Matrix-animation-input">
     <float_array id="jnt_left_forearmroll-Matrix-animation-input-array" count="23">

0.000000 0.033333 0.066667 0.100000 0.133333 0.166667 0.200000 0.233333 0.266667 0.300000 0.333333 0.366667 0.400000 0.433333 0.466667 0.500000
0.533333 0.566667 0.600000 0.633333 0.666667 0.700000 0.733333</float_array>
     <technique_common>
      <accessor source="#jnt_left_forearmroll-Matrix-animation-input-array" count="23">
       <param name="TIME" type="float"></param>
      </accessor>
     </technique_common>
    </source>
    <source id="jnt_left_forearmroll-Matrix-animation-output-transform">
     <float_array id="jnt_left_forearmroll-Matrix-animation-output-transform-array" count="368">

1.000000 0.000001 -0.000000 -0.487001 -0.000001 1.000000 -0.000000 -0.000001 0.000000 0.000000 1.000000 -0.000004 0.000000 0.000000 0.000000 1.000000
1.000000 0.000001 -0.000000 -0.487001 -0.000001 1.000000 -0.000000 -0.000000 0.000000 0.000000 1.000000 -0.000004 0.000000 0.000000 0.000000 1.000000
1.000000 0.000001 -0.000000 -0.487000 -0.000001 1.000000 -0.000000 -0.000000 0.000000 0.000000 1.000000 -0.000004 0.000000 0.000000 0.000000 1.000000
1.000000 0.000001 -0.000000 -0.487001 -0.000001 1.000000 -0.000000 -0.000001 0.000000 0.000000 1.000000 -0.000004 0.000000 0.000000 0.000000 1.000000
1.000000 0.000001 -0.000000 -0.487000 -0.000001 1.000000 -0.000000 -0.000000 0.000000 0.000000 1.000000 -0.000004 0.000000 0.000000 0.000000 1.000000
1.000000 0.000001 -0.000000 -0.487001 -0.000001 1.000000 -0.000000 -0.000001 0.000000 0.000000 1.000000 -0.000004 0.000000 0.000000 0.000000 1.000000
1.000000 0.000001 -0.000000 -0.487001 -0.000001 1.000000 -0.000000 -0.000000 0.000000 0.000000 1.000000 -0.000004 0.000000 0.000000 0.000000 1.000000
1.000000 0.000001 -0.000000 -0.487001 -0.000001 1.000000 -0.000000 -0.000001 0.000000 0.000000 1.000000 -0.000004 0.000000 0.000000 0.000000 1.000000
1.000000 0.000001 -0.000000 -0.487001 -0.000001 1.000000 -0.000000 -0.000000 0.000000 0.000000 1.000000 -0.000004 0.000000 0.000000 0.000000 1.000000
1.000000 0.000001 -0.000000 -0.487001 -0.000001 1.000000 -0.000000 -0.000000 0.000000 0.000000 1.000000 -0.000004 0.000000 0.000000 0.000000 1.000000
1.000000 0.000001 -0.000000 -0.487002 -0.000001 1.000000 -0.000000 -0.000000 0.000000 0.000000 1.000000 -0.000004 0.000000 0.000000 0.000000 1.000000
1.000000 0.000001 -0.000000 -0.487001 -0.000001 1.000000 -0.000000 0.000000 0.000000 0.000000 1.000000 -0.000004 0.000000 0.000000 0.000000 1.000000
1.000000 0.000001 -0.000000 -0.487001 -0.000001 1.000000 -0.000000 -0.000001 0.000000 0.000000 1.000000 -0.000004 0.000000 0.000000 0.000000 1.000000
1.000000 0.000001 -0.000000 -0.487001 -0.000001 1.000000 -0.000000 -0.000000 0.000000 0.000000 1.000000 -0.000004 0.000000 0.000000 0.000000 1.000000
1.000000 0.000001 -0.000000 -0.487001 -0.000001 1.000000 -0.000000 0.000000 0.000000 0.000000 1.000000 -0.000004 0.000000 0.000000 0.000000 1.000000
1.000000 0.000001 -0.000000 -0.487001 -0.000001 1.000000 -0.000000 -0.000001 0.000000 0.000000 1.000000 -0.000004 0.000000 0.000000 0.000000 1.000000
1.000000 0.000001 -0.000000 -0.487001 -0.000001 1.000000 -0.000000 -0.000000 0.000000 0.000000 1.000000 -0.000004 0.000000 0.000000 0.000000 1.000000
1.000000 0.000001 -0.000000 -0.487001 -0.000001 1.000000 -0.000000 -0.000001 0.000000 0.000000 1.000000 -0.000004 0.000000 0.000000 0.000000 1.000000
1.000000 0.000001 -0.000000 -0.487001 -0.000001 1.000000 -0.000000 -0.000001 0.000000 0.000000 1.000000 -0.000004 0.000000 0.000000 0.000000 1.000000
1.000000 0.000001 -0.000000 -0.487001 -0.000001 1.000000 -0.000000 -0.000000 0.000000 0.000000 1.000000 -0.000004 0.000000 0.000000 0.000000 1.000000
1.000000 0.000001 -0.000000 -0.487002 -0.000001 1.000000 -0.000000 0.000000 0.000000 0.000000 1.000000 -0.000004 0.000000 0.000000 0.000000 1.000000
1.000000 0.000001 -0.000000 -0.487001 -0.000001 1.000000 -0.000000 -0.000000 0.000000 0.000000 1.000000 -0.000004 0.000000 0.000000 0.000000 1.000000
1.000000 0.000001 -0.000000 -0.487001 -0.000001 1.000000 -0.000000 -0.000001 0.000000 0.000000 1.000000 -0.000004 0.000000 0.000000 0.000000 1.000000</float_array>
     <technique_common>
      <accessor source="#jnt_left_forearmroll-Matrix-animation-output-transform-array" count="23" stride="16">
       <param type="float4x4"></param>
      </accessor>
     </technique_common>
    </source>
    <source id="jnt_left_forearmroll-Interpolations">
     <Name_array id="jnt_left_forearmroll-Interpolations-array" count="23">
 LINEAR LINEAR LINEAR LINEAR LINEAR LINEAR LINEAR LINEAR LINEAR LINEAR LINEAR
LINEAR LINEAR LINEAR LINEAR LINEAR LINEAR LINEAR LINEAR LINEAR LINEAR LINEAR LINEAR</Name_array>
     <technique_common>
      <accessor source="#jnt_left_forearmroll-Interpolations-array" count="23">
       <param type="name"></param>
      </accessor>
     </technique_common>
    </source>
    <sampler id="jnt_left_forearmroll-Matrix-animation-transform">
     <input semantic="INPUT" source="#jnt_left_forearmroll-Matrix-animation-input"></input>
     <input semantic="OUTPUT" source="#jnt_left_forearmroll-Matrix-animation-output-transform"></input>
     <input semantic="INTERPOLATION" source="#jnt_left_forearmroll-Interpolations"></input>
    </sampler>
    <channel source="#jnt_left_forearmroll-Matrix-animation-transform" target="jnt_left_forearmroll/matrix"></channel>
   </animation>
  </animation>
  <animation id="jnt_left_hand-anim" name="jnt_left_hand">
   <animation>
    <source id="jnt_left_hand-Matrix-animation-input">
     <float_array id="jnt_left_hand-Matrix-animation-input-array" count="23">

0.000000 0.033333 0.066667 0.100000 0.133333 0.166667 0.200000 0.233333 0.266667 0.300000 0.333333 0.366667 0.400000 0.433333 0.466667 0.500000
0.533333 0.566667 0.600000 0.633333 0.666667 0.700000 0.733333</float_array>
     <technique_common>
      <accessor source="#jnt_left_hand-Matrix-animation-input-array" count="23">
       <param name="TIME" type="float"></param>
      </accessor>
     </technique_common>
    </source>
    <source id="jnt_left_hand-Matrix-animation-output-transform">
     <float_array id="jnt_left_hand-Matrix-animation-output-transform-array" count="368">

0.986132 -0.082528 -0.143991 -0.975262 -0.072766 0.564765 -0.822037 -0.000001 0.149162 0.821115 0.550927 0.000000 0.000000 0.000000 0.000000 1.000000
0.861845 -0.104305 -0.496330 -0.975262 -0.341565 0.604043 -0.720045 -0.000001 0.374909 0.790097 0.484964 0.000000 0.000000 0.000000 0.000000 1.000000
0.853520 -0.098813 -0.511605 -0.975261 -0.356767 0.604780 -0.712010 -0.000001 0.379765 0.790239 0.480938 0.000000 0.000000 0.000000 0.000000 1.000000
0.856815 -0.103190 -0.505193 -0.975262 -0.350605 0.601821 -0.717556 -0.000001 0.378081 0.791937 0.479470 0.000000 0.000000 0.000000 0.000000 1.000000
0.865546 -0.110564 -0.488472 -0.975262 -0.334464 0.598349 -0.728087 -0.000001 0.372777 0.793571 0.480919 0.000001 0.000000 0.000000 0.000000 1.000000
0.877141 -0.117417 -0.465657 -0.975262 -0.312797 0.596064 -0.739503 -0.000001 0.364392 0.794305 0.486104 0.000000 0.000000 0.000000 0.000000 1.000000
0.888760 -0.122360 -0.441738 -0.975262 -0.290909 0.594180 -0.749881 -0.000001 0.354228 0.794971 0.492487 0.000000 0.000000 0.000000 0.000000 1.000000
0.902511 -0.126351 -0.411714 -0.975262 -0.264498 0.591833 -0.761428 -0.000001 0.339873 0.796096 0.500716 0.000000 0.000000 0.000000 0.000000 1.000000
0.920226 -0.128352 -0.369742 -0.975262 -0.229489 0.588313 -0.775385 -0.000001 0.317046 0.798382 0.511925 0.000000 0.000000 0.000000 0.000000 1.000000
0.941857 -0.125021 -0.311888 -0.975262 -0.184588 0.583089 -0.791160 -0.000000 0.280771 0.802731 0.526109 0.000000 0.000000 0.000000 0.000000 1.000000
0.962179 -0.113692 -0.247559 -0.975262 -0.138859 0.577141 -0.804752 -0.000001 0.234370 0.808692 0.539525 0.000000 0.000000 0.000000 0.000000 1.000000
0.975971 -0.098860 -0.194182 -0.975262 -0.103836 0.572460 -0.813331 -0.000001 0.191567 0.813951 0.548439 0.000000 0.000000 0.000000 0.000000 1.000000
0.984496 -0.086206 -0.152759 -0.975262 -0.077323 0.568414 -0.819101 -0.000001 0.157442 0.818214 0.552935 0.000000 0.000000 0.000000 0.000000 1.000000
0.990158 -0.073403 -0.119154 -0.975262 -0.057171 0.564970 -0.823128 -0.000001 0.127739 0.821840 0.555214 0.000000 0.000000 0.000000 0.000000 1.000000
0.994327 -0.057773 -0.089309 -0.975262 -0.041503 0.562357 -0.825852 -0.000001 0.097935 0.824874 0.556769 0.000000 0.000000 0.000000 0.000000 1.000000
0.997307 -0.041103 -0.060734 -0.975262 -0.027336 0.560121 -0.827959 -0.000001 0.068050 0.827390 0.557489 0.000000 0.000000 0.000000 0.000000 1.000000
0.999122 -0.024225 -0.034167 -0.975262 -0.014830 0.558305 -0.829503 -0.000000 0.039170 0.829282 0.557456 0.000000 0.000000 0.000000 0.000000 1.000000
0.999909 -0.008201 -0.010684 -0.975262 -0.004307 0.556913 -0.830559 -0.000001 0.012761 0.830530 0.556827 0.000000 0.000000 0.000000 0.000000 1.000000
0.999943 0.006059 0.008823 -0.975262 0.003966 0.555923 -0.831224 -0.000001 -0.009942 0.831211 0.555867 0.000000 0.000000 0.000000 0.000000 1.000000
0.999573 0.017285 0.023581 -0.975262 0.010018 0.555244 -0.831627 -0.000001 -0.027468 0.831508 0.554833 0.000000 0.000000 0.000000 0.000000 1.000000
0.999175 0.024251 0.032574 -0.975262 0.013650 0.554878 -0.831819 -0.000001 -0.038247 0.831578 0.554090 0.000000 0.000000 0.000000 0.000000 1.000000
0.998962 0.027304 0.036457 -0.975262 0.015198 0.554733 -0.831889 -0.000001 -0.042937 0.831580 0.553742 0.000000 0.000000 0.000000 0.000000 1.000000
0.998897 0.028181 0.037558 -0.975262 0.015630 0.554685 -0.831913 -0.000001 -0.044277 0.831582 0.553633 0.000000 0.000000 0.000000 0.000000 1.000000</float_array>
     <technique_common>
      <accessor source="#jnt_left_hand-Matrix-animation-output-transform-array" count="23" stride="16">
       <param type="float4x4"></param>
      </accessor>
     </technique_common>
    </source>
    <source id="jnt_left_hand-Interpolations">
     <Name_array id="jnt_left_hand-Interpolations-array" count="23">
 LINEAR LINEAR LINEAR LINEAR LINEAR LINEAR LINEAR LINEAR LINEAR LINEAR LINEAR
LINEAR LINEAR LINEAR LINEAR LINEAR LINEAR LINEAR LINEAR LINEAR LINEAR LINEAR LINEAR</Name_array>
     <technique_common>
      <accessor source="#jnt_left_hand-Interpolations-array" count="23">
       <param type="name"></param>
      </accessor>
     </technique_common>
    </source>
    <sampler id="jnt_left_hand-Matrix-animation-transform">
     <input semantic="INPUT" source="#jnt_left_hand-Matrix-animation-input"></input>
     <input semantic="OUTPUT" source="#jnt_left_hand-Matrix-animation-output-transform"></input>
     <input semantic="INTERPOLATION" source="#jnt_left_hand-Interpolations"></input>
    </sampler>
    <channel source="#jnt_left_hand-Matrix-animation-transform" target="jnt_left_hand/matrix"></channel>
   </animation>
  </animation>
  <animation id="jnt_left_handthumb1-anim" name="jnt_left_handthumb1">
   <animation>
    <source id="jnt_left_handthumb1-Matrix-animation-input">
     <float_array id="jnt_left_handthumb1-Matrix-animation-input-array" count="23">

0.000000 0.033333 0.066667 0.100000 0.133333 0.166667 0.200000 0.233333 0.266667 0.300000 0.333333 0.366667 0.400000 0.433333 0.466667 0.500000
0.533333 0.566667 0.600000 0.633333 0.666667 0.700000 0.733333</float_array>
     <technique_common>
      <accessor source="#jnt_left_handthumb1-Matrix-animation-input-array" count="23">
       <param name="TIME" type="float"></param>
      </accessor>
     </technique_common>
    </source>
    <source id="jnt_left_handthumb1-Matrix-animation-output-transform">
     <float_array id="jnt_left_handthumb1-Matrix-animation-output-transform-array" count="368">

0.847245 -0.522545 -0.095504 -0.060228 0.457005 0.625381 0.632491 -0.203939 -0.270779 -0.579521 0.768657 0.155677 0.000000 0.000000 0.000000 1.000000
0.847246 -0.522546 -0.095504 -0.060229 0.457005 0.625381 0.632491 -0.203940 -0.270779 -0.579521 0.768657 0.155679 0.000000 0.000000 0.000000 1.000000
0.847246 -0.522545 -0.095504 -0.060230 0.457005 0.625381 0.632491 -0.203940 -0.270779 -0.579521 0.768657 0.155678 0.000000 0.000000 0.000000 1.000000
0.847246 -0.522545 -0.095504 -0.060229 0.457005 0.625381 0.632491 -0.203939 -0.270779 -0.579521 0.768657 0.155678 0.000000 0.000000 0.000000 1.000000
0.847246 -0.522545 -0.095504 -0.060229 0.457005 0.625381 0.632491 -0.203940 -0.270779 -0.579521 0.768657 0.155678 0.000000 0.000000 0.000000 1.000000
0.847245 -0.522545 -0.095504 -0.060228 0.457005 0.625381 0.632491 -0.203939 -0.270779 -0.579521 0.768657 0.155677 0.000000 0.000000 0.000000 1.000000
0.847246 -0.522545 -0.095504 -0.060229 0.457005 0.625381 0.632491 -0.203940 -0.270779 -0.579521 0.768657 0.155678 0.000000 0.000000 0.000000 1.000000
0.847246 -0.522545 -0.095504 -0.060229 0.457005 0.625381 0.632491 -0.203939 -0.270779 -0.579521 0.768657 0.155678 0.000000 0.000000 0.000000 1.000000
0.847246 -0.522546 -0.095504 -0.060229 0.457005 0.625381 0.632491 -0.203939 -0.270779 -0.579521 0.768657 0.155678 0.000000 0.000000 0.000000 1.000000
0.847246 -0.522546 -0.095504 -0.060228 0.457005 0.625381 0.632491 -0.203939 -0.270779 -0.579521 0.768657 0.155677 0.000000 0.000000 0.000000 1.000000
0.847246 -0.522545 -0.095504 -0.060228 0.457005 0.625381 0.632491 -0.203939 -0.270779 -0.579521 0.768657 0.155677 0.000000 0.000000 0.000000 1.000000
0.847245 -0.522545 -0.095504 -0.060228 0.457005 0.625381 0.632491 -0.203939 -0.270779 -0.579521 0.768657 0.155678 0.000000 0.000000 0.000000 1.000000
0.847246 -0.522545 -0.095504 -0.060229 0.457005 0.625381 0.632491 -0.203939 -0.270779 -0.579521 0.768657 0.155678 0.000000 0.000000 0.000000 1.000000
0.847246 -0.522546 -0.095504 -0.060229 0.457005 0.625381 0.632491 -0.203939 -0.270779 -0.579521 0.768657 0.155678 0.000000 0.000000 0.000000 1.000000
0.847246 -0.522546 -0.095504 -0.060228 0.457005 0.625381 0.632491 -0.203939 -0.270779 -0.579521 0.768657 0.155678 0.000000 0.000000 0.000000 1.000000
0.847246 -0.522546 -0.095504 -0.060229 0.457005 0.625381 0.632491 -0.203939 -0.270779 -0.579521 0.768657 0.155678 0.000000 0.000000 0.000000 1.000000
0.847246 -0.522545 -0.095504 -0.060229 0.457005 0.625381 0.632491 -0.203939 -0.270779 -0.579521 0.768657 0.155678 0.000000 0.000000 0.000000 1.000000
0.847246 -0.522546 -0.095504 -0.060229 0.457005 0.625381 0.632491 -0.203940 -0.270779 -0.579521 0.768657 0.155678 0.000000 0.000000 0.000000 1.000000
0.847246 -0.522545 -0.095504 -0.060229 0.457005 0.625381 0.632491 -0.203940 -0.270779 -0.579521 0.768657 0.155678 0.000000 0.000000 0.000000 1.000000
0.847246 -0.522545 -0.095504 -0.060229 0.457005 0.625381 0.632491 -0.203939 -0.270779 -0.579521 0.768657 0.155678 0.000000 0.000000 0.000000 1.000000
0.847246 -0.522546 -0.095504 -0.060230 0.457005 0.625381 0.632491 -0.203940 -0.270779 -0.579521 0.768657 0.155679 0.000000 0.000000 0.000000 1.000000
0.847246 -0.522546 -0.095504 -0.060229 0.457005 0.625381 0.632491 -0.203939 -0.270779 -0.579521 0.768657 0.155678 0.000000 0.000000 0.000000 1.000000
0.847246 -0.522545 -0.095504 -0.060229 0.457005 0.625381 0.632491 -0.203939 -0.270779 -0.579521 0.768657 0.155678 0.000000 0.000000 0.000000 1.000000</float_array>
     <technique_common>
      <accessor source="#jnt_left_handthumb1-Matrix-animation-output-transform-array" count="23" stride="16">
       <param type="float4x4"></param>
      </accessor>
     </technique_common>
    </source>
    <source id="jnt_left_handthumb1-Interpolations">
     <Name_array id="jnt_left_handthumb1-Interpolations-array" count="23">
 LINEAR LINEAR LINEAR LINEAR LINEAR LINEAR LINEAR LINEAR LINEAR LINEAR LINEAR
LINEAR LINEAR LINEAR LINEAR LINEAR LINEAR LINEAR LINEAR LINEAR LINEAR LINEAR LINEAR</Name_array>
     <technique_common>
      <accessor source="#jnt_left_handthumb1-Interpolations-array" count="23">
       <param type="name"></param>
      </accessor>
     </technique_common>
    </source>
    <sampler id="jnt_left_handthumb1-Matrix-animation-transform">
     <input semantic="INPUT" source="#jnt_left_handthumb1-Matrix-animation-input"></input>
     <input semantic="OUTPUT" source="#jnt_left_handthumb1-Matrix-animation-output-transform"></input>
     <input semantic="INTERPOLATION" source="#jnt_left_handthumb1-Interpolations"></input>
    </sampler>
    <channel source="#jnt_left_handthumb1-Matrix-animation-transform" target="jnt_left_handthumb1/matrix"></channel>
   </animation>
  </animation>
  <animation id="jnt_left_handthumb2-anim" name="jnt_left_handthumb2">
   <animation>
    <source id="jnt_left_handthumb2-Matrix-animation-input">
     <float_array id="jnt_left_handthumb2-Matrix-animation-input-array" count="23">

0.000000 0.033333 0.066667 0.100000 0.133333 0.166667 0.200000 0.233333 0.266667 0.300000 0.333333 0.366667 0.400000 0.433333 0.466667 0.500000
0.533333 0.566667 0.600000 0.633333 0.666667 0.700000 0.733333</float_array>
     <technique_common>
      <accessor source="#jnt_left_handthumb2-Matrix-animation-input-array" count="23">
       <param name="TIME" type="float"></param>
      </accessor>
     </technique_common>
    </source>
    <source id="jnt_left_handthumb2-Matrix-animation-output-transform">
     <float_array id="jnt_left_handthumb2-Matrix-animation-output-transform-array" count="368">

0.936673 0.350206 -0.000000 -0.213228 -0.350206 0.936672 -0.000003 -0.000001 -0.000001 0.000003 1.000000 0.000004 0.000000 0.000000 0.000000 1.000000
0.936673 0.350206 -0.000001 -0.213227 -0.350207 0.936673 -0.000003 -0.000001 -0.000001 0.000003 1.000000 0.000004 0.000000 0.000000 0.000000 1.000000
0.936673 0.350206 -0.000000 -0.213227 -0.350206 0.936673 -0.000003 -0.000002 -0.000001 0.000003 1.000000 0.000004 0.000000 0.000000 0.000000 1.000000
0.936673 0.350206 -0.000001 -0.213227 -0.350206 0.936672 -0.000003 -0.000001 -0.000001 0.000003 1.000000 0.000004 0.000000 0.000000 0.000000 1.000000
0.936672 0.350206 -0.000001 -0.213227 -0.350206 0.936672 -0.000003 -0.000002 -0.000001 0.000003 1.000000 0.000003 0.000000 0.000000 0.000000 1.000000
0.936672 0.350206 -0.000000 -0.213228 -0.350206 0.936672 -0.000003 -0.000002 -0.000001 0.000003 1.000000 0.000004 0.000000 0.000000 0.000000 1.000000
0.936673 0.350206 -0.000000 -0.213227 -0.350207 0.936672 -0.000003 -0.000003 -0.000001 0.000003 1.000000 0.000004 0.000000 0.000000 0.000000 1.000000
0.936672 0.350206 -0.000000 -0.213227 -0.350206 0.936672 -0.000003 -0.000002 -0.000001 0.000003 1.000000 0.000004 0.000000 0.000000 0.000000 1.000000
0.936673 0.350207 -0.000001 -0.213227 -0.350207 0.936673 -0.000003 -0.000002 -0.000001 0.000003 1.000000 0.000004 0.000000 0.000000 0.000000 1.000000
0.936673 0.350206 -0.000001 -0.213226 -0.350206 0.936673 -0.000003 -0.000002 -0.000001 0.000003 1.000000 0.000004 0.000000 0.000000 0.000000 1.000000
0.936673 0.350206 -0.000001 -0.213227 -0.350206 0.936672 -0.000003 -0.000002 -0.000001 0.000003 1.000000 0.000004 0.000000 0.000000 0.000000 1.000000
0.936673 0.350206 -0.000001 -0.213227 -0.350206 0.936673 -0.000003 -0.000003 -0.000001 0.000003 1.000000 0.000004 0.000000 0.000000 0.000000 1.000000
0.936673 0.350206 -0.000001 -0.213226 -0.350206 0.936672 -0.000003 -0.000001 -0.000001 0.000003 1.000000 0.000004 0.000000 0.000000 0.000000 1.000000
0.936673 0.350206 -0.000001 -0.213227 -0.350206 0.936672 -0.000003 -0.000002 -0.000001 0.000003 1.000000 0.000004 0.000000 0.000000 0.000000 1.000000
0.936672 0.350206 -0.000001 -0.213227 -0.350206 0.936672 -0.000003 -0.000002 -0.000001 0.000003 1.000000 0.000004 0.000000 0.000000 0.000000 1.000000
0.936673 0.350206 -0.000001 -0.213226 -0.350206 0.936672 -0.000003 -0.000001 -0.000001 0.000003 1.000000 0.000004 0.000000 0.000000 0.000000 1.000000
0.936673 0.350206 -0.000001 -0.213227 -0.350206 0.936672 -0.000003 -0.000001 -0.000001 0.000003 1.000000 0.000004 0.000000 0.000000 0.000000 1.000000
0.936672 0.350206 -0.000001 -0.213226 -0.350206 0.936673 -0.000003 -0.000002 -0.000001 0.000003 1.000000 0.000004 0.000000 0.000000 0.000000 1.000000
0.936673 0.350206 -0.000000 -0.213227 -0.350206 0.936673 -0.000003 -0.000002 -0.000001 0.000003 1.000000 0.000004 0.000000 0.000000 0.000000 1.000000
0.936673 0.350206 -0.000001 -0.213227 -0.350207 0.936673 -0.000003 -0.000001 -0.000001 0.000003 1.000000 0.000003 0.000000 0.000000 0.000000 1.000000
0.936673 0.350206 -0.000001 -0.213227 -0.350206 0.936673 -0.000003 -0.000002 -0.000001 0.000003 1.000000 0.000003 0.000000 0.000000 0.000000 1.000000
0.936672 0.350206 -0.000001 -0.213226 -0.350206 0.936673 -0.000003 -0.000002 -0.000001 0.000003 1.000000 0.000005 0.000000 0.000000 0.000000 1.000000
0.936673 0.350207 -0.000000 -0.213227 -0.350206 0.936673 -0.000003 -0.000001 -0.000001 0.000003 1.000000 0.000003 0.000000 0.000000 0.000000 1.000000</float_array>
     <technique_common>
      <accessor source="#jnt_left_handthumb2-Matrix-animation-output-transform-array" count="23" stride="16">
       <param type="float4x4"></param>
      </accessor>
     </technique_common>
    </source>
    <source id="jnt_left_handthumb2-Interpolations">
     <Name_array id="jnt_left_handthumb2-Interpolations-array" count="23">
 LINEAR LINEAR LINEAR LINEAR LINEAR LINEAR LINEAR LINEAR LINEAR LINEAR LINEAR
LINEAR LINEAR LINEAR LINEAR LINEAR LINEAR LINEAR LINEAR LINEAR LINEAR LINEAR LINEAR</Name_array>
     <technique_common>
      <accessor source="#jnt_left_handthumb2-Interpolations-array" count="23">
       <param type="name"></param>
      </accessor>
     </technique_common>
    </source>
    <sampler id="jnt_left_handthumb2-Matrix-animation-transform">
     <input semantic="INPUT" source="#jnt_left_handthumb2-Matrix-animation-input"></input>
     <input semantic="OUTPUT" source="#jnt_left_handthumb2-Matrix-animation-output-transform"></input>
     <input semantic="INTERPOLATION" source="#jnt_left_handthumb2-Interpolations"></input>
    </sampler>
    <channel source="#jnt_left_handthumb2-Matrix-animation-transform" target="jnt_left_handthumb2/matrix"></channel>
   </animation>
  </animation>
  <animation id="jnt_left_handthumb3-anim" name="jnt_left_handthumb3">
   <animation>
    <source id="jnt_left_handthumb3-Matrix-animation-input">
     <float_array id="jnt_left_handthumb3-Matrix-animation-input-array" count="23">

0.000000 0.033333 0.066667 0.100000 0.133333 0.166667 0.200000 0.233333 0.266667 0.300000 0.333333 0.366667 0.400000 0.433333 0.466667 0.500000
0.533333 0.566667 0.600000 0.633333 0.666667 0.700000 0.733333</float_array>
     <technique_common>
      <accessor source="#jnt_left_handthumb3-Matrix-animation-input-array" count="23">
       <param name="TIME" type="float"></param>
      </accessor>
     </technique_common>
    </source>
    <source id="jnt_left_handthumb3-Matrix-animation-output-transform">
     <float_array id="jnt_left_handthumb3-Matrix-animation-output-transform-array" count="368">

0.957316 0.289044 -0.000001 -0.141880 -0.289044 0.957316 -0.000003 0.000002 0.000000 0.000003 1.000000 -0.000027 0.000000 0.000000 0.000000 1.000000
0.957316 0.289044 -0.000001 -0.141879 -0.289044 0.957316 -0.000003 0.000003 0.000000 0.000003 1.000000 -0.000027 0.000000 0.000000 0.000000 1.000000
0.957316 0.289044 -0.000001 -0.141880 -0.289044 0.957316 -0.000003 0.000003 0.000000 0.000003 1.000000 -0.000027 0.000000 0.000000 0.000000 1.000000
0.957316 0.289044 -0.000001 -0.141878 -0.289044 0.957316 -0.000003 0.000003 0.000000 0.000003 1.000000 -0.000027 0.000000 0.000000 0.000000 1.000000
0.957316 0.289044 -0.000001 -0.141879 -0.289044 0.957316 -0.000003 0.000003 0.000000 0.000003 1.000000 -0.000027 0.000000 0.000000 0.000000 1.000000
0.957316 0.289044 -0.000001 -0.141879 -0.289044 0.957316 -0.000003 0.000003 0.000000 0.000003 1.000000 -0.000027 0.000000 0.000000 0.000000 1.000000
0.957316 0.289044 -0.000001 -0.141879 -0.289044 0.957316 -0.000003 0.000004 0.000000 0.000003 1.000000 -0.000027 0.000000 0.000000 0.000000 1.000000
0.957316 0.289044 -0.000001 -0.141880 -0.289044 0.957316 -0.000003 0.000003 0.000000 0.000003 1.000000 -0.000027 0.000000 0.000000 0.000000 1.000000
0.957316 0.289044 -0.000001 -0.141880 -0.289044 0.957316 -0.000003 0.000003 0.000000 0.000003 1.000000 -0.000027 0.000000 0.000000 0.000000 1.000000
0.957316 0.289044 -0.000001 -0.141879 -0.289044 0.957316 -0.000003 0.000003 0.000000 0.000003 1.000000 -0.000027 0.000000 0.000000 0.000000 1.000000
0.957316 0.289044 -0.000001 -0.141879 -0.289044 0.957316 -0.000003 0.000004 0.000000 0.000003 1.000000 -0.000027 0.000000 0.000000 0.000000 1.000000
0.957316 0.289044 -0.000001 -0.141878 -0.289044 0.957316 -0.000003 0.000003 0.000000 0.000003 1.000000 -0.000027 0.000000 0.000000 0.000000 1.000000
0.957316 0.289044 -0.000001 -0.141879 -0.289044 0.957316 -0.000003 0.000003 0.000000 0.000003 1.000000 -0.000027 0.000000 0.000000 0.000000 1.000000
0.957316 0.289044 -0.000001 -0.141879 -0.289044 0.957316 -0.000003 0.000003 0.000000 0.000003 1.000000 -0.000027 0.000000 0.000000 0.000000 1.000000
0.957316 0.289044 -0.000001 -0.141879 -0.289044 0.957316 -0.000003 0.000003 0.000000 0.000003 1.000000 -0.000027 0.000000 0.000000 0.000000 1.000000
0.957316 0.289044 -0.000001 -0.141879 -0.289044 0.957316 -0.000003 0.000003 0.000000 0.000003 1.000000 -0.000026 0.000000 0.000000 0.000000 1.000000
0.957316 0.289044 -0.000001 -0.141879 -0.289044 0.957316 -0.000003 0.000004 0.000000 0.000003 1.000000 -0.000026 0.000000 0.000000 0.000000 1.000000
0.957316 0.289044 -0.000001 -0.141879 -0.289044 0.957316 -0.000003 0.000002 0.000000 0.000003 1.000000 -0.000026 0.000000 0.000000 0.000000 1.000000
0.957316 0.289044 -0.000001 -0.141879 -0.289044 0.957316 -0.000003 0.000003 0.000000 0.000003 1.000000 -0.000027 0.000000 0.000000 0.000000 1.000000
0.957316 0.289044 -0.000001 -0.141878 -0.289044 0.957316 -0.000003 0.000004 0.000000 0.000003 1.000000 -0.000027 0.000000 0.000000 0.000000 1.000000
0.957316 0.289044 -0.000001 -0.141880 -0.289044 0.957316 -0.000003 0.000002 0.000000 0.000003 1.000000 -0.000027 0.000000 0.000000 0.000000 1.000000
0.957316 0.289044 -0.000001 -0.141879 -0.289044 0.957316 -0.000003 0.000003 0.000000 0.000003 1.000000 -0.000027 0.000000 0.000000 0.000000 1.000000
0.957316 0.289044 -0.000001 -0.141880 -0.289044 0.957316 -0.000003 0.000002 0.000000 0.000003 1.000000 -0.000027 0.000000 0.000000 0.000000 1.000000</float_array>
     <technique_common>
      <accessor source="#jnt_left_handthumb3-Matrix-animation-output-transform-array" count="23" stride="16">
       <param type="float4x4"></param>
      </accessor>
     </technique_common>
    </source>
    <source id="jnt_left_handthumb3-Interpolations">
     <Name_array id="jnt_left_handthumb3-Interpolations-array" count="23">
 LINEAR LINEAR LINEAR LINEAR LINEAR LINEAR LINEAR LINEAR LINEAR LINEAR LINEAR
LINEAR LINEAR LINEAR LINEAR LINEAR LINEAR LINEAR LINEAR LINEAR LINEAR LINEAR LINEAR</Name_array>
     <technique_common>
      <accessor source="#jnt_left_handthumb3-Interpolations-array" count="23">
       <param type="name"></param>
      </accessor>
     </technique_common>
    </source>
    <sampler id="jnt_left_handthumb3-Matrix-animation-transform">
     <input semantic="INPUT" source="#jnt_left_handthumb3-Matrix-animation-input"></input>
     <input semantic="OUTPUT" source="#jnt_left_handthumb3-Matrix-animation-output-transform"></input>
     <input semantic="INTERPOLATION" source="#jnt_left_handthumb3-Interpolations"></input>
    </sampler>
    <channel source="#jnt_left_handthumb3-Matrix-animation-transform" target="jnt_left_handthumb3/matrix"></channel>
   </animation>
  </animation>
  <animation id="jnt_left_handthumb4-anim" name="jnt_left_handthumb4">
   <animation>
    <source id="jnt_left_handthumb4-Matrix-animation-input">
     <float_array id="jnt_left_handthumb4-Matrix-animation-input-array" count="23">

0.000000 0.033333 0.066667 0.100000 0.133333 0.166667 0.200000 0.233333 0.266667 0.300000 0.333333 0.366667 0.400000 0.433333 0.466667 0.500000
0.533333 0.566667 0.600000 0.633333 0.666667 0.700000 0.733333</float_array>
     <technique_common>
      <accessor source="#jnt_left_handthumb4-Matrix-animation-input-array" count="23">
       <param name="TIME" type="float"></param>
      </accessor>
     </technique_common>
    </source>
    <source id="jnt_left_handthumb4-Matrix-animation-output-transform">
     <float_array id="jnt_left_handthumb4-Matrix-animation-output-transform-array" count="368">

1.000000 -0.000000 -0.000000 -0.122601 0.000000 1.000000 0.000000 -0.000006 0.000000 -0.000000 1.000000 0.000005 0.000000 0.000000 0.000000 1.000000
1.000000 -0.000000 0.000000 -0.122601 0.000000 1.000000 0.000000 -0.000006 -0.000000 -0.000000 1.000000 0.000005 0.000000 0.000000 0.000000 1.000000
1.000000 -0.000000 -0.000000 -0.122601 0.000000 1.000000 0.000000 -0.000006 0.000000 -0.000000 1.000000 0.000005 0.000000 0.000000 0.000000 1.000000
1.000000 -0.000000 0.000000 -0.122601 0.000000 1.000000 0.000000 -0.000006 -0.000000 -0.000000 1.000000 0.000005 0.000000 0.000000 0.000000 1.000000
1.000000 -0.000000 0.000000 -0.122601 0.000000 1.000000 0.000000 -0.000006 -0.000000 -0.000000 1.000000 0.000005 0.000000 0.000000 0.000000 1.000000
1.000000 -0.000000 0.000000 -0.122601 0.000000 1.000000 0.000000 -0.000006 -0.000000 -0.000000 1.000000 0.000005 0.000000 0.000000 0.000000 1.000000
1.000000 -0.000000 -0.000000 -0.122601 0.000000 1.000000 0.000000 -0.000006 0.000000 -0.000000 1.000000 0.000005 0.000000 0.000000 0.000000 1.000000
1.000000 -0.000000 -0.000000 -0.122601 0.000000 1.000000 0.000000 -0.000006 0.000000 -0.000000 1.000000 0.000005 0.000000 0.000000 0.000000 1.000000
1.000000 -0.000000 0.000000 -0.122601 0.000000 1.000000 0.000000 -0.000006 -0.000000 -0.000000 1.000000 0.000005 0.000000 0.000000 0.000000 1.000000
1.000000 -0.000000 0.000000 -0.122601 0.000000 1.000000 0.000000 -0.000006 -0.000000 -0.000000 1.000000 0.000005 0.000000 0.000000 0.000000 1.000000
1.000000 -0.000000 0.000000 -0.122601 0.000000 1.000000 0.000000 -0.000006 -0.000000 -0.000000 1.000000 0.000005 0.000000 0.000000 0.000000 1.000000
1.000000 -0.000000 0.000000 -0.122601 0.000000 1.000000 0.000000 -0.000006 -0.000000 -0.000000 1.000000 0.000005 0.000000 0.000000 0.000000 1.000000
1.000000 -0.000000 0.000000 -0.122601 0.000000 1.000000 0.000000 -0.000006 -0.000000 -0.000000 1.000000 0.000005 0.000000 0.000000 0.000000 1.000000
1.000000 -0.000000 0.000000 -0.122601 0.000000 1.000000 0.000000 -0.000005 -0.000000 -0.000000 1.000000 0.000005 0.000000 0.000000 0.000000 1.000000
1.000000 -0.000000 -0.000000 -0.122601 0.000000 1.000000 0.000000 -0.000006 0.000000 -0.000000 1.000000 0.000005 0.000000 0.000000 0.000000 1.000000
1.000000 -0.000000 -0.000000 -0.122601 0.000000 1.000000 0.000000 -0.000006 0.000000 -0.000000 1.000000 0.000005 0.000000 0.000000 0.000000 1.000000
1.000000 -0.000000 0.000000 -0.122601 0.000000 1.000000 0.000000 -0.000006 -0.000000 -0.000000 1.000000 0.000005 0.000000 0.000000 0.000000 1.000000
1.000000 -0.000000 -0.000000 -0.122601 0.000000 1.000000 0.000000 -0.000006 0.000000 -0.000000 1.000000 0.000005 0.000000 0.000000 0.000000 1.000000
1.000000 -0.000000 0.000000 -0.122601 0.000000 1.000000 0.000000 -0.000006 -0.000000 -0.000000 1.000000 0.000005 0.000000 0.000000 0.000000 1.000000
1.000000 -0.000000 -0.000000 -0.122601 0.000000 1.000000 0.000000 -0.000006 0.000000 -0.000000 1.000000 0.000005 0.000000 0.000000 0.000000 1.000000
1.000000 -0.000000 -0.000000 -0.122601 0.000000 1.000000 0.000000 -0.000006 0.000000 -0.000000 1.000000 0.000004 0.000000 0.000000 0.000000 1.000000
1.000000 -0.000000 -0.000000 -0.122601 0.000000 1.000000 0.000000 -0.000006 0.000000 -0.000000 1.000000 0.000005 0.000000 0.000000 0.000000 1.000000
1.000000 -0.000000 -0.000000 -0.122601 0.000000 1.000000 0.000000 -0.000006 0.000000 -0.000000 1.000000 0.000005 0.000000 0.000000 0.000000 1.000000</float_array>
     <technique_common>
      <accessor source="#jnt_left_handthumb4-Matrix-animation-output-transform-array" count="23" stride="16">
       <param type="float4x4"></param>
      </accessor>
     </technique_common>
    </source>
    <source id="jnt_left_handthumb4-Interpolations">
     <Name_array id="jnt_left_handthumb4-Interpolations-array" count="23">
 LINEAR LINEAR LINEAR LINEAR LINEAR LINEAR LINEAR LINEAR LINEAR LINEAR LINEAR
LINEAR LINEAR LINEAR LINEAR LINEAR LINEAR LINEAR LINEAR LINEAR LINEAR LINEAR LINEAR</Name_array>
     <technique_common>
      <accessor source="#jnt_left_handthumb4-Interpolations-array" count="23">
       <param type="name"></param>
      </accessor>
     </technique_common>
    </source>
    <sampler id="jnt_left_handthumb4-Matrix-animation-transform">
     <input semantic="INPUT" source="#jnt_left_handthumb4-Matrix-animation-input"></input>
     <input semantic="OUTPUT" source="#jnt_left_handthumb4-Matrix-animation-output-transform"></input>
     <input semantic="INTERPOLATION" source="#jnt_left_handthumb4-Interpolations"></input>
    </sampler>
    <channel source="#jnt_left_handthumb4-Matrix-animation-transform" target="jnt_left_handthumb4/matrix"></channel>
   </animation>
  </animation>
  <animation id="jnt_left_handindex1-anim" name="jnt_left_handindex1">
   <animation>
    <source id="jnt_left_handindex1-Matrix-animation-input">
     <float_array id="jnt_left_handindex1-Matrix-animation-input-array" count="23">

0.000000 0.033333 0.066667 0.100000 0.133333 0.166667 0.200000 0.233333 0.266667 0.300000 0.333333 0.366667 0.400000 0.433333 0.466667 0.500000
0.533333 0.566667 0.600000 0.633333 0.666667 0.700000 0.733333</float_array>
     <technique_common>
      <accessor source="#jnt_left_handindex1-Matrix-animation-input-array" count="23">
       <param name="TIME" type="float"></param>
      </accessor>
     </technique_common>
    </source>
    <source id="jnt_left_handindex1-Matrix-animation-output-transform">
     <float_array id="jnt_left_handindex1-Matrix-animation-output-transform-array" count="368">

0.803118 0.595024 -0.030790 -0.494375 -0.069847 0.042702 -0.996643 -0.203977 -0.591712 0.802573 0.075855 -0.029847 0.000000 0.000000 0.000000 1.000000
0.803118 0.595024 -0.030790 -0.494375 -0.069847 0.042702 -0.996643 -0.203977 -0.591712 0.802573 0.075855 -0.029847 0.000000 0.000000 0.000000 1.000000
0.803118 0.595024 -0.030790 -0.494375 -0.069847 0.042702 -0.996643 -0.203977 -0.591712 0.802573 0.075855 -0.029848 0.000000 0.000000 0.000000 1.000000
0.803118 0.595024 -0.030790 -0.494375 -0.069847 0.042702 -0.996643 -0.203977 -0.591712 0.802573 0.075855 -0.029848 0.000000 0.000000 0.000000 1.000000
0.803118 0.595024 -0.030790 -0.494375 -0.069847 0.042702 -0.996643 -0.203977 -0.591712 0.802573 0.075855 -0.029848 0.000000 0.000000 0.000000 1.000000
0.803118 0.595024 -0.030790 -0.494374 -0.069847 0.042702 -0.996643 -0.203977 -0.591712 0.802573 0.075855 -0.029848 0.000000 0.000000 0.000000 1.000000
0.803118 0.595024 -0.030790 -0.494375 -0.069847 0.042702 -0.996643 -0.203977 -0.591712 0.802573 0.075855 -0.029847 0.000000 0.000000 0.000000 1.000000
0.803118 0.595024 -0.030790 -0.494375 -0.069847 0.042702 -0.996643 -0.203977 -0.591712 0.802573 0.075855 -0.029848 0.000000 0.000000 0.000000 1.000000
0.803118 0.595024 -0.030790 -0.494375 -0.069847 0.042702 -0.996643 -0.203977 -0.591712 0.802573 0.075855 -0.029847 0.000000 0.000000 0.000000 1.000000
0.803118 0.595024 -0.030790 -0.494374 -0.069847 0.042702 -0.996643 -0.203977 -0.591712 0.802573 0.075855 -0.029847 0.000000 0.000000 0.000000 1.000000
0.803118 0.595024 -0.030790 -0.494374 -0.069847 0.042702 -0.996643 -0.203977 -0.591712 0.802573 0.075855 -0.029847 0.000000 0.000000 0.000000 1.000000
0.803118 0.595024 -0.030790 -0.494375 -0.069847 0.042702 -0.996643 -0.203976 -0.591712 0.802573 0.075855 -0.029846 0.000000 0.000000 0.000000 1.000000
0.803118 0.595024 -0.030790 -0.494375 -0.069847 0.042702 -0.996643 -0.203977 -0.591712 0.802573 0.075855 -0.029847 0.000000 0.000000 0.000000 1.000000
0.803118 0.595024 -0.030790 -0.494375 -0.069847 0.042702 -0.996643 -0.203977 -0.591712 0.802573 0.075855 -0.029847 0.000000 0.000000 0.000000 1.000000
0.803118 0.595024 -0.030790 -0.494374 -0.069847 0.042702 -0.996643 -0.203977 -0.591712 0.802573 0.075855 -0.029847 0.000000 0.000000 0.000000 1.000000
0.803118 0.595024 -0.030790 -0.494375 -0.069847 0.042702 -0.996643 -0.203977 -0.591712 0.802573 0.075855 -0.029847 0.000000 0.000000 0.000000 1.000000
0.803118 0.595024 -0.030790 -0.494375 -0.069847 0.042702 -0.996643 -0.203977 -0.591711 0.802573 0.075855 -0.029847 0.000000 0.000000 0.000000 1.000000
0.803118 0.595024 -0.030790 -0.494375 -0.069847 0.042702 -0.996643 -0.203977 -0.591711 0.802573 0.075855 -0.029847 0.000000 0.000000 0.000000 1.000000
0.803118 0.595024 -0.030790 -0.494374 -0.069847 0.042702 -0.996643 -0.203977 -0.591712 0.802573 0.075855 -0.029848 0.000000 0.000000 0.000000 1.000000
0.803118 0.595024 -0.030790 -0.494375 -0.069847 0.042702 -0.996643 -0.203977 -0.591712 0.802573 0.075855 -0.029848 0.000000 0.000000 0.000000 1.000000
0.803118 0.595024 -0.030790 -0.494375 -0.069847 0.042702 -0.996643 -0.203977 -0.591712 0.802573 0.075855 -0.029847 0.000000 0.000000 0.000000 1.000000
0.803118 0.595024 -0.030790 -0.494375 -0.069847 0.042702 -0.996643 -0.203977 -0.591712 0.802573 0.075855 -0.029847 0.000000 0.000000 0.000000 1.000000
0.803118 0.595024 -0.030790 -0.494375 -0.069847 0.042702 -0.996643 -0.203977 -0.591712 0.802573 0.075855 -0.029847 0.000000 0.000000 0.000000 1.000000</float_array>
     <technique_common>
      <accessor source="#jnt_left_handindex1-Matrix-animation-output-transform-array" count="23" stride="16">
       <param type="float4x4"></param>
      </accessor>
     </technique_common>
    </source>
    <source id="jnt_left_handindex1-Interpolations">
     <Name_array id="jnt_left_handindex1-Interpolations-array" count="23">
 LINEAR LINEAR LINEAR LINEAR LINEAR LINEAR LINEAR LINEAR LINEAR LINEAR LINEAR
LINEAR LINEAR LINEAR LINEAR LINEAR LINEAR LINEAR LINEAR LINEAR LINEAR LINEAR LINEAR</Name_array>
     <technique_common>
      <accessor source="#jnt_left_handindex1-Interpolations-array" count="23">
       <param type="name"></param>
      </accessor>
     </technique_common>
    </source>
    <sampler id="jnt_left_handindex1-Matrix-animation-transform">
     <input semantic="INPUT" source="#jnt_left_handindex1-Matrix-animation-input"></input>
     <input semantic="OUTPUT" source="#jnt_left_handindex1-Matrix-animation-output-transform"></input>
     <input semantic="INTERPOLATION" source="#jnt_left_handindex1-Interpolations"></input>
    </sampler>
    <channel source="#jnt_left_handindex1-Matrix-animation-transform" target="jnt_left_handindex1/matrix"></channel>
   </animation>
  </animation>
  <animation id="jnt_left_handindex2-anim" name="jnt_left_handindex2">
   <animation>
    <source id="jnt_left_handindex2-Matrix-animation-input">
     <float_array id="jnt_left_handindex2-Matrix-animation-input-array" count="23">

0.000000 0.033333 0.066667 0.100000 0.133333 0.166667 0.200000 0.233333 0.266667 0.300000 0.333333 0.366667 0.400000 0.433333 0.466667 0.500000
0.533333 0.566667 0.600000 0.633333 0.666667 0.700000 0.733333</float_array>
     <technique_common>
      <accessor source="#jnt_left_handindex2-Matrix-animation-input-array" count="23">
       <param name="TIME" type="float"></param>
      </accessor>
     </technique_common>
    </source>
    <source id="jnt_left_handindex2-Matrix-animation-output-transform">
     <float_array id="jnt_left_handindex2-Matrix-animation-output-transform-array" count="368">

0.977194 0.212348 -0.000000 -0.145432 -0.212348 0.977194 -0.000000 0.001125 0.000000 0.000000 1.000000 0.000040 0.000000 0.000000 0.000000 1.000000
0.977194 0.212348 -0.000000 -0.145432 -0.212348 0.977194 -0.000000 0.001125 0.000000 0.000001 1.000000 0.000040 0.000000 0.000000 0.000000 1.000000
0.977194 0.212348 -0.000000 -0.145432 -0.212348 0.977194 -0.000000 0.001125 0.000000 0.000001 1.000000 0.000040 0.000000 0.000000 0.000000 1.000000
0.977194 0.212348 -0.000000 -0.145431 -0.212348 0.977194 -0.000001 0.001124 0.000000 0.000001 1.000000 0.000040 0.000000 0.000000 0.000000 1.000000
0.977194 0.212348 -0.000000 -0.145432 -0.212348 0.977194 -0.000000 0.001125 0.000000 0.000000 1.000000 0.000040 0.000000 0.000000 0.000000 1.000000
0.977194 0.212348 -0.000000 -0.145431 -0.212348 0.977194 -0.000000 0.001124 0.000000 0.000001 1.000000 0.000040 0.000000 0.000000 0.000000 1.000000
0.977194 0.212348 -0.000000 -0.145433 -0.212348 0.977194 -0.000000 0.001125 0.000000 0.000001 1.000000 0.000040 0.000000 0.000000 0.000000 1.000000
0.977194 0.212348 -0.000000 -0.145432 -0.212348 0.977194 -0.000001 0.001124 0.000000 0.000001 1.000000 0.000040 0.000000 0.000000 0.000000 1.000000
0.977194 0.212348 -0.000000 -0.145433 -0.212348 0.977194 -0.000000 0.001125 0.000000 0.000000 1.000000 0.000040 0.000000 0.000000 0.000000 1.000000
0.977194 0.212348 -0.000000 -0.145432 -0.212348 0.977194 -0.000000 0.001125 0.000000 0.000000 1.000000 0.000040 0.000000 0.000000 0.000000 1.000000
0.977194 0.212348 -0.000000 -0.145432 -0.212348 0.977194 -0.000000 0.001125 0.000000 0.000001 1.000000 0.000040 0.000000 0.000000 0.000000 1.000000
0.977194 0.212348 -0.000000 -0.145432 -0.212348 0.977194 -0.000001 0.001124 0.000000 0.000001 1.000000 0.000040 0.000000 0.000000 0.000000 1.000000
0.977194 0.212348 -0.000000 -0.145433 -0.212348 0.977194 -0.000000 0.001125 0.000000 0.000000 1.000000 0.000040 0.000000 0.000000 0.000000 1.000000
0.977194 0.212348 -0.000000 -0.145432 -0.212348 0.977194 -0.000001 0.001125 0.000000 0.000001 1.000000 0.000040 0.000000 0.000000 0.000000 1.000000
0.977194 0.212348 -0.000000 -0.145432 -0.212348 0.977194 -0.000000 0.001124 0.000000 0.000001 1.000000 0.000040 0.000000 0.000000 0.000000 1.000000
0.977194 0.212348 -0.000000 -0.145431 -0.212348 0.977194 -0.000001 0.001124 0.000000 0.000001 1.000000 0.000040 0.000000 0.000000 0.000000 1.000000
0.977194 0.212348 -0.000000 -0.145433 -0.212348 0.977194 -0.000000 0.001125 0.000000 0.000001 1.000000 0.000040 0.000000 0.000000 0.000000 1.000000
0.977194 0.212348 -0.000000 -0.145432 -0.212348 0.977194 -0.000000 0.001124 0.000000 0.000001 1.000000 0.000040 0.000000 0.000000 0.000000 1.000000
0.977194 0.212348 -0.000000 -0.145432 -0.212348 0.977194 -0.000000 0.001125 0.000000 0.000000 1.000000 0.000040 0.000000 0.000000 0.000000 1.000000
0.977194 0.212348 -0.000000 -0.145431 -0.212348 0.977194 -0.000000 0.001124 0.000000 0.000001 1.000000 0.000040 0.000000 0.000000 0.000000 1.000000
0.977194 0.212348 -0.000000 -0.145432 -0.212348 0.977194 -0.000000 0.001125 0.000000 0.000001 1.000000 0.000040 0.000000 0.000000 0.000000 1.000000
0.977194 0.212348 -0.000000 -0.145432 -0.212348 0.977194 -0.000000 0.001125 0.000000 0.000001 1.000000 0.000040 0.000000 0.000000 0.000000 1.000000
0.977194 0.212348 -0.000000 -0.145432 -0.212348 0.977194 -0.000000 0.001125 0.000000 0.000000 1.000000 0.000040 0.000000 0.000000 0.000000 1.000000</float_array>
     <technique_common>
      <accessor source="#jnt_left_handindex2-Matrix-animation-output-transform-array" count="23" stride="16">
       <param type="float4x4"></param>
      </accessor>
     </technique_common>
    </source>
    <source id="jnt_left_handindex2-Interpolations">
     <Name_array id="jnt_left_handindex2-Interpolations-array" count="23">
 LINEAR LINEAR LINEAR LINEAR LINEAR LINEAR LINEAR LINEAR LINEAR LINEAR LINEAR
LINEAR LINEAR LINEAR LINEAR LINEAR LINEAR LINEAR LINEAR LINEAR LINEAR LINEAR LINEAR</Name_array>
     <technique_common>
      <accessor source="#jnt_left_handindex2-Interpolations-array" count="23">
       <param type="name"></param>
      </accessor>
     </technique_common>
    </source>
    <sampler id="jnt_left_handindex2-Matrix-animation-transform">
     <input semantic="INPUT" source="#jnt_left_handindex2-Matrix-animation-input"></input>
     <input semantic="OUTPUT" source="#jnt_left_handindex2-Matrix-animation-output-transform"></input>
     <input semantic="INTERPOLATION" source="#jnt_left_handindex2-Interpolations"></input>
    </sampler>
    <channel source="#jnt_left_handindex2-Matrix-animation-transform" target="jnt_left_handindex2/matrix"></channel>
   </animation>
  </animation>
  <animation id="jnt_left_handindex3-anim" name="jnt_left_handindex3">
   <animation>
    <source id="jnt_left_handindex3-Matrix-animation-input">
     <float_array id="jnt_left_handindex3-Matrix-animation-input-array" count="23">

0.000000 0.033333 0.066667 0.100000 0.133333 0.166667 0.200000 0.233333 0.266667 0.300000 0.333333 0.366667 0.400000 0.433333 0.466667 0.500000
0.533333 0.566667 0.600000 0.633333 0.666667 0.700000 0.733333</float_array>
     <technique_common>
      <accessor source="#jnt_left_handindex3-Matrix-animation-input-array" count="23">
       <param name="TIME" type="float"></param>
      </accessor>
     </technique_common>
    </source>
    <source id="jnt_left_handindex3-Matrix-animation-output-transform">
     <float_array id="jnt_left_handindex3-Matrix-animation-output-transform-array" count="368">

0.999087 0.042728 -0.000000 -0.093752 -0.042728 0.999087 0.000001 0.000003 0.000000 -0.000001 1.000000 -0.000000 0.000000 0.000000 0.000000 1.000000
0.999086 0.042728 -0.000000 -0.093752 -0.042728 0.999086 0.000001 0.000003 0.000000 -0.000001 1.000000 -0.000000 0.000000 0.000000 0.000000 1.000000
0.999087 0.042728 -0.000000 -0.093751 -0.042728 0.999087 0.000001 0.000002 0.000000 -0.000001 1.000000 0.000000 0.000000 0.000000 0.000000 1.000000
0.999087 0.042728 -0.000000 -0.093752 -0.042728 0.999087 0.000001 0.000003 0.000000 -0.000001 1.000000 -0.000000 0.000000 0.000000 0.000000 1.000000
0.999087 0.042728 -0.000000 -0.093752 -0.042728 0.999087 0.000001 0.000002 0.000000 -0.000001 1.000000 -0.000000 0.000000 0.000000 0.000000 1.000000
0.999087 0.042728 -0.000000 -0.093752 -0.042728 0.999086 0.000001 0.000003 0.000000 -0.000001 1.000000 0.000000 0.000000 0.000000 0.000000 1.000000
0.999087 0.042728 -0.000000 -0.093752 -0.042728 0.999087 0.000001 0.000003 0.000000 -0.000001 1.000000 -0.000000 0.000000 0.000000 0.000000 1.000000
0.999087 0.042728 -0.000000 -0.093752 -0.042728 0.999087 0.000001 0.000003 0.000000 -0.000001 1.000000 -0.000000 0.000000 0.000000 0.000000 1.000000
0.999086 0.042728 -0.000000 -0.093752 -0.042728 0.999087 0.000001 0.000003 0.000000 -0.000001 1.000000 -0.000000 0.000000 0.000000 0.000000 1.000000
0.999087 0.042728 -0.000000 -0.093752 -0.042728 0.999087 0.000001 0.000003 0.000000 -0.000001 1.000000 0.000000 0.000000 0.000000 0.000000 1.000000
0.999087 0.042728 -0.000000 -0.093752 -0.042728 0.999087 0.000001 0.000003 0.000000 -0.000001 1.000000 -0.000000 0.000000 0.000000 0.000000 1.000000
0.999087 0.042728 -0.000000 -0.093752 -0.042728 0.999087 0.000001 0.000003 0.000000 -0.000001 1.000000 0.000000 0.000000 0.000000 0.000000 1.000000
0.999087 0.042728 -0.000000 -0.093753 -0.042728 0.999087 0.000001 0.000003 0.000000 -0.000001 1.000000 -0.000000 0.000000 0.000000 0.000000 1.000000
0.999087 0.042728 -0.000000 -0.093751 -0.042728 0.999087 0.000001 0.000003 0.000000 -0.000001 1.000000 0.000000 0.000000 0.000000 0.000000 1.000000
0.999087 0.042728 -0.000000 -0.093752 -0.042728 0.999087 0.000001 0.000003 0.000000 -0.000001 1.000000 0.000000 0.000000 0.000000 0.000000 1.000000
0.999087 0.042728 -0.000000 -0.093753 -0.042728 0.999087 0.000001 0.000003 0.000000 -0.000001 1.000000 -0.000000 0.000000 0.000000 0.000000 1.000000
0.999087 0.042728 -0.000000 -0.093752 -0.042728 0.999087 0.000001 0.000003 0.000000 -0.000001 1.000000 -0.000000 0.000000 0.000000 0.000000 1.000000
0.999087 0.042728 -0.000000 -0.093752 -0.042728 0.999087 0.000001 0.000003 0.000000 -0.000001 1.000000 -0.000000 0.000000 0.000000 0.000000 1.000000
0.999087 0.042728 -0.000000 -0.093753 -0.042728 0.999086 0.000001 0.000003 0.000000 -0.000001 1.000000 0.000000 0.000000 0.000000 0.000000 1.000000
0.999087 0.042728 -0.000000 -0.093752 -0.042728 0.999087 0.000001 0.000003 0.000000 -0.000001 1.000000 0.000000 0.000000 0.000000 0.000000 1.000000
0.999087 0.042728 -0.000000 -0.093752 -0.042728 0.999087 0.000001 0.000003 0.000000 -0.000001 1.000000 -0.000000 0.000000 0.000000 0.000000 1.000000
0.999087 0.042728 -0.000000 -0.093753 -0.042728 0.999087 0.000001 0.000003 0.000000 -0.000001 1.000000 -0.000000 0.000000 0.000000 0.000000 1.000000
0.999087 0.042728 -0.000000 -0.093753 -0.042728 0.999087 0.000001 0.000003 0.000000 -0.000001 1.000000 -0.000000 0.000000 0.000000 0.000000 1.000000</float_array>
     <technique_common>
      <accessor source="#jnt_left_handindex3-Matrix-animation-output-transform-array" count="23" stride="16">
       <param type="float4x4"></param>
      </accessor>
     </technique_common>
    </source>
    <source id="jnt_left_handindex3-Interpolations">
     <Name_array id="jnt_left_handindex3-Interpolations-array" count="23">
 LINEAR LINEAR LINEAR LINEAR LINEAR LINEAR LINEAR LINEAR LINEAR LINEAR LINEAR
LINEAR LINEAR LINEAR LINEAR LINEAR LINEAR LINEAR LINEAR LINEAR LINEAR LINEAR LINEAR</Name_array>
     <technique_common>
      <accessor source="#jnt_left_handindex3-Interpolations-array" count="23">
       <param type="name"></param>
      </accessor>
     </technique_common>
    </source>
    <sampler id="jnt_left_handindex3-Matrix-animation-transform">
     <input semantic="INPUT" source="#jnt_left_handindex3-Matrix-animation-input"></input>
     <input semantic="OUTPUT" source="#jnt_left_handindex3-Matrix-animation-output-transform"></input>
     <input semantic="INTERPOLATION" source="#jnt_left_handindex3-Interpolations"></input>
    </sampler>
    <channel source="#jnt_left_handindex3-Matrix-animation-transform" target="jnt_left_handindex3/matrix"></channel>
   </animation>
  </animation>
  <animation id="jnt_left_handindex4-anim" name="jnt_left_handindex4">
   <animation>
    <source id="jnt_left_handindex4-Matrix-animation-input">
     <float_array id="jnt_left_handindex4-Matrix-animation-input-array" count="23">

0.000000 0.033333 0.066667 0.100000 0.133333 0.166667 0.200000 0.233333 0.266667 0.300000 0.333333 0.366667 0.400000 0.433333 0.466667 0.500000
0.533333 0.566667 0.600000 0.633333 0.666667 0.700000 0.733333</float_array>
     <technique_common>
      <accessor source="#jnt_left_handindex4-Matrix-animation-input-array" count="23">
       <param name="TIME" type="float"></param>
      </accessor>
     </technique_common>
    </source>
    <source id="jnt_left_handindex4-Matrix-animation-output-transform">
     <float_array id="jnt_left_handindex4-Matrix-animation-output-transform-array" count="368">

1.000000 0.000000 0.000000 -0.107084 -0.000000 1.000000 -0.000000 0.000049 -0.000000 0.000000 1.000000 -0.001504 0.000000 0.000000 0.000000 1.000000
1.000000 0.000000 0.000000 -0.107084 -0.000000 1.000000 -0.000000 0.000048 -0.000000 0.000000 1.000000 -0.001504 0.000000 0.000000 0.000000 1.000000
1.000000 -0.000000 0.000000 -0.107084 0.000000 1.000000 -0.000000 0.000049 -0.000000 0.000000 1.000000 -0.001504 0.000000 0.000000 0.000000 1.000000
1.000000 -0.000000 0.000000 -0.107084 0.000000 1.000000 0.000000 0.000049 -0.000000 -0.000000 1.000000 -0.001504 0.000000 0.000000 0.000000 1.000000
1.000000 -0.000000 -0.000000 -0.107084 0.000000 1.000000 0.000000 0.000049 0.000000 -0.000000 1.000000 -0.001504 0.000000 0.000000 0.000000 1.000000
1.000000 -0.000000 0.000000 -0.107084 0.000000 1.000000 -0.000000 0.000049 -0.000000 0.000000 1.000000 -0.001504 0.000000 0.000000 0.000000 1.000000
1.000000 0.000000 0.000000 -0.107084 -0.000000 1.000000 -0.000000 0.000049 -0.000000 0.000000 1.000000 -0.001504 0.000000 0.000000 0.000000 1.000000
1.000000 0.000000 -0.000000 -0.107084 -0.000000 1.000000 0.000000 0.000048 0.000000 -0.000000 1.000000 -0.001504 0.000000 0.000000 0.000000 1.000000
1.000000 0.000000 0.000000 -0.107084 -0.000000 1.000000 -0.000000 0.000049 -0.000000 0.000000 1.000000 -0.001504 0.000000 0.000000 0.000000 1.000000
1.000000 0.000000 0.000000 -0.107085 -0.000000 1.000000 -0.000000 0.000048 -0.000000 0.000000 1.000000 -0.001504 0.000000 0.000000 0.000000 1.000000
1.000000 -0.000000 0.000000 -0.107084 0.000000 1.000000 -0.000000 0.000049 -0.000000 0.000000 1.000000 -0.001504 0.000000 0.000000 0.000000 1.000000
1.000000 -0.000000 -0.000000 -0.107084 0.000000 1.000000 0.000000 0.000049 0.000000 -0.000000 1.000000 -0.001504 0.000000 0.000000 0.000000 1.000000
1.000000 0.000000 0.000000 -0.107084 -0.000000 1.000000 -0.000000 0.000048 -0.000000 0.000000 1.000000 -0.001504 0.000000 0.000000 0.000000 1.000000
1.000000 -0.000000 0.000000 -0.107084 0.000000 1.000000 -0.000000 0.000049 -0.000000 0.000000 1.000000 -0.001504 0.000000 0.000000 0.000000 1.000000
1.000000 -0.000000 -0.000000 -0.107084 0.000000 1.000000 -0.000000 0.000049 0.000000 0.000000 1.000000 -0.001504 0.000000 0.000000 0.000000 1.000000
1.000000 -0.000000 0.000000 -0.107084 0.000000 1.000000 0.000000 0.000048 -0.000000 -0.000000 1.000000 -0.001504 0.000000 0.000000 0.000000 1.000000
1.000000 -0.000000 0.000000 -0.107085 0.000000 1.000000 -0.000000 0.000049 -0.000000 0.000000 1.000000 -0.001504 0.000000 0.000000 0.000000 1.000000
1.000000 0.000000 0.000000 -0.107084 -0.000000 1.000000 -0.000000 0.000049 -0.000000 0.000000 1.000000 -0.001504 0.000000 0.000000 0.000000 1.000000
1.000000 -0.000000 -0.000000 -0.107084 0.000000 1.000000 0.000000 0.000048 0.000000 -0.000000 1.000000 -0.001504 0.000000 0.000000 0.000000 1.000000
1.000000 -0.000000 -0.000000 -0.107084 0.000000 1.000000 -0.000000 0.000048 0.000000 0.000000 1.000000 -0.001504 0.000000 0.000000 0.000000 1.000000
1.000000 0.000000 -0.000000 -0.107085 -0.000000 1.000000 -0.000000 0.000049 0.000000 0.000000 1.000000 -0.001504 0.000000 0.000000 0.000000 1.000000
1.000000 -0.000000 0.000000 -0.107084 0.000000 1.000000 0.000000 0.000048 -0.000000 -0.000000 1.000000 -0.001504 0.000000 0.000000 0.000000 1.000000
1.000000 0.000000 -0.000000 -0.107084 -0.000000 1.000000 0.000000 0.000049 0.000000 -0.000000 1.000000 -0.001504 0.000000 0.000000 0.000000 1.000000</float_array>
     <technique_common>
      <accessor source="#jnt_left_handindex4-Matrix-animation-output-transform-array" count="23" stride="16">
       <param type="float4x4"></param>
      </accessor>
     </technique_common>
    </source>
    <source id="jnt_left_handindex4-Interpolations">
     <Name_array id="jnt_left_handindex4-Interpolations-array" count="23">
 LINEAR LINEAR LINEAR LINEAR LINEAR LINEAR LINEAR LINEAR LINEAR LINEAR LINEAR
LINEAR LINEAR LINEAR LINEAR LINEAR LINEAR LINEAR LINEAR LINEAR LINEAR LINEAR LINEAR</Name_array>
     <technique_common>
      <accessor source="#jnt_left_handindex4-Interpolations-array" count="23">
       <param type="name"></param>
      </accessor>
     </technique_common>
    </source>
    <sampler id="jnt_left_handindex4-Matrix-animation-transform">
     <input semantic="INPUT" source="#jnt_left_handindex4-Matrix-animation-input"></input>
     <input semantic="OUTPUT" source="#jnt_left_handindex4-Matrix-animation-output-transform"></input>
     <input semantic="INTERPOLATION" source="#jnt_left_handindex4-Interpolations"></input>
    </sampler>
    <channel source="#jnt_left_handindex4-Matrix-animation-transform" target="jnt_left_handindex4/matrix"></channel>
   </animation>
  </animation>
  <animation id="jnt_left_weapon-anim" name="jnt_left_weapon">
   <animation>
    <source id="jnt_left_weapon-Matrix-animation-input">
     <float_array id="jnt_left_weapon-Matrix-animation-input-array" count="23">

0.000000 0.033333 0.066667 0.100000 0.133333 0.166667 0.200000 0.233333 0.266667 0.300000 0.333333 0.366667 0.400000 0.433333 0.466667 0.500000
0.533333 0.566667 0.600000 0.633333 0.666667 0.700000 0.733333</float_array>
     <technique_common>
      <accessor source="#jnt_left_weapon-Matrix-animation-input-array" count="23">
       <param name="TIME" type="float"></param>
      </accessor>
     </technique_common>
    </source>
    <source id="jnt_left_weapon-Matrix-animation-output-transform">
     <float_array id="jnt_left_weapon-Matrix-animation-output-transform-array" count="368">

-0.068652 -0.108938 -0.991680 -0.369354 0.108715 -0.988918 0.101110 -0.054074 -0.991705 -0.100868 0.079734 0.296616 0.000000 0.000000 0.000000 1.000000
-0.068652 -0.108939 -0.991679 -0.369354 0.108715 -0.988918 0.101111 -0.054074 -0.991705 -0.100868 0.079734 0.296617 0.000000 0.000000 0.000000 1.000000
-0.068652 -0.108939 -0.991679 -0.369354 0.108715 -0.988918 0.101111 -0.054074 -0.991705 -0.100868 0.079735 0.296616 0.000000 0.000000 0.000000 1.000000
-0.068652 -0.108938 -0.991680 -0.369354 0.108715 -0.988918 0.101110 -0.054074 -0.991705 -0.100868 0.079734 0.296616 0.000000 0.000000 0.000000 1.000000
-0.068652 -0.108938 -0.991679 -0.369354 0.108715 -0.988918 0.101110 -0.054074 -0.991705 -0.100868 0.079734 0.296616 0.000000 0.000000 0.000000 1.000000
-0.068652 -0.108939 -0.991679 -0.369354 0.108715 -0.988918 0.101111 -0.054074 -0.991705 -0.100868 0.079734 0.296616 0.000000 0.000000 0.000000 1.000000
-0.068652 -0.108939 -0.991679 -0.369354 0.108715 -0.988918 0.101111 -0.054074 -0.991705 -0.100868 0.079734 0.296616 0.000000 0.000000 0.000000 1.000000
-0.068652 -0.108938 -0.991680 -0.369354 0.108715 -0.988918 0.101110 -0.054074 -0.991705 -0.100868 0.079734 0.296616 0.000000 0.000000 0.000000 1.000000
-0.068652 -0.108938 -0.991680 -0.369354 0.108715 -0.988918 0.101110 -0.054074 -0.991705 -0.100868 0.079734 0.296616 0.000000 0.000000 0.000000 1.000000
-0.068652 -0.108939 -0.991679 -0.369354 0.108715 -0.988917 0.101111 -0.054074 -0.991705 -0.100868 0.079735 0.296616 0.000000 0.000000 0.000000 1.000000
-0.068652 -0.108939 -0.991679 -0.369354 0.108715 -0.988918 0.101111 -0.054074 -0.991705 -0.100868 0.079735 0.296616 0.000000 0.000000 0.000000 1.000000
-0.068652 -0.108937 -0.991680 -0.369354 0.108715 -0.988918 0.101109 -0.054074 -0.991705 -0.100868 0.079734 0.296616 0.000000 0.000000 0.000000 1.000000
-0.068652 -0.108939 -0.991679 -0.369354 0.108715 -0.988918 0.101111 -0.054074 -0.991705 -0.100868 0.079734 0.296616 0.000000 0.000000 0.000000 1.000000
-0.068652 -0.108937 -0.991680 -0.369354 0.108715 -0.988918 0.101109 -0.054074 -0.991705 -0.100868 0.079734 0.296616 0.000000 0.000000 0.000000 1.000000
-0.068652 -0.108938 -0.991680 -0.369354 0.108715 -0.988918 0.101110 -0.054074 -0.991705 -0.100868 0.079734 0.296616 0.000000 0.000000 0.000000 1.000000
-0.068652 -0.108939 -0.991679 -0.369354 0.108715 -0.988918 0.101111 -0.054074 -0.991705 -0.100868 0.079734 0.296616 0.000000 0.000000 0.000000 1.000000
-0.068652 -0.108939 -0.991679 -0.369354 0.108715 -0.988918 0.101111 -0.054074 -0.991705 -0.100868 0.079735 0.296616 0.000000 0.000000 0.000000 1.000000
-0.068652 -0.108938 -0.991680 -0.369354 0.108715 -0.988918 0.101110 -0.054074 -0.991705 -0.100868 0.079734 0.296616 0.000000 0.000000 0.000000 1.000000
-0.068652 -0.108938 -0.991680 -0.369354 0.108715 -0.988918 0.101110 -0.054074 -0.991705 -0.100868 0.079734 0.296616 0.000000 0.000000 0.000000 1.000000
-0.068652 -0.108938 -0.991680 -0.369354 0.108715 -0.988918 0.101110 -0.054074 -0.991705 -0.100868 0.079734 0.296616 0.000000 0.000000 0.000000 1.000000
-0.068652 -0.108938 -0.991680 -0.369354 0.108715 -0.988918 0.101110 -0.054074 -0.991705 -0.100868 0.079734 0.296616 0.000000 0.000000 0.000000 1.000000
-0.068652 -0.108939 -0.991679 -0.369354 0.108715 -0.988918 0.101111 -0.054074 -0.991705 -0.100868 0.079734 0.296616 0.000000 0.000000 0.000000 1.000000
-0.068652 -0.108939 -0.991679 -0.369354 0.108715 -0.988918 0.101111 -0.054074 -0.991705 -0.100868 0.079734 0.296616 0.000000 0.000000 0.000000 1.000000</float_array>
     <technique_common>
      <accessor source="#jnt_left_weapon-Matrix-animation-output-transform-array" count="23" stride="16">
       <param type="float4x4"></param>
      </accessor>
     </technique_common>
    </source>
    <source id="jnt_left_weapon-Interpolations">
     <Name_array id="jnt_left_weapon-Interpolations-array" count="23">
 LINEAR LINEAR LINEAR LINEAR LINEAR LINEAR LINEAR LINEAR LINEAR LINEAR LINEAR
LINEAR LINEAR LINEAR LINEAR LINEAR LINEAR LINEAR LINEAR LINEAR LINEAR LINEAR LINEAR</Name_array>
     <technique_common>
      <accessor source="#jnt_left_weapon-Interpolations-array" count="23">
       <param type="name"></param>
      </accessor>
     </technique_common>
    </source>
    <sampler id="jnt_left_weapon-Matrix-animation-transform">
     <input semantic="INPUT" source="#jnt_left_weapon-Matrix-animation-input"></input>
     <input semantic="OUTPUT" source="#jnt_left_weapon-Matrix-animation-output-transform"></input>
     <input semantic="INTERPOLATION" source="#jnt_left_weapon-Interpolations"></input>
    </sampler>
    <channel source="#jnt_left_weapon-Matrix-animation-transform" target="jnt_left_weapon/matrix"></channel>
   </animation>
  </animation>
  <animation id="jnt_left_handmiddle1-anim" name="jnt_left_handmiddle1">
   <animation>
    <source id="jnt_left_handmiddle1-Matrix-animation-input">
     <float_array id="jnt_left_handmiddle1-Matrix-animation-input-array" count="23">

0.000000 0.033333 0.066667 0.100000 0.133333 0.166667 0.200000 0.233333 0.266667 0.300000 0.333333 0.366667 0.400000 0.433333 0.466667 0.500000
0.533333 0.566667 0.600000 0.633333 0.666667 0.700000 0.733333</float_array>
     <technique_common>
      <accessor source="#jnt_left_handmiddle1-Matrix-animation-input-array" count="23">
       <param name="TIME" type="float"></param>
      </accessor>
     </technique_common>
    </source>
    <source id="jnt_left_handmiddle1-Matrix-animation-output-transform">
     <float_array id="jnt_left_handmiddle1-Matrix-animation-output-transform-array" count="368">

0.640058 0.767591 -0.033615 -0.489248 0.010230 -0.052262 -0.998581 -0.062066 -0.768259 0.638806 -0.041303 -0.036308 0.000000 0.000000 0.000000 1.000000
0.640058 0.767591 -0.033615 -0.489248 0.010231 -0.052262 -0.998581 -0.062066 -0.768259 0.638806 -0.041303 -0.036308 0.000000 0.000000 0.000000 1.000000
0.640058 0.767591 -0.033615 -0.489248 0.010231 -0.052262 -0.998581 -0.062066 -0.768259 0.638806 -0.041303 -0.036309 0.000000 0.000000 0.000000 1.000000
0.640058 0.767591 -0.033615 -0.489248 0.010231 -0.052262 -0.998581 -0.062066 -0.768259 0.638806 -0.041303 -0.036309 0.000000 0.000000 0.000000 1.000000
0.640058 0.767591 -0.033615 -0.489248 0.010231 -0.052262 -0.998581 -0.062066 -0.768259 0.638806 -0.041303 -0.036308 0.000000 0.000000 0.000000 1.000000
0.640058 0.767591 -0.033615 -0.489248 0.010231 -0.052262 -0.998581 -0.062066 -0.768259 0.638806 -0.041303 -0.036308 0.000000 0.000000 0.000000 1.000000
0.640058 0.767591 -0.033615 -0.489248 0.010231 -0.052262 -0.998581 -0.062066 -0.768258 0.638806 -0.041303 -0.036307 0.000000 0.000000 0.000000 1.000000
0.640058 0.767591 -0.033615 -0.489248 0.010231 -0.052262 -0.998581 -0.062065 -0.768259 0.638806 -0.041303 -0.036308 0.000000 0.000000 0.000000 1.000000
0.640058 0.767591 -0.033615 -0.489248 0.010231 -0.052262 -0.998581 -0.062066 -0.768259 0.638806 -0.041303 -0.036308 0.000000 0.000000 0.000000 1.000000
0.640058 0.767591 -0.033615 -0.489248 0.010231 -0.052262 -0.998581 -0.062066 -0.768259 0.638806 -0.041303 -0.036308 0.000000 0.000000 0.000000 1.000000
0.640058 0.767591 -0.033615 -0.489248 0.010231 -0.052262 -0.998581 -0.062066 -0.768259 0.638806 -0.041303 -0.036308 0.000000 0.000000 0.000000 1.000000
0.640058 0.767591 -0.033615 -0.489248 0.010231 -0.052262 -0.998581 -0.062066 -0.768259 0.638806 -0.041303 -0.036307 0.000000 0.000000 0.000000 1.000000
0.640058 0.767591 -0.033615 -0.489248 0.010230 -0.052262 -0.998581 -0.062066 -0.768259 0.638806 -0.041303 -0.036308 0.000000 0.000000 0.000000 1.000000
0.640058 0.767591 -0.033615 -0.489248 0.010231 -0.052262 -0.998581 -0.062065 -0.768259 0.638806 -0.041303 -0.036308 0.000000 0.000000 0.000000 1.000000
0.640058 0.767591 -0.033615 -0.489248 0.010231 -0.052262 -0.998581 -0.062066 -0.768258 0.638806 -0.041303 -0.036308 0.000000 0.000000 0.000000 1.000000
0.640058 0.767591 -0.033615 -0.489248 0.010230 -0.052262 -0.998581 -0.062066 -0.768259 0.638806 -0.041303 -0.036308 0.000000 0.000000 0.000000 1.000000
0.640058 0.767591 -0.033615 -0.489247 0.010231 -0.052262 -0.998581 -0.062066 -0.768259 0.638806 -0.041303 -0.036309 0.000000 0.000000 0.000000 1.000000
0.640058 0.767591 -0.033615 -0.489248 0.010230 -0.052262 -0.998581 -0.062066 -0.768258 0.638806 -0.041303 -0.036308 0.000000 0.000000 0.000000 1.000000
0.640058 0.767591 -0.033615 -0.489248 0.010231 -0.052262 -0.998581 -0.062066 -0.768259 0.638806 -0.041303 -0.036308 0.000000 0.000000 0.000000 1.000000
0.640058 0.767591 -0.033615 -0.489248 0.010230 -0.052261 -0.998581 -0.062066 -0.768259 0.638806 -0.041303 -0.036309 0.000000 0.000000 0.000000 1.000000
0.640058 0.767591 -0.033615 -0.489248 0.010231 -0.052262 -0.998581 -0.062066 -0.768258 0.638806 -0.041303 -0.036308 0.000000 0.000000 0.000000 1.000000
0.640058 0.767591 -0.033615 -0.489248 0.010230 -0.052262 -0.998581 -0.062065 -0.768259 0.638806 -0.041303 -0.036308 0.000000 0.000000 0.000000 1.000000
0.640058 0.767591 -0.033615 -0.489248 0.010230 -0.052262 -0.998581 -0.062065 -0.768259 0.638806 -0.041303 -0.036308 0.000000 0.000000 0.000000 1.000000</float_array>
     <technique_common>
      <accessor source="#jnt_left_handmiddle1-Matrix-animation-output-transform-array" count="23" stride="16">
       <param type="float4x4"></param>
      </accessor>
     </technique_common>
    </source>
    <source id="jnt_left_handmiddle1-Interpolations">
     <Name_array id="jnt_left_handmiddle1-Interpolations-array" count="23">
 LINEAR LINEAR LINEAR LINEAR LINEAR LINEAR LINEAR LINEAR LINEAR LINEAR LINEAR
LINEAR LINEAR LINEAR LINEAR LINEAR LINEAR LINEAR LINEAR LINEAR LINEAR LINEAR LINEAR</Name_array>
     <technique_common>
      <accessor source="#jnt_left_handmiddle1-Interpolations-array" count="23">
       <param type="name"></param>
      </accessor>
     </technique_common>
    </source>
    <sampler id="jnt_left_handmiddle1-Matrix-animation-transform">
     <input semantic="INPUT" source="#jnt_left_handmiddle1-Matrix-animation-input"></input>
     <input semantic="OUTPUT" source="#jnt_left_handmiddle1-Matrix-animation-output-transform"></input>
     <input semantic="INTERPOLATION" source="#jnt_left_handmiddle1-Interpolations"></input>
    </sampler>
    <channel source="#jnt_left_handmiddle1-Matrix-animation-transform" target="jnt_left_handmiddle1/matrix"></channel>
   </animation>
  </animation>
  <animation id="jnt_left_handmiddle2-anim" name="jnt_left_handmiddle2">
   <animation>
    <source id="jnt_left_handmiddle2-Matrix-animation-input">
     <float_array id="jnt_left_handmiddle2-Matrix-animation-input-array" count="23">

0.000000 0.033333 0.066667 0.100000 0.133333 0.166667 0.200000 0.233333 0.266667 0.300000 0.333333 0.366667 0.400000 0.433333 0.466667 0.500000
0.533333 0.566667 0.600000 0.633333 0.666667 0.700000 0.733333</float_array>
     <technique_common>
      <accessor source="#jnt_left_handmiddle2-Matrix-animation-input-array" count="23">
       <param name="TIME" type="float"></param>
      </accessor>
     </technique_common>
    </source>
    <source id="jnt_left_handmiddle2-Matrix-animation-output-transform">
     <float_array id="jnt_left_handmiddle2-Matrix-animation-output-transform-array" count="368">

0.910363 0.413810 -0.000000 -0.176688 -0.413810 0.910363 0.000000 0.000003 0.000000 0.000000 1.000000 -0.000000 0.000000 0.000000 0.000000 1.000000
0.910363 0.413810 -0.000000 -0.176689 -0.413810 0.910363 0.000000 0.000004 0.000000 0.000000 1.000000 -0.000000 0.000000 0.000000 0.000000 1.000000
0.910363 0.413810 -0.000000 -0.176689 -0.413810 0.910363 0.000000 0.000004 0.000000 0.000000 1.000000 -0.000000 0.000000 0.000000 0.000000 1.000000
0.910363 0.413810 -0.000000 -0.176689 -0.413810 0.910364 0.000000 0.000004 0.000000 0.000000 1.000000 -0.000000 0.000000 0.000000 0.000000 1.000000
0.910363 0.413810 -0.000000 -0.176687 -0.413810 0.910363 0.000000 0.000003 0.000000 0.000000 1.000000 -0.000000 0.000000 0.000000 0.000000 1.000000
0.910363 0.413810 -0.000000 -0.176689 -0.413810 0.910363 0.000000 0.000004 0.000000 0.000000 1.000000 0.000000 0.000000 0.000000 0.000000 1.000000
0.910363 0.413810 -0.000000 -0.176687 -0.413810 0.910363 0.000000 0.000004 0.000000 0.000000 1.000000 -0.000000 0.000000 0.000000 0.000000 1.000000
0.910363 0.413810 -0.000000 -0.176688 -0.413810 0.910363 0.000000 0.000004 0.000000 0.000000 1.000000 -0.000000 0.000000 0.000000 0.000000 1.000000
0.910363 0.413810 -0.000000 -0.176688 -0.413810 0.910363 0.000000 0.000004 0.000000 -0.000000 1.000000 0.000000 0.000000 0.000000 0.000000 1.000000
0.910363 0.413810 -0.000000 -0.176689 -0.413810 0.910363 0.000000 0.000003 0.000000 -0.000000 1.000000 -0.000000 0.000000 0.000000 0.000000 1.000000
0.910363 0.413810 -0.000000 -0.176689 -0.413810 0.910363 0.000000 0.000003 0.000000 0.000000 1.000000 -0.000000 0.000000 0.000000 0.000000 1.000000
0.910363 0.413810 -0.000000 -0.176688 -0.413810 0.910363 0.000000 0.000003 0.000000 0.000000 1.000000 0.000000 0.000000 0.000000 0.000000 1.000000
0.910363 0.413810 -0.000000 -0.176687 -0.413810 0.910363 0.000000 0.000003 0.000000 0.000000 1.000000 -0.000000 0.000000 0.000000 0.000000 1.000000
0.910363 0.413810 -0.000000 -0.176688 -0.413810 0.910363 0.000000 0.000004 0.000000 0.000000 1.000000 -0.000000 0.000000 0.000000 0.000000 1.000000
0.910363 0.413810 -0.000000 -0.176688 -0.413810 0.910363 0.000000 0.000004 0.000000 0.000000 1.000000 -0.000000 0.000000 0.000000 0.000000 1.000000
0.910363 0.413810 -0.000000 -0.176687 -0.413810 0.910363 0.000000 0.000003 0.000000 0.000000 1.000000 0.000000 0.000000 0.000000 0.000000 1.000000
0.910363 0.413810 -0.000000 -0.176688 -0.413810 0.910363 0.000000 0.000003 0.000000 0.000000 1.000000 0.000000 0.000000 0.000000 0.000000 1.000000
0.910363 0.413810 -0.000000 -0.176688 -0.413810 0.910363 0.000000 0.000003 0.000000 0.000000 1.000000 0.000000 0.000000 0.000000 0.000000 1.000000
0.910363 0.413810 -0.000000 -0.176689 -0.413810 0.910363 0.000000 0.000003 0.000000 0.000000 1.000000 0.000000 0.000000 0.000000 0.000000 1.000000
0.910363 0.413810 -0.000000 -0.176688 -0.413810 0.910363 0.000000 0.000003 0.000000 -0.000000 1.000000 -0.000000 0.000000 0.000000 0.000000 1.000000
0.910363 0.413810 -0.000000 -0.176688 -0.413810 0.910363 0.000000 0.000003 0.000000 -0.000000 1.000000 0.000000 0.000000 0.000000 0.000000 1.000000
0.910363 0.413810 -0.000000 -0.176688 -0.413810 0.910363 0.000000 0.000003 0.000000 -0.000000 1.000000 -0.000000 0.000000 0.000000 0.000000 1.000000
0.910363 0.413810 -0.000000 -0.176688 -0.413810 0.910363 0.000000 0.000003 0.000000 -0.000000 1.000000 0.000000 0.000000 0.000000 0.000000 1.000000</float_array>
     <technique_common>
      <accessor source="#jnt_left_handmiddle2-Matrix-animation-output-transform-array" count="23" stride="16">
       <param type="float4x4"></param>
      </accessor>
     </technique_common>
    </source>
    <source id="jnt_left_handmiddle2-Interpolations">
     <Name_array id="jnt_left_handmiddle2-Interpolations-array" count="23">
 LINEAR LINEAR LINEAR LINEAR LINEAR LINEAR LINEAR LINEAR LINEAR LINEAR LINEAR
LINEAR LINEAR LINEAR LINEAR LINEAR LINEAR LINEAR LINEAR LINEAR LINEAR LINEAR LINEAR</Name_array>
     <technique_common>
      <accessor source="#jnt_left_handmiddle2-Interpolations-array" count="23">
       <param type="name"></param>
      </accessor>
     </technique_common>
    </source>
    <sampler id="jnt_left_handmiddle2-Matrix-animation-transform">
     <input semantic="INPUT" source="#jnt_left_handmiddle2-Matrix-animation-input"></input>
     <input semantic="OUTPUT" source="#jnt_left_handmiddle2-Matrix-animation-output-transform"></input>
     <input semantic="INTERPOLATION" source="#jnt_left_handmiddle2-Interpolations"></input>
    </sampler>
    <channel source="#jnt_left_handmiddle2-Matrix-animation-transform" target="jnt_left_handmiddle2/matrix"></channel>
   </animation>
  </animation>
  <animation id="jnt_left_handmiddle3-anim" name="jnt_left_handmiddle3">
   <animation>
    <source id="jnt_left_handmiddle3-Matrix-animation-input">
     <float_array id="jnt_left_handmiddle3-Matrix-animation-input-array" count="23">

0.000000 0.033333 0.066667 0.100000 0.133333 0.166667 0.200000 0.233333 0.266667 0.300000 0.333333 0.366667 0.400000 0.433333 0.466667 0.500000
0.533333 0.566667 0.600000 0.633333 0.666667 0.700000 0.733333</float_array>
     <technique_common>
      <accessor source="#jnt_left_handmiddle3-Matrix-animation-input-array" count="23">
       <param name="TIME" type="float"></param>
      </accessor>
     </technique_common>
    </source>
    <source id="jnt_left_handmiddle3-Matrix-animation-output-transform">
     <float_array id="jnt_left_handmiddle3-Matrix-animation-output-transform-array" count="368">

0.978981 0.203949 0.000000 -0.108367 -0.203949 0.978981 0.000000 0.000002 -0.000000 -0.000000 1.000000 0.000000 0.000000 0.000000 0.000000 1.000000
0.978981 0.203949 0.000000 -0.108367 -0.203949 0.978981 0.000000 0.000001 -0.000000 -0.000000 1.000000 -0.000000 0.000000 0.000000 0.000000 1.000000
0.978981 0.203949 0.000000 -0.108368 -0.203949 0.978981 0.000000 0.000001 -0.000000 -0.000000 1.000000 0.000000 0.000000 0.000000 0.000000 1.000000
0.978981 0.203949 0.000000 -0.108367 -0.203949 0.978981 0.000000 0.000002 -0.000000 -0.000000 1.000000 0.000000 0.000000 0.000000 0.000000 1.000000
0.978981 0.203949 0.000000 -0.108367 -0.203949 0.978981 0.000000 0.000001 -0.000000 -0.000000 1.000000 -0.000000 0.000000 0.000000 0.000000 1.000000
0.978981 0.203949 0.000000 -0.108368 -0.203949 0.978981 0.000000 0.000001 -0.000000 -0.000000 1.000000 -0.000000 0.000000 0.000000 0.000000 1.000000
0.978981 0.203949 0.000000 -0.108367 -0.203949 0.978981 0.000000 0.000001 -0.000000 -0.000000 1.000000 -0.000000 0.000000 0.000000 0.000000 1.000000
0.978981 0.203949 0.000000 -0.108368 -0.203949 0.978982 0.000000 0.000001 -0.000000 -0.000000 1.000000 0.000000 0.000000 0.000000 0.000000 1.000000
0.978981 0.203949 0.000000 -0.108367 -0.203949 0.978981 0.000000 0.000001 -0.000000 -0.000000 1.000000 0.000000 0.000000 0.000000 0.000000 1.000000
0.978981 0.203949 0.000000 -0.108367 -0.203949 0.978981 0.000000 0.000001 -0.000000 -0.000000 1.000000 0.000000 0.000000 0.000000 0.000000 1.000000
0.978982 0.203949 0.000000 -0.108367 -0.203949 0.978981 0.000000 0.000001 -0.000000 -0.000000 1.000000 0.000000 0.000000 0.000000 0.000000 1.000000
0.978982 0.203949 0.000000 -0.108367 -0.203949 0.978982 0.000000 0.000002 -0.000000 -0.000000 1.000000 0.000000 0.000000 0.000000 0.000000 1.000000
0.978982 0.203949 0.000000 -0.108367 -0.203949 0.978981 -0.000000 0.000001 -0.000000 -0.000000 1.000000 -0.000000 0.000000 0.000000 0.000000 1.000000
0.978981 0.203949 0.000000 -0.108367 -0.203949 0.978981 0.000000 0.000002 -0.000000 -0.000000 1.000000 -0.000000 0.000000 0.000000 0.000000 1.000000
0.978981 0.203949 0.000000 -0.108367 -0.203949 0.978981 0.000000 0.000002 -0.000000 -0.000000 1.000000 0.000000 0.000000 0.000000 0.000000 1.000000
0.978981 0.203949 0.000000 -0.108366 -0.203949 0.978981 0.000000 0.000001 -0.000000 -0.000000 1.000000 -0.000000 0.000000 0.000000 0.000000 1.000000
0.978981 0.203949 0.000000 -0.108368 -0.203949 0.978981 0.000000 0.000002 -0.000000 -0.000000 1.000000 0.000000 0.000000 0.000000 0.000000 1.000000
0.978981 0.203949 0.000000 -0.108367 -0.203949 0.978981 0.000000 0.000001 -0.000000 -0.000000 1.000000 0.000000 0.000000 0.000000 0.000000 1.000000
0.978982 0.203949 0.000000 -0.108368 -0.203949 0.978981 0.000000 0.000001 -0.000000 -0.000000 1.000000 -0.000000 0.000000 0.000000 0.000000 1.000000
0.978981 0.203949 0.000000 -0.108368 -0.203949 0.978981 0.000000 0.000001 -0.000000 -0.000000 1.000000 0.000000 0.000000 0.000000 0.000000 1.000000
0.978981 0.203949 0.000000 -0.108366 -0.203949 0.978981 0.000000 0.000001 -0.000000 -0.000000 1.000000 0.000000 0.000000 0.000000 0.000000 1.000000
0.978981 0.203949 0.000000 -0.108367 -0.203949 0.978981 0.000000 0.000001 -0.000000 -0.000000 1.000000 -0.000000 0.000000 0.000000 0.000000 1.000000
0.978982 0.203949 0.000000 -0.108367 -0.203949 0.978982 0.000000 0.000001 -0.000000 -0.000000 1.000000 -0.000001 0.000000 0.000000 0.000000 1.000000</float_array>
     <technique_common>
      <accessor source="#jnt_left_handmiddle3-Matrix-animation-output-transform-array" count="23" stride="16">
       <param type="float4x4"></param>
      </accessor>
     </technique_common>
    </source>
    <source id="jnt_left_handmiddle3-Interpolations">
     <Name_array id="jnt_left_handmiddle3-Interpolations-array" count="23">
 LINEAR LINEAR LINEAR LINEAR LINEAR LINEAR LINEAR LINEAR LINEAR LINEAR LINEAR
LINEAR LINEAR LINEAR LINEAR LINEAR LINEAR LINEAR LINEAR LINEAR LINEAR LINEAR LINEAR</Name_array>
     <technique_common>
      <accessor source="#jnt_left_handmiddle3-Interpolations-array" count="23">
       <param type="name"></param>
      </accessor>
     </technique_common>
    </source>
    <sampler id="jnt_left_handmiddle3-Matrix-animation-transform">
     <input semantic="INPUT" source="#jnt_left_handmiddle3-Matrix-animation-input"></input>
     <input semantic="OUTPUT" source="#jnt_left_handmiddle3-Matrix-animation-output-transform"></input>
     <input semantic="INTERPOLATION" source="#jnt_left_handmiddle3-Interpolations"></input>
    </sampler>
    <channel source="#jnt_left_handmiddle3-Matrix-animation-transform" target="jnt_left_handmiddle3/matrix"></channel>
   </animation>
  </animation>
  <animation id="jnt_left_handmiddle4-anim" name="jnt_left_handmiddle4">
   <animation>
    <source id="jnt_left_handmiddle4-Matrix-animation-input">
     <float_array id="jnt_left_handmiddle4-Matrix-animation-input-array" count="23">

0.000000 0.033333 0.066667 0.100000 0.133333 0.166667 0.200000 0.233333 0.266667 0.300000 0.333333 0.366667 0.400000 0.433333 0.466667 0.500000
0.533333 0.566667 0.600000 0.633333 0.666667 0.700000 0.733333</float_array>
     <technique_common>
      <accessor source="#jnt_left_handmiddle4-Matrix-animation-input-array" count="23">
       <param name="TIME" type="float"></param>
      </accessor>
     </technique_common>
    </source>
    <source id="jnt_left_handmiddle4-Matrix-animation-output-transform">
     <float_array id="jnt_left_handmiddle4-Matrix-animation-output-transform-array" count="368">

1.000000 -0.000000 0.000000 -0.119192 0.000000 1.000000 0.000000 -0.000107 -0.000000 -0.000000 1.000000 0.000005 0.000000 0.000000 0.000000 1.000000
1.000000 -0.000000 0.000000 -0.119193 0.000000 1.000000 -0.000000 -0.000107 -0.000000 0.000000 1.000000 0.000005 0.000000 0.000000 0.000000 1.000000
1.000000 -0.000000 0.000000 -0.119193 0.000000 1.000000 -0.000000 -0.000107 -0.000000 0.000000 1.000000 0.000005 0.000000 0.000000 0.000000 1.000000
1.000000 -0.000000 -0.000000 -0.119193 0.000000 1.000000 0.000000 -0.000107 0.000000 -0.000000 1.000000 0.000005 0.000000 0.000000 0.000000 1.000000
1.000000 0.000000 -0.000000 -0.119193 -0.000000 1.000000 0.000000 -0.000107 0.000000 -0.000000 1.000000 0.000005 0.000000 0.000000 0.000000 1.000000
1.000000 0.000000 0.000000 -0.119193 -0.000000 1.000000 0.000000 -0.000107 -0.000000 -0.000000 1.000000 0.000005 0.000000 0.000000 0.000000 1.000000
1.000000 -0.000000 0.000000 -0.119193 0.000000 1.000000 -0.000000 -0.000107 -0.000000 0.000000 1.000000 0.000005 0.000000 0.000000 0.000000 1.000000
1.000000 -0.000000 -0.000000 -0.119193 0.000000 1.000000 0.000000 -0.000107 0.000000 -0.000000 1.000000 0.000005 0.000000 0.000000 0.000000 1.000000
1.000000 -0.000000 0.000000 -0.119193 0.000000 1.000000 0.000000 -0.000107 -0.000000 -0.000000 1.000000 0.000005 0.000000 0.000000 0.000000 1.000000
1.000000 0.000000 0.000000 -0.119193 -0.000000 1.000000 0.000000 -0.000106 -0.000000 -0.000000 1.000000 0.000005 0.000000 0.000000 0.000000 1.000000
1.000000 -0.000000 -0.000000 -0.119193 0.000000 1.000000 -0.000000 -0.000107 0.000000 0.000000 1.000000 0.000005 0.000000 0.000000 0.000000 1.000000
1.000000 -0.000000 0.000000 -0.119193 0.000000 1.000000 -0.000000 -0.000107 -0.000000 0.000000 1.000000 0.000005 0.000000 0.000000 0.000000 1.000000
1.000000 -0.000000 -0.000000 -0.119193 0.000000 1.000000 -0.000000 -0.000107 0.000000 0.000000 1.000000 0.000005 0.000000 0.000000 0.000000 1.000000
1.000000 0.000000 0.000000 -0.119193 -0.000000 1.000000 0.000000 -0.000107 -0.000000 -0.000000 1.000000 0.000005 0.000000 0.000000 0.000000 1.000000
1.000000 -0.000000 -0.000000 -0.119193 -0.000000 1.000000 -0.000000 -0.000107 0.000000 0.000000 1.000000 0.000005 0.000000 0.000000 0.000000 1.000000
1.000000 -0.000000 0.000000 -0.119193 0.000000 1.000000 0.000000 -0.000107 -0.000000 -0.000000 1.000000 0.000005 0.000000 0.000000 0.000000 1.000000
1.000000 -0.000000 -0.000000 -0.119193 0.000000 1.000000 -0.000000 -0.000107 0.000000 0.000000 1.000000 0.000005 0.000000 0.000000 0.000000 1.000000
1.000000 -0.000000 -0.000000 -0.119193 0.000000 1.000000 0.000000 -0.000107 0.000000 -0.000000 1.000000 0.000005 0.000000 0.000000 0.000000 1.000000
1.000000 -0.000000 -0.000000 -0.119192 0.000000 1.000000 0.000000 -0.000107 0.000000 -0.000000 1.000000 0.000005 0.000000 0.000000 0.000000 1.000000
1.000000 -0.000000 0.000000 -0.119193 0.000000 1.000000 -0.000000 -0.000107 -0.000000 0.000000 1.000000 0.000005 0.000000 0.000000 0.000000 1.000000
1.000000 -0.000000 0.000000 -0.119193 0.000000 1.000000 -0.000000 -0.000106 -0.000000 0.000000 1.000000 0.000005 0.000000 0.000000 0.000000 1.000000
1.000000 -0.000000 -0.000000 -0.119193 0.000000 1.000000 0.000000 -0.000106 0.000000 -0.000000 1.000000 0.000005 0.000000 0.000000 0.000000 1.000000
1.000000 -0.000000 0.000000 -0.119193 0.000000 1.000000 -0.000000 -0.000107 -0.000000 0.000000 1.000000 0.000005 0.000000 0.000000 0.000000 1.000000</float_array>
     <technique_common>
      <accessor source="#jnt_left_handmiddle4-Matrix-animation-output-transform-array" count="23" stride="16">
       <param type="float4x4"></param>
      </accessor>
     </technique_common>
    </source>
    <source id="jnt_left_handmiddle4-Interpolations">
     <Name_array id="jnt_left_handmiddle4-Interpolations-array" count="23">
 LINEAR LINEAR LINEAR LINEAR LINEAR LINEAR LINEAR LINEAR LINEAR LINEAR LINEAR
LINEAR LINEAR LINEAR LINEAR LINEAR LINEAR LINEAR LINEAR LINEAR LINEAR LINEAR LINEAR</Name_array>
     <technique_common>
      <accessor source="#jnt_left_handmiddle4-Interpolations-array" count="23">
       <param type="name"></param>
      </accessor>
     </technique_common>
    </source>
    <sampler id="jnt_left_handmiddle4-Matrix-animation-transform">
     <input semantic="INPUT" source="#jnt_left_handmiddle4-Matrix-animation-input"></input>
     <input semantic="OUTPUT" source="#jnt_left_handmiddle4-Matrix-animation-output-transform"></input>
     <input semantic="INTERPOLATION" source="#jnt_left_handmiddle4-Interpolations"></input>
    </sampler>
    <channel source="#jnt_left_handmiddle4-Matrix-animation-transform" target="jnt_left_handmiddle4/matrix"></channel>
   </animation>
  </animation>
  <animation id="jnt_left_handring1-anim" name="jnt_left_handring1">
   <animation>
    <source id="jnt_left_handring1-Matrix-animation-input">
     <float_array id="jnt_left_handring1-Matrix-animation-input-array" count="23">

0.000000 0.033333 0.066667 0.100000 0.133333 0.166667 0.200000 0.233333 0.266667 0.300000 0.333333 0.366667 0.400000 0.433333 0.466667 0.500000
0.533333 0.566667 0.600000 0.633333 0.666667 0.700000 0.733333</float_array>
     <technique_common>
      <accessor source="#jnt_left_handring1-Matrix-animation-input-array" count="23">
       <param name="TIME" type="float"></param>
      </accessor>
     </technique_common>
    </source>
    <source id="jnt_left_handring1-Matrix-animation-output-transform">
     <float_array id="jnt_left_handring1-Matrix-animation-output-transform-array" count="368">

0.605660 0.778632 -0.164038 -0.469963 0.017593 -0.219202 -0.975521 0.076797 -0.795529 0.587948 -0.146460 -0.036646 0.000000 0.000000 0.000000 1.000000
0.605660 0.778632 -0.164038 -0.469964 0.017593 -0.219202 -0.975521 0.076798 -0.795529 0.587948 -0.146460 -0.036647 0.000000 0.000000 0.000000 1.000000
0.605660 0.778632 -0.164038 -0.469963 0.017593 -0.219203 -0.975521 0.076797 -0.795529 0.587948 -0.146461 -0.036648 0.000000 0.000000 0.000000 1.000000
0.605660 0.778632 -0.164038 -0.469964 0.017593 -0.219203 -0.975521 0.076797 -0.795529 0.587948 -0.146460 -0.036647 0.000000 0.000000 0.000000 1.000000
0.605660 0.778632 -0.164038 -0.469963 0.017593 -0.219202 -0.975521 0.076797 -0.795529 0.587948 -0.146460 -0.036647 0.000000 0.000000 0.000000 1.000000
0.605660 0.778632 -0.164038 -0.469963 0.017593 -0.219202 -0.975521 0.076798 -0.795529 0.587948 -0.146460 -0.036647 0.000000 0.000000 0.000000 1.000000
0.605660 0.778632 -0.164038 -0.469963 0.017593 -0.219202 -0.975521 0.076797 -0.795529 0.587948 -0.146460 -0.036647 0.000000 0.000000 0.000000 1.000000
0.605660 0.778632 -0.164038 -0.469963 0.017593 -0.219202 -0.975521 0.076798 -0.795529 0.587948 -0.146460 -0.036647 0.000000 0.000000 0.000000 1.000000
0.605660 0.778632 -0.164038 -0.469963 0.017593 -0.219203 -0.975521 0.076798 -0.795529 0.587948 -0.146461 -0.036647 0.000000 0.000000 0.000000 1.000000
0.605660 0.778632 -0.164038 -0.469963 0.017593 -0.219203 -0.975521 0.076797 -0.795529 0.587948 -0.146461 -0.036647 0.000000 0.000000 0.000000 1.000000
0.605660 0.778632 -0.164038 -0.469963 0.017593 -0.219203 -0.975521 0.076798 -0.795529 0.587948 -0.146460 -0.036647 0.000000 0.000000 0.000000 1.000000
0.605660 0.778632 -0.164039 -0.469963 0.017593 -0.219203 -0.975521 0.076798 -0.795529 0.587948 -0.146460 -0.036646 0.000000 0.000000 0.000000 1.000000
0.605660 0.778632 -0.164038 -0.469964 0.017593 -0.219202 -0.975521 0.076797 -0.795529 0.587948 -0.146460 -0.036646 0.000000 0.000000 0.000000 1.000000
0.605660 0.778632 -0.164038 -0.469963 0.017593 -0.219202 -0.975521 0.076798 -0.795529 0.587948 -0.146460 -0.036647 0.000000 0.000000 0.000000 1.000000
0.605660 0.778632 -0.164038 -0.469963 0.017593 -0.219202 -0.975521 0.076797 -0.795529 0.587948 -0.146460 -0.036647 0.000000 0.000000 0.000000 1.000000
0.605660 0.778632 -0.164038 -0.469964 0.017593 -0.219202 -0.975521 0.076797 -0.795529 0.587948 -0.146460 -0.036647 0.000000 0.000000 0.000000 1.000000
0.605660 0.778632 -0.164038 -0.469963 0.017593 -0.219203 -0.975521 0.076797 -0.795529 0.587948 -0.146460 -0.036647 0.000000 0.000000 0.000000 1.000000
0.605660 0.778632 -0.164038 -0.469964 0.017593 -0.219202 -0.975521 0.076798 -0.795529 0.587948 -0.146460 -0.036647 0.000000 0.000000 0.000000 1.000000
0.605660 0.778632 -0.164038 -0.469964 0.017593 -0.219202 -0.975521 0.076797 -0.795529 0.587948 -0.146460 -0.036647 0.000000 0.000000 0.000000 1.000000
0.605660 0.778632 -0.164038 -0.469963 0.017593 -0.219202 -0.975521 0.076798 -0.795529 0.587948 -0.146460 -0.036647 0.000000 0.000000 0.000000 1.000000
0.605660 0.778632 -0.164039 -0.469963 0.017593 -0.219203 -0.975521 0.076797 -0.795529 0.587948 -0.146461 -0.036647 0.000000 0.000000 0.000000 1.000000
0.605660 0.778632 -0.164038 -0.469963 0.017593 -0.219202 -0.975521 0.076797 -0.795529 0.587948 -0.146460 -0.036647 0.000000 0.000000 0.000000 1.000000
0.605660 0.778632 -0.164038 -0.469963 0.017593 -0.219202 -0.975521 0.076797 -0.795529 0.587948 -0.146460 -0.036647 0.000000 0.000000 0.000000 1.000000</float_array>
     <technique_common>
      <accessor source="#jnt_left_handring1-Matrix-animation-output-transform-array" count="23" stride="16">
       <param type="float4x4"></param>
      </accessor>
     </technique_common>
    </source>
    <source id="jnt_left_handring1-Interpolations">
     <Name_array id="jnt_left_handring1-Interpolations-array" count="23">
 LINEAR LINEAR LINEAR LINEAR LINEAR LINEAR LINEAR LINEAR LINEAR LINEAR LINEAR
LINEAR LINEAR LINEAR LINEAR LINEAR LINEAR LINEAR LINEAR LINEAR LINEAR LINEAR LINEAR</Name_array>
     <technique_common>
      <accessor source="#jnt_left_handring1-Interpolations-array" count="23">
       <param type="name"></param>
      </accessor>
     </technique_common>
    </source>
    <sampler id="jnt_left_handring1-Matrix-animation-transform">
     <input semantic="INPUT" source="#jnt_left_handring1-Matrix-animation-input"></input>
     <input semantic="OUTPUT" source="#jnt_left_handring1-Matrix-animation-output-transform"></input>
     <input semantic="INTERPOLATION" source="#jnt_left_handring1-Interpolations"></input>
    </sampler>
    <channel source="#jnt_left_handring1-Matrix-animation-transform" target="jnt_left_handring1/matrix"></channel>
   </animation>
  </animation>
  <animation id="jnt_left_handring2-anim" name="jnt_left_handring2">
   <animation>
    <source id="jnt_left_handring2-Matrix-animation-input">
     <float_array id="jnt_left_handring2-Matrix-animation-input-array" count="23">

0.000000 0.033333 0.066667 0.100000 0.133333 0.166667 0.200000 0.233333 0.266667 0.300000 0.333333 0.366667 0.400000 0.433333 0.466667 0.500000
0.533333 0.566667 0.600000 0.633333 0.666667 0.700000 0.733333</float_array>
     <technique_common>
      <accessor source="#jnt_left_handring2-Matrix-animation-input-array" count="23">
       <param name="TIME" type="float"></param>
      </accessor>
     </technique_common>
    </source>
    <source id="jnt_left_handring2-Matrix-animation-output-transform">
     <float_array id="jnt_left_handring2-Matrix-animation-output-transform-array" count="368">

0.881477 0.472226 0.000000 -0.184233 -0.472226 0.881478 -0.000001 -0.000002 -0.000001 0.000001 1.000000 -0.000001 0.000000 0.000000 0.000000 1.000000
0.881477 0.472226 0.000000 -0.184232 -0.472226 0.881477 -0.000001 -0.000002 -0.000001 0.000001 1.000000 -0.000001 0.000000 0.000000 0.000000 1.000000
0.881477 0.472226 0.000000 -0.184233 -0.472226 0.881478 -0.000001 -0.000002 -0.000001 0.000001 1.000000 -0.000001 0.000000 0.000000 0.000000 1.000000
0.881477 0.472226 0.000000 -0.184233 -0.472226 0.881477 -0.000001 -0.000001 -0.000001 0.000001 1.000000 -0.000001 0.000000 0.000000 0.000000 1.000000
0.881477 0.472226 0.000000 -0.184233 -0.472226 0.881477 -0.000001 -0.000001 -0.000001 0.000001 1.000000 -0.000001 0.000000 0.000000 0.000000 1.000000
0.881478 0.472226 0.000000 -0.184233 -0.472226 0.881477 -0.000001 -0.000001 -0.000001 0.000001 1.000000 -0.000001 0.000000 0.000000 0.000000 1.000000
0.881477 0.472226 0.000000 -0.184233 -0.472226 0.881477 -0.000001 -0.000001 -0.000001 0.000001 1.000000 -0.000001 0.000000 0.000000 0.000000 1.000000
0.881477 0.472226 0.000000 -0.184233 -0.472226 0.881477 -0.000001 -0.000002 -0.000001 0.000001 1.000000 -0.000001 0.000000 0.000000 0.000000 1.000000
0.881477 0.472226 0.000000 -0.184233 -0.472226 0.881478 -0.000001 -0.000002 -0.000001 0.000001 1.000000 -0.000001 0.000000 0.000000 0.000000 1.000000
0.881477 0.472226 0.000000 -0.184233 -0.472226 0.881477 -0.000001 -0.000001 -0.000001 0.000001 1.000000 -0.000001 0.000000 0.000000 0.000000 1.000000
0.881477 0.472226 0.000000 -0.184233 -0.472226 0.881477 -0.000001 -0.000002 -0.000001 0.000001 1.000000 -0.000001 0.000000 0.000000 0.000000 1.000000
0.881477 0.472226 0.000000 -0.184234 -0.472226 0.881478 -0.000001 -0.000002 -0.000001 0.000001 1.000000 -0.000001 0.000000 0.000000 0.000000 1.000000
0.881478 0.472226 0.000000 -0.184234 -0.472226 0.881477 -0.000001 -0.000002 -0.000001 0.000001 1.000000 -0.000001 0.000000 0.000000 0.000000 1.000000
0.881478 0.472226 0.000000 -0.184233 -0.472226 0.881477 -0.000001 -0.000002 -0.000001 0.000001 1.000000 -0.000001 0.000000 0.000000 0.000000 1.000000
0.881477 0.472226 0.000000 -0.184233 -0.472226 0.881477 -0.000001 -0.000002 -0.000001 0.000001 1.000000 -0.000001 0.000000 0.000000 0.000000 1.000000
0.881478 0.472226 0.000000 -0.184233 -0.472226 0.881478 -0.000001 -0.000001 -0.000001 0.000001 1.000000 -0.000001 0.000000 0.000000 0.000000 1.000000
0.881477 0.472226 0.000000 -0.184233 -0.472226 0.881477 -0.000001 -0.000002 -0.000001 0.000001 1.000000 -0.000001 0.000000 0.000000 0.000000 1.000000
0.881478 0.472226 0.000000 -0.184233 -0.472226 0.881478 -0.000001 -0.000001 -0.000001 0.000001 1.000000 -0.000001 0.000000 0.000000 0.000000 1.000000
0.881478 0.472226 0.000000 -0.184234 -0.472226 0.881477 -0.000001 -0.000001 -0.000001 0.000001 1.000000 -0.000001 0.000000 0.000000 0.000000 1.000000
0.881478 0.472226 0.000000 -0.184234 -0.472226 0.881478 -0.000001 -0.000001 -0.000001 0.000001 1.000000 -0.000001 0.000000 0.000000 0.000000 1.000000
0.881477 0.472226 0.000000 -0.184233 -0.472226 0.881477 -0.000001 -0.000001 -0.000001 0.000001 1.000000 -0.000001 0.000000 0.000000 0.000000 1.000000
0.881478 0.472226 0.000000 -0.184232 -0.472226 0.881478 -0.000001 -0.000002 -0.000001 0.000001 1.000000 -0.000001 0.000000 0.000000 0.000000 1.000000
0.881478 0.472226 0.000000 -0.184233 -0.472226 0.881478 -0.000001 -0.000002 -0.000001 0.000001 1.000000 -0.000001 0.000000 0.000000 0.000000 1.000000</float_array>
     <technique_common>
      <accessor source="#jnt_left_handring2-Matrix-animation-output-transform-array" count="23" stride="16">
       <param type="float4x4"></param>
      </accessor>
     </technique_common>
    </source>
    <source id="jnt_left_handring2-Interpolations">
     <Name_array id="jnt_left_handring2-Interpolations-array" count="23">
 LINEAR LINEAR LINEAR LINEAR LINEAR LINEAR LINEAR LINEAR LINEAR LINEAR LINEAR
LINEAR LINEAR LINEAR LINEAR LINEAR LINEAR LINEAR LINEAR LINEAR LINEAR LINEAR LINEAR</Name_array>
     <technique_common>
      <accessor source="#jnt_left_handring2-Interpolations-array" count="23">
       <param type="name"></param>
      </accessor>
     </technique_common>
    </source>
    <sampler id="jnt_left_handring2-Matrix-animation-transform">
     <input semantic="INPUT" source="#jnt_left_handring2-Matrix-animation-input"></input>
     <input semantic="OUTPUT" source="#jnt_left_handring2-Matrix-animation-output-transform"></input>
     <input semantic="INTERPOLATION" source="#jnt_left_handring2-Interpolations"></input>
    </sampler>
    <channel source="#jnt_left_handring2-Matrix-animation-transform" target="jnt_left_handring2/matrix"></channel>
   </animation>
  </animation>
  <animation id="jnt_left_handring3-anim" name="jnt_left_handring3">
   <animation>
    <source id="jnt_left_handring3-Matrix-animation-input">
     <float_array id="jnt_left_handring3-Matrix-animation-input-array" count="23">

0.000000 0.033333 0.066667 0.100000 0.133333 0.166667 0.200000 0.233333 0.266667 0.300000 0.333333 0.366667 0.400000 0.433333 0.466667 0.500000
0.533333 0.566667 0.600000 0.633333 0.666667 0.700000 0.733333</float_array>
     <technique_common>
      <accessor source="#jnt_left_handring3-Matrix-animation-input-array" count="23">
       <param name="TIME" type="float"></param>
      </accessor>
     </technique_common>
    </source>
    <source id="jnt_left_handring3-Matrix-animation-output-transform">
     <float_array id="jnt_left_handring3-Matrix-animation-output-transform-array" count="368">

0.967951 0.251140 0.000000 -0.103958 -0.251140 0.967951 0.000001 0.000003 0.000000 -0.000001 1.000000 0.000000 0.000000 0.000000 0.000000 1.000000
0.967951 0.251140 0.000000 -0.103958 -0.251140 0.967951 0.000001 0.000003 0.000000 -0.000001 1.000000 0.000000 0.000000 0.000000 0.000000 1.000000
0.967951 0.251140 0.000000 -0.103958 -0.251140 0.967951 0.000001 0.000003 0.000000 -0.000001 1.000000 -0.000000 0.000000 0.000000 0.000000 1.000000
0.967951 0.251140 0.000000 -0.103958 -0.251140 0.967951 0.000001 0.000003 0.000000 -0.000001 1.000000 -0.000000 0.000000 0.000000 0.000000 1.000000
0.967951 0.251140 0.000000 -0.103958 -0.251140 0.967951 0.000001 0.000003 0.000000 -0.000001 1.000000 0.000000 0.000000 0.000000 0.000000 1.000000
0.967951 0.251140 0.000000 -0.103958 -0.251140 0.967951 0.000001 0.000002 0.000000 -0.000001 1.000000 -0.000000 0.000000 0.000000 0.000000 1.000000
0.967951 0.251140 0.000000 -0.103959 -0.251140 0.967951 0.000001 0.000003 0.000000 -0.000001 1.000000 0.000000 0.000000 0.000000 0.000000 1.000000
0.967951 0.251140 0.000000 -0.103958 -0.251140 0.967951 0.000001 0.000003 0.000000 -0.000001 1.000000 0.000000 0.000000 0.000000 0.000000 1.000000
0.967951 0.251140 0.000000 -0.103958 -0.251140 0.967951 0.000001 0.000003 0.000000 -0.000001 1.000000 -0.000000 0.000000 0.000000 0.000000 1.000000
0.967951 0.251140 0.000000 -0.103958 -0.251140 0.967951 0.000001 0.000003 0.000000 -0.000001 1.000000 0.000000 0.000000 0.000000 0.000000 1.000000
0.967951 0.251140 0.000000 -0.103958 -0.251140 0.967951 0.000001 0.000003 0.000000 -0.000001 1.000000 0.000000 0.000000 0.000000 0.000000 1.000000
0.967951 0.251140 0.000000 -0.103959 -0.251140 0.967951 0.000001 0.000002 0.000000 -0.000001 1.000000 -0.000000 0.000000 0.000000 0.000000 1.000000
0.967951 0.251140 0.000000 -0.103958 -0.251140 0.967951 0.000001 0.000003 0.000000 -0.000001 1.000000 0.000000 0.000000 0.000000 0.000000 1.000000
0.967951 0.251140 0.000000 -0.103958 -0.251140 0.967951 0.000001 0.000003 0.000000 -0.000001 1.000000 0.000000 0.000000 0.000000 0.000000 1.000000
0.967951 0.251140 0.000000 -0.103958 -0.251140 0.967951 0.000001 0.000002 0.000000 -0.000001 1.000000 -0.000000 0.000000 0.000000 0.000000 1.000000
0.967951 0.251140 0.000000 -0.103958 -0.251140 0.967951 0.000001 0.000002 0.000000 -0.000001 1.000000 0.000000 0.000000 0.000000 0.000000 1.000000
0.967951 0.251140 0.000000 -0.103958 -0.251140 0.967951 0.000001 0.000002 0.000000 -0.000001 1.000000 0.000000 0.000000 0.000000 0.000000 1.000000
0.967951 0.251140 0.000000 -0.103959 -0.251140 0.967951 0.000001 0.000002 0.000000 -0.000001 1.000000 -0.000000 0.000000 0.000000 0.000000 1.000000
0.967951 0.251140 -0.000000 -0.103959 -0.251140 0.967951 0.000001 0.000002 0.000000 -0.000001 1.000000 -0.000001 0.000000 0.000000 0.000000 1.000000
0.967951 0.251140 0.000000 -0.103958 -0.251140 0.967951 0.000001 0.000003 0.000000 -0.000001 1.000000 -0.000001 0.000000 0.000000 0.000000 1.000000
0.967951 0.251140 0.000000 -0.103959 -0.251140 0.967951 0.000001 0.000002 0.000000 -0.000001 1.000000 0.000001 0.000000 0.000000 0.000000 1.000000
0.967951 0.251140 0.000000 -0.103958 -0.251140 0.967951 0.000001 0.000002 0.000000 -0.000001 1.000000 0.000001 0.000000 0.000000 0.000000 1.000000
0.967951 0.251140 -0.000000 -0.103958 -0.251140 0.967951 0.000001 0.000003 0.000000 -0.000001 1.000000 0.000000 0.000000 0.000000 0.000000 1.000000</float_array>
     <technique_common>
      <accessor source="#jnt_left_handring3-Matrix-animation-output-transform-array" count="23" stride="16">
       <param type="float4x4"></param>
      </accessor>
     </technique_common>
    </source>
    <source id="jnt_left_handring3-Interpolations">
     <Name_array id="jnt_left_handring3-Interpolations-array" count="23">
 LINEAR LINEAR LINEAR LINEAR LINEAR LINEAR LINEAR LINEAR LINEAR LINEAR LINEAR
LINEAR LINEAR LINEAR LINEAR LINEAR LINEAR LINEAR LINEAR LINEAR LINEAR LINEAR LINEAR</Name_array>
     <technique_common>
      <accessor source="#jnt_left_handring3-Interpolations-array" count="23">
       <param type="name"></param>
      </accessor>
     </technique_common>
    </source>
    <sampler id="jnt_left_handring3-Matrix-animation-transform">
     <input semantic="INPUT" source="#jnt_left_handring3-Matrix-animation-input"></input>
     <input semantic="OUTPUT" source="#jnt_left_handring3-Matrix-animation-output-transform"></input>
     <input semantic="INTERPOLATION" source="#jnt_left_handring3-Interpolations"></input>
    </sampler>
    <channel source="#jnt_left_handring3-Matrix-animation-transform" target="jnt_left_handring3/matrix"></channel>
   </animation>
  </animation>
  <animation id="jnt_left_handring4-anim" name="jnt_left_handring4">
   <animation>
    <source id="jnt_left_handring4-Matrix-animation-input">
     <float_array id="jnt_left_handring4-Matrix-animation-input-array" count="23">

0.000000 0.033333 0.066667 0.100000 0.133333 0.166667 0.200000 0.233333 0.266667 0.300000 0.333333 0.366667 0.400000 0.433333 0.466667 0.500000
0.533333 0.566667 0.600000 0.633333 0.666667 0.700000 0.733333</float_array>
     <technique_common>
      <accessor source="#jnt_left_handring4-Matrix-animation-input-array" count="23">
       <param name="TIME" type="float"></param>
      </accessor>
     </technique_common>
    </source>
    <source id="jnt_left_handring4-Matrix-animation-output-transform">
     <float_array id="jnt_left_handring4-Matrix-animation-output-transform-array" count="368">

1.000000 0.000000 -0.000000 -0.120246 -0.000000 1.000000 -0.000000 -0.000105 -0.000000 0.000000 1.000000 0.000017 0.000000 0.000000 0.000000 1.000000
1.000000 0.000000 -0.000000 -0.120246 -0.000000 1.000000 -0.000000 -0.000105 0.000000 0.000000 1.000000 0.000017 0.000000 0.000000 0.000000 1.000000
1.000000 0.000000 -0.000000 -0.120246 -0.000000 1.000000 -0.000000 -0.000105 0.000000 0.000000 1.000000 0.000017 0.000000 0.000000 0.000000 1.000000
1.000000 0.000000 0.000000 -0.120246 -0.000000 1.000000 -0.000000 -0.000105 -0.000000 0.000000 1.000000 0.000017 0.000000 0.000000 0.000000 1.000000
1.000000 0.000000 0.000000 -0.120246 -0.000000 1.000000 -0.000000 -0.000105 -0.000000 0.000000 1.000000 0.000017 0.000000 0.000000 0.000000 1.000000
1.000000 0.000000 -0.000000 -0.120246 -0.000000 1.000000 -0.000000 -0.000105 0.000000 0.000000 1.000000 0.000017 0.000000 0.000000 0.000000 1.000000
1.000000 0.000000 0.000000 -0.120246 -0.000000 1.000000 0.000000 -0.000105 -0.000000 -0.000000 1.000000 0.000017 0.000000 0.000000 0.000000 1.000000
1.000000 0.000000 0.000000 -0.120246 -0.000000 1.000000 -0.000000 -0.000105 -0.000000 0.000000 1.000000 0.000017 0.000000 0.000000 0.000000 1.000000
1.000000 0.000000 0.000000 -0.120246 -0.000000 1.000000 -0.000000 -0.000105 -0.000000 0.000000 1.000000 0.000017 0.000000 0.000000 0.000000 1.000000
1.000000 0.000000 0.000000 -0.120246 -0.000000 1.000000 0.000000 -0.000105 -0.000000 -0.000000 1.000000 0.000017 0.000000 0.000000 0.000000 1.000000
1.000000 0.000000 0.000000 -0.120246 -0.000000 1.000000 -0.000000 -0.000105 -0.000000 0.000000 1.000000 0.000017 0.000000 0.000000 0.000000 1.000000
1.000000 0.000000 0.000000 -0.120246 -0.000000 1.000000 -0.000000 -0.000105 -0.000000 0.000000 1.000000 0.000017 0.000000 0.000000 0.000000 1.000000
1.000000 0.000000 0.000000 -0.120246 -0.000000 1.000000 -0.000000 -0.000105 -0.000000 0.000000 1.000000 0.000017 0.000000 0.000000 0.000000 1.000000
1.000000 0.000000 -0.000000 -0.120246 -0.000000 1.000000 -0.000000 -0.000105 0.000000 0.000000 1.000000 0.000017 0.000000 0.000000 0.000000 1.000000
1.000000 0.000000 0.000000 -0.120246 -0.000000 1.000000 -0.000000 -0.000105 -0.000000 0.000000 1.000000 0.000017 0.000000 0.000000 0.000000 1.000000
1.000000 0.000000 -0.000000 -0.120246 -0.000000 1.000000 0.000000 -0.000105 0.000000 -0.000000 1.000000 0.000017 0.000000 0.000000 0.000000 1.000000
1.000000 0.000000 -0.000000 -0.120246 -0.000000 1.000000 -0.000000 -0.000105 0.000000 0.000000 1.000000 0.000017 0.000000 0.000000 0.000000 1.000000
1.000000 0.000000 -0.000000 -0.120246 -0.000000 1.000000 -0.000000 -0.000105 0.000000 0.000000 1.000000 0.000017 0.000000 0.000000 0.000000 1.000000
1.000000 0.000000 -0.000000 -0.120246 -0.000000 1.000000 -0.000000 -0.000105 0.000000 0.000000 1.000000 0.000017 0.000000 0.000000 0.000000 1.000000
1.000000 0.000000 -0.000000 -0.120246 -0.000000 1.000000 0.000000 -0.000105 0.000000 -0.000000 1.000000 0.000017 0.000000 0.000000 0.000000 1.000000
1.000000 0.000000 -0.000000 -0.120247 -0.000000 1.000000 0.000000 -0.000105 0.000000 -0.000000 1.000000 0.000017 0.000000 0.000000 0.000000 1.000000
1.000000 0.000000 -0.000000 -0.120246 -0.000000 1.000000 -0.000000 -0.000105 0.000000 0.000000 1.000000 0.000017 0.000000 0.000000 0.000000 1.000000
1.000000 0.000000 -0.000000 -0.120246 -0.000000 1.000000 -0.000000 -0.000105 0.000000 0.000000 1.000000 0.000017 0.000000 0.000000 0.000000 1.000000</float_array>
     <technique_common>
      <accessor source="#jnt_left_handring4-Matrix-animation-output-transform-array" count="23" stride="16">
       <param type="float4x4"></param>
      </accessor>
     </technique_common>
    </source>
    <source id="jnt_left_handring4-Interpolations">
     <Name_array id="jnt_left_handring4-Interpolations-array" count="23">
 LINEAR LINEAR LINEAR LINEAR LINEAR LINEAR LINEAR LINEAR LINEAR LINEAR LINEAR
LINEAR LINEAR LINEAR LINEAR LINEAR LINEAR LINEAR LINEAR LINEAR LINEAR LINEAR LINEAR</Name_array>
     <technique_common>
      <accessor source="#jnt_left_handring4-Interpolations-array" count="23">
       <param type="name"></param>
      </accessor>
     </technique_common>
    </source>
    <sampler id="jnt_left_handring4-Matrix-animation-transform">
     <input semantic="INPUT" source="#jnt_left_handring4-Matrix-animation-input"></input>
     <input semantic="OUTPUT" source="#jnt_left_handring4-Matrix-animation-output-transform"></input>
     <input semantic="INTERPOLATION" source="#jnt_left_handring4-Interpolations"></input>
    </sampler>
    <channel source="#jnt_left_handring4-Matrix-animation-transform" target="jnt_left_handring4/matrix"></channel>
   </animation>
  </animation>
  <animation id="jnt_left_handpinky1-anim" name="jnt_left_handpinky1">
   <animation>
    <source id="jnt_left_handpinky1-Matrix-animation-input">
     <float_array id="jnt_left_handpinky1-Matrix-animation-input-array" count="23">

0.000000 0.033333 0.066667 0.100000 0.133333 0.166667 0.200000 0.233333 0.266667 0.300000 0.333333 0.366667 0.400000 0.433333 0.466667 0.500000
0.533333 0.566667 0.600000 0.633333 0.666667 0.700000 0.733333</float_array>
     <technique_common>
      <accessor source="#jnt_left_handpinky1-Matrix-animation-input-array" count="23">
       <param name="TIME" type="float"></param>
      </accessor>
     </technique_common>
    </source>
    <source id="jnt_left_handpinky1-Matrix-animation-output-transform">
     <float_array id="jnt_left_handpinky1-Matrix-animation-output-transform-array" count="368">

0.536721 0.840265 -0.076715 -0.407613 0.103818 -0.155996 -0.982287 0.208155 -0.837348 0.519250 -0.170961 0.012224 0.000000 0.000000 0.000000 1.000000
0.536721 0.840265 -0.076715 -0.407612 0.103818 -0.155996 -0.982287 0.208155 -0.837349 0.519249 -0.170961 0.012223 0.000000 0.000000 0.000000 1.000000
0.536721 0.840265 -0.076715 -0.407612 0.103818 -0.155996 -0.982287 0.208155 -0.837349 0.519250 -0.170961 0.012223 0.000000 0.000000 0.000000 1.000000
0.536721 0.840265 -0.076715 -0.407613 0.103818 -0.155996 -0.982286 0.208155 -0.837348 0.519250 -0.170961 0.012223 0.000000 0.000000 0.000000 1.000000
0.536721 0.840265 -0.076715 -0.407612 0.103818 -0.155996 -0.982287 0.208155 -0.837349 0.519249 -0.170960 0.012223 0.000000 0.000000 0.000000 1.000000
0.536721 0.840265 -0.076715 -0.407612 0.103818 -0.155996 -0.982287 0.208156 -0.837348 0.519249 -0.170961 0.012222 0.000000 0.000000 0.000000 1.000000
0.536721 0.840265 -0.076715 -0.407612 0.103818 -0.155996 -0.982287 0.208155 -0.837348 0.519250 -0.170960 0.012223 0.000000 0.000000 0.000000 1.000000
0.536721 0.840265 -0.076716 -0.407613 0.103818 -0.155996 -0.982287 0.208155 -0.837348 0.519250 -0.170961 0.012224 0.000000 0.000000 0.000000 1.000000
0.536721 0.840265 -0.076715 -0.407613 0.103818 -0.155996 -0.982287 0.208156 -0.837348 0.519250 -0.170961 0.012224 0.000000 0.000000 0.000000 1.000000
0.536721 0.840265 -0.076715 -0.407612 0.103818 -0.155996 -0.982287 0.208156 -0.837348 0.519250 -0.170961 0.012223 0.000000 0.000000 0.000000 1.000000
0.536721 0.840265 -0.076715 -0.407612 0.103818 -0.155996 -0.982287 0.208155 -0.837348 0.519250 -0.170961 0.012223 0.000000 0.000000 0.000000 1.000000
0.536721 0.840265 -0.076716 -0.407613 0.103818 -0.155996 -0.982287 0.208156 -0.837348 0.519250 -0.170960 0.012224 0.000000 0.000000 0.000000 1.000000
0.536721 0.840265 -0.076715 -0.407613 0.103818 -0.155996 -0.982287 0.208155 -0.837349 0.519250 -0.170961 0.012224 0.000000 0.000000 0.000000 1.000000
0.536721 0.840265 -0.076716 -0.407612 0.103818 -0.155996 -0.982287 0.208156 -0.837349 0.519249 -0.170960 0.012223 0.000000 0.000000 0.000000 1.000000
0.536721 0.840265 -0.076715 -0.407612 0.103818 -0.155996 -0.982287 0.208156 -0.837348 0.519250 -0.170961 0.012223 0.000000 0.000000 0.000000 1.000000
0.536721 0.840265 -0.076716 -0.407612 0.103818 -0.155996 -0.982287 0.208156 -0.837349 0.519249 -0.170960 0.012223 0.000000 0.000000 0.000000 1.000000
0.536721 0.840265 -0.076715 -0.407612 0.103818 -0.155996 -0.982287 0.208156 -0.837348 0.519250 -0.170961 0.012223 0.000000 0.000000 0.000000 1.000000
0.536721 0.840265 -0.076715 -0.407612 0.103818 -0.155996 -0.982286 0.208155 -0.837348 0.519249 -0.170960 0.012223 0.000000 0.000000 0.000000 1.000000
0.536721 0.840265 -0.076715 -0.407613 0.103818 -0.155996 -0.982287 0.208155 -0.837348 0.519250 -0.170961 0.012223 0.000000 0.000000 0.000000 1.000000
0.536721 0.840265 -0.076715 -0.407612 0.103818 -0.155996 -0.982286 0.208156 -0.837348 0.519250 -0.170961 0.012223 0.000000 0.000000 0.000000 1.000000
0.536721 0.840265 -0.076715 -0.407612 0.103818 -0.155996 -0.982287 0.208156 -0.837349 0.519250 -0.170961 0.012223 0.000000 0.000000 0.000000 1.000000
0.536721 0.840265 -0.076715 -0.407612 0.103818 -0.155996 -0.982287 0.208155 -0.837349 0.519249 -0.170960 0.012223 0.000000 0.000000 0.000000 1.000000
0.536721 0.840265 -0.076716 -0.407613 0.103818 -0.155996 -0.982287 0.208156 -0.837349 0.519249 -0.170960 0.012224 0.000000 0.000000 0.000000 1.000000</float_array>
     <technique_common>
      <accessor source="#jnt_left_handpinky1-Matrix-animation-output-transform-array" count="23" stride="16">
       <param type="float4x4"></param>
      </accessor>
     </technique_common>
    </source>
    <source id="jnt_left_handpinky1-Interpolations">
     <Name_array id="jnt_left_handpinky1-Interpolations-array" count="23">
 LINEAR LINEAR LINEAR LINEAR LINEAR LINEAR LINEAR LINEAR LINEAR LINEAR LINEAR
LINEAR LINEAR LINEAR LINEAR LINEAR LINEAR LINEAR LINEAR LINEAR LINEAR LINEAR LINEAR</Name_array>
     <technique_common>
      <accessor source="#jnt_left_handpinky1-Interpolations-array" count="23">
       <param type="name"></param>
      </accessor>
     </technique_common>
    </source>
    <sampler id="jnt_left_handpinky1-Matrix-animation-transform">
     <input semantic="INPUT" source="#jnt_left_handpinky1-Matrix-animation-input"></input>
     <input semantic="OUTPUT" source="#jnt_left_handpinky1-Matrix-animation-output-transform"></input>
     <input semantic="INTERPOLATION" source="#jnt_left_handpinky1-Interpolations"></input>
    </sampler>
    <channel source="#jnt_left_handpinky1-Matrix-animation-transform" target="jnt_left_handpinky1/matrix"></channel>
   </animation>
  </animation>
  <animation id="jnt_left_handpinky2-anim" name="jnt_left_handpinky2">
   <animation>
    <source id="jnt_left_handpinky2-Matrix-animation-input">
     <float_array id="jnt_left_handpinky2-Matrix-animation-input-array" count="23">

0.000000 0.033333 0.066667 0.100000 0.133333 0.166667 0.200000 0.233333 0.266667 0.300000 0.333333 0.366667 0.400000 0.433333 0.466667 0.500000
0.533333 0.566667 0.600000 0.633333 0.666667 0.700000 0.733333</float_array>
     <technique_common>
      <accessor source="#jnt_left_handpinky2-Matrix-animation-input-array" count="23">
       <param name="TIME" type="float"></param>
      </accessor>
     </technique_common>
    </source>
    <source id="jnt_left_handpinky2-Matrix-animation-output-transform">
     <float_array id="jnt_left_handpinky2-Matrix-animation-output-transform-array" count="368">

0.822138 0.569288 0.000001 -0.148503 -0.569288 0.822138 -0.000000 0.000001 -0.000001 -0.000000 1.000000 -0.000001 0.000000 0.000000 0.000000 1.000000
0.822138 0.569288 0.000001 -0.148504 -0.569288 0.822138 -0.000000 0.000001 -0.000001 -0.000000 1.000000 -0.000001 0.000000 0.000000 0.000000 1.000000
0.822138 0.569288 0.000001 -0.148503 -0.569288 0.822139 -0.000000 0.000001 -0.000001 -0.000000 1.000000 -0.000001 0.000000 0.000000 0.000000 1.000000
0.822138 0.569288 0.000001 -0.148502 -0.569288 0.822138 -0.000000 0.000001 -0.000001 -0.000000 1.000000 -0.000001 0.000000 0.000000 0.000000 1.000000
0.822138 0.569288 0.000001 -0.148503 -0.569288 0.822138 -0.000000 0.000002 -0.000001 -0.000000 1.000000 -0.000001 0.000000 0.000000 0.000000 1.000000
0.822138 0.569288 0.000001 -0.148502 -0.569288 0.822138 -0.000000 0.000001 -0.000001 -0.000000 1.000000 -0.000001 0.000000 0.000000 0.000000 1.000000
0.822138 0.569288 0.000001 -0.148503 -0.569288 0.822138 -0.000000 0.000001 -0.000001 -0.000000 1.000000 -0.000001 0.000000 0.000000 0.000000 1.000000
0.822138 0.569288 0.000001 -0.148504 -0.569288 0.822138 -0.000000 0.000000 -0.000001 -0.000000 1.000000 -0.000001 0.000000 0.000000 0.000000 1.000000
0.822138 0.569288 0.000001 -0.148503 -0.569288 0.822138 -0.000000 0.000001 -0.000001 -0.000000 1.000000 -0.000001 0.000000 0.000000 0.000000 1.000000
0.822138 0.569288 0.000001 -0.148504 -0.569288 0.822138 -0.000000 0.000001 -0.000001 -0.000000 1.000000 -0.000001 0.000000 0.000000 0.000000 1.000000
0.822138 0.569288 0.000001 -0.148503 -0.569288 0.822138 -0.000000 0.000001 -0.000001 -0.000000 1.000000 -0.000001 0.000000 0.000000 0.000000 1.000000
0.822138 0.569288 0.000001 -0.148504 -0.569288 0.822138 -0.000000 0.000001 -0.000001 -0.000000 1.000000 -0.000001 0.000000 0.000000 0.000000 1.000000
0.822138 0.569288 0.000001 -0.148502 -0.569288 0.822138 -0.000000 0.000001 -0.000001 -0.000000 1.000000 -0.000001 0.000000 0.000000 0.000000 1.000000
0.822138 0.569288 0.000001 -0.148503 -0.569288 0.822138 -0.000000 0.000001 -0.000001 -0.000000 1.000000 -0.000001 0.000000 0.000000 0.000000 1.000000
0.822138 0.569288 0.000001 -0.148504 -0.569288 0.822138 -0.000000 0.000001 -0.000001 -0.000000 1.000000 -0.000001 0.000000 0.000000 0.000000 1.000000
0.822138 0.569288 0.000001 -0.148504 -0.569288 0.822138 -0.000000 0.000001 -0.000001 -0.000000 1.000000 -0.000001 0.000000 0.000000 0.000000 1.000000
0.822138 0.569288 0.000001 -0.148503 -0.569288 0.822138 -0.000000 0.000002 -0.000001 -0.000000 1.000000 -0.000001 0.000000 0.000000 0.000000 1.000000
0.822138 0.569288 0.000001 -0.148503 -0.569288 0.822138 -0.000000 0.000002 -0.000001 -0.000000 1.000000 -0.000001 0.000000 0.000000 0.000000 1.000000
0.822138 0.569288 0.000001 -0.148503 -0.569288 0.822138 -0.000000 0.000001 -0.000001 -0.000000 1.000000 -0.000001 0.000000 0.000000 0.000000 1.000000
0.822138 0.569288 0.000001 -0.148503 -0.569288 0.822138 -0.000000 0.000001 -0.000001 -0.000000 1.000000 -0.000001 0.000000 0.000000 0.000000 1.000000
0.822138 0.569288 0.000001 -0.148503 -0.569288 0.822138 -0.000000 0.000001 -0.000001 -0.000000 1.000000 -0.000001 0.000000 0.000000 0.000000 1.000000
0.822138 0.569288 0.000001 -0.148502 -0.569288 0.822138 -0.000000 0.000001 -0.000001 -0.000000 1.000000 -0.000000 0.000000 0.000000 0.000000 1.000000
0.822138 0.569288 0.000001 -0.148503 -0.569288 0.822138 -0.000000 0.000002 -0.000001 -0.000000 1.000000 -0.000001 0.000000 0.000000 0.000000 1.000000</float_array>
     <technique_common>
      <accessor source="#jnt_left_handpinky2-Matrix-animation-output-transform-array" count="23" stride="16">
       <param type="float4x4"></param>
      </accessor>
     </technique_common>
    </source>
    <source id="jnt_left_handpinky2-Interpolations">
     <Name_array id="jnt_left_handpinky2-Interpolations-array" count="23">
 LINEAR LINEAR LINEAR LINEAR LINEAR LINEAR LINEAR LINEAR LINEAR LINEAR LINEAR
LINEAR LINEAR LINEAR LINEAR LINEAR LINEAR LINEAR LINEAR LINEAR LINEAR LINEAR LINEAR</Name_array>
     <technique_common>
      <accessor source="#jnt_left_handpinky2-Interpolations-array" count="23">
       <param type="name"></param>
      </accessor>
     </technique_common>
    </source>
    <sampler id="jnt_left_handpinky2-Matrix-animation-transform">
     <input semantic="INPUT" source="#jnt_left_handpinky2-Matrix-animation-input"></input>
     <input semantic="OUTPUT" source="#jnt_left_handpinky2-Matrix-animation-output-transform"></input>
     <input semantic="INTERPOLATION" source="#jnt_left_handpinky2-Interpolations"></input>
    </sampler>
    <channel source="#jnt_left_handpinky2-Matrix-animation-transform" target="jnt_left_handpinky2/matrix"></channel>
   </animation>
  </animation>
  <animation id="jnt_left_handpinky3-anim" name="jnt_left_handpinky3">
   <animation>
    <source id="jnt_left_handpinky3-Matrix-animation-input">
     <float_array id="jnt_left_handpinky3-Matrix-animation-input-array" count="23">

0.000000 0.033333 0.066667 0.100000 0.133333 0.166667 0.200000 0.233333 0.266667 0.300000 0.333333 0.366667 0.400000 0.433333 0.466667 0.500000
0.533333 0.566667 0.600000 0.633333 0.666667 0.700000 0.733333</float_array>
     <technique_common>
      <accessor source="#jnt_left_handpinky3-Matrix-animation-input-array" count="23">
       <param name="TIME" type="float"></param>
      </accessor>
     </technique_common>
    </source>
    <source id="jnt_left_handpinky3-Matrix-animation-output-transform">
     <float_array id="jnt_left_handpinky3-Matrix-animation-output-transform-array" count="368">

0.936795 0.349878 -0.000000 -0.075473 -0.349878 0.936795 -0.000001 0.000002 0.000000 0.000001 1.000000 0.000000 0.000000 0.000000 0.000000 1.000000
0.936795 0.349878 -0.000000 -0.075475 -0.349878 0.936795 -0.000001 0.000002 0.000000 0.000001 1.000000 0.000000 0.000000 0.000000 0.000000 1.000000
0.936795 0.349878 -0.000000 -0.075474 -0.349878 0.936795 -0.000001 0.000002 0.000000 0.000001 1.000000 0.000000 0.000000 0.000000 0.000000 1.000000
0.936795 0.349878 -0.000000 -0.075475 -0.349879 0.936795 -0.000001 0.000002 0.000000 0.000001 1.000000 -0.000000 0.000000 0.000000 0.000000 1.000000
0.936795 0.349879 -0.000000 -0.075474 -0.349879 0.936795 -0.000001 0.000001 0.000000 0.000001 1.000000 -0.000000 0.000000 0.000000 0.000000 1.000000
0.936795 0.349878 -0.000000 -0.075475 -0.349878 0.936795 -0.000001 0.000002 0.000000 0.000001 1.000000 -0.000000 0.000000 0.000000 0.000000 1.000000
0.936795 0.349878 -0.000000 -0.075474 -0.349878 0.936795 -0.000001 0.000001 0.000000 0.000001 1.000000 0.000000 0.000000 0.000000 0.000000 1.000000
0.936795 0.349878 -0.000000 -0.075473 -0.349878 0.936795 -0.000001 0.000002 0.000000 0.000001 1.000000 0.000000 0.000000 0.000000 0.000000 1.000000
0.936795 0.349878 -0.000000 -0.075474 -0.349878 0.936795 -0.000001 0.000002 0.000000 0.000001 1.000000 -0.000000 0.000000 0.000000 0.000000 1.000000
0.936795 0.349878 -0.000000 -0.075474 -0.349878 0.936795 -0.000001 0.000002 0.000000 0.000001 1.000000 -0.000000 0.000000 0.000000 0.000000 1.000000
0.936795 0.349878 -0.000000 -0.075474 -0.349878 0.936795 -0.000001 0.000002 0.000000 0.000001 1.000000 0.000000 0.000000 0.000000 0.000000 1.000000
0.936795 0.349878 -0.000000 -0.075474 -0.349878 0.936795 -0.000001 0.000002 0.000000 0.000001 1.000000 -0.000000 0.000000 0.000000 0.000000 1.000000
0.936795 0.349878 -0.000000 -0.075474 -0.349878 0.936795 -0.000001 0.000002 0.000000 0.000001 1.000000 0.000000 0.000000 0.000000 0.000000 1.000000
0.936795 0.349878 -0.000000 -0.075474 -0.349878 0.936795 -0.000001 0.000002 0.000000 0.000001 1.000000 0.000000 0.000000 0.000000 0.000000 1.000000
0.936795 0.349878 -0.000000 -0.075473 -0.349878 0.936795 -0.000001 0.000002 0.000000 0.000001 1.000000 0.000000 0.000000 0.000000 0.000000 1.000000
0.936795 0.349878 -0.000000 -0.075474 -0.349878 0.936795 -0.000001 0.000002 0.000000 0.000001 1.000000 0.000000 0.000000 0.000000 0.000000 1.000000
0.936795 0.349878 -0.000000 -0.075473 -0.349878 0.936795 -0.000001 0.000002 0.000000 0.000001 1.000000 -0.000000 0.000000 0.000000 0.000000 1.000000
0.936795 0.349879 -0.000000 -0.075474 -0.349879 0.936795 -0.000001 0.000002 0.000000 0.000001 1.000000 0.000000 0.000000 0.000000 0.000000 1.000000
0.936795 0.349878 -0.000000 -0.075473 -0.349878 0.936795 -0.000001 0.000001 0.000000 0.000001 1.000000 -0.000000 0.000000 0.000000 0.000000 1.000000
0.936795 0.349878 -0.000000 -0.075473 -0.349878 0.936795 -0.000001 0.000002 0.000000 0.000001 1.000000 0.000000 0.000000 0.000000 0.000000 1.000000
0.936795 0.349878 -0.000000 -0.075474 -0.349878 0.936795 -0.000001 0.000002 0.000000 0.000001 1.000000 0.000000 0.000000 0.000000 0.000000 1.000000
0.936795 0.349878 -0.000000 -0.075474 -0.349878 0.936795 -0.000001 0.000001 0.000000 0.000001 1.000000 0.000000 0.000000 0.000000 0.000000 1.000000
0.936795 0.349878 -0.000000 -0.075473 -0.349878 0.936795 -0.000001 0.000002 0.000000 0.000001 1.000000 -0.000000 0.000000 0.000000 0.000000 1.000000</float_array>
     <technique_common>
      <accessor source="#jnt_left_handpinky3-Matrix-animation-output-transform-array" count="23" stride="16">
       <param type="float4x4"></param>
      </accessor>
     </technique_common>
    </source>
    <source id="jnt_left_handpinky3-Interpolations">
     <Name_array id="jnt_left_handpinky3-Interpolations-array" count="23">
 LINEAR LINEAR LINEAR LINEAR LINEAR LINEAR LINEAR LINEAR LINEAR LINEAR LINEAR
LINEAR LINEAR LINEAR LINEAR LINEAR LINEAR LINEAR LINEAR LINEAR LINEAR LINEAR LINEAR</Name_array>
     <technique_common>
      <accessor source="#jnt_left_handpinky3-Interpolations-array" count="23">
       <param type="name"></param>
      </accessor>
     </technique_common>
    </source>
    <sampler id="jnt_left_handpinky3-Matrix-animation-transform">
     <input semantic="INPUT" source="#jnt_left_handpinky3-Matrix-animation-input"></input>
     <input semantic="OUTPUT" source="#jnt_left_handpinky3-Matrix-animation-output-transform"></input>
     <input semantic="INTERPOLATION" source="#jnt_left_handpinky3-Interpolations"></input>
    </sampler>
    <channel source="#jnt_left_handpinky3-Matrix-animation-transform" target="jnt_left_handpinky3/matrix"></channel>
   </animation>
  </animation>
  <animation id="jnt_left_handpinky4-anim" name="jnt_left_handpinky4">
   <animation>
    <source id="jnt_left_handpinky4-Matrix-animation-input">
     <float_array id="jnt_left_handpinky4-Matrix-animation-input-array" count="23">

0.000000 0.033333 0.066667 0.100000 0.133333 0.166667 0.200000 0.233333 0.266667 0.300000 0.333333 0.366667 0.400000 0.433333 0.466667 0.500000
0.533333 0.566667 0.600000 0.633333 0.666667 0.700000 0.733333</float_array>
     <technique_common>
      <accessor source="#jnt_left_handpinky4-Matrix-animation-input-array" count="23">
       <param name="TIME" type="float"></param>
      </accessor>
     </technique_common>
    </source>
    <source id="jnt_left_handpinky4-Matrix-animation-output-transform">
     <float_array id="jnt_left_handpinky4-Matrix-animation-output-transform-array" count="368">

1.000000 0.000000 0.000000 -0.101158 -0.000000 1.000000 -0.000000 -0.000003 -0.000000 0.000000 1.000000 -0.000000 0.000000 0.000000 0.000000 1.000000
1.000000 0.000001 0.000000 -0.101158 -0.000001 1.000000 -0.000000 -0.000003 -0.000000 0.000000 1.000000 -0.000000 0.000000 0.000000 0.000000 1.000000
1.000000 0.000000 -0.000000 -0.101158 -0.000000 1.000000 0.000000 -0.000003 0.000000 -0.000000 1.000000 -0.000000 0.000000 0.000000 0.000000 1.000000
1.000000 0.000000 0.000000 -0.101158 -0.000000 1.000000 -0.000000 -0.000003 -0.000000 0.000000 1.000000 0.000000 0.000000 0.000000 0.000000 1.000000
1.000000 0.000000 0.000000 -0.101158 -0.000000 1.000000 -0.000000 -0.000003 -0.000000 0.000000 1.000000 -0.000000 0.000000 0.000000 0.000000 1.000000
1.000000 0.000000 -0.000000 -0.101158 -0.000000 1.000000 -0.000000 -0.000003 0.000000 0.000000 1.000000 -0.000000 0.000000 0.000000 0.000000 1.000000
1.000000 0.000000 -0.000000 -0.101158 -0.000000 1.000000 -0.000000 -0.000003 0.000000 0.000000 1.000000 -0.000000 0.000000 0.000000 0.000000 1.000000
1.000000 0.000000 0.000000 -0.101158 -0.000000 1.000000 0.000000 -0.000003 -0.000000 -0.000000 1.000000 -0.000000 0.000000 0.000000 0.000000 1.000000
1.000000 0.000000 0.000000 -0.101158 -0.000000 1.000000 0.000000 -0.000003 -0.000000 -0.000000 1.000000 0.000000 0.000000 0.000000 0.000000 1.000000
1.000000 0.000000 0.000000 -0.101158 -0.000000 1.000000 -0.000000 -0.000003 -0.000000 0.000000 1.000000 0.000000 0.000000 0.000000 0.000000 1.000000
1.000000 0.000001 -0.000000 -0.101158 -0.000001 1.000000 0.000000 -0.000003 0.000000 -0.000000 1.000000 0.000000 0.000000 0.000000 0.000000 1.000000
1.000000 0.000001 -0.000000 -0.101158 -0.000001 1.000000 0.000000 -0.000003 0.000000 -0.000000 1.000000 -0.000000 0.000000 0.000000 0.000000 1.000000
1.000000 0.000000 -0.000000 -0.101158 -0.000000 1.000000 -0.000000 -0.000003 0.000000 0.000000 1.000000 -0.000000 0.000000 0.000000 0.000000 1.000000
1.000000 0.000000 0.000000 -0.101158 -0.000000 1.000000 0.000000 -0.000003 -0.000000 -0.000000 1.000000 -0.000000 0.000000 0.000000 0.000000 1.000000
1.000000 0.000000 -0.000000 -0.101158 -0.000000 1.000000 -0.000000 -0.000003 0.000000 0.000000 1.000000 -0.000000 0.000000 0.000000 0.000000 1.000000
1.000000 0.000000 0.000000 -0.101158 -0.000000 1.000000 -0.000000 -0.000003 -0.000000 0.000000 1.000000 0.000000 0.000000 0.000000 0.000000 1.000000
1.000000 0.000000 0.000000 -0.101158 -0.000000 1.000000 -0.000000 -0.000003 -0.000000 0.000000 1.000000 -0.000000 0.000000 0.000000 0.000000 1.000000
1.000000 0.000000 -0.000000 -0.101158 -0.000000 1.000000 0.000000 -0.000003 0.000000 -0.000000 1.000000 0.000000 0.000000 0.000000 0.000000 1.000000
1.000000 0.000000 0.000000 -0.101158 -0.000000 1.000000 -0.000000 -0.000003 -0.000000 0.000000 1.000000 -0.000000 0.000000 0.000000 0.000000 1.000000
1.000000 0.000000 0.000000 -0.101158 -0.000000 1.000000 -0.000000 -0.000003 -0.000000 0.000000 1.000000 -0.000000 0.000000 0.000000 0.000000 1.000000
1.000000 0.000000 0.000000 -0.101158 -0.000000 1.000000 -0.000000 -0.000004 -0.000000 0.000000 1.000000 0.000000 0.000000 0.000000 0.000000 1.000000
1.000000 0.000000 0.000000 -0.101158 -0.000000 1.000000 -0.000000 -0.000003 -0.000000 0.000000 1.000000 -0.000000 0.000000 0.000000 0.000000 1.000000
1.000000 0.000000 0.000000 -0.101158 -0.000000 1.000000 -0.000000 -0.000003 -0.000000 0.000000 1.000000 0.000000 0.000000 0.000000 0.000000 1.000000</float_array>
     <technique_common>
      <accessor source="#jnt_left_handpinky4-Matrix-animation-output-transform-array" count="23" stride="16">
       <param type="float4x4"></param>
      </accessor>
     </technique_common>
    </source>
    <source id="jnt_left_handpinky4-Interpolations">
     <Name_array id="jnt_left_handpinky4-Interpolations-array" count="23">
 LINEAR LINEAR LINEAR LINEAR LINEAR LINEAR LINEAR LINEAR LINEAR LINEAR LINEAR
LINEAR LINEAR LINEAR LINEAR LINEAR LINEAR LINEAR LINEAR LINEAR LINEAR LINEAR LINEAR</Name_array>
     <technique_common>
      <accessor source="#jnt_left_handpinky4-Interpolations-array" count="23">
       <param type="name"></param>
      </accessor>
     </technique_common>
    </source>
    <sampler id="jnt_left_handpinky4-Matrix-animation-transform">
     <input semantic="INPUT" source="#jnt_left_handpinky4-Matrix-animation-input"></input>
     <input semantic="OUTPUT" source="#jnt_left_handpinky4-Matrix-animation-output-transform"></input>
     <input semantic="INTERPOLATION" source="#jnt_left_handpinky4-Interpolations"></input>
    </sampler>
    <channel source="#jnt_left_handpinky4-Matrix-animation-transform" target="jnt_left_handpinky4/matrix"></channel>
   </animation>
  </animation>
  <animation id="jnt_right_armroot-anim" name="jnt_right_armroot">
   <animation>
    <source id="jnt_right_armroot-Matrix-animation-input">
     <float_array id="jnt_right_armroot-Matrix-animation-input-array" count="23">

0.000000 0.033333 0.066667 0.100000 0.133333 0.166667 0.200000 0.233333 0.266667 0.300000 0.333333 0.366667 0.400000 0.433333 0.466667 0.500000
0.533333 0.566667 0.600000 0.633333 0.666667 0.700000 0.733333</float_array>
     <technique_common>
      <accessor source="#jnt_right_armroot-Matrix-animation-input-array" count="23">
       <param name="TIME" type="float"></param>
      </accessor>
     </technique_common>
    </source>
    <source id="jnt_right_armroot-Matrix-animation-output-transform">
     <float_array id="jnt_right_armroot-Matrix-animation-output-transform-array" count="368">

1.000000 -0.000004 -0.000000 -1.159978 0.000004 1.000000 -0.000000 -0.738130 0.000000 0.000000 1.000000 0.820651 0.000000 0.000000 0.000000 1.000000
1.000000 -0.000004 -0.000000 -1.159978 0.000004 1.000000 -0.000000 -0.738130 0.000000 0.000000 1.000000 0.820651 0.000000 0.000000 0.000000 1.000000
1.000000 -0.000004 -0.000000 -1.159978 0.000004 1.000000 -0.000000 -0.738130 0.000000 0.000000 1.000000 0.820651 0.000000 0.000000 0.000000 1.000000
1.000000 -0.000004 -0.000000 -1.159978 0.000004 1.000000 -0.000000 -0.738130 0.000000 0.000000 1.000000 0.820651 0.000000 0.000000 0.000000 1.000000
1.000000 -0.000004 -0.000000 -1.159978 0.000004 1.000000 -0.000000 -0.738130 0.000000 0.000000 1.000000 0.820651 0.000000 0.000000 0.000000 1.000000
1.000000 -0.000004 -0.000000 -1.159978 0.000004 1.000000 -0.000000 -0.738130 0.000000 0.000000 1.000000 0.820651 0.000000 0.000000 0.000000 1.000000
1.000000 -0.000004 -0.000000 -1.159978 0.000004 1.000000 -0.000000 -0.738130 0.000000 0.000000 1.000000 0.820651 0.000000 0.000000 0.000000 1.000000
1.000000 -0.000004 -0.000000 -1.159978 0.000004 1.000000 -0.000000 -0.738130 0.000000 0.000000 1.000000 0.820651 0.000000 0.000000 0.000000 1.000000
1.000000 -0.000004 -0.000000 -1.159978 0.000004 1.000000 -0.000000 -0.738130 0.000000 0.000000 1.000000 0.820651 0.000000 0.000000 0.000000 1.000000
1.000000 -0.000004 -0.000000 -1.159978 0.000004 1.000000 -0.000000 -0.738130 0.000000 0.000000 1.000000 0.820651 0.000000 0.000000 0.000000 1.000000
1.000000 -0.000004 -0.000000 -1.159978 0.000004 1.000000 -0.000000 -0.738130 0.000000 0.000000 1.000000 0.820651 0.000000 0.000000 0.000000 1.000000
1.000000 -0.000004 -0.000000 -1.159978 0.000004 1.000000 -0.000000 -0.738130 0.000000 0.000000 1.000000 0.820651 0.000000 0.000000 0.000000 1.000000
1.000000 -0.000004 -0.000000 -1.159978 0.000004 1.000000 -0.000000 -0.738130 0.000000 0.000000 1.000000 0.820651 0.000000 0.000000 0.000000 1.000000
1.000000 -0.000004 -0.000000 -1.159978 0.000004 1.000000 -0.000000 -0.738130 0.000000 0.000000 1.000000 0.820651 0.000000 0.000000 0.000000 1.000000
1.000000 -0.000004 -0.000000 -1.159978 0.000004 1.000000 -0.000000 -0.738130 0.000000 0.000000 1.000000 0.820651 0.000000 0.000000 0.000000 1.000000
1.000000 -0.000004 -0.000000 -1.159978 0.000004 1.000000 -0.000000 -0.738130 0.000000 0.000000 1.000000 0.820651 0.000000 0.000000 0.000000 1.000000
1.000000 -0.000004 -0.000000 -1.159978 0.000004 1.000000 -0.000000 -0.738130 0.000000 0.000000 1.000000 0.820651 0.000000 0.000000 0.000000 1.000000
1.000000 -0.000004 -0.000000 -1.159978 0.000004 1.000000 -0.000000 -0.738130 0.000000 0.000000 1.000000 0.820651 0.000000 0.000000 0.000000 1.000000
1.000000 -0.000004 -0.000000 -1.159978 0.000004 1.000000 -0.000000 -0.738130 0.000000 0.000000 1.000000 0.820651 0.000000 0.000000 0.000000 1.000000
1.000000 -0.000004 -0.000000 -1.159978 0.000004 1.000000 -0.000000 -0.738130 0.000000 0.000000 1.000000 0.820651 0.000000 0.000000 0.000000 1.000000
1.000000 -0.000004 -0.000000 -1.159978 0.000004 1.000000 -0.000000 -0.738130 0.000000 0.000000 1.000000 0.820651 0.000000 0.000000 0.000000 1.000000
1.000000 -0.000004 -0.000000 -1.159978 0.000004 1.000000 -0.000000 -0.738130 0.000000 0.000000 1.000000 0.820651 0.000000 0.000000 0.000000 1.000000
1.000000 -0.000004 -0.000000 -1.159978 0.000004 1.000000 -0.000000 -0.738130 0.000000 0.000000 1.000000 0.820651 0.000000 0.000000 0.000000 1.000000</float_array>
     <technique_common>
      <accessor source="#jnt_right_armroot-Matrix-animation-output-transform-array" count="23" stride="16">
       <param type="float4x4"></param>
      </accessor>
     </technique_common>
    </source>
    <source id="jnt_right_armroot-Interpolations">
     <Name_array id="jnt_right_armroot-Interpolations-array" count="23">
 LINEAR LINEAR LINEAR LINEAR LINEAR LINEAR LINEAR LINEAR LINEAR LINEAR LINEAR
LINEAR LINEAR LINEAR LINEAR LINEAR LINEAR LINEAR LINEAR LINEAR LINEAR LINEAR LINEAR</Name_array>
     <technique_common>
      <accessor source="#jnt_right_armroot-Interpolations-array" count="23">
       <param type="name"></param>
      </accessor>
     </technique_common>
    </source>
    <sampler id="jnt_right_armroot-Matrix-animation-transform">
     <input semantic="INPUT" source="#jnt_right_armroot-Matrix-animation-input"></input>
     <input semantic="OUTPUT" source="#jnt_right_armroot-Matrix-animation-output-transform"></input>
     <input semantic="INTERPOLATION" source="#jnt_right_armroot-Interpolations"></input>
    </sampler>
    <channel source="#jnt_right_armroot-Matrix-animation-transform" target="jnt_right_armroot/matrix"></channel>
   </animation>
  </animation>
  <animation id="jnt_right_shoulder-anim" name="jnt_right_shoulder">
   <animation>
    <source id="jnt_right_shoulder-Matrix-animation-input">
     <float_array id="jnt_right_shoulder-Matrix-animation-input-array" count="23">

0.000000 0.033333 0.066667 0.100000 0.133333 0.166667 0.200000 0.233333 0.266667 0.300000 0.333333 0.366667 0.400000 0.433333 0.466667 0.500000
0.533333 0.566667 0.600000 0.633333 0.666667 0.700000 0.733333</float_array>
     <technique_common>
      <accessor source="#jnt_right_shoulder-Matrix-animation-input-array" count="23">
       <param name="TIME" type="float"></param>
      </accessor>
     </technique_common>
    </source>
    <source id="jnt_right_shoulder-Matrix-animation-output-transform">
     <float_array id="jnt_right_shoulder-Matrix-animation-output-transform-array" count="368">

0.019288 -0.092831 0.995495 0.635987 -0.352003 0.931300 0.093665 0.114390 -0.935800 -0.352224 -0.014713 -0.266187 0.000000 0.000000 0.000000 1.000000
0.019288 -0.092831 0.995495 0.635987 -0.352003 0.931300 0.093665 0.114390 -0.935800 -0.352224 -0.014713 -0.266187 0.000000 0.000000 0.000000 1.000000
0.019288 -0.092831 0.995495 0.635987 -0.352003 0.931300 0.093665 0.114390 -0.935800 -0.352224 -0.014713 -0.266187 0.000000 0.000000 0.000000 1.000000
0.019288 -0.092831 0.995495 0.635987 -0.352003 0.931300 0.093665 0.114390 -0.935800 -0.352224 -0.014713 -0.266187 0.000000 0.000000 0.000000 1.000000
0.019288 -0.092831 0.995495 0.635987 -0.352003 0.931300 0.093665 0.114390 -0.935800 -0.352224 -0.014713 -0.266187 0.000000 0.000000 0.000000 1.000000
0.019288 -0.092831 0.995495 0.635987 -0.352003 0.931300 0.093665 0.114390 -0.935800 -0.352224 -0.014713 -0.266187 0.000000 0.000000 0.000000 1.000000
0.019288 -0.092831 0.995495 0.635987 -0.352003 0.931300 0.093665 0.114390 -0.935800 -0.352224 -0.014713 -0.266187 0.000000 0.000000 0.000000 1.000000
0.019288 -0.092831 0.995495 0.635987 -0.352003 0.931300 0.093665 0.114390 -0.935800 -0.352224 -0.014713 -0.266187 0.000000 0.000000 0.000000 1.000000
0.019288 -0.092831 0.995495 0.635987 -0.352003 0.931300 0.093665 0.114390 -0.935800 -0.352224 -0.014713 -0.266187 0.000000 0.000000 0.000000 1.000000
0.019288 -0.092831 0.995495 0.635987 -0.352003 0.931300 0.093665 0.114390 -0.935800 -0.352224 -0.014713 -0.266187 0.000000 0.000000 0.000000 1.000000
0.019288 -0.092831 0.995495 0.635987 -0.352003 0.931300 0.093665 0.114390 -0.935800 -0.352224 -0.014713 -0.266187 0.000000 0.000000 0.000000 1.000000
0.019288 -0.092831 0.995495 0.635987 -0.352003 0.931300 0.093665 0.114390 -0.935800 -0.352224 -0.014713 -0.266187 0.000000 0.000000 0.000000 1.000000
0.019288 -0.092831 0.995495 0.635987 -0.352003 0.931300 0.093665 0.114390 -0.935800 -0.352224 -0.014713 -0.266187 0.000000 0.000000 0.000000 1.000000
0.019288 -0.092831 0.995495 0.635987 -0.352003 0.931300 0.093665 0.114390 -0.935800 -0.352224 -0.014713 -0.266187 0.000000 0.000000 0.000000 1.000000
0.019288 -0.092831 0.995495 0.635987 -0.352003 0.931300 0.093665 0.114390 -0.935800 -0.352224 -0.014713 -0.266187 0.000000 0.000000 0.000000 1.000000
0.019288 -0.092831 0.995495 0.635987 -0.352003 0.931300 0.093665 0.114390 -0.935800 -0.352224 -0.014713 -0.266187 0.000000 0.000000 0.000000 1.000000
0.019288 -0.092831 0.995495 0.635987 -0.352003 0.931300 0.093665 0.114390 -0.935800 -0.352224 -0.014713 -0.266187 0.000000 0.000000 0.000000 1.000000
0.019288 -0.092831 0.995495 0.635987 -0.352003 0.931300 0.093665 0.114390 -0.935800 -0.352224 -0.014713 -0.266187 0.000000 0.000000 0.000000 1.000000
0.019288 -0.092831 0.995495 0.635987 -0.352003 0.931300 0.093665 0.114390 -0.935800 -0.352224 -0.014713 -0.266187 0.000000 0.000000 0.000000 1.000000
0.019288 -0.092831 0.995495 0.635987 -0.352003 0.931300 0.093665 0.114390 -0.935800 -0.352224 -0.014713 -0.266187 0.000000 0.000000 0.000000 1.000000
0.019288 -0.092831 0.995495 0.635987 -0.352003 0.931300 0.093665 0.114390 -0.935800 -0.352224 -0.014713 -0.266187 0.000000 0.000000 0.000000 1.000000
0.019288 -0.092831 0.995495 0.635987 -0.352003 0.931300 0.093665 0.114390 -0.935800 -0.352224 -0.014713 -0.266187 0.000000 0.000000 0.000000 1.000000
0.019288 -0.092831 0.995495 0.635987 -0.352003 0.931300 0.093665 0.114390 -0.935800 -0.352224 -0.014713 -0.266187 0.000000 0.000000 0.000000 1.000000</float_array>
     <technique_common>
      <accessor source="#jnt_right_shoulder-Matrix-animation-output-transform-array" count="23" stride="16">
       <param type="float4x4"></param>
      </accessor>
     </technique_common>
    </source>
    <source id="jnt_right_shoulder-Interpolations">
     <Name_array id="jnt_right_shoulder-Interpolations-array" count="23">
 LINEAR LINEAR LINEAR LINEAR LINEAR LINEAR LINEAR LINEAR LINEAR LINEAR LINEAR
LINEAR LINEAR LINEAR LINEAR LINEAR LINEAR LINEAR LINEAR LINEAR LINEAR LINEAR LINEAR</Name_array>
     <technique_common>
      <accessor source="#jnt_right_shoulder-Interpolations-array" count="23">
       <param type="name"></param>
      </accessor>
     </technique_common>
    </source>
    <sampler id="jnt_right_shoulder-Matrix-animation-transform">
     <input semantic="INPUT" source="#jnt_right_shoulder-Matrix-animation-input"></input>
     <input semantic="OUTPUT" source="#jnt_right_shoulder-Matrix-animation-output-transform"></input>
     <input semantic="INTERPOLATION" source="#jnt_right_shoulder-Interpolations"></input>
    </sampler>
    <channel source="#jnt_right_shoulder-Matrix-animation-transform" target="jnt_right_shoulder/matrix"></channel>
   </animation>
  </animation>
  <animation id="jnt_right_arm-anim" name="jnt_right_arm">
   <animation>
    <source id="jnt_right_arm-Matrix-animation-input">
     <float_array id="jnt_right_arm-Matrix-animation-input-array" count="23">

0.000000 0.033333 0.066667 0.100000 0.133333 0.166667 0.200000 0.233333 0.266667 0.300000 0.333333 0.366667 0.400000 0.433333 0.466667 0.500000
0.533333 0.566667 0.600000 0.633333 0.666667 0.700000 0.733333</float_array>
     <technique_common>
      <accessor source="#jnt_right_arm-Matrix-animation-input-array" count="23">
       <param name="TIME" type="float"></param>
      </accessor>
     </technique_common>
    </source>
    <source id="jnt_right_arm-Matrix-animation-output-transform">
     <float_array id="jnt_right_arm-Matrix-animation-output-transform-array" count="368">

0.524622 -0.843432 -0.115727 0.525417 -0.282896 -0.044501 -0.958117 0.032447 0.802958 0.535388 -0.261950 -0.009491 0.000000 0.000000 0.000000 1.000000
0.546041 -0.831733 -0.100291 0.525417 -0.488568 -0.218905 -0.844619 0.032447 0.680545 0.510195 -0.525889 -0.009491 0.000000 0.000000 0.000000 1.000000
0.548038 -0.830619 -0.098614 0.525417 -0.496492 -0.228148 -0.837522 0.032447 0.673165 0.507955 -0.537430 -0.009491 0.000000 0.000000 0.000000 1.000000
0.550094 -0.829001 -0.100762 0.525417 -0.494401 -0.226049 -0.839326 0.032447 0.673026 0.511525 -0.534208 -0.009491 0.000000 0.000000 0.000000 1.000000
0.551795 -0.827400 -0.104553 0.525417 -0.487539 -0.218317 -0.845365 0.032447 0.676630 0.517442 -0.523856 -0.009491 0.000000 0.000000 0.000000 1.000000
0.551361 -0.827129 -0.108894 0.525417 -0.477715 -0.206009 -0.854019 0.032447 0.683952 0.522893 -0.508717 -0.009491 0.000000 0.000000 0.000000 1.000000
0.546638 -0.829761 -0.112620 0.525417 -0.466362 -0.189972 -0.863954 0.032447 0.695481 0.524792 -0.490815 -0.009491 0.000000 0.000000 0.000000 1.000000
0.539338 -0.834090 -0.115791 0.525417 -0.450822 -0.169858 -0.876303 0.032447 0.711248 0.524825 -0.467637 -0.009491 0.000000 0.000000 0.000000 1.000000
0.531608 -0.838648 -0.118579 0.525417 -0.428078 -0.145230 -0.891996 0.032447 0.730850 0.524953 -0.436213 -0.009491 0.000000 0.000000 0.000000 1.000000
0.525404 -0.842289 -0.120411 0.525417 -0.394591 -0.115829 -0.911527 0.032447 0.753823 0.526433 -0.393216 -0.009491 0.000000 0.000000 0.000000 1.000000
0.519780 -0.845752 -0.120550 0.525417 -0.352343 -0.083681 -0.932122 0.032447 0.778257 0.526973 -0.341490 -0.009491 0.000000 0.000000 0.000000 1.000000
0.511018 -0.851959 -0.114128 0.525417 -0.309714 -0.058641 -0.949019 0.032447 0.801834 0.520313 -0.293830 -0.009491 0.000000 0.000000 0.000000 1.000000
0.501010 -0.859383 -0.102218 0.525417 -0.268935 -0.042335 -0.962227 0.032447 0.822596 0.509575 -0.252329 -0.009491 0.000000 0.000000 0.000000 1.000000
0.493385 -0.864761 -0.093584 0.525417 -0.236556 -0.029868 -0.971158 0.032447 0.837026 0.501293 -0.219301 -0.009491 0.000000 0.000000 0.000000 1.000000
0.489883 -0.867068 -0.090590 0.525417 -0.212551 -0.018014 -0.976984 0.032447 0.845480 0.497862 -0.193121 -0.009491 0.000000 0.000000 0.000000 1.000000
0.489112 -0.867584 -0.089820 0.525417 -0.192040 -0.006666 -0.981364 0.032447 0.850818 0.497245 -0.169871 -0.009491 0.000000 0.000000 0.000000 1.000000
0.490469 -0.866725 -0.090699 0.525417 -0.174947 0.004031 -0.984569 0.032447 0.853718 0.498769 -0.149654 -0.009491 0.000000 0.000000 0.000000 1.000000
0.493315 -0.864885 -0.092815 0.525417 -0.161370 0.013856 -0.986796 0.032447 0.854752 0.501778 -0.132731 -0.009491 0.000000 0.000000 0.000000 1.000000
0.496931 -0.862508 -0.095597 0.525417 -0.151108 0.022474 -0.988261 0.032447 0.854533 0.505543 -0.119164 -0.009491 0.000000 0.000000 0.000000 1.000000
0.500668 -0.860027 -0.098412 0.525417 -0.144232 0.029218 -0.989112 0.032447 0.853539 0.509411 -0.109415 -0.009491 0.000000 0.000000 0.000000 1.000000
0.503773 -0.857937 -0.100774 0.525417 -0.140845 0.033521 -0.989464 0.032447 0.852277 0.512658 -0.103949 -0.009491 0.000000 0.000000 0.000000 1.000000
0.505475 -0.856781 -0.102084 0.525417 -0.139802 0.035424 -0.989545 0.032447 0.851440 0.514462 -0.101874 -0.009491 0.000000 0.000000 0.000000 1.000000
0.505990 -0.856431 -0.102472 0.525417 -0.139552 0.035952 -0.989561 0.032447 0.851176 0.515008 -0.101325 -0.009491 0.000000 0.000000 0.000000 1.000000</float_array>
     <technique_common>
      <accessor source="#jnt_right_arm-Matrix-animation-output-transform-array" count="23" stride="16">
       <param type="float4x4"></param>
      </accessor>
     </technique_common>
    </source>
    <source id="jnt_right_arm-Interpolations">
     <Name_array id="jnt_right_arm-Interpolations-array" count="23">
 LINEAR LINEAR LINEAR LINEAR LINEAR LINEAR LINEAR LINEAR LINEAR LINEAR LINEAR
LINEAR LINEAR LINEAR LINEAR LINEAR LINEAR LINEAR LINEAR LINEAR LINEAR LINEAR LINEAR</Name_array>
     <technique_common>
      <accessor source="#jnt_right_arm-Interpolations-array" count="23">
       <param type="name"></param>
      </accessor>
     </technique_common>
    </source>
    <sampler id="jnt_right_arm-Matrix-animation-transform">
     <input semantic="INPUT" source="#jnt_right_arm-Matrix-animation-input"></input>
     <input semantic="OUTPUT" source="#jnt_right_arm-Matrix-animation-output-transform"></input>
     <input semantic="INTERPOLATION" source="#jnt_right_arm-Interpolations"></input>
    </sampler>
    <channel source="#jnt_right_arm-Matrix-animation-transform" target="jnt_right_arm/matrix"></channel>
   </animation>
  </animation>
  <animation id="jnt_right_armroll-anim" name="jnt_right_armroll">
   <animation>
    <source id="jnt_right_armroll-Matrix-animation-input">
     <float_array id="jnt_right_armroll-Matrix-animation-input-array" count="23">

0.000000 0.033333 0.066667 0.100000 0.133333 0.166667 0.200000 0.233333 0.266667 0.300000 0.333333 0.366667 0.400000 0.433333 0.466667 0.500000
0.533333 0.566667 0.600000 0.633333 0.666667 0.700000 0.733333</float_array>
     <technique_common>
      <accessor source="#jnt_right_armroll-Matrix-animation-input-array" count="23">
       <param name="TIME" type="float"></param>
      </accessor>
     </technique_common>
    </source>
    <source id="jnt_right_armroll-Matrix-animation-output-transform">
     <float_array id="jnt_right_armroll-Matrix-animation-output-transform-array" count="368">

1.000000 0.000000 -0.000000 0.421995 -0.000000 1.000000 0.000000 -0.000002 0.000000 -0.000000 1.000000 0.000004 0.000000 0.000000 0.000000 1.000000
1.000000 0.000000 -0.000000 0.421995 -0.000000 1.000000 0.000000 -0.000002 0.000000 -0.000000 1.000000 0.000004 0.000000 0.000000 0.000000 1.000000
1.000000 0.000000 -0.000000 0.421995 -0.000000 1.000000 -0.000000 -0.000002 0.000000 0.000000 1.000000 0.000004 0.000000 0.000000 0.000000 1.000000
1.000000 0.000000 -0.000000 0.421995 -0.000000 1.000000 0.000000 -0.000002 0.000000 -0.000000 1.000000 0.000004 0.000000 0.000000 0.000000 1.000000
1.000000 0.000000 -0.000000 0.421995 -0.000000 1.000000 -0.000000 -0.000003 0.000000 0.000000 1.000000 0.000004 0.000000 0.000000 0.000000 1.000000
1.000000 0.000000 -0.000000 0.421995 -0.000000 1.000000 0.000000 -0.000002 0.000000 -0.000000 1.000000 0.000004 0.000000 0.000000 0.000000 1.000000
1.000000 0.000000 -0.000000 0.421995 -0.000000 1.000000 -0.000000 -0.000002 0.000000 0.000000 1.000000 0.000004 0.000000 0.000000 0.000000 1.000000
1.000000 0.000000 -0.000000 0.421994 -0.000000 1.000000 0.000000 -0.000003 0.000000 -0.000000 1.000000 0.000004 0.000000 0.000000 0.000000 1.000000
1.000000 0.000000 -0.000000 0.421995 -0.000000 1.000000 0.000000 -0.000002 0.000000 -0.000000 1.000000 0.000004 0.000000 0.000000 0.000000 1.000000
1.000000 0.000000 -0.000000 0.421994 -0.000000 1.000000 -0.000000 -0.000002 0.000000 0.000000 1.000000 0.000004 0.000000 0.000000 0.000000 1.000000
1.000000 0.000000 -0.000000 0.421995 -0.000000 1.000000 0.000000 -0.000002 0.000000 -0.000000 1.000000 0.000004 0.000000 0.000000 0.000000 1.000000
1.000000 0.000000 -0.000000 0.421995 -0.000000 1.000000 0.000000 -0.000002 0.000000 -0.000000 1.000000 0.000004 0.000000 0.000000 0.000000 1.000000
1.000000 0.000000 -0.000000 0.421995 -0.000000 1.000000 -0.000000 -0.000002 0.000000 0.000000 1.000000 0.000004 0.000000 0.000000 0.000000 1.000000
1.000000 0.000000 -0.000000 0.421995 -0.000000 1.000000 -0.000000 -0.000003 0.000000 0.000000 1.000000 0.000004 0.000000 0.000000 0.000000 1.000000
1.000000 0.000000 -0.000000 0.421995 -0.000000 1.000000 -0.000000 -0.000002 0.000000 0.000000 1.000000 0.000004 0.000000 0.000000 0.000000 1.000000
1.000000 0.000000 -0.000000 0.421995 -0.000000 1.000000 -0.000000 -0.000002 0.000000 0.000000 1.000000 0.000004 0.000000 0.000000 0.000000 1.000000
1.000000 0.000000 -0.000000 0.421995 -0.000000 1.000000 -0.000000 -0.000002 0.000000 0.000000 1.000000 0.000004 0.000000 0.000000 0.000000 1.000000
1.000000 0.000000 -0.000000 0.421995 -0.000000 1.000000 -0.000000 -0.000002 0.000000 0.000000 1.000000 0.000004 0.000000 0.000000 0.000000 1.000000
1.000000 0.000000 -0.000000 0.421995 -0.000000 1.000000 -0.000000 -0.000002 0.000000 0.000000 1.000000 0.000004 0.000000 0.000000 0.000000 1.000000
1.000000 0.000000 -0.000000 0.421995 -0.000000 1.000000 0.000000 -0.000002 0.000000 -0.000000 1.000000 0.000004 0.000000 0.000000 0.000000 1.000000
1.000000 0.000000 -0.000000 0.421995 -0.000000 1.000000 -0.000000 -0.000002 0.000000 0.000000 1.000000 0.000004 0.000000 0.000000 0.000000 1.000000
1.000000 0.000000 -0.000000 0.421994 -0.000000 1.000000 0.000000 -0.000002 0.000000 -0.000000 1.000000 0.000004 0.000000 0.000000 0.000000 1.000000
1.000000 0.000000 -0.000000 0.421995 -0.000000 1.000000 0.000000 -0.000002 0.000000 -0.000000 1.000000 0.000004 0.000000 0.000000 0.000000 1.000000</float_array>
     <technique_common>
      <accessor source="#jnt_right_armroll-Matrix-animation-output-transform-array" count="23" stride="16">
       <param type="float4x4"></param>
      </accessor>
     </technique_common>
    </source>
    <source id="jnt_right_armroll-Interpolations">
     <Name_array id="jnt_right_armroll-Interpolations-array" count="23">
 LINEAR LINEAR LINEAR LINEAR LINEAR LINEAR LINEAR LINEAR LINEAR LINEAR LINEAR
LINEAR LINEAR LINEAR LINEAR LINEAR LINEAR LINEAR LINEAR LINEAR LINEAR LINEAR LINEAR</Name_array>
     <technique_common>
      <accessor source="#jnt_right_armroll-Interpolations-array" count="23">
       <param type="name"></param>
      </accessor>
     </technique_common>
    </source>
    <sampler id="jnt_right_armroll-Matrix-animation-transform">
     <input semantic="INPUT" source="#jnt_right_armroll-Matrix-animation-input"></input>
     <input semantic="OUTPUT" source="#jnt_right_armroll-Matrix-animation-output-transform"></input>
     <input semantic="INTERPOLATION" source="#jnt_right_armroll-Interpolations"></input>
    </sampler>
    <channel source="#jnt_right_armroll-Matrix-animation-transform" target="jnt_right_armroll/matrix"></channel>
   </animation>
  </animation>
  <animation id="jnt_right_forearm-anim" name="jnt_right_forearm">
   <animation>
    <source id="jnt_right_forearm-Matrix-animation-input">
     <float_array id="jnt_right_forearm-Matrix-animation-input-array" count="23">

0.000000 0.033333 0.066667 0.100000 0.133333 0.166667 0.200000 0.233333 0.266667 0.300000 0.333333 0.366667 0.400000 0.433333 0.466667 0.500000
0.533333 0.566667 0.600000 0.633333 0.666667 0.700000 0.733333</float_array>
     <technique_common>
      <accessor source="#jnt_right_forearm-Matrix-animation-input-array" count="23">
       <param name="TIME" type="float"></param>
      </accessor>
     </technique_common>
    </source>
    <source id="jnt_right_forearm-Matrix-animation-output-transform">
     <float_array id="jnt_right_forearm-Matrix-animation-output-transform-array" count="368">

0.352619 0.156268 0.922626 0.843981 0.187816 0.954076 -0.233376 -0.000002 -0.916725 0.255577 0.307075 -0.000003 0.000000 0.000000 0.000000 1.000000
0.353205 0.204000 0.913033 0.843981 0.047243 0.970802 -0.235183 -0.000002 -0.934352 0.126203 0.333254 -0.000003 0.000000 0.000000 0.000000 1.000000
0.354542 0.205655 0.912143 0.843981 0.040945 0.971162 -0.234877 -0.000001 -0.934143 0.120621 0.335897 -0.000003 0.000000 0.000000 0.000000 1.000000
0.350006 0.203874 0.914292 0.843981 0.046201 0.971084 -0.234224 -0.000002 -0.935608 0.124221 0.330466 -0.000003 0.000000 0.000000 0.000000 1.000000
0.343805 0.200437 0.917400 0.843981 0.056233 0.970807 -0.233179 -0.000002 -0.937356 0.131756 0.322497 -0.000003 0.000000 0.000000 0.000000 1.000000
0.337424 0.197617 0.920376 0.843981 0.066963 0.970201 -0.232864 -0.000002 -0.938968 0.140205 0.314136 -0.000003 0.000000 0.000000 0.000000 1.000000
0.329965 0.200834 0.922382 0.843981 0.073662 0.968650 -0.237259 -0.000002 -0.941115 0.146231 0.304827 -0.000003 0.000000 0.000000 0.000000 1.000000
0.322547 0.206853 0.923674 0.843981 0.080085 0.966367 -0.244379 -0.000002 -0.943160 0.152796 0.295133 -0.000003 0.000000 0.000000 0.000000 1.000000
0.316449 0.211216 0.924796 0.843981 0.090881 0.963662 -0.251190 -0.000002 -0.944246 0.163535 0.285754 -0.000003 0.000000 0.000000 0.000000 1.000000
0.314430 0.209749 0.925818 0.843981 0.109922 0.960678 -0.254979 -0.000001 -0.942895 0.181941 0.279010 -0.000003 0.000000 0.000000 0.000000 1.000000
0.320452 0.200846 0.925727 0.843981 0.134569 0.957700 -0.254366 -0.000002 -0.937658 0.206086 0.279869 -0.000003 0.000000 0.000000 0.000000 1.000000
0.338933 0.192872 0.920828 0.843980 0.151542 0.954788 -0.255763 -0.000002 -0.928525 0.226231 0.294381 -0.000003 0.000000 0.000000 0.000000 1.000000
0.371694 0.180588 0.910621 0.843980 0.163138 0.952928 -0.255567 -0.000002 -0.913909 0.243550 0.324737 -0.000003 0.000000 0.000000 0.000000 1.000000
0.396114 0.171726 0.902000 0.843981 0.171755 0.951158 -0.256511 -0.000001 -0.901994 0.256531 0.347272 -0.000003 0.000000 0.000000 0.000000 1.000000
0.405513 0.167403 0.898629 0.843981 0.180512 0.949062 -0.258255 -0.000001 -0.896088 0.266939 0.354639 -0.000003 0.000000 0.000000 0.000000 1.000000
0.410259 0.161932 0.897477 0.843981 0.190978 0.947034 -0.258175 -0.000001 -0.891748 0.277317 0.357603 -0.000003 0.000000 0.000000 0.000000 1.000000
0.411373 0.155745 0.898062 0.843981 0.202413 0.945080 -0.256617 -0.000002 -0.888708 0.287345 0.357255 -0.000003 0.000000 0.000000 0.000000 1.000000
0.409610 0.149289 0.899962 0.843981 0.214048 0.943251 -0.253892 -0.000001 -0.886794 0.296632 0.354410 -0.000003 0.000000 0.000000 0.000000 1.000000
0.406269 0.143046 0.902487 0.843981 0.224963 0.941612 -0.250518 -0.000002 -0.885628 0.304804 0.350368 -0.000003 0.000000 0.000000 0.000000 1.000000
0.402223 0.137726 0.905123 0.843981 0.234126 0.940275 -0.247117 -0.000001 -0.885100 0.311309 0.345955 -0.000003 0.000000 0.000000 0.000000 1.000000
0.398370 0.134002 0.907383 0.843981 0.240487 0.939403 -0.244312 -0.000002 -0.885137 0.315540 0.342004 -0.000003 0.000000 0.000000 0.000000 1.000000
0.396052 0.132204 0.908661 0.843981 0.243553 0.939011 -0.242775 -0.000002 -0.885339 0.317459 0.339698 -0.000003 0.000000 0.000000 0.000000 1.000000
0.395331 0.131682 0.909051 0.843981 0.244449 0.938898 -0.242312 -0.000002 -0.885414 0.318010 0.338986 -0.000003 0.000000 0.000000 0.000000 1.000000</float_array>
     <technique_common>
      <accessor source="#jnt_right_forearm-Matrix-animation-output-transform-array" count="23" stride="16">
       <param type="float4x4"></param>
      </accessor>
     </technique_common>
    </source>
    <source id="jnt_right_forearm-Interpolations">
     <Name_array id="jnt_right_forearm-Interpolations-array" count="23">
 LINEAR LINEAR LINEAR LINEAR LINEAR LINEAR LINEAR LINEAR LINEAR LINEAR LINEAR
LINEAR LINEAR LINEAR LINEAR LINEAR LINEAR LINEAR LINEAR LINEAR LINEAR LINEAR LINEAR</Name_array>
     <technique_common>
      <accessor source="#jnt_right_forearm-Interpolations-array" count="23">
       <param type="name"></param>
      </accessor>
     </technique_common>
    </source>
    <sampler id="jnt_right_forearm-Matrix-animation-transform">
     <input semantic="INPUT" source="#jnt_right_forearm-Matrix-animation-input"></input>
     <input semantic="OUTPUT" source="#jnt_right_forearm-Matrix-animation-output-transform"></input>
     <input semantic="INTERPOLATION" source="#jnt_right_forearm-Interpolations"></input>
    </sampler>
    <channel source="#jnt_right_forearm-Matrix-animation-transform" target="jnt_right_forearm/matrix"></channel>
   </animation>
  </animation>
  <animation id="jnt_right_forearmroll-anim" name="jnt_right_forearmroll">
   <animation>
    <source id="jnt_right_forearmroll-Matrix-animation-input">
     <float_array id="jnt_right_forearmroll-Matrix-animation-input-array" count="23">

0.000000 0.033333 0.066667 0.100000 0.133333 0.166667 0.200000 0.233333 0.266667 0.300000 0.333333 0.366667 0.400000 0.433333 0.466667 0.500000
0.533333 0.566667 0.600000 0.633333 0.666667 0.700000 0.733333</float_array>
     <technique_common>
      <accessor source="#jnt_right_forearmroll-Matrix-animation-input-array" count="23">
       <param name="TIME" type="float"></param>
      </accessor>
     </technique_common>
    </source>
    <source id="jnt_right_forearmroll-Matrix-animation-output-transform">
     <float_array id="jnt_right_forearmroll-Matrix-animation-output-transform-array" count="368">

1.000000 0.000001 0.000000 0.487001 -0.000001 1.000000 -0.000000 -0.000000 -0.000000 0.000000 1.000000 0.000004 0.000000 0.000000 0.000000 1.000000
1.000000 0.000001 0.000000 0.487001 -0.000001 1.000000 -0.000000 0.000000 -0.000000 0.000000 1.000000 0.000004 0.000000 0.000000 0.000000 1.000000
1.000000 0.000001 0.000000 0.487001 -0.000001 1.000000 -0.000000 0.000000 -0.000000 0.000000 1.000000 0.000004 0.000000 0.000000 0.000000 1.000000
1.000000 0.000001 0.000000 0.487001 -0.000001 1.000000 -0.000000 0.000000 -0.000000 0.000000 1.000000 0.000003 0.000000 0.000000 0.000000 1.000000
1.000000 0.000001 0.000000 0.487001 -0.000001 1.000000 -0.000000 -0.000000 -0.000000 0.000000 1.000000 0.000004 0.000000 0.000000 0.000000 1.000000
1.000000 0.000001 0.000000 0.487001 -0.000001 1.000000 -0.000000 0.000000 -0.000000 0.000000 1.000000 0.000003 0.000000 0.000000 0.000000 1.000000
1.000000 0.000001 0.000000 0.487001 -0.000001 1.000000 -0.000000 0.000000 -0.000000 0.000000 1.000000 0.000003 0.000000 0.000000 0.000000 1.000000
1.000000 0.000001 0.000000 0.487001 -0.000001 1.000000 -0.000000 -0.000000 -0.000000 0.000000 1.000000 0.000004 0.000000 0.000000 0.000000 1.000000
1.000000 0.000001 0.000000 0.487001 -0.000001 1.000000 -0.000000 -0.000000 -0.000000 0.000000 1.000000 0.000004 0.000000 0.000000 0.000000 1.000000
1.000000 0.000001 0.000000 0.487002 -0.000001 1.000000 -0.000000 -0.000000 -0.000000 0.000000 1.000000 0.000004 0.000000 0.000000 0.000000 1.000000
1.000000 0.000001 0.000000 0.487001 -0.000001 1.000000 -0.000000 -0.000000 -0.000000 0.000000 1.000000 0.000004 0.000000 0.000000 0.000000 1.000000
1.000000 0.000001 0.000000 0.487001 -0.000001 1.000000 -0.000000 -0.000000 -0.000000 0.000000 1.000000 0.000004 0.000000 0.000000 0.000000 1.000000
1.000000 0.000001 0.000000 0.487001 -0.000001 1.000000 -0.000000 -0.000000 -0.000000 0.000000 1.000000 0.000003 0.000000 0.000000 0.000000 1.000000
1.000000 0.000001 0.000000 0.487001 -0.000001 1.000000 -0.000000 -0.000000 -0.000000 0.000000 1.000000 0.000003 0.000000 0.000000 0.000000 1.000000
1.000000 0.000001 0.000000 0.487001 -0.000001 1.000000 -0.000000 -0.000000 -0.000000 0.000000 1.000000 0.000003 0.000000 0.000000 0.000000 1.000000
1.000000 0.000001 0.000000 0.487001 -0.000001 1.000000 -0.000000 -0.000000 -0.000000 0.000000 1.000000 0.000004 0.000000 0.000000 0.000000 1.000000
1.000000 0.000001 0.000000 0.487001 -0.000001 1.000000 -0.000000 -0.000000 -0.000000 0.000000 1.000000 0.000004 0.000000 0.000000 0.000000 1.000000
1.000000 0.000001 0.000000 0.487001 -0.000001 1.000000 -0.000000 -0.000000 -0.000000 0.000000 1.000000 0.000004 0.000000 0.000000 0.000000 1.000000
1.000000 0.000001 0.000000 0.487001 -0.000001 1.000000 -0.000000 -0.000000 -0.000000 0.000000 1.000000 0.000003 0.000000 0.000000 0.000000 1.000000
1.000000 0.000001 0.000000 0.487001 -0.000001 1.000000 -0.000000 -0.000001 -0.000000 0.000000 1.000000 0.000004 0.000000 0.000000 0.000000 1.000000
1.000000 0.000001 0.000000 0.487001 -0.000001 1.000000 -0.000000 -0.000000 -0.000000 0.000000 1.000000 0.000003 0.000000 0.000000 0.000000 1.000000
1.000000 0.000001 0.000000 0.487001 -0.000001 1.000000 -0.000000 -0.000000 -0.000000 0.000000 1.000000 0.000004 0.000000 0.000000 0.000000 1.000000
1.000000 0.000001 0.000000 0.487001 -0.000001 1.000000 -0.000000 -0.000001 -0.000000 0.000000 1.000000 0.000003 0.000000 0.000000 0.000000 1.000000</float_array>
     <technique_common>
      <accessor source="#jnt_right_forearmroll-Matrix-animation-output-transform-array" count="23" stride="16">
       <param type="float4x4"></param>
      </accessor>
     </technique_common>
    </source>
    <source id="jnt_right_forearmroll-Interpolations">
     <Name_array id="jnt_right_forearmroll-Interpolations-array" count="23">
 LINEAR LINEAR LINEAR LINEAR LINEAR LINEAR LINEAR LINEAR LINEAR LINEAR LINEAR
LINEAR LINEAR LINEAR LINEAR LINEAR LINEAR LINEAR LINEAR LINEAR LINEAR LINEAR LINEAR</Name_array>
     <technique_common>
      <accessor source="#jnt_right_forearmroll-Interpolations-array" count="23">
       <param type="name"></param>
      </accessor>
     </technique_common>
    </source>
    <sampler id="jnt_right_forearmroll-Matrix-animation-transform">
     <input semantic="INPUT" source="#jnt_right_forearmroll-Matrix-animation-input"></input>
     <input semantic="OUTPUT" source="#jnt_right_forearmroll-Matrix-animation-output-transform"></input>
     <input semantic="INTERPOLATION" source="#jnt_right_forearmroll-Interpolations"></input>
    </sampler>
    <channel source="#jnt_right_forearmroll-Matrix-animation-transform" target="jnt_right_forearmroll/matrix"></channel>
   </animation>
  </animation>
  <animation id="jnt_right_hand-anim" name="jnt_right_hand">
   <animation>
    <source id="jnt_right_hand-Matrix-animation-input">
     <float_array id="jnt_right_hand-Matrix-animation-input-array" count="23">

0.000000 0.033333 0.066667 0.100000 0.133333 0.166667 0.200000 0.233333 0.266667 0.300000 0.333333 0.366667 0.400000 0.433333 0.466667 0.500000
0.533333 0.566667 0.600000 0.633333 0.666667 0.700000 0.733333</float_array>
     <technique_common>
      <accessor source="#jnt_right_hand-Matrix-animation-input-array" count="23">
       <param name="TIME" type="float"></param>
      </accessor>
     </technique_common>
    </source>
    <source id="jnt_right_hand-Matrix-animation-output-transform">
     <float_array id="jnt_right_hand-Matrix-animation-output-transform-array" count="368">

0.690318 0.604492 0.397556 0.975261 -0.287957 0.733642 -0.615508 -0.000001 -0.663733 0.310417 0.680514 0.000002 0.000000 0.000000 0.000000 1.000000
0.501334 0.685794 0.527589 0.975261 -0.376430 0.721892 -0.580665 -0.000000 -0.779080 0.092506 0.620062 0.000002 0.000000 0.000000 0.000000 1.000000
0.493195 0.687941 0.532443 0.975261 -0.380401 0.720992 -0.579193 -0.000000 -0.782338 0.083114 0.617283 0.000002 0.000000 0.000000 0.000000 1.000000
0.502153 0.685105 0.527706 0.975261 -0.377162 0.722630 -0.579270 -0.000001 -0.778197 0.091852 0.621267 0.000002 0.000000 0.000000 0.000000 1.000000
0.516964 0.680140 0.519767 0.975261 -0.370935 0.725222 -0.580052 -0.000000 -0.771463 0.107067 0.627201 0.000002 0.000000 0.000000 0.000000 1.000000
0.532534 0.675167 0.510448 0.975261 -0.364101 0.727159 -0.581954 -0.000000 -0.764093 0.124056 0.633066 0.000002 0.000000 0.000000 0.000000 1.000000
0.547056 0.673454 0.497182 0.975262 -0.358982 0.725289 -0.587441 -0.000000 -0.756216 0.142884 0.638531 0.000002 0.000000 0.000000 0.000000 1.000000
0.563438 0.672195 0.480304 0.975261 -0.353450 0.721608 -0.595277 -0.000000 -0.746734 0.165638 0.644168 0.000002 0.000000 0.000000 0.000000 1.000000
0.584907 0.667644 0.460580 0.975261 -0.345064 0.718722 -0.603630 -0.000000 -0.734040 0.194138 0.650766 0.000002 0.000000 0.000000 0.000000 1.000000
0.613489 0.656503 0.438902 0.975261 -0.332058 0.718712 -0.610894 -0.000000 -0.716498 0.229036 0.658918 0.000002 0.000000 0.000000 0.000000 1.000000
0.642650 0.642004 0.418128 0.975261 -0.315375 0.719033 -0.619299 -0.000001 -0.698240 0.266125 0.664559 0.000002 0.000000 0.000000 0.000000 1.000000
0.660264 0.632526 0.404923 0.975261 -0.304642 0.718370 -0.625410 -0.000000 -0.686472 0.289579 0.667008 0.000002 0.000000 0.000000 0.000000 1.000000
0.665379 0.627633 0.404163 0.975260 -0.299671 0.720439 -0.625432 -0.000000 -0.683717 0.295034 0.667448 0.000002 0.000000 0.000000 0.000000 1.000000
0.671300 0.623046 0.401459 0.975261 -0.295721 0.721813 -0.625728 -0.000001 -0.679636 0.301331 0.668801 0.000002 0.000000 0.000000 0.000000 1.000000
0.683821 0.615800 0.391381 0.975261 -0.290189 0.721677 -0.628469 -0.000001 -0.669462 0.316186 0.672196 0.000002 0.000000 0.000000 0.000000 1.000000
0.698471 0.606217 0.380314 0.975261 -0.283563 0.722378 -0.630683 -0.000000 -0.657062 0.332671 0.676461 0.000003 0.000000 0.000000 0.000000 1.000000
0.713972 0.595110 0.368902 0.975261 -0.276356 0.723611 -0.632466 -0.000000 -0.643329 0.349615 0.681100 0.000002 0.000000 0.000000 0.000000 1.000000
0.729175 0.583350 0.357780 0.975261 -0.269040 0.725092 -0.633923 -0.000000 -0.629223 0.365983 0.685663 0.000002 0.000000 0.000000 0.000000 1.000000
0.742816 0.572068 0.347797 0.975261 -0.262168 0.726554 -0.635128 -0.000001 -0.616029 0.380603 0.689673 0.000002 0.000000 0.000000 0.000000 1.000000
0.753844 0.562450 0.339660 0.975261 -0.256510 0.727847 -0.635957 -0.000001 -0.604914 0.392286 0.692957 0.000002 0.000000 0.000000 0.000000 1.000000
0.761267 0.555704 0.334165 0.975261 -0.252662 0.728812 -0.636392 -0.000000 -0.597189 0.400034 0.695225 0.000002 0.000000 0.000000 0.000000 1.000000
0.764792 0.552420 0.331550 0.975261 -0.250838 0.729309 -0.636544 -0.000000 -0.593443 0.403658 0.696337 0.000003 0.000000 0.000000 0.000000 1.000000
0.765828 0.551450 0.330773 0.975261 -0.250309 0.729456 -0.636584 -0.000001 -0.592329 0.404719 0.696670 0.000002 0.000000 0.000000 0.000000 1.000000</float_array>
     <technique_common>
      <accessor source="#jnt_right_hand-Matrix-animation-output-transform-array" count="23" stride="16">
       <param type="float4x4"></param>
      </accessor>
     </technique_common>
    </source>
    <source id="jnt_right_hand-Interpolations">
     <Name_array id="jnt_right_hand-Interpolations-array" count="23">
 LINEAR LINEAR LINEAR LINEAR LINEAR LINEAR LINEAR LINEAR LINEAR LINEAR LINEAR
LINEAR LINEAR LINEAR LINEAR LINEAR LINEAR LINEAR LINEAR LINEAR LINEAR LINEAR LINEAR</Name_array>
     <technique_common>
      <accessor source="#jnt_right_hand-Interpolations-array" count="23">
       <param type="name"></param>
      </accessor>
     </technique_common>
    </source>
    <sampler id="jnt_right_hand-Matrix-animation-transform">
     <input semantic="INPUT" source="#jnt_right_hand-Matrix-animation-input"></input>
     <input semantic="OUTPUT" source="#jnt_right_hand-Matrix-animation-output-transform"></input>
     <input semantic="INTERPOLATION" source="#jnt_right_hand-Interpolations"></input>
    </sampler>
    <channel source="#jnt_right_hand-Matrix-animation-transform" target="jnt_right_hand/matrix"></channel>
   </animation>
  </animation>
  <animation id="jnt_right_handthumb1-anim" name="jnt_right_handthumb1">
   <animation>
    <source id="jnt_right_handthumb1-Matrix-animation-input">
     <float_array id="jnt_right_handthumb1-Matrix-animation-input-array" count="23">

0.000000 0.033333 0.066667 0.100000 0.133333 0.166667 0.200000 0.233333 0.266667 0.300000 0.333333 0.366667 0.400000 0.433333 0.466667 0.500000
0.533333 0.566667 0.600000 0.633333 0.666667 0.700000 0.733333</float_array>
     <technique_common>
      <accessor source="#jnt_right_handthumb1-Matrix-animation-input-array" count="23">
       <param name="TIME" type="float"></param>
      </accessor>
     </technique_common>
    </source>
    <source id="jnt_right_handthumb1-Matrix-animation-output-transform">
     <float_array id="jnt_right_handthumb1-Matrix-animation-output-transform-array" count="368">

0.840651 -0.501489 0.204487 0.060227 0.200669 0.639129 0.742460 0.203939 -0.503029 -0.583115 0.637918 -0.155682 0.000000 0.000000 0.000000 1.000000
0.840651 -0.501489 0.204487 0.060226 0.200669 0.639129 0.742459 0.203939 -0.503029 -0.583115 0.637917 -0.155682 0.000000 0.000000 0.000000 1.000000
0.840651 -0.501489 0.204487 0.060226 0.200669 0.639129 0.742459 0.203939 -0.503029 -0.583115 0.637918 -0.155683 0.000000 0.000000 0.000000 1.000000
0.840651 -0.501489 0.204487 0.060226 0.200669 0.639129 0.742459 0.203940 -0.503029 -0.583115 0.637918 -0.155682 0.000000 0.000000 0.000000 1.000000
0.840651 -0.501489 0.204487 0.060227 0.200669 0.639129 0.742460 0.203938 -0.503029 -0.583115 0.637917 -0.155682 0.000000 0.000000 0.000000 1.000000
0.840651 -0.501489 0.204487 0.060227 0.200669 0.639129 0.742459 0.203939 -0.503029 -0.583115 0.637918 -0.155682 0.000000 0.000000 0.000000 1.000000
0.840651 -0.501489 0.204487 0.060227 0.200669 0.639129 0.742459 0.203939 -0.503029 -0.583115 0.637917 -0.155682 0.000000 0.000000 0.000000 1.000000
0.840651 -0.501489 0.204487 0.060226 0.200669 0.639129 0.742460 0.203938 -0.503029 -0.583115 0.637918 -0.155683 0.000000 0.000000 0.000000 1.000000
0.840651 -0.501489 0.204487 0.060227 0.200669 0.639129 0.742460 0.203939 -0.503029 -0.583115 0.637918 -0.155682 0.000000 0.000000 0.000000 1.000000
0.840650 -0.501489 0.204487 0.060226 0.200669 0.639129 0.742460 0.203939 -0.503029 -0.583115 0.637918 -0.155682 0.000000 0.000000 0.000000 1.000000
0.840651 -0.501489 0.204487 0.060227 0.200669 0.639129 0.742460 0.203940 -0.503029 -0.583115 0.637918 -0.155681 0.000000 0.000000 0.000000 1.000000
0.840651 -0.501489 0.204487 0.060227 0.200669 0.639129 0.742459 0.203938 -0.503029 -0.583115 0.637918 -0.155682 0.000000 0.000000 0.000000 1.000000
0.840651 -0.501489 0.204487 0.060226 0.200669 0.639129 0.742460 0.203939 -0.503029 -0.583115 0.637918 -0.155682 0.000000 0.000000 0.000000 1.000000
0.840651 -0.501489 0.204487 0.060226 0.200669 0.639129 0.742460 0.203939 -0.503029 -0.583115 0.637917 -0.155682 0.000000 0.000000 0.000000 1.000000
0.840651 -0.501489 0.204487 0.060227 0.200669 0.639129 0.742459 0.203939 -0.503029 -0.583115 0.637918 -0.155682 0.000000 0.000000 0.000000 1.000000
0.840650 -0.501489 0.204487 0.060227 0.200669 0.639129 0.742459 0.203939 -0.503029 -0.583115 0.637918 -0.155682 0.000000 0.000000 0.000000 1.000000
0.840651 -0.501489 0.204487 0.060226 0.200669 0.639129 0.742459 0.203938 -0.503029 -0.583115 0.637918 -0.155682 0.000000 0.000000 0.000000 1.000000
0.840651 -0.501489 0.204487 0.060226 0.200669 0.639129 0.742460 0.203940 -0.503029 -0.583115 0.637918 -0.155682 0.000000 0.000000 0.000000 1.000000
0.840651 -0.501489 0.204487 0.060227 0.200669 0.639129 0.742459 0.203939 -0.503029 -0.583115 0.637918 -0.155682 0.000000 0.000000 0.000000 1.000000
0.840651 -0.501489 0.204487 0.060226 0.200669 0.639129 0.742460 0.203939 -0.503029 -0.583115 0.637918 -0.155682 0.000000 0.000000 0.000000 1.000000
0.840651 -0.501489 0.204487 0.060227 0.200669 0.639129 0.742459 0.203939 -0.503029 -0.583115 0.637918 -0.155682 0.000000 0.000000 0.000000 1.000000
0.840651 -0.501489 0.204487 0.060227 0.200669 0.639129 0.742460 0.203940 -0.503029 -0.583115 0.637917 -0.155682 0.000000 0.000000 0.000000 1.000000
0.840651 -0.501489 0.204487 0.060226 0.200669 0.639129 0.742460 0.203940 -0.503029 -0.583115 0.637917 -0.155682 0.000000 0.000000 0.000000 1.000000</float_array>
     <technique_common>
      <accessor source="#jnt_right_handthumb1-Matrix-animation-output-transform-array" count="23" stride="16">
       <param type="float4x4"></param>
      </accessor>
     </technique_common>
    </source>
    <source id="jnt_right_handthumb1-Interpolations">
     <Name_array id="jnt_right_handthumb1-Interpolations-array" count="23">
 LINEAR LINEAR LINEAR LINEAR LINEAR LINEAR LINEAR LINEAR LINEAR LINEAR LINEAR
LINEAR LINEAR LINEAR LINEAR LINEAR LINEAR LINEAR LINEAR LINEAR LINEAR LINEAR LINEAR</Name_array>
     <technique_common>
      <accessor source="#jnt_right_handthumb1-Interpolations-array" count="23">
       <param type="name"></param>
      </accessor>
     </technique_common>
    </source>
    <sampler id="jnt_right_handthumb1-Matrix-animation-transform">
     <input semantic="INPUT" source="#jnt_right_handthumb1-Matrix-animation-input"></input>
     <input semantic="OUTPUT" source="#jnt_right_handthumb1-Matrix-animation-output-transform"></input>
     <input semantic="INTERPOLATION" source="#jnt_right_handthumb1-Interpolations"></input>
    </sampler>
    <channel source="#jnt_right_handthumb1-Matrix-animation-transform" target="jnt_right_handthumb1/matrix"></channel>
   </animation>
  </animation>
  <animation id="jnt_right_handthumb2-anim" name="jnt_right_handthumb2">
   <animation>
    <source id="jnt_right_handthumb2-Matrix-animation-input">
     <float_array id="jnt_right_handthumb2-Matrix-animation-input-array" count="23">

0.000000 0.033333 0.066667 0.100000 0.133333 0.166667 0.200000 0.233333 0.266667 0.300000 0.333333 0.366667 0.400000 0.433333 0.466667 0.500000
0.533333 0.566667 0.600000 0.633333 0.666667 0.700000 0.733333</float_array>
     <technique_common>
      <accessor source="#jnt_right_handthumb2-Matrix-animation-input-array" count="23">
       <param name="TIME" type="float"></param>
      </accessor>
     </technique_common>
    </source>
    <source id="jnt_right_handthumb2-Matrix-animation-output-transform">
     <float_array id="jnt_right_handthumb2-Matrix-animation-output-transform-array" count="368">

0.925479 0.378800 -0.000001 0.213224 -0.378800 0.925479 -0.000003 -0.000001 -0.000001 0.000003 1.000000 -0.000000 0.000000 0.000000 0.000000 1.000000
0.925479 0.378800 -0.000001 0.213224 -0.378800 0.925479 -0.000003 -0.000000 -0.000001 0.000003 1.000000 -0.000001 0.000000 0.000000 0.000000 1.000000
0.925479 0.378800 -0.000001 0.213224 -0.378800 0.925479 -0.000003 -0.000000 -0.000001 0.000003 1.000000 0.000001 0.000000 0.000000 0.000000 1.000000
0.925479 0.378799 -0.000001 0.213224 -0.378800 0.925478 -0.000003 -0.000001 -0.000001 0.000003 1.000000 0.000000 0.000000 0.000000 0.000000 1.000000
0.925479 0.378799 -0.000001 0.213224 -0.378799 0.925479 -0.000003 -0.000001 -0.000001 0.000003 1.000000 -0.000000 0.000000 0.000000 0.000000 1.000000
0.925479 0.378800 -0.000001 0.213224 -0.378800 0.925479 -0.000003 -0.000000 -0.000001 0.000003 1.000000 -0.000001 0.000000 0.000000 0.000000 1.000000
0.925479 0.378800 -0.000001 0.213224 -0.378800 0.925479 -0.000003 0.000000 -0.000001 0.000003 1.000000 -0.000000 0.000000 0.000000 0.000000 1.000000
0.925479 0.378799 -0.000001 0.213224 -0.378800 0.925479 -0.000003 -0.000001 -0.000001 0.000003 1.000000 0.000000 0.000000 0.000000 0.000000 1.000000
0.925479 0.378799 -0.000001 0.213224 -0.378800 0.925478 -0.000003 -0.000001 -0.000001 0.000003 1.000000 -0.000000 0.000000 0.000000 0.000000 1.000000
0.925479 0.378800 -0.000001 0.213224 -0.378799 0.925479 -0.000003 -0.000001 -0.000001 0.000004 1.000000 0.000000 0.000000 0.000000 0.000000 1.000000
0.925479 0.378800 -0.000001 0.213224 -0.378800 0.925479 -0.000003 -0.000000 -0.000001 0.000003 1.000000 0.000000 0.000000 0.000000 0.000000 1.000000
0.925479 0.378800 -0.000001 0.213224 -0.378800 0.925479 -0.000003 0.000000 -0.000001 0.000003 1.000000 -0.000001 0.000000 0.000000 0.000000 1.000000
0.925479 0.378800 -0.000001 0.213224 -0.378800 0.925479 -0.000003 -0.000001 -0.000001 0.000003 1.000000 0.000000 0.000000 0.000000 0.000000 1.000000
0.925479 0.378800 -0.000001 0.213224 -0.378800 0.925479 -0.000003 -0.000000 -0.000001 0.000003 1.000000 -0.000001 0.000000 0.000000 0.000000 1.000000
0.925479 0.378800 -0.000001 0.213224 -0.378799 0.925479 -0.000003 -0.000000 -0.000001 0.000003 1.000000 -0.000000 0.000000 0.000000 0.000000 1.000000
0.925479 0.378800 -0.000001 0.213224 -0.378800 0.925479 -0.000003 -0.000001 -0.000001 0.000003 1.000000 0.000000 0.000000 0.000000 0.000000 1.000000
0.925479 0.378799 -0.000001 0.213224 -0.378799 0.925479 -0.000003 -0.000000 -0.000001 0.000003 1.000000 -0.000000 0.000000 0.000000 0.000000 1.000000
0.925479 0.378799 -0.000001 0.213224 -0.378800 0.925479 -0.000003 -0.000001 -0.000001 0.000003 1.000000 -0.000000 0.000000 0.000000 0.000000 1.000000
0.925479 0.378800 -0.000001 0.213224 -0.378799 0.925479 -0.000003 -0.000001 -0.000001 0.000003 1.000000 0.000000 0.000000 0.000000 0.000000 1.000000
0.925479 0.378799 -0.000001 0.213224 -0.378799 0.925479 -0.000003 -0.000001 -0.000001 0.000003 1.000000 0.000000 0.000000 0.000000 0.000000 1.000000
0.925479 0.378800 -0.000001 0.213224 -0.378800 0.925479 -0.000003 -0.000001 -0.000001 0.000003 1.000000 0.000000 0.000000 0.000000 0.000000 1.000000
0.925479 0.378800 -0.000001 0.213224 -0.378800 0.925479 -0.000003 -0.000001 -0.000001 0.000003 1.000000 -0.000001 0.000000 0.000000 0.000000 1.000000
0.925479 0.378800 -0.000001 0.213224 -0.378800 0.925479 -0.000003 -0.000001 -0.000001 0.000003 1.000000 -0.000000 0.000000 0.000000 0.000000 1.000000</float_array>
     <technique_common>
      <accessor source="#jnt_right_handthumb2-Matrix-animation-output-transform-array" count="23" stride="16">
       <param type="float4x4"></param>
      </accessor>
     </technique_common>
    </source>
    <source id="jnt_right_handthumb2-Interpolations">
     <Name_array id="jnt_right_handthumb2-Interpolations-array" count="23">
 LINEAR LINEAR LINEAR LINEAR LINEAR LINEAR LINEAR LINEAR LINEAR LINEAR LINEAR
LINEAR LINEAR LINEAR LINEAR LINEAR LINEAR LINEAR LINEAR LINEAR LINEAR LINEAR LINEAR</Name_array>
     <technique_common>
      <accessor source="#jnt_right_handthumb2-Interpolations-array" count="23">
       <param type="name"></param>
      </accessor>
     </technique_common>
    </source>
    <sampler id="jnt_right_handthumb2-Matrix-animation-transform">
     <input semantic="INPUT" source="#jnt_right_handthumb2-Matrix-animation-input"></input>
     <input semantic="OUTPUT" source="#jnt_right_handthumb2-Matrix-animation-output-transform"></input>
     <input semantic="INTERPOLATION" source="#jnt_right_handthumb2-Interpolations"></input>
    </sampler>
    <channel source="#jnt_right_handthumb2-Matrix-animation-transform" target="jnt_right_handthumb2/matrix"></channel>
   </animation>
  </animation>
  <animation id="jnt_right_handthumb3-anim" name="jnt_right_handthumb3">
   <animation>
    <source id="jnt_right_handthumb3-Matrix-animation-input">
     <float_array id="jnt_right_handthumb3-Matrix-animation-input-array" count="23">

0.000000 0.033333 0.066667 0.100000 0.133333 0.166667 0.200000 0.233333 0.266667 0.300000 0.333333 0.366667 0.400000 0.433333 0.466667 0.500000
0.533333 0.566667 0.600000 0.633333 0.666667 0.700000 0.733333</float_array>
     <technique_common>
      <accessor source="#jnt_right_handthumb3-Matrix-animation-input-array" count="23">
       <param name="TIME" type="float"></param>
      </accessor>
     </technique_common>
    </source>
    <source id="jnt_right_handthumb3-Matrix-animation-output-transform">
     <float_array id="jnt_right_handthumb3-Matrix-animation-output-transform-array" count="368">

0.947989 0.318304 0.000001 0.141882 -0.318304 0.947988 0.000006 -0.000001 0.000001 -0.000006 1.000000 0.000022 0.000000 0.000000 0.000000 1.000000
0.947989 0.318304 0.000001 0.141882 -0.318304 0.947988 0.000006 -0.000001 0.000001 -0.000006 1.000000 0.000023 0.000000 0.000000 0.000000 1.000000
0.947989 0.318304 0.000001 0.141882 -0.318304 0.947989 0.000006 -0.000001 0.000001 -0.000006 1.000000 0.000023 0.000000 0.000000 0.000000 1.000000
0.947989 0.318304 0.000001 0.141882 -0.318305 0.947989 0.000006 -0.000001 0.000001 -0.000006 1.000000 0.000023 0.000000 0.000000 0.000000 1.000000
0.947989 0.318304 0.000001 0.141882 -0.318304 0.947989 0.000006 -0.000001 0.000001 -0.000006 1.000000 0.000024 0.000000 0.000000 0.000000 1.000000
0.947989 0.318304 0.000001 0.141882 -0.318304 0.947989 0.000006 -0.000000 0.000001 -0.000006 1.000000 0.000023 0.000000 0.000000 0.000000 1.000000
0.947989 0.318304 0.000001 0.141882 -0.318304 0.947989 0.000006 0.000000 0.000001 -0.000006 1.000000 0.000023 0.000000 0.000000 0.000000 1.000000
0.947989 0.318304 0.000001 0.141882 -0.318304 0.947988 0.000006 -0.000000 0.000001 -0.000006 1.000000 0.000023 0.000000 0.000000 0.000000 1.000000
0.947988 0.318304 0.000001 0.141882 -0.318304 0.947988 0.000006 -0.000001 0.000001 -0.000006 1.000000 0.000023 0.000000 0.000000 0.000000 1.000000
0.947989 0.318304 0.000001 0.141882 -0.318304 0.947989 0.000006 -0.000001 0.000001 -0.000006 1.000000 0.000023 0.000000 0.000000 0.000000 1.000000
0.947989 0.318304 0.000001 0.141882 -0.318304 0.947989 0.000006 -0.000000 0.000001 -0.000006 1.000000 0.000023 0.000000 0.000000 0.000000 1.000000
0.947989 0.318304 0.000001 0.141882 -0.318304 0.947989 0.000006 -0.000000 0.000001 -0.000006 1.000000 0.000023 0.000000 0.000000 0.000000 1.000000
0.947989 0.318304 0.000001 0.141882 -0.318304 0.947988 0.000006 -0.000001 0.000001 -0.000006 1.000000 0.000023 0.000000 0.000000 0.000000 1.000000
0.947989 0.318304 0.000001 0.141882 -0.318305 0.947989 0.000006 -0.000001 0.000001 -0.000006 1.000000 0.000023 0.000000 0.000000 0.000000 1.000000
0.947989 0.318304 0.000001 0.141882 -0.318304 0.947988 0.000006 -0.000001 0.000001 -0.000006 1.000000 0.000023 0.000000 0.000000 0.000000 1.000000
0.947989 0.318304 0.000001 0.141882 -0.318304 0.947989 0.000006 -0.000000 0.000001 -0.000006 1.000000 0.000024 0.000000 0.000000 0.000000 1.000000
0.947988 0.318304 0.000001 0.141882 -0.318304 0.947988 0.000006 -0.000001 0.000001 -0.000006 1.000000 0.000023 0.000000 0.000000 0.000000 1.000000
0.947989 0.318305 0.000001 0.141882 -0.318304 0.947989 0.000006 -0.000000 0.000001 -0.000006 1.000000 0.000023 0.000000 0.000000 0.000000 1.000000
0.947988 0.318304 0.000001 0.141882 -0.318304 0.947988 0.000006 -0.000001 0.000001 -0.000006 1.000000 0.000023 0.000000 0.000000 0.000000 1.000000
0.947989 0.318304 0.000001 0.141882 -0.318304 0.947989 0.000006 -0.000001 0.000001 -0.000006 1.000000 0.000022 0.000000 0.000000 0.000000 1.000000
0.947988 0.318304 0.000001 0.141882 -0.318304 0.947988 0.000006 -0.000000 0.000001 -0.000006 1.000000 0.000023 0.000000 0.000000 0.000000 1.000000
0.947989 0.318304 0.000001 0.141882 -0.318304 0.947989 0.000006 -0.000001 0.000001 -0.000006 1.000000 0.000023 0.000000 0.000000 0.000000 1.000000
0.947989 0.318304 0.000001 0.141882 -0.318304 0.947989 0.000006 -0.000000 0.000001 -0.000006 1.000000 0.000023 0.000000 0.000000 0.000000 1.000000</float_array>
     <technique_common>
      <accessor source="#jnt_right_handthumb3-Matrix-animation-output-transform-array" count="23" stride="16">
       <param type="float4x4"></param>
      </accessor>
     </technique_common>
    </source>
    <source id="jnt_right_handthumb3-Interpolations">
     <Name_array id="jnt_right_handthumb3-Interpolations-array" count="23">
 LINEAR LINEAR LINEAR LINEAR LINEAR LINEAR LINEAR LINEAR LINEAR LINEAR LINEAR
LINEAR LINEAR LINEAR LINEAR LINEAR LINEAR LINEAR LINEAR LINEAR LINEAR LINEAR LINEAR</Name_array>
     <technique_common>
      <accessor source="#jnt_right_handthumb3-Interpolations-array" count="23">
       <param type="name"></param>
      </accessor>
     </technique_common>
    </source>
    <sampler id="jnt_right_handthumb3-Matrix-animation-transform">
     <input semantic="INPUT" source="#jnt_right_handthumb3-Matrix-animation-input"></input>
     <input semantic="OUTPUT" source="#jnt_right_handthumb3-Matrix-animation-output-transform"></input>
     <input semantic="INTERPOLATION" source="#jnt_right_handthumb3-Interpolations"></input>
    </sampler>
    <channel source="#jnt_right_handthumb3-Matrix-animation-transform" target="jnt_right_handthumb3/matrix"></channel>
   </animation>
  </animation>
  <animation id="jnt_right_handthumb4-anim" name="jnt_right_handthumb4">
   <animation>
    <source id="jnt_right_handthumb4-Matrix-animation-input">
     <float_array id="jnt_right_handthumb4-Matrix-animation-input-array" count="23">

0.000000 0.033333 0.066667 0.100000 0.133333 0.166667 0.200000 0.233333 0.266667 0.300000 0.333333 0.366667 0.400000 0.433333 0.466667 0.500000
0.533333 0.566667 0.600000 0.633333 0.666667 0.700000 0.733333</float_array>
     <technique_common>
      <accessor source="#jnt_right_handthumb4-Matrix-animation-input-array" count="23">
       <param name="TIME" type="float"></param>
      </accessor>
     </technique_common>
    </source>
    <source id="jnt_right_handthumb4-Matrix-animation-output-transform">
     <float_array id="jnt_right_handthumb4-Matrix-animation-output-transform-array" count="368">

1.000000 -0.000002 -0.000000 0.122606 0.000002 1.000000 -0.000000 0.000000 0.000000 0.000000 1.000000 0.000000 0.000000 0.000000 0.000000 1.000000
1.000000 -0.000002 -0.000000 0.122606 0.000002 1.000000 -0.000000 0.000001 0.000000 0.000000 1.000000 0.000000 0.000000 0.000000 0.000000 1.000000
1.000000 -0.000002 -0.000000 0.122606 0.000002 1.000000 -0.000000 0.000000 0.000000 0.000000 1.000000 -0.000000 0.000000 0.000000 0.000000 1.000000
1.000000 -0.000002 -0.000000 0.122606 0.000002 1.000000 -0.000000 0.000000 0.000000 0.000000 1.000000 0.000000 0.000000 0.000000 0.000000 1.000000
1.000000 -0.000002 -0.000000 0.122606 0.000002 1.000000 -0.000000 0.000001 0.000000 0.000000 1.000000 0.000000 0.000000 0.000000 0.000000 1.000000
1.000000 -0.000002 -0.000000 0.122606 0.000002 1.000000 -0.000000 0.000001 0.000000 0.000000 1.000000 0.000000 0.000000 0.000000 0.000000 1.000000
1.000000 -0.000002 -0.000000 0.122606 0.000002 1.000000 -0.000000 0.000000 0.000000 0.000000 1.000000 -0.000000 0.000000 0.000000 0.000000 1.000000
1.000000 -0.000002 -0.000000 0.122606 0.000002 1.000000 -0.000000 0.000000 0.000000 0.000000 1.000000 -0.000000 0.000000 0.000000 0.000000 1.000000
1.000000 -0.000002 -0.000000 0.122606 0.000002 1.000000 -0.000000 0.000001 0.000000 0.000000 1.000000 -0.000000 0.000000 0.000000 0.000000 1.000000
1.000000 -0.000002 -0.000000 0.122606 0.000002 1.000000 -0.000000 0.000001 0.000000 0.000000 1.000000 0.000000 0.000000 0.000000 0.000000 1.000000
1.000000 -0.000002 -0.000000 0.122606 0.000002 1.000000 -0.000000 0.000001 0.000000 0.000000 1.000000 -0.000000 0.000000 0.000000 0.000000 1.000000
1.000000 -0.000002 -0.000000 0.122606 0.000002 1.000000 -0.000000 0.000001 0.000000 0.000000 1.000000 -0.000000 0.000000 0.000000 0.000000 1.000000
1.000000 -0.000002 -0.000000 0.122606 0.000002 1.000000 -0.000000 0.000000 0.000000 0.000000 1.000000 0.000000 0.000000 0.000000 0.000000 1.000000
1.000000 -0.000002 -0.000000 0.122606 0.000002 1.000000 -0.000000 0.000000 0.000000 0.000000 1.000000 -0.000000 0.000000 0.000000 0.000000 1.000000
1.000000 -0.000002 -0.000000 0.122606 0.000002 1.000000 -0.000000 0.000000 0.000000 0.000000 1.000000 0.000000 0.000000 0.000000 0.000000 1.000000
1.000000 -0.000002 -0.000000 0.122606 0.000002 1.000000 -0.000000 0.000001 0.000000 0.000000 1.000000 0.000000 0.000000 0.000000 0.000000 1.000000
1.000000 -0.000002 -0.000000 0.122606 0.000002 1.000000 0.000000 0.000000 0.000000 -0.000000 1.000000 0.000000 0.000000 0.000000 0.000000 1.000000
1.000000 -0.000002 -0.000000 0.122606 0.000002 1.000000 -0.000000 0.000000 0.000000 0.000000 1.000000 0.000000 0.000000 0.000000 0.000000 1.000000
1.000000 -0.000002 -0.000000 0.122606 0.000002 1.000000 -0.000000 0.000000 0.000000 0.000000 1.000000 -0.000000 0.000000 0.000000 0.000000 1.000000
1.000000 -0.000002 -0.000000 0.122606 0.000002 1.000000 -0.000000 0.000000 0.000000 0.000000 1.000000 -0.000000 0.000000 0.000000 0.000000 1.000000
1.000000 -0.000002 -0.000000 0.122606 0.000002 1.000000 -0.000000 0.000001 0.000000 0.000000 1.000000 0.000000 0.000000 0.000000 0.000000 1.000000
1.000000 -0.000002 -0.000000 0.122606 0.000002 1.000000 -0.000000 0.000000 0.000000 0.000000 1.000000 0.000000 0.000000 0.000000 0.000000 1.000000
1.000000 -0.000002 -0.000000 0.122606 0.000002 1.000000 -0.000000 0.000000 0.000000 0.000000 1.000000 0.000000 0.000000 0.000000 0.000000 1.000000</float_array>
     <technique_common>
      <accessor source="#jnt_right_handthumb4-Matrix-animation-output-transform-array" count="23" stride="16">
       <param type="float4x4"></param>
      </accessor>
     </technique_common>
    </source>
    <source id="jnt_right_handthumb4-Interpolations">
     <Name_array id="jnt_right_handthumb4-Interpolations-array" count="23">
 LINEAR LINEAR LINEAR LINEAR LINEAR LINEAR LINEAR LINEAR LINEAR LINEAR LINEAR
LINEAR LINEAR LINEAR LINEAR LINEAR LINEAR LINEAR LINEAR LINEAR LINEAR LINEAR LINEAR</Name_array>
     <technique_common>
      <accessor source="#jnt_right_handthumb4-Interpolations-array" count="23">
       <param type="name"></param>
      </accessor>
     </technique_common>
    </source>
    <sampler id="jnt_right_handthumb4-Matrix-animation-transform">
     <input semantic="INPUT" source="#jnt_right_handthumb4-Matrix-animation-input"></input>
     <input semantic="OUTPUT" source="#jnt_right_handthumb4-Matrix-animation-output-transform"></input>
     <input semantic="INTERPOLATION" source="#jnt_right_handthumb4-Interpolations"></input>
    </sampler>
    <channel source="#jnt_right_handthumb4-Matrix-animation-transform" target="jnt_right_handthumb4/matrix"></channel>
   </animation>
  </animation>
  <animation id="jnt_right_handindex1-anim" name="jnt_right_handindex1">
   <animation>
    <source id="jnt_right_handindex1-Matrix-animation-input">
     <float_array id="jnt_right_handindex1-Matrix-animation-input-array" count="23">

0.000000 0.033333 0.066667 0.100000 0.133333 0.166667 0.200000 0.233333 0.266667 0.300000 0.333333 0.366667 0.400000 0.433333 0.466667 0.500000
0.533333 0.566667 0.600000 0.633333 0.666667 0.700000 0.733333</float_array>
     <technique_common>
      <accessor source="#jnt_right_handindex1-Matrix-animation-input-array" count="23">
       <param name="TIME" type="float"></param>
      </accessor>
     </technique_common>
    </source>
    <source id="jnt_right_handindex1-Matrix-animation-output-transform">
     <float_array id="jnt_right_handindex1-Matrix-animation-output-transform-array" count="368">

0.773118 0.581355 -0.253605 0.494373 -0.340123 0.042510 -0.939420 0.203977 -0.535355 0.812539 0.230597 0.029845 0.000000 0.000000 0.000000 1.000000
0.773118 0.581355 -0.253605 0.494373 -0.340123 0.042509 -0.939420 0.203976 -0.535355 0.812539 0.230597 0.029845 0.000000 0.000000 0.000000 1.000000
0.773118 0.581355 -0.253605 0.494373 -0.340123 0.042509 -0.939420 0.203977 -0.535355 0.812539 0.230597 0.029844 0.000000 0.000000 0.000000 1.000000
0.773118 0.581355 -0.253605 0.494373 -0.340123 0.042510 -0.939420 0.203977 -0.535356 0.812539 0.230597 0.029845 0.000000 0.000000 0.000000 1.000000
0.773118 0.581355 -0.253605 0.494373 -0.340123 0.042509 -0.939420 0.203977 -0.535356 0.812539 0.230596 0.029845 0.000000 0.000000 0.000000 1.000000
0.773118 0.581355 -0.253605 0.494373 -0.340123 0.042510 -0.939420 0.203977 -0.535356 0.812539 0.230597 0.029845 0.000000 0.000000 0.000000 1.000000
0.773118 0.581355 -0.253605 0.494372 -0.340122 0.042509 -0.939420 0.203977 -0.535356 0.812539 0.230597 0.029845 0.000000 0.000000 0.000000 1.000000
0.773118 0.581355 -0.253605 0.494373 -0.340123 0.042509 -0.939420 0.203977 -0.535356 0.812539 0.230597 0.029845 0.000000 0.000000 0.000000 1.000000
0.773118 0.581355 -0.253605 0.494373 -0.340123 0.042509 -0.939420 0.203977 -0.535356 0.812539 0.230597 0.029845 0.000000 0.000000 0.000000 1.000000
0.773118 0.581355 -0.253605 0.494373 -0.340123 0.042510 -0.939420 0.203976 -0.535356 0.812539 0.230597 0.029844 0.000000 0.000000 0.000000 1.000000
0.773118 0.581355 -0.253605 0.494372 -0.340123 0.042509 -0.939420 0.203977 -0.535356 0.812539 0.230597 0.029845 0.000000 0.000000 0.000000 1.000000
0.773118 0.581355 -0.253605 0.494372 -0.340123 0.042509 -0.939420 0.203977 -0.535356 0.812539 0.230597 0.029845 0.000000 0.000000 0.000000 1.000000
0.773118 0.581355 -0.253605 0.494373 -0.340123 0.042510 -0.939420 0.203977 -0.535355 0.812539 0.230597 0.029845 0.000000 0.000000 0.000000 1.000000
0.773118 0.581355 -0.253605 0.494373 -0.340123 0.042510 -0.939420 0.203977 -0.535355 0.812539 0.230597 0.029845 0.000000 0.000000 0.000000 1.000000
0.773118 0.581355 -0.253605 0.494373 -0.340123 0.042510 -0.939420 0.203977 -0.535356 0.812539 0.230597 0.029845 0.000000 0.000000 0.000000 1.000000
0.773118 0.581355 -0.253605 0.494372 -0.340123 0.042510 -0.939420 0.203977 -0.535356 0.812539 0.230597 0.029845 0.000000 0.000000 0.000000 1.000000
0.773118 0.581355 -0.253605 0.494373 -0.340123 0.042510 -0.939420 0.203977 -0.535356 0.812539 0.230597 0.029845 0.000000 0.000000 0.000000 1.000000
0.773118 0.581355 -0.253605 0.494373 -0.340123 0.042510 -0.939420 0.203977 -0.535355 0.812539 0.230597 0.029845 0.000000 0.000000 0.000000 1.000000
0.773118 0.581355 -0.253605 0.494373 -0.340122 0.042510 -0.939420 0.203978 -0.535356 0.812539 0.230597 0.029845 0.000000 0.000000 0.000000 1.000000
0.773118 0.581355 -0.253605 0.494373 -0.340123 0.042510 -0.939420 0.203977 -0.535356 0.812539 0.230597 0.029845 0.000000 0.000000 0.000000 1.000000
0.773118 0.581355 -0.253605 0.494373 -0.340123 0.042509 -0.939420 0.203977 -0.535356 0.812539 0.230597 0.029845 0.000000 0.000000 0.000000 1.000000
0.773118 0.581355 -0.253605 0.494373 -0.340123 0.042509 -0.939420 0.203977 -0.535356 0.812539 0.230597 0.029845 0.000000 0.000000 0.000000 1.000000
0.773118 0.581355 -0.253605 0.494372 -0.340123 0.042510 -0.939420 0.203977 -0.535355 0.812539 0.230597 0.029845 0.000000 0.000000 0.000000 1.000000</float_array>
     <technique_common>
      <accessor source="#jnt_right_handindex1-Matrix-animation-output-transform-array" count="23" stride="16">
       <param type="float4x4"></param>
      </accessor>
     </technique_common>
    </source>
    <source id="jnt_right_handindex1-Interpolations">
     <Name_array id="jnt_right_handindex1-Interpolations-array" count="23">
 LINEAR LINEAR LINEAR LINEAR LINEAR LINEAR LINEAR LINEAR LINEAR LINEAR LINEAR
LINEAR LINEAR LINEAR LINEAR LINEAR LINEAR LINEAR LINEAR LINEAR LINEAR LINEAR LINEAR</Name_array>
     <technique_common>
      <accessor source="#jnt_right_handindex1-Interpolations-array" count="23">
       <param type="name"></param>
      </accessor>
     </technique_common>
    </source>
    <sampler id="jnt_right_handindex1-Matrix-animation-transform">
     <input semantic="INPUT" source="#jnt_right_handindex1-Matrix-animation-input"></input>
     <input semantic="OUTPUT" source="#jnt_right_handindex1-Matrix-animation-output-transform"></input>
     <input semantic="INTERPOLATION" source="#jnt_right_handindex1-Interpolations"></input>
    </sampler>
    <channel source="#jnt_right_handindex1-Matrix-animation-transform" target="jnt_right_handindex1/matrix"></channel>
   </animation>
  </animation>
  <animation id="jnt_right_handindex2-anim" name="jnt_right_handindex2">
   <animation>
    <source id="jnt_right_handindex2-Matrix-animation-input">
     <float_array id="jnt_right_handindex2-Matrix-animation-input-array" count="23">

0.000000 0.033333 0.066667 0.100000 0.133333 0.166667 0.200000 0.233333 0.266667 0.300000 0.333333 0.366667 0.400000 0.433333 0.466667 0.500000
0.533333 0.566667 0.600000 0.633333 0.666667 0.700000 0.733333</float_array>
     <technique_common>
      <accessor source="#jnt_right_handindex2-Matrix-animation-input-array" count="23">
       <param name="TIME" type="float"></param>
      </accessor>
     </technique_common>
    </source>
    <source id="jnt_right_handindex2-Matrix-animation-output-transform">
     <float_array id="jnt_right_handindex2-Matrix-animation-output-transform-array" count="368">

0.980654 0.195750 -0.000000 0.145440 -0.195750 0.980654 -0.000000 -0.001120 0.000000 0.000000 1.000000 -0.000039 0.000000 0.000000 0.000000 1.000000
0.980654 0.195750 -0.000000 0.145440 -0.195750 0.980654 -0.000000 -0.001121 0.000000 0.000000 1.000000 -0.000039 0.000000 0.000000 0.000000 1.000000
0.980654 0.195750 -0.000000 0.145440 -0.195750 0.980654 -0.000000 -0.001121 0.000000 0.000000 1.000000 -0.000040 0.000000 0.000000 0.000000 1.000000
0.980654 0.195750 -0.000000 0.145440 -0.195750 0.980654 -0.000000 -0.001121 0.000000 0.000000 1.000000 -0.000038 0.000000 0.000000 0.000000 1.000000
0.980654 0.195750 -0.000000 0.145439 -0.195750 0.980654 -0.000000 -0.001120 0.000000 0.000000 1.000000 -0.000040 0.000000 0.000000 0.000000 1.000000
0.980654 0.195750 -0.000000 0.145440 -0.195750 0.980654 -0.000000 -0.001121 0.000000 0.000000 1.000000 -0.000039 0.000000 0.000000 0.000000 1.000000
0.980654 0.195750 -0.000000 0.145440 -0.195750 0.980654 -0.000000 -0.001120 0.000000 0.000000 1.000000 -0.000040 0.000000 0.000000 0.000000 1.000000
0.980654 0.195750 -0.000000 0.145440 -0.195750 0.980654 -0.000000 -0.001121 0.000000 0.000000 1.000000 -0.000039 0.000000 0.000000 0.000000 1.000000
0.980654 0.195750 -0.000000 0.145441 -0.195750 0.980654 -0.000000 -0.001121 0.000000 0.000000 1.000000 -0.000038 0.000000 0.000000 0.000000 1.000000
0.980654 0.195750 -0.000000 0.145439 -0.195750 0.980654 -0.000000 -0.001121 0.000000 0.000000 1.000000 -0.000039 0.000000 0.000000 0.000000 1.000000
0.980654 0.195750 -0.000000 0.145440 -0.195750 0.980654 -0.000000 -0.001121 0.000000 0.000000 1.000000 -0.000039 0.000000 0.000000 0.000000 1.000000
0.980654 0.195750 -0.000000 0.145440 -0.195750 0.980654 -0.000000 -0.001121 0.000000 0.000000 1.000000 -0.000039 0.000000 0.000000 0.000000 1.000000
0.980654 0.195750 -0.000000 0.145440 -0.195750 0.980654 -0.000000 -0.001121 0.000000 0.000000 1.000000 -0.000039 0.000000 0.000000 0.000000 1.000000
0.980654 0.195750 -0.000000 0.145441 -0.195750 0.980654 -0.000000 -0.001121 0.000000 0.000000 1.000000 -0.000039 0.000000 0.000000 0.000000 1.000000
0.980654 0.195750 -0.000000 0.145440 -0.195750 0.980654 -0.000000 -0.001121 0.000000 0.000000 1.000000 -0.000039 0.000000 0.000000 0.000000 1.000000
0.980654 0.195750 -0.000000 0.145440 -0.195750 0.980654 -0.000000 -0.001120 0.000000 0.000000 1.000000 -0.000039 0.000000 0.000000 0.000000 1.000000
0.980654 0.195750 -0.000000 0.145441 -0.195750 0.980654 -0.000000 -0.001121 0.000000 0.000000 1.000000 -0.000039 0.000000 0.000000 0.000000 1.000000
0.980654 0.195750 -0.000000 0.145440 -0.195750 0.980654 -0.000000 -0.001120 0.000000 0.000000 1.000000 -0.000039 0.000000 0.000000 0.000000 1.000000
0.980654 0.195750 -0.000000 0.145440 -0.195750 0.980654 -0.000000 -0.001120 0.000000 0.000000 1.000000 -0.000039 0.000000 0.000000 0.000000 1.000000
0.980654 0.195750 -0.000000 0.145441 -0.195750 0.980654 -0.000000 -0.001121 0.000000 0.000000 1.000000 -0.000039 0.000000 0.000000 0.000000 1.000000
0.980654 0.195750 -0.000000 0.145441 -0.195750 0.980654 -0.000000 -0.001121 0.000000 0.000000 1.000000 -0.000039 0.000000 0.000000 0.000000 1.000000
0.980654 0.195750 -0.000000 0.145439 -0.195750 0.980654 -0.000000 -0.001121 0.000000 0.000000 1.000000 -0.000039 0.000000 0.000000 0.000000 1.000000
0.980654 0.195750 -0.000000 0.145440 -0.195750 0.980654 -0.000000 -0.001121 0.000000 0.000000 1.000000 -0.000039 0.000000 0.000000 0.000000 1.000000</float_array>
     <technique_common>
      <accessor source="#jnt_right_handindex2-Matrix-animation-output-transform-array" count="23" stride="16">
       <param type="float4x4"></param>
      </accessor>
     </technique_common>
    </source>
    <source id="jnt_right_handindex2-Interpolations">
     <Name_array id="jnt_right_handindex2-Interpolations-array" count="23">
 LINEAR LINEAR LINEAR LINEAR LINEAR LINEAR LINEAR LINEAR LINEAR LINEAR LINEAR
LINEAR LINEAR LINEAR LINEAR LINEAR LINEAR LINEAR LINEAR LINEAR LINEAR LINEAR LINEAR</Name_array>
     <technique_common>
      <accessor source="#jnt_right_handindex2-Interpolations-array" count="23">
       <param type="name"></param>
      </accessor>
     </technique_common>
    </source>
    <sampler id="jnt_right_handindex2-Matrix-animation-transform">
     <input semantic="INPUT" source="#jnt_right_handindex2-Matrix-animation-input"></input>
     <input semantic="OUTPUT" source="#jnt_right_handindex2-Matrix-animation-output-transform"></input>
     <input semantic="INTERPOLATION" source="#jnt_right_handindex2-Interpolations"></input>
    </sampler>
    <channel source="#jnt_right_handindex2-Matrix-animation-transform" target="jnt_right_handindex2/matrix"></channel>
   </animation>
  </animation>
  <animation id="jnt_right_handindex3-anim" name="jnt_right_handindex3">
   <animation>
    <source id="jnt_right_handindex3-Matrix-animation-input">
     <float_array id="jnt_right_handindex3-Matrix-animation-input-array" count="23">

0.000000 0.033333 0.066667 0.100000 0.133333 0.166667 0.200000 0.233333 0.266667 0.300000 0.333333 0.366667 0.400000 0.433333 0.466667 0.500000
0.533333 0.566667 0.600000 0.633333 0.666667 0.700000 0.733333</float_array>
     <technique_common>
      <accessor source="#jnt_right_handindex3-Matrix-animation-input-array" count="23">
       <param name="TIME" type="float"></param>
      </accessor>
     </technique_common>
    </source>
    <source id="jnt_right_handindex3-Matrix-animation-output-transform">
     <float_array id="jnt_right_handindex3-Matrix-animation-output-transform-array" count="368">

0.999666 0.025823 -0.000000 0.093745 -0.025823 0.999667 0.000000 0.000000 0.000000 -0.000000 1.000000 0.000000 0.000000 0.000000 0.000000 1.000000
0.999667 0.025823 -0.000000 0.093747 -0.025823 0.999667 0.000000 0.000000 0.000000 -0.000000 1.000000 0.000000 0.000000 0.000000 0.000000 1.000000
0.999667 0.025823 -0.000000 0.093746 -0.025823 0.999667 0.000000 0.000000 0.000000 -0.000000 1.000000 0.000000 0.000000 0.000000 0.000000 1.000000
0.999667 0.025823 -0.000000 0.093746 -0.025823 0.999667 0.000000 0.000000 0.000000 -0.000000 1.000000 -0.000000 0.000000 0.000000 0.000000 1.000000
0.999667 0.025823 -0.000000 0.093746 -0.025823 0.999667 0.000000 0.000000 0.000000 -0.000000 1.000000 -0.000000 0.000000 0.000000 0.000000 1.000000
0.999666 0.025823 -0.000000 0.093745 -0.025823 0.999667 0.000000 0.000001 0.000000 -0.000000 1.000000 -0.000000 0.000000 0.000000 0.000000 1.000000
0.999666 0.025823 -0.000000 0.093746 -0.025823 0.999667 0.000000 0.000000 0.000000 -0.000000 1.000000 -0.000000 0.000000 0.000000 0.000000 1.000000
0.999666 0.025823 -0.000000 0.093746 -0.025823 0.999667 0.000000 0.000000 0.000000 -0.000000 1.000000 0.000001 0.000000 0.000000 0.000000 1.000000
0.999667 0.025823 -0.000000 0.093746 -0.025823 0.999667 0.000000 0.000000 0.000000 -0.000000 1.000000 -0.000000 0.000000 0.000000 0.000000 1.000000
0.999667 0.025823 -0.000000 0.093746 -0.025823 0.999667 0.000000 0.000000 0.000000 -0.000000 1.000000 -0.000000 0.000000 0.000000 0.000000 1.000000
0.999667 0.025823 -0.000000 0.093747 -0.025823 0.999667 0.000000 0.000000 0.000000 -0.000000 1.000000 -0.000001 0.000000 0.000000 0.000000 1.000000
0.999667 0.025823 -0.000000 0.093746 -0.025823 0.999667 0.000000 -0.000000 0.000000 -0.000000 1.000000 -0.000001 0.000000 0.000000 0.000000 1.000000
0.999667 0.025823 -0.000000 0.093746 -0.025823 0.999667 0.000000 -0.000000 0.000000 -0.000000 1.000000 -0.000000 0.000000 0.000000 0.000000 1.000000
0.999667 0.025823 -0.000000 0.093747 -0.025823 0.999667 0.000000 0.000000 0.000000 -0.000000 1.000000 -0.000001 0.000000 0.000000 0.000000 1.000000
0.999666 0.025823 -0.000000 0.093746 -0.025823 0.999666 0.000000 -0.000000 0.000000 -0.000000 1.000000 -0.000000 0.000000 0.000000 0.000000 1.000000
0.999667 0.025823 -0.000000 0.093746 -0.025823 0.999667 0.000000 0.000000 0.000000 -0.000000 1.000000 -0.000000 0.000000 0.000000 0.000000 1.000000
0.999667 0.025823 -0.000000 0.093747 -0.025823 0.999667 0.000000 0.000000 0.000000 -0.000000 1.000000 -0.000000 0.000000 0.000000 0.000000 1.000000
0.999667 0.025823 -0.000000 0.093747 -0.025823 0.999667 0.000000 0.000000 0.000000 -0.000000 1.000000 0.000001 0.000000 0.000000 0.000000 1.000000
0.999667 0.025823 -0.000000 0.093746 -0.025823 0.999667 0.000000 0.000000 0.000000 -0.000000 1.000000 0.000000 0.000000 0.000000 0.000000 1.000000
0.999667 0.025823 -0.000000 0.093746 -0.025823 0.999667 0.000000 0.000000 0.000000 -0.000000 1.000000 0.000000 0.000000 0.000000 0.000000 1.000000
0.999667 0.025823 -0.000000 0.093746 -0.025823 0.999667 0.000000 0.000000 0.000000 -0.000000 1.000000 0.000000 0.000000 0.000000 0.000000 1.000000
0.999666 0.025823 -0.000000 0.093745 -0.025823 0.999667 0.000000 0.000000 0.000000 -0.000000 1.000000 0.000000 0.000000 0.000000 0.000000 1.000000
0.999667 0.025823 -0.000000 0.093746 -0.025823 0.999667 0.000000 0.000000 0.000000 -0.000000 1.000000 -0.000000 0.000000 0.000000 0.000000 1.000000</float_array>
     <technique_common>
      <accessor source="#jnt_right_handindex3-Matrix-animation-output-transform-array" count="23" stride="16">
       <param type="float4x4"></param>
      </accessor>
     </technique_common>
    </source>
    <source id="jnt_right_handindex3-Interpolations">
     <Name_array id="jnt_right_handindex3-Interpolations-array" count="23">
 LINEAR LINEAR LINEAR LINEAR LINEAR LINEAR LINEAR LINEAR LINEAR LINEAR LINEAR
LINEAR LINEAR LINEAR LINEAR LINEAR LINEAR LINEAR LINEAR LINEAR LINEAR LINEAR LINEAR</Name_array>
     <technique_common>
      <accessor source="#jnt_right_handindex3-Interpolations-array" count="23">
       <param type="name"></param>
      </accessor>
     </technique_common>
    </source>
    <sampler id="jnt_right_handindex3-Matrix-animation-transform">
     <input semantic="INPUT" source="#jnt_right_handindex3-Matrix-animation-input"></input>
     <input semantic="OUTPUT" source="#jnt_right_handindex3-Matrix-animation-output-transform"></input>
     <input semantic="INTERPOLATION" source="#jnt_right_handindex3-Interpolations"></input>
    </sampler>
    <channel source="#jnt_right_handindex3-Matrix-animation-transform" target="jnt_right_handindex3/matrix"></channel>
   </animation>
  </animation>
  <animation id="jnt_right_handindex4-anim" name="jnt_right_handindex4">
   <animation>
    <source id="jnt_right_handindex4-Matrix-animation-input">
     <float_array id="jnt_right_handindex4-Matrix-animation-input-array" count="23">

0.000000 0.033333 0.066667 0.100000 0.133333 0.166667 0.200000 0.233333 0.266667 0.300000 0.333333 0.366667 0.400000 0.433333 0.466667 0.500000
0.533333 0.566667 0.600000 0.633333 0.666667 0.700000 0.733333</float_array>
     <technique_common>
      <accessor source="#jnt_right_handindex4-Matrix-animation-input-array" count="23">
       <param name="TIME" type="float"></param>
      </accessor>
     </technique_common>
    </source>
    <source id="jnt_right_handindex4-Matrix-animation-output-transform">
     <float_array id="jnt_right_handindex4-Matrix-animation-output-transform-array" count="368">

1.000000 0.000000 -0.000000 0.107088 -0.000000 1.000000 -0.000000 -0.000052 0.000000 0.000000 1.000000 0.001503 0.000000 0.000000 0.000000 1.000000
1.000000 -0.000000 0.000000 0.107088 0.000000 1.000000 -0.000000 -0.000052 -0.000000 0.000000 1.000000 0.001503 0.000000 0.000000 0.000000 1.000000
1.000000 0.000000 0.000000 0.107088 -0.000000 1.000000 -0.000000 -0.000052 -0.000000 0.000000 1.000000 0.001503 0.000000 0.000000 0.000000 1.000000
1.000000 -0.000000 -0.000000 0.107088 0.000000 1.000000 -0.000000 -0.000052 0.000000 0.000000 1.000000 0.001503 0.000000 0.000000 0.000000 1.000000
1.000000 -0.000000 0.000000 0.107088 0.000000 1.000000 -0.000000 -0.000052 -0.000000 0.000000 1.000000 0.001503 0.000000 0.000000 0.000000 1.000000
1.000000 -0.000000 0.000000 0.107088 0.000000 1.000000 -0.000000 -0.000052 -0.000000 0.000000 1.000000 0.001503 0.000000 0.000000 0.000000 1.000000
1.000000 0.000000 -0.000000 0.107088 -0.000000 1.000000 -0.000000 -0.000052 0.000000 0.000000 1.000000 0.001503 0.000000 0.000000 0.000000 1.000000
1.000000 -0.000000 0.000000 0.107088 0.000000 1.000000 -0.000000 -0.000052 -0.000000 0.000000 1.000000 0.001503 0.000000 0.000000 0.000000 1.000000
1.000000 0.000000 0.000000 0.107088 -0.000000 1.000000 0.000000 -0.000052 -0.000000 -0.000000 1.000000 0.001503 0.000000 0.000000 0.000000 1.000000
1.000000 0.000000 0.000000 0.107088 -0.000000 1.000000 -0.000000 -0.000052 -0.000000 0.000000 1.000000 0.001503 0.000000 0.000000 0.000000 1.000000
1.000000 0.000000 0.000000 0.107088 -0.000000 1.000000 0.000000 -0.000052 -0.000000 -0.000000 1.000000 0.001503 0.000000 0.000000 0.000000 1.000000
1.000000 0.000000 0.000000 0.107088 -0.000000 1.000000 -0.000000 -0.000052 -0.000000 0.000000 1.000000 0.001503 0.000000 0.000000 0.000000 1.000000
1.000000 0.000000 0.000000 0.107088 -0.000000 1.000000 0.000000 -0.000052 0.000000 -0.000000 1.000000 0.001503 0.000000 0.000000 0.000000 1.000000
1.000000 0.000000 -0.000000 0.107088 -0.000000 1.000000 -0.000000 -0.000052 0.000000 0.000000 1.000000 0.001503 0.000000 0.000000 0.000000 1.000000
1.000000 -0.000000 0.000000 0.107088 0.000000 1.000000 -0.000000 -0.000052 -0.000000 0.000000 1.000000 0.001503 0.000000 0.000000 0.000000 1.000000
1.000000 0.000000 -0.000000 0.107088 -0.000000 1.000000 -0.000000 -0.000052 0.000000 0.000000 1.000000 0.001503 0.000000 0.000000 0.000000 1.000000
1.000000 0.000000 -0.000000 0.107088 -0.000000 1.000000 -0.000000 -0.000052 0.000000 0.000000 1.000000 0.001503 0.000000 0.000000 0.000000 1.000000
1.000000 0.000000 -0.000000 0.107088 -0.000000 1.000000 0.000000 -0.000052 0.000000 -0.000000 1.000000 0.001503 0.000000 0.000000 0.000000 1.000000
1.000000 -0.000000 0.000000 0.107088 0.000000 1.000000 -0.000000 -0.000052 -0.000000 0.000000 1.000000 0.001503 0.000000 0.000000 0.000000 1.000000
1.000000 -0.000000 -0.000000 0.107088 0.000000 1.000000 0.000000 -0.000052 0.000000 -0.000000 1.000000 0.001503 0.000000 0.000000 0.000000 1.000000
1.000000 0.000000 -0.000000 0.107088 -0.000000 1.000000 -0.000000 -0.000052 0.000000 0.000000 1.000000 0.001503 0.000000 0.000000 0.000000 1.000000
1.000000 -0.000000 0.000000 0.107088 0.000000 1.000000 -0.000000 -0.000052 -0.000000 0.000000 1.000000 0.001503 0.000000 0.000000 0.000000 1.000000
1.000000 0.000000 0.000000 0.107088 -0.000000 1.000000 0.000000 -0.000052 -0.000000 -0.000000 1.000000 0.001503 0.000000 0.000000 0.000000 1.000000</float_array>
     <technique_common>
      <accessor source="#jnt_right_handindex4-Matrix-animation-output-transform-array" count="23" stride="16">
       <param type="float4x4"></param>
      </accessor>
     </technique_common>
    </source>
    <source id="jnt_right_handindex4-Interpolations">
     <Name_array id="jnt_right_handindex4-Interpolations-array" count="23">
 LINEAR LINEAR LINEAR LINEAR LINEAR LINEAR LINEAR LINEAR LINEAR LINEAR LINEAR
LINEAR LINEAR LINEAR LINEAR LINEAR LINEAR LINEAR LINEAR LINEAR LINEAR LINEAR LINEAR</Name_array>
     <technique_common>
      <accessor source="#jnt_right_handindex4-Interpolations-array" count="23">
       <param type="name"></param>
      </accessor>
     </technique_common>
    </source>
    <sampler id="jnt_right_handindex4-Matrix-animation-transform">
     <input semantic="INPUT" source="#jnt_right_handindex4-Matrix-animation-input"></input>
     <input semantic="OUTPUT" source="#jnt_right_handindex4-Matrix-animation-output-transform"></input>
     <input semantic="INTERPOLATION" source="#jnt_right_handindex4-Interpolations"></input>
    </sampler>
    <channel source="#jnt_right_handindex4-Matrix-animation-transform" target="jnt_right_handindex4/matrix"></channel>
   </animation>
  </animation>
  <animation id="jnt_right_weapon-anim" name="jnt_right_weapon">
   <animation>
    <source id="jnt_right_weapon-Matrix-animation-input">
     <float_array id="jnt_right_weapon-Matrix-animation-input-array" count="23">

0.000000 0.033333 0.066667 0.100000 0.133333 0.166667 0.200000 0.233333 0.266667 0.300000 0.333333 0.366667 0.400000 0.433333 0.466667 0.500000
0.533333 0.566667 0.600000 0.633333 0.666667 0.700000 0.733333</float_array>
     <technique_common>
      <accessor source="#jnt_right_weapon-Matrix-animation-input-array" count="23">
       <param name="TIME" type="float"></param>
      </accessor>
     </technique_common>
    </source>
    <source id="jnt_right_weapon-Matrix-animation-output-transform">
     <float_array id="jnt_right_weapon-Matrix-animation-output-transform-array" count="368">

-0.236786 -0.111367 0.965158 0.408330 0.102326 0.985025 0.138763 0.002724 -0.966158 0.131617 -0.221844 -0.174393 0.000000 0.000000 0.000000 1.000000
-0.236786 -0.111367 0.965158 0.408330 0.102326 0.985025 0.138763 0.002724 -0.966158 0.131617 -0.221845 -0.174393 0.000000 0.000000 0.000000 1.000000
-0.236786 -0.111367 0.965158 0.408330 0.102326 0.985025 0.138763 0.002724 -0.966158 0.131617 -0.221844 -0.174393 0.000000 0.000000 0.000000 1.000000
-0.236786 -0.111367 0.965158 0.408330 0.102326 0.985025 0.138763 0.002724 -0.966158 0.131617 -0.221844 -0.174393 0.000000 0.000000 0.000000 1.000000
-0.236786 -0.111367 0.965158 0.408330 0.102326 0.985025 0.138763 0.002724 -0.966158 0.131617 -0.221844 -0.174393 0.000000 0.000000 0.000000 1.000000
-0.236786 -0.111367 0.965158 0.408330 0.102326 0.985025 0.138763 0.002724 -0.966158 0.131617 -0.221844 -0.174393 0.000000 0.000000 0.000000 1.000000
-0.236786 -0.111367 0.965158 0.408330 0.102326 0.985025 0.138763 0.002724 -0.966158 0.131617 -0.221844 -0.174393 0.000000 0.000000 0.000000 1.000000
-0.236786 -0.111367 0.965158 0.408330 0.102326 0.985025 0.138763 0.002724 -0.966158 0.131617 -0.221844 -0.174393 0.000000 0.000000 0.000000 1.000000
-0.236786 -0.111367 0.965158 0.408330 0.102326 0.985025 0.138763 0.002723 -0.966158 0.131617 -0.221844 -0.174393 0.000000 0.000000 0.000000 1.000000
-0.236786 -0.111367 0.965158 0.408330 0.102326 0.985025 0.138763 0.002724 -0.966158 0.131617 -0.221844 -0.174393 0.000000 0.000000 0.000000 1.000000
-0.236786 -0.111367 0.965158 0.408330 0.102326 0.985025 0.138763 0.002725 -0.966158 0.131617 -0.221844 -0.174393 0.000000 0.000000 0.000000 1.000000
-0.236786 -0.111367 0.965158 0.408330 0.102326 0.985025 0.138763 0.002724 -0.966158 0.131617 -0.221844 -0.174393 0.000000 0.000000 0.000000 1.000000
-0.236786 -0.111367 0.965158 0.408330 0.102326 0.985025 0.138763 0.002724 -0.966158 0.131617 -0.221844 -0.174393 0.000000 0.000000 0.000000 1.000000
-0.236786 -0.111367 0.965158 0.408330 0.102326 0.985025 0.138763 0.002724 -0.966158 0.131617 -0.221844 -0.174393 0.000000 0.000000 0.000000 1.000000
-0.236786 -0.111367 0.965158 0.408330 0.102325 0.985025 0.138763 0.002724 -0.966158 0.131617 -0.221844 -0.174393 0.000000 0.000000 0.000000 1.000000
-0.236786 -0.111367 0.965158 0.408330 0.102326 0.985025 0.138763 0.002724 -0.966158 0.131617 -0.221844 -0.174393 0.000000 0.000000 0.000000 1.000000
-0.236786 -0.111367 0.965158 0.408330 0.102326 0.985025 0.138763 0.002724 -0.966158 0.131617 -0.221844 -0.174393 0.000000 0.000000 0.000000 1.000000
-0.236786 -0.111367 0.965158 0.408330 0.102326 0.985025 0.138763 0.002725 -0.966158 0.131617 -0.221844 -0.174393 0.000000 0.000000 0.000000 1.000000
-0.236786 -0.111367 0.965158 0.408330 0.102326 0.985025 0.138763 0.002724 -0.966158 0.131617 -0.221844 -0.174393 0.000000 0.000000 0.000000 1.000000
-0.236786 -0.111367 0.965158 0.408330 0.102326 0.985025 0.138763 0.002724 -0.966158 0.131617 -0.221844 -0.174393 0.000000 0.000000 0.000000 1.000000
-0.236786 -0.111367 0.965158 0.408330 0.102326 0.985025 0.138763 0.002724 -0.966158 0.131617 -0.221844 -0.174393 0.000000 0.000000 0.000000 1.000000
-0.236786 -0.111367 0.965158 0.408330 0.102326 0.985025 0.138763 0.002724 -0.966158 0.131617 -0.221844 -0.174393 0.000000 0.000000 0.000000 1.000000
-0.236786 -0.111367 0.965158 0.408330 0.102326 0.985025 0.138763 0.002724 -0.966158 0.131617 -0.221845 -0.174393 0.000000 0.000000 0.000000 1.000000</float_array>
     <technique_common>
      <accessor source="#jnt_right_weapon-Matrix-animation-output-transform-array" count="23" stride="16">
       <param type="float4x4"></param>
      </accessor>
     </technique_common>
    </source>
    <source id="jnt_right_weapon-Interpolations">
     <Name_array id="jnt_right_weapon-Interpolations-array" count="23">
 LINEAR LINEAR LINEAR LINEAR LINEAR LINEAR LINEAR LINEAR LINEAR LINEAR LINEAR
LINEAR LINEAR LINEAR LINEAR LINEAR LINEAR LINEAR LINEAR LINEAR LINEAR LINEAR LINEAR</Name_array>
     <technique_common>
      <accessor source="#jnt_right_weapon-Interpolations-array" count="23">
       <param type="name"></param>
      </accessor>
     </technique_common>
    </source>
    <sampler id="jnt_right_weapon-Matrix-animation-transform">
     <input semantic="INPUT" source="#jnt_right_weapon-Matrix-animation-input"></input>
     <input semantic="OUTPUT" source="#jnt_right_weapon-Matrix-animation-output-transform"></input>
     <input semantic="INTERPOLATION" source="#jnt_right_weapon-Interpolations"></input>
    </sampler>
    <channel source="#jnt_right_weapon-Matrix-animation-transform" target="jnt_right_weapon/matrix"></channel>
   </animation>
  </animation>
  <animation id="jnt_right_handmiddle1-anim" name="jnt_right_handmiddle1">
   <animation>
    <source id="jnt_right_handmiddle1-Matrix-animation-input">
     <float_array id="jnt_right_handmiddle1-Matrix-animation-input-array" count="23">

0.000000 0.033333 0.066667 0.100000 0.133333 0.166667 0.200000 0.233333 0.266667 0.300000 0.333333 0.366667 0.400000 0.433333 0.466667 0.500000
0.533333 0.566667 0.600000 0.633333 0.666667 0.700000 0.733333</float_array>
     <technique_common>
      <accessor source="#jnt_right_handmiddle1-Matrix-animation-input-array" count="23">
       <param name="TIME" type="float"></param>
      </accessor>
     </technique_common>
    </source>
    <source id="jnt_right_handmiddle1-Matrix-animation-output-transform">
     <float_array id="jnt_right_handmiddle1-Matrix-animation-output-transform-array" count="368">

0.368560 0.925868 -0.083257 0.489245 -0.066291 -0.063157 -0.995800 0.062066 -0.927237 0.372531 0.038099 0.036303 0.000000 0.000000 0.000000 1.000000
0.368560 0.925868 -0.083257 0.489245 -0.066291 -0.063157 -0.995799 0.062066 -0.927237 0.372531 0.038099 0.036303 0.000000 0.000000 0.000000 1.000000
0.368560 0.925868 -0.083257 0.489245 -0.066291 -0.063157 -0.995800 0.062066 -0.927237 0.372531 0.038099 0.036303 0.000000 0.000000 0.000000 1.000000
0.368560 0.925868 -0.083257 0.489245 -0.066291 -0.063157 -0.995799 0.062065 -0.927237 0.372531 0.038099 0.036303 0.000000 0.000000 0.000000 1.000000
0.368560 0.925868 -0.083257 0.489245 -0.066290 -0.063157 -0.995800 0.062066 -0.927237 0.372531 0.038099 0.036303 0.000000 0.000000 0.000000 1.000000
0.368560 0.925868 -0.083256 0.489245 -0.066291 -0.063157 -0.995800 0.062066 -0.927237 0.372531 0.038099 0.036303 0.000000 0.000000 0.000000 1.000000
0.368560 0.925868 -0.083257 0.489245 -0.066291 -0.063157 -0.995799 0.062067 -0.927237 0.372531 0.038099 0.036303 0.000000 0.000000 0.000000 1.000000
0.368560 0.925868 -0.083257 0.489245 -0.066291 -0.063157 -0.995799 0.062066 -0.927237 0.372531 0.038099 0.036303 0.000000 0.000000 0.000000 1.000000
0.368560 0.925868 -0.083257 0.489245 -0.066291 -0.063157 -0.995800 0.062065 -0.927237 0.372531 0.038099 0.036303 0.000000 0.000000 0.000000 1.000000
0.368560 0.925868 -0.083257 0.489245 -0.066290 -0.063157 -0.995800 0.062066 -0.927237 0.372531 0.038099 0.036303 0.000000 0.000000 0.000000 1.000000
0.368560 0.925868 -0.083256 0.489245 -0.066291 -0.063156 -0.995799 0.062067 -0.927237 0.372531 0.038099 0.036303 0.000000 0.000000 0.000000 1.000000
0.368560 0.925868 -0.083257 0.489245 -0.066291 -0.063157 -0.995800 0.062065 -0.927237 0.372531 0.038099 0.036303 0.000000 0.000000 0.000000 1.000000
0.368560 0.925868 -0.083256 0.489245 -0.066291 -0.063157 -0.995800 0.062065 -0.927237 0.372531 0.038099 0.036303 0.000000 0.000000 0.000000 1.000000
0.368560 0.925868 -0.083256 0.489245 -0.066291 -0.063156 -0.995799 0.062066 -0.927237 0.372531 0.038099 0.036303 0.000000 0.000000 0.000000 1.000000
0.368560 0.925868 -0.083256 0.489245 -0.066291 -0.063157 -0.995799 0.062066 -0.927237 0.372531 0.038099 0.036303 0.000000 0.000000 0.000000 1.000000
0.368560 0.925868 -0.083257 0.489245 -0.066291 -0.063157 -0.995799 0.062066 -0.927237 0.372531 0.038099 0.036303 0.000000 0.000000 0.000000 1.000000
0.368560 0.925868 -0.083257 0.489245 -0.066291 -0.063157 -0.995799 0.062066 -0.927237 0.372531 0.038099 0.036303 0.000000 0.000000 0.000000 1.000000
0.368560 0.925868 -0.083256 0.489245 -0.066291 -0.063157 -0.995799 0.062066 -0.927237 0.372531 0.038099 0.036303 0.000000 0.000000 0.000000 1.000000
0.368560 0.925868 -0.083256 0.489245 -0.066291 -0.063157 -0.995799 0.062066 -0.927237 0.372531 0.038099 0.036303 0.000000 0.000000 0.000000 1.000000
0.368560 0.925868 -0.083257 0.489245 -0.066291 -0.063157 -0.995799 0.062066 -0.927237 0.372531 0.038099 0.036303 0.000000 0.000000 0.000000 1.000000
0.368560 0.925868 -0.083257 0.489245 -0.066290 -0.063157 -0.995800 0.062065 -0.927237 0.372531 0.038099 0.036302 0.000000 0.000000 0.000000 1.000000
0.368560 0.925868 -0.083256 0.489245 -0.066290 -0.063157 -0.995799 0.062066 -0.927237 0.372531 0.038099 0.036303 0.000000 0.000000 0.000000 1.000000
0.368560 0.925868 -0.083257 0.489245 -0.066291 -0.063157 -0.995800 0.062066 -0.927237 0.372531 0.038099 0.036303 0.000000 0.000000 0.000000 1.000000</float_array>
     <technique_common>
      <accessor source="#jnt_right_handmiddle1-Matrix-animation-output-transform-array" count="23" stride="16">
       <param type="float4x4"></param>
      </accessor>
     </technique_common>
    </source>
    <source id="jnt_right_handmiddle1-Interpolations">
     <Name_array id="jnt_right_handmiddle1-Interpolations-array" count="23">
 LINEAR LINEAR LINEAR LINEAR LINEAR LINEAR LINEAR LINEAR LINEAR LINEAR LINEAR
LINEAR LINEAR LINEAR LINEAR LINEAR LINEAR LINEAR LINEAR LINEAR LINEAR LINEAR LINEAR</Name_array>
     <technique_common>
      <accessor source="#jnt_right_handmiddle1-Interpolations-array" count="23">
       <param type="name"></param>
      </accessor>
     </technique_common>
    </source>
    <sampler id="jnt_right_handmiddle1-Matrix-animation-transform">
     <input semantic="INPUT" source="#jnt_right_handmiddle1-Matrix-animation-input"></input>
     <input semantic="OUTPUT" source="#jnt_right_handmiddle1-Matrix-animation-output-transform"></input>
     <input semantic="INTERPOLATION" source="#jnt_right_handmiddle1-Interpolations"></input>
    </sampler>
    <channel source="#jnt_right_handmiddle1-Matrix-animation-transform" target="jnt_right_handmiddle1/matrix"></channel>
   </animation>
  </animation>
  <animation id="jnt_right_handmiddle2-anim" name="jnt_right_handmiddle2">
   <animation>
    <source id="jnt_right_handmiddle2-Matrix-animation-input">
     <float_array id="jnt_right_handmiddle2-Matrix-animation-input-array" count="23">

0.000000 0.033333 0.066667 0.100000 0.133333 0.166667 0.200000 0.233333 0.266667 0.300000 0.333333 0.366667 0.400000 0.433333 0.466667 0.500000
0.533333 0.566667 0.600000 0.633333 0.666667 0.700000 0.733333</float_array>
     <technique_common>
      <accessor source="#jnt_right_handmiddle2-Matrix-animation-input-array" count="23">
       <param name="TIME" type="float"></param>
      </accessor>
     </technique_common>
    </source>
    <source id="jnt_right_handmiddle2-Matrix-animation-output-transform">
     <float_array id="jnt_right_handmiddle2-Matrix-animation-output-transform-array" count="368">

0.739923 0.672691 -0.000000 0.176685 -0.672691 0.739923 -0.000000 0.000001 0.000000 0.000000 1.000000 -0.000000 0.000000 0.000000 0.000000 1.000000
0.739923 0.672691 -0.000000 0.176685 -0.672691 0.739923 -0.000000 0.000001 0.000000 0.000000 1.000000 0.000000 0.000000 0.000000 0.000000 1.000000
0.739923 0.672692 -0.000000 0.176685 -0.672691 0.739923 -0.000000 0.000000 0.000000 0.000000 1.000000 0.000001 0.000000 0.000000 0.000000 1.000000
0.739923 0.672691 -0.000000 0.176685 -0.672692 0.739923 -0.000000 0.000001 0.000000 0.000000 1.000000 -0.000001 0.000000 0.000000 0.000000 1.000000
0.739923 0.672691 -0.000000 0.176685 -0.672692 0.739923 -0.000000 0.000000 0.000000 0.000000 1.000000 -0.000000 0.000000 0.000000 0.000000 1.000000
0.739923 0.672691 -0.000000 0.176685 -0.672691 0.739923 -0.000000 0.000001 0.000000 0.000000 1.000000 -0.000001 0.000000 0.000000 0.000000 1.000000
0.739923 0.672691 -0.000000 0.176685 -0.672691 0.739923 -0.000000 0.000001 0.000000 0.000000 1.000000 0.000001 0.000000 0.000000 0.000000 1.000000
0.739923 0.672691 -0.000000 0.176685 -0.672691 0.739923 -0.000000 0.000001 0.000000 0.000000 1.000000 0.000000 0.000000 0.000000 0.000000 1.000000
0.739923 0.672691 -0.000000 0.176685 -0.672691 0.739923 -0.000000 0.000001 0.000000 0.000000 1.000000 0.000001 0.000000 0.000000 0.000000 1.000000
0.739923 0.672691 -0.000000 0.176685 -0.672691 0.739923 -0.000000 0.000001 0.000000 0.000000 1.000000 0.000000 0.000000 0.000000 0.000000 1.000000
0.739923 0.672691 -0.000000 0.176685 -0.672691 0.739923 -0.000000 0.000000 0.000000 0.000000 1.000000 0.000001 0.000000 0.000000 0.000000 1.000000
0.739923 0.672692 -0.000000 0.176685 -0.672691 0.739923 -0.000000 0.000000 0.000000 0.000000 1.000000 -0.000001 0.000000 0.000000 0.000000 1.000000
0.739923 0.672691 -0.000000 0.176685 -0.672691 0.739923 -0.000000 0.000001 0.000000 0.000000 1.000000 0.000001 0.000000 0.000000 0.000000 1.000000
0.739923 0.672691 -0.000000 0.176685 -0.672691 0.739923 -0.000000 0.000000 0.000000 0.000000 1.000000 0.000001 0.000000 0.000000 0.000000 1.000000
0.739923 0.672691 -0.000000 0.176685 -0.672691 0.739923 -0.000000 0.000000 0.000000 0.000000 1.000000 0.000001 0.000000 0.000000 0.000000 1.000000
0.739923 0.672691 -0.000000 0.176685 -0.672691 0.739923 -0.000000 0.000000 0.000000 0.000000 1.000000 0.000001 0.000000 0.000000 0.000000 1.000000
0.739923 0.672691 -0.000000 0.176685 -0.672691 0.739923 -0.000000 0.000000 0.000000 0.000000 1.000000 -0.000000 0.000000 0.000000 0.000000 1.000000
0.739923 0.672691 -0.000000 0.176685 -0.672691 0.739923 -0.000000 0.000001 0.000000 0.000000 1.000000 0.000001 0.000000 0.000000 0.000000 1.000000
0.739923 0.672691 -0.000000 0.176685 -0.672691 0.739923 -0.000000 0.000001 0.000000 0.000000 1.000000 0.000000 0.000000 0.000000 0.000000 1.000000
0.739923 0.672691 -0.000000 0.176685 -0.672691 0.739923 -0.000000 0.000001 0.000000 0.000000 1.000000 0.000001 0.000000 0.000000 0.000000 1.000000
0.739923 0.672691 -0.000000 0.176685 -0.672691 0.739923 -0.000000 0.000000 0.000000 0.000000 1.000000 0.000001 0.000000 0.000000 0.000000 1.000000
0.739923 0.672691 -0.000000 0.176685 -0.672692 0.739923 -0.000000 0.000001 0.000000 0.000000 1.000000 -0.000001 0.000000 0.000000 0.000000 1.000000
0.739923 0.672691 -0.000000 0.176685 -0.672692 0.739923 -0.000000 0.000000 0.000000 0.000000 1.000000 -0.000001 0.000000 0.000000 0.000000 1.000000</float_array>
     <technique_common>
      <accessor source="#jnt_right_handmiddle2-Matrix-animation-output-transform-array" count="23" stride="16">
       <param type="float4x4"></param>
      </accessor>
     </technique_common>
    </source>
    <source id="jnt_right_handmiddle2-Interpolations">
     <Name_array id="jnt_right_handmiddle2-Interpolations-array" count="23">
 LINEAR LINEAR LINEAR LINEAR LINEAR LINEAR LINEAR LINEAR LINEAR LINEAR LINEAR
LINEAR LINEAR LINEAR LINEAR LINEAR LINEAR LINEAR LINEAR LINEAR LINEAR LINEAR LINEAR</Name_array>
     <technique_common>
      <accessor source="#jnt_right_handmiddle2-Interpolations-array" count="23">
       <param type="name"></param>
      </accessor>
     </technique_common>
    </source>
    <sampler id="jnt_right_handmiddle2-Matrix-animation-transform">
     <input semantic="INPUT" source="#jnt_right_handmiddle2-Matrix-animation-input"></input>
     <input semantic="OUTPUT" source="#jnt_right_handmiddle2-Matrix-animation-output-transform"></input>
     <input semantic="INTERPOLATION" source="#jnt_right_handmiddle2-Interpolations"></input>
    </sampler>
    <channel source="#jnt_right_handmiddle2-Matrix-animation-transform" target="jnt_right_handmiddle2/matrix"></channel>
   </animation>
  </animation>
  <animation id="jnt_right_handmiddle3-anim" name="jnt_right_handmiddle3">
   <animation>
    <source id="jnt_right_handmiddle3-Matrix-animation-input">
     <float_array id="jnt_right_handmiddle3-Matrix-animation-input-array" count="23">

0.000000 0.033333 0.066667 0.100000 0.133333 0.166667 0.200000 0.233333 0.266667 0.300000 0.333333 0.366667 0.400000 0.433333 0.466667 0.500000
0.533333 0.566667 0.600000 0.633333 0.666667 0.700000 0.733333</float_array>
     <technique_common>
      <accessor source="#jnt_right_handmiddle3-Matrix-animation-input-array" count="23">
       <param name="TIME" type="float"></param>
      </accessor>
     </technique_common>
    </source>
    <source id="jnt_right_handmiddle3-Matrix-animation-output-transform">
     <float_array id="jnt_right_handmiddle3-Matrix-animation-output-transform-array" count="368">

0.869500 0.493932 -0.000000 0.108374 -0.493932 0.869501 0.000000 -0.000000 0.000000 -0.000000 1.000000 -0.000000 0.000000 0.000000 0.000000 1.000000
0.869501 0.493932 -0.000000 0.108374 -0.493932 0.869501 0.000000 -0.000000 0.000000 -0.000000 1.000000 -0.000000 0.000000 0.000000 0.000000 1.000000
0.869500 0.493932 -0.000000 0.108374 -0.493932 0.869500 0.000000 0.000000 0.000000 -0.000000 1.000000 0.000000 0.000000 0.000000 0.000000 1.000000
0.869501 0.493932 0.000000 0.108374 -0.493932 0.869501 0.000000 0.000000 0.000000 -0.000000 1.000000 0.000000 0.000000 0.000000 0.000000 1.000000
0.869501 0.493932 -0.000000 0.108374 -0.493932 0.869501 0.000000 0.000001 0.000000 -0.000000 1.000000 -0.000000 0.000000 0.000000 0.000000 1.000000
0.869500 0.493932 -0.000000 0.108374 -0.493931 0.869500 0.000000 0.000000 0.000000 -0.000000 1.000000 0.000000 0.000000 0.000000 0.000000 1.000000
0.869501 0.493932 -0.000000 0.108374 -0.493932 0.869501 0.000000 0.000000 0.000000 -0.000000 1.000000 -0.000000 0.000000 0.000000 0.000000 1.000000
0.869501 0.493932 -0.000000 0.108374 -0.493932 0.869501 0.000000 0.000000 0.000000 -0.000000 1.000000 0.000000 0.000000 0.000000 0.000000 1.000000
0.869501 0.493932 -0.000000 0.108374 -0.493932 0.869501 0.000000 0.000000 0.000000 -0.000000 1.000000 -0.000000 0.000000 0.000000 0.000000 1.000000
0.869501 0.493932 -0.000000 0.108374 -0.493932 0.869501 0.000000 0.000000 0.000000 -0.000000 1.000000 -0.000001 0.000000 0.000000 0.000000 1.000000
0.869501 0.493932 -0.000000 0.108374 -0.493932 0.869501 0.000000 0.000000 0.000000 -0.000000 1.000000 0.000000 0.000000 0.000000 0.000000 1.000000
0.869501 0.493932 -0.000000 0.108374 -0.493932 0.869501 0.000000 0.000000 0.000000 -0.000000 1.000000 0.000000 0.000000 0.000000 0.000000 1.000000
0.869501 0.493932 -0.000000 0.108374 -0.493932 0.869501 0.000000 0.000000 0.000000 -0.000000 1.000000 -0.000000 0.000000 0.000000 0.000000 1.000000
0.869501 0.493932 -0.000000 0.108374 -0.493932 0.869501 0.000000 0.000000 0.000000 -0.000000 1.000000 -0.000000 0.000000 0.000000 0.000000 1.000000
0.869501 0.493932 -0.000000 0.108374 -0.493932 0.869501 0.000000 0.000000 0.000000 -0.000000 1.000000 -0.000000 0.000000 0.000000 0.000000 1.000000
0.869501 0.493932 0.000000 0.108374 -0.493932 0.869501 0.000000 -0.000000 0.000000 -0.000000 1.000000 0.000000 0.000000 0.000000 0.000000 1.000000
0.869501 0.493932 -0.000000 0.108374 -0.493932 0.869501 0.000000 0.000000 0.000000 -0.000000 1.000000 0.000001 0.000000 0.000000 0.000000 1.000000
0.869501 0.493932 -0.000000 0.108374 -0.493932 0.869501 0.000000 -0.000000 0.000000 -0.000000 1.000000 0.000001 0.000000 0.000000 0.000000 1.000000
0.869501 0.493932 -0.000000 0.108374 -0.493932 0.869501 0.000000 0.000000 0.000000 -0.000000 1.000000 0.000001 0.000000 0.000000 0.000000 1.000000
0.869501 0.493932 -0.000000 0.108374 -0.493932 0.869501 0.000000 0.000000 0.000000 -0.000000 1.000000 0.000001 0.000000 0.000000 0.000000 1.000000
0.869501 0.493932 -0.000000 0.108374 -0.493932 0.869501 0.000000 0.000000 0.000000 -0.000000 1.000000 -0.000000 0.000000 0.000000 0.000000 1.000000
0.869501 0.493932 -0.000000 0.108374 -0.493932 0.869500 0.000000 0.000000 0.000000 -0.000000 1.000000 0.000000 0.000000 0.000000 0.000000 1.000000
0.869501 0.493932 -0.000000 0.108374 -0.493932 0.869501 0.000000 0.000000 0.000000 -0.000000 1.000000 -0.000001 0.000000 0.000000 0.000000 1.000000</float_array>
     <technique_common>
      <accessor source="#jnt_right_handmiddle3-Matrix-animation-output-transform-array" count="23" stride="16">
       <param type="float4x4"></param>
      </accessor>
     </technique_common>
    </source>
    <source id="jnt_right_handmiddle3-Interpolations">
     <Name_array id="jnt_right_handmiddle3-Interpolations-array" count="23">
 LINEAR LINEAR LINEAR LINEAR LINEAR LINEAR LINEAR LINEAR LINEAR LINEAR LINEAR
LINEAR LINEAR LINEAR LINEAR LINEAR LINEAR LINEAR LINEAR LINEAR LINEAR LINEAR LINEAR</Name_array>
     <technique_common>
      <accessor source="#jnt_right_handmiddle3-Interpolations-array" count="23">
       <param type="name"></param>
      </accessor>
     </technique_common>
    </source>
    <sampler id="jnt_right_handmiddle3-Matrix-animation-transform">
     <input semantic="INPUT" source="#jnt_right_handmiddle3-Matrix-animation-input"></input>
     <input semantic="OUTPUT" source="#jnt_right_handmiddle3-Matrix-animation-output-transform"></input>
     <input semantic="INTERPOLATION" source="#jnt_right_handmiddle3-Interpolations"></input>
    </sampler>
    <channel source="#jnt_right_handmiddle3-Matrix-animation-transform" target="jnt_right_handmiddle3/matrix"></channel>
   </animation>
  </animation>
  <animation id="jnt_right_handmiddle4-anim" name="jnt_right_handmiddle4">
   <animation>
    <source id="jnt_right_handmiddle4-Matrix-animation-input">
     <float_array id="jnt_right_handmiddle4-Matrix-animation-input-array" count="23">

0.000000 0.033333 0.066667 0.100000 0.133333 0.166667 0.200000 0.233333 0.266667 0.300000 0.333333 0.366667 0.400000 0.433333 0.466667 0.500000
0.533333 0.566667 0.600000 0.633333 0.666667 0.700000 0.733333</float_array>
     <technique_common>
      <accessor source="#jnt_right_handmiddle4-Matrix-animation-input-array" count="23">
       <param name="TIME" type="float"></param>
      </accessor>
     </technique_common>
    </source>
    <source id="jnt_right_handmiddle4-Matrix-animation-output-transform">
     <float_array id="jnt_right_handmiddle4-Matrix-animation-output-transform-array" count="368">

1.000000 0.000000 0.000000 0.119191 -0.000000 1.000000 0.000000 0.000105 -0.000000 -0.000000 1.000000 -0.000004 0.000000 0.000000 0.000000 1.000000
1.000000 0.000000 0.000000 0.119191 -0.000000 1.000000 -0.000000 0.000105 -0.000000 0.000000 1.000000 -0.000006 0.000000 0.000000 0.000000 1.000000
1.000000 0.000000 0.000000 0.119191 -0.000000 1.000000 0.000000 0.000105 -0.000000 -0.000000 1.000000 -0.000005 0.000000 0.000000 0.000000 1.000000
1.000000 0.000000 0.000000 0.119191 -0.000000 1.000000 0.000000 0.000105 -0.000000 -0.000000 1.000000 -0.000005 0.000000 0.000000 0.000000 1.000000
1.000000 0.000000 0.000000 0.119191 -0.000000 1.000000 -0.000000 0.000105 -0.000000 0.000000 1.000000 -0.000005 0.000000 0.000000 0.000000 1.000000
1.000000 0.000000 0.000000 0.119191 -0.000000 1.000000 0.000000 0.000105 -0.000000 -0.000000 1.000000 -0.000005 0.000000 0.000000 0.000000 1.000000
1.000000 0.000000 -0.000000 0.119191 -0.000000 1.000000 0.000000 0.000105 0.000000 -0.000000 1.000000 -0.000006 0.000000 0.000000 0.000000 1.000000
1.000000 0.000000 0.000000 0.119191 -0.000000 1.000000 -0.000000 0.000105 -0.000000 0.000000 1.000000 -0.000005 0.000000 0.000000 0.000000 1.000000
1.000000 0.000000 0.000000 0.119191 -0.000000 1.000000 0.000000 0.000105 -0.000000 -0.000000 1.000000 -0.000005 0.000000 0.000000 0.000000 1.000000
1.000000 0.000000 0.000000 0.119191 -0.000000 1.000000 -0.000000 0.000105 -0.000000 0.000000 1.000000 -0.000005 0.000000 0.000000 0.000000 1.000000
1.000000 0.000000 -0.000000 0.119191 -0.000000 1.000000 -0.000000 0.000105 0.000000 0.000000 1.000000 -0.000005 0.000000 0.000000 0.000000 1.000000
1.000000 0.000000 0.000000 0.119191 -0.000000 1.000000 0.000000 0.000105 -0.000000 -0.000000 1.000000 -0.000005 0.000000 0.000000 0.000000 1.000000
1.000000 0.000000 0.000000 0.119191 -0.000000 1.000000 -0.000000 0.000105 -0.000000 0.000000 1.000000 -0.000005 0.000000 0.000000 0.000000 1.000000
1.000000 0.000000 -0.000000 0.119191 -0.000000 1.000000 0.000000 0.000105 0.000000 -0.000000 1.000000 -0.000005 0.000000 0.000000 0.000000 1.000000
1.000000 0.000000 0.000000 0.119191 -0.000000 1.000000 0.000000 0.000105 -0.000000 -0.000000 1.000000 -0.000005 0.000000 0.000000 0.000000 1.000000
1.000000 0.000000 0.000000 0.119191 -0.000000 1.000000 0.000000 0.000105 -0.000000 -0.000000 1.000000 -0.000005 0.000000 0.000000 0.000000 1.000000
1.000000 0.000000 -0.000000 0.119191 -0.000000 1.000000 -0.000000 0.000105 0.000000 0.000000 1.000000 -0.000005 0.000000 0.000000 0.000000 1.000000
1.000000 0.000000 -0.000000 0.119191 -0.000000 1.000000 0.000000 0.000105 0.000000 -0.000000 1.000000 -0.000005 0.000000 0.000000 0.000000 1.000000
1.000000 0.000000 -0.000000 0.119191 -0.000000 1.000000 -0.000000 0.000105 0.000000 0.000000 1.000000 -0.000005 0.000000 0.000000 0.000000 1.000000
1.000000 0.000000 -0.000000 0.119191 -0.000000 1.000000 0.000000 0.000105 0.000000 -0.000000 1.000000 -0.000005 0.000000 0.000000 0.000000 1.000000
1.000000 0.000000 0.000000 0.119191 -0.000000 1.000000 0.000000 0.000105 -0.000000 -0.000000 1.000000 -0.000005 0.000000 0.000000 0.000000 1.000000
1.000000 0.000000 0.000000 0.119191 -0.000000 1.000000 -0.000000 0.000105 -0.000000 -0.000000 1.000000 -0.000005 0.000000 0.000000 0.000000 1.000000
1.000000 0.000000 0.000000 0.119191 -0.000000 1.000000 0.000000 0.000105 -0.000000 -0.000000 1.000000 -0.000005 0.000000 0.000000 0.000000 1.000000</float_array>
     <technique_common>
      <accessor source="#jnt_right_handmiddle4-Matrix-animation-output-transform-array" count="23" stride="16">
       <param type="float4x4"></param>
      </accessor>
     </technique_common>
    </source>
    <source id="jnt_right_handmiddle4-Interpolations">
     <Name_array id="jnt_right_handmiddle4-Interpolations-array" count="23">
 LINEAR LINEAR LINEAR LINEAR LINEAR LINEAR LINEAR LINEAR LINEAR LINEAR LINEAR
LINEAR LINEAR LINEAR LINEAR LINEAR LINEAR LINEAR LINEAR LINEAR LINEAR LINEAR LINEAR</Name_array>
     <technique_common>
      <accessor source="#jnt_right_handmiddle4-Interpolations-array" count="23">
       <param type="name"></param>
      </accessor>
     </technique_common>
    </source>
    <sampler id="jnt_right_handmiddle4-Matrix-animation-transform">
     <input semantic="INPUT" source="#jnt_right_handmiddle4-Matrix-animation-input"></input>
     <input semantic="OUTPUT" source="#jnt_right_handmiddle4-Matrix-animation-output-transform"></input>
     <input semantic="INTERPOLATION" source="#jnt_right_handmiddle4-Interpolations"></input>
    </sampler>
    <channel source="#jnt_right_handmiddle4-Matrix-animation-transform" target="jnt_right_handmiddle4/matrix"></channel>
   </animation>
  </animation>
  <animation id="jnt_right_handring1-anim" name="jnt_right_handring1">
   <animation>
    <source id="jnt_right_handring1-Matrix-animation-input">
     <float_array id="jnt_right_handring1-Matrix-animation-input-array" count="23">

0.000000 0.033333 0.066667 0.100000 0.133333 0.166667 0.200000 0.233333 0.266667 0.300000 0.333333 0.366667 0.400000 0.433333 0.466667 0.500000
0.533333 0.566667 0.600000 0.633333 0.666667 0.700000 0.733333</float_array>
     <technique_common>
      <accessor source="#jnt_right_handring1-Matrix-animation-input-array" count="23">
       <param name="TIME" type="float"></param>
      </accessor>
     </technique_common>
    </source>
    <source id="jnt_right_handring1-Matrix-animation-output-transform">
     <float_array id="jnt_right_handring1-Matrix-animation-output-transform-array" count="368">

0.355831 0.903711 -0.238097 0.469962 -0.059672 -0.232281 -0.970816 -0.076798 -0.932643 0.359654 -0.028727 0.036646 0.000000 0.000000 0.000000 1.000000
0.355830 0.903711 -0.238097 0.469962 -0.059672 -0.232281 -0.970817 -0.076798 -0.932643 0.359654 -0.028727 0.036645 0.000000 0.000000 0.000000 1.000000
0.355831 0.903711 -0.238097 0.469963 -0.059672 -0.232281 -0.970816 -0.076799 -0.932643 0.359654 -0.028727 0.036645 0.000000 0.000000 0.000000 1.000000
0.355830 0.903711 -0.238097 0.469962 -0.059672 -0.232282 -0.970816 -0.076797 -0.932643 0.359654 -0.028727 0.036646 0.000000 0.000000 0.000000 1.000000
0.355831 0.903712 -0.238097 0.469962 -0.059672 -0.232282 -0.970817 -0.076798 -0.932644 0.359654 -0.028727 0.036646 0.000000 0.000000 0.000000 1.000000
0.355830 0.903711 -0.238097 0.469962 -0.059672 -0.232282 -0.970816 -0.076798 -0.932643 0.359654 -0.028727 0.036646 0.000000 0.000000 0.000000 1.000000
0.355831 0.903711 -0.238097 0.469962 -0.059672 -0.232281 -0.970816 -0.076799 -0.932643 0.359654 -0.028727 0.036646 0.000000 0.000000 0.000000 1.000000
0.355831 0.903712 -0.238097 0.469962 -0.059672 -0.232281 -0.970817 -0.076798 -0.932643 0.359654 -0.028727 0.036646 0.000000 0.000000 0.000000 1.000000
0.355831 0.903711 -0.238097 0.469962 -0.059672 -0.232281 -0.970817 -0.076798 -0.932643 0.359654 -0.028727 0.036646 0.000000 0.000000 0.000000 1.000000
0.355831 0.903712 -0.238097 0.469962 -0.059671 -0.232282 -0.970817 -0.076799 -0.932644 0.359654 -0.028727 0.036646 0.000000 0.000000 0.000000 1.000000
0.355831 0.903711 -0.238097 0.469962 -0.059672 -0.232281 -0.970816 -0.076798 -0.932643 0.359654 -0.028727 0.036646 0.000000 0.000000 0.000000 1.000000
0.355831 0.903712 -0.238097 0.469962 -0.059672 -0.232281 -0.970817 -0.076799 -0.932644 0.359654 -0.028727 0.036646 0.000000 0.000000 0.000000 1.000000
0.355830 0.903712 -0.238097 0.469962 -0.059672 -0.232281 -0.970816 -0.076798 -0.932644 0.359654 -0.028727 0.036646 0.000000 0.000000 0.000000 1.000000
0.355831 0.903712 -0.238097 0.469962 -0.059672 -0.232282 -0.970817 -0.076798 -0.932644 0.359654 -0.028727 0.036646 0.000000 0.000000 0.000000 1.000000
0.355831 0.903711 -0.238097 0.469962 -0.059672 -0.232281 -0.970816 -0.076798 -0.932643 0.359654 -0.028727 0.036646 0.000000 0.000000 0.000000 1.000000
0.355831 0.903712 -0.238097 0.469962 -0.059672 -0.232281 -0.970816 -0.076798 -0.932643 0.359654 -0.028727 0.036646 0.000000 0.000000 0.000000 1.000000
0.355831 0.903711 -0.238097 0.469962 -0.059672 -0.232282 -0.970816 -0.076798 -0.932643 0.359654 -0.028727 0.036646 0.000000 0.000000 0.000000 1.000000
0.355831 0.903712 -0.238097 0.469962 -0.059672 -0.232282 -0.970816 -0.076798 -0.932643 0.359654 -0.028727 0.036646 0.000000 0.000000 0.000000 1.000000
0.355831 0.903711 -0.238097 0.469962 -0.059671 -0.232281 -0.970816 -0.076798 -0.932643 0.359654 -0.028727 0.036646 0.000000 0.000000 0.000000 1.000000
0.355831 0.903712 -0.238097 0.469962 -0.059672 -0.232282 -0.970817 -0.076798 -0.932643 0.359654 -0.028727 0.036646 0.000000 0.000000 0.000000 1.000000
0.355831 0.903712 -0.238097 0.469962 -0.059672 -0.232282 -0.970817 -0.076798 -0.932644 0.359654 -0.028727 0.036646 0.000000 0.000000 0.000000 1.000000
0.355831 0.903711 -0.238097 0.469962 -0.059672 -0.232282 -0.970817 -0.076797 -0.932644 0.359654 -0.028727 0.036646 0.000000 0.000000 0.000000 1.000000
0.355830 0.903711 -0.238097 0.469962 -0.059672 -0.232282 -0.970816 -0.076798 -0.932643 0.359654 -0.028727 0.036646 0.000000 0.000000 0.000000 1.000000</float_array>
     <technique_common>
      <accessor source="#jnt_right_handring1-Matrix-animation-output-transform-array" count="23" stride="16">
       <param type="float4x4"></param>
      </accessor>
     </technique_common>
    </source>
    <source id="jnt_right_handring1-Interpolations">
     <Name_array id="jnt_right_handring1-Interpolations-array" count="23">
 LINEAR LINEAR LINEAR LINEAR LINEAR LINEAR LINEAR LINEAR LINEAR LINEAR LINEAR
LINEAR LINEAR LINEAR LINEAR LINEAR LINEAR LINEAR LINEAR LINEAR LINEAR LINEAR LINEAR</Name_array>
     <technique_common>
      <accessor source="#jnt_right_handring1-Interpolations-array" count="23">
       <param type="name"></param>
      </accessor>
     </technique_common>
    </source>
    <sampler id="jnt_right_handring1-Matrix-animation-transform">
     <input semantic="INPUT" source="#jnt_right_handring1-Matrix-animation-input"></input>
     <input semantic="OUTPUT" source="#jnt_right_handring1-Matrix-animation-output-transform"></input>
     <input semantic="INTERPOLATION" source="#jnt_right_handring1-Interpolations"></input>
    </sampler>
    <channel source="#jnt_right_handring1-Matrix-animation-transform" target="jnt_right_handring1/matrix"></channel>
   </animation>
  </animation>
  <animation id="jnt_right_handring2-anim" name="jnt_right_handring2">
   <animation>
    <source id="jnt_right_handring2-Matrix-animation-input">
     <float_array id="jnt_right_handring2-Matrix-animation-input-array" count="23">

0.000000 0.033333 0.066667 0.100000 0.133333 0.166667 0.200000 0.233333 0.266667 0.300000 0.333333 0.366667 0.400000 0.433333 0.466667 0.500000
0.533333 0.566667 0.600000 0.633333 0.666667 0.700000 0.733333</float_array>
     <technique_common>
      <accessor source="#jnt_right_handring2-Matrix-animation-input-array" count="23">
       <param name="TIME" type="float"></param>
      </accessor>
     </technique_common>
    </source>
    <source id="jnt_right_handring2-Matrix-animation-output-transform">
     <float_array id="jnt_right_handring2-Matrix-animation-output-transform-array" count="368">

0.729500 0.683981 -0.000001 0.184241 -0.683981 0.729500 -0.000001 0.000000 -0.000000 0.000001 1.000000 -0.000000 0.000000 0.000000 0.000000 1.000000
0.729500 0.683981 -0.000001 0.184241 -0.683981 0.729500 -0.000001 0.000000 -0.000000 0.000001 1.000000 -0.000000 0.000000 0.000000 0.000000 1.000000
0.729500 0.683981 -0.000001 0.184241 -0.683981 0.729500 -0.000001 0.000000 -0.000000 0.000001 1.000000 -0.000000 0.000000 0.000000 0.000000 1.000000
0.729500 0.683981 -0.000001 0.184241 -0.683981 0.729500 -0.000001 0.000000 -0.000000 0.000001 1.000000 -0.000001 0.000000 0.000000 0.000000 1.000000
0.729500 0.683981 -0.000001 0.184241 -0.683981 0.729500 -0.000001 0.000000 -0.000000 0.000001 1.000000 0.000001 0.000000 0.000000 0.000000 1.000000
0.729500 0.683981 -0.000001 0.184241 -0.683981 0.729500 -0.000001 0.000000 -0.000000 0.000001 1.000000 0.000001 0.000000 0.000000 0.000000 1.000000
0.729500 0.683981 -0.000001 0.184241 -0.683981 0.729500 -0.000001 0.000000 -0.000000 0.000001 1.000000 -0.000000 0.000000 0.000000 0.000000 1.000000
0.729500 0.683981 -0.000001 0.184241 -0.683981 0.729500 -0.000001 0.000000 -0.000000 0.000001 1.000000 -0.000001 0.000000 0.000000 0.000000 1.000000
0.729500 0.683981 -0.000001 0.184241 -0.683981 0.729500 -0.000001 0.000000 -0.000000 0.000001 1.000000 -0.000001 0.000000 0.000000 0.000000 1.000000
0.729500 0.683981 -0.000001 0.184241 -0.683981 0.729500 -0.000001 0.000000 -0.000000 0.000001 1.000000 0.000000 0.000000 0.000000 0.000000 1.000000
0.729500 0.683981 -0.000001 0.184241 -0.683981 0.729500 -0.000001 0.000000 -0.000000 0.000001 1.000000 -0.000000 0.000000 0.000000 0.000000 1.000000
0.729500 0.683981 -0.000001 0.184241 -0.683981 0.729500 -0.000001 -0.000000 -0.000000 0.000001 1.000000 0.000001 0.000000 0.000000 0.000000 1.000000
0.729500 0.683981 -0.000001 0.184241 -0.683981 0.729500 -0.000001 0.000000 -0.000000 0.000001 1.000000 -0.000000 0.000000 0.000000 0.000000 1.000000
0.729500 0.683981 -0.000001 0.184241 -0.683981 0.729500 -0.000001 0.000000 -0.000000 0.000001 1.000000 0.000000 0.000000 0.000000 0.000000 1.000000
0.729500 0.683981 -0.000001 0.184241 -0.683981 0.729500 -0.000001 0.000000 -0.000000 0.000001 1.000000 -0.000000 0.000000 0.000000 0.000000 1.000000
0.729500 0.683981 -0.000001 0.184241 -0.683981 0.729500 -0.000001 0.000000 -0.000000 0.000001 1.000000 -0.000000 0.000000 0.000000 0.000000 1.000000
0.729500 0.683981 -0.000001 0.184241 -0.683981 0.729500 -0.000001 0.000000 -0.000000 0.000001 1.000000 -0.000001 0.000000 0.000000 0.000000 1.000000
0.729500 0.683981 -0.000001 0.184241 -0.683981 0.729500 -0.000001 0.000000 -0.000000 0.000001 1.000000 0.000000 0.000000 0.000000 0.000000 1.000000
0.729500 0.683981 -0.000001 0.184241 -0.683981 0.729500 -0.000001 0.000000 -0.000000 0.000001 1.000000 -0.000000 0.000000 0.000000 0.000000 1.000000
0.729500 0.683981 -0.000001 0.184241 -0.683981 0.729500 -0.000001 0.000000 -0.000000 0.000001 1.000000 0.000000 0.000000 0.000000 0.000000 1.000000
0.729500 0.683981 -0.000001 0.184241 -0.683981 0.729500 -0.000001 0.000000 -0.000000 0.000001 1.000000 -0.000000 0.000000 0.000000 0.000000 1.000000
0.729500 0.683981 -0.000001 0.184241 -0.683981 0.729500 -0.000001 0.000001 -0.000000 0.000001 1.000000 0.000000 0.000000 0.000000 0.000000 1.000000
0.729500 0.683981 -0.000001 0.184241 -0.683981 0.729500 -0.000001 0.000000 -0.000000 0.000001 1.000000 0.000001 0.000000 0.000000 0.000000 1.000000</float_array>
     <technique_common>
      <accessor source="#jnt_right_handring2-Matrix-animation-output-transform-array" count="23" stride="16">
       <param type="float4x4"></param>
      </accessor>
     </technique_common>
    </source>
    <source id="jnt_right_handring2-Interpolations">
     <Name_array id="jnt_right_handring2-Interpolations-array" count="23">
 LINEAR LINEAR LINEAR LINEAR LINEAR LINEAR LINEAR LINEAR LINEAR LINEAR LINEAR
LINEAR LINEAR LINEAR LINEAR LINEAR LINEAR LINEAR LINEAR LINEAR LINEAR LINEAR LINEAR</Name_array>
     <technique_common>
      <accessor source="#jnt_right_handring2-Interpolations-array" count="23">
       <param type="name"></param>
      </accessor>
     </technique_common>
    </source>
    <sampler id="jnt_right_handring2-Matrix-animation-transform">
     <input semantic="INPUT" source="#jnt_right_handring2-Matrix-animation-input"></input>
     <input semantic="OUTPUT" source="#jnt_right_handring2-Matrix-animation-output-transform"></input>
     <input semantic="INTERPOLATION" source="#jnt_right_handring2-Interpolations"></input>
    </sampler>
    <channel source="#jnt_right_handring2-Matrix-animation-transform" target="jnt_right_handring2/matrix"></channel>
   </animation>
  </animation>
  <animation id="jnt_right_handring3-anim" name="jnt_right_handring3">
   <animation>
    <source id="jnt_right_handring3-Matrix-animation-input">
     <float_array id="jnt_right_handring3-Matrix-animation-input-array" count="23">

0.000000 0.033333 0.066667 0.100000 0.133333 0.166667 0.200000 0.233333 0.266667 0.300000 0.333333 0.366667 0.400000 0.433333 0.466667 0.500000
0.533333 0.566667 0.600000 0.633333 0.666667 0.700000 0.733333</float_array>
     <technique_common>
      <accessor source="#jnt_right_handring3-Matrix-animation-input-array" count="23">
       <param name="TIME" type="float"></param>
      </accessor>
     </technique_common>
    </source>
    <source id="jnt_right_handring3-Matrix-animation-output-transform">
     <float_array id="jnt_right_handring3-Matrix-animation-output-transform-array" count="368">

0.870175 0.492742 0.000000 0.103951 -0.492742 0.870175 0.000001 0.000001 0.000000 -0.000001 1.000000 -0.000000 0.000000 0.000000 0.000000 1.000000
0.870175 0.492743 0.000000 0.103951 -0.492742 0.870176 0.000001 0.000001 0.000000 -0.000001 1.000000 -0.000000 0.000000 0.000000 0.000000 1.000000
0.870175 0.492743 0.000000 0.103951 -0.492743 0.870175 0.000001 0.000001 0.000000 -0.000001 1.000000 0.000000 0.000000 0.000000 0.000000 1.000000
0.870175 0.492742 0.000000 0.103951 -0.492743 0.870175 0.000001 0.000001 0.000000 -0.000001 1.000000 -0.000000 0.000000 0.000000 0.000000 1.000000
0.870175 0.492743 0.000000 0.103951 -0.492743 0.870175 0.000001 0.000001 0.000000 -0.000001 1.000000 -0.000001 0.000000 0.000000 0.000000 1.000000
0.870175 0.492743 0.000000 0.103951 -0.492743 0.870175 0.000001 0.000001 0.000000 -0.000001 1.000000 0.000000 0.000000 0.000000 0.000000 1.000000
0.870175 0.492743 0.000000 0.103951 -0.492743 0.870175 0.000001 0.000001 0.000000 -0.000001 1.000000 0.000001 0.000000 0.000000 0.000000 1.000000
0.870175 0.492743 0.000000 0.103951 -0.492743 0.870175 0.000001 0.000001 0.000000 -0.000001 1.000000 0.000000 0.000000 0.000000 0.000000 1.000000
0.870175 0.492743 0.000000 0.103951 -0.492743 0.870175 0.000001 0.000001 0.000000 -0.000001 1.000000 0.000000 0.000000 0.000000 0.000000 1.000000
0.870175 0.492743 0.000000 0.103951 -0.492743 0.870175 0.000001 0.000001 0.000000 -0.000001 1.000000 -0.000000 0.000000 0.000000 0.000000 1.000000
0.870175 0.492743 0.000000 0.103951 -0.492743 0.870175 0.000001 0.000001 0.000000 -0.000001 1.000000 0.000001 0.000000 0.000000 0.000000 1.000000
0.870175 0.492743 0.000000 0.103951 -0.492743 0.870175 0.000001 0.000001 0.000000 -0.000001 1.000000 -0.000001 0.000000 0.000000 0.000000 1.000000
0.870175 0.492743 0.000000 0.103951 -0.492743 0.870175 0.000001 0.000001 0.000000 -0.000001 1.000000 0.000001 0.000000 0.000000 0.000000 1.000000
0.870175 0.492743 0.000000 0.103951 -0.492743 0.870175 0.000001 0.000001 0.000000 -0.000001 1.000000 0.000001 0.000000 0.000000 0.000000 1.000000
0.870175 0.492743 0.000000 0.103951 -0.492743 0.870175 0.000001 0.000000 0.000000 -0.000001 1.000000 -0.000000 0.000000 0.000000 0.000000 1.000000
0.870175 0.492743 0.000000 0.103951 -0.492743 0.870175 0.000001 0.000001 0.000000 -0.000001 1.000000 -0.000000 0.000000 0.000000 0.000000 1.000000
0.870175 0.492743 0.000000 0.103951 -0.492743 0.870175 0.000001 0.000000 0.000000 -0.000001 1.000000 -0.000000 0.000000 0.000000 0.000000 1.000000
0.870175 0.492742 0.000000 0.103951 -0.492742 0.870175 0.000001 0.000000 0.000000 -0.000001 1.000000 -0.000000 0.000000 0.000000 0.000000 1.000000
0.870175 0.492743 0.000000 0.103951 -0.492743 0.870175 0.000001 0.000001 0.000000 -0.000001 1.000000 0.000000 0.000000 0.000000 0.000000 1.000000
0.870175 0.492743 0.000000 0.103951 -0.492743 0.870175 0.000001 0.000001 0.000000 -0.000001 1.000000 -0.000000 0.000000 0.000000 0.000000 1.000000
0.870175 0.492743 0.000000 0.103951 -0.492743 0.870175 0.000001 0.000001 0.000000 -0.000001 1.000000 0.000001 0.000000 0.000000 0.000000 1.000000
0.870175 0.492743 0.000000 0.103951 -0.492743 0.870175 0.000001 0.000001 0.000000 -0.000001 1.000000 0.000000 0.000000 0.000000 0.000000 1.000000
0.870175 0.492743 0.000000 0.103951 -0.492743 0.870175 0.000001 0.000001 0.000000 -0.000001 1.000000 0.000001 0.000000 0.000000 0.000000 1.000000</float_array>
     <technique_common>
      <accessor source="#jnt_right_handring3-Matrix-animation-output-transform-array" count="23" stride="16">
       <param type="float4x4"></param>
      </accessor>
     </technique_common>
    </source>
    <source id="jnt_right_handring3-Interpolations">
     <Name_array id="jnt_right_handring3-Interpolations-array" count="23">
 LINEAR LINEAR LINEAR LINEAR LINEAR LINEAR LINEAR LINEAR LINEAR LINEAR LINEAR
LINEAR LINEAR LINEAR LINEAR LINEAR LINEAR LINEAR LINEAR LINEAR LINEAR LINEAR LINEAR</Name_array>
     <technique_common>
      <accessor source="#jnt_right_handring3-Interpolations-array" count="23">
       <param type="name"></param>
      </accessor>
     </technique_common>
    </source>
    <sampler id="jnt_right_handring3-Matrix-animation-transform">
     <input semantic="INPUT" source="#jnt_right_handring3-Matrix-animation-input"></input>
     <input semantic="OUTPUT" source="#jnt_right_handring3-Matrix-animation-output-transform"></input>
     <input semantic="INTERPOLATION" source="#jnt_right_handring3-Interpolations"></input>
    </sampler>
    <channel source="#jnt_right_handring3-Matrix-animation-transform" target="jnt_right_handring3/matrix"></channel>
   </animation>
  </animation>
  <animation id="jnt_right_handring4-anim" name="jnt_right_handring4">
   <animation>
    <source id="jnt_right_handring4-Matrix-animation-input">
     <float_array id="jnt_right_handring4-Matrix-animation-input-array" count="23">

0.000000 0.033333 0.066667 0.100000 0.133333 0.166667 0.200000 0.233333 0.266667 0.300000 0.333333 0.366667 0.400000 0.433333 0.466667 0.500000
0.533333 0.566667 0.600000 0.633333 0.666667 0.700000 0.733333</float_array>
     <technique_common>
      <accessor source="#jnt_right_handring4-Matrix-animation-input-array" count="23">
       <param name="TIME" type="float"></param>
      </accessor>
     </technique_common>
    </source>
    <source id="jnt_right_handring4-Matrix-animation-output-transform">
     <float_array id="jnt_right_handring4-Matrix-animation-output-transform-array" count="368">

1.000000 0.000000 0.000000 0.120247 -0.000000 1.000000 0.000000 0.000103 -0.000000 -0.000000 1.000000 -0.000016 0.000000 0.000000 0.000000 1.000000
1.000000 -0.000000 0.000000 0.120247 0.000000 1.000000 0.000000 0.000103 -0.000000 -0.000000 1.000000 -0.000016 0.000000 0.000000 0.000000 1.000000
1.000000 -0.000000 0.000000 0.120247 0.000000 1.000000 -0.000000 0.000103 -0.000000 0.000000 1.000000 -0.000016 0.000000 0.000000 0.000000 1.000000
1.000000 -0.000000 0.000000 0.120247 0.000000 1.000000 0.000000 0.000103 -0.000000 -0.000000 1.000000 -0.000016 0.000000 0.000000 0.000000 1.000000
1.000000 0.000000 -0.000000 0.120247 -0.000000 1.000000 0.000000 0.000103 0.000000 -0.000000 1.000000 -0.000016 0.000000 0.000000 0.000000 1.000000
1.000000 0.000000 -0.000000 0.120247 -0.000000 1.000000 0.000000 0.000103 0.000000 -0.000000 1.000000 -0.000016 0.000000 0.000000 0.000000 1.000000
1.000000 -0.000000 0.000000 0.120247 0.000000 1.000000 0.000000 0.000103 -0.000000 -0.000000 1.000000 -0.000016 0.000000 0.000000 0.000000 1.000000
1.000000 -0.000000 0.000000 0.120247 0.000000 1.000000 0.000000 0.000103 -0.000000 -0.000000 1.000000 -0.000016 0.000000 0.000000 0.000000 1.000000
1.000000 -0.000000 -0.000000 0.120247 0.000000 1.000000 0.000000 0.000103 0.000000 -0.000000 1.000000 -0.000016 0.000000 0.000000 0.000000 1.000000
1.000000 0.000000 -0.000000 0.120247 -0.000000 1.000000 0.000000 0.000103 0.000000 -0.000000 1.000000 -0.000016 0.000000 0.000000 0.000000 1.000000
1.000000 -0.000000 0.000000 0.120247 0.000000 1.000000 0.000000 0.000103 -0.000000 -0.000000 1.000000 -0.000016 0.000000 0.000000 0.000000 1.000000
1.000000 -0.000000 0.000000 0.120247 0.000000 1.000000 0.000000 0.000103 -0.000000 -0.000000 1.000000 -0.000016 0.000000 0.000000 0.000000 1.000000
1.000000 -0.000000 -0.000000 0.120247 0.000000 1.000000 0.000000 0.000103 -0.000000 -0.000000 1.000000 -0.000016 0.000000 0.000000 0.000000 1.000000
1.000000 -0.000000 -0.000000 0.120247 0.000000 1.000000 0.000000 0.000103 0.000000 -0.000000 1.000000 -0.000016 0.000000 0.000000 0.000000 1.000000
1.000000 -0.000000 0.000000 0.120247 0.000000 1.000000 0.000000 0.000103 -0.000000 -0.000000 1.000000 -0.000016 0.000000 0.000000 0.000000 1.000000
1.000000 0.000000 -0.000000 0.120247 -0.000000 1.000000 0.000000 0.000103 0.000000 -0.000000 1.000000 -0.000016 0.000000 0.000000 0.000000 1.000000
1.000000 -0.000000 0.000000 0.120247 0.000000 1.000000 0.000000 0.000103 -0.000000 -0.000000 1.000000 -0.000016 0.000000 0.000000 0.000000 1.000000
1.000000 0.000000 0.000000 0.120247 -0.000000 1.000000 0.000000 0.000103 -0.000000 -0.000000 1.000000 -0.000016 0.000000 0.000000 0.000000 1.000000
1.000000 0.000000 -0.000000 0.120247 -0.000000 1.000000 0.000000 0.000103 0.000000 -0.000000 1.000000 -0.000016 0.000000 0.000000 0.000000 1.000000
1.000000 0.000000 0.000000 0.120247 -0.000000 1.000000 0.000000 0.000103 -0.000000 -0.000000 1.000000 -0.000016 0.000000 0.000000 0.000000 1.000000
1.000000 -0.000000 -0.000000 0.120247 0.000000 1.000000 0.000000 0.000103 0.000000 -0.000000 1.000000 -0.000016 0.000000 0.000000 0.000000 1.000000
1.000000 -0.000000 0.000000 0.120247 0.000000 1.000000 0.000000 0.000103 -0.000000 -0.000000 1.000000 -0.000016 0.000000 0.000000 0.000000 1.000000
1.000000 0.000000 -0.000000 0.120247 -0.000000 1.000000 0.000000 0.000103 0.000000 -0.000000 1.000000 -0.000016 0.000000 0.000000 0.000000 1.000000</float_array>
     <technique_common>
      <accessor source="#jnt_right_handring4-Matrix-animation-output-transform-array" count="23" stride="16">
       <param type="float4x4"></param>
      </accessor>
     </technique_common>
    </source>
    <source id="jnt_right_handring4-Interpolations">
     <Name_array id="jnt_right_handring4-Interpolations-array" count="23">
 LINEAR LINEAR LINEAR LINEAR LINEAR LINEAR LINEAR LINEAR LINEAR LINEAR LINEAR
LINEAR LINEAR LINEAR LINEAR LINEAR LINEAR LINEAR LINEAR LINEAR LINEAR LINEAR LINEAR</Name_array>
     <technique_common>
      <accessor source="#jnt_right_handring4-Interpolations-array" count="23">
       <param type="name"></param>
      </accessor>
     </technique_common>
    </source>
    <sampler id="jnt_right_handring4-Matrix-animation-transform">
     <input semantic="INPUT" source="#jnt_right_handring4-Matrix-animation-input"></input>
     <input semantic="OUTPUT" source="#jnt_right_handring4-Matrix-animation-output-transform"></input>
     <input semantic="INTERPOLATION" source="#jnt_right_handring4-Interpolations"></input>
    </sampler>
    <channel source="#jnt_right_handring4-Matrix-animation-transform" target="jnt_right_handring4/matrix"></channel>
   </animation>
  </animation>
  <animation id="jnt_right_handpinky1-anim" name="jnt_right_handpinky1">
   <animation>
    <source id="jnt_right_handpinky1-Matrix-animation-input">
     <float_array id="jnt_right_handpinky1-Matrix-animation-input-array" count="23">

0.000000 0.033333 0.066667 0.100000 0.133333 0.166667 0.200000 0.233333 0.266667 0.300000 0.333333 0.366667 0.400000 0.433333 0.466667 0.500000
0.533333 0.566667 0.600000 0.633333 0.666667 0.700000 0.733333</float_array>
     <technique_common>
      <accessor source="#jnt_right_handpinky1-Matrix-animation-input-array" count="23">
       <param name="TIME" type="float"></param>
      </accessor>
     </technique_common>
    </source>
    <source id="jnt_right_handpinky1-Matrix-animation-output-transform">
     <float_array id="jnt_right_handpinky1-Matrix-animation-output-transform-array" count="368">

0.385619 0.904000 -0.184611 0.407609 -0.085970 -0.164011 -0.982705 -0.208155 -0.918644 0.394821 0.014471 -0.012229 0.000000 0.000000 0.000000 1.000000
0.385619 0.904000 -0.184610 0.407608 -0.085970 -0.164011 -0.982705 -0.208155 -0.918644 0.394821 0.014471 -0.012229 0.000000 0.000000 0.000000 1.000000
0.385619 0.904000 -0.184610 0.407609 -0.085969 -0.164011 -0.982705 -0.208154 -0.918644 0.394821 0.014471 -0.012229 0.000000 0.000000 0.000000 1.000000
0.385619 0.904000 -0.184610 0.407609 -0.085969 -0.164011 -0.982705 -0.208155 -0.918644 0.394821 0.014471 -0.012230 0.000000 0.000000 0.000000 1.000000
0.385619 0.904000 -0.184611 0.407608 -0.085970 -0.164011 -0.982705 -0.208156 -0.918644 0.394821 0.014471 -0.012229 0.000000 0.000000 0.000000 1.000000
0.385619 0.904000 -0.184611 0.407608 -0.085970 -0.164011 -0.982705 -0.208155 -0.918644 0.394821 0.014471 -0.012230 0.000000 0.000000 0.000000 1.000000
0.385619 0.904000 -0.184611 0.407609 -0.085970 -0.164011 -0.982705 -0.208155 -0.918644 0.394821 0.014471 -0.012229 0.000000 0.000000 0.000000 1.000000
0.385619 0.904000 -0.184611 0.407609 -0.085970 -0.164011 -0.982705 -0.208156 -0.918644 0.394821 0.014471 -0.012230 0.000000 0.000000 0.000000 1.000000
0.385619 0.904000 -0.184610 0.407609 -0.085969 -0.164011 -0.982705 -0.208155 -0.918644 0.394821 0.014471 -0.012229 0.000000 0.000000 0.000000 1.000000
0.385619 0.904000 -0.184611 0.407609 -0.085970 -0.164011 -0.982705 -0.208155 -0.918644 0.394821 0.014471 -0.012229 0.000000 0.000000 0.000000 1.000000
0.385619 0.904000 -0.184610 0.407609 -0.085970 -0.164011 -0.982705 -0.208154 -0.918644 0.394821 0.014471 -0.012230 0.000000 0.000000 0.000000 1.000000
0.385619 0.904000 -0.184610 0.407609 -0.085970 -0.164011 -0.982705 -0.208155 -0.918644 0.394821 0.014471 -0.012229 0.000000 0.000000 0.000000 1.000000
0.385619 0.904000 -0.184611 0.407608 -0.085969 -0.164011 -0.982705 -0.208156 -0.918644 0.394821 0.014471 -0.012230 0.000000 0.000000 0.000000 1.000000
0.385619 0.904000 -0.184610 0.407609 -0.085969 -0.164011 -0.982705 -0.208156 -0.918644 0.394821 0.014471 -0.012229 0.000000 0.000000 0.000000 1.000000
0.385619 0.904000 -0.184611 0.407608 -0.085970 -0.164011 -0.982705 -0.208155 -0.918644 0.394821 0.014471 -0.012229 0.000000 0.000000 0.000000 1.000000
0.385619 0.904000 -0.184611 0.407609 -0.085970 -0.164011 -0.982705 -0.208154 -0.918644 0.394821 0.014471 -0.012230 0.000000 0.000000 0.000000 1.000000
0.385619 0.904001 -0.184611 0.407609 -0.085970 -0.164011 -0.982705 -0.208155 -0.918644 0.394821 0.014471 -0.012229 0.000000 0.000000 0.000000 1.000000
0.385619 0.904000 -0.184611 0.407609 -0.085970 -0.164011 -0.982705 -0.208154 -0.918644 0.394821 0.014471 -0.012230 0.000000 0.000000 0.000000 1.000000
0.385619 0.904000 -0.184610 0.407608 -0.085969 -0.164011 -0.982705 -0.208155 -0.918644 0.394821 0.014471 -0.012229 0.000000 0.000000 0.000000 1.000000
0.385619 0.904000 -0.184610 0.407609 -0.085970 -0.164011 -0.982705 -0.208155 -0.918644 0.394821 0.014471 -0.012229 0.000000 0.000000 0.000000 1.000000
0.385619 0.904000 -0.184611 0.407609 -0.085970 -0.164011 -0.982705 -0.208154 -0.918644 0.394821 0.014471 -0.012230 0.000000 0.000000 0.000000 1.000000
0.385619 0.904000 -0.184611 0.407609 -0.085969 -0.164011 -0.982705 -0.208155 -0.918644 0.394821 0.014471 -0.012229 0.000000 0.000000 0.000000 1.000000
0.385620 0.904001 -0.184610 0.407608 -0.085969 -0.164011 -0.982705 -0.208155 -0.918644 0.394821 0.014471 -0.012230 0.000000 0.000000 0.000000 1.000000</float_array>
     <technique_common>
      <accessor source="#jnt_right_handpinky1-Matrix-animation-output-transform-array" count="23" stride="16">
       <param type="float4x4"></param>
      </accessor>
     </technique_common>
    </source>
    <source id="jnt_right_handpinky1-Interpolations">
     <Name_array id="jnt_right_handpinky1-Interpolations-array" count="23">
 LINEAR LINEAR LINEAR LINEAR LINEAR LINEAR LINEAR LINEAR LINEAR LINEAR LINEAR
LINEAR LINEAR LINEAR LINEAR LINEAR LINEAR LINEAR LINEAR LINEAR LINEAR LINEAR LINEAR</Name_array>
     <technique_common>
      <accessor source="#jnt_right_handpinky1-Interpolations-array" count="23">
       <param type="name"></param>
      </accessor>
     </technique_common>
    </source>
    <sampler id="jnt_right_handpinky1-Matrix-animation-transform">
     <input semantic="INPUT" source="#jnt_right_handpinky1-Matrix-animation-input"></input>
     <input semantic="OUTPUT" source="#jnt_right_handpinky1-Matrix-animation-output-transform"></input>
     <input semantic="INTERPOLATION" source="#jnt_right_handpinky1-Interpolations"></input>
    </sampler>
    <channel source="#jnt_right_handpinky1-Matrix-animation-transform" target="jnt_right_handpinky1/matrix"></channel>
   </animation>
  </animation>
  <animation id="jnt_right_handpinky2-anim" name="jnt_right_handpinky2">
   <animation>
    <source id="jnt_right_handpinky2-Matrix-animation-input">
     <float_array id="jnt_right_handpinky2-Matrix-animation-input-array" count="23">

0.000000 0.033333 0.066667 0.100000 0.133333 0.166667 0.200000 0.233333 0.266667 0.300000 0.333333 0.366667 0.400000 0.433333 0.466667 0.500000
0.533333 0.566667 0.600000 0.633333 0.666667 0.700000 0.733333</float_array>
     <technique_common>
      <accessor source="#jnt_right_handpinky2-Matrix-animation-input-array" count="23">
       <param name="TIME" type="float"></param>
      </accessor>
     </technique_common>
    </source>
    <source id="jnt_right_handpinky2-Matrix-animation-output-transform">
     <float_array id="jnt_right_handpinky2-Matrix-animation-output-transform-array" count="368">

0.734578 0.678524 -0.000001 0.148507 -0.678524 0.734578 -0.000001 0.000001 -0.000000 0.000001 1.000000 0.000000 0.000000 0.000000 0.000000 1.000000
0.734579 0.678524 -0.000001 0.148507 -0.678524 0.734578 -0.000001 0.000001 -0.000000 0.000001 1.000000 0.000000 0.000000 0.000000 0.000000 1.000000
0.734578 0.678524 -0.000001 0.148508 -0.678524 0.734578 -0.000001 0.000001 -0.000000 0.000001 1.000000 -0.000000 0.000000 0.000000 0.000000 1.000000
0.734578 0.678524 -0.000001 0.148507 -0.678524 0.734578 -0.000001 0.000001 -0.000000 0.000001 1.000000 0.000000 0.000000 0.000000 0.000000 1.000000
0.734578 0.678524 -0.000001 0.148507 -0.678524 0.734578 -0.000001 0.000001 -0.000000 0.000001 1.000000 0.000000 0.000000 0.000000 0.000000 1.000000
0.734578 0.678524 -0.000001 0.148507 -0.678524 0.734578 -0.000001 0.000001 -0.000000 0.000001 1.000000 -0.000000 0.000000 0.000000 0.000000 1.000000
0.734579 0.678524 -0.000001 0.148506 -0.678524 0.734578 -0.000001 0.000001 -0.000000 0.000001 1.000000 0.000000 0.000000 0.000000 0.000000 1.000000
0.734578 0.678524 -0.000001 0.148507 -0.678524 0.734578 -0.000001 0.000001 -0.000000 0.000001 1.000000 -0.000000 0.000000 0.000000 0.000000 1.000000
0.734578 0.678524 -0.000001 0.148507 -0.678524 0.734578 -0.000001 0.000001 -0.000000 0.000001 1.000000 0.000000 0.000000 0.000000 0.000000 1.000000
0.734578 0.678524 -0.000001 0.148507 -0.678524 0.734579 -0.000001 0.000001 -0.000000 0.000001 1.000000 0.000000 0.000000 0.000000 0.000000 1.000000
0.734578 0.678524 -0.000001 0.148507 -0.678524 0.734578 -0.000001 0.000001 -0.000000 0.000001 1.000000 0.000000 0.000000 0.000000 0.000000 1.000000
0.734578 0.678524 -0.000001 0.148507 -0.678524 0.734578 -0.000001 0.000001 -0.000000 0.000001 1.000000 0.000000 0.000000 0.000000 0.000000 1.000000
0.734578 0.678524 -0.000001 0.148507 -0.678524 0.734578 -0.000001 0.000001 -0.000000 0.000001 1.000000 -0.000000 0.000000 0.000000 0.000000 1.000000
0.734578 0.678524 -0.000001 0.148507 -0.678524 0.734578 -0.000001 0.000000 -0.000000 0.000001 1.000000 0.000000 0.000000 0.000000 0.000000 1.000000
0.734578 0.678524 -0.000001 0.148508 -0.678524 0.734578 -0.000001 0.000001 -0.000000 0.000001 1.000000 -0.000001 0.000000 0.000000 0.000000 1.000000
0.734579 0.678524 -0.000001 0.148507 -0.678524 0.734579 -0.000001 0.000001 -0.000000 0.000001 1.000000 -0.000000 0.000000 0.000000 0.000000 1.000000
0.734578 0.678524 -0.000001 0.148507 -0.678524 0.734578 -0.000001 0.000001 -0.000000 0.000001 1.000000 -0.000000 0.000000 0.000000 0.000000 1.000000
0.734578 0.678524 -0.000001 0.148507 -0.678524 0.734578 -0.000001 0.000001 -0.000000 0.000001 1.000000 0.000000 0.000000 0.000000 0.000000 1.000000
0.734578 0.678524 -0.000001 0.148507 -0.678524 0.734578 -0.000001 0.000001 -0.000000 0.000001 1.000000 -0.000000 0.000000 0.000000 0.000000 1.000000
0.734578 0.678524 -0.000001 0.148507 -0.678524 0.734578 -0.000001 0.000001 -0.000000 0.000001 1.000000 -0.000001 0.000000 0.000000 0.000000 1.000000
0.734578 0.678524 -0.000001 0.148507 -0.678524 0.734578 -0.000001 0.000001 -0.000000 0.000001 1.000000 -0.000001 0.000000 0.000000 0.000000 1.000000
0.734578 0.678524 -0.000001 0.148507 -0.678524 0.734578 -0.000001 0.000001 -0.000000 0.000001 1.000000 -0.000000 0.000000 0.000000 0.000000 1.000000
0.734578 0.678524 -0.000001 0.148507 -0.678524 0.734578 -0.000001 0.000001 -0.000000 0.000001 1.000000 -0.000001 0.000000 0.000000 0.000000 1.000000</float_array>
     <technique_common>
      <accessor source="#jnt_right_handpinky2-Matrix-animation-output-transform-array" count="23" stride="16">
       <param type="float4x4"></param>
      </accessor>
     </technique_common>
    </source>
    <source id="jnt_right_handpinky2-Interpolations">
     <Name_array id="jnt_right_handpinky2-Interpolations-array" count="23">
 LINEAR LINEAR LINEAR LINEAR LINEAR LINEAR LINEAR LINEAR LINEAR LINEAR LINEAR
LINEAR LINEAR LINEAR LINEAR LINEAR LINEAR LINEAR LINEAR LINEAR LINEAR LINEAR LINEAR</Name_array>
     <technique_common>
      <accessor source="#jnt_right_handpinky2-Interpolations-array" count="23">
       <param type="name"></param>
      </accessor>
     </technique_common>
    </source>
    <sampler id="jnt_right_handpinky2-Matrix-animation-transform">
     <input semantic="INPUT" source="#jnt_right_handpinky2-Matrix-animation-input"></input>
     <input semantic="OUTPUT" source="#jnt_right_handpinky2-Matrix-animation-output-transform"></input>
     <input semantic="INTERPOLATION" source="#jnt_right_handpinky2-Interpolations"></input>
    </sampler>
    <channel source="#jnt_right_handpinky2-Matrix-animation-transform" target="jnt_right_handpinky2/matrix"></channel>
   </animation>
  </animation>
  <animation id="jnt_right_handpinky3-anim" name="jnt_right_handpinky3">
   <animation>
    <source id="jnt_right_handpinky3-Matrix-animation-input">
     <float_array id="jnt_right_handpinky3-Matrix-animation-input-array" count="23">

0.000000 0.033333 0.066667 0.100000 0.133333 0.166667 0.200000 0.233333 0.266667 0.300000 0.333333 0.366667 0.400000 0.433333 0.466667 0.500000
0.533333 0.566667 0.600000 0.633333 0.666667 0.700000 0.733333</float_array>
     <technique_common>
      <accessor source="#jnt_right_handpinky3-Matrix-animation-input-array" count="23">
       <param name="TIME" type="float"></param>
      </accessor>
     </technique_common>
    </source>
    <source id="jnt_right_handpinky3-Matrix-animation-output-transform">
     <float_array id="jnt_right_handpinky3-Matrix-animation-output-transform-array" count="368">

0.878731 0.477317 0.000000 0.075471 -0.477317 0.878731 0.000002 -0.000002 0.000001 -0.000001 1.000000 0.000000 0.000000 0.000000 0.000000 1.000000
0.878731 0.477317 -0.000000 0.075471 -0.477317 0.878731 0.000002 -0.000001 0.000001 -0.000001 1.000000 -0.000000 0.000000 0.000000 0.000000 1.000000
0.878731 0.477317 -0.000000 0.075471 -0.477317 0.878731 0.000002 -0.000001 0.000001 -0.000001 1.000000 -0.000000 0.000000 0.000000 0.000000 1.000000
0.878731 0.477317 -0.000000 0.075471 -0.477317 0.878731 0.000002 -0.000002 0.000001 -0.000001 1.000000 0.000000 0.000000 0.000000 0.000000 1.000000
0.878731 0.477317 -0.000000 0.075471 -0.477317 0.878731 0.000002 -0.000001 0.000001 -0.000001 1.000000 -0.000000 0.000000 0.000000 0.000000 1.000000
0.878731 0.477317 -0.000000 0.075471 -0.477317 0.878731 0.000002 -0.000001 0.000001 -0.000001 1.000000 -0.000000 0.000000 0.000000 0.000000 1.000000
0.878731 0.477317 -0.000000 0.075471 -0.477317 0.878731 0.000002 -0.000002 0.000001 -0.000001 1.000000 0.000001 0.000000 0.000000 0.000000 1.000000
0.878731 0.477317 -0.000000 0.075471 -0.477317 0.878731 0.000002 -0.000001 0.000001 -0.000001 1.000000 -0.000000 0.000000 0.000000 0.000000 1.000000
0.878731 0.477317 -0.000000 0.075471 -0.477317 0.878731 0.000002 -0.000001 0.000001 -0.000001 1.000000 -0.000000 0.000000 0.000000 0.000000 1.000000
0.878731 0.477317 -0.000000 0.075471 -0.477317 0.878731 0.000002 -0.000002 0.000001 -0.000001 1.000000 -0.000001 0.000000 0.000000 0.000000 1.000000
0.878731 0.477317 -0.000000 0.075471 -0.477317 0.878731 0.000002 -0.000002 0.000001 -0.000001 1.000000 0.000000 0.000000 0.000000 0.000000 1.000000
0.878732 0.477317 -0.000000 0.075471 -0.477317 0.878731 0.000002 -0.000001 0.000001 -0.000001 1.000000 0.000001 0.000000 0.000000 0.000000 1.000000
0.878731 0.477317 -0.000000 0.075471 -0.477317 0.878731 0.000002 -0.000001 0.000001 -0.000001 1.000000 0.000000 0.000000 0.000000 0.000000 1.000000
0.878731 0.477317 -0.000000 0.075471 -0.477317 0.878731 0.000002 -0.000001 0.000001 -0.000001 1.000000 -0.000000 0.000000 0.000000 0.000000 1.000000
0.878731 0.477317 0.000000 0.075471 -0.477317 0.878731 0.000002 -0.000001 0.000001 -0.000001 1.000000 0.000000 0.000000 0.000000 0.000000 1.000000
0.878731 0.477317 -0.000000 0.075471 -0.477317 0.878731 0.000002 -0.000001 0.000001 -0.000001 1.000000 -0.000000 0.000000 0.000000 0.000000 1.000000
0.878731 0.477317 -0.000000 0.075471 -0.477317 0.878731 0.000002 -0.000001 0.000001 -0.000001 1.000000 0.000000 0.000000 0.000000 0.000000 1.000000
0.878731 0.477317 -0.000000 0.075471 -0.477317 0.878731 0.000002 -0.000001 0.000001 -0.000001 1.000000 0.000001 0.000000 0.000000 0.000000 1.000000
0.878731 0.477317 -0.000000 0.075471 -0.477317 0.878731 0.000002 -0.000001 0.000001 -0.000001 1.000000 0.000000 0.000000 0.000000 0.000000 1.000000
0.878731 0.477317 0.000000 0.075471 -0.477317 0.878731 0.000002 -0.000001 0.000001 -0.000001 1.000000 -0.000000 0.000000 0.000000 0.000000 1.000000
0.878731 0.477317 -0.000000 0.075471 -0.477317 0.878731 0.000002 -0.000001 0.000001 -0.000001 1.000000 0.000001 0.000000 0.000000 0.000000 1.000000
0.878731 0.477317 0.000000 0.075471 -0.477317 0.878731 0.000002 -0.000002 0.000001 -0.000001 1.000000 0.000000 0.000000 0.000000 0.000000 1.000000
0.878731 0.477317 -0.000000 0.075471 -0.477317 0.878731 0.000002 -0.000002 0.000001 -0.000001 1.000000 -0.000000 0.000000 0.000000 0.000000 1.000000</float_array>
     <technique_common>
      <accessor source="#jnt_right_handpinky3-Matrix-animation-output-transform-array" count="23" stride="16">
       <param type="float4x4"></param>
      </accessor>
     </technique_common>
    </source>
    <source id="jnt_right_handpinky3-Interpolations">
     <Name_array id="jnt_right_handpinky3-Interpolations-array" count="23">
 LINEAR LINEAR LINEAR LINEAR LINEAR LINEAR LINEAR LINEAR LINEAR LINEAR LINEAR
LINEAR LINEAR LINEAR LINEAR LINEAR LINEAR LINEAR LINEAR LINEAR LINEAR LINEAR LINEAR</Name_array>
     <technique_common>
      <accessor source="#jnt_right_handpinky3-Interpolations-array" count="23">
       <param type="name"></param>
      </accessor>
     </technique_common>
    </source>
    <sampler id="jnt_right_handpinky3-Matrix-animation-transform">
     <input semantic="INPUT" source="#jnt_right_handpinky3-Matrix-animation-input"></input>
     <input semantic="OUTPUT" source="#jnt_right_handpinky3-Matrix-animation-output-transform"></input>
     <input semantic="INTERPOLATION" source="#jnt_right_handpinky3-Interpolations"></input>
    </sampler>
    <channel source="#jnt_right_handpinky3-Matrix-animation-transform" target="jnt_right_handpinky3/matrix"></channel>
   </animation>
  </animation>
  <animation id="jnt_right_handpinky4-anim" name="jnt_right_handpinky4">
   <animation>
    <source id="jnt_right_handpinky4-Matrix-animation-input">
     <float_array id="jnt_right_handpinky4-Matrix-animation-input-array" count="23">

0.000000 0.033333 0.066667 0.100000 0.133333 0.166667 0.200000 0.233333 0.266667 0.300000 0.333333 0.366667 0.400000 0.433333 0.466667 0.500000
0.533333 0.566667 0.600000 0.633333 0.666667 0.700000 0.733333</float_array>
     <technique_common>
      <accessor source="#jnt_right_handpinky4-Matrix-animation-input-array" count="23">
       <param name="TIME" type="float"></param>
      </accessor>
     </technique_common>
    </source>
    <source id="jnt_right_handpinky4-Matrix-animation-output-transform">
     <float_array id="jnt_right_handpinky4-Matrix-animation-output-transform-array" count="368">

1.000000 -0.000000 -0.000000 0.101152 0.000000 1.000000 -0.000000 -0.000000 0.000000 0.000000 1.000000 0.000000 0.000000 0.000000 0.000000 1.000000
1.000000 -0.000000 -0.000000 0.101152 0.000000 1.000000 0.000000 0.000000 0.000000 -0.000000 1.000000 0.000000 0.000000 0.000000 0.000000 1.000000
1.000000 -0.000000 0.000000 0.101152 0.000000 1.000000 -0.000000 0.000000 -0.000000 0.000000 1.000000 0.000000 0.000000 0.000000 0.000000 1.000000
1.000000 0.000000 0.000000 0.101152 -0.000000 1.000000 -0.000000 0.000000 -0.000000 0.000000 1.000000 -0.000000 0.000000 0.000000 0.000000 1.000000
1.000000 -0.000000 0.000000 0.101152 0.000000 1.000000 0.000000 0.000000 -0.000000 -0.000000 1.000000 0.000000 0.000000 0.000000 0.000000 1.000000
1.000000 0.000000 -0.000000 0.101152 -0.000000 1.000000 0.000000 0.000000 0.000000 -0.000000 1.000000 0.000000 0.000000 0.000000 0.000000 1.000000
1.000000 0.000000 0.000000 0.101152 -0.000000 1.000000 0.000000 0.000000 -0.000000 -0.000000 1.000000 -0.000000 0.000000 0.000000 0.000000 1.000000
1.000000 -0.000000 0.000000 0.101152 0.000000 1.000000 -0.000000 0.000000 -0.000000 0.000000 1.000000 -0.000000 0.000000 0.000000 0.000000 1.000000
1.000000 -0.000000 0.000000 0.101152 0.000000 1.000000 -0.000000 0.000000 -0.000000 0.000000 1.000000 -0.000000 0.000000 0.000000 0.000000 1.000000
1.000000 -0.000000 0.000000 0.101152 0.000000 1.000000 0.000000 -0.000000 -0.000000 -0.000000 1.000000 -0.000000 0.000000 0.000000 0.000000 1.000000
1.000000 -0.000000 0.000000 0.101152 0.000000 1.000000 -0.000000 -0.000000 -0.000000 0.000000 1.000000 -0.000000 0.000000 0.000000 0.000000 1.000000
1.000000 -0.000000 -0.000000 0.101152 0.000000 1.000000 0.000000 0.000000 0.000000 -0.000000 1.000000 -0.000000 0.000000 0.000000 0.000000 1.000000
1.000000 -0.000000 0.000000 0.101152 0.000000 1.000000 -0.000000 0.000000 -0.000000 0.000000 1.000000 -0.000000 0.000000 0.000000 0.000000 1.000000
1.000000 0.000000 -0.000000 0.101152 -0.000000 1.000000 -0.000000 0.000000 0.000000 0.000000 1.000000 -0.000000 0.000000 0.000000 0.000000 1.000000
1.000000 -0.000000 0.000000 0.101152 0.000000 1.000000 -0.000000 -0.000000 -0.000000 0.000000 1.000000 -0.000000 0.000000 0.000000 0.000000 1.000000
1.000000 -0.000000 -0.000000 0.101152 0.000000 1.000000 -0.000000 -0.000000 0.000000 0.000000 1.000000 0.000000 0.000000 0.000000 0.000000 1.000000
1.000000 0.000000 0.000000 0.101152 -0.000000 1.000000 0.000000 0.000000 -0.000000 -0.000000 1.000000 0.000000 0.000000 0.000000 0.000000 1.000000
1.000000 0.000000 -0.000000 0.101152 -0.000000 1.000000 -0.000000 0.000000 0.000000 0.000000 1.000000 0.000000 0.000000 0.000000 0.000000 1.000000
1.000000 -0.000000 0.000000 0.101152 0.000000 1.000000 -0.000000 0.000000 -0.000000 0.000000 1.000000 0.000000 0.000000 0.000000 0.000000 1.000000
1.000000 0.000000 0.000000 0.101152 -0.000000 1.000000 -0.000000 0.000000 -0.000000 0.000000 1.000000 -0.000000 0.000000 0.000000 0.000000 1.000000
1.000000 0.000000 -0.000000 0.101152 -0.000000 1.000000 0.000000 0.000000 0.000000 -0.000000 1.000000 0.000001 0.000000 0.000000 0.000000 1.000000
1.000000 -0.000000 -0.000000 0.101152 0.000000 1.000000 -0.000000 0.000000 0.000000 0.000000 1.000000 0.000000 0.000000 0.000000 0.000000 1.000000
1.000000 0.000000 -0.000000 0.101152 -0.000000 1.000000 0.000000 0.000000 0.000000 -0.000000 1.000000 0.000000 0.000000 0.000000 0.000000 1.000000</float_array>
     <technique_common>
      <accessor source="#jnt_right_handpinky4-Matrix-animation-output-transform-array" count="23" stride="16">
       <param type="float4x4"></param>
      </accessor>
     </technique_common>
    </source>
    <source id="jnt_right_handpinky4-Interpolations">
     <Name_array id="jnt_right_handpinky4-Interpolations-array" count="23">
 LINEAR LINEAR LINEAR LINEAR LINEAR LINEAR LINEAR LINEAR LINEAR LINEAR LINEAR
LINEAR LINEAR LINEAR LINEAR LINEAR LINEAR LINEAR LINEAR LINEAR LINEAR LINEAR LINEAR</Name_array>
     <technique_common>
      <accessor source="#jnt_right_handpinky4-Interpolations-array" count="23">
       <param type="name"></param>
      </accessor>
     </technique_common>
    </source>
    <sampler id="jnt_right_handpinky4-Matrix-animation-transform">
     <input semantic="INPUT" source="#jnt_right_handpinky4-Matrix-animation-input"></input>
     <input semantic="OUTPUT" source="#jnt_right_handpinky4-Matrix-animation-output-transform"></input>
     <input semantic="INTERPOLATION" source="#jnt_right_handpinky4-Interpolations"></input>
    </sampler>
    <channel source="#jnt_right_handpinky4-Matrix-animation-transform" target="jnt_right_handpinky4/matrix"></channel>
   </animation>
  </animation>
  <animation id="jnt_backpack-anim" name="jnt_backpack">
   <animation>
    <source id="jnt_backpack-Matrix-animation-input">
     <float_array id="jnt_backpack-Matrix-animation-input-array" count="23">

0.000000 0.033333 0.066667 0.100000 0.133333 0.166667 0.200000 0.233333 0.266667 0.300000 0.333333 0.366667 0.400000 0.433333 0.466667 0.500000
0.533333 0.566667 0.600000 0.633333 0.666667 0.700000 0.733333</float_array>
     <technique_common>
      <accessor source="#jnt_backpack-Matrix-animation-input-array" count="23">
       <param name="TIME" type="float"></param>
      </accessor>
     </technique_common>
    </source>
    <source id="jnt_backpack-Matrix-animation-output-transform">
     <float_array id="jnt_backpack-Matrix-animation-output-transform-array" count="368">

0.000000 0.995068 -0.099191 0.682545 -0.000000 0.099191 0.995068 -0.705658 1.000000 -0.000000 0.000000 -0.000000 0.000000 0.000000 0.000000 1.000000
0.000000 0.995068 -0.099191 0.682545 -0.000000 0.099191 0.995068 -0.705658 1.000000 -0.000000 0.000000 -0.000000 0.000000 0.000000 0.000000 1.000000
0.000000 0.995068 -0.099191 0.682545 -0.000000 0.099191 0.995068 -0.705658 1.000000 -0.000000 0.000000 -0.000000 0.000000 0.000000 0.000000 1.000000
0.000000 0.995068 -0.099191 0.682545 -0.000000 0.099191 0.995068 -0.705658 1.000000 -0.000000 0.000000 -0.000000 0.000000 0.000000 0.000000 1.000000
0.000000 0.995068 -0.099191 0.682545 -0.000000 0.099191 0.995068 -0.705658 1.000000 -0.000000 0.000000 -0.000000 0.000000 0.000000 0.000000 1.000000
0.000000 0.995068 -0.099191 0.682545 -0.000000 0.099191 0.995068 -0.705658 1.000000 -0.000000 0.000000 -0.000000 0.000000 0.000000 0.000000 1.000000
0.000000 0.995068 -0.099191 0.682545 -0.000000 0.099191 0.995068 -0.705658 1.000000 -0.000000 0.000000 -0.000000 0.000000 0.000000 0.000000 1.000000
0.000000 0.995068 -0.099191 0.682545 -0.000000 0.099191 0.995068 -0.705658 1.000000 -0.000000 0.000000 -0.000000 0.000000 0.000000 0.000000 1.000000
0.000000 0.995068 -0.099191 0.682545 -0.000000 0.099191 0.995068 -0.705658 1.000000 -0.000000 0.000000 -0.000000 0.000000 0.000000 0.000000 1.000000
0.000000 0.995068 -0.099191 0.682545 -0.000000 0.099191 0.995068 -0.705658 1.000000 -0.000000 0.000000 -0.000000 0.000000 0.000000 0.000000 1.000000
0.000000 0.995068 -0.099191 0.682545 -0.000000 0.099191 0.995068 -0.705658 1.000000 -0.000000 0.000000 -0.000000 0.000000 0.000000 0.000000 1.000000
0.000000 0.995068 -0.099191 0.682545 -0.000000 0.099191 0.995068 -0.705658 1.000000 -0.000000 0.000000 -0.000000 0.000000 0.000000 0.000000 1.000000
0.000000 0.995068 -0.099191 0.682545 -0.000000 0.099191 0.995068 -0.705658 1.000000 -0.000000 0.000000 -0.000000 0.000000 0.000000 0.000000 1.000000
0.000000 0.995068 -0.099191 0.682545 -0.000000 0.099191 0.995068 -0.705658 1.000000 -0.000000 0.000000 -0.000000 0.000000 0.000000 0.000000 1.000000
0.000000 0.995068 -0.099191 0.682545 -0.000000 0.099191 0.995068 -0.705658 1.000000 -0.000000 0.000000 -0.000000 0.000000 0.000000 0.000000 1.000000
0.000000 0.995068 -0.099191 0.682545 -0.000000 0.099191 0.995068 -0.705658 1.000000 -0.000000 0.000000 -0.000000 0.000000 0.000000 0.000000 1.000000
0.000000 0.995068 -0.099191 0.682545 -0.000000 0.099191 0.995068 -0.705658 1.000000 -0.000000 0.000000 -0.000000 0.000000 0.000000 0.000000 1.000000
0.000000 0.995068 -0.099191 0.682545 -0.000000 0.099191 0.995068 -0.705658 1.000000 -0.000000 0.000000 -0.000000 0.000000 0.000000 0.000000 1.000000
0.000000 0.995068 -0.099191 0.682545 -0.000000 0.099191 0.995068 -0.705658 1.000000 -0.000000 0.000000 -0.000000 0.000000 0.000000 0.000000 1.000000
0.000000 0.995068 -0.099191 0.682545 -0.000000 0.099191 0.995068 -0.705658 1.000000 -0.000000 0.000000 -0.000000 0.000000 0.000000 0.000000 1.000000
0.000000 0.995068 -0.099191 0.682545 -0.000000 0.099191 0.995068 -0.705658 1.000000 -0.000000 0.000000 -0.000000 0.000000 0.000000 0.000000 1.000000
0.000000 0.995068 -0.099191 0.682545 -0.000000 0.099191 0.995068 -0.705658 1.000000 -0.000000 0.000000 -0.000000 0.000000 0.000000 0.000000 1.000000
0.000000 0.995068 -0.099191 0.682545 -0.000000 0.099191 0.995068 -0.705658 1.000000 -0.000000 0.000000 -0.000000 0.000000 0.000000 0.000000 1.000000</float_array>
     <technique_common>
      <accessor source="#jnt_backpack-Matrix-animation-output-transform-array" count="23" stride="16">
       <param type="float4x4"></param>
      </accessor>
     </technique_common>
    </source>
    <source id="jnt_backpack-Interpolations">
     <Name_array id="jnt_backpack-Interpolations-array" count="23">
 LINEAR LINEAR LINEAR LINEAR LINEAR LINEAR LINEAR LINEAR LINEAR LINEAR LINEAR
LINEAR LINEAR LINEAR LINEAR LINEAR LINEAR LINEAR LINEAR LINEAR LINEAR LINEAR LINEAR</Name_array>
     <technique_common>
      <accessor source="#jnt_backpack-Interpolations-array" count="23">
       <param type="name"></param>
      </accessor>
     </technique_common>
    </source>
    <sampler id="jnt_backpack-Matrix-animation-transform">
     <input semantic="INPUT" source="#jnt_backpack-Matrix-animation-input"></input>
     <input semantic="OUTPUT" source="#jnt_backpack-Matrix-animation-output-transform"></input>
     <input semantic="INTERPOLATION" source="#jnt_backpack-Interpolations"></input>
    </sampler>
    <channel source="#jnt_backpack-Matrix-animation-transform" target="jnt_backpack/matrix"></channel>
   </animation>
  </animation>
  <animation id="jnt_camera-anim" name="jnt_camera">
   <animation>
    <source id="jnt_camera-Matrix-animation-input">
     <float_array id="jnt_camera-Matrix-animation-input-array" count="23">

0.000000 0.033333 0.066667 0.100000 0.133333 0.166667 0.200000 0.233333 0.266667 0.300000 0.333333 0.366667 0.400000 0.433333 0.466667 0.500000
0.533333 0.566667 0.600000 0.633333 0.666667 0.700000 0.733333</float_array>
     <technique_common>
      <accessor source="#jnt_camera-Matrix-animation-input-array" count="23">
       <param name="TIME" type="float"></param>
      </accessor>
     </technique_common>
    </source>
    <source id="jnt_camera-Matrix-animation-output-transform">
     <float_array id="jnt_camera-Matrix-animation-output-transform-array" count="368">

1.000000 -0.000000 -0.000000 0.000000 0.000000 0.999988 0.004912 1.193611 0.000000 -0.004912 0.999988 0.007402 0.000000 0.000000 0.000000 1.000000
1.000000 -0.000000 -0.000000 0.000000 0.000000 0.999988 0.004912 1.193611 0.000000 -0.004912 0.999988 0.007402 0.000000 0.000000 0.000000 1.000000
1.000000 -0.000000 -0.000000 0.000000 0.000000 0.999988 0.004912 1.193611 0.000000 -0.004912 0.999988 0.007402 0.000000 0.000000 0.000000 1.000000
1.000000 -0.000000 -0.000000 0.000000 0.000000 0.999988 0.004912 1.193611 0.000000 -0.004912 0.999988 0.007402 0.000000 0.000000 0.000000 1.000000
1.000000 -0.000000 -0.000000 0.000000 0.000000 0.999988 0.004912 1.193611 0.000000 -0.004912 0.999988 0.007402 0.000000 0.000000 0.000000 1.000000
1.000000 -0.000000 -0.000000 0.000000 0.000000 0.999988 0.004912 1.193611 0.000000 -0.004912 0.999988 0.007402 0.000000 0.000000 0.000000 1.000000
1.000000 -0.000000 -0.000000 0.000000 0.000000 0.999988 0.004912 1.193611 0.000000 -0.004912 0.999988 0.007402 0.000000 0.000000 0.000000 1.000000
1.000000 -0.000000 -0.000000 0.000000 0.000000 0.999988 0.004912 1.193611 0.000000 -0.004912 0.999988 0.007402 0.000000 0.000000 0.000000 1.000000
1.000000 -0.000000 -0.000000 0.000000 0.000000 0.999988 0.004912 1.193611 0.000000 -0.004912 0.999988 0.007402 0.000000 0.000000 0.000000 1.000000
1.000000 -0.000000 -0.000000 0.000000 0.000000 0.999988 0.004912 1.193611 0.000000 -0.004912 0.999988 0.007402 0.000000 0.000000 0.000000 1.000000
1.000000 -0.000000 -0.000000 0.000000 0.000000 0.999988 0.004912 1.193611 0.000000 -0.004912 0.999988 0.007402 0.000000 0.000000 0.000000 1.000000
1.000000 -0.000000 -0.000000 0.000000 0.000000 0.999988 0.004912 1.193611 0.000000 -0.004912 0.999988 0.007402 0.000000 0.000000 0.000000 1.000000
1.000000 -0.000000 -0.000000 0.000000 0.000000 0.999988 0.004912 1.193611 0.000000 -0.004912 0.999988 0.007402 0.000000 0.000000 0.000000 1.000000
1.000000 -0.000000 -0.000000 0.000000 0.000000 0.999988 0.004912 1.193611 0.000000 -0.004912 0.999988 0.007402 0.000000 0.000000 0.000000 1.000000
1.000000 -0.000000 -0.000000 0.000000 0.000000 0.999988 0.004912 1.193611 0.000000 -0.004912 0.999988 0.007402 0.000000 0.000000 0.000000 1.000000
1.000000 -0.000000 -0.000000 0.000000 0.000000 0.999988 0.004912 1.193611 0.000000 -0.004912 0.999988 0.007402 0.000000 0.000000 0.000000 1.000000
1.000000 -0.000000 -0.000000 0.000000 0.000000 0.999988 0.004912 1.193611 0.000000 -0.004912 0.999988 0.007402 0.000000 0.000000 0.000000 1.000000
1.000000 -0.000000 -0.000000 0.000000 0.000000 0.999988 0.004912 1.193611 0.000000 -0.004912 0.999988 0.007402 0.000000 0.000000 0.000000 1.000000
1.000000 -0.000000 -0.000000 0.000000 0.000000 0.999988 0.004912 1.193611 0.000000 -0.004912 0.999988 0.007402 0.000000 0.000000 0.000000 1.000000
1.000000 -0.000000 -0.000000 0.000000 0.000000 0.999988 0.004912 1.193611 0.000000 -0.004912 0.999988 0.007402 0.000000 0.000000 0.000000 1.000000
1.000000 -0.000000 -0.000000 0.000000 0.000000 0.999988 0.004912 1.193611 0.000000 -0.004912 0.999988 0.007402 0.000000 0.000000 0.000000 1.000000
1.000000 -0.000000 -0.000000 0.000000 0.000000 0.999988 0.004912 1.193611 0.000000 -0.004912 0.999988 0.007402 0.000000 0.000000 0.000000 1.000000
1.000000 -0.000000 -0.000000 0.000000 0.000000 0.999988 0.004912 1.193611 0.000000 -0.004912 0.999988 0.007402 0.000000 0.000000 0.000000 1.000000</float_array>
     <technique_common>
      <accessor source="#jnt_camera-Matrix-animation-output-transform-array" count="23" stride="16">
       <param type="float4x4"></param>
      </accessor>
     </technique_common>
    </source>
    <source id="jnt_camera-Interpolations">
     <Name_array id="jnt_camera-Interpolations-array" count="23">
 LINEAR LINEAR LINEAR LINEAR LINEAR LINEAR LINEAR LINEAR LINEAR LINEAR LINEAR
LINEAR LINEAR LINEAR LINEAR LINEAR LINEAR LINEAR LINEAR LINEAR LINEAR LINEAR LINEAR</Name_array>
     <technique_common>
      <accessor source="#jnt_camera-Interpolations-array" count="23">
       <param type="name"></param>
      </accessor>
     </technique_common>
    </source>
    <sampler id="jnt_camera-Matrix-animation-transform">
     <input semantic="INPUT" source="#jnt_camera-Matrix-animation-input"></input>
     <input semantic="OUTPUT" source="#jnt_camera-Matrix-animation-output-transform"></input>
     <input semantic="INTERPOLATION" source="#jnt_camera-Interpolations"></input>
    </sampler>
    <channel source="#jnt_camera-Matrix-animation-transform" target="jnt_camera/matrix"></channel>
   </animation>
  </animation>
  <animation id="jnt_right_upleg-anim" name="jnt_right_upleg">
   <animation>
    <source id="jnt_right_upleg-Matrix-animation-input">
     <float_array id="jnt_right_upleg-Matrix-animation-input-array" count="23">

0.000000 0.033333 0.066667 0.100000 0.133333 0.166667 0.200000 0.233333 0.266667 0.300000 0.333333 0.366667 0.400000 0.433333 0.466667 0.500000
0.533333 0.566667 0.600000 0.633333 0.666667 0.700000 0.733333</float_array>
     <technique_common>
      <accessor source="#jnt_right_upleg-Matrix-animation-input-array" count="23">
       <param name="TIME" type="float"></param>
      </accessor>
     </technique_common>
    </source>
    <source id="jnt_right_upleg-Matrix-animation-output-transform">
     <float_array id="jnt_right_upleg-Matrix-animation-output-transform-array" count="368">

-0.112562 -0.332887 -0.936224 -0.446779 -0.993503 0.053585 0.100396 -0.111214 0.016747 0.941443 -0.336756 0.043020 0.000000 0.000000 0.000000 1.000000
-0.112562 -0.332887 -0.936224 -0.446779 -0.993503 0.053585 0.100396 -0.111214 0.016747 0.941443 -0.336756 0.043020 0.000000 0.000000 0.000000 1.000000
-0.112562 -0.332887 -0.936224 -0.446779 -0.993503 0.053585 0.100396 -0.111214 0.016747 0.941443 -0.336756 0.043020 0.000000 0.000000 0.000000 1.000000
-0.112562 -0.332887 -0.936224 -0.446779 -0.993503 0.053585 0.100396 -0.111214 0.016747 0.941443 -0.336756 0.043020 0.000000 0.000000 0.000000 1.000000
-0.112562 -0.332887 -0.936224 -0.446779 -0.993503 0.053585 0.100396 -0.111214 0.016747 0.941443 -0.336756 0.043020 0.000000 0.000000 0.000000 1.000000
-0.112562 -0.332887 -0.936224 -0.446779 -0.993503 0.053585 0.100396 -0.111214 0.016747 0.941443 -0.336756 0.043020 0.000000 0.000000 0.000000 1.000000
-0.112562 -0.332887 -0.936224 -0.446779 -0.993503 0.053585 0.100396 -0.111214 0.016747 0.941443 -0.336756 0.043020 0.000000 0.000000 0.000000 1.000000
-0.112562 -0.332887 -0.936224 -0.446779 -0.993503 0.053585 0.100396 -0.111214 0.016747 0.941443 -0.336756 0.043020 0.000000 0.000000 0.000000 1.000000
-0.112562 -0.332887 -0.936224 -0.446779 -0.993503 0.053585 0.100396 -0.111214 0.016747 0.941443 -0.336756 0.043020 0.000000 0.000000 0.000000 1.000000
-0.112562 -0.332887 -0.936224 -0.446779 -0.993503 0.053585 0.100396 -0.111214 0.016747 0.941443 -0.336756 0.043020 0.000000 0.000000 0.000000 1.000000
-0.112562 -0.332887 -0.936224 -0.446779 -0.993503 0.053585 0.100396 -0.111214 0.016747 0.941443 -0.336756 0.043020 0.000000 0.000000 0.000000 1.000000
-0.112562 -0.332887 -0.936224 -0.446779 -0.993503 0.053585 0.100396 -0.111214 0.016747 0.941443 -0.336756 0.043020 0.000000 0.000000 0.000000 1.000000
-0.112562 -0.332887 -0.936224 -0.446779 -0.993503 0.053585 0.100396 -0.111214 0.016747 0.941443 -0.336756 0.043020 0.000000 0.000000 0.000000 1.000000
-0.112562 -0.332887 -0.936224 -0.446779 -0.993503 0.053585 0.100396 -0.111214 0.016747 0.941443 -0.336756 0.043020 0.000000 0.000000 0.000000 1.000000
-0.112562 -0.332887 -0.936224 -0.446779 -0.993503 0.053585 0.100396 -0.111214 0.016747 0.941443 -0.336756 0.043020 0.000000 0.000000 0.000000 1.000000
-0.112562 -0.332887 -0.936224 -0.446779 -0.993503 0.053585 0.100396 -0.111214 0.016747 0.941443 -0.336756 0.043020 0.000000 0.000000 0.000000 1.000000
-0.112562 -0.332887 -0.936224 -0.446779 -0.993503 0.053585 0.100396 -0.111214 0.016747 0.941443 -0.336756 0.043020 0.000000 0.000000 0.000000 1.000000
-0.112562 -0.332887 -0.936224 -0.446779 -0.993503 0.053585 0.100396 -0.111214 0.016747 0.941443 -0.336756 0.043020 0.000000 0.000000 0.000000 1.000000
-0.112562 -0.332887 -0.936224 -0.446779 -0.993503 0.053585 0.100396 -0.111214 0.016747 0.941443 -0.336756 0.043020 0.000000 0.000000 0.000000 1.000000
-0.112562 -0.332887 -0.936224 -0.446779 -0.993503 0.053585 0.100396 -0.111214 0.016747 0.941443 -0.336756 0.043020 0.000000 0.000000 0.000000 1.000000
-0.112562 -0.332887 -0.936224 -0.446779 -0.993503 0.053585 0.100396 -0.111214 0.016747 0.941443 -0.336756 0.043020 0.000000 0.000000 0.000000 1.000000
-0.112562 -0.332887 -0.936224 -0.446779 -0.993503 0.053585 0.100396 -0.111214 0.016747 0.941443 -0.336756 0.043020 0.000000 0.000000 0.000000 1.000000
-0.112562 -0.332887 -0.936224 -0.446779 -0.993503 0.053585 0.100396 -0.111214 0.016747 0.941443 -0.336756 0.043020 0.000000 0.000000 0.000000 1.000000</float_array>
     <technique_common>
      <accessor source="#jnt_right_upleg-Matrix-animation-output-transform-array" count="23" stride="16">
       <param type="float4x4"></param>
      </accessor>
     </technique_common>
    </source>
    <source id="jnt_right_upleg-Interpolations">
     <Name_array id="jnt_right_upleg-Interpolations-array" count="23">
 LINEAR LINEAR LINEAR LINEAR LINEAR LINEAR LINEAR LINEAR LINEAR LINEAR LINEAR
LINEAR LINEAR LINEAR LINEAR LINEAR LINEAR LINEAR LINEAR LINEAR LINEAR LINEAR LINEAR</Name_array>
     <technique_common>
      <accessor source="#jnt_right_upleg-Interpolations-array" count="23">
       <param type="name"></param>
      </accessor>
     </technique_common>
    </source>
    <sampler id="jnt_right_upleg-Matrix-animation-transform">
     <input semantic="INPUT" source="#jnt_right_upleg-Matrix-animation-input"></input>
     <input semantic="OUTPUT" source="#jnt_right_upleg-Matrix-animation-output-transform"></input>
     <input semantic="INTERPOLATION" source="#jnt_right_upleg-Interpolations"></input>
    </sampler>
    <channel source="#jnt_right_upleg-Matrix-animation-transform" target="jnt_right_upleg/matrix"></channel>
   </animation>
  </animation>
  <animation id="jnt_right_uplegroll-anim" name="jnt_right_uplegroll">
   <animation>
    <source id="jnt_right_uplegroll-Matrix-animation-input">
     <float_array id="jnt_right_uplegroll-Matrix-animation-input-array" count="23">

0.000000 0.033333 0.066667 0.100000 0.133333 0.166667 0.200000 0.233333 0.266667 0.300000 0.333333 0.366667 0.400000 0.433333 0.466667 0.500000
0.533333 0.566667 0.600000 0.633333 0.666667 0.700000 0.733333</float_array>
     <technique_common>
      <accessor source="#jnt_right_uplegroll-Matrix-animation-input-array" count="23">
       <param name="TIME" type="float"></param>
      </accessor>
     </technique_common>
    </source>
    <source id="jnt_right_uplegroll-Matrix-animation-output-transform">
     <float_array id="jnt_right_uplegroll-Matrix-animation-output-transform-array" count="368">

1.000000 -0.000000 0.000000 0.430000 0.000000 1.000000 0.000000 0.000000 -0.000000 -0.000000 1.000000 -0.000000 0.000000 0.000000 0.000000 1.000000
1.000000 -0.000000 0.000000 0.430000 0.000000 1.000000 0.000000 0.000000 -0.000000 -0.000000 1.000000 -0.000000 0.000000 0.000000 0.000000 1.000000
1.000000 -0.000000 0.000000 0.430000 0.000000 1.000000 0.000000 0.000000 -0.000000 -0.000000 1.000000 -0.000000 0.000000 0.000000 0.000000 1.000000
1.000000 -0.000000 0.000000 0.430000 0.000000 1.000000 0.000000 0.000000 -0.000000 -0.000000 1.000000 -0.000000 0.000000 0.000000 0.000000 1.000000
1.000000 -0.000000 0.000000 0.430000 0.000000 1.000000 0.000000 0.000000 -0.000000 -0.000000 1.000000 -0.000000 0.000000 0.000000 0.000000 1.000000
1.000000 -0.000000 0.000000 0.430000 0.000000 1.000000 0.000000 0.000000 -0.000000 -0.000000 1.000000 -0.000000 0.000000 0.000000 0.000000 1.000000
1.000000 -0.000000 0.000000 0.430000 0.000000 1.000000 0.000000 0.000000 -0.000000 -0.000000 1.000000 -0.000000 0.000000 0.000000 0.000000 1.000000
1.000000 -0.000000 0.000000 0.430000 0.000000 1.000000 0.000000 0.000000 -0.000000 -0.000000 1.000000 -0.000000 0.000000 0.000000 0.000000 1.000000
1.000000 -0.000000 0.000000 0.430000 0.000000 1.000000 0.000000 0.000000 -0.000000 -0.000000 1.000000 -0.000000 0.000000 0.000000 0.000000 1.000000
1.000000 -0.000000 0.000000 0.430000 0.000000 1.000000 0.000000 0.000000 -0.000000 -0.000000 1.000000 -0.000000 0.000000 0.000000 0.000000 1.000000
1.000000 -0.000000 0.000000 0.430000 0.000000 1.000000 0.000000 0.000000 -0.000000 -0.000000 1.000000 -0.000000 0.000000 0.000000 0.000000 1.000000
1.000000 -0.000000 0.000000 0.430000 0.000000 1.000000 0.000000 0.000000 -0.000000 -0.000000 1.000000 -0.000000 0.000000 0.000000 0.000000 1.000000
1.000000 -0.000000 0.000000 0.430000 0.000000 1.000000 0.000000 0.000000 -0.000000 -0.000000 1.000000 -0.000000 0.000000 0.000000 0.000000 1.000000
1.000000 -0.000000 0.000000 0.430000 0.000000 1.000000 0.000000 0.000000 -0.000000 -0.000000 1.000000 -0.000000 0.000000 0.000000 0.000000 1.000000
1.000000 -0.000000 0.000000 0.430000 0.000000 1.000000 0.000000 0.000000 -0.000000 -0.000000 1.000000 -0.000000 0.000000 0.000000 0.000000 1.000000
1.000000 -0.000000 0.000000 0.430000 0.000000 1.000000 0.000000 0.000000 -0.000000 -0.000000 1.000000 -0.000000 0.000000 0.000000 0.000000 1.000000
1.000000 -0.000000 0.000000 0.430000 0.000000 1.000000 0.000000 0.000000 -0.000000 -0.000000 1.000000 -0.000000 0.000000 0.000000 0.000000 1.000000
1.000000 -0.000000 0.000000 0.430000 0.000000 1.000000 0.000000 0.000000 -0.000000 -0.000000 1.000000 -0.000000 0.000000 0.000000 0.000000 1.000000
1.000000 -0.000000 0.000000 0.430000 0.000000 1.000000 0.000000 0.000000 -0.000000 -0.000000 1.000000 -0.000000 0.000000 0.000000 0.000000 1.000000
1.000000 -0.000000 0.000000 0.430000 0.000000 1.000000 0.000000 0.000000 -0.000000 -0.000000 1.000000 -0.000000 0.000000 0.000000 0.000000 1.000000
1.000000 -0.000000 0.000000 0.430000 0.000000 1.000000 0.000000 0.000000 -0.000000 -0.000000 1.000000 -0.000000 0.000000 0.000000 0.000000 1.000000
1.000000 -0.000000 0.000000 0.430000 0.000000 1.000000 0.000000 0.000000 -0.000000 -0.000000 1.000000 -0.000000 0.000000 0.000000 0.000000 1.000000
1.000000 -0.000000 0.000000 0.430000 0.000000 1.000000 0.000000 0.000000 -0.000000 -0.000000 1.000000 -0.000000 0.000000 0.000000 0.000000 1.000000</float_array>
     <technique_common>
      <accessor source="#jnt_right_uplegroll-Matrix-animation-output-transform-array" count="23" stride="16">
       <param type="float4x4"></param>
      </accessor>
     </technique_common>
    </source>
    <source id="jnt_right_uplegroll-Interpolations">
     <Name_array id="jnt_right_uplegroll-Interpolations-array" count="23">
 LINEAR LINEAR LINEAR LINEAR LINEAR LINEAR LINEAR LINEAR LINEAR LINEAR LINEAR
LINEAR LINEAR LINEAR LINEAR LINEAR LINEAR LINEAR LINEAR LINEAR LINEAR LINEAR LINEAR</Name_array>
     <technique_common>
      <accessor source="#jnt_right_uplegroll-Interpolations-array" count="23">
       <param type="name"></param>
      </accessor>
     </technique_common>
    </source>
    <sampler id="jnt_right_uplegroll-Matrix-animation-transform">
     <input semantic="INPUT" source="#jnt_right_uplegroll-Matrix-animation-input"></input>
     <input semantic="OUTPUT" source="#jnt_right_uplegroll-Matrix-animation-output-transform"></input>
     <input semantic="INTERPOLATION" source="#jnt_right_uplegroll-Interpolations"></input>
    </sampler>
    <channel source="#jnt_right_uplegroll-Matrix-animation-transform" target="jnt_right_uplegroll/matrix"></channel>
   </animation>
  </animation>
  <animation id="jnt_right_leg-anim" name="jnt_right_leg">
   <animation>
    <source id="jnt_right_leg-Matrix-animation-input">
     <float_array id="jnt_right_leg-Matrix-animation-input-array" count="23">

0.000000 0.033333 0.066667 0.100000 0.133333 0.166667 0.200000 0.233333 0.266667 0.300000 0.333333 0.366667 0.400000 0.433333 0.466667 0.500000
0.533333 0.566667 0.600000 0.633333 0.666667 0.700000 0.733333</float_array>
     <technique_common>
      <accessor source="#jnt_right_leg-Matrix-animation-input-array" count="23">
       <param name="TIME" type="float"></param>
      </accessor>
     </technique_common>
    </source>
    <source id="jnt_right_leg-Matrix-animation-output-transform">
     <float_array id="jnt_right_leg-Matrix-animation-output-transform-array" count="368">

0.968055 0.250270 -0.015278 0.860324 -0.240256 0.943300 0.229042 0.000000 0.071735 -0.218055 0.973296 -0.000000 0.000000 0.000000 0.000000 1.000000
0.968055 0.250270 -0.015278 0.860324 -0.240256 0.943300 0.229042 0.000000 0.071735 -0.218055 0.973296 -0.000000 0.000000 0.000000 0.000000 1.000000
0.968055 0.250270 -0.015278 0.860324 -0.240256 0.943300 0.229042 0.000000 0.071735 -0.218055 0.973296 -0.000000 0.000000 0.000000 0.000000 1.000000
0.968055 0.250270 -0.015278 0.860324 -0.240256 0.943300 0.229042 0.000000 0.071735 -0.218055 0.973296 -0.000000 0.000000 0.000000 0.000000 1.000000
0.968055 0.250270 -0.015278 0.860324 -0.240256 0.943300 0.229042 0.000000 0.071735 -0.218055 0.973296 -0.000000 0.000000 0.000000 0.000000 1.000000
0.968055 0.250270 -0.015278 0.860324 -0.240256 0.943300 0.229042 0.000000 0.071735 -0.218055 0.973296 -0.000000 0.000000 0.000000 0.000000 1.000000
0.968055 0.250270 -0.015278 0.860324 -0.240256 0.943300 0.229042 0.000000 0.071735 -0.218055 0.973296 -0.000000 0.000000 0.000000 0.000000 1.000000
0.968055 0.250270 -0.015278 0.860324 -0.240256 0.943300 0.229042 0.000000 0.071735 -0.218055 0.973296 -0.000000 0.000000 0.000000 0.000000 1.000000
0.968055 0.250270 -0.015278 0.860324 -0.240256 0.943300 0.229042 0.000000 0.071735 -0.218055 0.973296 -0.000000 0.000000 0.000000 0.000000 1.000000
0.968055 0.250270 -0.015278 0.860324 -0.240256 0.943300 0.229042 0.000000 0.071735 -0.218055 0.973296 -0.000000 0.000000 0.000000 0.000000 1.000000
0.968055 0.250270 -0.015278 0.860324 -0.240256 0.943300 0.229042 0.000000 0.071735 -0.218055 0.973296 -0.000000 0.000000 0.000000 0.000000 1.000000
0.968055 0.250270 -0.015278 0.860324 -0.240256 0.943300 0.229042 0.000000 0.071735 -0.218055 0.973296 -0.000000 0.000000 0.000000 0.000000 1.000000
0.968055 0.250270 -0.015278 0.860324 -0.240256 0.943300 0.229042 0.000000 0.071735 -0.218055 0.973296 -0.000000 0.000000 0.000000 0.000000 1.000000
0.968055 0.250270 -0.015278 0.860324 -0.240256 0.943300 0.229042 0.000000 0.071735 -0.218055 0.973296 -0.000000 0.000000 0.000000 0.000000 1.000000
0.968055 0.250270 -0.015278 0.860324 -0.240256 0.943300 0.229042 0.000000 0.071735 -0.218055 0.973296 -0.000000 0.000000 0.000000 0.000000 1.000000
0.968055 0.250270 -0.015278 0.860324 -0.240256 0.943300 0.229042 0.000000 0.071735 -0.218055 0.973296 -0.000000 0.000000 0.000000 0.000000 1.000000
0.968055 0.250270 -0.015278 0.860324 -0.240256 0.943300 0.229042 0.000000 0.071735 -0.218055 0.973296 -0.000000 0.000000 0.000000 0.000000 1.000000
0.968055 0.250270 -0.015278 0.860324 -0.240256 0.943300 0.229042 0.000000 0.071735 -0.218055 0.973296 -0.000000 0.000000 0.000000 0.000000 1.000000
0.968055 0.250270 -0.015278 0.860324 -0.240256 0.943300 0.229042 0.000000 0.071735 -0.218055 0.973296 -0.000000 0.000000 0.000000 0.000000 1.000000
0.968055 0.250270 -0.015278 0.860324 -0.240256 0.943300 0.229042 0.000000 0.071735 -0.218055 0.973296 -0.000000 0.000000 0.000000 0.000000 1.000000
0.968055 0.250270 -0.015278 0.860324 -0.240256 0.943300 0.229042 0.000000 0.071735 -0.218055 0.973296 -0.000000 0.000000 0.000000 0.000000 1.000000
0.968055 0.250270 -0.015278 0.860324 -0.240256 0.943300 0.229042 0.000000 0.071735 -0.218055 0.973296 -0.000000 0.000000 0.000000 0.000000 1.000000
0.968055 0.250270 -0.015278 0.860324 -0.240256 0.943300 0.229042 0.000000 0.071735 -0.218055 0.973296 -0.000000 0.000000 0.000000 0.000000 1.000000</float_array>
     <technique_common>
      <accessor source="#jnt_right_leg-Matrix-animation-output-transform-array" count="23" stride="16">
       <param type="float4x4"></param>
      </accessor>
     </technique_common>
    </source>
    <source id="jnt_right_leg-Interpolations">
     <Name_array id="jnt_right_leg-Interpolations-array" count="23">
 LINEAR LINEAR LINEAR LINEAR LINEAR LINEAR LINEAR LINEAR LINEAR LINEAR LINEAR
LINEAR LINEAR LINEAR LINEAR LINEAR LINEAR LINEAR LINEAR LINEAR LINEAR LINEAR LINEAR</Name_array>
     <technique_common>
      <accessor source="#jnt_right_leg-Interpolations-array" count="23">
       <param type="name"></param>
      </accessor>
     </technique_common>
    </source>
    <sampler id="jnt_right_leg-Matrix-animation-transform">
     <input semantic="INPUT" source="#jnt_right_leg-Matrix-animation-input"></input>
     <input semantic="OUTPUT" source="#jnt_right_leg-Matrix-animation-output-transform"></input>
     <input semantic="INTERPOLATION" source="#jnt_right_leg-Interpolations"></input>
    </sampler>
    <channel source="#jnt_right_leg-Matrix-animation-transform" target="jnt_right_leg/matrix"></channel>
   </animation>
  </animation>
  <animation id="jnt_right_legroll-anim" name="jnt_right_legroll">
   <animation>
    <source id="jnt_right_legroll-Matrix-animation-input">
     <float_array id="jnt_right_legroll-Matrix-animation-input-array" count="23">

0.000000 0.033333 0.066667 0.100000 0.133333 0.166667 0.200000 0.233333 0.266667 0.300000 0.333333 0.366667 0.400000 0.433333 0.466667 0.500000
0.533333 0.566667 0.600000 0.633333 0.666667 0.700000 0.733333</float_array>
     <technique_common>
      <accessor source="#jnt_right_legroll-Matrix-animation-input-array" count="23">
       <param name="TIME" type="float"></param>
      </accessor>
     </technique_common>
    </source>
    <source id="jnt_right_legroll-Matrix-animation-output-transform">
     <float_array id="jnt_right_legroll-Matrix-animation-output-transform-array" count="368">

1.000000 0.000000 0.000000 0.384000 -0.000000 1.000000 0.000000 -0.000000 -0.000000 -0.000000 1.000000 0.000000 0.000000 0.000000 0.000000 1.000000
1.000000 0.000000 0.000000 0.384000 -0.000000 1.000000 0.000000 -0.000000 -0.000000 -0.000000 1.000000 0.000000 0.000000 0.000000 0.000000 1.000000
1.000000 0.000000 0.000000 0.384000 -0.000000 1.000000 0.000000 -0.000000 -0.000000 -0.000000 1.000000 0.000000 0.000000 0.000000 0.000000 1.000000
1.000000 0.000000 0.000000 0.384000 -0.000000 1.000000 0.000000 -0.000000 -0.000000 -0.000000 1.000000 0.000000 0.000000 0.000000 0.000000 1.000000
1.000000 0.000000 0.000000 0.384000 -0.000000 1.000000 0.000000 -0.000000 -0.000000 -0.000000 1.000000 0.000000 0.000000 0.000000 0.000000 1.000000
1.000000 0.000000 0.000000 0.384000 -0.000000 1.000000 0.000000 -0.000000 -0.000000 -0.000000 1.000000 0.000000 0.000000 0.000000 0.000000 1.000000
1.000000 0.000000 0.000000 0.384000 -0.000000 1.000000 0.000000 -0.000000 -0.000000 -0.000000 1.000000 0.000000 0.000000 0.000000 0.000000 1.000000
1.000000 0.000000 0.000000 0.384000 -0.000000 1.000000 0.000000 -0.000000 -0.000000 -0.000000 1.000000 0.000000 0.000000 0.000000 0.000000 1.000000
1.000000 0.000000 0.000000 0.384000 -0.000000 1.000000 0.000000 -0.000000 -0.000000 -0.000000 1.000000 0.000000 0.000000 0.000000 0.000000 1.000000
1.000000 0.000000 0.000000 0.384000 -0.000000 1.000000 0.000000 -0.000000 -0.000000 -0.000000 1.000000 0.000000 0.000000 0.000000 0.000000 1.000000
1.000000 0.000000 0.000000 0.384000 -0.000000 1.000000 0.000000 -0.000000 -0.000000 -0.000000 1.000000 0.000000 0.000000 0.000000 0.000000 1.000000
1.000000 0.000000 0.000000 0.384000 -0.000000 1.000000 0.000000 -0.000000 -0.000000 -0.000000 1.000000 0.000000 0.000000 0.000000 0.000000 1.000000
1.000000 0.000000 0.000000 0.384000 -0.000000 1.000000 0.000000 -0.000000 -0.000000 -0.000000 1.000000 0.000000 0.000000 0.000000 0.000000 1.000000
1.000000 0.000000 0.000000 0.384000 -0.000000 1.000000 0.000000 -0.000000 -0.000000 -0.000000 1.000000 0.000000 0.000000 0.000000 0.000000 1.000000
1.000000 0.000000 0.000000 0.384000 -0.000000 1.000000 0.000000 -0.000000 -0.000000 -0.000000 1.000000 0.000000 0.000000 0.000000 0.000000 1.000000
1.000000 0.000000 0.000000 0.384000 -0.000000 1.000000 0.000000 -0.000000 -0.000000 -0.000000 1.000000 0.000000 0.000000 0.000000 0.000000 1.000000
1.000000 0.000000 0.000000 0.384000 -0.000000 1.000000 0.000000 -0.000000 -0.000000 -0.000000 1.000000 0.000000 0.000000 0.000000 0.000000 1.000000
1.000000 0.000000 0.000000 0.384000 -0.000000 1.000000 0.000000 -0.000000 -0.000000 -0.000000 1.000000 0.000000 0.000000 0.000000 0.000000 1.000000
1.000000 0.000000 0.000000 0.384000 -0.000000 1.000000 0.000000 -0.000000 -0.000000 -0.000000 1.000000 0.000000 0.000000 0.000000 0.000000 1.000000
1.000000 0.000000 0.000000 0.384000 -0.000000 1.000000 0.000000 -0.000000 -0.000000 -0.000000 1.000000 0.000000 0.000000 0.000000 0.000000 1.000000
1.000000 0.000000 0.000000 0.384000 -0.000000 1.000000 0.000000 -0.000000 -0.000000 -0.000000 1.000000 0.000000 0.000000 0.000000 0.000000 1.000000
1.000000 0.000000 0.000000 0.384000 -0.000000 1.000000 0.000000 -0.000000 -0.000000 -0.000000 1.000000 0.000000 0.000000 0.000000 0.000000 1.000000
1.000000 0.000000 0.000000 0.384000 -0.000000 1.000000 0.000000 -0.000000 -0.000000 -0.000000 1.000000 0.000000 0.000000 0.000000 0.000000 1.000000</float_array>
     <technique_common>
      <accessor source="#jnt_right_legroll-Matrix-animation-output-transform-array" count="23" stride="16">
       <param type="float4x4"></param>
      </accessor>
     </technique_common>
    </source>
    <source id="jnt_right_legroll-Interpolations">
     <Name_array id="jnt_right_legroll-Interpolations-array" count="23">
 LINEAR LINEAR LINEAR LINEAR LINEAR LINEAR LINEAR LINEAR LINEAR LINEAR LINEAR
LINEAR LINEAR LINEAR LINEAR LINEAR LINEAR LINEAR LINEAR LINEAR LINEAR LINEAR LINEAR</Name_array>
     <technique_common>
      <accessor source="#jnt_right_legroll-Interpolations-array" count="23">
       <param type="name"></param>
      </accessor>
     </technique_common>
    </source>
    <sampler id="jnt_right_legroll-Matrix-animation-transform">
     <input semantic="INPUT" source="#jnt_right_legroll-Matrix-animation-input"></input>
     <input semantic="OUTPUT" source="#jnt_right_legroll-Matrix-animation-output-transform"></input>
     <input semantic="INTERPOLATION" source="#jnt_right_legroll-Interpolations"></input>
    </sampler>
    <channel source="#jnt_right_legroll-Matrix-animation-transform" target="jnt_right_legroll/matrix"></channel>
   </animation>
  </animation>
  <animation id="jnt_right_foot-anim" name="jnt_right_foot">
   <animation>
    <source id="jnt_right_foot-Matrix-animation-input">
     <float_array id="jnt_right_foot-Matrix-animation-input-array" count="23">

0.000000 0.033333 0.066667 0.100000 0.133333 0.166667 0.200000 0.233333 0.266667 0.300000 0.333333 0.366667 0.400000 0.433333 0.466667 0.500000
0.533333 0.566667 0.600000 0.633333 0.666667 0.700000 0.733333</float_array>
     <technique_common>
      <accessor source="#jnt_right_foot-Matrix-animation-input-array" count="23">
       <param name="TIME" type="float"></param>
      </accessor>
     </technique_common>
    </source>
    <source id="jnt_right_foot-Matrix-animation-output-transform">
     <float_array id="jnt_right_foot-Matrix-animation-output-transform-array" count="368">

0.278762 -0.954826 0.102953 0.768144 0.945566 0.291630 0.144415 -0.000001 -0.167916 0.057091 0.984147 0.000000 0.000000 0.000000 0.000000 1.000000
0.278762 -0.954826 0.102953 0.768144 0.945566 0.291630 0.144415 -0.000001 -0.167916 0.057091 0.984147 0.000000 0.000000 0.000000 0.000000 1.000000
0.278762 -0.954826 0.102953 0.768144 0.945566 0.291630 0.144415 -0.000001 -0.167916 0.057091 0.984147 0.000000 0.000000 0.000000 0.000000 1.000000
0.278762 -0.954826 0.102953 0.768144 0.945566 0.291630 0.144415 -0.000001 -0.167916 0.057091 0.984147 0.000000 0.000000 0.000000 0.000000 1.000000
0.278762 -0.954826 0.102953 0.768144 0.945566 0.291630 0.144415 -0.000001 -0.167916 0.057091 0.984147 0.000000 0.000000 0.000000 0.000000 1.000000
0.278762 -0.954826 0.102953 0.768144 0.945566 0.291630 0.144415 -0.000001 -0.167916 0.057091 0.984147 0.000000 0.000000 0.000000 0.000000 1.000000
0.278762 -0.954826 0.102953 0.768144 0.945566 0.291630 0.144415 -0.000001 -0.167916 0.057091 0.984147 0.000000 0.000000 0.000000 0.000000 1.000000
0.278762 -0.954826 0.102953 0.768144 0.945566 0.291630 0.144415 -0.000001 -0.167916 0.057091 0.984147 0.000000 0.000000 0.000000 0.000000 1.000000
0.278762 -0.954826 0.102953 0.768144 0.945566 0.291630 0.144415 -0.000001 -0.167916 0.057091 0.984147 0.000000 0.000000 0.000000 0.000000 1.000000
0.278762 -0.954826 0.102953 0.768144 0.945566 0.291630 0.144415 -0.000001 -0.167916 0.057091 0.984147 0.000000 0.000000 0.000000 0.000000 1.000000
0.278762 -0.954826 0.102953 0.768144 0.945566 0.291630 0.144415 -0.000001 -0.167916 0.057091 0.984147 0.000000 0.000000 0.000000 0.000000 1.000000
0.278762 -0.954826 0.102953 0.768144 0.945566 0.291630 0.144415 -0.000001 -0.167916 0.057091 0.984147 0.000000 0.000000 0.000000 0.000000 1.000000
0.278762 -0.954826 0.102953 0.768144 0.945566 0.291630 0.144415 -0.000001 -0.167916 0.057091 0.984147 0.000000 0.000000 0.000000 0.000000 1.000000
0.278762 -0.954826 0.102953 0.768144 0.945566 0.291630 0.144415 -0.000001 -0.167916 0.057091 0.984147 0.000000 0.000000 0.000000 0.000000 1.000000
0.278762 -0.954826 0.102953 0.768144 0.945566 0.291630 0.144415 -0.000001 -0.167916 0.057091 0.984147 0.000000 0.000000 0.000000 0.000000 1.000000
0.278762 -0.954826 0.102953 0.768144 0.945566 0.291630 0.144415 -0.000001 -0.167916 0.057091 0.984147 0.000000 0.000000 0.000000 0.000000 1.000000
0.278762 -0.954826 0.102953 0.768144 0.945566 0.291630 0.144415 -0.000001 -0.167916 0.057091 0.984147 0.000000 0.000000 0.000000 0.000000 1.000000
0.278762 -0.954826 0.102953 0.768144 0.945566 0.291630 0.144415 -0.000001 -0.167916 0.057091 0.984147 0.000000 0.000000 0.000000 0.000000 1.000000
0.278762 -0.954826 0.102953 0.768144 0.945566 0.291630 0.144415 -0.000001 -0.167916 0.057091 0.984147 0.000000 0.000000 0.000000 0.000000 1.000000
0.278762 -0.954826 0.102953 0.768144 0.945566 0.291630 0.144415 -0.000001 -0.167916 0.057091 0.984147 0.000000 0.000000 0.000000 0.000000 1.000000
0.278762 -0.954826 0.102953 0.768144 0.945566 0.291630 0.144415 -0.000001 -0.167916 0.057091 0.984147 0.000000 0.000000 0.000000 0.000000 1.000000
0.278762 -0.954826 0.102953 0.768144 0.945566 0.291630 0.144415 -0.000001 -0.167916 0.057091 0.984147 0.000000 0.000000 0.000000 0.000000 1.000000
0.278762 -0.954826 0.102953 0.768144 0.945566 0.291630 0.144415 -0.000001 -0.167916 0.057091 0.984147 0.000000 0.000000 0.000000 0.000000 1.000000</float_array>
     <technique_common>
      <accessor source="#jnt_right_foot-Matrix-animation-output-transform-array" count="23" stride="16">
       <param type="float4x4"></param>
      </accessor>
     </technique_common>
    </source>
    <source id="jnt_right_foot-Interpolations">
     <Name_array id="jnt_right_foot-Interpolations-array" count="23">
 LINEAR LINEAR LINEAR LINEAR LINEAR LINEAR LINEAR LINEAR LINEAR LINEAR LINEAR
LINEAR LINEAR LINEAR LINEAR LINEAR LINEAR LINEAR LINEAR LINEAR LINEAR LINEAR LINEAR</Name_array>
     <technique_common>
      <accessor source="#jnt_right_foot-Interpolations-array" count="23">
       <param type="name"></param>
      </accessor>
     </technique_common>
    </source>
    <sampler id="jnt_right_foot-Matrix-animation-transform">
     <input semantic="INPUT" source="#jnt_right_foot-Matrix-animation-input"></input>
     <input semantic="OUTPUT" source="#jnt_right_foot-Matrix-animation-output-transform"></input>
     <input semantic="INTERPOLATION" source="#jnt_right_foot-Interpolations"></input>
    </sampler>
    <channel source="#jnt_right_foot-Matrix-animation-transform" target="jnt_right_foot/matrix"></channel>
   </animation>
  </animation>
  <animation id="jnt_right_toebase-anim" name="jnt_right_toebase">
   <animation>
    <source id="jnt_right_toebase-Matrix-animation-input">
     <float_array id="jnt_right_toebase-Matrix-animation-input-array" count="23">

0.000000 0.033333 0.066667 0.100000 0.133333 0.166667 0.200000 0.233333 0.266667 0.300000 0.333333 0.366667 0.400000 0.433333 0.466667 0.500000
0.533333 0.566667 0.600000 0.633333 0.666667 0.700000 0.733333</float_array>
     <technique_common>
      <accessor source="#jnt_right_toebase-Matrix-animation-input-array" count="23">
       <param name="TIME" type="float"></param>
      </accessor>
     </technique_common>
    </source>
    <source id="jnt_right_toebase-Matrix-animation-output-transform">
     <float_array id="jnt_right_toebase-Matrix-animation-output-transform-array" count="368">

0.918936 -0.394407 -0.000000 0.441847 0.394407 0.918936 0.000000 -0.000000 0.000000 -0.000000 1.000000 0.000000 0.000000 0.000000 0.000000 1.000000
0.918936 -0.394407 -0.000000 0.441847 0.394407 0.918936 0.000000 -0.000000 0.000000 -0.000000 1.000000 0.000000 0.000000 0.000000 0.000000 1.000000
0.918936 -0.394407 -0.000000 0.441847 0.394407 0.918936 0.000000 -0.000000 0.000000 -0.000000 1.000000 0.000000 0.000000 0.000000 0.000000 1.000000
0.918936 -0.394407 -0.000000 0.441847 0.394407 0.918936 0.000000 -0.000000 0.000000 -0.000000 1.000000 0.000000 0.000000 0.000000 0.000000 1.000000
0.918936 -0.394407 -0.000000 0.441847 0.394407 0.918936 0.000000 -0.000000 0.000000 -0.000000 1.000000 0.000000 0.000000 0.000000 0.000000 1.000000
0.918936 -0.394407 -0.000000 0.441847 0.394407 0.918936 0.000000 -0.000000 0.000000 -0.000000 1.000000 0.000000 0.000000 0.000000 0.000000 1.000000
0.918936 -0.394407 -0.000000 0.441847 0.394407 0.918936 0.000000 -0.000000 0.000000 -0.000000 1.000000 0.000000 0.000000 0.000000 0.000000 1.000000
0.918936 -0.394407 -0.000000 0.441847 0.394407 0.918936 0.000000 -0.000000 0.000000 -0.000000 1.000000 0.000000 0.000000 0.000000 0.000000 1.000000
0.918936 -0.394407 -0.000000 0.441847 0.394407 0.918936 0.000000 -0.000000 0.000000 -0.000000 1.000000 0.000000 0.000000 0.000000 0.000000 1.000000
0.918936 -0.394407 -0.000000 0.441847 0.394407 0.918936 0.000000 -0.000000 0.000000 -0.000000 1.000000 0.000000 0.000000 0.000000 0.000000 1.000000
0.918936 -0.394407 -0.000000 0.441847 0.394407 0.918936 0.000000 -0.000000 0.000000 -0.000000 1.000000 0.000000 0.000000 0.000000 0.000000 1.000000
0.918936 -0.394407 -0.000000 0.441847 0.394407 0.918936 0.000000 -0.000000 0.000000 -0.000000 1.000000 0.000000 0.000000 0.000000 0.000000 1.000000
0.918936 -0.394407 -0.000000 0.441847 0.394407 0.918936 0.000000 -0.000000 0.000000 -0.000000 1.000000 0.000000 0.000000 0.000000 0.000000 1.000000
0.918936 -0.394407 -0.000000 0.441847 0.394407 0.918936 0.000000 -0.000000 0.000000 -0.000000 1.000000 0.000000 0.000000 0.000000 0.000000 1.000000
0.918936 -0.394407 -0.000000 0.441847 0.394407 0.918936 0.000000 -0.000000 0.000000 -0.000000 1.000000 0.000000 0.000000 0.000000 0.000000 1.000000
0.918936 -0.394407 -0.000000 0.441847 0.394407 0.918936 0.000000 -0.000000 0.000000 -0.000000 1.000000 0.000000 0.000000 0.000000 0.000000 1.000000
0.918936 -0.394407 -0.000000 0.441847 0.394407 0.918936 0.000000 -0.000000 0.000000 -0.000000 1.000000 0.000000 0.000000 0.000000 0.000000 1.000000
0.918936 -0.394407 -0.000000 0.441847 0.394407 0.918936 0.000000 -0.000000 0.000000 -0.000000 1.000000 0.000000 0.000000 0.000000 0.000000 1.000000
0.918936 -0.394407 -0.000000 0.441847 0.394407 0.918936 0.000000 -0.000000 0.000000 -0.000000 1.000000 0.000000 0.000000 0.000000 0.000000 1.000000
0.918936 -0.394407 -0.000000 0.441847 0.394407 0.918936 0.000000 -0.000000 0.000000 -0.000000 1.000000 0.000000 0.000000 0.000000 0.000000 1.000000
0.918936 -0.394407 -0.000000 0.441847 0.394407 0.918936 0.000000 -0.000000 0.000000 -0.000000 1.000000 0.000000 0.000000 0.000000 0.000000 1.000000
0.918936 -0.394407 -0.000000 0.441847 0.394407 0.918936 0.000000 -0.000000 0.000000 -0.000000 1.000000 0.000000 0.000000 0.000000 0.000000 1.000000
0.918936 -0.394407 -0.000000 0.441847 0.394407 0.918936 0.000000 -0.000000 0.000000 -0.000000 1.000000 0.000000 0.000000 0.000000 0.000000 1.000000</float_array>
     <technique_common>
      <accessor source="#jnt_right_toebase-Matrix-animation-output-transform-array" count="23" stride="16">
       <param type="float4x4"></param>
      </accessor>
     </technique_common>
    </source>
    <source id="jnt_right_toebase-Interpolations">
     <Name_array id="jnt_right_toebase-Interpolations-array" count="23">
 LINEAR LINEAR LINEAR LINEAR LINEAR LINEAR LINEAR LINEAR LINEAR LINEAR LINEAR
LINEAR LINEAR LINEAR LINEAR LINEAR LINEAR LINEAR LINEAR LINEAR LINEAR LINEAR LINEAR</Name_array>
     <technique_common>
      <accessor source="#jnt_right_toebase-Interpolations-array" count="23">
       <param type="name"></param>
      </accessor>
     </technique_common>
    </source>
    <sampler id="jnt_right_toebase-Matrix-animation-transform">
     <input semantic="INPUT" source="#jnt_right_toebase-Matrix-animation-input"></input>
     <input semantic="OUTPUT" source="#jnt_right_toebase-Matrix-animation-output-transform"></input>
     <input semantic="INTERPOLATION" source="#jnt_right_toebase-Interpolations"></input>
    </sampler>
    <channel source="#jnt_right_toebase-Matrix-animation-transform" target="jnt_right_toebase/matrix"></channel>
   </animation>
  </animation>
  <animation id="jnt_right_toeend-anim" name="jnt_right_toeend">
   <animation>
    <source id="jnt_right_toeend-Matrix-animation-input">
     <float_array id="jnt_right_toeend-Matrix-animation-input-array" count="23">

0.000000 0.033333 0.066667 0.100000 0.133333 0.166667 0.200000 0.233333 0.266667 0.300000 0.333333 0.366667 0.400000 0.433333 0.466667 0.500000
0.533333 0.566667 0.600000 0.633333 0.666667 0.700000 0.733333</float_array>
     <technique_common>
      <accessor source="#jnt_right_toeend-Matrix-animation-input-array" count="23">
       <param name="TIME" type="float"></param>
      </accessor>
     </technique_common>
    </source>
    <source id="jnt_right_toeend-Matrix-animation-output-transform">
     <float_array id="jnt_right_toeend-Matrix-animation-output-transform-array" count="368">

1.000000 -0.000001 -0.000000 0.379397 0.000001 1.000000 -0.000000 0.000000 0.000000 0.000000 1.000000 0.000000 0.000000 0.000000 0.000000 1.000000
1.000000 -0.000001 -0.000000 0.379397 0.000001 1.000000 -0.000000 0.000000 0.000000 0.000000 1.000000 0.000000 0.000000 0.000000 0.000000 1.000000
1.000000 -0.000001 -0.000000 0.379397 0.000001 1.000000 -0.000000 0.000000 0.000000 0.000000 1.000000 0.000000 0.000000 0.000000 0.000000 1.000000
1.000000 -0.000001 -0.000000 0.379397 0.000001 1.000000 -0.000000 0.000000 0.000000 0.000000 1.000000 0.000000 0.000000 0.000000 0.000000 1.000000
1.000000 -0.000001 -0.000000 0.379397 0.000001 1.000000 -0.000000 0.000000 0.000000 0.000000 1.000000 0.000000 0.000000 0.000000 0.000000 1.000000
1.000000 -0.000001 -0.000000 0.379397 0.000001 1.000000 -0.000000 0.000000 0.000000 0.000000 1.000000 0.000000 0.000000 0.000000 0.000000 1.000000
1.000000 -0.000001 -0.000000 0.379397 0.000001 1.000000 -0.000000 0.000000 0.000000 0.000000 1.000000 0.000000 0.000000 0.000000 0.000000 1.000000
1.000000 -0.000001 -0.000000 0.379397 0.000001 1.000000 -0.000000 0.000000 0.000000 0.000000 1.000000 0.000000 0.000000 0.000000 0.000000 1.000000
1.000000 -0.000001 -0.000000 0.379397 0.000001 1.000000 -0.000000 0.000000 0.000000 0.000000 1.000000 0.000000 0.000000 0.000000 0.000000 1.000000
1.000000 -0.000001 -0.000000 0.379397 0.000001 1.000000 -0.000000 0.000000 0.000000 0.000000 1.000000 0.000000 0.000000 0.000000 0.000000 1.000000
1.000000 -0.000001 -0.000000 0.379397 0.000001 1.000000 -0.000000 0.000000 0.000000 0.000000 1.000000 0.000000 0.000000 0.000000 0.000000 1.000000
1.000000 -0.000001 -0.000000 0.379397 0.000001 1.000000 -0.000000 0.000000 0.000000 0.000000 1.000000 0.000000 0.000000 0.000000 0.000000 1.000000
1.000000 -0.000001 -0.000000 0.379397 0.000001 1.000000 -0.000000 0.000000 0.000000 0.000000 1.000000 0.000000 0.000000 0.000000 0.000000 1.000000
1.000000 -0.000001 -0.000000 0.379397 0.000001 1.000000 -0.000000 0.000000 0.000000 0.000000 1.000000 0.000000 0.000000 0.000000 0.000000 1.000000
1.000000 -0.000001 -0.000000 0.379397 0.000001 1.000000 -0.000000 0.000000 0.000000 0.000000 1.000000 0.000000 0.000000 0.000000 0.000000 1.000000
1.000000 -0.000001 -0.000000 0.379397 0.000001 1.000000 -0.000000 0.000000 0.000000 0.000000 1.000000 0.000000 0.000000 0.000000 0.000000 1.000000
1.000000 -0.000001 -0.000000 0.379397 0.000001 1.000000 -0.000000 0.000000 0.000000 0.000000 1.000000 0.000000 0.000000 0.000000 0.000000 1.000000
1.000000 -0.000001 -0.000000 0.379397 0.000001 1.000000 -0.000000 0.000000 0.000000 0.000000 1.000000 0.000000 0.000000 0.000000 0.000000 1.000000
1.000000 -0.000001 -0.000000 0.379397 0.000001 1.000000 -0.000000 0.000000 0.000000 0.000000 1.000000 0.000000 0.000000 0.000000 0.000000 1.000000
1.000000 -0.000001 -0.000000 0.379397 0.000001 1.000000 -0.000000 0.000000 0.000000 0.000000 1.000000 0.000000 0.000000 0.000000 0.000000 1.000000
1.000000 -0.000001 -0.000000 0.379397 0.000001 1.000000 -0.000000 0.000000 0.000000 0.000000 1.000000 0.000000 0.000000 0.000000 0.000000 1.000000
1.000000 -0.000001 -0.000000 0.379397 0.000001 1.000000 -0.000000 0.000000 0.000000 0.000000 1.000000 0.000000 0.000000 0.000000 0.000000 1.000000
1.000000 -0.000001 -0.000000 0.379397 0.000001 1.000000 -0.000000 0.000000 0.000000 0.000000 1.000000 0.000000 0.000000 0.000000 0.000000 1.000000</float_array>
     <technique_common>
      <accessor source="#jnt_right_toeend-Matrix-animation-output-transform-array" count="23" stride="16">
       <param type="float4x4"></param>
      </accessor>
     </technique_common>
    </source>
    <source id="jnt_right_toeend-Interpolations">
     <Name_array id="jnt_right_toeend-Interpolations-array" count="23">
 LINEAR LINEAR LINEAR LINEAR LINEAR LINEAR LINEAR LINEAR LINEAR LINEAR LINEAR
LINEAR LINEAR LINEAR LINEAR LINEAR LINEAR LINEAR LINEAR LINEAR LINEAR LINEAR LINEAR</Name_array>
     <technique_common>
      <accessor source="#jnt_right_toeend-Interpolations-array" count="23">
       <param type="name"></param>
      </accessor>
     </technique_common>
    </source>
    <sampler id="jnt_right_toeend-Matrix-animation-transform">
     <input semantic="INPUT" source="#jnt_right_toeend-Matrix-animation-input"></input>
     <input semantic="OUTPUT" source="#jnt_right_toeend-Matrix-animation-output-transform"></input>
     <input semantic="INTERPOLATION" source="#jnt_right_toeend-Interpolations"></input>
    </sampler>
    <channel source="#jnt_right_toeend-Matrix-animation-transform" target="jnt_right_toeend/matrix"></channel>
   </animation>
  </animation>
  <animation id="jnt_left_upleg-anim" name="jnt_left_upleg">
   <animation>
    <source id="jnt_left_upleg-Matrix-animation-input">
     <float_array id="jnt_left_upleg-Matrix-animation-input-array" count="23">

0.000000 0.033333 0.066667 0.100000 0.133333 0.166667 0.200000 0.233333 0.266667 0.300000 0.333333 0.366667 0.400000 0.433333 0.466667 0.500000
0.533333 0.566667 0.600000 0.633333 0.666667 0.700000 0.733333</float_array>
     <technique_common>
      <accessor source="#jnt_left_upleg-Matrix-animation-input-array" count="23">
       <param name="TIME" type="float"></param>
      </accessor>
     </technique_common>
    </source>
    <source id="jnt_left_upleg-Matrix-animation-output-transform">
     <float_array id="jnt_left_upleg-Matrix-animation-output-transform-array" count="368">

0.112561 0.332886 -0.936224 0.446779 -0.993504 0.053590 -0.100393 -0.111213 0.016753 0.941443 0.336756 0.043020 0.000000 0.000000 0.000000 1.000000
0.112561 0.332886 -0.936224 0.446779 -0.993504 0.053590 -0.100393 -0.111213 0.016753 0.941443 0.336756 0.043020 0.000000 0.000000 0.000000 1.000000
0.112561 0.332886 -0.936224 0.446779 -0.993504 0.053590 -0.100393 -0.111213 0.016753 0.941443 0.336756 0.043020 0.000000 0.000000 0.000000 1.000000
0.112561 0.332886 -0.936224 0.446779 -0.993504 0.053590 -0.100393 -0.111213 0.016753 0.941443 0.336756 0.043020 0.000000 0.000000 0.000000 1.000000
0.112561 0.332886 -0.936224 0.446779 -0.993504 0.053590 -0.100393 -0.111213 0.016753 0.941443 0.336756 0.043020 0.000000 0.000000 0.000000 1.000000
0.112561 0.332886 -0.936224 0.446779 -0.993504 0.053590 -0.100393 -0.111213 0.016753 0.941443 0.336756 0.043020 0.000000 0.000000 0.000000 1.000000
0.112561 0.332886 -0.936224 0.446779 -0.993504 0.053590 -0.100393 -0.111213 0.016753 0.941443 0.336756 0.043020 0.000000 0.000000 0.000000 1.000000
0.112561 0.332886 -0.936224 0.446779 -0.993504 0.053590 -0.100393 -0.111213 0.016753 0.941443 0.336756 0.043020 0.000000 0.000000 0.000000 1.000000
0.112561 0.332886 -0.936224 0.446779 -0.993504 0.053590 -0.100393 -0.111213 0.016753 0.941443 0.336756 0.043020 0.000000 0.000000 0.000000 1.000000
0.112561 0.332886 -0.936224 0.446779 -0.993504 0.053590 -0.100393 -0.111213 0.016753 0.941443 0.336756 0.043020 0.000000 0.000000 0.000000 1.000000
0.112561 0.332886 -0.936224 0.446779 -0.993504 0.053590 -0.100393 -0.111213 0.016753 0.941443 0.336756 0.043020 0.000000 0.000000 0.000000 1.000000
0.112561 0.332886 -0.936224 0.446779 -0.993504 0.053590 -0.100393 -0.111213 0.016753 0.941443 0.336756 0.043020 0.000000 0.000000 0.000000 1.000000
0.112561 0.332886 -0.936224 0.446779 -0.993504 0.053590 -0.100393 -0.111213 0.016753 0.941443 0.336756 0.043020 0.000000 0.000000 0.000000 1.000000
0.112561 0.332886 -0.936224 0.446779 -0.993504 0.053590 -0.100393 -0.111213 0.016753 0.941443 0.336756 0.043020 0.000000 0.000000 0.000000 1.000000
0.112561 0.332886 -0.936224 0.446779 -0.993504 0.053590 -0.100393 -0.111213 0.016753 0.941443 0.336756 0.043020 0.000000 0.000000 0.000000 1.000000
0.112561 0.332886 -0.936224 0.446779 -0.993504 0.053590 -0.100393 -0.111213 0.016753 0.941443 0.336756 0.043020 0.000000 0.000000 0.000000 1.000000
0.112561 0.332886 -0.936224 0.446779 -0.993504 0.053590 -0.100393 -0.111213 0.016753 0.941443 0.336756 0.043020 0.000000 0.000000 0.000000 1.000000
0.112561 0.332886 -0.936224 0.446779 -0.993504 0.053590 -0.100393 -0.111213 0.016753 0.941443 0.336756 0.043020 0.000000 0.000000 0.000000 1.000000
0.112561 0.332886 -0.936224 0.446779 -0.993504 0.053590 -0.100393 -0.111213 0.016753 0.941443 0.336756 0.043020 0.000000 0.000000 0.000000 1.000000
0.112561 0.332886 -0.936224 0.446779 -0.993504 0.053590 -0.100393 -0.111213 0.016753 0.941443 0.336756 0.043020 0.000000 0.000000 0.000000 1.000000
0.112561 0.332886 -0.936224 0.446779 -0.993504 0.053590 -0.100393 -0.111213 0.016753 0.941443 0.336756 0.043020 0.000000 0.000000 0.000000 1.000000
0.112561 0.332886 -0.936224 0.446779 -0.993504 0.053590 -0.100393 -0.111213 0.016753 0.941443 0.336756 0.043020 0.000000 0.000000 0.000000 1.000000
0.112561 0.332886 -0.936224 0.446779 -0.993504 0.053590 -0.100393 -0.111213 0.016753 0.941443 0.336756 0.043020 0.000000 0.000000 0.000000 1.000000</float_array>
     <technique_common>
      <accessor source="#jnt_left_upleg-Matrix-animation-output-transform-array" count="23" stride="16">
       <param type="float4x4"></param>
      </accessor>
     </technique_common>
    </source>
    <source id="jnt_left_upleg-Interpolations">
     <Name_array id="jnt_left_upleg-Interpolations-array" count="23">
 LINEAR LINEAR LINEAR LINEAR LINEAR LINEAR LINEAR LINEAR LINEAR LINEAR LINEAR
LINEAR LINEAR LINEAR LINEAR LINEAR LINEAR LINEAR LINEAR LINEAR LINEAR LINEAR LINEAR</Name_array>
     <technique_common>
      <accessor source="#jnt_left_upleg-Interpolations-array" count="23">
       <param type="name"></param>
      </accessor>
     </technique_common>
    </source>
    <sampler id="jnt_left_upleg-Matrix-animation-transform">
     <input semantic="INPUT" source="#jnt_left_upleg-Matrix-animation-input"></input>
     <input semantic="OUTPUT" source="#jnt_left_upleg-Matrix-animation-output-transform"></input>
     <input semantic="INTERPOLATION" source="#jnt_left_upleg-Interpolations"></input>
    </sampler>
    <channel source="#jnt_left_upleg-Matrix-animation-transform" target="jnt_left_upleg/matrix"></channel>
   </animation>
  </animation>
  <animation id="jnt_left_uplegroll-anim" name="jnt_left_uplegroll">
   <animation>
    <source id="jnt_left_uplegroll-Matrix-animation-input">
     <float_array id="jnt_left_uplegroll-Matrix-animation-input-array" count="23">

0.000000 0.033333 0.066667 0.100000 0.133333 0.166667 0.200000 0.233333 0.266667 0.300000 0.333333 0.366667 0.400000 0.433333 0.466667 0.500000
0.533333 0.566667 0.600000 0.633333 0.666667 0.700000 0.733333</float_array>
     <technique_common>
      <accessor source="#jnt_left_uplegroll-Matrix-animation-input-array" count="23">
       <param name="TIME" type="float"></param>
      </accessor>
     </technique_common>
    </source>
    <source id="jnt_left_uplegroll-Matrix-animation-output-transform">
     <float_array id="jnt_left_uplegroll-Matrix-animation-output-transform-array" count="368">

1.000000 -0.000000 -0.000000 0.430000 0.000000 1.000000 -0.000000 -0.000000 0.000000 0.000000 1.000000 0.000000 0.000000 0.000000 0.000000 1.000000
1.000000 -0.000000 -0.000000 0.430000 0.000000 1.000000 -0.000000 -0.000000 0.000000 0.000000 1.000000 0.000000 0.000000 0.000000 0.000000 1.000000
1.000000 -0.000000 -0.000000 0.430000 0.000000 1.000000 -0.000000 -0.000000 0.000000 0.000000 1.000000 0.000000 0.000000 0.000000 0.000000 1.000000
1.000000 -0.000000 -0.000000 0.430000 0.000000 1.000000 -0.000000 -0.000000 0.000000 0.000000 1.000000 0.000000 0.000000 0.000000 0.000000 1.000000
1.000000 -0.000000 -0.000000 0.430000 0.000000 1.000000 -0.000000 -0.000000 0.000000 0.000000 1.000000 0.000000 0.000000 0.000000 0.000000 1.000000
1.000000 -0.000000 -0.000000 0.430000 0.000000 1.000000 -0.000000 -0.000000 0.000000 0.000000 1.000000 0.000000 0.000000 0.000000 0.000000 1.000000
1.000000 -0.000000 -0.000000 0.430000 0.000000 1.000000 -0.000000 -0.000000 0.000000 0.000000 1.000000 0.000000 0.000000 0.000000 0.000000 1.000000
1.000000 -0.000000 -0.000000 0.430000 0.000000 1.000000 -0.000000 -0.000000 0.000000 0.000000 1.000000 0.000000 0.000000 0.000000 0.000000 1.000000
1.000000 -0.000000 -0.000000 0.430000 0.000000 1.000000 -0.000000 -0.000000 0.000000 0.000000 1.000000 0.000000 0.000000 0.000000 0.000000 1.000000
1.000000 -0.000000 -0.000000 0.430000 0.000000 1.000000 -0.000000 -0.000000 0.000000 0.000000 1.000000 0.000000 0.000000 0.000000 0.000000 1.000000
1.000000 -0.000000 -0.000000 0.430000 0.000000 1.000000 -0.000000 -0.000000 0.000000 0.000000 1.000000 0.000000 0.000000 0.000000 0.000000 1.000000
1.000000 -0.000000 -0.000000 0.430000 0.000000 1.000000 -0.000000 -0.000000 0.000000 0.000000 1.000000 0.000000 0.000000 0.000000 0.000000 1.000000
1.000000 -0.000000 -0.000000 0.430000 0.000000 1.000000 -0.000000 -0.000000 0.000000 0.000000 1.000000 0.000000 0.000000 0.000000 0.000000 1.000000
1.000000 -0.000000 -0.000000 0.430000 0.000000 1.000000 -0.000000 -0.000000 0.000000 0.000000 1.000000 0.000000 0.000000 0.000000 0.000000 1.000000
1.000000 -0.000000 -0.000000 0.430000 0.000000 1.000000 -0.000000 -0.000000 0.000000 0.000000 1.000000 0.000000 0.000000 0.000000 0.000000 1.000000
1.000000 -0.000000 -0.000000 0.430000 0.000000 1.000000 -0.000000 -0.000000 0.000000 0.000000 1.000000 0.000000 0.000000 0.000000 0.000000 1.000000
1.000000 -0.000000 -0.000000 0.430000 0.000000 1.000000 -0.000000 -0.000000 0.000000 0.000000 1.000000 0.000000 0.000000 0.000000 0.000000 1.000000
1.000000 -0.000000 -0.000000 0.430000 0.000000 1.000000 -0.000000 -0.000000 0.000000 0.000000 1.000000 0.000000 0.000000 0.000000 0.000000 1.000000
1.000000 -0.000000 -0.000000 0.430000 0.000000 1.000000 -0.000000 -0.000000 0.000000 0.000000 1.000000 0.000000 0.000000 0.000000 0.000000 1.000000
1.000000 -0.000000 -0.000000 0.430000 0.000000 1.000000 -0.000000 -0.000000 0.000000 0.000000 1.000000 0.000000 0.000000 0.000000 0.000000 1.000000
1.000000 -0.000000 -0.000000 0.430000 0.000000 1.000000 -0.000000 -0.000000 0.000000 0.000000 1.000000 0.000000 0.000000 0.000000 0.000000 1.000000
1.000000 -0.000000 -0.000000 0.430000 0.000000 1.000000 -0.000000 -0.000000 0.000000 0.000000 1.000000 0.000000 0.000000 0.000000 0.000000 1.000000
1.000000 -0.000000 -0.000000 0.430000 0.000000 1.000000 -0.000000 -0.000000 0.000000 0.000000 1.000000 0.000000 0.000000 0.000000 0.000000 1.000000</float_array>
     <technique_common>
      <accessor source="#jnt_left_uplegroll-Matrix-animation-output-transform-array" count="23" stride="16">
       <param type="float4x4"></param>
      </accessor>
     </technique_common>
    </source>
    <source id="jnt_left_uplegroll-Interpolations">
     <Name_array id="jnt_left_uplegroll-Interpolations-array" count="23">
 LINEAR LINEAR LINEAR LINEAR LINEAR LINEAR LINEAR LINEAR LINEAR LINEAR LINEAR
LINEAR LINEAR LINEAR LINEAR LINEAR LINEAR LINEAR LINEAR LINEAR LINEAR LINEAR LINEAR</Name_array>
     <technique_common>
      <accessor source="#jnt_left_uplegroll-Interpolations-array" count="23">
       <param type="name"></param>
      </accessor>
     </technique_common>
    </source>
    <sampler id="jnt_left_uplegroll-Matrix-animation-transform">
     <input semantic="INPUT" source="#jnt_left_uplegroll-Matrix-animation-input"></input>
     <input semantic="OUTPUT" source="#jnt_left_uplegroll-Matrix-animation-output-transform"></input>
     <input semantic="INTERPOLATION" source="#jnt_left_uplegroll-Interpolations"></input>
    </sampler>
    <channel source="#jnt_left_uplegroll-Matrix-animation-transform" target="jnt_left_uplegroll/matrix"></channel>
   </animation>
  </animation>
  <animation id="jnt_left_leg-anim" name="jnt_left_leg">
   <animation>
    <source id="jnt_left_leg-Matrix-animation-input">
     <float_array id="jnt_left_leg-Matrix-animation-input-array" count="23">

0.000000 0.033333 0.066667 0.100000 0.133333 0.166667 0.200000 0.233333 0.266667 0.300000 0.333333 0.366667 0.400000 0.433333 0.466667 0.500000
0.533333 0.566667 0.600000 0.633333 0.666667 0.700000 0.733333</float_array>
     <technique_common>
      <accessor source="#jnt_left_leg-Matrix-animation-input-array" count="23">
       <param name="TIME" type="float"></param>
      </accessor>
     </technique_common>
    </source>
    <source id="jnt_left_leg-Matrix-animation-output-transform">
     <float_array id="jnt_left_leg-Matrix-animation-output-transform-array" count="368">

0.968052 0.250284 0.015281 0.860328 -0.240268 0.943298 -0.229044 -0.000000 -0.071741 0.218054 0.973296 0.000001 0.000000 0.000000 0.000000 1.000000
0.968052 0.250284 0.015281 0.860328 -0.240268 0.943298 -0.229044 -0.000000 -0.071741 0.218054 0.973296 0.000001 0.000000 0.000000 0.000000 1.000000
0.968052 0.250284 0.015281 0.860328 -0.240268 0.943298 -0.229044 -0.000000 -0.071741 0.218054 0.973296 0.000001 0.000000 0.000000 0.000000 1.000000
0.968052 0.250284 0.015281 0.860328 -0.240268 0.943298 -0.229044 -0.000000 -0.071741 0.218054 0.973296 0.000001 0.000000 0.000000 0.000000 1.000000
0.968052 0.250284 0.015281 0.860328 -0.240268 0.943298 -0.229044 -0.000000 -0.071741 0.218054 0.973296 0.000001 0.000000 0.000000 0.000000 1.000000
0.968052 0.250284 0.015281 0.860328 -0.240268 0.943298 -0.229044 -0.000000 -0.071741 0.218054 0.973296 0.000001 0.000000 0.000000 0.000000 1.000000
0.968052 0.250284 0.015281 0.860328 -0.240268 0.943298 -0.229044 -0.000000 -0.071741 0.218054 0.973296 0.000001 0.000000 0.000000 0.000000 1.000000
0.968052 0.250284 0.015281 0.860328 -0.240268 0.943298 -0.229044 -0.000000 -0.071741 0.218054 0.973296 0.000001 0.000000 0.000000 0.000000 1.000000
0.968052 0.250284 0.015281 0.860328 -0.240268 0.943298 -0.229044 -0.000000 -0.071741 0.218054 0.973296 0.000001 0.000000 0.000000 0.000000 1.000000
0.968052 0.250284 0.015281 0.860328 -0.240268 0.943298 -0.229044 -0.000000 -0.071741 0.218054 0.973296 0.000001 0.000000 0.000000 0.000000 1.000000
0.968052 0.250284 0.015281 0.860328 -0.240268 0.943298 -0.229044 -0.000000 -0.071741 0.218054 0.973296 0.000001 0.000000 0.000000 0.000000 1.000000
0.968052 0.250284 0.015281 0.860328 -0.240268 0.943298 -0.229044 -0.000000 -0.071741 0.218054 0.973296 0.000001 0.000000 0.000000 0.000000 1.000000
0.968052 0.250284 0.015281 0.860328 -0.240268 0.943298 -0.229044 -0.000000 -0.071741 0.218054 0.973296 0.000001 0.000000 0.000000 0.000000 1.000000
0.968052 0.250284 0.015281 0.860328 -0.240268 0.943298 -0.229044 -0.000000 -0.071741 0.218054 0.973296 0.000001 0.000000 0.000000 0.000000 1.000000
0.968052 0.250284 0.015281 0.860328 -0.240268 0.943298 -0.229044 -0.000000 -0.071741 0.218054 0.973296 0.000001 0.000000 0.000000 0.000000 1.000000
0.968052 0.250284 0.015281 0.860328 -0.240268 0.943298 -0.229044 -0.000000 -0.071741 0.218054 0.973296 0.000001 0.000000 0.000000 0.000000 1.000000
0.968052 0.250284 0.015281 0.860328 -0.240268 0.943298 -0.229044 -0.000000 -0.071741 0.218054 0.973296 0.000001 0.000000 0.000000 0.000000 1.000000
0.968052 0.250284 0.015281 0.860328 -0.240268 0.943298 -0.229044 -0.000000 -0.071741 0.218054 0.973296 0.000001 0.000000 0.000000 0.000000 1.000000
0.968052 0.250284 0.015281 0.860328 -0.240268 0.943298 -0.229044 -0.000000 -0.071741 0.218054 0.973296 0.000001 0.000000 0.000000 0.000000 1.000000
0.968052 0.250284 0.015281 0.860328 -0.240268 0.943298 -0.229044 -0.000000 -0.071741 0.218054 0.973296 0.000001 0.000000 0.000000 0.000000 1.000000
0.968052 0.250284 0.015281 0.860328 -0.240268 0.943298 -0.229044 -0.000000 -0.071741 0.218054 0.973296 0.000001 0.000000 0.000000 0.000000 1.000000
0.968052 0.250284 0.015281 0.860328 -0.240268 0.943298 -0.229044 -0.000000 -0.071741 0.218054 0.973296 0.000001 0.000000 0.000000 0.000000 1.000000
0.968052 0.250284 0.015281 0.860328 -0.240268 0.943298 -0.229044 -0.000000 -0.071741 0.218054 0.973296 0.000001 0.000000 0.000000 0.000000 1.000000</float_array>
     <technique_common>
      <accessor source="#jnt_left_leg-Matrix-animation-output-transform-array" count="23" stride="16">
       <param type="float4x4"></param>
      </accessor>
     </technique_common>
    </source>
    <source id="jnt_left_leg-Interpolations">
     <Name_array id="jnt_left_leg-Interpolations-array" count="23">
 LINEAR LINEAR LINEAR LINEAR LINEAR LINEAR LINEAR LINEAR LINEAR LINEAR LINEAR
LINEAR LINEAR LINEAR LINEAR LINEAR LINEAR LINEAR LINEAR LINEAR LINEAR LINEAR LINEAR</Name_array>
     <technique_common>
      <accessor source="#jnt_left_leg-Interpolations-array" count="23">
       <param type="name"></param>
      </accessor>
     </technique_common>
    </source>
    <sampler id="jnt_left_leg-Matrix-animation-transform">
     <input semantic="INPUT" source="#jnt_left_leg-Matrix-animation-input"></input>
     <input semantic="OUTPUT" source="#jnt_left_leg-Matrix-animation-output-transform"></input>
     <input semantic="INTERPOLATION" source="#jnt_left_leg-Interpolations"></input>
    </sampler>
    <channel source="#jnt_left_leg-Matrix-animation-transform" target="jnt_left_leg/matrix"></channel>
   </animation>
  </animation>
  <animation id="jnt_left_legroll-anim" name="jnt_left_legroll">
   <animation>
    <source id="jnt_left_legroll-Matrix-animation-input">
     <float_array id="jnt_left_legroll-Matrix-animation-input-array" count="23">

0.000000 0.033333 0.066667 0.100000 0.133333 0.166667 0.200000 0.233333 0.266667 0.300000 0.333333 0.366667 0.400000 0.433333 0.466667 0.500000
0.533333 0.566667 0.600000 0.633333 0.666667 0.700000 0.733333</float_array>
     <technique_common>
      <accessor source="#jnt_left_legroll-Matrix-animation-input-array" count="23">
       <param name="TIME" type="float"></param>
      </accessor>
     </technique_common>
    </source>
    <source id="jnt_left_legroll-Matrix-animation-output-transform">
     <float_array id="jnt_left_legroll-Matrix-animation-output-transform-array" count="368">

1.000000 -0.000000 -0.000000 0.384000 0.000000 1.000000 -0.000000 0.000000 0.000000 0.000000 1.000000 0.000000 0.000000 0.000000 0.000000 1.000000
1.000000 -0.000000 -0.000000 0.384000 0.000000 1.000000 -0.000000 0.000000 0.000000 0.000000 1.000000 0.000000 0.000000 0.000000 0.000000 1.000000
1.000000 -0.000000 -0.000000 0.384000 0.000000 1.000000 -0.000000 0.000000 0.000000 0.000000 1.000000 0.000000 0.000000 0.000000 0.000000 1.000000
1.000000 -0.000000 -0.000000 0.384000 0.000000 1.000000 -0.000000 0.000000 0.000000 0.000000 1.000000 0.000000 0.000000 0.000000 0.000000 1.000000
1.000000 -0.000000 -0.000000 0.384000 0.000000 1.000000 -0.000000 0.000000 0.000000 0.000000 1.000000 0.000000 0.000000 0.000000 0.000000 1.000000
1.000000 -0.000000 -0.000000 0.384000 0.000000 1.000000 -0.000000 0.000000 0.000000 0.000000 1.000000 0.000000 0.000000 0.000000 0.000000 1.000000
1.000000 -0.000000 -0.000000 0.384000 0.000000 1.000000 -0.000000 0.000000 0.000000 0.000000 1.000000 0.000000 0.000000 0.000000 0.000000 1.000000
1.000000 -0.000000 -0.000000 0.384000 0.000000 1.000000 -0.000000 0.000000 0.000000 0.000000 1.000000 0.000000 0.000000 0.000000 0.000000 1.000000
1.000000 -0.000000 -0.000000 0.384000 0.000000 1.000000 -0.000000 0.000000 0.000000 0.000000 1.000000 0.000000 0.000000 0.000000 0.000000 1.000000
1.000000 -0.000000 -0.000000 0.384000 0.000000 1.000000 -0.000000 0.000000 0.000000 0.000000 1.000000 0.000000 0.000000 0.000000 0.000000 1.000000
1.000000 -0.000000 -0.000000 0.384000 0.000000 1.000000 -0.000000 0.000000 0.000000 0.000000 1.000000 0.000000 0.000000 0.000000 0.000000 1.000000
1.000000 -0.000000 -0.000000 0.384000 0.000000 1.000000 -0.000000 0.000000 0.000000 0.000000 1.000000 0.000000 0.000000 0.000000 0.000000 1.000000
1.000000 -0.000000 -0.000000 0.384000 0.000000 1.000000 -0.000000 0.000000 0.000000 0.000000 1.000000 0.000000 0.000000 0.000000 0.000000 1.000000
1.000000 -0.000000 -0.000000 0.384000 0.000000 1.000000 -0.000000 0.000000 0.000000 0.000000 1.000000 0.000000 0.000000 0.000000 0.000000 1.000000
1.000000 -0.000000 -0.000000 0.384000 0.000000 1.000000 -0.000000 0.000000 0.000000 0.000000 1.000000 0.000000 0.000000 0.000000 0.000000 1.000000
1.000000 -0.000000 -0.000000 0.384000 0.000000 1.000000 -0.000000 0.000000 0.000000 0.000000 1.000000 0.000000 0.000000 0.000000 0.000000 1.000000
1.000000 -0.000000 -0.000000 0.384000 0.000000 1.000000 -0.000000 0.000000 0.000000 0.000000 1.000000 0.000000 0.000000 0.000000 0.000000 1.000000
1.000000 -0.000000 -0.000000 0.384000 0.000000 1.000000 -0.000000 0.000000 0.000000 0.000000 1.000000 0.000000 0.000000 0.000000 0.000000 1.000000
1.000000 -0.000000 -0.000000 0.384000 0.000000 1.000000 -0.000000 0.000000 0.000000 0.000000 1.000000 0.000000 0.000000 0.000000 0.000000 1.000000
1.000000 -0.000000 -0.000000 0.384000 0.000000 1.000000 -0.000000 0.000000 0.000000 0.000000 1.000000 0.000000 0.000000 0.000000 0.000000 1.000000
1.000000 -0.000000 -0.000000 0.384000 0.000000 1.000000 -0.000000 0.000000 0.000000 0.000000 1.000000 0.000000 0.000000 0.000000 0.000000 1.000000
1.000000 -0.000000 -0.000000 0.384000 0.000000 1.000000 -0.000000 0.000000 0.000000 0.000000 1.000000 0.000000 0.000000 0.000000 0.000000 1.000000
1.000000 -0.000000 -0.000000 0.384000 0.000000 1.000000 -0.000000 0.000000 0.000000 0.000000 1.000000 0.000000 0.000000 0.000000 0.000000 1.000000</float_array>
     <technique_common>
      <accessor source="#jnt_left_legroll-Matrix-animation-output-transform-array" count="23" stride="16">
       <param type="float4x4"></param>
      </accessor>
     </technique_common>
    </source>
    <source id="jnt_left_legroll-Interpolations">
     <Name_array id="jnt_left_legroll-Interpolations-array" count="23">
 LINEAR LINEAR LINEAR LINEAR LINEAR LINEAR LINEAR LINEAR LINEAR LINEAR LINEAR
LINEAR LINEAR LINEAR LINEAR LINEAR LINEAR LINEAR LINEAR LINEAR LINEAR LINEAR LINEAR</Name_array>
     <technique_common>
      <accessor source="#jnt_left_legroll-Interpolations-array" count="23">
       <param type="name"></param>
      </accessor>
     </technique_common>
    </source>
    <sampler id="jnt_left_legroll-Matrix-animation-transform">
     <input semantic="INPUT" source="#jnt_left_legroll-Matrix-animation-input"></input>
     <input semantic="OUTPUT" source="#jnt_left_legroll-Matrix-animation-output-transform"></input>
     <input semantic="INTERPOLATION" source="#jnt_left_legroll-Interpolations"></input>
    </sampler>
    <channel source="#jnt_left_legroll-Matrix-animation-transform" target="jnt_left_legroll/matrix"></channel>
   </animation>
  </animation>
  <animation id="jnt_left_foot-anim" name="jnt_left_foot">
   <animation>
    <source id="jnt_left_foot-Matrix-animation-input">
     <float_array id="jnt_left_foot-Matrix-animation-input-array" count="23">

0.000000 0.033333 0.066667 0.100000 0.133333 0.166667 0.200000 0.233333 0.266667 0.300000 0.333333 0.366667 0.400000 0.433333 0.466667 0.500000
0.533333 0.566667 0.600000 0.633333 0.666667 0.700000 0.733333</float_array>
     <technique_common>
      <accessor source="#jnt_left_foot-Matrix-animation-input-array" count="23">
       <param name="TIME" type="float"></param>
      </accessor>
     </technique_common>
    </source>
    <source id="jnt_left_foot-Matrix-animation-output-transform">
     <float_array id="jnt_left_foot-Matrix-animation-output-transform-array" count="368">

0.278754 -0.954828 -0.102953 0.768142 0.945569 0.291623 -0.144416 0.000000 0.167916 -0.057093 0.984147 -0.000001 0.000000 0.000000 0.000000 1.000000
0.278754 -0.954828 -0.102953 0.768142 0.945569 0.291623 -0.144416 0.000000 0.167916 -0.057093 0.984147 -0.000001 0.000000 0.000000 0.000000 1.000000
0.278754 -0.954828 -0.102953 0.768142 0.945569 0.291623 -0.144416 0.000000 0.167916 -0.057093 0.984147 -0.000001 0.000000 0.000000 0.000000 1.000000
0.278754 -0.954828 -0.102953 0.768142 0.945569 0.291623 -0.144416 0.000000 0.167916 -0.057093 0.984147 -0.000001 0.000000 0.000000 0.000000 1.000000
0.278754 -0.954828 -0.102953 0.768142 0.945569 0.291623 -0.144416 0.000000 0.167916 -0.057093 0.984147 -0.000001 0.000000 0.000000 0.000000 1.000000
0.278754 -0.954828 -0.102953 0.768142 0.945569 0.291623 -0.144416 0.000000 0.167916 -0.057093 0.984147 -0.000001 0.000000 0.000000 0.000000 1.000000
0.278754 -0.954828 -0.102953 0.768142 0.945569 0.291623 -0.144416 0.000000 0.167916 -0.057093 0.984147 -0.000001 0.000000 0.000000 0.000000 1.000000
0.278754 -0.954828 -0.102953 0.768142 0.945569 0.291623 -0.144416 0.000000 0.167916 -0.057093 0.984147 -0.000001 0.000000 0.000000 0.000000 1.000000
0.278754 -0.954828 -0.102953 0.768142 0.945569 0.291623 -0.144416 0.000000 0.167916 -0.057093 0.984147 -0.000001 0.000000 0.000000 0.000000 1.000000
0.278754 -0.954828 -0.102953 0.768142 0.945569 0.291623 -0.144416 0.000000 0.167916 -0.057093 0.984147 -0.000001 0.000000 0.000000 0.000000 1.000000
0.278754 -0.954828 -0.102953 0.768142 0.945569 0.291623 -0.144416 0.000000 0.167916 -0.057093 0.984147 -0.000001 0.000000 0.000000 0.000000 1.000000
0.278754 -0.954828 -0.102953 0.768142 0.945569 0.291623 -0.144416 0.000000 0.167916 -0.057093 0.984147 -0.000001 0.000000 0.000000 0.000000 1.000000
0.278754 -0.954828 -0.102953 0.768142 0.945569 0.291623 -0.144416 0.000000 0.167916 -0.057093 0.984147 -0.000001 0.000000 0.000000 0.000000 1.000000
0.278754 -0.954828 -0.102953 0.768142 0.945569 0.291623 -0.144416 0.000000 0.167916 -0.057093 0.984147 -0.000001 0.000000 0.000000 0.000000 1.000000
0.278754 -0.954828 -0.102953 0.768142 0.945569 0.291623 -0.144416 0.000000 0.167916 -0.057093 0.984147 -0.000001 0.000000 0.000000 0.000000 1.000000
0.278754 -0.954828 -0.102953 0.768142 0.945569 0.291623 -0.144416 0.000000 0.167916 -0.057093 0.984147 -0.000001 0.000000 0.000000 0.000000 1.000000
0.278754 -0.954828 -0.102953 0.768142 0.945569 0.291623 -0.144416 0.000000 0.167916 -0.057093 0.984147 -0.000001 0.000000 0.000000 0.000000 1.000000
0.278754 -0.954828 -0.102953 0.768142 0.945569 0.291623 -0.144416 0.000000 0.167916 -0.057093 0.984147 -0.000001 0.000000 0.000000 0.000000 1.000000
0.278754 -0.954828 -0.102953 0.768142 0.945569 0.291623 -0.144416 0.000000 0.167916 -0.057093 0.984147 -0.000001 0.000000 0.000000 0.000000 1.000000
0.278754 -0.954828 -0.102953 0.768142 0.945569 0.291623 -0.144416 0.000000 0.167916 -0.057093 0.984147 -0.000001 0.000000 0.000000 0.000000 1.000000
0.278754 -0.954828 -0.102953 0.768142 0.945569 0.291623 -0.144416 0.000000 0.167916 -0.057093 0.984147 -0.000001 0.000000 0.000000 0.000000 1.000000
0.278754 -0.954828 -0.102953 0.768142 0.945569 0.291623 -0.144416 0.000000 0.167916 -0.057093 0.984147 -0.000001 0.000000 0.000000 0.000000 1.000000
0.278754 -0.954828 -0.102953 0.768142 0.945569 0.291623 -0.144416 0.000000 0.167916 -0.057093 0.984147 -0.000001 0.000000 0.000000 0.000000 1.000000</float_array>
     <technique_common>
      <accessor source="#jnt_left_foot-Matrix-animation-output-transform-array" count="23" stride="16">
       <param type="float4x4"></param>
      </accessor>
     </technique_common>
    </source>
    <source id="jnt_left_foot-Interpolations">
     <Name_array id="jnt_left_foot-Interpolations-array" count="23">
 LINEAR LINEAR LINEAR LINEAR LINEAR LINEAR LINEAR LINEAR LINEAR LINEAR LINEAR
LINEAR LINEAR LINEAR LINEAR LINEAR LINEAR LINEAR LINEAR LINEAR LINEAR LINEAR LINEAR</Name_array>
     <technique_common>
      <accessor source="#jnt_left_foot-Interpolations-array" count="23">
       <param type="name"></param>
      </accessor>
     </technique_common>
    </source>
    <sampler id="jnt_left_foot-Matrix-animation-transform">
     <input semantic="INPUT" source="#jnt_left_foot-Matrix-animation-input"></input>
     <input semantic="OUTPUT" source="#jnt_left_foot-Matrix-animation-output-transform"></input>
     <input semantic="INTERPOLATION" source="#jnt_left_foot-Interpolations"></input>
    </sampler>
    <channel source="#jnt_left_foot-Matrix-animation-transform" target="jnt_left_foot/matrix"></channel>
   </animation>
  </animation>
  <animation id="jnt_left_toebase-anim" name="jnt_left_toebase">
   <animation>
    <source id="jnt_left_toebase-Matrix-animation-input">
     <float_array id="jnt_left_toebase-Matrix-animation-input-array" count="23">

0.000000 0.033333 0.066667 0.100000 0.133333 0.166667 0.200000 0.233333 0.266667 0.300000 0.333333 0.366667 0.400000 0.433333 0.466667 0.500000
0.533333 0.566667 0.600000 0.633333 0.666667 0.700000 0.733333</float_array>
     <technique_common>
      <accessor source="#jnt_left_toebase-Matrix-animation-input-array" count="23">
       <param name="TIME" type="float"></param>
      </accessor>
     </technique_common>
    </source>
    <source id="jnt_left_toebase-Matrix-animation-output-transform">
     <float_array id="jnt_left_toebase-Matrix-animation-output-transform-array" count="368">

0.918936 -0.394408 0.000000 0.441847 0.394408 0.918936 -0.000000 0.000000 0.000000 0.000000 1.000000 -0.000000 0.000000 0.000000 0.000000 1.000000
0.918936 -0.394408 0.000000 0.441847 0.394408 0.918936 -0.000000 0.000000 0.000000 0.000000 1.000000 -0.000000 0.000000 0.000000 0.000000 1.000000
0.918936 -0.394408 0.000000 0.441847 0.394408 0.918936 -0.000000 0.000000 0.000000 0.000000 1.000000 -0.000000 0.000000 0.000000 0.000000 1.000000
0.918936 -0.394408 0.000000 0.441847 0.394408 0.918936 -0.000000 0.000000 0.000000 0.000000 1.000000 -0.000000 0.000000 0.000000 0.000000 1.000000
0.918936 -0.394408 0.000000 0.441847 0.394408 0.918936 -0.000000 0.000000 0.000000 0.000000 1.000000 -0.000000 0.000000 0.000000 0.000000 1.000000
0.918936 -0.394408 0.000000 0.441847 0.394408 0.918936 -0.000000 0.000000 0.000000 0.000000 1.000000 -0.000000 0.000000 0.000000 0.000000 1.000000
0.918936 -0.394408 0.000000 0.441847 0.394408 0.918936 -0.000000 0.000000 0.000000 0.000000 1.000000 -0.000000 0.000000 0.000000 0.000000 1.000000
0.918936 -0.394408 0.000000 0.441847 0.394408 0.918936 -0.000000 0.000000 0.000000 0.000000 1.000000 -0.000000 0.000000 0.000000 0.000000 1.000000
0.918936 -0.394408 0.000000 0.441847 0.394408 0.918936 -0.000000 0.000000 0.000000 0.000000 1.000000 -0.000000 0.000000 0.000000 0.000000 1.000000
0.918936 -0.394408 0.000000 0.441847 0.394408 0.918936 -0.000000 0.000000 0.000000 0.000000 1.000000 -0.000000 0.000000 0.000000 0.000000 1.000000
0.918936 -0.394408 0.000000 0.441847 0.394408 0.918936 -0.000000 0.000000 0.000000 0.000000 1.000000 -0.000000 0.000000 0.000000 0.000000 1.000000
0.918936 -0.394408 0.000000 0.441847 0.394408 0.918936 -0.000000 0.000000 0.000000 0.000000 1.000000 -0.000000 0.000000 0.000000 0.000000 1.000000
0.918936 -0.394408 0.000000 0.441847 0.394408 0.918936 -0.000000 0.000000 0.000000 0.000000 1.000000 -0.000000 0.000000 0.000000 0.000000 1.000000
0.918936 -0.394408 0.000000 0.441847 0.394408 0.918936 -0.000000 0.000000 0.000000 0.000000 1.000000 -0.000000 0.000000 0.000000 0.000000 1.000000
0.918936 -0.394408 0.000000 0.441847 0.394408 0.918936 -0.000000 0.000000 0.000000 0.000000 1.000000 -0.000000 0.000000 0.000000 0.000000 1.000000
0.918936 -0.394408 0.000000 0.441847 0.394408 0.918936 -0.000000 0.000000 0.000000 0.000000 1.000000 -0.000000 0.000000 0.000000 0.000000 1.000000
0.918936 -0.394408 0.000000 0.441847 0.394408 0.918936 -0.000000 0.000000 0.000000 0.000000 1.000000 -0.000000 0.000000 0.000000 0.000000 1.000000
0.918936 -0.394408 0.000000 0.441847 0.394408 0.918936 -0.000000 0.000000 0.000000 0.000000 1.000000 -0.000000 0.000000 0.000000 0.000000 1.000000
0.918936 -0.394408 0.000000 0.441847 0.394408 0.918936 -0.000000 0.000000 0.000000 0.000000 1.000000 -0.000000 0.000000 0.000000 0.000000 1.000000
0.918936 -0.394408 0.000000 0.441847 0.394408 0.918936 -0.000000 0.000000 0.000000 0.000000 1.000000 -0.000000 0.000000 0.000000 0.000000 1.000000
0.918936 -0.394408 0.000000 0.441847 0.394408 0.918936 -0.000000 0.000000 0.000000 0.000000 1.000000 -0.000000 0.000000 0.000000 0.000000 1.000000
0.918936 -0.394408 0.000000 0.441847 0.394408 0.918936 -0.000000 0.000000 0.000000 0.000000 1.000000 -0.000000 0.000000 0.000000 0.000000 1.000000
0.918936 -0.394408 0.000000 0.441847 0.394408 0.918936 -0.000000 0.000000 0.000000 0.000000 1.000000 -0.000000 0.000000 0.000000 0.000000 1.000000</float_array>
     <technique_common>
      <accessor source="#jnt_left_toebase-Matrix-animation-output-transform-array" count="23" stride="16">
       <param type="float4x4"></param>
      </accessor>
     </technique_common>
    </source>
    <source id="jnt_left_toebase-Interpolations">
     <Name_array id="jnt_left_toebase-Interpolations-array" count="23">
 LINEAR LINEAR LINEAR LINEAR LINEAR LINEAR LINEAR LINEAR LINEAR LINEAR LINEAR
LINEAR LINEAR LINEAR LINEAR LINEAR LINEAR LINEAR LINEAR LINEAR LINEAR LINEAR LINEAR</Name_array>
     <technique_common>
      <accessor source="#jnt_left_toebase-Interpolations-array" count="23">
       <param type="name"></param>
      </accessor>
     </technique_common>
    </source>
    <sampler id="jnt_left_toebase-Matrix-animation-transform">
     <input semantic="INPUT" source="#jnt_left_toebase-Matrix-animation-input"></input>
     <input semantic="OUTPUT" source="#jnt_left_toebase-Matrix-animation-output-transform"></input>
     <input semantic="INTERPOLATION" source="#jnt_left_toebase-Interpolations"></input>
    </sampler>
    <channel source="#jnt_left_toebase-Matrix-animation-transform" target="jnt_left_toebase/matrix"></channel>
   </animation>
  </animation>
  <animation id="jnt_left_toeend-anim" name="jnt_left_toeend">
   <animation>
    <source id="jnt_left_toeend-Matrix-animation-input">
     <float_array id="jnt_left_toeend-Matrix-animation-input-array" count="23">

0.000000 0.033333 0.066667 0.100000 0.133333 0.166667 0.200000 0.233333 0.266667 0.300000 0.333333 0.366667 0.400000 0.433333 0.466667 0.500000
0.533333 0.566667 0.600000 0.633333 0.666667 0.700000 0.733333</float_array>
     <technique_common>
      <accessor source="#jnt_left_toeend-Matrix-animation-input-array" count="23">
       <param name="TIME" type="float"></param>
      </accessor>
     </technique_common>
    </source>
    <source id="jnt_left_toeend-Matrix-animation-output-transform">
     <float_array id="jnt_left_toeend-Matrix-animation-output-transform-array" count="368">

1.000000 -0.000001 -0.000000 0.379397 0.000001 1.000000 -0.000000 -0.000000 0.000000 0.000000 1.000000 -0.000000 0.000000 0.000000 0.000000 1.000000
1.000000 -0.000001 -0.000000 0.379397 0.000001 1.000000 -0.000000 -0.000000 0.000000 0.000000 1.000000 -0.000000 0.000000 0.000000 0.000000 1.000000
1.000000 -0.000001 -0.000000 0.379397 0.000001 1.000000 -0.000000 -0.000000 0.000000 0.000000 1.000000 -0.000000 0.000000 0.000000 0.000000 1.000000
1.000000 -0.000001 -0.000000 0.379397 0.000001 1.000000 -0.000000 -0.000000 0.000000 0.000000 1.000000 -0.000000 0.000000 0.000000 0.000000 1.000000
1.000000 -0.000001 -0.000000 0.379397 0.000001 1.000000 -0.000000 -0.000000 0.000000 0.000000 1.000000 -0.000000 0.000000 0.000000 0.000000 1.000000
1.000000 -0.000001 -0.000000 0.379397 0.000001 1.000000 -0.000000 -0.000000 0.000000 0.000000 1.000000 -0.000000 0.000000 0.000000 0.000000 1.000000
1.000000 -0.000001 -0.000000 0.379397 0.000001 1.000000 -0.000000 -0.000000 0.000000 0.000000 1.000000 -0.000000 0.000000 0.000000 0.000000 1.000000
1.000000 -0.000001 -0.000000 0.379397 0.000001 1.000000 -0.000000 -0.000000 0.000000 0.000000 1.000000 -0.000000 0.000000 0.000000 0.000000 1.000000
1.000000 -0.000001 -0.000000 0.379397 0.000001 1.000000 -0.000000 -0.000000 0.000000 0.000000 1.000000 -0.000000 0.000000 0.000000 0.000000 1.000000
1.000000 -0.000001 -0.000000 0.379397 0.000001 1.000000 -0.000000 -0.000000 0.000000 0.000000 1.000000 -0.000000 0.000000 0.000000 0.000000 1.000000
1.000000 -0.000001 -0.000000 0.379397 0.000001 1.000000 -0.000000 -0.000000 0.000000 0.000000 1.000000 -0.000000 0.000000 0.000000 0.000000 1.000000
1.000000 -0.000001 -0.000000 0.379397 0.000001 1.000000 -0.000000 -0.000000 0.000000 0.000000 1.000000 -0.000000 0.000000 0.000000 0.000000 1.000000
1.000000 -0.000001 -0.000000 0.379397 0.000001 1.000000 -0.000000 -0.000000 0.000000 0.000000 1.000000 -0.000000 0.000000 0.000000 0.000000 1.000000
1.000000 -0.000001 -0.000000 0.379397 0.000001 1.000000 -0.000000 -0.000000 0.000000 0.000000 1.000000 -0.000000 0.000000 0.000000 0.000000 1.000000
1.000000 -0.000001 -0.000000 0.379397 0.000001 1.000000 -0.000000 -0.000000 0.000000 0.000000 1.000000 -0.000000 0.000000 0.000000 0.000000 1.000000
1.000000 -0.000001 -0.000000 0.379397 0.000001 1.000000 -0.000000 -0.000000 0.000000 0.000000 1.000000 -0.000000 0.000000 0.000000 0.000000 1.000000
1.000000 -0.000001 -0.000000 0.379397 0.000001 1.000000 -0.000000 -0.000000 0.000000 0.000000 1.000000 -0.000000 0.000000 0.000000 0.000000 1.000000
1.000000 -0.000001 -0.000000 0.379397 0.000001 1.000000 -0.000000 -0.000000 0.000000 0.000000 1.000000 -0.000000 0.000000 0.000000 0.000000 1.000000
1.000000 -0.000001 -0.000000 0.379397 0.000001 1.000000 -0.000000 -0.000000 0.000000 0.000000 1.000000 -0.000000 0.000000 0.000000 0.000000 1.000000
1.000000 -0.000001 -0.000000 0.379397 0.000001 1.000000 -0.000000 -0.000000 0.000000 0.000000 1.000000 -0.000000 0.000000 0.000000 0.000000 1.000000
1.000000 -0.000001 -0.000000 0.379397 0.000001 1.000000 -0.000000 -0.000000 0.000000 0.000000 1.000000 -0.000000 0.000000 0.000000 0.000000 1.000000
1.000000 -0.000001 -0.000000 0.379397 0.000001 1.000000 -0.000000 -0.000000 0.000000 0.000000 1.000000 -0.000000 0.000000 0.000000 0.000000 1.000000
1.000000 -0.000001 -0.000000 0.379397 0.000001 1.000000 -0.000000 -0.000000 0.000000 0.000000 1.000000 -0.000000 0.000000 0.000000 0.000000 1.000000</float_array>
     <technique_common>
      <accessor source="#jnt_left_toeend-Matrix-animation-output-transform-array" count="23" stride="16">
       <param type="float4x4"></param>
      </accessor>
     </technique_common>
    </source>
    <source id="jnt_left_toeend-Interpolations">
     <Name_array id="jnt_left_toeend-Interpolations-array" count="23">
 LINEAR LINEAR LINEAR LINEAR LINEAR LINEAR LINEAR LINEAR LINEAR LINEAR LINEAR
LINEAR LINEAR LINEAR LINEAR LINEAR LINEAR LINEAR LINEAR LINEAR LINEAR LINEAR LINEAR</Name_array>
     <technique_common>
      <accessor source="#jnt_left_toeend-Interpolations-array" count="23">
       <param type="name"></param>
      </accessor>
     </technique_common>
    </source>
    <sampler id="jnt_left_toeend-Matrix-animation-transform">
     <input semantic="INPUT" source="#jnt_left_toeend-Matrix-animation-input"></input>
     <input semantic="OUTPUT" source="#jnt_left_toeend-Matrix-animation-output-transform"></input>
     <input semantic="INTERPOLATION" source="#jnt_left_toeend-Interpolations"></input>
    </sampler>
    <channel source="#jnt_left_toeend-Matrix-animation-transform" target="jnt_left_toeend/matrix"></channel>
   </animation>
  </animation>
 </library_animations>
 <library_visual_scenes>
  <visual_scene id="Scene" name="Scene">
   <node name="HIK_root_jnt" id="HIK_root_jnt" sid="HIK_root_jnt" type="JOINT">
    <matrix sid="matrix">1.000000 0.000000 0.000000 0.000000 0.000000 1.000000 -0.000000 0.000000 0.000000 0.000000 1.000000 0.000000 0.000000 0.000000 0.000000 1.000000</matrix>
    <extra>
     <technique profile="FCOLLADA">
      <visibility>1.000000</visibility>
     </technique>
    </extra>
   </node>
   <node name="root_jnt" id="root_jnt" sid="root_jnt" type="JOINT">
    <matrix sid="matrix">1.000000 0.000000 0.000000 0.000000 0.000000 1.000000 -0.000000 0.000000 0.000000 0.000000 1.000000 0.000000 0.000000 0.000000 0.000000 1.000000</matrix>
    <extra>
     <technique profile="FCOLLADA">
      <visibility>1.000000</visibility>
     </technique>
    </extra>
    <node name="jnt_hips" id="jnt_hips" sid="jnt_hips" type="JOINT">
     <matrix sid="matrix">1.000000 0.000000 0.000000 0.000000 -0.000000 0.999997 -0.002456 2.061423 -0.000000 0.002456 0.999997 -0.094053 0.000000 0.000000 0.000000 1.000000</matrix>
     <extra>
      <technique profile="FCOLLADA">
       <visibility>1.000000</visibility>
      </technique>
     </extra>
     <node name="jnt_height" id="jnt_height" sid="jnt_height" type="JOINT">
      <matrix sid="matrix">1.000000 0.000000 0.000000 -0.000000 -0.000000 0.999997 -0.002456 -0.000000 -0.000000 0.002456 0.999997 0.000000 0.000000 0.000000 0.000000 1.000000</matrix>
      <extra>
       <technique profile="FCOLLADA">
        <visibility>1.000000</visibility>
       </technique>
      </extra>
      <node name="jnt_spine1" id="jnt_spine1" sid="jnt_spine1" type="JOINT">
       <matrix sid="matrix">0.000000 0.000000 1.000000 0.000000 0.999914 -0.013155 -0.000000 0.212132 0.013155 0.999914 -0.000000 0.023482 0.000000 0.000000 0.000000 1.000000</matrix>
       <extra>
        <technique profile="FCOLLADA">
         <visibility>1.000000</visibility>
        </technique>
       </extra>
       <node name="jnt_spine2" id="jnt_spine2" sid="jnt_spine2" type="JOINT">
        <matrix sid="matrix">0.998580 0.053271 -0.000000 0.426848 -0.053271 0.998580 -0.000000 0.000003 0.000000 0.000000 1.000000 -0.000000 0.000000 0.000000 0.000000 1.000000</matrix>
        <extra>
         <technique profile="FCOLLADA">
          <visibility>1.000000</visibility>
         </technique>
        </extra>
        <node name="jnt_spine3" id="jnt_spine3" sid="jnt_spine3" type="JOINT">
         <matrix sid="matrix">0.997528 0.070262 -0.000000 0.555067 -0.070262 0.997528 -0.000000 0.000000 0.000000 0.000000 1.000000 -0.000000 0.000000 0.000000 0.000000 1.000000</matrix>
         <extra>
          <technique profile="FCOLLADA">
           <visibility>1.000000</visibility>
          </technique>
         </extra>
         <node name="jnt_neck" id="jnt_neck" sid="jnt_neck" type="JOINT">
          <matrix sid="matrix">0.999409 -0.034365 -0.000000 0.867450 0.034365 0.999409 -0.000000 0.171573 0.000000 0.000000 1.000000 -0.000000 0.000000 0.000000 0.000000 1.000000</matrix>
          <extra>
           <technique profile="FCOLLADA">
            <visibility>1.000000</visibility>
           </technique>
          </extra>
          <node name="jnt_head" id="jnt_head" sid="jnt_head" type="JOINT">
           <matrix sid="matrix">0.999537 -0.030417 -0.000001 0.273591 0.030417 0.999537 0.000000 0.000002 0.000001 -0.000000 1.000000 -0.000000 0.000000 0.000000 0.000000 1.000000</matrix>
           <extra>
            <technique profile="FCOLLADA">
             <visibility>1.000000</visibility>
            </technique>
           </extra>
           <node name="jnt_headappend" id="jnt_headappend" sid="jnt_headappend" type="JOINT">
            <matrix sid="matrix">1.000000 0.000000 -0.000000 0.000001 -0.000000 1.000000 0.000000 0.000000 0.000000 -0.000000 1.000000 -0.000000 0.000000 0.000000 0.000000 1.000000</matrix>
            <extra>
             <technique profile="FCOLLADA">
              <visibility>1.000000</visibility>
             </technique>
            </extra>
           </node>
          </node>
         </node>
         <node name="jnt_left_armroot" id="jnt_left_armroot" sid="jnt_left_armroot" type="JOINT">
          <matrix sid="matrix">0.999937 -0.010412 -0.004204 -0.857250 0.010594 0.998888 0.045934 0.597269 0.003721 -0.045975 0.998936 -0.437203 0.000000 0.000000 0.000000 1.000000</matrix>
          <extra>
           <technique profile="FCOLLADA">
            <visibility>1.000000</visibility>
           </technique>
          </extra>
          <node name="jnt_left_shoulder" id="jnt_left_shoulder" sid="jnt_left_shoulder" type="JOINT">
           <matrix sid="matrix">-0.019289 0.092831 -0.995495 0.635987 0.352002 -0.931301 -0.093665 0.114390 -0.935800 -0.352223 -0.014713 0.266187 0.000000 0.000000 0.000000 1.000000</matrix>
           <extra>
            <technique profile="FCOLLADA">
             <visibility>1.000000</visibility>
            </technique>
           </extra>
           <node name="jnt_left_arm" id="jnt_left_arm" sid="jnt_left_arm" type="JOINT">
            <matrix sid="matrix">-0.266059 -0.474111 0.839303 -0.525417 0.905666 0.175238 0.386085 -0.032447 -0.330125 0.862850 0.382763 0.009492 0.000000 0.000000 0.000000 1.000000</matrix>
            <extra>
             <technique profile="FCOLLADA">
              <visibility>1.000000</visibility>
             </technique>
            </extra>
            <node name="jnt_left_armroll" id="jnt_left_armroll" sid="jnt_left_armroll" type="JOINT">
             <matrix sid="matrix">1.000000 -0.000000 0.000000 -0.421995 0.000000 1.000000 0.000000 0.000002 -0.000000 -0.000000 1.000000 -0.000004 0.000000 0.000000 0.000000 1.000000</matrix>
             <extra>
              <technique profile="FCOLLADA">
               <visibility>1.000000</visibility>
              </technique>
             </extra>
            </node>
            <node name="jnt_left_forearm" id="jnt_left_forearm" sid="jnt_left_forearm" type="JOINT">
             <matrix sid="matrix">0.106584 -0.239502 0.965027 -0.843981 0.894726 0.446457 0.011983 0.000001 -0.433714 0.862157 0.261873 0.000003 0.000000 0.000000 0.000000 1.000000</matrix>
             <extra>
              <technique profile="FCOLLADA">
               <visibility>1.000000</visibility>
              </technique>
             </extra>
             <node name="jnt_left_forearmroll" id="jnt_left_forearmroll" sid="jnt_left_forearmroll" type="JOINT">
              <matrix sid="matrix">1.000000 0.000001 -0.000000 -0.487001 -0.000001 1.000000 -0.000000 -0.000001 0.000000 0.000000 1.000000 -0.000004 0.000000 0.000000 0.000000 1.000000</matrix>
              <extra>
               <technique profile="FCOLLADA">
                <visibility>1.000000</visibility>
               </technique>
              </extra>
             </node>
             <node name="jnt_left_hand" id="jnt_left_hand" sid="jnt_left_hand" type="JOINT">
              <matrix sid="matrix">0.986132 -0.082528 -0.143991 -0.975262 -0.072766 0.564765 -0.822037 -0.000001 0.149162 0.821115 0.550927 0.000000 0.000000 0.000000 0.000000 1.000000</matrix>
              <extra>
               <technique profile="FCOLLADA">
                <visibility>1.000000</visibility>
               </technique>
              </extra>
              <node name="jnt_left_handthumb1" id="jnt_left_handthumb1" sid="jnt_left_handthumb1" type="JOINT">
               <matrix sid="matrix">0.847245 -0.522545 -0.095504 -0.060228 0.457005 0.625381 0.632491 -0.203939 -0.270779 -0.579521 0.768657 0.155677 0.000000 0.000000 0.000000 1.000000</matrix>
               <extra>
                <technique profile="FCOLLADA">
                 <visibility>1.000000</visibility>
                </technique>
               </extra>
               <node name="jnt_left_handthumb2" id="jnt_left_handthumb2" sid="jnt_left_handthumb2" type="JOINT">
                <matrix sid="matrix">0.936673 0.350206 -0.000000 -0.213228 -0.350206 0.936672 -0.000003 -0.000001 -0.000001 0.000003 1.000000 0.000004 0.000000 0.000000 0.000000 1.000000</matrix>
                <extra>
                 <technique profile="FCOLLADA">
                  <visibility>1.000000</visibility>
                 </technique>
                </extra>
                <node name="jnt_left_handthumb3" id="jnt_left_handthumb3" sid="jnt_left_handthumb3" type="JOINT">
                 <matrix sid="matrix">0.957316 0.289044 -0.000001 -0.141880 -0.289044 0.957316 -0.000003 0.000002 0.000000 0.000003 1.000000 -0.000027 0.000000 0.000000 0.000000 1.000000</matrix>
                 <extra>
                  <technique profile="FCOLLADA">
                   <visibility>1.000000</visibility>
                  </technique>
                 </extra>
                 <node name="jnt_left_handthumb4" id="jnt_left_handthumb4" sid="jnt_left_handthumb4" type="JOINT">
                  <matrix sid="matrix">1.000000 -0.000000 -0.000000 -0.122601 0.000000 1.000000 0.000000 -0.000006 0.000000 -0.000000 1.000000 0.000005 0.000000 0.000000 0.000000 1.000000</matrix>
                  <extra>
                   <technique profile="FCOLLADA">
                    <visibility>1.000000</visibility>
                   </technique>
                  </extra>
                 </node>
                </node>
               </node>
              </node>
              <node name="jnt_left_handindex1" id="jnt_left_handindex1" sid="jnt_left_handindex1" type="JOINT">
               <matrix sid="matrix">0.803118 0.595024 -0.030790 -0.494375 -0.069847 0.042702 -0.996643 -0.203977 -0.591712 0.802573 0.075855 -0.029847 0.000000 0.000000 0.000000 1.000000</matrix>
               <extra>
                <technique profile="FCOLLADA">
                 <visibility>1.000000</visibility>
                </technique>
               </extra>
               <node name="jnt_left_handindex2" id="jnt_left_handindex2" sid="jnt_left_handindex2" type="JOINT">
                <matrix sid="matrix">0.977194 0.212348 -0.000000 -0.145432 -0.212348 0.977194 -0.000000 0.001125 0.000000 0.000000 1.000000 0.000040 0.000000 0.000000 0.000000 1.000000</matrix>
                <extra>
                 <technique profile="FCOLLADA">
                  <visibility>1.000000</visibility>
                 </technique>
                </extra>
                <node name="jnt_left_handindex3" id="jnt_left_handindex3" sid="jnt_left_handindex3" type="JOINT">
                 <matrix sid="matrix">0.999087 0.042728 -0.000000 -0.093752 -0.042728 0.999087 0.000001 0.000003 0.000000 -0.000001 1.000000 -0.000000 0.000000 0.000000 0.000000 1.000000</matrix>
                 <extra>
                  <technique profile="FCOLLADA">
                   <visibility>1.000000</visibility>
                  </technique>
                 </extra>
                 <node name="jnt_left_handindex4" id="jnt_left_handindex4" sid="jnt_left_handindex4" type="JOINT">
                  <matrix sid="matrix">1.000000 0.000000 0.000000 -0.107084 -0.000000 1.000000 -0.000000 0.000049 -0.000000 0.000000 1.000000 -0.001504 0.000000 0.000000 0.000000 1.000000</matrix>
                  <extra>
                   <technique profile="FCOLLADA">
                    <visibility>1.000000</visibility>
                   </technique>
                  </extra>
                 </node>
                </node>
               </node>
              </node>
              <node name="jnt_left_weapon" id="jnt_left_weapon" sid="jnt_left_weapon" type="JOINT">
               <matrix sid="matrix">-0.068652 -0.108938 -0.991680 -0.369354 0.108715 -0.988918 0.101110 -0.054074 -0.991705 -0.100868 0.079734 0.296616 0.000000 0.000000 0.000000 1.000000</matrix>
               <extra>
                <technique profile="FCOLLADA">
                 <visibility>1.000000</visibility>
                </technique>
               </extra>
              </node>
              <node name="jnt_left_handmiddle1" id="jnt_left_handmiddle1" sid="jnt_left_handmiddle1" type="JOINT">
               <matrix sid="matrix">0.640058 0.767591 -0.033615 -0.489248 0.010230 -0.052262 -0.998581 -0.062066 -0.768259 0.638806 -0.041303 -0.036308 0.000000 0.000000 0.000000 1.000000</matrix>
               <extra>
                <technique profile="FCOLLADA">
                 <visibility>1.000000</visibility>
                </technique>
               </extra>
               <node name="jnt_left_handmiddle2" id="jnt_left_handmiddle2" sid="jnt_left_handmiddle2" type="JOINT">
                <matrix sid="matrix">0.910363 0.413810 -0.000000 -0.176688 -0.413810 0.910363 0.000000 0.000003 0.000000 0.000000 1.000000 -0.000000 0.000000 0.000000 0.000000 1.000000</matrix>
                <extra>
                 <technique profile="FCOLLADA">
                  <visibility>1.000000</visibility>
                 </technique>
                </extra>
                <node name="jnt_left_handmiddle3" id="jnt_left_handmiddle3" sid="jnt_left_handmiddle3" type="JOINT">
                 <matrix sid="matrix">0.978981 0.203949 0.000000 -0.108367 -0.203949 0.978981 0.000000 0.000002 -0.000000 -0.000000 1.000000 0.000000 0.000000 0.000000 0.000000 1.000000</matrix>
                 <extra>
                  <technique profile="FCOLLADA">
                   <visibility>1.000000</visibility>
                  </technique>
                 </extra>
                 <node name="jnt_left_handmiddle4" id="jnt_left_handmiddle4" sid="jnt_left_handmiddle4" type="JOINT">
                  <matrix sid="matrix">1.000000 -0.000000 0.000000 -0.119192 0.000000 1.000000 0.000000 -0.000107 -0.000000 -0.000000 1.000000 0.000005 0.000000 0.000000 0.000000 1.000000</matrix>
                  <extra>
                   <technique profile="FCOLLADA">
                    <visibility>1.000000</visibility>
                   </technique>
                  </extra>
                 </node>
                </node>
               </node>
              </node>
              <node name="jnt_left_handring1" id="jnt_left_handring1" sid="jnt_left_handring1" type="JOINT">
               <matrix sid="matrix">0.605660 0.778632 -0.164038 -0.469963 0.017593 -0.219202 -0.975521 0.076797 -0.795529 0.587948 -0.146460 -0.036646 0.000000 0.000000 0.000000 1.000000</matrix>
               <extra>
                <technique profile="FCOLLADA">
                 <visibility>1.000000</visibility>
                </technique>
               </extra>
               <node name="jnt_left_handring2" id="jnt_left_handring2" sid="jnt_left_handring2" type="JOINT">
                <matrix sid="matrix">0.881477 0.472226 0.000000 -0.184233 -0.472226 0.881478 -0.000001 -0.000002 -0.000001 0.000001 1.000000 -0.000001 0.000000 0.000000 0.000000 1.000000</matrix>
                <extra>
                 <technique profile="FCOLLADA">
                  <visibility>1.000000</visibility>
                 </technique>
                </extra>
                <node name="jnt_left_handring3" id="jnt_left_handring3" sid="jnt_left_handring3" type="JOINT">
                 <matrix sid="matrix">0.967951 0.251140 0.000000 -0.103958 -0.251140 0.967951 0.000001 0.000003 0.000000 -0.000001 1.000000 0.000000 0.000000 0.000000 0.000000 1.000000</matrix>
                 <extra>
                  <technique profile="FCOLLADA">
                   <visibility>1.000000</visibility>
                  </technique>
                 </extra>
                 <node name="jnt_left_handring4" id="jnt_left_handring4" sid="jnt_left_handring4" type="JOINT">
                  <matrix sid="matrix">1.000000 0.000000 -0.000000 -0.120246 -0.000000 1.000000 -0.000000 -0.000105 -0.000000 0.000000 1.000000 0.000017 0.000000 0.000000 0.000000 1.000000</matrix>
                  <extra>
                   <technique profile="FCOLLADA">
                    <visibility>1.000000</visibility>
                   </technique>
                  </extra>
                 </node>
                </node>
               </node>
              </node>
              <node name="jnt_left_handpinky1" id="jnt_left_handpinky1" sid="jnt_left_handpinky1" type="JOINT">
               <matrix sid="matrix">0.536721 0.840265 -0.076715 -0.407613 0.103818 -0.155996 -0.982287 0.208155 -0.837348 0.519250 -0.170961 0.012224 0.000000 0.000000 0.000000 1.000000</matrix>
               <extra>
                <technique profile="FCOLLADA">
                 <visibility>1.000000</visibility>
                </technique>
               </extra>
               <node name="jnt_left_handpinky2" id="jnt_left_handpinky2" sid="jnt_left_handpinky2" type="JOINT">
                <matrix sid="matrix">0.822138 0.569288 0.000001 -0.148503 -0.569288 0.822138 -0.000000 0.000001 -0.000001 -0.000000 1.000000 -0.000001 0.000000 0.000000 0.000000 1.000000</matrix>
                <extra>
                 <technique profile="FCOLLADA">
                  <visibility>1.000000</visibility>
                 </technique>
                </extra>
                <node name="jnt_left_handpinky3" id="jnt_left_handpinky3" sid="jnt_left_handpinky3" type="JOINT">
                 <matrix sid="matrix">0.936795 0.349878 -0.000000 -0.075473 -0.349878 0.936795 -0.000001 0.000002 0.000000 0.000001 1.000000 0.000000 0.000000 0.000000 0.000000 1.000000</matrix>
                 <extra>
                  <technique profile="FCOLLADA">
                   <visibility>1.000000</visibility>
                  </technique>
                 </extra>
                 <node name="jnt_left_handpinky4" id="jnt_left_handpinky4" sid="jnt_left_handpinky4" type="JOINT">
                  <matrix sid="matrix">1.000000 0.000000 0.000000 -0.101158 -0.000000 1.000000 -0.000000 -0.000003 -0.000000 0.000000 1.000000 -0.000000 0.000000 0.000000 0.000000 1.000000</matrix>
                  <extra>
                   <technique profile="FCOLLADA">
                    <visibility>1.000000</visibility>
                   </technique>
                  </extra>
                 </node>
                </node>
               </node>
              </node>
             </node>
            </node>
           </node>
          </node>
         </node>
         <node name="jnt_right_armroot" id="jnt_right_armroot" sid="jnt_right_armroot" type="JOINT">
          <matrix sid="matrix">1.000000 -0.000004 -0.000000 -1.159978 0.000004 1.000000 -0.000000 -0.738130 0.000000 0.000000 1.000000 0.820651 0.000000 0.000000 0.000000 1.000000</matrix>
          <extra>
           <technique profile="FCOLLADA">
            <visibility>1.000000</visibility>
           </technique>
          </extra>
          <node name="jnt_right_shoulder" id="jnt_right_shoulder" sid="jnt_right_shoulder" type="JOINT">
           <matrix sid="matrix">0.019288 -0.092831 0.995495 0.635987 -0.352003 0.931300 0.093665 0.114390 -0.935800 -0.352224 -0.014713 -0.266187 0.000000 0.000000 0.000000 1.000000</matrix>
           <extra>
            <technique profile="FCOLLADA">
             <visibility>1.000000</visibility>
            </technique>
           </extra>
           <node name="jnt_right_arm" id="jnt_right_arm" sid="jnt_right_arm" type="JOINT">
            <matrix sid="matrix">0.524622 -0.843432 -0.115727 0.525417 -0.282896 -0.044501 -0.958117 0.032447 0.802958 0.535388 -0.261950 -0.009491 0.000000 0.000000 0.000000 1.000000</matrix>
            <extra>
             <technique profile="FCOLLADA">
              <visibility>1.000000</visibility>
             </technique>
            </extra>
            <node name="jnt_right_armroll" id="jnt_right_armroll" sid="jnt_right_armroll" type="JOINT">
             <matrix sid="matrix">1.000000 0.000000 -0.000000 0.421995 -0.000000 1.000000 0.000000 -0.000002 0.000000 -0.000000 1.000000 0.000004 0.000000 0.000000 0.000000 1.000000</matrix>
             <extra>
              <technique profile="FCOLLADA">
               <visibility>1.000000</visibility>
              </technique>
             </extra>
            </node>
            <node name="jnt_right_forearm" id="jnt_right_forearm" sid="jnt_right_forearm" type="JOINT">
             <matrix sid="matrix">0.352619 0.156268 0.922626 0.843981 0.187816 0.954076 -0.233376 -0.000002 -0.916725 0.255577 0.307075 -0.000003 0.000000 0.000000 0.000000 1.000000</matrix>
             <extra>
              <technique profile="FCOLLADA">
               <visibility>1.000000</visibility>
              </technique>
             </extra>
             <node name="jnt_right_forearmroll" id="jnt_right_forearmroll" sid="jnt_right_forearmroll" type="JOINT">
              <matrix sid="matrix">1.000000 0.000001 0.000000 0.487001 -0.000001 1.000000 -0.000000 -0.000000 -0.000000 0.000000 1.000000 0.000004 0.000000 0.000000 0.000000 1.000000</matrix>
              <extra>
               <technique profile="FCOLLADA">
                <visibility>1.000000</visibility>
               </technique>
              </extra>
             </node>
             <node name="jnt_right_hand" id="jnt_right_hand" sid="jnt_right_hand" type="JOINT">
              <matrix sid="matrix">0.690318 0.604492 0.397556 0.975261 -0.287957 0.733642 -0.615508 -0.000001 -0.663733 0.310417 0.680514 0.000002 0.000000 0.000000 0.000000 1.000000</matrix>
              <extra>
               <technique profile="FCOLLADA">
                <visibility>1.000000</visibility>
               </technique>
              </extra>
              <node name="jnt_right_handthumb1" id="jnt_right_handthumb1" sid="jnt_right_handthumb1" type="JOINT">
               <matrix sid="matrix">0.840651 -0.501489 0.204487 0.060227 0.200669 0.639129 0.742460 0.203939 -0.503029 -0.583115 0.637918 -0.155682 0.000000 0.000000 0.000000 1.000000</matrix>
               <extra>
                <technique profile="FCOLLADA">
                 <visibility>1.000000</visibility>
                </technique>
               </extra>
               <node name="jnt_right_handthumb2" id="jnt_right_handthumb2" sid="jnt_right_handthumb2" type="JOINT">
                <matrix sid="matrix">0.925479 0.378800 -0.000001 0.213224 -0.378800 0.925479 -0.000003 -0.000001 -0.000001 0.000003 1.000000 -0.000000 0.000000 0.000000 0.000000 1.000000</matrix>
                <extra>
                 <technique profile="FCOLLADA">
                  <visibility>1.000000</visibility>
                 </technique>
                </extra>
                <node name="jnt_right_handthumb3" id="jnt_right_handthumb3" sid="jnt_right_handthumb3" type="JOINT">
                 <matrix sid="matrix">0.947989 0.318304 0.000001 0.141882 -0.318304 0.947988 0.000006 -0.000001 0.000001 -0.000006 1.000000 0.000022 0.000000 0.000000 0.000000 1.000000</matrix>
                 <extra>
                  <technique profile="FCOLLADA">
                   <visibility>1.000000</visibility>
                  </technique>
                 </extra>
                 <node name="jnt_right_handthumb4" id="jnt_right_handthumb4" sid="jnt_right_handthumb4" type="JOINT">
                  <matrix sid="matrix">1.000000 -0.000002 -0.000000 0.122606 0.000002 1.000000 -0.000000 0.000000 0.000000 0.000000 1.000000 0.000000 0.000000 0.000000 0.000000 1.000000</matrix>
                  <extra>
                   <technique profile="FCOLLADA">
                    <visibility>1.000000</visibility>
                   </technique>
                  </extra>
                 </node>
                </node>
               </node>
              </node>
              <node name="jnt_right_handindex1" id="jnt_right_handindex1" sid="jnt_right_handindex1" type="JOINT">
               <matrix sid="matrix">0.773118 0.581355 -0.253605 0.494373 -0.340123 0.042510 -0.939420 0.203977 -0.535355 0.812539 0.230597 0.029845 0.000000 0.000000 0.000000 1.000000</matrix>
               <extra>
                <technique profile="FCOLLADA">
                 <visibility>1.000000</visibility>
                </technique>
               </extra>
               <node name="jnt_right_handindex2" id="jnt_right_handindex2" sid="jnt_right_handindex2" type="JOINT">
                <matrix sid="matrix">0.980654 0.195750 -0.000000 0.145440 -0.195750 0.980654 -0.000000 -0.001120 0.000000 0.000000 1.000000 -0.000039 0.000000 0.000000 0.000000 1.000000</matrix>
                <extra>
                 <technique profile="FCOLLADA">
                  <visibility>1.000000</visibility>
                 </technique>
                </extra>
                <node name="jnt_right_handindex3" id="jnt_right_handindex3" sid="jnt_right_handindex3" type="JOINT">
                 <matrix sid="matrix">0.999666 0.025823 -0.000000 0.093745 -0.025823 0.999667 0.000000 0.000000 0.000000 -0.000000 1.000000 0.000000 0.000000 0.000000 0.000000 1.000000</matrix>
                 <extra>
                  <technique profile="FCOLLADA">
                   <visibility>1.000000</visibility>
                  </technique>
                 </extra>
                 <node name="jnt_right_handindex4" id="jnt_right_handindex4" sid="jnt_right_handindex4" type="JOINT">
                  <matrix sid="matrix">1.000000 0.000000 -0.000000 0.107088 -0.000000 1.000000 -0.000000 -0.000052 0.000000 0.000000 1.000000 0.001503 0.000000 0.000000 0.000000 1.000000</matrix>
                  <extra>
                   <technique profile="FCOLLADA">
                    <visibility>1.000000</visibility>
                   </technique>
                  </extra>
                 </node>
                </node>
               </node>
              </node>
              <node name="jnt_right_weapon" id="jnt_right_weapon" sid="jnt_right_weapon" type="JOINT">
               <matrix sid="matrix">-0.236786 -0.111367 0.965158 0.408330 0.102326 0.985025 0.138763 0.002724 -0.966158 0.131617 -0.221844 -0.174393 0.000000 0.000000 0.000000 1.000000</matrix>
               <extra>
                <technique profile="FCOLLADA">
                 <visibility>1.000000</visibility>
                </technique>
               </extra>
              </node>
              <node name="jnt_right_handmiddle1" id="jnt_right_handmiddle1" sid="jnt_right_handmiddle1" type="JOINT">
               <matrix sid="matrix">0.368560 0.925868 -0.083257 0.489245 -0.066291 -0.063157 -0.995800 0.062066 -0.927237 0.372531 0.038099 0.036303 0.000000 0.000000 0.000000 1.000000</matrix>
               <extra>
                <technique profile="FCOLLADA">
                 <visibility>1.000000</visibility>
                </technique>
               </extra>
               <node name="jnt_right_handmiddle2" id="jnt_right_handmiddle2" sid="jnt_right_handmiddle2" type="JOINT">
                <matrix sid="matrix">0.739923 0.672691 -0.000000 0.176685 -0.672691 0.739923 -0.000000 0.000001 0.000000 0.000000 1.000000 -0.000000 0.000000 0.000000 0.000000 1.000000</matrix>
                <extra>
                 <technique profile="FCOLLADA">
                  <visibility>1.000000</visibility>
                 </technique>
                </extra>
                <node name="jnt_right_handmiddle3" id="jnt_right_handmiddle3" sid="jnt_right_handmiddle3" type="JOINT">
                 <matrix sid="matrix">0.869500 0.493932 -0.000000 0.108374 -0.493932 0.869501 0.000000 -0.000000 0.000000 -0.000000 1.000000 -0.000000 0.000000 0.000000 0.000000 1.000000</matrix>
                 <extra>
                  <technique profile="FCOLLADA">
                   <visibility>1.000000</visibility>
                  </technique>
                 </extra>
                 <node name="jnt_right_handmiddle4" id="jnt_right_handmiddle4" sid="jnt_right_handmiddle4" type="JOINT">
                  <matrix sid="matrix">1.000000 0.000000 0.000000 0.119191 -0.000000 1.000000 0.000000 0.000105 -0.000000 -0.000000 1.000000 -0.000004 0.000000 0.000000 0.000000 1.000000</matrix>
                  <extra>
                   <technique profile="FCOLLADA">
                    <visibility>1.000000</visibility>
                   </technique>
                  </extra>
                 </node>
                </node>
               </node>
              </node>
              <node name="jnt_right_handring1" id="jnt_right_handring1" sid="jnt_right_handring1" type="JOINT">
               <matrix sid="matrix">0.355831 0.903711 -0.238097 0.469962 -0.059672 -0.232281 -0.970816 -0.076798 -0.932643 0.359654 -0.028727 0.036646 0.000000 0.000000 0.000000 1.000000</matrix>
               <extra>
                <technique profile="FCOLLADA">
                 <visibility>1.000000</visibility>
                </technique>
               </extra>
               <node name="jnt_right_handring2" id="jnt_right_handring2" sid="jnt_right_handring2" type="JOINT">
                <matrix sid="matrix">0.729500 0.683981 -0.000001 0.184241 -0.683981 0.729500 -0.000001 0.000000 -0.000000 0.000001 1.000000 -0.000000 0.000000 0.000000 0.000000 1.000000</matrix>
                <extra>
                 <technique profile="FCOLLADA">
                  <visibility>1.000000</visibility>
                 </technique>
                </extra>
                <node name="jnt_right_handring3" id="jnt_right_handring3" sid="jnt_right_handring3" type="JOINT">
                 <matrix sid="matrix">0.870175 0.492742 0.000000 0.103951 -0.492742 0.870175 0.000001 0.000001 0.000000 -0.000001 1.000000 -0.000000 0.000000 0.000000 0.000000 1.000000</matrix>
                 <extra>
                  <technique profile="FCOLLADA">
                   <visibility>1.000000</visibility>
                  </technique>
                 </extra>
                 <node name="jnt_right_handring4" id="jnt_right_handring4" sid="jnt_right_handring4" type="JOINT">
                  <matrix sid="matrix">1.000000 0.000000 0.000000 0.120247 -0.000000 1.000000 0.000000 0.000103 -0.000000 -0.000000 1.000000 -0.000016 0.000000 0.000000 0.000000 1.000000</matrix>
                  <extra>
                   <technique profile="FCOLLADA">
                    <visibility>1.000000</visibility>
                   </technique>
                  </extra>
                 </node>
                </node>
               </node>
              </node>
              <node name="jnt_right_handpinky1" id="jnt_right_handpinky1" sid="jnt_right_handpinky1" type="JOINT">
               <matrix sid="matrix">0.385619 0.904000 -0.184611 0.407609 -0.085970 -0.164011 -0.982705 -0.208155 -0.918644 0.394821 0.014471 -0.012229 0.000000 0.000000 0.000000 1.000000</matrix>
               <extra>
                <technique profile="FCOLLADA">
                 <visibility>1.000000</visibility>
                </technique>
               </extra>
               <node name="jnt_right_handpinky2" id="jnt_right_handpinky2" sid="jnt_right_handpinky2" type="JOINT">
                <matrix sid="matrix">0.734578 0.678524 -0.000001 0.148507 -0.678524 0.734578 -0.000001 0.000001 -0.000000 0.000001 1.000000 0.000000 0.000000 0.000000 0.000000 1.000000</matrix>
                <extra>
                 <technique profile="FCOLLADA">
                  <visibility>1.000000</visibility>
                 </technique>
                </extra>
                <node name="jnt_right_handpinky3" id="jnt_right_handpinky3" sid="jnt_right_handpinky3" type="JOINT">
                 <matrix sid="matrix">0.878731 0.477317 0.000000 0.075471 -0.477317 0.878731 0.000002 -0.000002 0.000001 -0.000001 1.000000 0.000000 0.000000 0.000000 0.000000 1.000000</matrix>
                 <extra>
                  <technique profile="FCOLLADA">
                   <visibility>1.000000</visibility>
                  </technique>
                 </extra>
                 <node name="jnt_right_handpinky4" id="jnt_right_handpinky4" sid="jnt_right_handpinky4" type="JOINT">
                  <matrix sid="matrix">1.000000 -0.000000 -0.000000 0.101152 0.000000 1.000000 -0.000000 -0.000000 0.000000 0.000000 1.000000 0.000000 0.000000 0.000000 0.000000 1.000000</matrix>
                  <extra>
                   <technique profile="FCOLLADA">
                    <visibility>1.000000</visibility>
                   </technique>
                  </extra>
                 </node>
                </node>
               </node>
              </node>
             </node>
            </node>
           </node>
          </node>
         </node>
         <node name="jnt_backpack" id="jnt_backpack" sid="jnt_backpack" type="JOINT">
          <matrix sid="matrix">0.000000 0.995068 -0.099191 0.682545 -0.000000 0.099191 0.995068 -0.705658 1.000000 -0.000000 0.000000 -0.000000 0.000000 0.000000 0.000000 1.000000</matrix>
          <extra>
           <technique profile="FCOLLADA">
            <visibility>1.000000</visibility>
           </technique>
          </extra>
         </node>
        </node>
       </node>
      </node>
      <node name="jnt_camera" id="jnt_camera" sid="jnt_camera" type="JOINT">
       <matrix sid="matrix">1.000000 -0.000000 -0.000000 0.000000 0.000000 0.999988 0.004912 1.193611 0.000000 -0.004912 0.999988 0.007402 0.000000 0.000000 0.000000 1.000000</matrix>
       <extra>
        <technique profile="FCOLLADA">
         <visibility>1.000000</visibility>
        </technique>
       </extra>
      </node>
     </node>
     <node name="jnt_right_upleg" id="jnt_right_upleg" sid="jnt_right_upleg" type="JOINT">
      <matrix sid="matrix">-0.112562 -0.332887 -0.936224 -0.446779 -0.993503 0.053585 0.100396 -0.111214 0.016747 0.941443 -0.336756 0.043020 0.000000 0.000000 0.000000 1.000000</matrix>
      <extra>
       <technique profile="FCOLLADA">
        <visibility>1.000000</visibility>
       </technique>
      </extra>
      <node name="jnt_right_uplegroll" id="jnt_right_uplegroll" sid="jnt_right_uplegroll" type="JOINT">
       <matrix sid="matrix">1.000000 -0.000000 0.000000 0.430000 0.000000 1.000000 0.000000 0.000000 -0.000000 -0.000000 1.000000 -0.000000 0.000000 0.000000 0.000000 1.000000</matrix>
       <extra>
        <technique profile="FCOLLADA">
         <visibility>1.000000</visibility>
        </technique>
       </extra>
      </node>
      <node name="jnt_right_leg" id="jnt_right_leg" sid="jnt_right_leg" type="JOINT">
       <matrix sid="matrix">0.968055 0.250270 -0.015278 0.860324 -0.240256 0.943300 0.229042 0.000000 0.071735 -0.218055 0.973296 -0.000000 0.000000 0.000000 0.000000 1.000000</matrix>
       <extra>
        <technique profile="FCOLLADA">
         <visibility>1.000000</visibility>
        </technique>
       </extra>
       <node name="jnt_right_legroll" id="jnt_right_legroll" sid="jnt_right_legroll" type="JOINT">
        <matrix sid="matrix">1.000000 0.000000 0.000000 0.384000 -0.000000 1.000000 0.000000 -0.000000 -0.000000 -0.000000 1.000000 0.000000 0.000000 0.000000 0.000000 1.000000</matrix>
        <extra>
         <technique profile="FCOLLADA">
          <visibility>1.000000</visibility>
         </technique>
        </extra>
       </node>
       <node name="jnt_right_foot" id="jnt_right_foot" sid="jnt_right_foot" type="JOINT">
        <matrix sid="matrix">0.278762 -0.954826 0.102953 0.768144 0.945566 0.291630 0.144415 -0.000001 -0.167916 0.057091 0.984147 0.000000 0.000000 0.000000 0.000000 1.000000</matrix>
        <extra>
         <technique profile="FCOLLADA">
          <visibility>1.000000</visibility>
         </technique>
        </extra>
        <node name="jnt_right_toebase" id="jnt_right_toebase" sid="jnt_right_toebase" type="JOINT">
         <matrix sid="matrix">0.918936 -0.394407 -0.000000 0.441847 0.394407 0.918936 0.000000 -0.000000 0.000000 -0.000000 1.000000 0.000000 0.000000 0.000000 0.000000 1.000000</matrix>
         <extra>
          <technique profile="FCOLLADA">
           <visibility>1.000000</visibility>
          </technique>
         </extra>
         <node name="jnt_right_toeend" id="jnt_right_toeend" sid="jnt_right_toeend" type="JOINT">
          <matrix sid="matrix">1.000000 -0.000001 -0.000000 0.379397 0.000001 1.000000 -0.000000 0.000000 0.000000 0.000000 1.000000 0.000000 0.000000 0.000000 0.000000 1.000000</matrix>
          <extra>
           <technique profile="FCOLLADA">
            <visibility>1.000000</visibility>
           </technique>
          </extra>
         </node>
        </node>
       </node>
      </node>
     </node>
     <node name="jnt_left_upleg" id="jnt_left_upleg" sid="jnt_left_upleg" type="JOINT">
      <matrix sid="matrix">0.112561 0.332886 -0.936224 0.446779 -0.993504 0.053590 -0.100393 -0.111213 0.016753 0.941443 0.336756 0.043020 0.000000 0.000000 0.000000 1.000000</matrix>
      <extra>
       <technique profile="FCOLLADA">
        <visibility>1.000000</visibility>
       </technique>
      </extra>
      <node name="jnt_left_uplegroll" id="jnt_left_uplegroll" sid="jnt_left_uplegroll" type="JOINT">
       <matrix sid="matrix">1.000000 -0.000000 -0.000000 0.430000 0.000000 1.000000 -0.000000 -0.000000 0.000000 0.000000 1.000000 0.000000 0.000000 0.000000 0.000000 1.000000</matrix>
       <extra>
        <technique profile="FCOLLADA">
         <visibility>1.000000</visibility>
        </technique>
       </extra>
      </node>
      <node name="jnt_left_leg" id="jnt_left_leg" sid="jnt_left_leg" type="JOINT">
       <matrix sid="matrix">0.968052 0.250284 0.015281 0.860328 -0.240268 0.943298 -0.229044 -0.000000 -0.071741 0.218054 0.973296 0.000001 0.000000 0.000000 0.000000 1.000000</matrix>
       <extra>
        <technique profile="FCOLLADA">
         <visibility>1.000000</visibility>
        </technique>
       </extra>
       <node name="jnt_left_legroll" id="jnt_left_legroll" sid="jnt_left_legroll" type="JOINT">
        <matrix sid="matrix">1.000000 -0.000000 -0.000000 0.384000 0.000000 1.000000 -0.000000 0.000000 0.000000 0.000000 1.000000 0.000000 0.000000 0.000000 0.000000 1.000000</matrix>
        <extra>
         <technique profile="FCOLLADA">
          <visibility>1.000000</visibility>
         </technique>
        </extra>
       </node>
       <node name="jnt_left_foot" id="jnt_left_foot" sid="jnt_left_foot" type="JOINT">
        <matrix sid="matrix">0.278754 -0.954828 -0.102953 0.768142 0.945569 0.291623 -0.144416 0.000000 0.167916 -0.057093 0.984147 -0.000001 0.000000 0.000000 0.000000 1.000000</matrix>
        <extra>
         <technique profile="FCOLLADA">
          <visibility>1.000000</visibility>
         </technique>
        </extra>
        <node name="jnt_left_toebase" id="jnt_left_toebase" sid="jnt_left_toebase" type="JOINT">
         <matrix sid="matrix">0.918936 -0.394408 0.000000 0.441847 0.394408 0.918936 -0.000000 0.000000 0.000000 0.000000 1.000000 -0.000000 0.000000 0.000000 0.000000 1.000000</matrix>
         <extra>
          <technique profile="FCOLLADA">
           <visibility>1.000000</visibility>
          </technique>
         </extra>
         <node name="jnt_left_toeend" id="jnt_left_toeend" sid="jnt_left_toeend" type="JOINT">
          <matrix sid="matrix">1.000000 -0.000001 -0.000000 0.379397 0.000001 1.000000 -0.000000 -0.000000 0.000000 0.000000 1.000000 -0.000000 0.000000 0.000000 0.000000 1.000000</matrix>
          <extra>
           <technique profile="FCOLLADA">
            <visibility>1.000000</visibility>
           </technique>
          </extra>
         </node>
        </node>
       </node>
      </node>
     </node>
    </node>
   </node>
   <extra>
    <technique profile="MAX3D">
     <frame_rate>60.000000</frame_rate>
    </technique>
    <technique profile="FCOLLADA">
     <start_time>0.000000</start_time>
     <end_time>1.000000</end_time>
    </technique>
   </extra>
  </visual_scene>
 </library_visual_scenes>
 <scene>
  <instance_visual_scene url="#Scene"></instance_visual_scene>
 </scene>
</COLLADA>
