<?xml version="1.0"?>
<COLLADA xmlns="http://www.collada.org/2005/11/COLLADASchema" version="1.4.1">
 <asset>
  <contributor>
   <author></author>
   <authoring_tool>FBX COLLADA exporter</authoring_tool>
   <comments></comments>
  </contributor>
  <created>2026-09-11T22:04:18Z</created>
  <keywords></keywords>
  <modified>2026-09-11T22:04:18Z</modified>
  <revision></revision>
  <subject></subject>
  <title></title>
  <unit meter="0.010000" name="centimeter"></unit>
  <up_axis>Y_UP</up_axis>
 </asset>
 <library_animations>
  <animation id="Character-anim" name="Character">
   <animation>
    <source id="Character-Matrix-animation-input">
     <float_array id="Character-Matrix-animation-input-array" count="30">

0.000000 0.033333 0.066667 0.100000 0.133333 0.166667 0.200000 0.233333 0.266667 0.300000 0.333333 0.366667 0.400000 0.433333 0.466667 0.500000
0.533333 0.566667 0.600000 0.633333 0.666667 0.700000 0.733333 0.766667 0.800000 0.833333 0.866667 0.900000 0.933333 0.966667</float_array>
     <technique_common>
      <accessor source="#Character-Matrix-animation-input-array" count="30">
       <param name="TIME" type="float"></param>
      </accessor>
     </technique_common>
    </source>
    <source id="Character-Matrix-animation-output-transform">
     <float_array id="Character-Matrix-animation-output-transform-array" count="480">

1.000000 0.000000 0.000000 0.000000 0.000000 1.000000 -0.000000 0.000000 0.000000 0.000000 1.000000 0.000000 0.000000 0.000000 0.000000 1.000000
1.000000 0.000000 0.000000 0.000000 0.000000 1.000000 -0.000000 0.000000 0.000000 0.000000 1.000000 0.000000 0.000000 0.000000 0.000000 1.000000
1.000000 0.000000 0.000000 0.000000 0.000000 1.000000 -0.000000 0.000000 0.000000 0.000000 1.000000 0.000000 0.000000 0.000000 0.000000 1.000000
1.000000 0.000000 0.000000 0.000000 0.000000 1.000000 -0.000000 0.000000 0.000000 0.000000 1.000000 0.000000 0.000000 0.000000 0.000000 1.000000
1.000000 0.000000 0.000000 0.000000 0.000000 1.000000 -0.000000 0.000000 0.000000 0.000000 1.000000 0.000000 0.000000 0.000000 0.000000 1.000000
1.000000 0.000000 0.000000 0.000000 0.000000 1.000000 -0.000000 0.000000 0.000000 0.000000 1.000000 0.000000 0.000000 0.000000 0.000000 1.000000
1.000000 0.000000 0.000000 0.000000 0.000000 1.000000 -0.000000 0.000000 0.000000 0.000000 1.000000 0.000000 0.000000 0.000000 0.000000 1.000000
1.000000 0.000000 0.000000 0.000000 0.000000 1.000000 -0.000000 0.000000 0.000000 0.000000 1.000000 0.000000 0.000000 0.000000 0.000000 1.000000
1.000000 0.000000 0.000000 0.000000 0.000000 1.000000 -0.000000 0.000000 0.000000 0.000000 1.000000 0.000000 0.000000 0.000000 0.000000 1.000000
1.000000 0.000000 0.000000 0.000000 0.000000 1.000000 -0.000000 0.000000 0.000000 0.000000 1.000000 0.000000 0.000000 0.000000 0.000000 1.000000
1.000000 0.000000 0.000000 0.000000 0.000000 1.000000 -0.000000 0.000000 0.000000 0.000000 1.000000 0.000000 0.000000 0.000000 0.000000 1.000000
1.000000 0.000000 0.000000 0.000000 0.000000 1.000000 -0.000000 0.000000 0.000000 0.000000 1.000000 0.000000 0.000000 0.000000 0.000000 1.000000
1.000000 0.000000 0.000000 0.000000 0.000000 1.000000 -0.000000 0.000000 0.000000 0.000000 1.000000 0.000000 0.000000 0.000000 0.000000 1.000000
1.000000 0.000000 0.000000 0.000000 0.000000 1.000000 -0.000000 0.000000 0.000000 0.000000 1.000000 0.000000 0.000000 0.000000 0.000000 1.000000
1.000000 0.000000 0.000000 0.000000 0.000000 1.000000 -0.000000 0.000000 0.000000 0.000000 1.000000 0.000000 0.000000 0.000000 0.000000 1.000000
1.000000 0.000000 0.000000 0.000000 0.000000 1.000000 -0.000000 0.000000 0.000000 0.000000 1.000000 0.000000 0.000000 0.000000 0.000000 1.000000
1.000000 0.000000 0.000000 0.000000 0.000000 1.000000 -0.000000 0.000000 0.000000 0.000000 1.000000 0.000000 0.000000 0.000000 0.000000 1.000000
1.000000 0.000000 0.000000 0.000000 0.000000 1.000000 -0.000000 0.000000 0.000000 0.000000 1.000000 0.000000 0.000000 0.000000 0.000000 1.000000
1.000000 0.000000 0.000000 0.000000 0.000000 1.000000 -0.000000 0.000000 0.000000 0.000000 1.000000 0.000000 0.000000 0.000000 0.000000 1.000000
1.000000 0.000000 0.000000 0.000000 0.000000 1.000000 -0.000000 0.000000 0.000000 0.000000 1.000000 0.000000 0.000000 0.000000 0.000000 1.000000
1.000000 0.000000 0.000000 0.000000 0.000000 1.000000 -0.000000 0.000000 0.000000 0.000000 1.000000 0.000000 0.000000 0.000000 0.000000 1.000000
1.000000 0.000000 0.000000 0.000000 0.000000 1.000000 -0.000000 0.000000 0.000000 0.000000 1.000000 0.000000 0.000000 0.000000 0.000000 1.000000
1.000000 0.000000 0.000000 0.000000 0.000000 1.000000 -0.000000 0.000000 0.000000 0.000000 1.000000 0.000000 0.000000 0.000000 0.000000 1.000000
1.000000 0.000000 0.000000 0.000000 0.000000 1.000000 -0.000000 0.000000 0.000000 0.000000 1.000000 0.000000 0.000000 0.000000 0.000000 1.000000
1.000000 0.000000 0.000000 0.000000 0.000000 1.000000 -0.000000 0.000000 0.000000 0.000000 1.000000 0.000000 0.000000 0.000000 0.000000 1.000000
1.000000 0.000000 0.000000 0.000000 0.000000 1.000000 -0.000000 0.000000 0.000000 0.000000 1.000000 0.000000 0.000000 0.000000 0.000000 1.000000
1.000000 0.000000 0.000000 0.000000 0.000000 1.000000 -0.000000 0.000000 0.000000 0.000000 1.000000 0.000000 0.000000 0.000000 0.000000 1.000000
1.000000 0.000000 0.000000 0.000000 0.000000 1.000000 -0.000000 0.000000 0.000000 0.000000 1.000000 0.000000 0.000000 0.000000 0.000000 1.000000
1.000000 0.000000 0.000000 0.000000 0.000000 1.000000 -0.000000 0.000000 0.000000 0.000000 1.000000 0.000000 0.000000 0.000000 0.000000 1.000000
1.000000 0.000000 0.000000 0.000000 0.000000 1.000000 -0.000000 0.000000 0.000000 0.000000 1.000000 0.000000 0.000000 0.000000 0.000000 1.000000</float_array>
     <technique_common>
      <accessor source="#Character-Matrix-animation-output-transform-array" count="30" stride="16">
       <param type="float4x4"></param>
      </accessor>
     </technique_common>
    </source>
    <source id="Character-Interpolations">
     <Name_array id="Character-Interpolations-array" count="30">
 LINEAR LINEAR LINEAR LINEAR LINEAR LINEAR LINEAR LINEAR LINEAR LINEAR LINEAR
LINEAR LINEAR LINEAR LINEAR LINEAR LINEAR LINEAR LINEAR LINEAR LINEAR LINEAR LINEAR
LINEAR LINEAR LINEAR LINEAR LINEAR LINEAR LINEAR</Name_array>
     <technique_common>
      <accessor source="#Character-Interpolations-array" count="30">
       <param type="name"></param>
      </accessor>
     </technique_common>
    </source>
    <sampler id="Character-Matrix-animation-transform">
     <input semantic="INPUT" source="#Character-Matrix-animation-input"></input>
     <input semantic="OUTPUT" source="#Character-Matrix-animation-output-transform"></input>
     <input semantic="INTERPOLATION" source="#Character-Interpolations"></input>
    </sampler>
    <channel source="#Character-Matrix-animation-transform" target="Character/matrix"></channel>
   </animation>
  </animation>
  <animation id="HIK_root_jnt-anim" name="HIK_root_jnt">
   <animation>
    <source id="HIK_root_jnt-Matrix-animation-input">
     <float_array id="HIK_root_jnt-Matrix-animation-input-array" count="30">

0.000000 0.033333 0.066667 0.100000 0.133333 0.166667 0.200000 0.233333 0.266667 0.300000 0.333333 0.366667 0.400000 0.433333 0.466667 0.500000
0.533333 0.566667 0.600000 0.633333 0.666667 0.700000 0.733333 0.766667 0.800000 0.833333 0.866667 0.900000 0.933333 0.966667</float_array>
     <technique_common>
      <accessor source="#HIK_root_jnt-Matrix-animation-input-array" count="30">
       <param name="TIME" type="float"></param>
      </accessor>
     </technique_common>
    </source>
    <source id="HIK_root_jnt-Matrix-animation-output-transform">
     <float_array id="HIK_root_jnt-Matrix-animation-output-transform-array" count="480">

1.000000 0.000000 0.000000 0.000000 0.000000 1.000000 -0.000000 0.000000 0.000000 0.000000 1.000000 0.000000 0.000000 0.000000 0.000000 1.000000
1.000000 0.000000 0.000000 0.000000 0.000000 1.000000 -0.000000 0.000000 0.000000 0.000000 1.000000 0.000000 0.000000 0.000000 0.000000 1.000000
1.000000 0.000000 0.000000 0.000000 0.000000 1.000000 -0.000000 0.000000 0.000000 0.000000 1.000000 0.000000 0.000000 0.000000 0.000000 1.000000
1.000000 0.000000 0.000000 0.000000 0.000000 1.000000 -0.000000 0.000000 0.000000 0.000000 1.000000 0.000000 0.000000 0.000000 0.000000 1.000000
1.000000 0.000000 0.000000 0.000000 0.000000 1.000000 -0.000000 0.000000 0.000000 0.000000 1.000000 0.000000 0.000000 0.000000 0.000000 1.000000
1.000000 0.000000 0.000000 0.000000 0.000000 1.000000 -0.000000 0.000000 0.000000 0.000000 1.000000 0.000000 0.000000 0.000000 0.000000 1.000000
1.000000 0.000000 0.000000 0.000000 0.000000 1.000000 -0.000000 0.000000 0.000000 0.000000 1.000000 0.000000 0.000000 0.000000 0.000000 1.000000
1.000000 0.000000 0.000000 0.000000 0.000000 1.000000 -0.000000 0.000000 0.000000 0.000000 1.000000 0.000000 0.000000 0.000000 0.000000 1.000000
1.000000 0.000000 0.000000 0.000000 0.000000 1.000000 -0.000000 0.000000 0.000000 0.000000 1.000000 0.000000 0.000000 0.000000 0.000000 1.000000
1.000000 0.000000 0.000000 0.000000 0.000000 1.000000 -0.000000 0.000000 0.000000 0.000000 1.000000 0.000000 0.000000 0.000000 0.000000 1.000000
1.000000 0.000000 0.000000 0.000000 0.000000 1.000000 -0.000000 0.000000 0.000000 0.000000 1.000000 0.000000 0.000000 0.000000 0.000000 1.000000
1.000000 0.000000 0.000000 0.000000 0.000000 1.000000 -0.000000 0.000000 0.000000 0.000000 1.000000 0.000000 0.000000 0.000000 0.000000 1.000000
1.000000 0.000000 0.000000 0.000000 0.000000 1.000000 -0.000000 0.000000 0.000000 0.000000 1.000000 0.000000 0.000000 0.000000 0.000000 1.000000
1.000000 0.000000 0.000000 0.000000 0.000000 1.000000 -0.000000 0.000000 0.000000 0.000000 1.000000 0.000000 0.000000 0.000000 0.000000 1.000000
1.000000 0.000000 0.000000 0.000000 0.000000 1.000000 -0.000000 0.000000 0.000000 0.000000 1.000000 0.000000 0.000000 0.000000 0.000000 1.000000
1.000000 0.000000 0.000000 0.000000 0.000000 1.000000 -0.000000 0.000000 0.000000 0.000000 1.000000 0.000000 0.000000 0.000000 0.000000 1.000000
1.000000 0.000000 0.000000 0.000000 0.000000 1.000000 -0.000000 0.000000 0.000000 0.000000 1.000000 0.000000 0.000000 0.000000 0.000000 1.000000
1.000000 0.000000 0.000000 0.000000 0.000000 1.000000 -0.000000 0.000000 0.000000 0.000000 1.000000 0.000000 0.000000 0.000000 0.000000 1.000000
1.000000 0.000000 0.000000 0.000000 0.000000 1.000000 -0.000000 0.000000 0.000000 0.000000 1.000000 0.000000 0.000000 0.000000 0.000000 1.000000
1.000000 0.000000 0.000000 0.000000 0.000000 1.000000 -0.000000 0.000000 0.000000 0.000000 1.000000 0.000000 0.000000 0.000000 0.000000 1.000000
1.000000 0.000000 0.000000 0.000000 0.000000 1.000000 -0.000000 0.000000 0.000000 0.000000 1.000000 0.000000 0.000000 0.000000 0.000000 1.000000
1.000000 0.000000 0.000000 0.000000 0.000000 1.000000 -0.000000 0.000000 0.000000 0.000000 1.000000 0.000000 0.000000 0.000000 0.000000 1.000000
1.000000 0.000000 0.000000 0.000000 0.000000 1.000000 -0.000000 0.000000 0.000000 0.000000 1.000000 0.000000 0.000000 0.000000 0.000000 1.000000
1.000000 0.000000 0.000000 0.000000 0.000000 1.000000 -0.000000 0.000000 0.000000 0.000000 1.000000 0.000000 0.000000 0.000000 0.000000 1.000000
1.000000 0.000000 0.000000 0.000000 0.000000 1.000000 -0.000000 0.000000 0.000000 0.000000 1.000000 0.000000 0.000000 0.000000 0.000000 1.000000
1.000000 0.000000 0.000000 0.000000 0.000000 1.000000 -0.000000 0.000000 0.000000 0.000000 1.000000 0.000000 0.000000 0.000000 0.000000 1.000000
1.000000 0.000000 0.000000 0.000000 0.000000 1.000000 -0.000000 0.000000 0.000000 0.000000 1.000000 0.000000 0.000000 0.000000 0.000000 1.000000
1.000000 0.000000 0.000000 0.000000 0.000000 1.000000 -0.000000 0.000000 0.000000 0.000000 1.000000 0.000000 0.000000 0.000000 0.000000 1.000000
1.000000 0.000000 0.000000 0.000000 0.000000 1.000000 -0.000000 0.000000 0.000000 0.000000 1.000000 0.000000 0.000000 0.000000 0.000000 1.000000
1.000000 0.000000 0.000000 0.000000 0.000000 1.000000 -0.000000 0.000000 0.000000 0.000000 1.000000 0.000000 0.000000 0.000000 0.000000 1.000000</float_array>
     <technique_common>
      <accessor source="#HIK_root_jnt-Matrix-animation-output-transform-array" count="30" stride="16">
       <param type="float4x4"></param>
      </accessor>
     </technique_common>
    </source>
    <source id="HIK_root_jnt-Interpolations">
     <Name_array id="HIK_root_jnt-Interpolations-array" count="30">
 LINEAR LINEAR LINEAR LINEAR LINEAR LINEAR LINEAR LINEAR LINEAR LINEAR LINEAR
LINEAR LINEAR LINEAR LINEAR LINEAR LINEAR LINEAR LINEAR LINEAR LINEAR LINEAR LINEAR
LINEAR LINEAR LINEAR LINEAR LINEAR LINEAR LINEAR</Name_array>
     <technique_common>
      <accessor source="#HIK_root_jnt-Interpolations-array" count="30">
       <param type="name"></param>
      </accessor>
     </technique_common>
    </source>
    <sampler id="HIK_root_jnt-Matrix-animation-transform">
     <input semantic="INPUT" source="#HIK_root_jnt-Matrix-animation-input"></input>
     <input semantic="OUTPUT" source="#HIK_root_jnt-Matrix-animation-output-transform"></input>
     <input semantic="INTERPOLATION" source="#HIK_root_jnt-Interpolations"></input>
    </sampler>
    <channel source="#HIK_root_jnt-Matrix-animation-transform" target="HIK_root_jnt/matrix"></channel>
   </animation>
  </animation>
  <animation id="root_jnt-anim" name="root_jnt">
   <animation>
    <source id="root_jnt-Matrix-animation-input">
     <float_array id="root_jnt-Matrix-animation-input-array" count="30">

0.000000 0.033333 0.066667 0.100000 0.133333 0.166667 0.200000 0.233333 0.266667 0.300000 0.333333 0.366667 0.400000 0.433333 0.466667 0.500000
0.533333 0.566667 0.600000 0.633333 0.666667 0.700000 0.733333 0.766667 0.800000 0.833333 0.866667 0.900000 0.933333 0.966667</float_array>
     <technique_common>
      <accessor source="#root_jnt-Matrix-animation-input-array" count="30">
       <param name="TIME" type="float"></param>
      </accessor>
     </technique_common>
    </source>
    <source id="root_jnt-Matrix-animation-output-transform">
     <float_array id="root_jnt-Matrix-animation-output-transform-array" count="480">

1.000000 0.000000 0.000000 0.000000 0.000000 1.000000 -0.000000 0.000000 0.000000 0.000000 1.000000 0.000000 0.000000 0.000000 0.000000 1.000000
1.000000 0.000000 0.000000 0.000000 0.000000 1.000000 -0.000000 0.000000 0.000000 0.000000 1.000000 0.000000 0.000000 0.000000 0.000000 1.000000
1.000000 0.000000 0.000000 0.000000 0.000000 1.000000 -0.000000 0.000000 0.000000 0.000000 1.000000 0.000000 0.000000 0.000000 0.000000 1.000000
1.000000 0.000000 0.000000 0.000000 0.000000 1.000000 -0.000000 0.000000 0.000000 0.000000 1.000000 0.000000 0.000000 0.000000 0.000000 1.000000
1.000000 0.000000 0.000000 0.000000 0.000000 1.000000 -0.000000 0.000000 0.000000 0.000000 1.000000 0.000000 0.000000 0.000000 0.000000 1.000000
1.000000 0.000000 0.000000 0.000000 0.000000 1.000000 -0.000000 0.000000 0.000000 0.000000 1.000000 0.000000 0.000000 0.000000 0.000000 1.000000
1.000000 0.000000 0.000000 0.000000 0.000000 1.000000 -0.000000 0.000000 0.000000 0.000000 1.000000 0.000000 0.000000 0.000000 0.000000 1.000000
1.000000 0.000000 0.000000 0.000000 0.000000 1.000000 -0.000000 0.000000 0.000000 0.000000 1.000000 0.000000 0.000000 0.000000 0.000000 1.000000
1.000000 0.000000 0.000000 0.000000 0.000000 1.000000 -0.000000 0.000000 0.000000 0.000000 1.000000 0.000000 0.000000 0.000000 0.000000 1.000000
1.000000 0.000000 0.000000 0.000000 0.000000 1.000000 -0.000000 0.000000 0.000000 0.000000 1.000000 0.000000 0.000000 0.000000 0.000000 1.000000
1.000000 0.000000 0.000000 0.000000 0.000000 1.000000 -0.000000 0.000000 0.000000 0.000000 1.000000 0.000000 0.000000 0.000000 0.000000 1.000000
1.000000 0.000000 0.000000 0.000000 0.000000 1.000000 -0.000000 0.000000 0.000000 0.000000 1.000000 0.000000 0.000000 0.000000 0.000000 1.000000
1.000000 0.000000 0.000000 0.000000 0.000000 1.000000 -0.000000 0.000000 0.000000 0.000000 1.000000 0.000000 0.000000 0.000000 0.000000 1.000000
1.000000 0.000000 0.000000 0.000000 0.000000 1.000000 -0.000000 0.000000 0.000000 0.000000 1.000000 0.000000 0.000000 0.000000 0.000000 1.000000
1.000000 0.000000 0.000000 0.000000 0.000000 1.000000 -0.000000 0.000000 0.000000 0.000000 1.000000 0.000000 0.000000 0.000000 0.000000 1.000000
1.000000 0.000000 0.000000 0.000000 0.000000 1.000000 -0.000000 0.000000 0.000000 0.000000 1.000000 0.000000 0.000000 0.000000 0.000000 1.000000
1.000000 0.000000 0.000000 0.000000 0.000000 1.000000 -0.000000 0.000000 0.000000 0.000000 1.000000 0.000000 0.000000 0.000000 0.000000 1.000000
1.000000 0.000000 0.000000 0.000000 0.000000 1.000000 -0.000000 0.000000 0.000000 0.000000 1.000000 0.000000 0.000000 0.000000 0.000000 1.000000
1.000000 0.000000 0.000000 0.000000 0.000000 1.000000 -0.000000 0.000000 0.000000 0.000000 1.000000 0.000000 0.000000 0.000000 0.000000 1.000000
1.000000 0.000000 0.000000 0.000000 0.000000 1.000000 -0.000000 0.000000 0.000000 0.000000 1.000000 0.000000 0.000000 0.000000 0.000000 1.000000
1.000000 0.000000 0.000000 0.000000 0.000000 1.000000 -0.000000 0.000000 0.000000 0.000000 1.000000 0.000000 0.000000 0.000000 0.000000 1.000000
1.000000 0.000000 0.000000 0.000000 0.000000 1.000000 -0.000000 0.000000 0.000000 0.000000 1.000000 0.000000 0.000000 0.000000 0.000000 1.000000
1.000000 0.000000 0.000000 0.000000 0.000000 1.000000 -0.000000 0.000000 0.000000 0.000000 1.000000 0.000000 0.000000 0.000000 0.000000 1.000000
1.000000 0.000000 0.000000 0.000000 0.000000 1.000000 -0.000000 0.000000 0.000000 0.000000 1.000000 0.000000 0.000000 0.000000 0.000000 1.000000
1.000000 0.000000 0.000000 0.000000 0.000000 1.000000 -0.000000 0.000000 0.000000 0.000000 1.000000 0.000000 0.000000 0.000000 0.000000 1.000000
1.000000 0.000000 0.000000 0.000000 0.000000 1.000000 -0.000000 0.000000 0.000000 0.000000 1.000000 0.000000 0.000000 0.000000 0.000000 1.000000
1.000000 0.000000 0.000000 0.000000 0.000000 1.000000 -0.000000 0.000000 0.000000 0.000000 1.000000 0.000000 0.000000 0.000000 0.000000 1.000000
1.000000 0.000000 0.000000 0.000000 0.000000 1.000000 -0.000000 0.000000 0.000000 0.000000 1.000000 0.000000 0.000000 0.000000 0.000000 1.000000
1.000000 0.000000 0.000000 0.000000 0.000000 1.000000 -0.000000 0.000000 0.000000 0.000000 1.000000 0.000000 0.000000 0.000000 0.000000 1.000000
1.000000 0.000000 0.000000 0.000000 0.000000 1.000000 -0.000000 0.000000 0.000000 0.000000 1.000000 0.000000 0.000000 0.000000 0.000000 1.000000</float_array>
     <technique_common>
      <accessor source="#root_jnt-Matrix-animation-output-transform-array" count="30" stride="16">
       <param type="float4x4"></param>
      </accessor>
     </technique_common>
    </source>
    <source id="root_jnt-Interpolations">
     <Name_array id="root_jnt-Interpolations-array" count="30">
 LINEAR LINEAR LINEAR LINEAR LINEAR LINEAR LINEAR LINEAR LINEAR LINEAR LINEAR
LINEAR LINEAR LINEAR LINEAR LINEAR LINEAR LINEAR LINEAR LINEAR LINEAR LINEAR LINEAR
LINEAR LINEAR LINEAR LINEAR LINEAR LINEAR LINEAR</Name_array>
     <technique_common>
      <accessor source="#root_jnt-Interpolations-array" count="30">
       <param type="name"></param>
      </accessor>
     </technique_common>
    </source>
    <sampler id="root_jnt-Matrix-animation-transform">
     <input semantic="INPUT" source="#root_jnt-Matrix-animation-input"></input>
     <input semantic="OUTPUT" source="#root_jnt-Matrix-animation-output-transform"></input>
     <input semantic="INTERPOLATION" source="#root_jnt-Interpolations"></input>
    </sampler>
    <channel source="#root_jnt-Matrix-animation-transform" target="root_jnt/matrix"></channel>
   </animation>
  </animation>
  <animation id="jnt_hips-anim" name="jnt_hips">
   <animation>
    <source id="jnt_hips-Matrix-animation-input">
     <float_array id="jnt_hips-Matrix-animation-input-array" count="30">

0.000000 0.033333 0.066667 0.100000 0.133333 0.166667 0.200000 0.233333 0.266667 0.300000 0.333333 0.366667 0.400000 0.433333 0.466667 0.500000
0.533333 0.566667 0.600000 0.633333 0.666667 0.700000 0.733333 0.766667 0.800000 0.833333 0.866667 0.900000 0.933333 0.966667</float_array>
     <technique_common>
      <accessor source="#jnt_hips-Matrix-animation-input-array" count="30">
       <param name="TIME" type="float"></param>
      </accessor>
     </technique_common>
    </source>
    <source id="jnt_hips-Matrix-animation-output-transform">
     <float_array id="jnt_hips-Matrix-animation-output-transform-array" count="480">

1.000000 0.000000 0.000000 0.000000 -0.000000 0.999997 -0.002456 2.061423 -0.000000 0.002456 0.999997 -0.094053 0.000000 0.000000 0.000000 1.000000
1.000000 0.000000 0.000000 0.000000 -0.000000 0.999997 -0.002456 2.061423 -0.000000 0.002456 0.999997 -0.094053 0.000000 0.000000 0.000000 1.000000
1.000000 0.000000 0.000000 0.000000 -0.000000 0.999997 -0.002456 2.061423 -0.000000 0.002456 0.999997 -0.094053 0.000000 0.000000 0.000000 1.000000
1.000000 0.000000 0.000000 0.000000 -0.000000 0.999997 -0.002456 2.061423 -0.000000 0.002456 0.999997 -0.094053 0.000000 0.000000 0.000000 1.000000
1.000000 0.000000 0.000000 0.000000 -0.000000 0.999997 -0.002456 2.061423 -0.000000 0.002456 0.999997 -0.094053 0.000000 0.000000 0.000000 1.000000
1.000000 0.000000 0.000000 0.000000 -0.000000 0.999997 -0.002456 2.061423 -0.000000 0.002456 0.999997 -0.094053 0.000000 0.000000 0.000000 1.000000
1.000000 0.000000 0.000000 0.000000 -0.000000 0.999997 -0.002456 2.061423 -0.000000 0.002456 0.999997 -0.094053 0.000000 0.000000 0.000000 1.000000
1.000000 0.000000 0.000000 0.000000 -0.000000 0.999997 -0.002456 2.061423 -0.000000 0.002456 0.999997 -0.094053 0.000000 0.000000 0.000000 1.000000
1.000000 0.000000 0.000000 0.000000 -0.000000 0.999997 -0.002456 2.061423 -0.000000 0.002456 0.999997 -0.094053 0.000000 0.000000 0.000000 1.000000
1.000000 0.000000 0.000000 0.000000 -0.000000 0.999997 -0.002456 2.061423 -0.000000 0.002456 0.999997 -0.094053 0.000000 0.000000 0.000000 1.000000
1.000000 0.000000 0.000000 0.000000 -0.000000 0.999997 -0.002456 2.061423 -0.000000 0.002456 0.999997 -0.094053 0.000000 0.000000 0.000000 1.000000
1.000000 0.000000 0.000000 0.000000 -0.000000 0.999997 -0.002456 2.061423 -0.000000 0.002456 0.999997 -0.094053 0.000000 0.000000 0.000000 1.000000
1.000000 0.000000 0.000000 0.000000 -0.000000 0.999997 -0.002456 2.061423 -0.000000 0.002456 0.999997 -0.094053 0.000000 0.000000 0.000000 1.000000
1.000000 0.000000 0.000000 0.000000 -0.000000 0.999997 -0.002456 2.061423 -0.000000 0.002456 0.999997 -0.094053 0.000000 0.000000 0.000000 1.000000
1.000000 0.000000 0.000000 0.000000 -0.000000 0.999997 -0.002456 2.061423 -0.000000 0.002456 0.999997 -0.094053 0.000000 0.000000 0.000000 1.000000
1.000000 0.000000 0.000000 0.000000 -0.000000 0.999997 -0.002456 2.061423 -0.000000 0.002456 0.999997 -0.094053 0.000000 0.000000 0.000000 1.000000
1.000000 0.000000 0.000000 0.000000 -0.000000 0.999997 -0.002456 2.061423 -0.000000 0.002456 0.999997 -0.094053 0.000000 0.000000 0.000000 1.000000
1.000000 0.000000 0.000000 0.000000 -0.000000 0.999997 -0.002456 2.061423 -0.000000 0.002456 0.999997 -0.094053 0.000000 0.000000 0.000000 1.000000
1.000000 0.000000 0.000000 0.000000 -0.000000 0.999997 -0.002456 2.061423 -0.000000 0.002456 0.999997 -0.094053 0.000000 0.000000 0.000000 1.000000
1.000000 0.000000 0.000000 0.000000 -0.000000 0.999997 -0.002456 2.061423 -0.000000 0.002456 0.999997 -0.094053 0.000000 0.000000 0.000000 1.000000
1.000000 0.000000 0.000000 0.000000 -0.000000 0.999997 -0.002456 2.061423 -0.000000 0.002456 0.999997 -0.094053 0.000000 0.000000 0.000000 1.000000
1.000000 0.000000 0.000000 0.000000 -0.000000 0.999997 -0.002456 2.061423 -0.000000 0.002456 0.999997 -0.094053 0.000000 0.000000 0.000000 1.000000
1.000000 0.000000 0.000000 0.000000 -0.000000 0.999997 -0.002456 2.061423 -0.000000 0.002456 0.999997 -0.094053 0.000000 0.000000 0.000000 1.000000
1.000000 0.000000 0.000000 0.000000 -0.000000 0.999997 -0.002456 2.061423 -0.000000 0.002456 0.999997 -0.094053 0.000000 0.000000 0.000000 1.000000
1.000000 0.000000 0.000000 0.000000 -0.000000 0.999997 -0.002456 2.061423 -0.000000 0.002456 0.999997 -0.094053 0.000000 0.000000 0.000000 1.000000
1.000000 0.000000 0.000000 0.000000 -0.000000 0.999997 -0.002456 2.061423 -0.000000 0.002456 0.999997 -0.094053 0.000000 0.000000 0.000000 1.000000
1.000000 0.000000 0.000000 0.000000 -0.000000 0.999997 -0.002456 2.061423 -0.000000 0.002456 0.999997 -0.094053 0.000000 0.000000 0.000000 1.000000
1.000000 0.000000 0.000000 0.000000 -0.000000 0.999997 -0.002456 2.061423 -0.000000 0.002456 0.999997 -0.094053 0.000000 0.000000 0.000000 1.000000
1.000000 0.000000 0.000000 0.000000 -0.000000 0.999997 -0.002456 2.061423 -0.000000 0.002456 0.999997 -0.094053 0.000000 0.000000 0.000000 1.000000
1.000000 0.000000 0.000000 0.000000 -0.000000 0.999997 -0.002456 2.061423 -0.000000 0.002456 0.999997 -0.094053 0.000000 0.000000 0.000000 1.000000</float_array>
     <technique_common>
      <accessor source="#jnt_hips-Matrix-animation-output-transform-array" count="30" stride="16">
       <param type="float4x4"></param>
      </accessor>
     </technique_common>
    </source>
    <source id="jnt_hips-Interpolations">
     <Name_array id="jnt_hips-Interpolations-array" count="30">
 LINEAR LINEAR LINEAR LINEAR LINEAR LINEAR LINEAR LINEAR LINEAR LINEAR LINEAR
LINEAR LINEAR LINEAR LINEAR LINEAR LINEAR LINEAR LINEAR LINEAR LINEAR LINEAR LINEAR
LINEAR LINEAR LINEAR LINEAR LINEAR LINEAR LINEAR</Name_array>
     <technique_common>
      <accessor source="#jnt_hips-Interpolations-array" count="30">
       <param type="name"></param>
      </accessor>
     </technique_common>
    </source>
    <sampler id="jnt_hips-Matrix-animation-transform">
     <input semantic="INPUT" source="#jnt_hips-Matrix-animation-input"></input>
     <input semantic="OUTPUT" source="#jnt_hips-Matrix-animation-output-transform"></input>
     <input semantic="INTERPOLATION" source="#jnt_hips-Interpolations"></input>
    </sampler>
    <channel source="#jnt_hips-Matrix-animation-transform" target="jnt_hips/matrix"></channel>
   </animation>
  </animation>
  <animation id="jnt_height-anim" name="jnt_height">
   <animation>
    <source id="jnt_height-Matrix-animation-input">
     <float_array id="jnt_height-Matrix-animation-input-array" count="30">

0.000000 0.033333 0.066667 0.100000 0.133333 0.166667 0.200000 0.233333 0.266667 0.300000 0.333333 0.366667 0.400000 0.433333 0.466667 0.500000
0.533333 0.566667 0.600000 0.633333 0.666667 0.700000 0.733333 0.766667 0.800000 0.833333 0.866667 0.900000 0.933333 0.966667</float_array>
     <technique_common>
      <accessor source="#jnt_height-Matrix-animation-input-array" count="30">
       <param name="TIME" type="float"></param>
      </accessor>
     </technique_common>
    </source>
    <source id="jnt_height-Matrix-animation-output-transform">
     <float_array id="jnt_height-Matrix-animation-output-transform-array" count="480">

1.000000 0.000000 0.000000 -0.000000 -0.000000 0.999997 -0.002456 -0.000000 -0.000000 0.002456 0.999997 0.000000 0.000000 0.000000 0.000000 1.000000
1.000000 0.000000 0.000000 -0.000000 -0.000000 0.999997 -0.002456 -0.000000 -0.000000 0.002456 0.999997 0.000000 0.000000 0.000000 0.000000 1.000000
1.000000 0.000000 0.000000 -0.000000 -0.000000 0.999997 -0.002456 -0.000000 -0.000000 0.002456 0.999997 0.000000 0.000000 0.000000 0.000000 1.000000
1.000000 0.000000 0.000000 -0.000000 -0.000000 0.999997 -0.002456 -0.000000 -0.000000 0.002456 0.999997 0.000000 0.000000 0.000000 0.000000 1.000000
1.000000 0.000000 0.000000 -0.000000 -0.000000 0.999997 -0.002456 -0.000000 -0.000000 0.002456 0.999997 0.000000 0.000000 0.000000 0.000000 1.000000
1.000000 0.000000 0.000000 -0.000000 -0.000000 0.999997 -0.002456 -0.000000 -0.000000 0.002456 0.999997 0.000000 0.000000 0.000000 0.000000 1.000000
1.000000 0.000000 0.000000 -0.000000 -0.000000 0.999997 -0.002456 -0.000000 -0.000000 0.002456 0.999997 0.000000 0.000000 0.000000 0.000000 1.000000
1.000000 0.000000 0.000000 -0.000000 -0.000000 0.999997 -0.002456 -0.000000 -0.000000 0.002456 0.999997 0.000000 0.000000 0.000000 0.000000 1.000000
1.000000 0.000000 0.000000 -0.000000 -0.000000 0.999997 -0.002456 -0.000000 -0.000000 0.002456 0.999997 0.000000 0.000000 0.000000 0.000000 1.000000
1.000000 0.000000 0.000000 -0.000000 -0.000000 0.999997 -0.002456 -0.000000 -0.000000 0.002456 0.999997 0.000000 0.000000 0.000000 0.000000 1.000000
1.000000 0.000000 0.000000 -0.000000 -0.000000 0.999997 -0.002456 -0.000000 -0.000000 0.002456 0.999997 0.000000 0.000000 0.000000 0.000000 1.000000
1.000000 0.000000 0.000000 -0.000000 -0.000000 0.999997 -0.002456 -0.000000 -0.000000 0.002456 0.999997 0.000000 0.000000 0.000000 0.000000 1.000000
1.000000 0.000000 0.000000 -0.000000 -0.000000 0.999997 -0.002456 -0.000000 -0.000000 0.002456 0.999997 0.000000 0.000000 0.000000 0.000000 1.000000
1.000000 0.000000 0.000000 -0.000000 -0.000000 0.999997 -0.002456 -0.000000 -0.000000 0.002456 0.999997 0.000000 0.000000 0.000000 0.000000 1.000000
1.000000 0.000000 0.000000 -0.000000 -0.000000 0.999997 -0.002456 -0.000000 -0.000000 0.002456 0.999997 0.000000 0.000000 0.000000 0.000000 1.000000
1.000000 0.000000 0.000000 -0.000000 -0.000000 0.999997 -0.002456 -0.000000 -0.000000 0.002456 0.999997 0.000000 0.000000 0.000000 0.000000 1.000000
1.000000 0.000000 0.000000 -0.000000 -0.000000 0.999997 -0.002456 -0.000000 -0.000000 0.002456 0.999997 0.000000 0.000000 0.000000 0.000000 1.000000
1.000000 0.000000 0.000000 -0.000000 -0.000000 0.999997 -0.002456 -0.000000 -0.000000 0.002456 0.999997 0.000000 0.000000 0.000000 0.000000 1.000000
1.000000 0.000000 0.000000 -0.000000 -0.000000 0.999997 -0.002456 -0.000000 -0.000000 0.002456 0.999997 0.000000 0.000000 0.000000 0.000000 1.000000
1.000000 0.000000 0.000000 -0.000000 -0.000000 0.999997 -0.002456 -0.000000 -0.000000 0.002456 0.999997 0.000000 0.000000 0.000000 0.000000 1.000000
1.000000 0.000000 0.000000 -0.000000 -0.000000 0.999997 -0.002456 -0.000000 -0.000000 0.002456 0.999997 0.000000 0.000000 0.000000 0.000000 1.000000
1.000000 0.000000 0.000000 -0.000000 -0.000000 0.999997 -0.002456 -0.000000 -0.000000 0.002456 0.999997 0.000000 0.000000 0.000000 0.000000 1.000000
1.000000 0.000000 0.000000 -0.000000 -0.000000 0.999997 -0.002456 -0.000000 -0.000000 0.002456 0.999997 0.000000 0.000000 0.000000 0.000000 1.000000
1.000000 0.000000 0.000000 -0.000000 -0.000000 0.999997 -0.002456 -0.000000 -0.000000 0.002456 0.999997 0.000000 0.000000 0.000000 0.000000 1.000000
1.000000 0.000000 0.000000 -0.000000 -0.000000 0.999997 -0.002456 -0.000000 -0.000000 0.002456 0.999997 0.000000 0.000000 0.000000 0.000000 1.000000
1.000000 0.000000 0.000000 -0.000000 -0.000000 0.999997 -0.002456 -0.000000 -0.000000 0.002456 0.999997 0.000000 0.000000 0.000000 0.000000 1.000000
1.000000 0.000000 0.000000 -0.000000 -0.000000 0.999997 -0.002456 -0.000000 -0.000000 0.002456 0.999997 0.000000 0.000000 0.000000 0.000000 1.000000
1.000000 0.000000 0.000000 -0.000000 -0.000000 0.999997 -0.002456 -0.000000 -0.000000 0.002456 0.999997 0.000000 0.000000 0.000000 0.000000 1.000000
1.000000 0.000000 0.000000 -0.000000 -0.000000 0.999997 -0.002456 -0.000000 -0.000000 0.002456 0.999997 0.000000 0.000000 0.000000 0.000000 1.000000
1.000000 0.000000 0.000000 -0.000000 -0.000000 0.999997 -0.002456 -0.000000 -0.000000 0.002456 0.999997 0.000000 0.000000 0.000000 0.000000 1.000000</float_array>
     <technique_common>
      <accessor source="#jnt_height-Matrix-animation-output-transform-array" count="30" stride="16">
       <param type="float4x4"></param>
      </accessor>
     </technique_common>
    </source>
    <source id="jnt_height-Interpolations">
     <Name_array id="jnt_height-Interpolations-array" count="30">
 LINEAR LINEAR LINEAR LINEAR LINEAR LINEAR LINEAR LINEAR LINEAR LINEAR LINEAR
LINEAR LINEAR LINEAR LINEAR LINEAR LINEAR LINEAR LINEAR LINEAR LINEAR LINEAR LINEAR
LINEAR LINEAR LINEAR LINEAR LINEAR LINEAR LINEAR</Name_array>
     <technique_common>
      <accessor source="#jnt_height-Interpolations-array" count="30">
       <param type="name"></param>
      </accessor>
     </technique_common>
    </source>
    <sampler id="jnt_height-Matrix-animation-transform">
     <input semantic="INPUT" source="#jnt_height-Matrix-animation-input"></input>
     <input semantic="OUTPUT" source="#jnt_height-Matrix-animation-output-transform"></input>
     <input semantic="INTERPOLATION" source="#jnt_height-Interpolations"></input>
    </sampler>
    <channel source="#jnt_height-Matrix-animation-transform" target="jnt_height/matrix"></channel>
   </animation>
  </animation>
  <animation id="jnt_spine1-anim" name="jnt_spine1">
   <animation>
    <source id="jnt_spine1-Matrix-animation-input">
     <float_array id="jnt_spine1-Matrix-animation-input-array" count="30">

0.000000 0.033333 0.066667 0.100000 0.133333 0.166667 0.200000 0.233333 0.266667 0.300000 0.333333 0.366667 0.400000 0.433333 0.466667 0.500000
0.533333 0.566667 0.600000 0.633333 0.666667 0.700000 0.733333 0.766667 0.800000 0.833333 0.866667 0.900000 0.933333 0.966667</float_array>
     <technique_common>
      <accessor source="#jnt_spine1-Matrix-animation-input-array" count="30">
       <param name="TIME" type="float"></param>
      </accessor>
     </technique_common>
    </source>
    <source id="jnt_spine1-Matrix-animation-output-transform">
     <float_array id="jnt_spine1-Matrix-animation-output-transform-array" count="480">

0.000000 0.000000 1.000000 0.000000 0.999914 -0.013155 -0.000000 0.212132 0.013155 0.999914 -0.000000 0.023482 0.000000 0.000000 0.000000 1.000000
0.000000 0.000000 1.000000 0.000000 0.999914 -0.013155 -0.000000 0.212132 0.013155 0.999914 -0.000000 0.023482 0.000000 0.000000 0.000000 1.000000
0.000000 0.000000 1.000000 0.000000 0.999914 -0.013155 -0.000000 0.212132 0.013155 0.999914 -0.000000 0.023482 0.000000 0.000000 0.000000 1.000000
0.000000 0.000000 1.000000 0.000000 0.999914 -0.013155 -0.000000 0.212132 0.013155 0.999914 -0.000000 0.023482 0.000000 0.000000 0.000000 1.000000
0.000000 0.000000 1.000000 0.000000 0.999914 -0.013155 -0.000000 0.212132 0.013155 0.999914 -0.000000 0.023482 0.000000 0.000000 0.000000 1.000000
0.000000 0.000000 1.000000 0.000000 0.999914 -0.013155 -0.000000 0.212132 0.013155 0.999914 -0.000000 0.023482 0.000000 0.000000 0.000000 1.000000
0.000000 0.000000 1.000000 0.000000 0.999914 -0.013155 -0.000000 0.212132 0.013155 0.999914 -0.000000 0.023482 0.000000 0.000000 0.000000 1.000000
0.000000 0.000000 1.000000 0.000000 0.999914 -0.013155 -0.000000 0.212132 0.013155 0.999914 -0.000000 0.023482 0.000000 0.000000 0.000000 1.000000
0.000000 0.000000 1.000000 0.000000 0.999914 -0.013155 -0.000000 0.212132 0.013155 0.999914 -0.000000 0.023482 0.000000 0.000000 0.000000 1.000000
0.000000 0.000000 1.000000 0.000000 0.999914 -0.013155 -0.000000 0.212132 0.013155 0.999914 -0.000000 0.023482 0.000000 0.000000 0.000000 1.000000
0.000000 0.000000 1.000000 0.000000 0.999914 -0.013155 -0.000000 0.212132 0.013155 0.999914 -0.000000 0.023482 0.000000 0.000000 0.000000 1.000000
0.000000 0.000000 1.000000 0.000000 0.999914 -0.013155 -0.000000 0.212132 0.013155 0.999914 -0.000000 0.023482 0.000000 0.000000 0.000000 1.000000
0.000000 0.000000 1.000000 0.000000 0.999914 -0.013155 -0.000000 0.212132 0.013155 0.999914 -0.000000 0.023482 0.000000 0.000000 0.000000 1.000000
0.000000 0.000000 1.000000 0.000000 0.999914 -0.013155 -0.000000 0.212132 0.013155 0.999914 -0.000000 0.023482 0.000000 0.000000 0.000000 1.000000
0.000000 0.000000 1.000000 0.000000 0.999914 -0.013155 -0.000000 0.212132 0.013155 0.999914 -0.000000 0.023482 0.000000 0.000000 0.000000 1.000000
0.000000 0.000000 1.000000 0.000000 0.999914 -0.013155 -0.000000 0.212132 0.013155 0.999914 -0.000000 0.023482 0.000000 0.000000 0.000000 1.000000
0.000000 0.000000 1.000000 0.000000 0.999914 -0.013155 -0.000000 0.212132 0.013155 0.999914 -0.000000 0.023482 0.000000 0.000000 0.000000 1.000000
0.000000 0.000000 1.000000 0.000000 0.999914 -0.013155 -0.000000 0.212132 0.013155 0.999914 -0.000000 0.023482 0.000000 0.000000 0.000000 1.000000
0.000000 0.000000 1.000000 0.000000 0.999914 -0.013155 -0.000000 0.212132 0.013155 0.999914 -0.000000 0.023482 0.000000 0.000000 0.000000 1.000000
0.000000 0.000000 1.000000 0.000000 0.999914 -0.013155 -0.000000 0.212132 0.013155 0.999914 -0.000000 0.023482 0.000000 0.000000 0.000000 1.000000
0.000000 0.000000 1.000000 0.000000 0.999914 -0.013155 -0.000000 0.212132 0.013155 0.999914 -0.000000 0.023482 0.000000 0.000000 0.000000 1.000000
0.000000 0.000000 1.000000 0.000000 0.999914 -0.013155 -0.000000 0.212132 0.013155 0.999914 -0.000000 0.023482 0.000000 0.000000 0.000000 1.000000
0.000000 0.000000 1.000000 0.000000 0.999914 -0.013155 -0.000000 0.212132 0.013155 0.999914 -0.000000 0.023482 0.000000 0.000000 0.000000 1.000000
0.000000 0.000000 1.000000 0.000000 0.999914 -0.013155 -0.000000 0.212132 0.013155 0.999914 -0.000000 0.023482 0.000000 0.000000 0.000000 1.000000
0.000000 0.000000 1.000000 0.000000 0.999914 -0.013155 -0.000000 0.212132 0.013155 0.999914 -0.000000 0.023482 0.000000 0.000000 0.000000 1.000000
0.000000 0.000000 1.000000 0.000000 0.999914 -0.013155 -0.000000 0.212132 0.013155 0.999914 -0.000000 0.023482 0.000000 0.000000 0.000000 1.000000
0.000000 0.000000 1.000000 0.000000 0.999914 -0.013155 -0.000000 0.212132 0.013155 0.999914 -0.000000 0.023482 0.000000 0.000000 0.000000 1.000000
0.000000 0.000000 1.000000 0.000000 0.999914 -0.013155 -0.000000 0.212132 0.013155 0.999914 -0.000000 0.023482 0.000000 0.000000 0.000000 1.000000
0.000000 0.000000 1.000000 0.000000 0.999914 -0.013155 -0.000000 0.212132 0.013155 0.999914 -0.000000 0.023482 0.000000 0.000000 0.000000 1.000000
0.000000 0.000000 1.000000 0.000000 0.999914 -0.013155 -0.000000 0.212132 0.013155 0.999914 -0.000000 0.023482 0.000000 0.000000 0.000000 1.000000</float_array>
     <technique_common>
      <accessor source="#jnt_spine1-Matrix-animation-output-transform-array" count="30" stride="16">
       <param type="float4x4"></param>
      </accessor>
     </technique_common>
    </source>
    <source id="jnt_spine1-Interpolations">
     <Name_array id="jnt_spine1-Interpolations-array" count="30">
 LINEAR LINEAR LINEAR LINEAR LINEAR LINEAR LINEAR LINEAR LINEAR LINEAR LINEAR
LINEAR LINEAR LINEAR LINEAR LINEAR LINEAR LINEAR LINEAR LINEAR LINEAR LINEAR LINEAR
LINEAR LINEAR LINEAR LINEAR LINEAR LINEAR LINEAR</Name_array>
     <technique_common>
      <accessor source="#jnt_spine1-Interpolations-array" count="30">
       <param type="name"></param>
      </accessor>
     </technique_common>
    </source>
    <sampler id="jnt_spine1-Matrix-animation-transform">
     <input semantic="INPUT" source="#jnt_spine1-Matrix-animation-input"></input>
     <input semantic="OUTPUT" source="#jnt_spine1-Matrix-animation-output-transform"></input>
     <input semantic="INTERPOLATION" source="#jnt_spine1-Interpolations"></input>
    </sampler>
    <channel source="#jnt_spine1-Matrix-animation-transform" target="jnt_spine1/matrix"></channel>
   </animation>
  </animation>
  <animation id="jnt_spine2-anim" name="jnt_spine2">
   <animation>
    <source id="jnt_spine2-Matrix-animation-input">
     <float_array id="jnt_spine2-Matrix-animation-input-array" count="30">

0.000000 0.033333 0.066667 0.100000 0.133333 0.166667 0.200000 0.233333 0.266667 0.300000 0.333333 0.366667 0.400000 0.433333 0.466667 0.500000
0.533333 0.566667 0.600000 0.633333 0.666667 0.700000 0.733333 0.766667 0.800000 0.833333 0.866667 0.900000 0.933333 0.966667</float_array>
     <technique_common>
      <accessor source="#jnt_spine2-Matrix-animation-input-array" count="30">
       <param name="TIME" type="float"></param>
      </accessor>
     </technique_common>
    </source>
    <source id="jnt_spine2-Matrix-animation-output-transform">
     <float_array id="jnt_spine2-Matrix-animation-output-transform-array" count="480">

0.998580 0.053271 -0.000000 0.426848 -0.053271 0.998580 -0.000000 0.000003 0.000000 0.000000 1.000000 -0.000000 0.000000 0.000000 0.000000 1.000000
0.998580 0.053271 -0.000000 0.426848 -0.053271 0.998580 -0.000000 0.000003 0.000000 0.000000 1.000000 -0.000000 0.000000 0.000000 0.000000 1.000000
0.998580 0.053271 -0.000000 0.426848 -0.053271 0.998580 -0.000000 0.000003 0.000000 0.000000 1.000000 -0.000000 0.000000 0.000000 0.000000 1.000000
0.998580 0.053271 -0.000000 0.426848 -0.053271 0.998580 -0.000000 0.000003 0.000000 0.000000 1.000000 -0.000000 0.000000 0.000000 0.000000 1.000000
0.998580 0.053271 -0.000000 0.426848 -0.053271 0.998580 -0.000000 0.000003 0.000000 0.000000 1.000000 -0.000000 0.000000 0.000000 0.000000 1.000000
0.998580 0.053271 -0.000000 0.426848 -0.053271 0.998580 -0.000000 0.000003 0.000000 0.000000 1.000000 -0.000000 0.000000 0.000000 0.000000 1.000000
0.998580 0.053271 -0.000000 0.426848 -0.053271 0.998580 -0.000000 0.000003 0.000000 0.000000 1.000000 -0.000000 0.000000 0.000000 0.000000 1.000000
0.998580 0.053271 -0.000000 0.426848 -0.053271 0.998580 -0.000000 0.000003 0.000000 0.000000 1.000000 -0.000000 0.000000 0.000000 0.000000 1.000000
0.998580 0.053271 -0.000000 0.426848 -0.053271 0.998580 -0.000000 0.000003 0.000000 0.000000 1.000000 -0.000000 0.000000 0.000000 0.000000 1.000000
0.998580 0.053271 -0.000000 0.426848 -0.053271 0.998580 -0.000000 0.000003 0.000000 0.000000 1.000000 -0.000000 0.000000 0.000000 0.000000 1.000000
0.998580 0.053271 -0.000000 0.426848 -0.053271 0.998580 -0.000000 0.000003 0.000000 0.000000 1.000000 -0.000000 0.000000 0.000000 0.000000 1.000000
0.998580 0.053271 -0.000000 0.426848 -0.053271 0.998580 -0.000000 0.000003 0.000000 0.000000 1.000000 -0.000000 0.000000 0.000000 0.000000 1.000000
0.998580 0.053271 -0.000000 0.426848 -0.053271 0.998580 -0.000000 0.000003 0.000000 0.000000 1.000000 -0.000000 0.000000 0.000000 0.000000 1.000000
0.998580 0.053271 -0.000000 0.426848 -0.053271 0.998580 -0.000000 0.000003 0.000000 0.000000 1.000000 -0.000000 0.000000 0.000000 0.000000 1.000000
0.998580 0.053271 -0.000000 0.426848 -0.053271 0.998580 -0.000000 0.000003 0.000000 0.000000 1.000000 -0.000000 0.000000 0.000000 0.000000 1.000000
0.998580 0.053271 -0.000000 0.426848 -0.053271 0.998580 -0.000000 0.000003 0.000000 0.000000 1.000000 -0.000000 0.000000 0.000000 0.000000 1.000000
0.998580 0.053271 -0.000000 0.426848 -0.053271 0.998580 -0.000000 0.000003 0.000000 0.000000 1.000000 -0.000000 0.000000 0.000000 0.000000 1.000000
0.998580 0.053271 -0.000000 0.426848 -0.053271 0.998580 -0.000000 0.000003 0.000000 0.000000 1.000000 -0.000000 0.000000 0.000000 0.000000 1.000000
0.998580 0.053271 -0.000000 0.426848 -0.053271 0.998580 -0.000000 0.000003 0.000000 0.000000 1.000000 -0.000000 0.000000 0.000000 0.000000 1.000000
0.998580 0.053271 -0.000000 0.426848 -0.053271 0.998580 -0.000000 0.000003 0.000000 0.000000 1.000000 -0.000000 0.000000 0.000000 0.000000 1.000000
0.998580 0.053271 -0.000000 0.426848 -0.053271 0.998580 -0.000000 0.000003 0.000000 0.000000 1.000000 -0.000000 0.000000 0.000000 0.000000 1.000000
0.998580 0.053271 -0.000000 0.426848 -0.053271 0.998580 -0.000000 0.000003 0.000000 0.000000 1.000000 -0.000000 0.000000 0.000000 0.000000 1.000000
0.998580 0.053271 -0.000000 0.426848 -0.053271 0.998580 -0.000000 0.000003 0.000000 0.000000 1.000000 -0.000000 0.000000 0.000000 0.000000 1.000000
0.998580 0.053271 -0.000000 0.426848 -0.053271 0.998580 -0.000000 0.000003 0.000000 0.000000 1.000000 -0.000000 0.000000 0.000000 0.000000 1.000000
0.998580 0.053271 -0.000000 0.426848 -0.053271 0.998580 -0.000000 0.000003 0.000000 0.000000 1.000000 -0.000000 0.000000 0.000000 0.000000 1.000000
0.998580 0.053271 -0.000000 0.426848 -0.053271 0.998580 -0.000000 0.000003 0.000000 0.000000 1.000000 -0.000000 0.000000 0.000000 0.000000 1.000000
0.998580 0.053271 -0.000000 0.426848 -0.053271 0.998580 -0.000000 0.000003 0.000000 0.000000 1.000000 -0.000000 0.000000 0.000000 0.000000 1.000000
0.998580 0.053271 -0.000000 0.426848 -0.053271 0.998580 -0.000000 0.000003 0.000000 0.000000 1.000000 -0.000000 0.000000 0.000000 0.000000 1.000000
0.998580 0.053271 -0.000000 0.426848 -0.053271 0.998580 -0.000000 0.000003 0.000000 0.000000 1.000000 -0.000000 0.000000 0.000000 0.000000 1.000000
0.998580 0.053271 -0.000000 0.426848 -0.053271 0.998580 -0.000000 0.000003 0.000000 0.000000 1.000000 -0.000000 0.000000 0.000000 0.000000 1.000000</float_array>
     <technique_common>
      <accessor source="#jnt_spine2-Matrix-animation-output-transform-array" count="30" stride="16">
       <param type="float4x4"></param>
      </accessor>
     </technique_common>
    </source>
    <source id="jnt_spine2-Interpolations">
     <Name_array id="jnt_spine2-Interpolations-array" count="30">
 LINEAR LINEAR LINEAR LINEAR LINEAR LINEAR LINEAR LINEAR LINEAR LINEAR LINEAR
LINEAR LINEAR LINEAR LINEAR LINEAR LINEAR LINEAR LINEAR LINEAR LINEAR LINEAR LINEAR
LINEAR LINEAR LINEAR LINEAR LINEAR LINEAR LINEAR</Name_array>
     <technique_common>
      <accessor source="#jnt_spine2-Interpolations-array" count="30">
       <param type="name"></param>
      </accessor>
     </technique_common>
    </source>
    <sampler id="jnt_spine2-Matrix-animation-transform">
     <input semantic="INPUT" source="#jnt_spine2-Matrix-animation-input"></input>
     <input semantic="OUTPUT" source="#jnt_spine2-Matrix-animation-output-transform"></input>
     <input semantic="INTERPOLATION" source="#jnt_spine2-Interpolations"></input>
    </sampler>
    <channel source="#jnt_spine2-Matrix-animation-transform" target="jnt_spine2/matrix"></channel>
   </animation>
  </animation>
  <animation id="jnt_spine3-anim" name="jnt_spine3">
   <animation>
    <source id="jnt_spine3-Matrix-animation-input">
     <float_array id="jnt_spine3-Matrix-animation-input-array" count="30">

0.000000 0.033333 0.066667 0.100000 0.133333 0.166667 0.200000 0.233333 0.266667 0.300000 0.333333 0.366667 0.400000 0.433333 0.466667 0.500000
0.533333 0.566667 0.600000 0.633333 0.666667 0.700000 0.733333 0.766667 0.800000 0.833333 0.866667 0.900000 0.933333 0.966667</float_array>
     <technique_common>
      <accessor source="#jnt_spine3-Matrix-animation-input-array" count="30">
       <param name="TIME" type="float"></param>
      </accessor>
     </technique_common>
    </source>
    <source id="jnt_spine3-Matrix-animation-output-transform">
     <float_array id="jnt_spine3-Matrix-animation-output-transform-array" count="480">

0.997528 0.070262 -0.000000 0.555067 -0.070262 0.997528 -0.000000 0.000000 0.000000 0.000000 1.000000 -0.000000 0.000000 0.000000 0.000000 1.000000
0.997528 0.070262 -0.000000 0.555067 -0.070262 0.997528 -0.000000 0.000000 0.000000 0.000000 1.000000 -0.000000 0.000000 0.000000 0.000000 1.000000
0.997528 0.070262 -0.000000 0.555067 -0.070262 0.997528 -0.000000 0.000000 0.000000 0.000000 1.000000 -0.000000 0.000000 0.000000 0.000000 1.000000
0.997528 0.070262 -0.000000 0.555067 -0.070262 0.997528 -0.000000 0.000000 0.000000 0.000000 1.000000 -0.000000 0.000000 0.000000 0.000000 1.000000
0.997528 0.070262 -0.000000 0.555067 -0.070262 0.997528 -0.000000 0.000000 0.000000 0.000000 1.000000 -0.000000 0.000000 0.000000 0.000000 1.000000
0.997528 0.070262 -0.000000 0.555067 -0.070262 0.997528 -0.000000 0.000000 0.000000 0.000000 1.000000 -0.000000 0.000000 0.000000 0.000000 1.000000
0.997528 0.070262 -0.000000 0.555067 -0.070262 0.997528 -0.000000 0.000000 0.000000 0.000000 1.000000 -0.000000 0.000000 0.000000 0.000000 1.000000
0.997528 0.070262 -0.000000 0.555067 -0.070262 0.997528 -0.000000 0.000000 0.000000 0.000000 1.000000 -0.000000 0.000000 0.000000 0.000000 1.000000
0.997528 0.070262 -0.000000 0.555067 -0.070262 0.997528 -0.000000 0.000000 0.000000 0.000000 1.000000 -0.000000 0.000000 0.000000 0.000000 1.000000
0.997528 0.070262 -0.000000 0.555067 -0.070262 0.997528 -0.000000 0.000000 0.000000 0.000000 1.000000 -0.000000 0.000000 0.000000 0.000000 1.000000
0.997528 0.070262 -0.000000 0.555067 -0.070262 0.997528 -0.000000 0.000000 0.000000 0.000000 1.000000 -0.000000 0.000000 0.000000 0.000000 1.000000
0.997528 0.070262 -0.000000 0.555067 -0.070262 0.997528 -0.000000 0.000000 0.000000 0.000000 1.000000 -0.000000 0.000000 0.000000 0.000000 1.000000
0.997528 0.070262 -0.000000 0.555067 -0.070262 0.997528 -0.000000 0.000000 0.000000 0.000000 1.000000 -0.000000 0.000000 0.000000 0.000000 1.000000
0.997528 0.070262 -0.000000 0.555067 -0.070262 0.997528 -0.000000 0.000000 0.000000 0.000000 1.000000 -0.000000 0.000000 0.000000 0.000000 1.000000
0.997528 0.070262 -0.000000 0.555067 -0.070262 0.997528 -0.000000 0.000000 0.000000 0.000000 1.000000 -0.000000 0.000000 0.000000 0.000000 1.000000
0.997528 0.070262 -0.000000 0.555067 -0.070262 0.997528 -0.000000 0.000000 0.000000 0.000000 1.000000 -0.000000 0.000000 0.000000 0.000000 1.000000
0.997528 0.070262 -0.000000 0.555067 -0.070262 0.997528 -0.000000 0.000000 0.000000 0.000000 1.000000 -0.000000 0.000000 0.000000 0.000000 1.000000
0.997528 0.070262 -0.000000 0.555067 -0.070262 0.997528 -0.000000 0.000000 0.000000 0.000000 1.000000 -0.000000 0.000000 0.000000 0.000000 1.000000
0.997528 0.070262 -0.000000 0.555067 -0.070262 0.997528 -0.000000 0.000000 0.000000 0.000000 1.000000 -0.000000 0.000000 0.000000 0.000000 1.000000
0.997528 0.070262 -0.000000 0.555067 -0.070262 0.997528 -0.000000 0.000000 0.000000 0.000000 1.000000 -0.000000 0.000000 0.000000 0.000000 1.000000
0.997528 0.070262 -0.000000 0.555067 -0.070262 0.997528 -0.000000 0.000000 0.000000 0.000000 1.000000 -0.000000 0.000000 0.000000 0.000000 1.000000
0.997528 0.070262 -0.000000 0.555067 -0.070262 0.997528 -0.000000 0.000000 0.000000 0.000000 1.000000 -0.000000 0.000000 0.000000 0.000000 1.000000
0.997528 0.070262 -0.000000 0.555067 -0.070262 0.997528 -0.000000 0.000000 0.000000 0.000000 1.000000 -0.000000 0.000000 0.000000 0.000000 1.000000
0.997528 0.070262 -0.000000 0.555067 -0.070262 0.997528 -0.000000 0.000000 0.000000 0.000000 1.000000 -0.000000 0.000000 0.000000 0.000000 1.000000
0.997528 0.070262 -0.000000 0.555067 -0.070262 0.997528 -0.000000 0.000000 0.000000 0.000000 1.000000 -0.000000 0.000000 0.000000 0.000000 1.000000
0.997528 0.070262 -0.000000 0.555067 -0.070262 0.997528 -0.000000 0.000000 0.000000 0.000000 1.000000 -0.000000 0.000000 0.000000 0.000000 1.000000
0.997528 0.070262 -0.000000 0.555067 -0.070262 0.997528 -0.000000 0.000000 0.000000 0.000000 1.000000 -0.000000 0.000000 0.000000 0.000000 1.000000
0.997528 0.070262 -0.000000 0.555067 -0.070262 0.997528 -0.000000 0.000000 0.000000 0.000000 1.000000 -0.000000 0.000000 0.000000 0.000000 1.000000
0.997528 0.070262 -0.000000 0.555067 -0.070262 0.997528 -0.000000 0.000000 0.000000 0.000000 1.000000 -0.000000 0.000000 0.000000 0.000000 1.000000
0.997528 0.070262 -0.000000 0.555067 -0.070262 0.997528 -0.000000 0.000000 0.000000 0.000000 1.000000 -0.000000 0.000000 0.000000 0.000000 1.000000</float_array>
     <technique_common>
      <accessor source="#jnt_spine3-Matrix-animation-output-transform-array" count="30" stride="16">
       <param type="float4x4"></param>
      </accessor>
     </technique_common>
    </source>
    <source id="jnt_spine3-Interpolations">
     <Name_array id="jnt_spine3-Interpolations-array" count="30">
 LINEAR LINEAR LINEAR LINEAR LINEAR LINEAR LINEAR LINEAR LINEAR LINEAR LINEAR
LINEAR LINEAR LINEAR LINEAR LINEAR LINEAR LINEAR LINEAR LINEAR LINEAR LINEAR LINEAR
LINEAR LINEAR LINEAR LINEAR LINEAR LINEAR LINEAR</Name_array>
     <technique_common>
      <accessor source="#jnt_spine3-Interpolations-array" count="30">
       <param type="name"></param>
      </accessor>
     </technique_common>
    </source>
    <sampler id="jnt_spine3-Matrix-animation-transform">
     <input semantic="INPUT" source="#jnt_spine3-Matrix-animation-input"></input>
     <input semantic="OUTPUT" source="#jnt_spine3-Matrix-animation-output-transform"></input>
     <input semantic="INTERPOLATION" source="#jnt_spine3-Interpolations"></input>
    </sampler>
    <channel source="#jnt_spine3-Matrix-animation-transform" target="jnt_spine3/matrix"></channel>
   </animation>
  </animation>
  <animation id="jnt_neck-anim" name="jnt_neck">
   <animation>
    <source id="jnt_neck-Matrix-animation-input">
     <float_array id="jnt_neck-Matrix-animation-input-array" count="30">

0.000000 0.033333 0.066667 0.100000 0.133333 0.166667 0.200000 0.233333 0.266667 0.300000 0.333333 0.366667 0.400000 0.433333 0.466667 0.500000
0.533333 0.566667 0.600000 0.633333 0.666667 0.700000 0.733333 0.766667 0.800000 0.833333 0.866667 0.900000 0.933333 0.966667</float_array>
     <technique_common>
      <accessor source="#jnt_neck-Matrix-animation-input-array" count="30">
       <param name="TIME" type="float"></param>
      </accessor>
     </technique_common>
    </source>
    <source id="jnt_neck-Matrix-animation-output-transform">
     <float_array id="jnt_neck-Matrix-animation-output-transform-array" count="480">

0.999409 -0.034365 -0.000000 0.867450 0.034365 0.999409 -0.000000 0.171573 0.000000 0.000000 1.000000 -0.000000 0.000000 0.000000 0.000000 1.000000
0.999409 -0.034365 -0.000000 0.867450 0.034365 0.999409 -0.000000 0.171573 0.000000 0.000000 1.000000 -0.000000 0.000000 0.000000 0.000000 1.000000
0.999409 -0.034365 -0.000000 0.867450 0.034365 0.999409 -0.000000 0.171573 0.000000 0.000000 1.000000 -0.000000 0.000000 0.000000 0.000000 1.000000
0.999409 -0.034365 -0.000000 0.867450 0.034365 0.999409 -0.000000 0.171573 0.000000 0.000000 1.000000 -0.000000 0.000000 0.000000 0.000000 1.000000
0.999409 -0.034365 -0.000000 0.867450 0.034365 0.999409 -0.000000 0.171573 0.000000 0.000000 1.000000 -0.000000 0.000000 0.000000 0.000000 1.000000
0.999409 -0.034365 -0.000000 0.867450 0.034365 0.999409 -0.000000 0.171573 0.000000 0.000000 1.000000 -0.000000 0.000000 0.000000 0.000000 1.000000
0.999409 -0.034365 -0.000000 0.867450 0.034365 0.999409 -0.000000 0.171573 0.000000 0.000000 1.000000 -0.000000 0.000000 0.000000 0.000000 1.000000
0.999409 -0.034365 -0.000000 0.867450 0.034365 0.999409 -0.000000 0.171573 0.000000 0.000000 1.000000 -0.000000 0.000000 0.000000 0.000000 1.000000
0.999409 -0.034365 -0.000000 0.867450 0.034365 0.999409 -0.000000 0.171573 0.000000 0.000000 1.000000 -0.000000 0.000000 0.000000 0.000000 1.000000
0.999409 -0.034365 -0.000000 0.867450 0.034365 0.999409 -0.000000 0.171573 0.000000 0.000000 1.000000 -0.000000 0.000000 0.000000 0.000000 1.000000
0.999409 -0.034365 -0.000000 0.867450 0.034365 0.999409 -0.000000 0.171573 0.000000 0.000000 1.000000 -0.000000 0.000000 0.000000 0.000000 1.000000
0.999409 -0.034365 -0.000000 0.867450 0.034365 0.999409 -0.000000 0.171573 0.000000 0.000000 1.000000 -0.000000 0.000000 0.000000 0.000000 1.000000
0.999409 -0.034365 -0.000000 0.867450 0.034365 0.999409 -0.000000 0.171573 0.000000 0.000000 1.000000 -0.000000 0.000000 0.000000 0.000000 1.000000
0.999409 -0.034365 -0.000000 0.867450 0.034365 0.999409 -0.000000 0.171573 0.000000 0.000000 1.000000 -0.000000 0.000000 0.000000 0.000000 1.000000
0.999409 -0.034365 -0.000000 0.867450 0.034365 0.999409 -0.000000 0.171573 0.000000 0.000000 1.000000 -0.000000 0.000000 0.000000 0.000000 1.000000
0.999409 -0.034365 -0.000000 0.867450 0.034365 0.999409 -0.000000 0.171573 0.000000 0.000000 1.000000 -0.000000 0.000000 0.000000 0.000000 1.000000
0.999409 -0.034365 -0.000000 0.867450 0.034365 0.999409 -0.000000 0.171573 0.000000 0.000000 1.000000 -0.000000 0.000000 0.000000 0.000000 1.000000
0.999409 -0.034365 -0.000000 0.867450 0.034365 0.999409 -0.000000 0.171573 0.000000 0.000000 1.000000 -0.000000 0.000000 0.000000 0.000000 1.000000
0.999409 -0.034365 -0.000000 0.867450 0.034365 0.999409 -0.000000 0.171573 0.000000 0.000000 1.000000 -0.000000 0.000000 0.000000 0.000000 1.000000
0.999409 -0.034365 -0.000000 0.867450 0.034365 0.999409 -0.000000 0.171573 0.000000 0.000000 1.000000 -0.000000 0.000000 0.000000 0.000000 1.000000
0.999409 -0.034365 -0.000000 0.867450 0.034365 0.999409 -0.000000 0.171573 0.000000 0.000000 1.000000 -0.000000 0.000000 0.000000 0.000000 1.000000
0.999409 -0.034365 -0.000000 0.867450 0.034365 0.999409 -0.000000 0.171573 0.000000 0.000000 1.000000 -0.000000 0.000000 0.000000 0.000000 1.000000
0.999409 -0.034365 -0.000000 0.867450 0.034365 0.999409 -0.000000 0.171573 0.000000 0.000000 1.000000 -0.000000 0.000000 0.000000 0.000000 1.000000
0.999409 -0.034365 -0.000000 0.867450 0.034365 0.999409 -0.000000 0.171573 0.000000 0.000000 1.000000 -0.000000 0.000000 0.000000 0.000000 1.000000
0.999409 -0.034365 -0.000000 0.867450 0.034365 0.999409 -0.000000 0.171573 0.000000 0.000000 1.000000 -0.000000 0.000000 0.000000 0.000000 1.000000
0.999409 -0.034365 -0.000000 0.867450 0.034365 0.999409 -0.000000 0.171573 0.000000 0.000000 1.000000 -0.000000 0.000000 0.000000 0.000000 1.000000
0.999409 -0.034365 -0.000000 0.867450 0.034365 0.999409 -0.000000 0.171573 0.000000 0.000000 1.000000 -0.000000 0.000000 0.000000 0.000000 1.000000
0.999409 -0.034365 -0.000000 0.867450 0.034365 0.999409 -0.000000 0.171573 0.000000 0.000000 1.000000 -0.000000 0.000000 0.000000 0.000000 1.000000
0.999409 -0.034365 -0.000000 0.867450 0.034365 0.999409 -0.000000 0.171573 0.000000 0.000000 1.000000 -0.000000 0.000000 0.000000 0.000000 1.000000
0.999409 -0.034365 -0.000000 0.867450 0.034365 0.999409 -0.000000 0.171573 0.000000 0.000000 1.000000 -0.000000 0.000000 0.000000 0.000000 1.000000</float_array>
     <technique_common>
      <accessor source="#jnt_neck-Matrix-animation-output-transform-array" count="30" stride="16">
       <param type="float4x4"></param>
      </accessor>
     </technique_common>
    </source>
    <source id="jnt_neck-Interpolations">
     <Name_array id="jnt_neck-Interpolations-array" count="30">
 LINEAR LINEAR LINEAR LINEAR LINEAR LINEAR LINEAR LINEAR LINEAR LINEAR LINEAR
LINEAR LINEAR LINEAR LINEAR LINEAR LINEAR LINEAR LINEAR LINEAR LINEAR LINEAR LINEAR
LINEAR LINEAR LINEAR LINEAR LINEAR LINEAR LINEAR</Name_array>
     <technique_common>
      <accessor source="#jnt_neck-Interpolations-array" count="30">
       <param type="name"></param>
      </accessor>
     </technique_common>
    </source>
    <sampler id="jnt_neck-Matrix-animation-transform">
     <input semantic="INPUT" source="#jnt_neck-Matrix-animation-input"></input>
     <input semantic="OUTPUT" source="#jnt_neck-Matrix-animation-output-transform"></input>
     <input semantic="INTERPOLATION" source="#jnt_neck-Interpolations"></input>
    </sampler>
    <channel source="#jnt_neck-Matrix-animation-transform" target="jnt_neck/matrix"></channel>
   </animation>
  </animation>
  <animation id="jnt_head-anim" name="jnt_head">
   <animation>
    <source id="jnt_head-Matrix-animation-input">
     <float_array id="jnt_head-Matrix-animation-input-array" count="30">

0.000000 0.033333 0.066667 0.100000 0.133333 0.166667 0.200000 0.233333 0.266667 0.300000 0.333333 0.366667 0.400000 0.433333 0.466667 0.500000
0.533333 0.566667 0.600000 0.633333 0.666667 0.700000 0.733333 0.766667 0.800000 0.833333 0.866667 0.900000 0.933333 0.966667</float_array>
     <technique_common>
      <accessor source="#jnt_head-Matrix-animation-input-array" count="30">
       <param name="TIME" type="float"></param>
      </accessor>
     </technique_common>
    </source>
    <source id="jnt_head-Matrix-animation-output-transform">
     <float_array id="jnt_head-Matrix-animation-output-transform-array" count="480">

0.999537 -0.030417 -0.000001 0.273591 0.030417 0.999537 0.000000 0.000002 0.000001 -0.000000 1.000000 -0.000000 0.000000 0.000000 0.000000 1.000000
0.999537 -0.030417 -0.000001 0.273591 0.030417 0.999537 0.000000 0.000002 0.000001 -0.000000 1.000000 -0.000000 0.000000 0.000000 0.000000 1.000000
0.999537 -0.030417 -0.000001 0.273591 0.030417 0.999537 0.000000 0.000002 0.000001 -0.000000 1.000000 -0.000000 0.000000 0.000000 0.000000 1.000000
0.999537 -0.030417 -0.000001 0.273591 0.030417 0.999537 0.000000 0.000002 0.000001 -0.000000 1.000000 -0.000000 0.000000 0.000000 0.000000 1.000000
0.999537 -0.030417 -0.000001 0.273591 0.030417 0.999537 0.000000 0.000002 0.000001 -0.000000 1.000000 -0.000000 0.000000 0.000000 0.000000 1.000000
0.999537 -0.030417 -0.000001 0.273591 0.030417 0.999537 0.000000 0.000002 0.000001 -0.000000 1.000000 -0.000000 0.000000 0.000000 0.000000 1.000000
0.999537 -0.030417 -0.000001 0.273591 0.030417 0.999537 0.000000 0.000002 0.000001 -0.000000 1.000000 -0.000000 0.000000 0.000000 0.000000 1.000000
0.999537 -0.030417 -0.000001 0.273591 0.030417 0.999537 0.000000 0.000002 0.000001 -0.000000 1.000000 -0.000000 0.000000 0.000000 0.000000 1.000000
0.999537 -0.030417 -0.000001 0.273591 0.030417 0.999537 0.000000 0.000002 0.000001 -0.000000 1.000000 -0.000000 0.000000 0.000000 0.000000 1.000000
0.999537 -0.030417 -0.000001 0.273591 0.030417 0.999537 0.000000 0.000002 0.000001 -0.000000 1.000000 -0.000000 0.000000 0.000000 0.000000 1.000000
0.999537 -0.030417 -0.000001 0.273591 0.030417 0.999537 0.000000 0.000002 0.000001 -0.000000 1.000000 -0.000000 0.000000 0.000000 0.000000 1.000000
0.999537 -0.030417 -0.000001 0.273591 0.030417 0.999537 0.000000 0.000002 0.000001 -0.000000 1.000000 -0.000000 0.000000 0.000000 0.000000 1.000000
0.999537 -0.030417 -0.000001 0.273591 0.030417 0.999537 0.000000 0.000002 0.000001 -0.000000 1.000000 -0.000000 0.000000 0.000000 0.000000 1.000000
0.999537 -0.030417 -0.000001 0.273591 0.030417 0.999537 0.000000 0.000002 0.000001 -0.000000 1.000000 -0.000000 0.000000 0.000000 0.000000 1.000000
0.999537 -0.030417 -0.000001 0.273591 0.030417 0.999537 0.000000 0.000002 0.000001 -0.000000 1.000000 -0.000000 0.000000 0.000000 0.000000 1.000000
0.999537 -0.030417 -0.000001 0.273591 0.030417 0.999537 0.000000 0.000002 0.000001 -0.000000 1.000000 -0.000000 0.000000 0.000000 0.000000 1.000000
0.999537 -0.030417 -0.000001 0.273591 0.030417 0.999537 0.000000 0.000002 0.000001 -0.000000 1.000000 -0.000000 0.000000 0.000000 0.000000 1.000000
0.999537 -0.030417 -0.000001 0.273591 0.030417 0.999537 0.000000 0.000002 0.000001 -0.000000 1.000000 -0.000000 0.000000 0.000000 0.000000 1.000000
0.999537 -0.030417 -0.000001 0.273591 0.030417 0.999537 0.000000 0.000002 0.000001 -0.000000 1.000000 -0.000000 0.000000 0.000000 0.000000 1.000000
0.999537 -0.030417 -0.000001 0.273591 0.030417 0.999537 0.000000 0.000002 0.000001 -0.000000 1.000000 -0.000000 0.000000 0.000000 0.000000 1.000000
0.999537 -0.030417 -0.000001 0.273591 0.030417 0.999537 0.000000 0.000002 0.000001 -0.000000 1.000000 -0.000000 0.000000 0.000000 0.000000 1.000000
0.999537 -0.030417 -0.000001 0.273591 0.030417 0.999537 0.000000 0.000002 0.000001 -0.000000 1.000000 -0.000000 0.000000 0.000000 0.000000 1.000000
0.999537 -0.030417 -0.000001 0.273591 0.030417 0.999537 0.000000 0.000002 0.000001 -0.000000 1.000000 -0.000000 0.000000 0.000000 0.000000 1.000000
0.999537 -0.030417 -0.000001 0.273591 0.030417 0.999537 0.000000 0.000002 0.000001 -0.000000 1.000000 -0.000000 0.000000 0.000000 0.000000 1.000000
0.999537 -0.030417 -0.000001 0.273591 0.030417 0.999537 0.000000 0.000002 0.000001 -0.000000 1.000000 -0.000000 0.000000 0.000000 0.000000 1.000000
0.999537 -0.030417 -0.000001 0.273591 0.030417 0.999537 0.000000 0.000002 0.000001 -0.000000 1.000000 -0.000000 0.000000 0.000000 0.000000 1.000000
0.999537 -0.030417 -0.000001 0.273591 0.030417 0.999537 0.000000 0.000002 0.000001 -0.000000 1.000000 -0.000000 0.000000 0.000000 0.000000 1.000000
0.999537 -0.030417 -0.000001 0.273591 0.030417 0.999537 0.000000 0.000002 0.000001 -0.000000 1.000000 -0.000000 0.000000 0.000000 0.000000 1.000000
0.999537 -0.030417 -0.000001 0.273591 0.030417 0.999537 0.000000 0.000002 0.000001 -0.000000 1.000000 -0.000000 0.000000 0.000000 0.000000 1.000000
0.999537 -0.030417 -0.000001 0.273591 0.030417 0.999537 0.000000 0.000002 0.000001 -0.000000 1.000000 -0.000000 0.000000 0.000000 0.000000 1.000000</float_array>
     <technique_common>
      <accessor source="#jnt_head-Matrix-animation-output-transform-array" count="30" stride="16">
       <param type="float4x4"></param>
      </accessor>
     </technique_common>
    </source>
    <source id="jnt_head-Interpolations">
     <Name_array id="jnt_head-Interpolations-array" count="30">
 LINEAR LINEAR LINEAR LINEAR LINEAR LINEAR LINEAR LINEAR LINEAR LINEAR LINEAR
LINEAR LINEAR LINEAR LINEAR LINEAR LINEAR LINEAR LINEAR LINEAR LINEAR LINEAR LINEAR
LINEAR LINEAR LINEAR LINEAR LINEAR LINEAR LINEAR</Name_array>
     <technique_common>
      <accessor source="#jnt_head-Interpolations-array" count="30">
       <param type="name"></param>
      </accessor>
     </technique_common>
    </source>
    <sampler id="jnt_head-Matrix-animation-transform">
     <input semantic="INPUT" source="#jnt_head-Matrix-animation-input"></input>
     <input semantic="OUTPUT" source="#jnt_head-Matrix-animation-output-transform"></input>
     <input semantic="INTERPOLATION" source="#jnt_head-Interpolations"></input>
    </sampler>
    <channel source="#jnt_head-Matrix-animation-transform" target="jnt_head/matrix"></channel>
   </animation>
  </animation>
  <animation id="jnt_headappend-anim" name="jnt_headappend">
   <animation>
    <source id="jnt_headappend-Matrix-animation-input">
     <float_array id="jnt_headappend-Matrix-animation-input-array" count="30">

0.000000 0.033333 0.066667 0.100000 0.133333 0.166667 0.200000 0.233333 0.266667 0.300000 0.333333 0.366667 0.400000 0.433333 0.466667 0.500000
0.533333 0.566667 0.600000 0.633333 0.666667 0.700000 0.733333 0.766667 0.800000 0.833333 0.866667 0.900000 0.933333 0.966667</float_array>
     <technique_common>
      <accessor source="#jnt_headappend-Matrix-animation-input-array" count="30">
       <param name="TIME" type="float"></param>
      </accessor>
     </technique_common>
    </source>
    <source id="jnt_headappend-Matrix-animation-output-transform">
     <float_array id="jnt_headappend-Matrix-animation-output-transform-array" count="480">

1.000000 0.000000 -0.000000 0.000001 -0.000000 1.000000 0.000000 0.000000 0.000000 -0.000000 1.000000 -0.000000 0.000000 0.000000 0.000000 1.000000
1.000000 0.000000 -0.000000 0.000001 -0.000000 1.000000 0.000000 0.000000 0.000000 -0.000000 1.000000 -0.000000 0.000000 0.000000 0.000000 1.000000
1.000000 0.000000 -0.000000 0.000001 -0.000000 1.000000 0.000000 0.000000 0.000000 -0.000000 1.000000 -0.000000 0.000000 0.000000 0.000000 1.000000
1.000000 0.000000 -0.000000 0.000001 -0.000000 1.000000 0.000000 0.000000 0.000000 -0.000000 1.000000 -0.000000 0.000000 0.000000 0.000000 1.000000
1.000000 0.000000 -0.000000 0.000001 -0.000000 1.000000 0.000000 0.000000 0.000000 -0.000000 1.000000 -0.000000 0.000000 0.000000 0.000000 1.000000
1.000000 0.000000 -0.000000 0.000001 -0.000000 1.000000 0.000000 0.000000 0.000000 -0.000000 1.000000 -0.000000 0.000000 0.000000 0.000000 1.000000
1.000000 0.000000 -0.000000 0.000001 -0.000000 1.000000 0.000000 0.000000 0.000000 -0.000000 1.000000 -0.000000 0.000000 0.000000 0.000000 1.000000
1.000000 0.000000 -0.000000 0.000001 -0.000000 1.000000 0.000000 0.000000 0.000000 -0.000000 1.000000 -0.000000 0.000000 0.000000 0.000000 1.000000
1.000000 0.000000 -0.000000 0.000001 -0.000000 1.000000 0.000000 0.000000 0.000000 -0.000000 1.000000 -0.000000 0.000000 0.000000 0.000000 1.000000
1.000000 0.000000 -0.000000 0.000001 -0.000000 1.000000 0.000000 0.000000 0.000000 -0.000000 1.000000 -0.000000 0.000000 0.000000 0.000000 1.000000
1.000000 0.000000 -0.000000 0.000001 -0.000000 1.000000 0.000000 0.000000 0.000000 -0.000000 1.000000 -0.000000 0.000000 0.000000 0.000000 1.000000
1.000000 0.000000 -0.000000 0.000001 -0.000000 1.000000 0.000000 0.000000 0.000000 -0.000000 1.000000 -0.000000 0.000000 0.000000 0.000000 1.000000
1.000000 0.000000 -0.000000 0.000001 -0.000000 1.000000 0.000000 0.000000 0.000000 -0.000000 1.000000 -0.000000 0.000000 0.000000 0.000000 1.000000
1.000000 0.000000 -0.000000 0.000001 -0.000000 1.000000 0.000000 0.000000 0.000000 -0.000000 1.000000 -0.000000 0.000000 0.000000 0.000000 1.000000
1.000000 0.000000 -0.000000 0.000001 -0.000000 1.000000 0.000000 0.000000 0.000000 -0.000000 1.000000 -0.000000 0.000000 0.000000 0.000000 1.000000
1.000000 0.000000 -0.000000 0.000001 -0.000000 1.000000 0.000000 0.000000 0.000000 -0.000000 1.000000 -0.000000 0.000000 0.000000 0.000000 1.000000
1.000000 0.000000 -0.000000 0.000001 -0.000000 1.000000 0.000000 0.000000 0.000000 -0.000000 1.000000 -0.000000 0.000000 0.000000 0.000000 1.000000
1.000000 0.000000 -0.000000 0.000001 -0.000000 1.000000 0.000000 0.000000 0.000000 -0.000000 1.000000 -0.000000 0.000000 0.000000 0.000000 1.000000
1.000000 0.000000 -0.000000 0.000001 -0.000000 1.000000 0.000000 0.000000 0.000000 -0.000000 1.000000 -0.000000 0.000000 0.000000 0.000000 1.000000
1.000000 0.000000 -0.000000 0.000001 -0.000000 1.000000 0.000000 0.000000 0.000000 -0.000000 1.000000 -0.000000 0.000000 0.000000 0.000000 1.000000
1.000000 0.000000 -0.000000 0.000001 -0.000000 1.000000 0.000000 0.000000 0.000000 -0.000000 1.000000 -0.000000 0.000000 0.000000 0.000000 1.000000
1.000000 0.000000 -0.000000 0.000001 -0.000000 1.000000 0.000000 0.000000 0.000000 -0.000000 1.000000 -0.000000 0.000000 0.000000 0.000000 1.000000
1.000000 0.000000 -0.000000 0.000001 -0.000000 1.000000 0.000000 0.000000 0.000000 -0.000000 1.000000 -0.000000 0.000000 0.000000 0.000000 1.000000
1.000000 0.000000 -0.000000 0.000001 -0.000000 1.000000 0.000000 0.000000 0.000000 -0.000000 1.000000 -0.000000 0.000000 0.000000 0.000000 1.000000
1.000000 0.000000 -0.000000 0.000001 -0.000000 1.000000 0.000000 0.000000 0.000000 -0.000000 1.000000 -0.000000 0.000000 0.000000 0.000000 1.000000
1.000000 0.000000 -0.000000 0.000001 -0.000000 1.000000 0.000000 0.000000 0.000000 -0.000000 1.000000 -0.000000 0.000000 0.000000 0.000000 1.000000
1.000000 0.000000 -0.000000 0.000001 -0.000000 1.000000 0.000000 0.000000 0.000000 -0.000000 1.000000 -0.000000 0.000000 0.000000 0.000000 1.000000
1.000000 0.000000 -0.000000 0.000001 -0.000000 1.000000 0.000000 0.000000 0.000000 -0.000000 1.000000 -0.000000 0.000000 0.000000 0.000000 1.000000
1.000000 0.000000 -0.000000 0.000001 -0.000000 1.000000 0.000000 0.000000 0.000000 -0.000000 1.000000 -0.000000 0.000000 0.000000 0.000000 1.000000
1.000000 0.000000 -0.000000 0.000001 -0.000000 1.000000 0.000000 0.000000 0.000000 -0.000000 1.000000 -0.000000 0.000000 0.000000 0.000000 1.000000</float_array>
     <technique_common>
      <accessor source="#jnt_headappend-Matrix-animation-output-transform-array" count="30" stride="16">
       <param type="float4x4"></param>
      </accessor>
     </technique_common>
    </source>
    <source id="jnt_headappend-Interpolations">
     <Name_array id="jnt_headappend-Interpolations-array" count="30">
 LINEAR LINEAR LINEAR LINEAR LINEAR LINEAR LINEAR LINEAR LINEAR LINEAR LINEAR
LINEAR LINEAR LINEAR LINEAR LINEAR LINEAR LINEAR LINEAR LINEAR LINEAR LINEAR LINEAR
LINEAR LINEAR LINEAR LINEAR LINEAR LINEAR LINEAR</Name_array>
     <technique_common>
      <accessor source="#jnt_headappend-Interpolations-array" count="30">
       <param type="name"></param>
      </accessor>
     </technique_common>
    </source>
    <sampler id="jnt_headappend-Matrix-animation-transform">
     <input semantic="INPUT" source="#jnt_headappend-Matrix-animation-input"></input>
     <input semantic="OUTPUT" source="#jnt_headappend-Matrix-animation-output-transform"></input>
     <input semantic="INTERPOLATION" source="#jnt_headappend-Interpolations"></input>
    </sampler>
    <channel source="#jnt_headappend-Matrix-animation-transform" target="jnt_headappend/matrix"></channel>
   </animation>
  </animation>
  <animation id="jnt_left_armroot-anim" name="jnt_left_armroot">
   <animation>
    <source id="jnt_left_armroot-Matrix-animation-input">
     <float_array id="jnt_left_armroot-Matrix-animation-input-array" count="30">

0.000000 0.033333 0.066667 0.100000 0.133333 0.166667 0.200000 0.233333 0.266667 0.300000 0.333333 0.366667 0.400000 0.433333 0.466667 0.500000
0.533333 0.566667 0.600000 0.633333 0.666667 0.700000 0.733333 0.766667 0.800000 0.833333 0.866667 0.900000 0.933333 0.966667</float_array>
     <technique_common>
      <accessor source="#jnt_left_armroot-Matrix-animation-input-array" count="30">
       <param name="TIME" type="float"></param>
      </accessor>
     </technique_common>
    </source>
    <source id="jnt_left_armroot-Matrix-animation-output-transform">
     <float_array id="jnt_left_armroot-Matrix-animation-output-transform-array" count="480">

0.999937 -0.010412 -0.004204 -0.857250 0.010594 0.998888 0.045934 0.597269 0.003721 -0.045975 0.998936 -0.437203 0.000000 0.000000 0.000000 1.000000
0.999937 -0.010412 -0.004204 -0.857250 0.010594 0.998888 0.045934 0.597269 0.003721 -0.045975 0.998936 -0.437203 0.000000 0.000000 0.000000 1.000000
0.999937 -0.010412 -0.004204 -0.857250 0.010594 0.998888 0.045934 0.597269 0.003721 -0.045975 0.998936 -0.437203 0.000000 0.000000 0.000000 1.000000
0.999937 -0.010412 -0.004204 -0.857250 0.010594 0.998888 0.045934 0.597269 0.003721 -0.045975 0.998936 -0.437203 0.000000 0.000000 0.000000 1.000000
0.999937 -0.010412 -0.004204 -0.857250 0.010594 0.998888 0.045934 0.597269 0.003721 -0.045975 0.998936 -0.437203 0.000000 0.000000 0.000000 1.000000
0.999937 -0.010412 -0.004204 -0.857250 0.010594 0.998888 0.045934 0.597269 0.003721 -0.045975 0.998936 -0.437203 0.000000 0.000000 0.000000 1.000000
0.999937 -0.010412 -0.004204 -0.862738 0.010594 0.998888 0.045934 0.609514 0.003721 -0.045975 0.998936 -0.437728 0.000000 0.000000 0.000000 1.000000
0.999937 -0.010412 -0.004204 -0.899588 0.010594 0.998888 0.045934 0.691732 0.003721 -0.045975 0.998936 -0.441252 0.000000 0.000000 0.000000 1.000000
0.999937 -0.010412 -0.004204 -0.955254 0.010594 0.998888 0.045934 0.815934 0.003721 -0.045975 0.998936 -0.446576 0.000000 0.000000 0.000000 1.000000
0.999937 -0.010412 -0.004204 -1.010921 0.010594 0.998888 0.045934 0.940136 0.003721 -0.045975 0.998936 -0.451899 0.000000 0.000000 0.000000 1.000000
0.999937 -0.010412 -0.004204 -1.047771 0.010594 0.998888 0.045934 1.022354 0.003721 -0.045975 0.998936 -0.455423 0.000000 0.000000 0.000000 1.000000
0.999937 -0.010412 -0.004204 -1.047771 0.010594 0.998888 0.045934 1.022354 0.003721 -0.045975 0.998936 -0.455423 0.000000 0.000000 0.000000 1.000000
0.999937 -0.010412 -0.004204 -1.010921 0.010594 0.998888 0.045934 0.940136 0.003721 -0.045975 0.998936 -0.451899 0.000000 0.000000 0.000000 1.000000
0.999937 -0.010412 -0.004204 -0.955254 0.010594 0.998888 0.045934 0.815934 0.003721 -0.045975 0.998936 -0.446576 0.000000 0.000000 0.000000 1.000000
0.999937 -0.010412 -0.004204 -0.899588 0.010594 0.998888 0.045934 0.691732 0.003721 -0.045975 0.998936 -0.441252 0.000000 0.000000 0.000000 1.000000
0.999937 -0.010412 -0.004204 -0.862738 0.010594 0.998888 0.045934 0.609514 0.003721 -0.045975 0.998936 -0.437728 0.000000 0.000000 0.000000 1.000000
0.999937 -0.010412 -0.004204 -0.857250 0.010594 0.998888 0.045934 0.597269 0.003721 -0.045975 0.998936 -0.437203 0.000000 0.000000 0.000000 1.000000
0.999937 -0.010412 -0.004204 -0.857250 0.010594 0.998888 0.045934 0.597269 0.003721 -0.045975 0.998936 -0.437203 0.000000 0.000000 0.000000 1.000000
0.999937 -0.010412 -0.004204 -0.857250 0.010594 0.998888 0.045934 0.597269 0.003721 -0.045975 0.998936 -0.437203 0.000000 0.000000 0.000000 1.000000
0.999937 -0.010412 -0.004204 -0.857250 0.010594 0.998888 0.045934 0.597269 0.003721 -0.045975 0.998936 -0.437203 0.000000 0.000000 0.000000 1.000000
0.999937 -0.010412 -0.004204 -0.857250 0.010594 0.998888 0.045934 0.597269 0.003721 -0.045975 0.998936 -0.437203 0.000000 0.000000 0.000000 1.000000
0.999937 -0.010412 -0.004204 -0.857250 0.010594 0.998888 0.045934 0.597269 0.003721 -0.045975 0.998936 -0.437203 0.000000 0.000000 0.000000 1.000000
0.999937 -0.010412 -0.004204 -0.857250 0.010594 0.998888 0.045934 0.597269 0.003721 -0.045975 0.998936 -0.437203 0.000000 0.000000 0.000000 1.000000
0.999937 -0.010412 -0.004204 -0.857250 0.010594 0.998888 0.045934 0.597269 0.003721 -0.045975 0.998936 -0.437203 0.000000 0.000000 0.000000 1.000000
0.999937 -0.010412 -0.004204 -0.857250 0.010594 0.998888 0.045934 0.597269 0.003721 -0.045975 0.998936 -0.437203 0.000000 0.000000 0.000000 1.000000
0.999937 -0.010412 -0.004204 -0.857250 0.010594 0.998888 0.045934 0.597269 0.003721 -0.045975 0.998936 -0.437203 0.000000 0.000000 0.000000 1.000000
0.999937 -0.010412 -0.004204 -0.857250 0.010594 0.998888 0.045934 0.597269 0.003721 -0.045975 0.998936 -0.437203 0.000000 0.000000 0.000000 1.000000
0.999937 -0.010412 -0.004204 -0.857250 0.010594 0.998888 0.045934 0.597269 0.003721 -0.045975 0.998936 -0.437203 0.000000 0.000000 0.000000 1.000000
0.999937 -0.010412 -0.004204 -0.857250 0.010594 0.998888 0.045934 0.597269 0.003721 -0.045975 0.998936 -0.437203 0.000000 0.000000 0.000000 1.000000
0.999937 -0.010412 -0.004204 -0.857250 0.010594 0.998888 0.045934 0.597269 0.003721 -0.045975 0.998936 -0.437203 0.000000 0.000000 0.000000 1.000000</float_array>
     <technique_common>
      <accessor source="#jnt_left_armroot-Matrix-animation-output-transform-array" count="30" stride="16">
       <param type="float4x4"></param>
      </accessor>
     </technique_common>
    </source>
    <source id="jnt_left_armroot-Interpolations">
     <Name_array id="jnt_left_armroot-Interpolations-array" count="30">
 LINEAR LINEAR LINEAR LINEAR LINEAR LINEAR LINEAR LINEAR LINEAR LINEAR LINEAR
LINEAR LINEAR LINEAR LINEAR LINEAR LINEAR LINEAR LINEAR LINEAR LINEAR LINEAR LINEAR
LINEAR LINEAR LINEAR LINEAR LINEAR LINEAR LINEAR</Name_array>
     <technique_common>
      <accessor source="#jnt_left_armroot-Interpolations-array" count="30">
       <param type="name"></param>
      </accessor>
     </technique_common>
    </source>
    <sampler id="jnt_left_armroot-Matrix-animation-transform">
     <input semantic="INPUT" source="#jnt_left_armroot-Matrix-animation-input"></input>
     <input semantic="OUTPUT" source="#jnt_left_armroot-Matrix-animation-output-transform"></input>
     <input semantic="INTERPOLATION" source="#jnt_left_armroot-Interpolations"></input>
    </sampler>
    <channel source="#jnt_left_armroot-Matrix-animation-transform" target="jnt_left_armroot/matrix"></channel>
   </animation>
  </animation>
  <animation id="jnt_left_shoulder-anim" name="jnt_left_shoulder">
   <animation>
    <source id="jnt_left_shoulder-Matrix-animation-input">
     <float_array id="jnt_left_shoulder-Matrix-animation-input-array" count="30">

0.000000 0.033333 0.066667 0.100000 0.133333 0.166667 0.200000 0.233333 0.266667 0.300000 0.333333 0.366667 0.400000 0.433333 0.466667 0.500000
0.533333 0.566667 0.600000 0.633333 0.666667 0.700000 0.733333 0.766667 0.800000 0.833333 0.866667 0.900000 0.933333 0.966667</float_array>
     <technique_common>
      <accessor source="#jnt_left_shoulder-Matrix-animation-input-array" count="30">
       <param name="TIME" type="float"></param>
      </accessor>
     </technique_common>
    </source>
    <source id="jnt_left_shoulder-Matrix-animation-output-transform">
     <float_array id="jnt_left_shoulder-Matrix-animation-output-transform-array" count="480">

-0.019289 0.092831 -0.995495 0.635987 0.352002 -0.931301 -0.093665 0.114390 -0.935800 -0.352223 -0.014713 0.266187 0.000000 0.000000 0.000000 1.000000
-0.019289 0.092831 -0.995495 0.635987 0.352002 -0.931301 -0.093665 0.114390 -0.935800 -0.352223 -0.014713 0.266187 0.000000 0.000000 0.000000 1.000000
-0.019289 0.092831 -0.995495 0.635987 0.352002 -0.931301 -0.093665 0.114390 -0.935800 -0.352223 -0.014713 0.266187 0.000000 0.000000 0.000000 1.000000
-0.019289 0.092831 -0.995495 0.635987 0.352002 -0.931301 -0.093665 0.114390 -0.935800 -0.352223 -0.014713 0.266187 0.000000 0.000000 0.000000 1.000000
-0.019289 0.092831 -0.995495 0.635987 0.352002 -0.931301 -0.093665 0.114390 -0.935800 -0.352223 -0.014713 0.266187 0.000000 0.000000 0.000000 1.000000
-0.019289 0.092831 -0.995495 0.635987 0.352002 -0.931301 -0.093665 0.114390 -0.935800 -0.352223 -0.014713 0.266187 0.000000 0.000000 0.000000 1.000000
-0.019289 0.092831 -0.995495 0.635987 0.352002 -0.931301 -0.093665 0.114390 -0.935800 -0.352223 -0.014713 0.266187 0.000000 0.000000 0.000000 1.000000
-0.019289 0.092831 -0.995495 0.635987 0.352002 -0.931301 -0.093665 0.114390 -0.935800 -0.352223 -0.014713 0.266187 0.000000 0.000000 0.000000 1.000000
-0.019289 0.092831 -0.995495 0.635987 0.352002 -0.931301 -0.093665 0.114390 -0.935800 -0.352223 -0.014713 0.266187 0.000000 0.000000 0.000000 1.000000
-0.019289 0.092831 -0.995495 0.635988 0.352002 -0.931301 -0.093665 0.114390 -0.935800 -0.352223 -0.014713 0.266187 0.000000 0.000000 0.000000 1.000000
-0.019289 0.092831 -0.995495 0.635987 0.352002 -0.931301 -0.093665 0.114390 -0.935800 -0.352223 -0.014713 0.266187 0.000000 0.000000 0.000000 1.000000
-0.019289 0.092831 -0.995495 0.635987 0.352002 -0.931301 -0.093665 0.114390 -0.935800 -0.352223 -0.014713 0.266187 0.000000 0.000000 0.000000 1.000000
-0.019289 0.092831 -0.995495 0.635988 0.352002 -0.931301 -0.093665 0.114390 -0.935800 -0.352223 -0.014713 0.266187 0.000000 0.000000 0.000000 1.000000
-0.019289 0.092831 -0.995495 0.635987 0.352002 -0.931301 -0.093665 0.114390 -0.935800 -0.352223 -0.014713 0.266187 0.000000 0.000000 0.000000 1.000000
-0.019289 0.092831 -0.995495 0.635987 0.352002 -0.931301 -0.093665 0.114390 -0.935800 -0.352223 -0.014713 0.266187 0.000000 0.000000 0.000000 1.000000
-0.019289 0.092831 -0.995495 0.635987 0.352002 -0.931301 -0.093665 0.114390 -0.935800 -0.352223 -0.014713 0.266187 0.000000 0.000000 0.000000 1.000000
-0.019289 0.092831 -0.995495 0.635987 0.352002 -0.931301 -0.093665 0.114390 -0.935800 -0.352223 -0.014713 0.266187 0.000000 0.000000 0.000000 1.000000
-0.019289 0.092831 -0.995495 0.635987 0.352002 -0.931301 -0.093665 0.114390 -0.935800 -0.352223 -0.014713 0.266187 0.000000 0.000000 0.000000 1.000000
-0.019289 0.092831 -0.995495 0.635987 0.352002 -0.931301 -0.093665 0.114390 -0.935800 -0.352223 -0.014713 0.266187 0.000000 0.000000 0.000000 1.000000
-0.019289 0.092831 -0.995495 0.635987 0.352002 -0.931301 -0.093665 0.114390 -0.935800 -0.352223 -0.014713 0.266187 0.000000 0.000000 0.000000 1.000000
-0.019289 0.092831 -0.995495 0.635987 0.352002 -0.931301 -0.093665 0.114390 -0.935800 -0.352223 -0.014713 0.266187 0.000000 0.000000 0.000000 1.000000
-0.019289 0.092831 -0.995495 0.635987 0.352002 -0.931301 -0.093665 0.114390 -0.935800 -0.352223 -0.014713 0.266187 0.000000 0.000000 0.000000 1.000000
-0.019289 0.092831 -0.995495 0.635987 0.352002 -0.931301 -0.093665 0.114390 -0.935800 -0.352223 -0.014713 0.266187 0.000000 0.000000 0.000000 1.000000
-0.019289 0.092831 -0.995495 0.635987 0.352002 -0.931301 -0.093665 0.114390 -0.935800 -0.352223 -0.014713 0.266187 0.000000 0.000000 0.000000 1.000000
-0.019289 0.092831 -0.995495 0.635987 0.352002 -0.931301 -0.093665 0.114390 -0.935800 -0.352223 -0.014713 0.266187 0.000000 0.000000 0.000000 1.000000
-0.019289 0.092831 -0.995495 0.635987 0.352002 -0.931301 -0.093665 0.114390 -0.935800 -0.352223 -0.014713 0.266187 0.000000 0.000000 0.000000 1.000000
-0.019289 0.092831 -0.995495 0.635987 0.352002 -0.931301 -0.093665 0.114390 -0.935800 -0.352223 -0.014713 0.266187 0.000000 0.000000 0.000000 1.000000
-0.019289 0.092831 -0.995495 0.635987 0.352002 -0.931301 -0.093665 0.114390 -0.935800 -0.352223 -0.014713 0.266187 0.000000 0.000000 0.000000 1.000000
-0.019289 0.092831 -0.995495 0.635987 0.352002 -0.931301 -0.093665 0.114390 -0.935800 -0.352223 -0.014713 0.266187 0.000000 0.000000 0.000000 1.000000
-0.019289 0.092831 -0.995495 0.635987 0.352002 -0.931301 -0.093665 0.114390 -0.935800 -0.352223 -0.014713 0.266187 0.000000 0.000000 0.000000 1.000000</float_array>
     <technique_common>
      <accessor source="#jnt_left_shoulder-Matrix-animation-output-transform-array" count="30" stride="16">
       <param type="float4x4"></param>
      </accessor>
     </technique_common>
    </source>
    <source id="jnt_left_shoulder-Interpolations">
     <Name_array id="jnt_left_shoulder-Interpolations-array" count="30">
 LINEAR LINEAR LINEAR LINEAR LINEAR LINEAR LINEAR LINEAR LINEAR LINEAR LINEAR
LINEAR LINEAR LINEAR LINEAR LINEAR LINEAR LINEAR LINEAR LINEAR LINEAR LINEAR LINEAR
LINEAR LINEAR LINEAR LINEAR LINEAR LINEAR LINEAR</Name_array>
     <technique_common>
      <accessor source="#jnt_left_shoulder-Interpolations-array" count="30">
       <param type="name"></param>
      </accessor>
     </technique_common>
    </source>
    <sampler id="jnt_left_shoulder-Matrix-animation-transform">
     <input semantic="INPUT" source="#jnt_left_shoulder-Matrix-animation-input"></input>
     <input semantic="OUTPUT" source="#jnt_left_shoulder-Matrix-animation-output-transform"></input>
     <input semantic="INTERPOLATION" source="#jnt_left_shoulder-Interpolations"></input>
    </sampler>
    <channel source="#jnt_left_shoulder-Matrix-animation-transform" target="jnt_left_shoulder/matrix"></channel>
   </animation>
  </animation>
  <animation id="jnt_left_arm-anim" name="jnt_left_arm">
   <animation>
    <source id="jnt_left_arm-Matrix-animation-input">
     <float_array id="jnt_left_arm-Matrix-animation-input-array" count="30">

0.000000 0.033333 0.066667 0.100000 0.133333 0.166667 0.200000 0.233333 0.266667 0.300000 0.333333 0.366667 0.400000 0.433333 0.466667 0.500000
0.533333 0.566667 0.600000 0.633333 0.666667 0.700000 0.733333 0.766667 0.800000 0.833333 0.866667 0.900000 0.933333 0.966667</float_array>
     <technique_common>
      <accessor source="#jnt_left_arm-Matrix-animation-input-array" count="30">
       <param name="TIME" type="float"></param>
      </accessor>
     </technique_common>
    </source>
    <source id="jnt_left_arm-Matrix-animation-output-transform">
     <float_array id="jnt_left_arm-Matrix-animation-output-transform-array" count="480">

-0.154170 -0.717001 -0.679809 -0.525417 0.265205 -0.692815 0.670576 -0.032447 -0.951787 -0.076906 0.296964 0.009492 0.000000 0.000000 0.000000 1.000000
-0.178419 -0.705843 -0.685530 -0.525417 0.279093 -0.704398 0.652633 -0.032447 -0.943544 -0.074885 0.322674 0.009492 0.000000 0.000000 0.000000 1.000000
-0.244064 -0.694566 -0.676765 -0.525417 0.320430 -0.716431 0.619719 -0.032447 -0.915292 -0.065604 0.397414 0.009492 0.000000 0.000000 0.000000 1.000000
-0.418142 -0.596253 -0.685302 -0.525417 0.171591 -0.792684 0.584985 -0.032447 -0.892028 0.127015 0.433766 0.009492 0.000000 0.000000 0.000000 1.000000
-0.560756 -0.483033 -0.672481 -0.525417 0.136129 -0.854927 0.500568 -0.032447 -0.816714 0.189152 0.545160 0.009492 0.000000 0.000000 0.000000 1.000000
-0.192861 -0.745384 0.638127 -0.525417 0.500713 0.484529 0.717299 -0.032447 -0.843856 0.457858 0.279776 0.009492 0.000000 0.000000 0.000000 1.000000
-0.286449 -0.680547 0.674390 -0.525417 0.608449 0.414512 0.676735 -0.032447 -0.740094 0.604182 0.295341 0.009491 0.000000 0.000000 0.000000 1.000000
-0.293583 -0.632141 0.717082 -0.525417 0.700216 0.368468 0.611498 -0.032447 -0.650775 0.681637 0.334459 0.009492 0.000000 0.000000 0.000000 1.000000
-0.229372 -0.584824 0.778054 -0.525417 0.791124 0.353656 0.499050 -0.032447 -0.567021 0.730005 0.381549 0.009492 0.000000 0.000000 0.000000 1.000000
-0.117799 -0.519229 0.846477 -0.525417 0.894340 0.315011 0.317687 -0.032447 -0.431603 0.794461 0.427258 0.009492 0.000000 0.000000 0.000000 1.000000
-0.024283 -0.446702 0.894353 -0.525417 0.972633 0.196231 0.124419 -0.032447 -0.231078 0.872898 0.429711 0.009492 0.000000 0.000000 0.000000 1.000000
-0.021177 -0.398055 0.917116 -0.525417 0.998461 0.038631 0.039822 -0.032447 -0.051280 0.916548 0.396623 0.009492 0.000000 0.000000 0.000000 1.000000
-0.092807 -0.365513 0.926167 -0.525417 0.993342 -0.097769 0.060953 -0.032447 0.068271 0.925657 0.372153 0.009492 0.000000 0.000000 0.000000 1.000000
-0.208195 -0.341871 0.916394 -0.525417 0.970777 -0.186569 0.150948 -0.032447 0.119366 0.921040 0.370723 0.009492 0.000000 0.000000 0.000000 1.000000
-0.329658 -0.328982 0.884926 -0.525417 0.938350 -0.217473 0.268711 -0.032447 0.104046 0.918953 0.380392 0.009492 0.000000 0.000000 0.000000 1.000000
-0.378932 -0.344195 0.859034 -0.525417 0.925374 -0.150744 0.347794 -0.032447 0.009786 0.926718 0.375630 0.009491 0.000000 0.000000 0.000000 1.000000
-0.344430 -0.398131 0.850211 -0.525417 0.926015 0.004951 0.377456 -0.032447 -0.154486 0.917315 0.366970 0.009492 0.000000 0.000000 0.000000 1.000000
-0.350358 -0.443240 0.825098 -0.525417 0.891441 0.112487 0.438955 -0.032447 -0.287376 0.889317 0.355711 0.009492 0.000000 0.000000 0.000000 1.000000
-0.384389 -0.472974 0.792805 -0.525417 0.850420 0.152742 0.503445 -0.032447 -0.359212 0.867736 0.343513 0.009492 0.000000 0.000000 0.000000 1.000000
-0.398924 -0.477471 0.782867 -0.525417 0.839579 0.153123 0.521211 -0.032447 -0.368739 0.865202 0.339790 0.009492 0.000000 0.000000 0.000000 1.000000
-0.408115 -0.474117 0.780163 -0.525417 0.838063 0.144356 0.526129 -0.032447 -0.362068 0.868547 0.338426 0.009492 0.000000 0.000000 0.000000 1.000000
-0.417335 -0.467744 0.779132 -0.525417 0.838959 0.131200 0.528144 -0.032447 -0.349259 0.874072 0.337663 0.009492 0.000000 0.000000 0.000000 1.000000
-0.426525 -0.459127 0.779281 -0.525417 0.841345 0.114845 0.528157 -0.032447 -0.331988 0.880916 0.337300 0.009492 0.000000 0.000000 0.000000 1.000000
-0.435442 -0.449385 0.780028 -0.525417 0.844290 0.096787 0.527074 -0.032447 -0.312356 0.888079 0.337266 0.009492 0.000000 0.000000 0.000000 1.000000
-0.443812 -0.439518 0.780932 -0.525417 0.847076 0.078589 0.525631 -0.032447 -0.292397 0.894789 0.337425 0.009492 0.000000 0.000000 0.000000 1.000000
-0.451193 -0.430517 0.781716 -0.525417 0.849270 0.061969 0.524311 -0.032447 -0.274168 0.900452 0.337665 0.009492 0.000000 0.000000 0.000000 1.000000
-0.457012 -0.423390 0.782228 -0.525417 0.850689 0.048763 0.523403 -0.032447 -0.259748 0.904634 0.337887 0.009492 0.000000 0.000000 0.000000 1.000000
-0.461083 -0.418890 0.782261 -0.525417 0.851213 0.040246 0.523275 -0.032447 -0.250678 0.907144 0.338008 0.009492 0.000000 0.000000 0.000000 1.000000
-0.463930 -0.416472 0.781869 -0.525417 0.851069 0.035426 0.523858 -0.032447 -0.245871 0.908458 0.338011 0.009492 0.000000 0.000000 0.000000 1.000000
-0.465487 -0.415560 0.781429 -0.525417 0.850731 0.033417 0.524539 -0.032447 -0.244091 0.908951 0.337974 0.009492 0.000000 0.000000 0.000000 1.000000</float_array>
     <technique_common>
      <accessor source="#jnt_left_arm-Matrix-animation-output-transform-array" count="30" stride="16">
       <param type="float4x4"></param>
      </accessor>
     </technique_common>
    </source>
    <source id="jnt_left_arm-Interpolations">
     <Name_array id="jnt_left_arm-Interpolations-array" count="30">
 LINEAR LINEAR LINEAR LINEAR LINEAR LINEAR LINEAR LINEAR LINEAR LINEAR LINEAR
LINEAR LINEAR LINEAR LINEAR LINEAR LINEAR LINEAR LINEAR LINEAR LINEAR LINEAR LINEAR
LINEAR LINEAR LINEAR LINEAR LINEAR LINEAR LINEAR</Name_array>
     <technique_common>
      <accessor source="#jnt_left_arm-Interpolations-array" count="30">
       <param type="name"></param>
      </accessor>
     </technique_common>
    </source>
    <sampler id="jnt_left_arm-Matrix-animation-transform">
     <input semantic="INPUT" source="#jnt_left_arm-Matrix-animation-input"></input>
     <input semantic="OUTPUT" source="#jnt_left_arm-Matrix-animation-output-transform"></input>
     <input semantic="INTERPOLATION" source="#jnt_left_arm-Interpolations"></input>
    </sampler>
    <channel source="#jnt_left_arm-Matrix-animation-transform" target="jnt_left_arm/matrix"></channel>
   </animation>
  </animation>
  <animation id="jnt_left_armroll-anim" name="jnt_left_armroll">
   <animation>
    <source id="jnt_left_armroll-Matrix-animation-input">
     <float_array id="jnt_left_armroll-Matrix-animation-input-array" count="30">

0.000000 0.033333 0.066667 0.100000 0.133333 0.166667 0.200000 0.233333 0.266667 0.300000 0.333333 0.366667 0.400000 0.433333 0.466667 0.500000
0.533333 0.566667 0.600000 0.633333 0.666667 0.700000 0.733333 0.766667 0.800000 0.833333 0.866667 0.900000 0.933333 0.966667</float_array>
     <technique_common>
      <accessor source="#jnt_left_armroll-Matrix-animation-input-array" count="30">
       <param name="TIME" type="float"></param>
      </accessor>
     </technique_common>
    </source>
    <source id="jnt_left_armroll-Matrix-animation-output-transform">
     <float_array id="jnt_left_armroll-Matrix-animation-output-transform-array" count="480">

1.000000 -0.000000 0.000000 -0.421995 0.000000 1.000000 0.000000 0.000002 -0.000000 -0.000000 1.000000 -0.000004 0.000000 0.000000 0.000000 1.000000
1.000000 -0.000000 -0.000000 -0.421996 0.000000 1.000000 0.000000 0.000002 0.000000 -0.000000 1.000000 -0.000004 0.000000 0.000000 0.000000 1.000000
1.000000 -0.000000 -0.000000 -0.421995 0.000000 1.000000 -0.000000 0.000002 0.000000 0.000000 1.000000 -0.000004 0.000000 0.000000 0.000000 1.000000
1.000000 -0.000000 -0.000000 -0.421995 0.000000 1.000000 -0.000000 0.000002 0.000000 0.000000 1.000000 -0.000004 0.000000 0.000000 0.000000 1.000000
1.000000 -0.000000 0.000000 -0.421995 0.000000 1.000000 0.000000 0.000002 -0.000000 -0.000000 1.000000 -0.000004 0.000000 0.000000 0.000000 1.000000
1.000000 -0.000000 -0.000000 -0.421995 0.000000 1.000000 -0.000000 0.000002 0.000000 0.000000 1.000000 -0.000004 0.000000 0.000000 0.000000 1.000000
1.000000 -0.000000 -0.000000 -0.421995 0.000000 1.000000 -0.000000 0.000002 0.000000 0.000000 1.000000 -0.000004 0.000000 0.000000 0.000000 1.000000
1.000000 -0.000000 0.000000 -0.421995 0.000000 1.000000 -0.000000 0.000002 -0.000000 0.000000 1.000000 -0.000004 0.000000 0.000000 0.000000 1.000000
1.000000 -0.000000 0.000000 -0.421995 0.000000 1.000000 -0.000000 0.000003 -0.000000 0.000000 1.000000 -0.000004 0.000000 0.000000 0.000000 1.000000
1.000000 -0.000000 0.000000 -0.421995 0.000000 1.000000 -0.000000 0.000002 -0.000000 0.000000 1.000000 -0.000004 0.000000 0.000000 0.000000 1.000000
1.000000 -0.000000 0.000000 -0.421995 0.000000 1.000000 -0.000000 0.000002 -0.000000 0.000000 1.000000 -0.000004 0.000000 0.000000 0.000000 1.000000
1.000000 -0.000000 0.000000 -0.421995 0.000000 1.000000 0.000000 0.000002 -0.000000 -0.000000 1.000000 -0.000004 0.000000 0.000000 0.000000 1.000000
1.000000 -0.000000 0.000000 -0.421995 0.000000 1.000000 0.000000 0.000002 -0.000000 -0.000000 1.000000 -0.000004 0.000000 0.000000 0.000000 1.000000
1.000000 -0.000000 0.000000 -0.421995 0.000000 1.000000 0.000000 0.000002 -0.000000 -0.000000 1.000000 -0.000004 0.000000 0.000000 0.000000 1.000000
1.000000 -0.000000 0.000000 -0.421995 0.000000 1.000000 -0.000000 0.000002 -0.000000 0.000000 1.000000 -0.000004 0.000000 0.000000 0.000000 1.000000
1.000000 -0.000000 0.000000 -0.421995 0.000000 1.000000 0.000000 0.000002 -0.000000 -0.000000 1.000000 -0.000004 0.000000 0.000000 0.000000 1.000000
1.000000 -0.000000 0.000000 -0.421995 0.000000 1.000000 -0.000000 0.000002 -0.000000 0.000000 1.000000 -0.000004 0.000000 0.000000 0.000000 1.000000
1.000000 -0.000000 0.000000 -0.421995 0.000000 1.000000 -0.000000 0.000002 -0.000000 0.000000 1.000000 -0.000004 0.000000 0.000000 0.000000 1.000000
1.000000 -0.000000 -0.000000 -0.421995 0.000000 1.000000 0.000000 0.000002 0.000000 -0.000000 1.000000 -0.000004 0.000000 0.000000 0.000000 1.000000
1.000000 -0.000000 -0.000000 -0.421995 0.000000 1.000000 0.000000 0.000002 0.000000 -0.000000 1.000000 -0.000004 0.000000 0.000000 0.000000 1.000000
1.000000 -0.000000 0.000000 -0.421995 0.000000 1.000000 -0.000000 0.000002 -0.000000 0.000000 1.000000 -0.000004 0.000000 0.000000 0.000000 1.000000
1.000000 -0.000000 -0.000000 -0.421995 0.000000 1.000000 0.000000 0.000002 0.000000 -0.000000 1.000000 -0.000004 0.000000 0.000000 0.000000 1.000000
1.000000 -0.000000 0.000000 -0.421995 0.000000 1.000000 -0.000000 0.000002 -0.000000 0.000000 1.000000 -0.000004 0.000000 0.000000 0.000000 1.000000
1.000000 -0.000000 0.000000 -0.421995 0.000000 1.000000 -0.000000 0.000002 -0.000000 0.000000 1.000000 -0.000004 0.000000 0.000000 0.000000 1.000000
1.000000 -0.000000 -0.000000 -0.421995 0.000000 1.000000 0.000000 0.000002 0.000000 -0.000000 1.000000 -0.000004 0.000000 0.000000 0.000000 1.000000
1.000000 -0.000000 0.000000 -0.421995 0.000000 1.000000 0.000000 0.000003 -0.000000 -0.000000 1.000000 -0.000004 0.000000 0.000000 0.000000 1.000000
1.000000 -0.000000 -0.000000 -0.421995 0.000000 1.000000 0.000000 0.000003 0.000000 -0.000000 1.000000 -0.000004 0.000000 0.000000 0.000000 1.000000
1.000000 -0.000000 0.000000 -0.421995 0.000000 1.000000 -0.000000 0.000002 -0.000000 0.000000 1.000000 -0.000004 0.000000 0.000000 0.000000 1.000000
1.000000 -0.000000 0.000000 -0.421995 0.000000 1.000000 -0.000000 0.000002 -0.000000 0.000000 1.000000 -0.000004 0.000000 0.000000 0.000000 1.000000
1.000000 -0.000000 -0.000000 -0.421995 0.000000 1.000000 0.000000 0.000002 0.000000 -0.000000 1.000000 -0.000004 0.000000 0.000000 0.000000 1.000000</float_array>
     <technique_common>
      <accessor source="#jnt_left_armroll-Matrix-animation-output-transform-array" count="30" stride="16">
       <param type="float4x4"></param>
      </accessor>
     </technique_common>
    </source>
    <source id="jnt_left_armroll-Interpolations">
     <Name_array id="jnt_left_armroll-Interpolations-array" count="30">
 LINEAR LINEAR LINEAR LINEAR LINEAR LINEAR LINEAR LINEAR LINEAR LINEAR LINEAR
LINEAR LINEAR LINEAR LINEAR LINEAR LINEAR LINEAR LINEAR LINEAR LINEAR LINEAR LINEAR
LINEAR LINEAR LINEAR LINEAR LINEAR LINEAR LINEAR</Name_array>
     <technique_common>
      <accessor source="#jnt_left_armroll-Interpolations-array" count="30">
       <param type="name"></param>
      </accessor>
     </technique_common>
    </source>
    <sampler id="jnt_left_armroll-Matrix-animation-transform">
     <input semantic="INPUT" source="#jnt_left_armroll-Matrix-animation-input"></input>
     <input semantic="OUTPUT" source="#jnt_left_armroll-Matrix-animation-output-transform"></input>
     <input semantic="INTERPOLATION" source="#jnt_left_armroll-Interpolations"></input>
    </sampler>
    <channel source="#jnt_left_armroll-Matrix-animation-transform" target="jnt_left_armroll/matrix"></channel>
   </animation>
  </animation>
  <animation id="jnt_left_forearm-anim" name="jnt_left_forearm">
   <animation>
    <source id="jnt_left_forearm-Matrix-animation-input">
     <float_array id="jnt_left_forearm-Matrix-animation-input-array" count="30">

0.000000 0.033333 0.066667 0.100000 0.133333 0.166667 0.200000 0.233333 0.266667 0.300000 0.333333 0.366667 0.400000 0.433333 0.466667 0.500000
0.533333 0.566667 0.600000 0.633333 0.666667 0.700000 0.733333 0.766667 0.800000 0.833333 0.866667 0.900000 0.933333 0.966667</float_array>
     <technique_common>
      <accessor source="#jnt_left_forearm-Matrix-animation-input-array" count="30">
       <param name="TIME" type="float"></param>
      </accessor>
     </technique_common>
    </source>
    <source id="jnt_left_forearm-Matrix-animation-output-transform">
     <float_array id="jnt_left_forearm-Matrix-animation-output-transform-array" count="480">

0.999661 0.025335 0.006016 -0.843981 -0.023646 0.786487 0.617153 0.000001 0.010904 -0.617086 0.786820 0.000003 0.000000 0.000000 0.000000 1.000000
0.999638 0.026120 0.006488 -0.843981 -0.024362 0.775725 0.630600 0.000001 0.011438 -0.630529 0.776081 0.000004 0.000000 0.000000 0.000000 1.000000
0.999643 0.025375 0.008449 -0.843981 -0.024764 0.758855 0.650788 0.000001 0.010102 -0.650764 0.759212 0.000004 0.000000 0.000000 0.000000 1.000000
0.898263 0.409646 0.159104 -0.843981 -0.408721 0.645734 0.644960 0.000001 0.161467 -0.644372 0.747470 0.000003 0.000000 0.000000 0.000000 1.000000
0.776962 0.564940 0.277799 -0.843981 -0.594247 0.512443 0.619898 0.000001 0.207849 -0.646718 0.733863 0.000003 0.000000 0.000000 0.000000 1.000000
0.718917 -0.267852 0.641415 -0.843981 0.662862 0.541932 -0.516646 0.000001 -0.209219 0.796596 0.567153 0.000004 0.000000 0.000000 0.000000 1.000000
0.708195 -0.271956 0.651536 -0.843981 0.671428 0.544738 -0.502438 0.000001 -0.218276 0.793284 0.568380 0.000003 0.000000 0.000000 0.000000 1.000000
0.607223 -0.293301 0.738414 -0.843981 0.749299 0.520498 -0.409431 0.000001 -0.264257 0.801908 0.535828 0.000004 0.000000 0.000000 0.000000 1.000000
0.444385 -0.293799 0.846288 -0.843981 0.832633 0.484005 -0.269187 0.000002 -0.330520 0.824270 0.459712 0.000003 0.000000 0.000000 0.000000 1.000000
0.297494 -0.225149 0.927796 -0.843981 0.851889 0.501333 -0.151496 0.000000 -0.431026 0.835448 0.340945 0.000003 0.000000 0.000000 0.000000 1.000000
0.248072 -0.098958 0.963674 -0.843981 0.800742 0.580822 -0.146486 0.000001 -0.545227 0.807993 0.223326 0.000003 0.000000 0.000000 0.000000 1.000000
0.318063 0.005964 0.948051 -0.843981 0.727970 0.639087 -0.248248 0.000001 -0.607368 0.769111 0.198929 0.000003 0.000000 0.000000 0.000000 1.000000
0.459687 0.056863 0.886259 -0.843981 0.653433 0.654174 -0.380897 0.000001 -0.601427 0.754203 0.263559 0.000003 0.000000 0.000000 0.000000 1.000000
0.616177 0.049902 0.786025 -0.843981 0.580109 0.646275 -0.495785 0.000001 -0.532729 0.761471 0.369271 0.000003 0.000000 0.000000 0.000000 1.000000
0.733575 0.008460 0.679556 -0.843981 0.518595 0.639286 -0.567778 0.000001 -0.439234 0.768922 0.464577 0.000004 0.000000 0.000000 0.000000 1.000000
0.720019 -0.038647 0.692878 -0.843981 0.555859 0.629851 -0.542501 0.000001 -0.415444 0.775753 0.474987 0.000003 0.000000 0.000000 0.000000 1.000000
0.532758 -0.115208 0.838389 -0.843981 0.719889 0.582513 -0.377409 0.000001 -0.444893 0.804615 0.393275 0.000004 0.000000 0.000000 0.000000 1.000000
0.360829 -0.205583 0.909691 -0.843981 0.840630 0.494127 -0.221766 0.000001 -0.403912 0.844733 0.351115 0.000004 0.000000 0.000000 0.000000 1.000000
0.267020 -0.275181 0.923566 -0.843981 0.901180 0.410846 -0.138134 0.000001 -0.341432 0.869184 0.357692 0.000004 0.000000 0.000000 0.000000 1.000000
0.259044 -0.290323 0.921199 -0.843981 0.910337 0.392116 -0.132410 0.000001 -0.322776 0.872902 0.365867 0.000004 0.000000 0.000000 0.000000 1.000000
0.273873 -0.291066 0.916664 -0.843981 0.908076 0.392252 -0.146755 0.000001 -0.316849 0.872593 0.371737 0.000003 0.000000 0.000000 0.000000 1.000000
0.296750 -0.288091 0.910463 -0.843981 0.902161 0.397190 -0.168364 0.000001 -0.313123 0.871346 0.377770 0.000004 0.000000 0.000000 0.000000 1.000000
0.325473 -0.282173 0.902466 -0.843981 0.892957 0.405607 -0.195222 0.000001 -0.310960 0.869403 0.383983 0.000004 0.000000 0.000000 0.000000 1.000000
0.357104 -0.274572 0.892797 -0.843981 0.881307 0.415726 -0.224655 0.000001 -0.309475 0.867053 0.390440 0.000004 0.000000 0.000000 0.000000 1.000000
0.388787 -0.266400 0.881973 -0.843981 0.868291 0.426056 -0.254064 0.000001 -0.308087 0.864585 0.396957 0.000004 0.000000 0.000000 0.000000 1.000000
0.417540 -0.258706 0.871052 -0.843981 0.855385 0.435320 -0.280738 0.000002 -0.306558 0.862304 0.403056 0.000003 0.000000 0.000000 0.000000 1.000000
0.440327 -0.252522 0.861594 -0.843981 0.844467 0.442409 -0.301909 0.000001 -0.304939 0.860527 0.408051 0.000004 0.000000 0.000000 0.000000 1.000000
0.455052 -0.248781 0.855006 -0.843981 0.837220 0.446576 -0.315645 0.000001 -0.303299 0.859463 0.411500 0.000003 0.000000 0.000000 0.000000 1.000000
0.463485 -0.247085 0.850959 -0.843981 0.833141 0.448553 -0.323538 0.000001 -0.301759 0.858923 0.413754 0.000004 0.000000 0.000000 0.000000 1.000000
0.467070 -0.246676 0.849115 -0.843981 0.831520 0.449108 -0.326921 0.000001 -0.300701 0.858750 0.414881 0.000004 0.000000 0.000000 0.000000 1.000000</float_array>
     <technique_common>
      <accessor source="#jnt_left_forearm-Matrix-animation-output-transform-array" count="30" stride="16">
       <param type="float4x4"></param>
      </accessor>
     </technique_common>
    </source>
    <source id="jnt_left_forearm-Interpolations">
     <Name_array id="jnt_left_forearm-Interpolations-array" count="30">
 LINEAR LINEAR LINEAR LINEAR LINEAR LINEAR LINEAR LINEAR LINEAR LINEAR LINEAR
LINEAR LINEAR LINEAR LINEAR LINEAR LINEAR LINEAR LINEAR LINEAR LINEAR LINEAR LINEAR
LINEAR LINEAR LINEAR LINEAR LINEAR LINEAR LINEAR</Name_array>
     <technique_common>
      <accessor source="#jnt_left_forearm-Interpolations-array" count="30">
       <param type="name"></param>
      </accessor>
     </technique_common>
    </source>
    <sampler id="jnt_left_forearm-Matrix-animation-transform">
     <input semantic="INPUT" source="#jnt_left_forearm-Matrix-animation-input"></input>
     <input semantic="OUTPUT" source="#jnt_left_forearm-Matrix-animation-output-transform"></input>
     <input semantic="INTERPOLATION" source="#jnt_left_forearm-Interpolations"></input>
    </sampler>
    <channel source="#jnt_left_forearm-Matrix-animation-transform" target="jnt_left_forearm/matrix"></channel>
   </animation>
  </animation>
  <animation id="jnt_left_forearmroll-anim" name="jnt_left_forearmroll">
   <animation>
    <source id="jnt_left_forearmroll-Matrix-animation-input">
     <float_array id="jnt_left_forearmroll-Matrix-animation-input-array" count="30">

0.000000 0.033333 0.066667 0.100000 0.133333 0.166667 0.200000 0.233333 0.266667 0.300000 0.333333 0.366667 0.400000 0.433333 0.466667 0.500000
0.533333 0.566667 0.600000 0.633333 0.666667 0.700000 0.733333 0.766667 0.800000 0.833333 0.866667 0.900000 0.933333 0.966667</float_array>
     <technique_common>
      <accessor source="#jnt_left_forearmroll-Matrix-animation-input-array" count="30">
       <param name="TIME" type="float"></param>
      </accessor>
     </technique_common>
    </source>
    <source id="jnt_left_forearmroll-Matrix-animation-output-transform">
     <float_array id="jnt_left_forearmroll-Matrix-animation-output-transform-array" count="480">

1.000000 0.000001 -0.000000 -0.487001 -0.000001 1.000000 -0.000000 -0.000001 0.000000 0.000000 1.000000 -0.000004 0.000000 0.000000 0.000000 1.000000
1.000000 0.000001 -0.000000 -0.487001 -0.000001 1.000000 -0.000000 -0.000000 0.000000 0.000000 1.000000 -0.000004 0.000000 0.000000 0.000000 1.000000
1.000000 0.000001 -0.000000 -0.487001 -0.000001 1.000000 -0.000000 -0.000000 0.000000 0.000000 1.000000 -0.000004 0.000000 0.000000 0.000000 1.000000
1.000000 0.000001 -0.000000 -0.487001 -0.000001 1.000000 -0.000000 -0.000001 0.000000 0.000000 1.000000 -0.000004 0.000000 0.000000 0.000000 1.000000
1.000000 0.000001 -0.000000 -0.487001 -0.000001 1.000000 -0.000000 -0.000000 0.000000 0.000000 1.000000 -0.000004 0.000000 0.000000 0.000000 1.000000
1.000000 0.000001 -0.000000 -0.487001 -0.000001 1.000000 -0.000000 -0.000000 0.000000 0.000000 1.000000 -0.000004 0.000000 0.000000 0.000000 1.000000
1.000000 0.000001 -0.000000 -0.487001 -0.000001 1.000000 -0.000000 -0.000000 0.000000 0.000000 1.000000 -0.000004 0.000000 0.000000 0.000000 1.000000
1.000000 0.000001 -0.000000 -0.487001 -0.000001 1.000000 0.000000 -0.000000 0.000000 -0.000000 1.000000 -0.000004 0.000000 0.000000 0.000000 1.000000
1.000000 0.000001 -0.000000 -0.487001 -0.000001 1.000000 -0.000000 -0.000000 0.000000 0.000000 1.000000 -0.000004 0.000000 0.000000 0.000000 1.000000
1.000000 0.000001 -0.000000 -0.487001 -0.000001 1.000000 -0.000000 0.000000 0.000000 0.000000 1.000000 -0.000004 0.000000 0.000000 0.000000 1.000000
1.000000 0.000001 -0.000000 -0.487001 -0.000001 1.000000 -0.000000 -0.000001 0.000000 0.000000 1.000000 -0.000004 0.000000 0.000000 0.000000 1.000000
1.000000 0.000001 -0.000000 -0.487001 -0.000001 1.000000 -0.000000 0.000000 0.000000 0.000000 1.000000 -0.000004 0.000000 0.000000 0.000000 1.000000
1.000000 0.000001 -0.000000 -0.487001 -0.000001 1.000000 -0.000000 -0.000001 0.000000 0.000000 1.000000 -0.000004 0.000000 0.000000 0.000000 1.000000
1.000000 0.000001 -0.000000 -0.487001 -0.000001 1.000000 -0.000000 -0.000001 0.000000 0.000000 1.000000 -0.000004 0.000000 0.000000 0.000000 1.000000
1.000000 0.000001 -0.000000 -0.487001 -0.000001 1.000000 -0.000000 -0.000001 0.000000 0.000000 1.000000 -0.000004 0.000000 0.000000 0.000000 1.000000
1.000000 0.000001 -0.000000 -0.487001 -0.000001 1.000000 -0.000000 -0.000000 0.000000 0.000000 1.000000 -0.000004 0.000000 0.000000 0.000000 1.000000
1.000000 0.000001 -0.000000 -0.487001 -0.000001 1.000000 -0.000000 0.000000 0.000000 0.000000 1.000000 -0.000004 0.000000 0.000000 0.000000 1.000000
1.000000 0.000001 -0.000000 -0.487001 -0.000001 1.000000 -0.000000 0.000000 0.000000 0.000000 1.000000 -0.000004 0.000000 0.000000 0.000000 1.000000
1.000000 0.000001 -0.000000 -0.487001 -0.000001 1.000000 -0.000000 -0.000001 0.000000 0.000000 1.000000 -0.000004 0.000000 0.000000 0.000000 1.000000
1.000000 0.000001 -0.000000 -0.487001 -0.000001 1.000000 -0.000000 -0.000000 0.000000 0.000000 1.000000 -0.000004 0.000000 0.000000 0.000000 1.000000
1.000000 0.000001 -0.000000 -0.487001 -0.000001 1.000000 -0.000000 0.000000 0.000000 0.000000 1.000000 -0.000004 0.000000 0.000000 0.000000 1.000000
1.000000 0.000001 -0.000000 -0.487001 -0.000001 1.000000 -0.000000 -0.000001 0.000000 0.000000 1.000000 -0.000004 0.000000 0.000000 0.000000 1.000000
1.000000 0.000001 -0.000000 -0.487000 -0.000001 1.000000 -0.000000 -0.000001 0.000000 0.000000 1.000000 -0.000004 0.000000 0.000000 0.000000 1.000000
1.000000 0.000001 -0.000000 -0.487001 -0.000001 1.000000 -0.000000 -0.000000 0.000000 0.000000 1.000000 -0.000004 0.000000 0.000000 0.000000 1.000000
1.000000 0.000001 -0.000000 -0.487000 -0.000001 1.000000 -0.000000 -0.000001 0.000000 0.000000 1.000000 -0.000004 0.000000 0.000000 0.000000 1.000000
1.000000 0.000001 -0.000000 -0.487001 -0.000001 1.000000 -0.000000 0.000000 0.000000 0.000000 1.000000 -0.000004 0.000000 0.000000 0.000000 1.000000
1.000000 0.000001 -0.000000 -0.487001 -0.000001 1.000000 -0.000000 -0.000001 0.000000 0.000000 1.000000 -0.000004 0.000000 0.000000 0.000000 1.000000
1.000000 0.000001 -0.000000 -0.487001 -0.000001 1.000000 -0.000000 -0.000000 0.000000 0.000000 1.000000 -0.000004 0.000000 0.000000 0.000000 1.000000
1.000000 0.000001 -0.000000 -0.487001 -0.000001 1.000000 -0.000000 -0.000000 0.000000 0.000000 1.000000 -0.000004 0.000000 0.000000 0.000000 1.000000
1.000000 0.000001 -0.000000 -0.487001 -0.000001 1.000000 -0.000000 -0.000000 0.000000 0.000000 1.000000 -0.000004 0.000000 0.000000 0.000000 1.000000</float_array>
     <technique_common>
      <accessor source="#jnt_left_forearmroll-Matrix-animation-output-transform-array" count="30" stride="16">
       <param type="float4x4"></param>
      </accessor>
     </technique_common>
    </source>
    <source id="jnt_left_forearmroll-Interpolations">
     <Name_array id="jnt_left_forearmroll-Interpolations-array" count="30">
 LINEAR LINEAR LINEAR LINEAR LINEAR LINEAR LINEAR LINEAR LINEAR LINEAR LINEAR
LINEAR LINEAR LINEAR LINEAR LINEAR LINEAR LINEAR LINEAR LINEAR LINEAR LINEAR LINEAR
LINEAR LINEAR LINEAR LINEAR LINEAR LINEAR LINEAR</Name_array>
     <technique_common>
      <accessor source="#jnt_left_forearmroll-Interpolations-array" count="30">
       <param type="name"></param>
      </accessor>
     </technique_common>
    </source>
    <sampler id="jnt_left_forearmroll-Matrix-animation-transform">
     <input semantic="INPUT" source="#jnt_left_forearmroll-Matrix-animation-input"></input>
     <input semantic="OUTPUT" source="#jnt_left_forearmroll-Matrix-animation-output-transform"></input>
     <input semantic="INTERPOLATION" source="#jnt_left_forearmroll-Interpolations"></input>
    </sampler>
    <channel source="#jnt_left_forearmroll-Matrix-animation-transform" target="jnt_left_forearmroll/matrix"></channel>
   </animation>
  </animation>
  <animation id="jnt_left_hand-anim" name="jnt_left_hand">
   <animation>
    <source id="jnt_left_hand-Matrix-animation-input">
     <float_array id="jnt_left_hand-Matrix-animation-input-array" count="30">

0.000000 0.033333 0.066667 0.100000 0.133333 0.166667 0.200000 0.233333 0.266667 0.300000 0.333333 0.366667 0.400000 0.433333 0.466667 0.500000
0.533333 0.566667 0.600000 0.633333 0.666667 0.700000 0.733333 0.766667 0.800000 0.833333 0.866667 0.900000 0.933333 0.966667</float_array>
     <technique_common>
      <accessor source="#jnt_left_hand-Matrix-animation-input-array" count="30">
       <param name="TIME" type="float"></param>
      </accessor>
     </technique_common>
    </source>
    <source id="jnt_left_hand-Matrix-animation-output-transform">
     <float_array id="jnt_left_hand-Matrix-animation-output-transform-array" count="480">

0.021793 0.665359 0.746205 -0.975262 -0.856540 -0.372516 0.357172 -0.000001 0.515622 -0.646937 0.561788 0.000000 0.000000 0.000000 0.000000 1.000000
0.028836 0.650763 0.758733 -0.975262 -0.870408 -0.356870 0.339167 -0.000001 0.491487 -0.670186 0.556139 0.000000 0.000000 0.000000 0.000000 1.000000
0.050067 0.609940 0.790863 -0.975262 -0.881423 -0.345393 0.322179 -0.000001 0.469670 -0.713214 0.520322 0.000000 0.000000 0.000000 0.000000 1.000000
0.223126 0.649984 0.726454 -0.975262 -0.863096 -0.214655 0.457155 -0.000001 0.453081 -0.729001 0.513102 0.000000 0.000000 0.000000 0.000000 1.000000
0.341430 0.632452 0.695291 -0.975262 -0.832435 -0.140021 0.536140 -0.000001 0.436439 -0.761838 0.478667 0.000000 0.000000 0.000000 0.000000 1.000000
0.482758 0.116494 0.867970 -0.975262 0.823609 0.276500 -0.495193 -0.000001 -0.297681 0.953928 0.037537 0.000000 0.000000 0.000000 0.000000 1.000000
0.593173 0.060041 0.802833 -0.975262 0.745803 0.334573 -0.576055 -0.000001 -0.303193 0.940456 0.153680 -0.000000 0.000000 0.000000 0.000000 1.000000
0.723586 -0.007512 0.690193 -0.975262 0.636397 0.394426 -0.662893 -0.000001 -0.267251 0.918897 0.290181 0.000000 0.000000 0.000000 0.000000 1.000000
0.852832 -0.040436 0.520618 -0.975262 0.477828 0.462554 -0.746809 -0.000001 -0.210616 0.885669 0.413801 -0.000000 0.000000 0.000000 0.000000 1.000000
0.945989 -0.025481 0.323195 -0.975262 0.289380 0.515817 -0.806344 -0.000001 -0.146163 0.856320 0.495331 -0.000000 0.000000 0.000000 0.000000 1.000000
0.981224 0.016316 0.192182 -0.975262 0.154521 0.529811 -0.833920 -0.000001 -0.115426 0.847958 0.517342 -0.000000 0.000000 0.000000 0.000000 1.000000
0.985260 0.070107 0.156042 -0.975262 0.097223 0.521048 -0.847972 -0.000001 -0.140754 0.850643 0.506552 0.000000 0.000000 0.000000 0.000000 1.000000
0.977042 0.137565 0.162679 -0.975262 0.070523 0.511703 -0.856263 -0.000001 -0.201036 0.848077 0.490254 0.000000 0.000000 0.000000 0.000000 1.000000
0.960143 0.204445 0.190598 -0.975262 0.061357 0.511106 -0.857324 -0.000001 -0.272692 0.834849 0.478191 -0.000000 0.000000 0.000000 0.000000 1.000000
0.940458 0.245662 0.234925 -0.975262 0.075106 0.523870 -0.848480 -0.000001 -0.331510 0.815604 0.474227 -0.000000 0.000000 0.000000 0.000000 1.000000
0.948823 0.206287 0.239128 -0.975262 0.094352 0.537442 -0.838005 -0.000001 -0.301387 0.817680 0.490473 -0.000000 0.000000 0.000000 0.000000 1.000000
0.981479 0.082172 0.173055 -0.975262 0.102365 0.538614 -0.836310 -0.000000 -0.161932 0.838535 0.520227 0.000000 0.000000 0.000000 0.000000 1.000000
0.994655 -0.022712 0.100727 -0.975262 0.097376 0.530809 -0.841878 -0.000001 -0.034346 0.847187 0.530183 0.000000 0.000000 0.000000 0.000000 1.000000
0.995064 -0.082483 0.055173 -0.975262 0.090341 0.522921 -0.847580 -0.000001 0.041060 0.848381 0.527791 0.000000 0.000000 0.000000 0.000000 1.000000
0.994060 -0.092756 0.056926 -0.975262 0.097044 0.518712 -0.849423 -0.000001 0.049261 0.849902 0.524632 0.000000 0.000000 0.000000 0.000000 1.000000
0.993238 -0.091396 0.071589 -0.975262 0.108666 0.514824 -0.850380 -0.000001 0.040866 0.852410 0.521274 0.000000 0.000000 0.000000 0.000000 1.000000
0.992183 -0.086501 0.089944 -0.975262 0.121675 0.510593 -0.851169 -0.000001 0.027702 0.855461 0.517126 0.000000 0.000000 0.000000 0.000000 1.000000
0.990713 -0.078799 0.110803 -0.975262 0.135520 0.506295 -0.851645 -0.000001 0.011010 0.858752 0.512272 0.000000 0.000000 0.000000 0.000000 1.000000
0.988748 -0.069186 0.132625 -0.975262 0.149391 0.502078 -0.851821 -0.000001 -0.007654 0.862050 0.506765 0.000000 0.000000 0.000000 0.000000 1.000000
0.986337 -0.058681 0.153938 -0.975262 0.162565 0.498147 -0.851716 -0.000001 -0.026704 0.865105 0.500880 0.000000 0.000000 0.000000 0.000000 1.000000
0.983675 -0.048535 0.173285 -0.975262 0.174392 0.494668 -0.851405 -0.000001 -0.044396 0.867726 0.495056 -0.000000 0.000000 0.000000 0.000000 1.000000
0.981111 -0.040181 0.189226 -0.975261 0.184274 0.491751 -0.851013 -0.000001 -0.058857 0.869808 0.489866 0.000001 0.000000 0.000000 0.000000 1.000000
0.979045 -0.034867 0.200639 -0.975262 0.191760 0.489517 -0.850647 -0.000001 -0.068557 0.871296 0.485945 0.000000 0.000000 0.000000 0.000000 1.000000
0.977594 -0.032084 0.208039 -0.975262 0.196974 0.487979 -0.850339 -0.000001 -0.074237 0.872266 0.483365 0.000000 0.000000 0.000000 0.000000 1.000000
0.976784 -0.031128 0.211955 -0.975262 0.199998 0.487086 -0.850145 -0.000001 -0.076777 0.872799 0.482003 0.000000 0.000000 0.000000 0.000000 1.000000</float_array>
     <technique_common>
      <accessor source="#jnt_left_hand-Matrix-animation-output-transform-array" count="30" stride="16">
       <param type="float4x4"></param>
      </accessor>
     </technique_common>
    </source>
    <source id="jnt_left_hand-Interpolations">
     <Name_array id="jnt_left_hand-Interpolations-array" count="30">
 LINEAR LINEAR LINEAR LINEAR LINEAR LINEAR LINEAR LINEAR LINEAR LINEAR LINEAR
LINEAR LINEAR LINEAR LINEAR LINEAR LINEAR LINEAR LINEAR LINEAR LINEAR LINEAR LINEAR
LINEAR LINEAR LINEAR LINEAR LINEAR LINEAR LINEAR</Name_array>
     <technique_common>
      <accessor source="#jnt_left_hand-Interpolations-array" count="30">
       <param type="name"></param>
      </accessor>
     </technique_common>
    </source>
    <sampler id="jnt_left_hand-Matrix-animation-transform">
     <input semantic="INPUT" source="#jnt_left_hand-Matrix-animation-input"></input>
     <input semantic="OUTPUT" source="#jnt_left_hand-Matrix-animation-output-transform"></input>
     <input semantic="INTERPOLATION" source="#jnt_left_hand-Interpolations"></input>
    </sampler>
    <channel source="#jnt_left_hand-Matrix-animation-transform" target="jnt_left_hand/matrix"></channel>
   </animation>
  </animation>
  <animation id="jnt_left_handthumb1-anim" name="jnt_left_handthumb1">
   <animation>
    <source id="jnt_left_handthumb1-Matrix-animation-input">
     <float_array id="jnt_left_handthumb1-Matrix-animation-input-array" count="30">

0.000000 0.033333 0.066667 0.100000 0.133333 0.166667 0.200000 0.233333 0.266667 0.300000 0.333333 0.366667 0.400000 0.433333 0.466667 0.500000
0.533333 0.566667 0.600000 0.633333 0.666667 0.700000 0.733333 0.766667 0.800000 0.833333 0.866667 0.900000 0.933333 0.966667</float_array>
     <technique_common>
      <accessor source="#jnt_left_handthumb1-Matrix-animation-input-array" count="30">
       <param name="TIME" type="float"></param>
      </accessor>
     </technique_common>
    </source>
    <source id="jnt_left_handthumb1-Matrix-animation-output-transform">
     <float_array id="jnt_left_handthumb1-Matrix-animation-output-transform-array" count="480">

0.847245 -0.522545 -0.095504 -0.060229 0.457005 0.625381 0.632491 -0.203939 -0.270779 -0.579521 0.768657 0.155678 0.000000 0.000000 0.000000 1.000000
0.847246 -0.522545 -0.095504 -0.060229 0.457005 0.625381 0.632491 -0.203939 -0.270779 -0.579521 0.768657 0.155678 0.000000 0.000000 0.000000 1.000000
0.847246 -0.522545 -0.095504 -0.060229 0.457005 0.625381 0.632491 -0.203940 -0.270779 -0.579521 0.768657 0.155678 0.000000 0.000000 0.000000 1.000000
0.847246 -0.522546 -0.095504 -0.060229 0.457005 0.625381 0.632491 -0.203939 -0.270779 -0.579521 0.768657 0.155678 0.000000 0.000000 0.000000 1.000000
0.847245 -0.522545 -0.095504 -0.060229 0.457005 0.625381 0.632491 -0.203939 -0.270779 -0.579521 0.768657 0.155678 0.000000 0.000000 0.000000 1.000000
0.847246 -0.522545 -0.095504 -0.060229 0.457005 0.625381 0.632491 -0.203939 -0.270779 -0.579521 0.768657 0.155678 0.000000 0.000000 0.000000 1.000000
0.847245 -0.522545 -0.095504 -0.060229 0.457005 0.625381 0.632491 -0.203939 -0.270779 -0.579521 0.768657 0.155678 0.000000 0.000000 0.000000 1.000000
0.847246 -0.522545 -0.095504 -0.060228 0.457005 0.625381 0.632491 -0.203939 -0.270779 -0.579521 0.768657 0.155678 0.000000 0.000000 0.000000 1.000000
0.847245 -0.522546 -0.095504 -0.060229 0.457005 0.625381 0.632491 -0.203939 -0.270779 -0.579521 0.768657 0.155678 0.000000 0.000000 0.000000 1.000000
0.847246 -0.522545 -0.095504 -0.060230 0.457005 0.625381 0.632491 -0.203939 -0.270779 -0.579521 0.768657 0.155678 0.000000 0.000000 0.000000 1.000000
0.847246 -0.522545 -0.095504 -0.060228 0.457005 0.625381 0.632491 -0.203939 -0.270779 -0.579521 0.768657 0.155677 0.000000 0.000000 0.000000 1.000000
0.847246 -0.522545 -0.095504 -0.060229 0.457005 0.625381 0.632491 -0.203939 -0.270779 -0.579521 0.768657 0.155678 0.000000 0.000000 0.000000 1.000000
0.847246 -0.522545 -0.095504 -0.060229 0.457005 0.625381 0.632491 -0.203940 -0.270779 -0.579521 0.768657 0.155678 0.000000 0.000000 0.000000 1.000000
0.847246 -0.522545 -0.095504 -0.060229 0.457005 0.625381 0.632491 -0.203939 -0.270779 -0.579521 0.768657 0.155678 0.000000 0.000000 0.000000 1.000000
0.847246 -0.522545 -0.095504 -0.060229 0.457005 0.625381 0.632491 -0.203939 -0.270779 -0.579521 0.768657 0.155678 0.000000 0.000000 0.000000 1.000000
0.847246 -0.522545 -0.095504 -0.060228 0.457005 0.625381 0.632491 -0.203939 -0.270779 -0.579521 0.768657 0.155678 0.000000 0.000000 0.000000 1.000000
0.847246 -0.522546 -0.095504 -0.060229 0.457005 0.625381 0.632491 -0.203940 -0.270779 -0.579521 0.768657 0.155678 0.000000 0.000000 0.000000 1.000000
0.847246 -0.522546 -0.095504 -0.060229 0.457005 0.625381 0.632491 -0.203939 -0.270779 -0.579521 0.768657 0.155678 0.000000 0.000000 0.000000 1.000000
0.847246 -0.522545 -0.095504 -0.060229 0.457005 0.625381 0.632491 -0.203940 -0.270779 -0.579521 0.768657 0.155678 0.000000 0.000000 0.000000 1.000000
0.847246 -0.522545 -0.095504 -0.060229 0.457005 0.625381 0.632491 -0.203939 -0.270779 -0.579521 0.768657 0.155678 0.000000 0.000000 0.000000 1.000000
0.847246 -0.522545 -0.095504 -0.060228 0.457005 0.625381 0.632491 -0.203939 -0.270779 -0.579521 0.768657 0.155678 0.000000 0.000000 0.000000 1.000000
0.847246 -0.522545 -0.095504 -0.060229 0.457005 0.625381 0.632491 -0.203939 -0.270779 -0.579521 0.768657 0.155678 0.000000 0.000000 0.000000 1.000000
0.847246 -0.522545 -0.095504 -0.060228 0.457005 0.625381 0.632491 -0.203939 -0.270779 -0.579521 0.768657 0.155678 0.000000 0.000000 0.000000 1.000000
0.847246 -0.522545 -0.095504 -0.060229 0.457005 0.625381 0.632491 -0.203939 -0.270779 -0.579521 0.768657 0.155678 0.000000 0.000000 0.000000 1.000000
0.847246 -0.522545 -0.095504 -0.060229 0.457005 0.625381 0.632491 -0.203939 -0.270779 -0.579521 0.768657 0.155678 0.000000 0.000000 0.000000 1.000000
0.847246 -0.522545 -0.095504 -0.060229 0.457005 0.625381 0.632491 -0.203939 -0.270779 -0.579521 0.768657 0.155678 0.000000 0.000000 0.000000 1.000000
0.847246 -0.522546 -0.095504 -0.060229 0.457005 0.625381 0.632491 -0.203939 -0.270779 -0.579521 0.768657 0.155678 0.000000 0.000000 0.000000 1.000000
0.847246 -0.522545 -0.095504 -0.060229 0.457005 0.625381 0.632491 -0.203940 -0.270779 -0.579521 0.768657 0.155679 0.000000 0.000000 0.000000 1.000000
0.847246 -0.522546 -0.095504 -0.060228 0.457005 0.625381 0.632491 -0.203939 -0.270779 -0.579521 0.768657 0.155678 0.000000 0.000000 0.000000 1.000000
0.847246 -0.522546 -0.095504 -0.060228 0.457005 0.625381 0.632491 -0.203939 -0.270779 -0.579521 0.768657 0.155677 0.000000 0.000000 0.000000 1.000000</float_array>
     <technique_common>
      <accessor source="#jnt_left_handthumb1-Matrix-animation-output-transform-array" count="30" stride="16">
       <param type="float4x4"></param>
      </accessor>
     </technique_common>
    </source>
    <source id="jnt_left_handthumb1-Interpolations">
     <Name_array id="jnt_left_handthumb1-Interpolations-array" count="30">
 LINEAR LINEAR LINEAR LINEAR LINEAR LINEAR LINEAR LINEAR LINEAR LINEAR LINEAR
LINEAR LINEAR LINEAR LINEAR LINEAR LINEAR LINEAR LINEAR LINEAR LINEAR LINEAR LINEAR
LINEAR LINEAR LINEAR LINEAR LINEAR LINEAR LINEAR</Name_array>
     <technique_common>
      <accessor source="#jnt_left_handthumb1-Interpolations-array" count="30">
       <param type="name"></param>
      </accessor>
     </technique_common>
    </source>
    <sampler id="jnt_left_handthumb1-Matrix-animation-transform">
     <input semantic="INPUT" source="#jnt_left_handthumb1-Matrix-animation-input"></input>
     <input semantic="OUTPUT" source="#jnt_left_handthumb1-Matrix-animation-output-transform"></input>
     <input semantic="INTERPOLATION" source="#jnt_left_handthumb1-Interpolations"></input>
    </sampler>
    <channel source="#jnt_left_handthumb1-Matrix-animation-transform" target="jnt_left_handthumb1/matrix"></channel>
   </animation>
  </animation>
  <animation id="jnt_left_handthumb2-anim" name="jnt_left_handthumb2">
   <animation>
    <source id="jnt_left_handthumb2-Matrix-animation-input">
     <float_array id="jnt_left_handthumb2-Matrix-animation-input-array" count="30">

0.000000 0.033333 0.066667 0.100000 0.133333 0.166667 0.200000 0.233333 0.266667 0.300000 0.333333 0.366667 0.400000 0.433333 0.466667 0.500000
0.533333 0.566667 0.600000 0.633333 0.666667 0.700000 0.733333 0.766667 0.800000 0.833333 0.866667 0.900000 0.933333 0.966667</float_array>
     <technique_common>
      <accessor source="#jnt_left_handthumb2-Matrix-animation-input-array" count="30">
       <param name="TIME" type="float"></param>
      </accessor>
     </technique_common>
    </source>
    <source id="jnt_left_handthumb2-Matrix-animation-output-transform">
     <float_array id="jnt_left_handthumb2-Matrix-animation-output-transform-array" count="480">

0.936673 0.350206 -0.000001 -0.213227 -0.350206 0.936673 -0.000003 -0.000002 -0.000001 0.000003 1.000000 0.000004 0.000000 0.000000 0.000000 1.000000
0.936672 0.350206 -0.000001 -0.213227 -0.350206 0.936673 -0.000003 -0.000002 -0.000001 0.000003 1.000000 0.000004 0.000000 0.000000 0.000000 1.000000
0.936673 0.350206 -0.000001 -0.213227 -0.350206 0.936673 -0.000003 -0.000002 -0.000001 0.000003 1.000000 0.000004 0.000000 0.000000 0.000000 1.000000
0.936673 0.350206 -0.000001 -0.213227 -0.350206 0.936673 -0.000003 -0.000002 -0.000001 0.000003 1.000000 0.000004 0.000000 0.000000 0.000000 1.000000
0.936673 0.350206 -0.000001 -0.213227 -0.350206 0.936672 -0.000003 -0.000002 -0.000001 0.000003 1.000000 0.000004 0.000000 0.000000 0.000000 1.000000
0.936673 0.350206 -0.000001 -0.213228 -0.350206 0.936673 -0.000003 -0.000002 -0.000001 0.000003 1.000000 0.000004 0.000000 0.000000 0.000000 1.000000
0.936672 0.350206 -0.000000 -0.213227 -0.350206 0.936672 -0.000003 -0.000002 -0.000001 0.000003 1.000000 0.000004 0.000000 0.000000 0.000000 1.000000
0.936673 0.350206 -0.000001 -0.213227 -0.350206 0.936672 -0.000003 -0.000002 -0.000001 0.000003 1.000000 0.000004 0.000000 0.000000 0.000000 1.000000
0.936673 0.350206 -0.000001 -0.213227 -0.350206 0.936672 -0.000003 -0.000002 -0.000001 0.000003 1.000000 0.000004 0.000000 0.000000 0.000000 1.000000
0.936673 0.350206 -0.000000 -0.213226 -0.350206 0.936673 -0.000003 -0.000002 -0.000001 0.000003 1.000000 0.000004 0.000000 0.000000 0.000000 1.000000
0.936673 0.350206 -0.000001 -0.213228 -0.350206 0.936672 -0.000003 -0.000002 -0.000001 0.000003 1.000000 0.000004 0.000000 0.000000 0.000000 1.000000
0.936673 0.350206 -0.000001 -0.213228 -0.350206 0.936672 -0.000003 -0.000002 -0.000001 0.000003 1.000000 0.000004 0.000000 0.000000 0.000000 1.000000
0.936673 0.350206 -0.000001 -0.213227 -0.350206 0.936673 -0.000003 -0.000002 -0.000001 0.000003 1.000000 0.000003 0.000000 0.000000 0.000000 1.000000
0.936672 0.350207 -0.000001 -0.213227 -0.350206 0.936673 -0.000003 -0.000002 -0.000001 0.000003 1.000000 0.000004 0.000000 0.000000 0.000000 1.000000
0.936673 0.350206 -0.000001 -0.213227 -0.350207 0.936672 -0.000003 -0.000002 -0.000001 0.000003 1.000000 0.000004 0.000000 0.000000 0.000000 1.000000
0.936673 0.350206 -0.000001 -0.213227 -0.350206 0.936673 -0.000003 -0.000002 -0.000001 0.000003 1.000000 0.000004 0.000000 0.000000 0.000000 1.000000
0.936673 0.350206 -0.000001 -0.213227 -0.350206 0.936673 -0.000003 -0.000001 -0.000001 0.000003 1.000000 0.000004 0.000000 0.000000 0.000000 1.000000
0.936673 0.350206 -0.000001 -0.213227 -0.350207 0.936673 -0.000003 -0.000002 -0.000001 0.000003 1.000000 0.000004 0.000000 0.000000 0.000000 1.000000
0.936673 0.350206 -0.000001 -0.213225 -0.350207 0.936672 -0.000003 -0.000002 -0.000001 0.000003 1.000000 0.000004 0.000000 0.000000 0.000000 1.000000
0.936672 0.350206 -0.000001 -0.213227 -0.350206 0.936672 -0.000003 -0.000002 -0.000001 0.000003 1.000000 0.000004 0.000000 0.000000 0.000000 1.000000
0.936673 0.350206 -0.000001 -0.213227 -0.350206 0.936673 -0.000003 -0.000002 -0.000001 0.000003 1.000000 0.000004 0.000000 0.000000 0.000000 1.000000
0.936673 0.350207 -0.000001 -0.213227 -0.350206 0.936673 -0.000003 -0.000002 -0.000001 0.000003 1.000000 0.000003 0.000000 0.000000 0.000000 1.000000
0.936672 0.350206 -0.000001 -0.213227 -0.350206 0.936673 -0.000003 -0.000002 -0.000001 0.000003 1.000000 0.000004 0.000000 0.000000 0.000000 1.000000
0.936672 0.350206 -0.000001 -0.213227 -0.350206 0.936672 -0.000003 -0.000001 -0.000001 0.000003 1.000000 0.000004 0.000000 0.000000 0.000000 1.000000
0.936672 0.350206 -0.000001 -0.213226 -0.350206 0.936672 -0.000003 -0.000002 -0.000001 0.000003 1.000000 0.000004 0.000000 0.000000 0.000000 1.000000
0.936672 0.350206 -0.000001 -0.213227 -0.350206 0.936672 -0.000003 -0.000002 -0.000001 0.000003 1.000000 0.000004 0.000000 0.000000 0.000000 1.000000
0.936672 0.350206 -0.000001 -0.213228 -0.350206 0.936672 -0.000003 -0.000002 -0.000001 0.000003 1.000000 0.000003 0.000000 0.000000 0.000000 1.000000
0.936672 0.350206 -0.000001 -0.213227 -0.350206 0.936672 -0.000003 -0.000001 -0.000001 0.000003 1.000000 0.000005 0.000000 0.000000 0.000000 1.000000
0.936673 0.350207 -0.000001 -0.213227 -0.350206 0.936673 -0.000003 -0.000001 -0.000001 0.000003 1.000000 0.000004 0.000000 0.000000 0.000000 1.000000
0.936673 0.350206 -0.000001 -0.213226 -0.350206 0.936673 -0.000003 -0.000002 -0.000001 0.000003 1.000000 0.000004 0.000000 0.000000 0.000000 1.000000</float_array>
     <technique_common>
      <accessor source="#jnt_left_handthumb2-Matrix-animation-output-transform-array" count="30" stride="16">
       <param type="float4x4"></param>
      </accessor>
     </technique_common>
    </source>
    <source id="jnt_left_handthumb2-Interpolations">
     <Name_array id="jnt_left_handthumb2-Interpolations-array" count="30">
 LINEAR LINEAR LINEAR LINEAR LINEAR LINEAR LINEAR LINEAR LINEAR LINEAR LINEAR
LINEAR LINEAR LINEAR LINEAR LINEAR LINEAR LINEAR LINEAR LINEAR LINEAR LINEAR LINEAR
LINEAR LINEAR LINEAR LINEAR LINEAR LINEAR LINEAR</Name_array>
     <technique_common>
      <accessor source="#jnt_left_handthumb2-Interpolations-array" count="30">
       <param type="name"></param>
      </accessor>
     </technique_common>
    </source>
    <sampler id="jnt_left_handthumb2-Matrix-animation-transform">
     <input semantic="INPUT" source="#jnt_left_handthumb2-Matrix-animation-input"></input>
     <input semantic="OUTPUT" source="#jnt_left_handthumb2-Matrix-animation-output-transform"></input>
     <input semantic="INTERPOLATION" source="#jnt_left_handthumb2-Interpolations"></input>
    </sampler>
    <channel source="#jnt_left_handthumb2-Matrix-animation-transform" target="jnt_left_handthumb2/matrix"></channel>
   </animation>
  </animation>
  <animation id="jnt_left_handthumb3-anim" name="jnt_left_handthumb3">
   <animation>
    <source id="jnt_left_handthumb3-Matrix-animation-input">
     <float_array id="jnt_left_handthumb3-Matrix-animation-input-array" count="30">

0.000000 0.033333 0.066667 0.100000 0.133333 0.166667 0.200000 0.233333 0.266667 0.300000 0.333333 0.366667 0.400000 0.433333 0.466667 0.500000
0.533333 0.566667 0.600000 0.633333 0.666667 0.700000 0.733333 0.766667 0.800000 0.833333 0.866667 0.900000 0.933333 0.966667</float_array>
     <technique_common>
      <accessor source="#jnt_left_handthumb3-Matrix-animation-input-array" count="30">
       <param name="TIME" type="float"></param>
      </accessor>
     </technique_common>
    </source>
    <source id="jnt_left_handthumb3-Matrix-animation-output-transform">
     <float_array id="jnt_left_handthumb3-Matrix-animation-output-transform-array" count="480">

0.957316 0.289044 -0.000001 -0.141879 -0.289044 0.957316 -0.000003 0.000003 0.000000 0.000003 1.000000 -0.000027 0.000000 0.000000 0.000000 1.000000
0.957316 0.289044 -0.000001 -0.141879 -0.289044 0.957316 -0.000003 0.000003 0.000000 0.000003 1.000000 -0.000027 0.000000 0.000000 0.000000 1.000000
0.957316 0.289044 -0.000001 -0.141879 -0.289044 0.957316 -0.000003 0.000003 0.000000 0.000003 1.000000 -0.000027 0.000000 0.000000 0.000000 1.000000
0.957316 0.289044 -0.000001 -0.141879 -0.289044 0.957316 -0.000003 0.000003 0.000000 0.000003 1.000000 -0.000027 0.000000 0.000000 0.000000 1.000000
0.957316 0.289044 -0.000001 -0.141879 -0.289044 0.957316 -0.000003 0.000003 0.000000 0.000003 1.000000 -0.000027 0.000000 0.000000 0.000000 1.000000
0.957316 0.289044 -0.000001 -0.141879 -0.289044 0.957316 -0.000003 0.000003 0.000000 0.000003 1.000000 -0.000027 0.000000 0.000000 0.000000 1.000000
0.957316 0.289044 -0.000001 -0.141879 -0.289044 0.957316 -0.000003 0.000003 0.000000 0.000003 1.000000 -0.000027 0.000000 0.000000 0.000000 1.000000
0.957316 0.289044 -0.000001 -0.141878 -0.289044 0.957316 -0.000003 0.000003 0.000000 0.000003 1.000000 -0.000027 0.000000 0.000000 0.000000 1.000000
0.957316 0.289044 -0.000001 -0.141879 -0.289044 0.957316 -0.000003 0.000003 0.000000 0.000003 1.000000 -0.000027 0.000000 0.000000 0.000000 1.000000
0.957316 0.289044 -0.000001 -0.141878 -0.289044 0.957316 -0.000003 0.000003 0.000000 0.000003 1.000000 -0.000027 0.000000 0.000000 0.000000 1.000000
0.957316 0.289044 -0.000001 -0.141878 -0.289044 0.957316 -0.000003 0.000003 0.000000 0.000003 1.000000 -0.000027 0.000000 0.000000 0.000000 1.000000
0.957316 0.289044 -0.000001 -0.141879 -0.289044 0.957316 -0.000003 0.000003 0.000000 0.000003 1.000000 -0.000027 0.000000 0.000000 0.000000 1.000000
0.957316 0.289044 -0.000001 -0.141879 -0.289044 0.957316 -0.000003 0.000003 0.000000 0.000003 1.000000 -0.000028 0.000000 0.000000 0.000000 1.000000
0.957316 0.289044 -0.000001 -0.141879 -0.289044 0.957316 -0.000003 0.000003 0.000000 0.000003 1.000000 -0.000027 0.000000 0.000000 0.000000 1.000000
0.957316 0.289044 -0.000001 -0.141879 -0.289044 0.957316 -0.000003 0.000003 0.000000 0.000003 1.000000 -0.000027 0.000000 0.000000 0.000000 1.000000
0.957316 0.289044 -0.000001 -0.141880 -0.289044 0.957316 -0.000003 0.000002 0.000000 0.000003 1.000000 -0.000027 0.000000 0.000000 0.000000 1.000000
0.957316 0.289044 -0.000001 -0.141879 -0.289044 0.957316 -0.000003 0.000002 0.000000 0.000003 1.000000 -0.000027 0.000000 0.000000 0.000000 1.000000
0.957316 0.289044 -0.000001 -0.141880 -0.289044 0.957316 -0.000003 0.000003 0.000000 0.000003 1.000000 -0.000027 0.000000 0.000000 0.000000 1.000000
0.957316 0.289044 -0.000001 -0.141878 -0.289044 0.957316 -0.000003 0.000002 0.000000 0.000003 1.000000 -0.000027 0.000000 0.000000 0.000000 1.000000
0.957316 0.289044 -0.000001 -0.141879 -0.289044 0.957316 -0.000003 0.000003 0.000000 0.000003 1.000000 -0.000027 0.000000 0.000000 0.000000 1.000000
0.957316 0.289044 -0.000001 -0.141879 -0.289044 0.957316 -0.000003 0.000003 0.000000 0.000003 1.000000 -0.000027 0.000000 0.000000 0.000000 1.000000
0.957316 0.289044 -0.000001 -0.141879 -0.289044 0.957316 -0.000003 0.000004 0.000000 0.000003 1.000000 -0.000027 0.000000 0.000000 0.000000 1.000000
0.957316 0.289044 -0.000001 -0.141878 -0.289044 0.957316 -0.000003 0.000003 0.000000 0.000003 1.000000 -0.000027 0.000000 0.000000 0.000000 1.000000
0.957316 0.289044 -0.000001 -0.141878 -0.289044 0.957316 -0.000003 0.000003 0.000000 0.000003 1.000000 -0.000027 0.000000 0.000000 0.000000 1.000000
0.957316 0.289044 -0.000001 -0.141879 -0.289044 0.957316 -0.000003 0.000003 0.000000 0.000003 1.000000 -0.000027 0.000000 0.000000 0.000000 1.000000
0.957316 0.289044 -0.000001 -0.141879 -0.289044 0.957316 -0.000003 0.000002 0.000000 0.000003 1.000000 -0.000028 0.000000 0.000000 0.000000 1.000000
0.957316 0.289044 -0.000001 -0.141879 -0.289044 0.957316 -0.000003 0.000002 0.000000 0.000003 1.000000 -0.000027 0.000000 0.000000 0.000000 1.000000
0.957316 0.289044 -0.000001 -0.141879 -0.289044 0.957316 -0.000003 0.000003 0.000000 0.000003 1.000000 -0.000027 0.000000 0.000000 0.000000 1.000000
0.957316 0.289044 -0.000001 -0.141879 -0.289044 0.957316 -0.000003 0.000003 0.000000 0.000003 1.000000 -0.000027 0.000000 0.000000 0.000000 1.000000
0.957316 0.289044 -0.000001 -0.141879 -0.289044 0.957316 -0.000003 0.000004 0.000000 0.000003 1.000000 -0.000027 0.000000 0.000000 0.000000 1.000000</float_array>
     <technique_common>
      <accessor source="#jnt_left_handthumb3-Matrix-animation-output-transform-array" count="30" stride="16">
       <param type="float4x4"></param>
      </accessor>
     </technique_common>
    </source>
    <source id="jnt_left_handthumb3-Interpolations">
     <Name_array id="jnt_left_handthumb3-Interpolations-array" count="30">
 LINEAR LINEAR LINEAR LINEAR LINEAR LINEAR LINEAR LINEAR LINEAR LINEAR LINEAR
LINEAR LINEAR LINEAR LINEAR LINEAR LINEAR LINEAR LINEAR LINEAR LINEAR LINEAR LINEAR
LINEAR LINEAR LINEAR LINEAR LINEAR LINEAR LINEAR</Name_array>
     <technique_common>
      <accessor source="#jnt_left_handthumb3-Interpolations-array" count="30">
       <param type="name"></param>
      </accessor>
     </technique_common>
    </source>
    <sampler id="jnt_left_handthumb3-Matrix-animation-transform">
     <input semantic="INPUT" source="#jnt_left_handthumb3-Matrix-animation-input"></input>
     <input semantic="OUTPUT" source="#jnt_left_handthumb3-Matrix-animation-output-transform"></input>
     <input semantic="INTERPOLATION" source="#jnt_left_handthumb3-Interpolations"></input>
    </sampler>
    <channel source="#jnt_left_handthumb3-Matrix-animation-transform" target="jnt_left_handthumb3/matrix"></channel>
   </animation>
  </animation>
  <animation id="jnt_left_handthumb4-anim" name="jnt_left_handthumb4">
   <animation>
    <source id="jnt_left_handthumb4-Matrix-animation-input">
     <float_array id="jnt_left_handthumb4-Matrix-animation-input-array" count="30">

0.000000 0.033333 0.066667 0.100000 0.133333 0.166667 0.200000 0.233333 0.266667 0.300000 0.333333 0.366667 0.400000 0.433333 0.466667 0.500000
0.533333 0.566667 0.600000 0.633333 0.666667 0.700000 0.733333 0.766667 0.800000 0.833333 0.866667 0.900000 0.933333 0.966667</float_array>
     <technique_common>
      <accessor source="#jnt_left_handthumb4-Matrix-animation-input-array" count="30">
       <param name="TIME" type="float"></param>
      </accessor>
     </technique_common>
    </source>
    <source id="jnt_left_handthumb4-Matrix-animation-output-transform">
     <float_array id="jnt_left_handthumb4-Matrix-animation-output-transform-array" count="480">

1.000000 -0.000000 0.000000 -0.122601 0.000000 1.000000 0.000000 -0.000006 -0.000000 -0.000000 1.000000 0.000005 0.000000 0.000000 0.000000 1.000000
1.000000 -0.000000 0.000000 -0.122601 0.000000 1.000000 0.000000 -0.000006 -0.000000 -0.000000 1.000000 0.000005 0.000000 0.000000 0.000000 1.000000
1.000000 -0.000000 0.000000 -0.122601 0.000000 1.000000 0.000000 -0.000006 -0.000000 -0.000000 1.000000 0.000005 0.000000 0.000000 0.000000 1.000000
1.000000 -0.000000 -0.000000 -0.122601 0.000000 1.000000 0.000000 -0.000006 0.000000 -0.000000 1.000000 0.000005 0.000000 0.000000 0.000000 1.000000
1.000000 -0.000000 0.000000 -0.122601 0.000000 1.000000 0.000000 -0.000006 -0.000000 -0.000000 1.000000 0.000005 0.000000 0.000000 0.000000 1.000000
1.000000 -0.000000 -0.000000 -0.122601 0.000000 1.000000 0.000000 -0.000006 0.000000 -0.000000 1.000000 0.000005 0.000000 0.000000 0.000000 1.000000
1.000000 -0.000000 0.000000 -0.122601 0.000000 1.000000 0.000000 -0.000006 -0.000000 -0.000000 1.000000 0.000005 0.000000 0.000000 0.000000 1.000000
1.000000 -0.000000 -0.000000 -0.122601 0.000000 1.000000 0.000000 -0.000006 0.000000 -0.000000 1.000000 0.000005 0.000000 0.000000 0.000000 1.000000
1.000000 -0.000000 0.000000 -0.122601 0.000000 1.000000 0.000000 -0.000006 -0.000000 -0.000000 1.000000 0.000005 0.000000 0.000000 0.000000 1.000000
1.000000 -0.000000 0.000000 -0.122601 0.000000 1.000000 0.000000 -0.000006 -0.000000 -0.000000 1.000000 0.000005 0.000000 0.000000 0.000000 1.000000
1.000000 -0.000000 -0.000000 -0.122601 0.000000 1.000000 0.000000 -0.000006 0.000000 -0.000000 1.000000 0.000005 0.000000 0.000000 0.000000 1.000000
1.000000 -0.000000 0.000000 -0.122601 0.000000 1.000000 0.000000 -0.000006 -0.000000 -0.000000 1.000000 0.000005 0.000000 0.000000 0.000000 1.000000
1.000000 -0.000000 -0.000000 -0.122601 0.000000 1.000000 0.000000 -0.000006 0.000000 -0.000000 1.000000 0.000005 0.000000 0.000000 0.000000 1.000000
1.000000 -0.000000 0.000000 -0.122601 0.000000 1.000000 0.000000 -0.000006 -0.000000 -0.000000 1.000000 0.000005 0.000000 0.000000 0.000000 1.000000
1.000000 -0.000000 0.000000 -0.122601 0.000000 1.000000 0.000000 -0.000005 -0.000000 -0.000000 1.000000 0.000005 0.000000 0.000000 0.000000 1.000000
1.000000 -0.000000 -0.000000 -0.122601 0.000000 1.000000 0.000000 -0.000005 0.000000 -0.000000 1.000000 0.000005 0.000000 0.000000 0.000000 1.000000
1.000000 -0.000000 -0.000000 -0.122601 0.000000 1.000000 0.000000 -0.000006 0.000000 -0.000000 1.000000 0.000005 0.000000 0.000000 0.000000 1.000000
1.000000 -0.000000 0.000000 -0.122601 0.000000 1.000000 0.000000 -0.000006 -0.000000 -0.000000 1.000000 0.000005 0.000000 0.000000 0.000000 1.000000
1.000000 -0.000000 0.000000 -0.122601 0.000000 1.000000 0.000000 -0.000006 -0.000000 -0.000000 1.000000 0.000005 0.000000 0.000000 0.000000 1.000000
1.000000 -0.000000 0.000000 -0.122601 0.000000 1.000000 0.000000 -0.000006 -0.000000 -0.000000 1.000000 0.000005 0.000000 0.000000 0.000000 1.000000
1.000000 -0.000000 0.000000 -0.122601 0.000000 1.000000 0.000000 -0.000006 -0.000000 -0.000000 1.000000 0.000005 0.000000 0.000000 0.000000 1.000000
1.000000 -0.000000 -0.000000 -0.122601 0.000000 1.000000 0.000000 -0.000005 0.000000 -0.000000 1.000000 0.000005 0.000000 0.000000 0.000000 1.000000
1.000000 -0.000000 0.000000 -0.122601 0.000000 1.000000 0.000000 -0.000006 -0.000000 -0.000000 1.000000 0.000005 0.000000 0.000000 0.000000 1.000000
1.000000 -0.000000 0.000000 -0.122601 0.000000 1.000000 0.000000 -0.000006 -0.000000 -0.000000 1.000000 0.000005 0.000000 0.000000 0.000000 1.000000
1.000000 -0.000000 0.000000 -0.122601 0.000000 1.000000 0.000000 -0.000006 -0.000000 -0.000000 1.000000 0.000005 0.000000 0.000000 0.000000 1.000000
1.000000 -0.000000 0.000000 -0.122601 0.000000 1.000000 0.000000 -0.000005 -0.000000 -0.000000 1.000000 0.000005 0.000000 0.000000 0.000000 1.000000
1.000000 -0.000000 -0.000000 -0.122601 0.000000 1.000000 0.000000 -0.000006 0.000000 -0.000000 1.000000 0.000005 0.000000 0.000000 0.000000 1.000000
1.000000 -0.000000 -0.000000 -0.122601 0.000000 1.000000 0.000000 -0.000006 0.000000 -0.000000 1.000000 0.000005 0.000000 0.000000 0.000000 1.000000
1.000000 -0.000000 -0.000000 -0.122601 0.000000 1.000000 0.000000 -0.000006 0.000000 -0.000000 1.000000 0.000005 0.000000 0.000000 0.000000 1.000000
1.000000 -0.000000 -0.000000 -0.122601 0.000000 1.000000 0.000000 -0.000006 0.000000 -0.000000 1.000000 0.000005 0.000000 0.000000 0.000000 1.000000</float_array>
     <technique_common>
      <accessor source="#jnt_left_handthumb4-Matrix-animation-output-transform-array" count="30" stride="16">
       <param type="float4x4"></param>
      </accessor>
     </technique_common>
    </source>
    <source id="jnt_left_handthumb4-Interpolations">
     <Name_array id="jnt_left_handthumb4-Interpolations-array" count="30">
 LINEAR LINEAR LINEAR LINEAR LINEAR LINEAR LINEAR LINEAR LINEAR LINEAR LINEAR
LINEAR LINEAR LINEAR LINEAR LINEAR LINEAR LINEAR LINEAR LINEAR LINEAR LINEAR LINEAR
LINEAR LINEAR LINEAR LINEAR LINEAR LINEAR LINEAR</Name_array>
     <technique_common>
      <accessor source="#jnt_left_handthumb4-Interpolations-array" count="30">
       <param type="name"></param>
      </accessor>
     </technique_common>
    </source>
    <sampler id="jnt_left_handthumb4-Matrix-animation-transform">
     <input semantic="INPUT" source="#jnt_left_handthumb4-Matrix-animation-input"></input>
     <input semantic="OUTPUT" source="#jnt_left_handthumb4-Matrix-animation-output-transform"></input>
     <input semantic="INTERPOLATION" source="#jnt_left_handthumb4-Interpolations"></input>
    </sampler>
    <channel source="#jnt_left_handthumb4-Matrix-animation-transform" target="jnt_left_handthumb4/matrix"></channel>
   </animation>
  </animation>
  <animation id="jnt_left_handindex1-anim" name="jnt_left_handindex1">
   <animation>
    <source id="jnt_left_handindex1-Matrix-animation-input">
     <float_array id="jnt_left_handindex1-Matrix-animation-input-array" count="30">

0.000000 0.033333 0.066667 0.100000 0.133333 0.166667 0.200000 0.233333 0.266667 0.300000 0.333333 0.366667 0.400000 0.433333 0.466667 0.500000
0.533333 0.566667 0.600000 0.633333 0.666667 0.700000 0.733333 0.766667 0.800000 0.833333 0.866667 0.900000 0.933333 0.966667</float_array>
     <technique_common>
      <accessor source="#jnt_left_handindex1-Matrix-animation-input-array" count="30">
       <param name="TIME" type="float"></param>
      </accessor>
     </technique_common>
    </source>
    <source id="jnt_left_handindex1-Matrix-animation-output-transform">
     <float_array id="jnt_left_handindex1-Matrix-animation-output-transform-array" count="480">

0.803118 0.595024 -0.030790 -0.494375 -0.069847 0.042702 -0.996644 -0.203977 -0.591712 0.802573 0.075855 -0.029847 0.000000 0.000000 0.000000 1.000000
0.803118 0.595024 -0.030790 -0.494375 -0.069847 0.042702 -0.996643 -0.203977 -0.591712 0.802573 0.075855 -0.029847 0.000000 0.000000 0.000000 1.000000
0.803118 0.595024 -0.030790 -0.494374 -0.069847 0.042702 -0.996643 -0.203977 -0.591712 0.802573 0.075855 -0.029847 0.000000 0.000000 0.000000 1.000000
0.803118 0.595024 -0.030790 -0.494375 -0.069847 0.042702 -0.996643 -0.203977 -0.591712 0.802573 0.075855 -0.029847 0.000000 0.000000 0.000000 1.000000
0.803118 0.595024 -0.030790 -0.494375 -0.069847 0.042702 -0.996643 -0.203977 -0.591712 0.802573 0.075855 -0.029848 0.000000 0.000000 0.000000 1.000000
0.803118 0.595024 -0.030790 -0.494375 -0.069847 0.042702 -0.996643 -0.203977 -0.591712 0.802573 0.075855 -0.029847 0.000000 0.000000 0.000000 1.000000
0.803118 0.595024 -0.030790 -0.494375 -0.069847 0.042702 -0.996643 -0.203977 -0.591712 0.802573 0.075856 -0.029847 0.000000 0.000000 0.000000 1.000000
0.803118 0.595024 -0.030790 -0.494375 -0.069847 0.042702 -0.996643 -0.203977 -0.591712 0.802573 0.075855 -0.029847 0.000000 0.000000 0.000000 1.000000
0.803118 0.595024 -0.030790 -0.494375 -0.069847 0.042702 -0.996643 -0.203977 -0.591712 0.802573 0.075855 -0.029848 0.000000 0.000000 0.000000 1.000000
0.803118 0.595024 -0.030790 -0.494375 -0.069847 0.042702 -0.996643 -0.203977 -0.591712 0.802573 0.075855 -0.029847 0.000000 0.000000 0.000000 1.000000
0.803118 0.595024 -0.030790 -0.494374 -0.069847 0.042702 -0.996643 -0.203977 -0.591712 0.802573 0.075855 -0.029847 0.000000 0.000000 0.000000 1.000000
0.803118 0.595024 -0.030790 -0.494374 -0.069847 0.042702 -0.996643 -0.203977 -0.591712 0.802573 0.075855 -0.029847 0.000000 0.000000 0.000000 1.000000
0.803118 0.595024 -0.030790 -0.494375 -0.069847 0.042702 -0.996643 -0.203977 -0.591712 0.802573 0.075855 -0.029848 0.000000 0.000000 0.000000 1.000000
0.803118 0.595024 -0.030790 -0.494375 -0.069847 0.042702 -0.996643 -0.203976 -0.591712 0.802573 0.075855 -0.029848 0.000000 0.000000 0.000000 1.000000
0.803118 0.595024 -0.030790 -0.494375 -0.069847 0.042702 -0.996643 -0.203977 -0.591712 0.802573 0.075855 -0.029847 0.000000 0.000000 0.000000 1.000000
0.803118 0.595024 -0.030790 -0.494375 -0.069847 0.042702 -0.996643 -0.203977 -0.591712 0.802573 0.075855 -0.029847 0.000000 0.000000 0.000000 1.000000
0.803118 0.595024 -0.030790 -0.494375 -0.069847 0.042702 -0.996643 -0.203977 -0.591712 0.802573 0.075855 -0.029847 0.000000 0.000000 0.000000 1.000000
0.803118 0.595024 -0.030790 -0.494375 -0.069847 0.042702 -0.996643 -0.203977 -0.591712 0.802573 0.075855 -0.029848 0.000000 0.000000 0.000000 1.000000
0.803118 0.595024 -0.030790 -0.494375 -0.069847 0.042702 -0.996643 -0.203977 -0.591712 0.802573 0.075856 -0.029847 0.000000 0.000000 0.000000 1.000000
0.803118 0.595024 -0.030790 -0.494375 -0.069847 0.042702 -0.996643 -0.203977 -0.591712 0.802573 0.075855 -0.029847 0.000000 0.000000 0.000000 1.000000
0.803118 0.595024 -0.030790 -0.494374 -0.069847 0.042702 -0.996643 -0.203977 -0.591712 0.802573 0.075855 -0.029847 0.000000 0.000000 0.000000 1.000000
0.803118 0.595024 -0.030790 -0.494375 -0.069847 0.042702 -0.996643 -0.203977 -0.591712 0.802573 0.075855 -0.029848 0.000000 0.000000 0.000000 1.000000
0.803118 0.595024 -0.030790 -0.494375 -0.069847 0.042702 -0.996643 -0.203977 -0.591712 0.802573 0.075855 -0.029847 0.000000 0.000000 0.000000 1.000000
0.803118 0.595024 -0.030790 -0.494375 -0.069847 0.042702 -0.996643 -0.203977 -0.591712 0.802573 0.075855 -0.029847 0.000000 0.000000 0.000000 1.000000
0.803118 0.595024 -0.030790 -0.494376 -0.069847 0.042702 -0.996643 -0.203977 -0.591712 0.802573 0.075855 -0.029847 0.000000 0.000000 0.000000 1.000000
0.803118 0.595024 -0.030790 -0.494375 -0.069847 0.042702 -0.996643 -0.203977 -0.591712 0.802573 0.075855 -0.029847 0.000000 0.000000 0.000000 1.000000
0.803118 0.595024 -0.030790 -0.494375 -0.069847 0.042702 -0.996643 -0.203977 -0.591712 0.802573 0.075855 -0.029847 0.000000 0.000000 0.000000 1.000000
0.803118 0.595024 -0.030790 -0.494374 -0.069847 0.042702 -0.996643 -0.203977 -0.591712 0.802573 0.075855 -0.029848 0.000000 0.000000 0.000000 1.000000
0.803118 0.595024 -0.030790 -0.494375 -0.069847 0.042702 -0.996643 -0.203977 -0.591712 0.802573 0.075855 -0.029847 0.000000 0.000000 0.000000 1.000000
0.803118 0.595024 -0.030790 -0.494375 -0.069847 0.042702 -0.996643 -0.203977 -0.591712 0.802573 0.075855 -0.029846 0.000000 0.000000 0.000000 1.000000</float_array>
     <technique_common>
      <accessor source="#jnt_left_handindex1-Matrix-animation-output-transform-array" count="30" stride="16">
       <param type="float4x4"></param>
      </accessor>
     </technique_common>
    </source>
    <source id="jnt_left_handindex1-Interpolations">
     <Name_array id="jnt_left_handindex1-Interpolations-array" count="30">
 LINEAR LINEAR LINEAR LINEAR LINEAR LINEAR LINEAR LINEAR LINEAR LINEAR LINEAR
LINEAR LINEAR LINEAR LINEAR LINEAR LINEAR LINEAR LINEAR LINEAR LINEAR LINEAR LINEAR
LINEAR LINEAR LINEAR LINEAR LINEAR LINEAR LINEAR</Name_array>
     <technique_common>
      <accessor source="#jnt_left_handindex1-Interpolations-array" count="30">
       <param type="name"></param>
      </accessor>
     </technique_common>
    </source>
    <sampler id="jnt_left_handindex1-Matrix-animation-transform">
     <input semantic="INPUT" source="#jnt_left_handindex1-Matrix-animation-input"></input>
     <input semantic="OUTPUT" source="#jnt_left_handindex1-Matrix-animation-output-transform"></input>
     <input semantic="INTERPOLATION" source="#jnt_left_handindex1-Interpolations"></input>
    </sampler>
    <channel source="#jnt_left_handindex1-Matrix-animation-transform" target="jnt_left_handindex1/matrix"></channel>
   </animation>
  </animation>
  <animation id="jnt_left_handindex2-anim" name="jnt_left_handindex2">
   <animation>
    <source id="jnt_left_handindex2-Matrix-animation-input">
     <float_array id="jnt_left_handindex2-Matrix-animation-input-array" count="30">

0.000000 0.033333 0.066667 0.100000 0.133333 0.166667 0.200000 0.233333 0.266667 0.300000 0.333333 0.366667 0.400000 0.433333 0.466667 0.500000
0.533333 0.566667 0.600000 0.633333 0.666667 0.700000 0.733333 0.766667 0.800000 0.833333 0.866667 0.900000 0.933333 0.966667</float_array>
     <technique_common>
      <accessor source="#jnt_left_handindex2-Matrix-animation-input-array" count="30">
       <param name="TIME" type="float"></param>
      </accessor>
     </technique_common>
    </source>
    <source id="jnt_left_handindex2-Matrix-animation-output-transform">
     <float_array id="jnt_left_handindex2-Matrix-animation-output-transform-array" count="480">

0.977194 0.212348 -0.000000 -0.145432 -0.212348 0.977194 -0.000000 0.001125 0.000000 0.000000 1.000000 0.000040 0.000000 0.000000 0.000000 1.000000
0.977194 0.212348 -0.000000 -0.145432 -0.212348 0.977194 -0.000000 0.001125 0.000000 0.000001 1.000000 0.000040 0.000000 0.000000 0.000000 1.000000
0.977194 0.212348 -0.000000 -0.145432 -0.212348 0.977194 -0.000000 0.001124 0.000000 0.000001 1.000000 0.000040 0.000000 0.000000 0.000000 1.000000
0.977194 0.212348 -0.000000 -0.145432 -0.212348 0.977194 -0.000001 0.001125 0.000000 0.000001 1.000000 0.000040 0.000000 0.000000 0.000000 1.000000
0.977194 0.212348 -0.000000 -0.145432 -0.212348 0.977194 -0.000000 0.001125 0.000000 0.000001 1.000000 0.000040 0.000000 0.000000 0.000000 1.000000
0.977194 0.212348 -0.000000 -0.145431 -0.212348 0.977194 -0.000001 0.001124 0.000000 0.000001 1.000000 0.000040 0.000000 0.000000 0.000000 1.000000
0.977194 0.212348 -0.000000 -0.145433 -0.212348 0.977194 -0.000000 0.001124 0.000000 0.000000 1.000000 0.000040 0.000000 0.000000 0.000000 1.000000
0.977194 0.212348 -0.000000 -0.145433 -0.212348 0.977194 -0.000000 0.001125 0.000000 0.000001 1.000000 0.000040 0.000000 0.000000 0.000000 1.000000
0.977194 0.212348 -0.000000 -0.145432 -0.212348 0.977194 -0.000000 0.001125 0.000000 0.000000 1.000000 0.000040 0.000000 0.000000 0.000000 1.000000
0.977194 0.212348 -0.000000 -0.145432 -0.212348 0.977194 -0.000001 0.001125 0.000000 0.000001 1.000000 0.000040 0.000000 0.000000 0.000000 1.000000
0.977194 0.212348 -0.000000 -0.145432 -0.212348 0.977194 -0.000000 0.001125 0.000000 0.000000 1.000000 0.000040 0.000000 0.000000 0.000000 1.000000
0.977194 0.212348 -0.000000 -0.145432 -0.212348 0.977194 -0.000000 0.001125 0.000000 0.000001 1.000000 0.000040 0.000000 0.000000 0.000000 1.000000
0.977194 0.212348 -0.000000 -0.145431 -0.212348 0.977194 -0.000000 0.001124 0.000000 0.000000 1.000000 0.000040 0.000000 0.000000 0.000000 1.000000
0.977194 0.212348 -0.000000 -0.145432 -0.212348 0.977194 -0.000000 0.001125 0.000000 0.000000 1.000000 0.000040 0.000000 0.000000 0.000000 1.000000
0.977194 0.212348 -0.000000 -0.145432 -0.212348 0.977194 -0.000000 0.001124 0.000000 0.000001 1.000000 0.000040 0.000000 0.000000 0.000000 1.000000
0.977194 0.212348 -0.000000 -0.145431 -0.212348 0.977194 -0.000000 0.001124 0.000000 0.000000 1.000000 0.000040 0.000000 0.000000 0.000000 1.000000
0.977194 0.212348 -0.000000 -0.145432 -0.212348 0.977194 -0.000000 0.001124 0.000000 0.000001 1.000000 0.000040 0.000000 0.000000 0.000000 1.000000
0.977194 0.212348 -0.000000 -0.145433 -0.212348 0.977194 -0.000001 0.001125 0.000000 0.000001 1.000000 0.000040 0.000000 0.000000 0.000000 1.000000
0.977194 0.212348 -0.000000 -0.145431 -0.212348 0.977194 -0.000001 0.001124 0.000000 0.000001 1.000000 0.000040 0.000000 0.000000 0.000000 1.000000
0.977194 0.212348 -0.000000 -0.145432 -0.212348 0.977194 -0.000000 0.001125 0.000000 0.000001 1.000000 0.000040 0.000000 0.000000 0.000000 1.000000
0.977194 0.212348 -0.000000 -0.145432 -0.212348 0.977194 -0.000000 0.001125 0.000000 0.000001 1.000000 0.000040 0.000000 0.000000 0.000000 1.000000
0.977194 0.212348 -0.000000 -0.145432 -0.212348 0.977194 -0.000000 0.001125 0.000000 0.000001 1.000000 0.000040 0.000000 0.000000 0.000000 1.000000
0.977194 0.212348 -0.000000 -0.145433 -0.212348 0.977194 -0.000000 0.001125 0.000000 0.000001 1.000000 0.000040 0.000000 0.000000 0.000000 1.000000
0.977194 0.212348 -0.000000 -0.145432 -0.212348 0.977194 -0.000001 0.001125 0.000000 0.000001 1.000000 0.000040 0.000000 0.000000 0.000000 1.000000
0.977194 0.212348 -0.000000 -0.145432 -0.212348 0.977194 -0.000001 0.001125 0.000000 0.000001 1.000000 0.000040 0.000000 0.000000 0.000000 1.000000
0.977194 0.212348 -0.000000 -0.145434 -0.212348 0.977194 -0.000000 0.001125 0.000000 0.000001 1.000000 0.000040 0.000000 0.000000 0.000000 1.000000
0.977194 0.212348 -0.000000 -0.145432 -0.212348 0.977194 -0.000000 0.001125 0.000000 0.000001 1.000000 0.000040 0.000000 0.000000 0.000000 1.000000
0.977194 0.212348 -0.000000 -0.145432 -0.212348 0.977194 -0.000000 0.001124 0.000000 0.000001 1.000000 0.000040 0.000000 0.000000 0.000000 1.000000
0.977194 0.212348 -0.000000 -0.145432 -0.212348 0.977194 -0.000001 0.001125 0.000000 0.000001 1.000000 0.000040 0.000000 0.000000 0.000000 1.000000
0.977194 0.212348 -0.000000 -0.145431 -0.212348 0.977194 -0.000001 0.001125 0.000000 0.000001 1.000000 0.000040 0.000000 0.000000 0.000000 1.000000</float_array>
     <technique_common>
      <accessor source="#jnt_left_handindex2-Matrix-animation-output-transform-array" count="30" stride="16">
       <param type="float4x4"></param>
      </accessor>
     </technique_common>
    </source>
    <source id="jnt_left_handindex2-Interpolations">
     <Name_array id="jnt_left_handindex2-Interpolations-array" count="30">
 LINEAR LINEAR LINEAR LINEAR LINEAR LINEAR LINEAR LINEAR LINEAR LINEAR LINEAR
LINEAR LINEAR LINEAR LINEAR LINEAR LINEAR LINEAR LINEAR LINEAR LINEAR LINEAR LINEAR
LINEAR LINEAR LINEAR LINEAR LINEAR LINEAR LINEAR</Name_array>
     <technique_common>
      <accessor source="#jnt_left_handindex2-Interpolations-array" count="30">
       <param type="name"></param>
      </accessor>
     </technique_common>
    </source>
    <sampler id="jnt_left_handindex2-Matrix-animation-transform">
     <input semantic="INPUT" source="#jnt_left_handindex2-Matrix-animation-input"></input>
     <input semantic="OUTPUT" source="#jnt_left_handindex2-Matrix-animation-output-transform"></input>
     <input semantic="INTERPOLATION" source="#jnt_left_handindex2-Interpolations"></input>
    </sampler>
    <channel source="#jnt_left_handindex2-Matrix-animation-transform" target="jnt_left_handindex2/matrix"></channel>
   </animation>
  </animation>
  <animation id="jnt_left_handindex3-anim" name="jnt_left_handindex3">
   <animation>
    <source id="jnt_left_handindex3-Matrix-animation-input">
     <float_array id="jnt_left_handindex3-Matrix-animation-input-array" count="30">

0.000000 0.033333 0.066667 0.100000 0.133333 0.166667 0.200000 0.233333 0.266667 0.300000 0.333333 0.366667 0.400000 0.433333 0.466667 0.500000
0.533333 0.566667 0.600000 0.633333 0.666667 0.700000 0.733333 0.766667 0.800000 0.833333 0.866667 0.900000 0.933333 0.966667</float_array>
     <technique_common>
      <accessor source="#jnt_left_handindex3-Matrix-animation-input-array" count="30">
       <param name="TIME" type="float"></param>
      </accessor>
     </technique_common>
    </source>
    <source id="jnt_left_handindex3-Matrix-animation-output-transform">
     <float_array id="jnt_left_handindex3-Matrix-animation-output-transform-array" count="480">

0.999087 0.042728 -0.000000 -0.093752 -0.042728 0.999086 0.000001 0.000003 0.000000 -0.000001 1.000000 -0.000000 0.000000 0.000000 0.000000 1.000000
0.999087 0.042728 -0.000000 -0.093753 -0.042728 0.999087 0.000001 0.000003 0.000000 -0.000001 1.000000 -0.000000 0.000000 0.000000 0.000000 1.000000
0.999087 0.042728 -0.000000 -0.093752 -0.042728 0.999087 0.000001 0.000003 0.000000 -0.000001 1.000000 0.000000 0.000000 0.000000 0.000000 1.000000
0.999087 0.042728 -0.000000 -0.093752 -0.042728 0.999086 0.000001 0.000003 0.000000 -0.000001 1.000000 -0.000000 0.000000 0.000000 0.000000 1.000000
0.999087 0.042728 -0.000000 -0.093752 -0.042728 0.999087 0.000001 0.000003 0.000000 -0.000001 1.000000 0.000000 0.000000 0.000000 0.000000 1.000000
0.999087 0.042728 -0.000000 -0.093752 -0.042728 0.999087 0.000001 0.000003 0.000000 -0.000001 1.000000 -0.000000 0.000000 0.000000 0.000000 1.000000
0.999087 0.042728 -0.000000 -0.093752 -0.042728 0.999087 0.000001 0.000003 0.000000 -0.000001 1.000000 -0.000000 0.000000 0.000000 0.000000 1.000000
0.999087 0.042728 -0.000000 -0.093752 -0.042728 0.999087 0.000001 0.000003 0.000000 -0.000001 1.000000 0.000000 0.000000 0.000000 0.000000 1.000000
0.999087 0.042728 -0.000000 -0.093752 -0.042728 0.999087 0.000001 0.000003 0.000000 -0.000001 1.000000 -0.000000 0.000000 0.000000 0.000000 1.000000
0.999087 0.042728 -0.000000 -0.093752 -0.042728 0.999087 0.000001 0.000003 0.000000 -0.000001 1.000000 0.000000 0.000000 0.000000 0.000000 1.000000
0.999087 0.042728 -0.000000 -0.093752 -0.042728 0.999087 0.000001 0.000003 0.000000 -0.000001 1.000000 0.000000 0.000000 0.000000 0.000000 1.000000
0.999087 0.042728 -0.000000 -0.093752 -0.042728 0.999087 0.000001 0.000002 0.000000 -0.000001 1.000000 0.000000 0.000000 0.000000 0.000000 1.000000
0.999087 0.042728 -0.000000 -0.093753 -0.042728 0.999087 0.000001 0.000003 0.000000 -0.000001 1.000000 -0.000000 0.000000 0.000000 0.000000 1.000000
0.999087 0.042728 -0.000000 -0.093752 -0.042728 0.999087 0.000001 0.000003 0.000000 -0.000001 1.000000 0.000000 0.000000 0.000000 0.000000 1.000000
0.999087 0.042728 -0.000000 -0.093752 -0.042728 0.999087 0.000001 0.000003 0.000000 -0.000001 1.000000 0.000000 0.000000 0.000000 0.000000 1.000000
0.999087 0.042728 -0.000000 -0.093753 -0.042728 0.999087 0.000001 0.000003 0.000000 -0.000001 1.000000 -0.000000 0.000000 0.000000 0.000000 1.000000
0.999087 0.042728 -0.000000 -0.093752 -0.042728 0.999086 0.000001 0.000003 0.000000 -0.000001 1.000000 -0.000000 0.000000 0.000000 0.000000 1.000000
0.999086 0.042728 -0.000000 -0.093753 -0.042728 0.999087 0.000001 0.000003 0.000000 -0.000001 1.000000 -0.000000 0.000000 0.000000 0.000000 1.000000
0.999087 0.042728 -0.000000 -0.093752 -0.042728 0.999087 0.000001 0.000002 0.000000 -0.000001 1.000000 -0.000000 0.000000 0.000000 0.000000 1.000000
0.999087 0.042728 -0.000000 -0.093752 -0.042728 0.999087 0.000001 0.000003 0.000000 -0.000001 1.000000 -0.000000 0.000000 0.000000 0.000000 1.000000
0.999087 0.042728 -0.000000 -0.093751 -0.042728 0.999087 0.000001 0.000004 0.000000 -0.000001 1.000000 0.000000 0.000000 0.000000 0.000000 1.000000
0.999087 0.042728 -0.000000 -0.093752 -0.042728 0.999086 0.000001 0.000003 0.000000 -0.000001 1.000000 0.000000 0.000000 0.000000 0.000000 1.000000
0.999087 0.042728 -0.000000 -0.093753 -0.042728 0.999087 0.000001 0.000003 0.000000 -0.000001 1.000000 0.000000 0.000000 0.000000 0.000000 1.000000
0.999087 0.042728 -0.000000 -0.093753 -0.042728 0.999087 0.000001 0.000003 0.000000 -0.000001 1.000000 0.000000 0.000000 0.000000 0.000000 1.000000
0.999087 0.042728 -0.000000 -0.093752 -0.042728 0.999087 0.000001 0.000003 0.000000 -0.000001 1.000000 0.000000 0.000000 0.000000 0.000000 1.000000
0.999087 0.042728 -0.000000 -0.093752 -0.042728 0.999087 0.000001 0.000003 0.000000 -0.000001 1.000000 -0.000000 0.000000 0.000000 0.000000 1.000000
0.999087 0.042728 -0.000000 -0.093752 -0.042728 0.999087 0.000001 0.000003 0.000000 -0.000001 1.000000 -0.000000 0.000000 0.000000 0.000000 1.000000
0.999087 0.042728 -0.000000 -0.093752 -0.042728 0.999087 0.000001 0.000002 0.000000 -0.000001 1.000000 0.000000 0.000000 0.000000 0.000000 1.000000
0.999087 0.042728 -0.000000 -0.093752 -0.042728 0.999087 0.000001 0.000002 0.000000 -0.000001 1.000000 0.000000 0.000000 0.000000 0.000000 1.000000
0.999087 0.042728 -0.000000 -0.093753 -0.042728 0.999087 0.000001 0.000003 0.000000 -0.000001 1.000000 -0.000000 0.000000 0.000000 0.000000 1.000000</float_array>
     <technique_common>
      <accessor source="#jnt_left_handindex3-Matrix-animation-output-transform-array" count="30" stride="16">
       <param type="float4x4"></param>
      </accessor>
     </technique_common>
    </source>
    <source id="jnt_left_handindex3-Interpolations">
     <Name_array id="jnt_left_handindex3-Interpolations-array" count="30">
 LINEAR LINEAR LINEAR LINEAR LINEAR LINEAR LINEAR LINEAR LINEAR LINEAR LINEAR
LINEAR LINEAR LINEAR LINEAR LINEAR LINEAR LINEAR LINEAR LINEAR LINEAR LINEAR LINEAR
LINEAR LINEAR LINEAR LINEAR LINEAR LINEAR LINEAR</Name_array>
     <technique_common>
      <accessor source="#jnt_left_handindex3-Interpolations-array" count="30">
       <param type="name"></param>
      </accessor>
     </technique_common>
    </source>
    <sampler id="jnt_left_handindex3-Matrix-animation-transform">
     <input semantic="INPUT" source="#jnt_left_handindex3-Matrix-animation-input"></input>
     <input semantic="OUTPUT" source="#jnt_left_handindex3-Matrix-animation-output-transform"></input>
     <input semantic="INTERPOLATION" source="#jnt_left_handindex3-Interpolations"></input>
    </sampler>
    <channel source="#jnt_left_handindex3-Matrix-animation-transform" target="jnt_left_handindex3/matrix"></channel>
   </animation>
  </animation>
  <animation id="jnt_left_handindex4-anim" name="jnt_left_handindex4">
   <animation>
    <source id="jnt_left_handindex4-Matrix-animation-input">
     <float_array id="jnt_left_handindex4-Matrix-animation-input-array" count="30">

0.000000 0.033333 0.066667 0.100000 0.133333 0.166667 0.200000 0.233333 0.266667 0.300000 0.333333 0.366667 0.400000 0.433333 0.466667 0.500000
0.533333 0.566667 0.600000 0.633333 0.666667 0.700000 0.733333 0.766667 0.800000 0.833333 0.866667 0.900000 0.933333 0.966667</float_array>
     <technique_common>
      <accessor source="#jnt_left_handindex4-Matrix-animation-input-array" count="30">
       <param name="TIME" type="float"></param>
      </accessor>
     </technique_common>
    </source>
    <source id="jnt_left_handindex4-Matrix-animation-output-transform">
     <float_array id="jnt_left_handindex4-Matrix-animation-output-transform-array" count="480">

1.000000 0.000000 0.000000 -0.107084 -0.000000 1.000000 -0.000000 0.000049 -0.000000 0.000000 1.000000 -0.001504 0.000000 0.000000 0.000000 1.000000
1.000000 0.000000 -0.000000 -0.107084 -0.000000 1.000000 0.000000 0.000048 0.000000 -0.000000 1.000000 -0.001504 0.000000 0.000000 0.000000 1.000000
1.000000 0.000000 0.000000 -0.107084 -0.000000 1.000000 0.000000 0.000048 -0.000000 -0.000000 1.000000 -0.001504 0.000000 0.000000 0.000000 1.000000
1.000000 -0.000000 0.000000 -0.107084 0.000000 1.000000 -0.000000 0.000049 -0.000000 0.000000 1.000000 -0.001504 0.000000 0.000000 0.000000 1.000000
1.000000 -0.000000 0.000000 -0.107084 0.000000 1.000000 -0.000000 0.000049 -0.000000 0.000000 1.000000 -0.001504 0.000000 0.000000 0.000000 1.000000
1.000000 0.000000 0.000000 -0.107084 -0.000000 1.000000 0.000000 0.000048 -0.000000 -0.000000 1.000000 -0.001504 0.000000 0.000000 0.000000 1.000000
1.000000 -0.000000 0.000000 -0.107084 0.000000 1.000000 -0.000000 0.000048 -0.000000 0.000000 1.000000 -0.001504 0.000000 0.000000 0.000000 1.000000
1.000000 0.000000 0.000000 -0.107084 -0.000000 1.000000 -0.000000 0.000048 -0.000000 0.000000 1.000000 -0.001504 0.000000 0.000000 0.000000 1.000000
1.000000 0.000000 -0.000000 -0.107084 -0.000000 1.000000 0.000000 0.000048 0.000000 -0.000000 1.000000 -0.001504 0.000000 0.000000 0.000000 1.000000
1.000000 0.000000 -0.000000 -0.107084 -0.000000 1.000000 -0.000000 0.000048 0.000000 0.000000 1.000000 -0.001504 0.000000 0.000000 0.000000 1.000000
1.000000 -0.000000 0.000000 -0.107084 0.000000 1.000000 0.000000 0.000048 -0.000000 -0.000000 1.000000 -0.001504 0.000000 0.000000 0.000000 1.000000
1.000000 0.000000 0.000000 -0.107084 -0.000000 1.000000 0.000000 0.000049 -0.000000 -0.000000 1.000000 -0.001504 0.000000 0.000000 0.000000 1.000000
1.000000 -0.000000 -0.000000 -0.107084 0.000000 1.000000 -0.000000 0.000048 0.000000 0.000000 1.000000 -0.001504 0.000000 0.000000 0.000000 1.000000
1.000000 0.000000 0.000000 -0.107084 -0.000000 1.000000 0.000000 0.000048 -0.000000 -0.000000 1.000000 -0.001504 0.000000 0.000000 0.000000 1.000000
1.000000 0.000000 0.000000 -0.107084 -0.000000 1.000000 0.000000 0.000049 -0.000000 -0.000000 1.000000 -0.001504 0.000000 0.000000 0.000000 1.000000
1.000000 0.000000 0.000000 -0.107084 -0.000000 1.000000 -0.000000 0.000049 -0.000000 0.000000 1.000000 -0.001504 0.000000 0.000000 0.000000 1.000000
1.000000 -0.000000 -0.000000 -0.107084 0.000000 1.000000 0.000000 0.000048 0.000000 -0.000000 1.000000 -0.001504 0.000000 0.000000 0.000000 1.000000
1.000000 -0.000000 0.000000 -0.107084 0.000000 1.000000 -0.000000 0.000049 -0.000000 0.000000 1.000000 -0.001504 0.000000 0.000000 0.000000 1.000000
1.000000 0.000000 0.000000 -0.107084 -0.000000 1.000000 -0.000000 0.000048 -0.000000 0.000000 1.000000 -0.001504 0.000000 0.000000 0.000000 1.000000
1.000000 0.000000 -0.000000 -0.107084 -0.000000 1.000000 -0.000000 0.000049 0.000000 0.000000 1.000000 -0.001504 0.000000 0.000000 0.000000 1.000000
1.000000 -0.000000 0.000000 -0.107084 0.000000 1.000000 0.000000 0.000048 -0.000000 -0.000000 1.000000 -0.001504 0.000000 0.000000 0.000000 1.000000
1.000000 0.000000 -0.000000 -0.107085 -0.000000 1.000000 0.000000 0.000049 0.000000 -0.000000 1.000000 -0.001504 0.000000 0.000000 0.000000 1.000000
1.000000 0.000000 0.000000 -0.107084 -0.000000 1.000000 0.000000 0.000049 -0.000000 -0.000000 1.000000 -0.001504 0.000000 0.000000 0.000000 1.000000
1.000000 0.000000 0.000000 -0.107084 -0.000000 1.000000 -0.000000 0.000048 -0.000000 0.000000 1.000000 -0.001504 0.000000 0.000000 0.000000 1.000000
1.000000 -0.000000 0.000000 -0.107084 0.000000 1.000000 -0.000000 0.000048 -0.000000 0.000000 1.000000 -0.001504 0.000000 0.000000 0.000000 1.000000
1.000000 0.000000 -0.000000 -0.107084 -0.000000 1.000000 0.000000 0.000048 0.000000 -0.000000 1.000000 -0.001504 0.000000 0.000000 0.000000 1.000000
1.000000 -0.000000 -0.000000 -0.107084 0.000000 1.000000 0.000000 0.000048 0.000000 -0.000000 1.000000 -0.001504 0.000000 0.000000 0.000000 1.000000
1.000000 0.000000 -0.000000 -0.107084 -0.000000 1.000000 -0.000000 0.000048 0.000000 0.000000 1.000000 -0.001504 0.000000 0.000000 0.000000 1.000000
1.000000 0.000000 0.000000 -0.107084 -0.000000 1.000000 -0.000000 0.000048 -0.000000 0.000000 1.000000 -0.001504 0.000000 0.000000 0.000000 1.000000
1.000000 -0.000000 0.000000 -0.107084 0.000000 1.000000 0.000000 0.000049 -0.000000 -0.000000 1.000000 -0.001504 0.000000 0.000000 0.000000 1.000000</float_array>
     <technique_common>
      <accessor source="#jnt_left_handindex4-Matrix-animation-output-transform-array" count="30" stride="16">
       <param type="float4x4"></param>
      </accessor>
     </technique_common>
    </source>
    <source id="jnt_left_handindex4-Interpolations">
     <Name_array id="jnt_left_handindex4-Interpolations-array" count="30">
 LINEAR LINEAR LINEAR LINEAR LINEAR LINEAR LINEAR LINEAR LINEAR LINEAR LINEAR
LINEAR LINEAR LINEAR LINEAR LINEAR LINEAR LINEAR LINEAR LINEAR LINEAR LINEAR LINEAR
LINEAR LINEAR LINEAR LINEAR LINEAR LINEAR LINEAR</Name_array>
     <technique_common>
      <accessor source="#jnt_left_handindex4-Interpolations-array" count="30">
       <param type="name"></param>
      </accessor>
     </technique_common>
    </source>
    <sampler id="jnt_left_handindex4-Matrix-animation-transform">
     <input semantic="INPUT" source="#jnt_left_handindex4-Matrix-animation-input"></input>
     <input semantic="OUTPUT" source="#jnt_left_handindex4-Matrix-animation-output-transform"></input>
     <input semantic="INTERPOLATION" source="#jnt_left_handindex4-Interpolations"></input>
    </sampler>
    <channel source="#jnt_left_handindex4-Matrix-animation-transform" target="jnt_left_handindex4/matrix"></channel>
   </animation>
  </animation>
  <animation id="jnt_left_weapon-anim" name="jnt_left_weapon">
   <animation>
    <source id="jnt_left_weapon-Matrix-animation-input">
     <float_array id="jnt_left_weapon-Matrix-animation-input-array" count="30">

0.000000 0.033333 0.066667 0.100000 0.133333 0.166667 0.200000 0.233333 0.266667 0.300000 0.333333 0.366667 0.400000 0.433333 0.466667 0.500000
0.533333 0.566667 0.600000 0.633333 0.666667 0.700000 0.733333 0.766667 0.800000 0.833333 0.866667 0.900000 0.933333 0.966667</float_array>
     <technique_common>
      <accessor source="#jnt_left_weapon-Matrix-animation-input-array" count="30">
       <param name="TIME" type="float"></param>
      </accessor>
     </technique_common>
    </source>
    <source id="jnt_left_weapon-Matrix-animation-output-transform">
     <float_array id="jnt_left_weapon-Matrix-animation-output-transform-array" count="480">

-0.068652 -0.108939 -0.991679 -0.369354 0.108715 -0.988918 0.101111 -0.054074 -0.991705 -0.100868 0.079734 0.296616 0.000000 0.000000 0.000000 1.000000
-0.068652 -0.108939 -0.991679 -0.369354 0.108715 -0.988918 0.101111 -0.054074 -0.991705 -0.100868 0.079734 0.296616 0.000000 0.000000 0.000000 1.000000
-0.068652 -0.108939 -0.991679 -0.369354 0.108715 -0.988917 0.101111 -0.054074 -0.991705 -0.100868 0.079734 0.296616 0.000000 0.000000 0.000000 1.000000
-0.068652 -0.108939 -0.991679 -0.369354 0.108715 -0.988918 0.101111 -0.054074 -0.991705 -0.100868 0.079734 0.296616 0.000000 0.000000 0.000000 1.000000
-0.068652 -0.108938 -0.991680 -0.369354 0.108715 -0.988918 0.101110 -0.054074 -0.991705 -0.100868 0.079734 0.296616 0.000000 0.000000 0.000000 1.000000
-0.068652 -0.108937 -0.991680 -0.369354 0.108715 -0.988918 0.101109 -0.054074 -0.991705 -0.100868 0.079734 0.296616 0.000000 0.000000 0.000000 1.000000
-0.068652 -0.108938 -0.991680 -0.369354 0.108715 -0.988918 0.101110 -0.054074 -0.991705 -0.100868 0.079734 0.296616 0.000000 0.000000 0.000000 1.000000
-0.068652 -0.108939 -0.991679 -0.369354 0.108715 -0.988918 0.101111 -0.054074 -0.991705 -0.100868 0.079735 0.296616 0.000000 0.000000 0.000000 1.000000
-0.068652 -0.108938 -0.991680 -0.369354 0.108715 -0.988918 0.101110 -0.054074 -0.991705 -0.100868 0.079734 0.296616 0.000000 0.000000 0.000000 1.000000
-0.068652 -0.108937 -0.991680 -0.369354 0.108715 -0.988918 0.101109 -0.054074 -0.991705 -0.100868 0.079734 0.296616 0.000000 0.000000 0.000000 1.000000
-0.068652 -0.108939 -0.991679 -0.369354 0.108715 -0.988918 0.101111 -0.054074 -0.991705 -0.100868 0.079734 0.296616 0.000000 0.000000 0.000000 1.000000
-0.068652 -0.108939 -0.991679 -0.369354 0.108715 -0.988918 0.101111 -0.054074 -0.991705 -0.100868 0.079734 0.296616 0.000000 0.000000 0.000000 1.000000
-0.068652 -0.108939 -0.991679 -0.369354 0.108715 -0.988918 0.101111 -0.054074 -0.991705 -0.100868 0.079734 0.296616 0.000000 0.000000 0.000000 1.000000
-0.068652 -0.108939 -0.991679 -0.369354 0.108715 -0.988918 0.101111 -0.054074 -0.991705 -0.100868 0.079734 0.296616 0.000000 0.000000 0.000000 1.000000
-0.068652 -0.108939 -0.991679 -0.369354 0.108715 -0.988918 0.101111 -0.054074 -0.991705 -0.100868 0.079734 0.296616 0.000000 0.000000 0.000000 1.000000
-0.068652 -0.108939 -0.991679 -0.369354 0.108715 -0.988918 0.101111 -0.054074 -0.991705 -0.100868 0.079734 0.296616 0.000000 0.000000 0.000000 1.000000
-0.068652 -0.108938 -0.991680 -0.369354 0.108715 -0.988918 0.101110 -0.054074 -0.991705 -0.100868 0.079734 0.296616 0.000000 0.000000 0.000000 1.000000
-0.068652 -0.108938 -0.991680 -0.369354 0.108715 -0.988918 0.101110 -0.054074 -0.991705 -0.100868 0.079734 0.296616 0.000000 0.000000 0.000000 1.000000
-0.068652 -0.108938 -0.991680 -0.369354 0.108715 -0.988918 0.101110 -0.054074 -0.991705 -0.100868 0.079734 0.296616 0.000000 0.000000 0.000000 1.000000
-0.068652 -0.108940 -0.991679 -0.369354 0.108715 -0.988918 0.101111 -0.054074 -0.991705 -0.100868 0.079734 0.296616 0.000000 0.000000 0.000000 1.000000
-0.068652 -0.108938 -0.991680 -0.369354 0.108715 -0.988918 0.101110 -0.054074 -0.991705 -0.100868 0.079734 0.296616 0.000000 0.000000 0.000000 1.000000
-0.068652 -0.108939 -0.991679 -0.369354 0.108715 -0.988918 0.101111 -0.054074 -0.991705 -0.100868 0.079734 0.296616 0.000000 0.000000 0.000000 1.000000
-0.068652 -0.108939 -0.991679 -0.369354 0.108715 -0.988918 0.101111 -0.054074 -0.991705 -0.100868 0.079735 0.296616 0.000000 0.000000 0.000000 1.000000
-0.068652 -0.108938 -0.991679 -0.369354 0.108715 -0.988918 0.101110 -0.054074 -0.991705 -0.100868 0.079734 0.296616 0.000000 0.000000 0.000000 1.000000
-0.068652 -0.108939 -0.991679 -0.369354 0.108715 -0.988918 0.101111 -0.054074 -0.991705 -0.100868 0.079734 0.296616 0.000000 0.000000 0.000000 1.000000
-0.068652 -0.108939 -0.991679 -0.369354 0.108715 -0.988918 0.101111 -0.054074 -0.991705 -0.100868 0.079734 0.296616 0.000000 0.000000 0.000000 1.000000
-0.068652 -0.108939 -0.991679 -0.369354 0.108715 -0.988917 0.101111 -0.054074 -0.991705 -0.100868 0.079734 0.296616 0.000000 0.000000 0.000000 1.000000
-0.068652 -0.108939 -0.991679 -0.369354 0.108715 -0.988917 0.101111 -0.054074 -0.991705 -0.100868 0.079734 0.296616 0.000000 0.000000 0.000000 1.000000
-0.068652 -0.108938 -0.991680 -0.369354 0.108715 -0.988918 0.101110 -0.054074 -0.991705 -0.100868 0.079734 0.296616 0.000000 0.000000 0.000000 1.000000
-0.068652 -0.108939 -0.991679 -0.369354 0.108715 -0.988918 0.101111 -0.054074 -0.991705 -0.100868 0.079734 0.296616 0.000000 0.000000 0.000000 1.000000</float_array>
     <technique_common>
      <accessor source="#jnt_left_weapon-Matrix-animation-output-transform-array" count="30" stride="16">
       <param type="float4x4"></param>
      </accessor>
     </technique_common>
    </source>
    <source id="jnt_left_weapon-Interpolations">
     <Name_array id="jnt_left_weapon-Interpolations-array" count="30">
 LINEAR LINEAR LINEAR LINEAR LINEAR LINEAR LINEAR LINEAR LINEAR LINEAR LINEAR
LINEAR LINEAR LINEAR LINEAR LINEAR LINEAR LINEAR LINEAR LINEAR LINEAR LINEAR LINEAR
LINEAR LINEAR LINEAR LINEAR LINEAR LINEAR LINEAR</Name_array>
     <technique_common>
      <accessor source="#jnt_left_weapon-Interpolations-array" count="30">
       <param type="name"></param>
      </accessor>
     </technique_common>
    </source>
    <sampler id="jnt_left_weapon-Matrix-animation-transform">
     <input semantic="INPUT" source="#jnt_left_weapon-Matrix-animation-input"></input>
     <input semantic="OUTPUT" source="#jnt_left_weapon-Matrix-animation-output-transform"></input>
     <input semantic="INTERPOLATION" source="#jnt_left_weapon-Interpolations"></input>
    </sampler>
    <channel source="#jnt_left_weapon-Matrix-animation-transform" target="jnt_left_weapon/matrix"></channel>
   </animation>
  </animation>
  <animation id="jnt_left_handmiddle1-anim" name="jnt_left_handmiddle1">
   <animation>
    <source id="jnt_left_handmiddle1-Matrix-animation-input">
     <float_array id="jnt_left_handmiddle1-Matrix-animation-input-array" count="30">

0.000000 0.033333 0.066667 0.100000 0.133333 0.166667 0.200000 0.233333 0.266667 0.300000 0.333333 0.366667 0.400000 0.433333 0.466667 0.500000
0.533333 0.566667 0.600000 0.633333 0.666667 0.700000 0.733333 0.766667 0.800000 0.833333 0.866667 0.900000 0.933333 0.966667</float_array>
     <technique_common>
      <accessor source="#jnt_left_handmiddle1-Matrix-animation-input-array" count="30">
       <param name="TIME" type="float"></param>
      </accessor>
     </technique_common>
    </source>
    <source id="jnt_left_handmiddle1-Matrix-animation-output-transform">
     <float_array id="jnt_left_handmiddle1-Matrix-animation-output-transform-array" count="480">

0.640058 0.767591 -0.033615 -0.489248 0.010231 -0.052262 -0.998581 -0.062066 -0.768258 0.638806 -0.041303 -0.036308 0.000000 0.000000 0.000000 1.000000
0.640058 0.767591 -0.033615 -0.489248 0.010231 -0.052262 -0.998581 -0.062066 -0.768259 0.638806 -0.041303 -0.036308 0.000000 0.000000 0.000000 1.000000
0.640058 0.767591 -0.033615 -0.489248 0.010231 -0.052262 -0.998581 -0.062066 -0.768259 0.638806 -0.041303 -0.036308 0.000000 0.000000 0.000000 1.000000
0.640058 0.767591 -0.033615 -0.489248 0.010230 -0.052262 -0.998581 -0.062066 -0.768259 0.638806 -0.041303 -0.036308 0.000000 0.000000 0.000000 1.000000
0.640058 0.767591 -0.033615 -0.489248 0.010231 -0.052262 -0.998581 -0.062066 -0.768259 0.638806 -0.041303 -0.036308 0.000000 0.000000 0.000000 1.000000
0.640058 0.767591 -0.033615 -0.489248 0.010231 -0.052262 -0.998581 -0.062066 -0.768259 0.638806 -0.041303 -0.036309 0.000000 0.000000 0.000000 1.000000
0.640058 0.767591 -0.033615 -0.489249 0.010231 -0.052262 -0.998581 -0.062066 -0.768259 0.638806 -0.041303 -0.036308 0.000000 0.000000 0.000000 1.000000
0.640058 0.767591 -0.033615 -0.489248 0.010231 -0.052262 -0.998581 -0.062066 -0.768259 0.638806 -0.041303 -0.036308 0.000000 0.000000 0.000000 1.000000
0.640058 0.767591 -0.033615 -0.489248 0.010231 -0.052262 -0.998581 -0.062066 -0.768259 0.638806 -0.041303 -0.036308 0.000000 0.000000 0.000000 1.000000
0.640058 0.767591 -0.033615 -0.489249 0.010231 -0.052262 -0.998581 -0.062065 -0.768259 0.638806 -0.041303 -0.036308 0.000000 0.000000 0.000000 1.000000
0.640058 0.767591 -0.033615 -0.489248 0.010231 -0.052262 -0.998581 -0.062066 -0.768259 0.638805 -0.041304 -0.036308 0.000000 0.000000 0.000000 1.000000
0.640058 0.767591 -0.033615 -0.489248 0.010231 -0.052262 -0.998581 -0.062065 -0.768259 0.638806 -0.041303 -0.036309 0.000000 0.000000 0.000000 1.000000
0.640058 0.767591 -0.033615 -0.489248 0.010231 -0.052262 -0.998581 -0.062066 -0.768258 0.638806 -0.041303 -0.036309 0.000000 0.000000 0.000000 1.000000
0.640058 0.767591 -0.033615 -0.489248 0.010231 -0.052262 -0.998581 -0.062066 -0.768259 0.638806 -0.041303 -0.036308 0.000000 0.000000 0.000000 1.000000
0.640058 0.767591 -0.033615 -0.489247 0.010231 -0.052262 -0.998581 -0.062065 -0.768258 0.638806 -0.041303 -0.036309 0.000000 0.000000 0.000000 1.000000
0.640058 0.767591 -0.033615 -0.489248 0.010231 -0.052262 -0.998581 -0.062066 -0.768259 0.638806 -0.041303 -0.036308 0.000000 0.000000 0.000000 1.000000
0.640058 0.767591 -0.033615 -0.489247 0.010231 -0.052262 -0.998581 -0.062066 -0.768259 0.638806 -0.041303 -0.036308 0.000000 0.000000 0.000000 1.000000
0.640058 0.767591 -0.033615 -0.489248 0.010231 -0.052262 -0.998581 -0.062066 -0.768259 0.638806 -0.041303 -0.036308 0.000000 0.000000 0.000000 1.000000
0.640058 0.767591 -0.033615 -0.489248 0.010231 -0.052262 -0.998581 -0.062066 -0.768259 0.638806 -0.041303 -0.036307 0.000000 0.000000 0.000000 1.000000
0.640058 0.767591 -0.033615 -0.489248 0.010231 -0.052262 -0.998581 -0.062066 -0.768259 0.638806 -0.041303 -0.036307 0.000000 0.000000 0.000000 1.000000
0.640058 0.767591 -0.033615 -0.489247 0.010231 -0.052262 -0.998581 -0.062066 -0.768259 0.638806 -0.041303 -0.036309 0.000000 0.000000 0.000000 1.000000
0.640058 0.767591 -0.033615 -0.489248 0.010231 -0.052262 -0.998581 -0.062066 -0.768259 0.638806 -0.041303 -0.036308 0.000000 0.000000 0.000000 1.000000
0.640058 0.767591 -0.033615 -0.489249 0.010231 -0.052262 -0.998581 -0.062066 -0.768259 0.638806 -0.041303 -0.036308 0.000000 0.000000 0.000000 1.000000
0.640058 0.767591 -0.033615 -0.489248 0.010231 -0.052262 -0.998581 -0.062066 -0.768259 0.638806 -0.041303 -0.036308 0.000000 0.000000 0.000000 1.000000
0.640058 0.767591 -0.033615 -0.489248 0.010231 -0.052262 -0.998581 -0.062066 -0.768258 0.638806 -0.041303 -0.036308 0.000000 0.000000 0.000000 1.000000
0.640058 0.767591 -0.033615 -0.489247 0.010231 -0.052262 -0.998581 -0.062066 -0.768258 0.638806 -0.041303 -0.036309 0.000000 0.000000 0.000000 1.000000
0.640058 0.767591 -0.033615 -0.489248 0.010231 -0.052262 -0.998581 -0.062066 -0.768258 0.638806 -0.041304 -0.036308 0.000000 0.000000 0.000000 1.000000
0.640058 0.767591 -0.033615 -0.489248 0.010230 -0.052262 -0.998581 -0.062066 -0.768259 0.638806 -0.041303 -0.036308 0.000000 0.000000 0.000000 1.000000
0.640058 0.767591 -0.033615 -0.489248 0.010231 -0.052262 -0.998581 -0.062066 -0.768259 0.638806 -0.041303 -0.036308 0.000000 0.000000 0.000000 1.000000
0.640058 0.767591 -0.033615 -0.489249 0.010231 -0.052262 -0.998581 -0.062065 -0.768259 0.638806 -0.041303 -0.036307 0.000000 0.000000 0.000000 1.000000</float_array>
     <technique_common>
      <accessor source="#jnt_left_handmiddle1-Matrix-animation-output-transform-array" count="30" stride="16">
       <param type="float4x4"></param>
      </accessor>
     </technique_common>
    </source>
    <source id="jnt_left_handmiddle1-Interpolations">
     <Name_array id="jnt_left_handmiddle1-Interpolations-array" count="30">
 LINEAR LINEAR LINEAR LINEAR LINEAR LINEAR LINEAR LINEAR LINEAR LINEAR LINEAR
LINEAR LINEAR LINEAR LINEAR LINEAR LINEAR LINEAR LINEAR LINEAR LINEAR LINEAR LINEAR
LINEAR LINEAR LINEAR LINEAR LINEAR LINEAR LINEAR</Name_array>
     <technique_common>
      <accessor source="#jnt_left_handmiddle1-Interpolations-array" count="30">
       <param type="name"></param>
      </accessor>
     </technique_common>
    </source>
    <sampler id="jnt_left_handmiddle1-Matrix-animation-transform">
     <input semantic="INPUT" source="#jnt_left_handmiddle1-Matrix-animation-input"></input>
     <input semantic="OUTPUT" source="#jnt_left_handmiddle1-Matrix-animation-output-transform"></input>
     <input semantic="INTERPOLATION" source="#jnt_left_handmiddle1-Interpolations"></input>
    </sampler>
    <channel source="#jnt_left_handmiddle1-Matrix-animation-transform" target="jnt_left_handmiddle1/matrix"></channel>
   </animation>
  </animation>
  <animation id="jnt_left_handmiddle2-anim" name="jnt_left_handmiddle2">
   <animation>
    <source id="jnt_left_handmiddle2-Matrix-animation-input">
     <float_array id="jnt_left_handmiddle2-Matrix-animation-input-array" count="30">

0.000000 0.033333 0.066667 0.100000 0.133333 0.166667 0.200000 0.233333 0.266667 0.300000 0.333333 0.366667 0.400000 0.433333 0.466667 0.500000
0.533333 0.566667 0.600000 0.633333 0.666667 0.700000 0.733333 0.766667 0.800000 0.833333 0.866667 0.900000 0.933333 0.966667</float_array>
     <technique_common>
      <accessor source="#jnt_left_handmiddle2-Matrix-animation-input-array" count="30">
       <param name="TIME" type="float"></param>
      </accessor>
     </technique_common>
    </source>
    <source id="jnt_left_handmiddle2-Matrix-animation-output-transform">
     <float_array id="jnt_left_handmiddle2-Matrix-animation-output-transform-array" count="480">

0.910363 0.413810 -0.000000 -0.176688 -0.413810 0.910363 0.000000 0.000003 0.000000 -0.000000 1.000000 0.000000 0.000000 0.000000 0.000000 1.000000
0.910363 0.413810 -0.000000 -0.176688 -0.413810 0.910364 0.000000 0.000003 0.000000 -0.000000 1.000000 0.000000 0.000000 0.000000 0.000000 1.000000
0.910363 0.413810 -0.000000 -0.176688 -0.413810 0.910363 0.000000 0.000004 0.000000 -0.000000 1.000000 -0.000000 0.000000 0.000000 0.000000 1.000000
0.910363 0.413810 -0.000000 -0.176688 -0.413810 0.910364 0.000000 0.000003 0.000000 -0.000000 1.000000 0.000000 0.000000 0.000000 0.000000 1.000000
0.910363 0.413810 -0.000000 -0.176688 -0.413810 0.910363 0.000000 0.000004 0.000000 -0.000000 1.000000 -0.000000 0.000000 0.000000 0.000000 1.000000
0.910363 0.413810 -0.000000 -0.176688 -0.413810 0.910363 0.000000 0.000004 0.000000 0.000000 1.000000 0.000000 0.000000 0.000000 0.000000 1.000000
0.910363 0.413810 -0.000000 -0.176688 -0.413810 0.910364 0.000000 0.000004 0.000000 -0.000000 1.000000 0.000000 0.000000 0.000000 0.000000 1.000000
0.910363 0.413810 -0.000000 -0.176688 -0.413810 0.910363 0.000000 0.000004 0.000000 -0.000000 1.000000 0.000000 0.000000 0.000000 0.000000 1.000000
0.910363 0.413810 -0.000000 -0.176687 -0.413810 0.910363 0.000000 0.000004 0.000000 0.000000 1.000000 -0.000000 0.000000 0.000000 0.000000 1.000000
0.910363 0.413810 -0.000000 -0.176689 -0.413810 0.910363 0.000000 0.000003 0.000000 -0.000000 1.000000 0.000000 0.000000 0.000000 0.000000 1.000000
0.910364 0.413810 -0.000000 -0.176689 -0.413810 0.910363 0.000000 0.000004 0.000000 0.000000 1.000000 -0.000000 0.000000 0.000000 0.000000 1.000000
0.910363 0.413810 -0.000000 -0.176688 -0.413810 0.910363 0.000000 0.000003 0.000000 0.000000 1.000000 -0.000000 0.000000 0.000000 0.000000 1.000000
0.910364 0.413810 -0.000000 -0.176688 -0.413810 0.910363 0.000000 0.000003 0.000000 -0.000000 1.000000 0.000000 0.000000 0.000000 0.000000 1.000000
0.910363 0.413810 -0.000000 -0.176688 -0.413810 0.910363 0.000000 0.000004 0.000000 -0.000000 1.000000 0.000000 0.000000 0.000000 0.000000 1.000000
0.910363 0.413810 -0.000000 -0.176688 -0.413810 0.910364 0.000000 0.000003 0.000000 0.000000 1.000000 0.000000 0.000000 0.000000 0.000000 1.000000
0.910363 0.413810 -0.000000 -0.176688 -0.413810 0.910363 0.000000 0.000003 0.000000 -0.000000 1.000000 -0.000000 0.000000 0.000000 0.000000 1.000000
0.910363 0.413810 -0.000000 -0.176688 -0.413810 0.910363 0.000000 0.000003 0.000000 -0.000000 1.000000 -0.000001 0.000000 0.000000 0.000000 1.000000
0.910363 0.413810 -0.000000 -0.176687 -0.413810 0.910363 0.000000 0.000003 0.000000 0.000000 1.000000 0.000000 0.000000 0.000000 0.000000 1.000000
0.910363 0.413810 -0.000000 -0.176689 -0.413810 0.910364 0.000000 0.000004 0.000000 -0.000000 1.000000 0.000000 0.000000 0.000000 0.000000 1.000000
0.910363 0.413810 -0.000000 -0.176687 -0.413810 0.910363 0.000000 0.000002 0.000000 0.000000 1.000000 0.000000 0.000000 0.000000 0.000000 1.000000
0.910363 0.413810 -0.000000 -0.176688 -0.413810 0.910363 0.000000 0.000004 0.000000 0.000000 1.000000 0.000000 0.000000 0.000000 0.000000 1.000000
0.910363 0.413810 -0.000000 -0.176688 -0.413810 0.910363 0.000000 0.000004 0.000000 -0.000000 1.000000 0.000000 0.000000 0.000000 0.000000 1.000000
0.910364 0.413810 -0.000000 -0.176688 -0.413810 0.910363 0.000000 0.000003 0.000000 0.000000 1.000000 -0.000000 0.000000 0.000000 0.000000 1.000000
0.910364 0.413810 -0.000000 -0.176688 -0.413810 0.910363 0.000000 0.000003 0.000000 -0.000000 1.000000 0.000000 0.000000 0.000000 0.000000 1.000000
0.910363 0.413810 -0.000000 -0.176689 -0.413810 0.910363 0.000000 0.000004 0.000000 0.000000 1.000000 -0.000000 0.000000 0.000000 0.000000 1.000000
0.910364 0.413810 -0.000000 -0.176688 -0.413810 0.910364 0.000000 0.000004 0.000000 0.000000 1.000000 -0.000000 0.000000 0.000000 0.000000 1.000000
0.910363 0.413810 -0.000000 -0.176688 -0.413810 0.910363 0.000000 0.000004 0.000000 -0.000000 1.000000 0.000000 0.000000 0.000000 0.000000 1.000000
0.910364 0.413810 -0.000000 -0.176688 -0.413810 0.910363 0.000000 0.000004 0.000000 -0.000000 1.000000 -0.000000 0.000000 0.000000 0.000000 1.000000
0.910363 0.413810 -0.000000 -0.176688 -0.413810 0.910363 0.000000 0.000003 0.000000 -0.000000 1.000000 -0.000000 0.000000 0.000000 0.000000 1.000000
0.910363 0.413810 -0.000000 -0.176687 -0.413810 0.910363 0.000000 0.000004 0.000000 0.000000 1.000000 0.000000 0.000000 0.000000 0.000000 1.000000</float_array>
     <technique_common>
      <accessor source="#jnt_left_handmiddle2-Matrix-animation-output-transform-array" count="30" stride="16">
       <param type="float4x4"></param>
      </accessor>
     </technique_common>
    </source>
    <source id="jnt_left_handmiddle2-Interpolations">
     <Name_array id="jnt_left_handmiddle2-Interpolations-array" count="30">
 LINEAR LINEAR LINEAR LINEAR LINEAR LINEAR LINEAR LINEAR LINEAR LINEAR LINEAR
LINEAR LINEAR LINEAR LINEAR LINEAR LINEAR LINEAR LINEAR LINEAR LINEAR LINEAR LINEAR
LINEAR LINEAR LINEAR LINEAR LINEAR LINEAR LINEAR</Name_array>
     <technique_common>
      <accessor source="#jnt_left_handmiddle2-Interpolations-array" count="30">
       <param type="name"></param>
      </accessor>
     </technique_common>
    </source>
    <sampler id="jnt_left_handmiddle2-Matrix-animation-transform">
     <input semantic="INPUT" source="#jnt_left_handmiddle2-Matrix-animation-input"></input>
     <input semantic="OUTPUT" source="#jnt_left_handmiddle2-Matrix-animation-output-transform"></input>
     <input semantic="INTERPOLATION" source="#jnt_left_handmiddle2-Interpolations"></input>
    </sampler>
    <channel source="#jnt_left_handmiddle2-Matrix-animation-transform" target="jnt_left_handmiddle2/matrix"></channel>
   </animation>
  </animation>
  <animation id="jnt_left_handmiddle3-anim" name="jnt_left_handmiddle3">
   <animation>
    <source id="jnt_left_handmiddle3-Matrix-animation-input">
     <float_array id="jnt_left_handmiddle3-Matrix-animation-input-array" count="30">

0.000000 0.033333 0.066667 0.100000 0.133333 0.166667 0.200000 0.233333 0.266667 0.300000 0.333333 0.366667 0.400000 0.433333 0.466667 0.500000
0.533333 0.566667 0.600000 0.633333 0.666667 0.700000 0.733333 0.766667 0.800000 0.833333 0.866667 0.900000 0.933333 0.966667</float_array>
     <technique_common>
      <accessor source="#jnt_left_handmiddle3-Matrix-animation-input-array" count="30">
       <param name="TIME" type="float"></param>
      </accessor>
     </technique_common>
    </source>
    <source id="jnt_left_handmiddle3-Matrix-animation-output-transform">
     <float_array id="jnt_left_handmiddle3-Matrix-animation-output-transform-array" count="480">

0.978982 0.203949 0.000000 -0.108367 -0.203949 0.978981 0.000000 0.000002 -0.000000 -0.000000 1.000000 -0.000000 0.000000 0.000000 0.000000 1.000000
0.978981 0.203949 0.000000 -0.108367 -0.203949 0.978981 0.000000 0.000002 -0.000000 -0.000000 1.000000 -0.000000 0.000000 0.000000 0.000000 1.000000
0.978981 0.203949 0.000000 -0.108367 -0.203949 0.978981 0.000000 0.000002 -0.000000 -0.000000 1.000000 0.000000 0.000000 0.000000 0.000000 1.000000
0.978981 0.203949 0.000000 -0.108367 -0.203949 0.978981 0.000000 0.000001 -0.000000 -0.000000 1.000000 0.000000 0.000000 0.000000 0.000000 1.000000
0.978982 0.203949 0.000000 -0.108367 -0.203949 0.978981 -0.000000 0.000002 -0.000000 -0.000000 1.000000 0.000000 0.000000 0.000000 0.000000 1.000000
0.978982 0.203949 0.000000 -0.108367 -0.203949 0.978982 0.000000 0.000001 -0.000000 -0.000000 1.000000 0.000000 0.000000 0.000000 0.000000 1.000000
0.978982 0.203949 0.000000 -0.108367 -0.203949 0.978981 0.000000 0.000001 -0.000000 -0.000000 1.000000 -0.000000 0.000000 0.000000 0.000000 1.000000
0.978981 0.203949 0.000000 -0.108367 -0.203949 0.978981 0.000000 0.000002 -0.000000 -0.000000 1.000000 -0.000000 0.000000 0.000000 0.000000 1.000000
0.978981 0.203949 0.000000 -0.108367 -0.203949 0.978981 0.000000 0.000001 -0.000000 -0.000000 1.000000 0.000000 0.000000 0.000000 0.000000 1.000000
0.978981 0.203949 0.000000 -0.108367 -0.203949 0.978981 0.000000 0.000001 -0.000000 -0.000000 1.000000 -0.000000 0.000000 0.000000 0.000000 1.000000
0.978981 0.203949 0.000000 -0.108367 -0.203949 0.978981 0.000000 0.000001 -0.000000 -0.000000 1.000000 0.000001 0.000000 0.000000 0.000000 1.000000
0.978981 0.203949 0.000000 -0.108367 -0.203949 0.978981 0.000000 0.000001 -0.000000 -0.000000 1.000000 -0.000000 0.000000 0.000000 0.000000 1.000000
0.978982 0.203949 0.000000 -0.108367 -0.203949 0.978981 0.000000 0.000002 -0.000000 -0.000000 1.000000 -0.000001 0.000000 0.000000 0.000000 1.000000
0.978982 0.203949 0.000000 -0.108367 -0.203949 0.978981 0.000000 0.000001 -0.000000 -0.000000 1.000000 0.000000 0.000000 0.000000 0.000000 1.000000
0.978982 0.203949 0.000000 -0.108368 -0.203949 0.978982 0.000000 0.000001 -0.000000 -0.000000 1.000000 -0.000001 0.000000 0.000000 0.000000 1.000000
0.978981 0.203949 0.000000 -0.108367 -0.203949 0.978981 0.000000 0.000001 -0.000000 -0.000000 1.000000 -0.000000 0.000000 0.000000 0.000000 1.000000
0.978982 0.203949 0.000000 -0.108368 -0.203949 0.978981 0.000000 0.000001 -0.000000 -0.000000 1.000000 -0.000000 0.000000 0.000000 0.000000 1.000000
0.978981 0.203949 0.000000 -0.108366 -0.203949 0.978981 0.000000 0.000001 -0.000000 -0.000000 1.000000 0.000000 0.000000 0.000000 0.000000 1.000000
0.978981 0.203949 0.000000 -0.108367 -0.203949 0.978981 0.000000 0.000001 -0.000000 -0.000000 1.000000 0.000000 0.000000 0.000000 0.000000 1.000000
0.978981 0.203949 0.000000 -0.108367 -0.203949 0.978982 0.000000 0.000001 -0.000000 -0.000000 1.000000 -0.000000 0.000000 0.000000 0.000000 1.000000
0.978981 0.203949 0.000000 -0.108367 -0.203949 0.978981 0.000000 0.000002 -0.000000 -0.000000 1.000000 -0.000000 0.000000 0.000000 0.000000 1.000000
0.978982 0.203949 0.000000 -0.108367 -0.203949 0.978982 0.000000 0.000001 -0.000000 -0.000000 1.000000 -0.000000 0.000000 0.000000 0.000000 1.000000
0.978982 0.203949 0.000000 -0.108367 -0.203949 0.978981 0.000000 0.000001 -0.000000 -0.000000 1.000000 0.000000 0.000000 0.000000 0.000000 1.000000
0.978981 0.203949 0.000000 -0.108367 -0.203949 0.978981 0.000000 0.000001 -0.000000 -0.000000 1.000000 0.000000 0.000000 0.000000 0.000000 1.000000
0.978981 0.203949 0.000000 -0.108367 -0.203949 0.978982 0.000000 0.000001 -0.000000 -0.000000 1.000000 -0.000000 0.000000 0.000000 0.000000 1.000000
0.978982 0.203949 0.000000 -0.108368 -0.203949 0.978981 0.000000 0.000001 -0.000000 -0.000000 1.000000 0.000000 0.000000 0.000000 0.000000 1.000000
0.978981 0.203949 0.000000 -0.108368 -0.203949 0.978981 0.000000 0.000001 -0.000000 -0.000000 1.000000 -0.000000 0.000000 0.000000 0.000000 1.000000
0.978981 0.203949 0.000000 -0.108367 -0.203949 0.978981 0.000000 0.000001 -0.000000 -0.000000 1.000000 -0.000000 0.000000 0.000000 0.000000 1.000000
0.978981 0.203949 0.000000 -0.108367 -0.203949 0.978981 0.000000 0.000001 -0.000000 -0.000000 1.000000 0.000000 0.000000 0.000000 0.000000 1.000000
0.978981 0.203949 0.000000 -0.108366 -0.203949 0.978981 0.000000 0.000001 -0.000000 -0.000000 1.000000 -0.000000 0.000000 0.000000 0.000000 1.000000</float_array>
     <technique_common>
      <accessor source="#jnt_left_handmiddle3-Matrix-animation-output-transform-array" count="30" stride="16">
       <param type="float4x4"></param>
      </accessor>
     </technique_common>
    </source>
    <source id="jnt_left_handmiddle3-Interpolations">
     <Name_array id="jnt_left_handmiddle3-Interpolations-array" count="30">
 LINEAR LINEAR LINEAR LINEAR LINEAR LINEAR LINEAR LINEAR LINEAR LINEAR LINEAR
LINEAR LINEAR LINEAR LINEAR LINEAR LINEAR LINEAR LINEAR LINEAR LINEAR LINEAR LINEAR
LINEAR LINEAR LINEAR LINEAR LINEAR LINEAR LINEAR</Name_array>
     <technique_common>
      <accessor source="#jnt_left_handmiddle3-Interpolations-array" count="30">
       <param type="name"></param>
      </accessor>
     </technique_common>
    </source>
    <sampler id="jnt_left_handmiddle3-Matrix-animation-transform">
     <input semantic="INPUT" source="#jnt_left_handmiddle3-Matrix-animation-input"></input>
     <input semantic="OUTPUT" source="#jnt_left_handmiddle3-Matrix-animation-output-transform"></input>
     <input semantic="INTERPOLATION" source="#jnt_left_handmiddle3-Interpolations"></input>
    </sampler>
    <channel source="#jnt_left_handmiddle3-Matrix-animation-transform" target="jnt_left_handmiddle3/matrix"></channel>
   </animation>
  </animation>
  <animation id="jnt_left_handmiddle4-anim" name="jnt_left_handmiddle4">
   <animation>
    <source id="jnt_left_handmiddle4-Matrix-animation-input">
     <float_array id="jnt_left_handmiddle4-Matrix-animation-input-array" count="30">

0.000000 0.033333 0.066667 0.100000 0.133333 0.166667 0.200000 0.233333 0.266667 0.300000 0.333333 0.366667 0.400000 0.433333 0.466667 0.500000
0.533333 0.566667 0.600000 0.633333 0.666667 0.700000 0.733333 0.766667 0.800000 0.833333 0.866667 0.900000 0.933333 0.966667</float_array>
     <technique_common>
      <accessor source="#jnt_left_handmiddle4-Matrix-animation-input-array" count="30">
       <param name="TIME" type="float"></param>
      </accessor>
     </technique_common>
    </source>
    <source id="jnt_left_handmiddle4-Matrix-animation-output-transform">
     <float_array id="jnt_left_handmiddle4-Matrix-animation-output-transform-array" count="480">

1.000000 0.000000 -0.000000 -0.119193 0.000000 1.000000 0.000000 -0.000107 0.000000 -0.000000 1.000000 0.000005 0.000000 0.000000 0.000000 1.000000
1.000000 -0.000000 0.000000 -0.119193 0.000000 1.000000 0.000000 -0.000107 -0.000000 -0.000000 1.000000 0.000005 0.000000 0.000000 0.000000 1.000000
1.000000 0.000000 -0.000000 -0.119193 -0.000000 1.000000 -0.000000 -0.000106 0.000000 0.000000 1.000000 0.000005 0.000000 0.000000 0.000000 1.000000
1.000000 -0.000000 -0.000000 -0.119193 0.000000 1.000000 -0.000000 -0.000107 0.000000 0.000000 1.000000 0.000005 0.000000 0.000000 0.000000 1.000000
1.000000 0.000000 0.000000 -0.119193 -0.000000 1.000000 0.000000 -0.000107 -0.000000 -0.000000 1.000000 0.000005 0.000000 0.000000 0.000000 1.000000
1.000000 0.000000 0.000000 -0.119193 -0.000000 1.000000 0.000000 -0.000106 -0.000000 -0.000000 1.000000 0.000005 0.000000 0.000000 0.000000 1.000000
1.000000 -0.000000 0.000000 -0.119193 0.000000 1.000000 0.000000 -0.000107 -0.000000 -0.000000 1.000000 0.000005 0.000000 0.000000 0.000000 1.000000
1.000000 -0.000000 -0.000000 -0.119193 0.000000 1.000000 0.000000 -0.000106 0.000000 -0.000000 1.000000 0.000005 0.000000 0.000000 0.000000 1.000000
1.000000 0.000000 -0.000000 -0.119193 -0.000000 1.000000 0.000000 -0.000107 0.000000 -0.000000 1.000000 0.000005 0.000000 0.000000 0.000000 1.000000
1.000000 -0.000000 0.000000 -0.119193 0.000000 1.000000 0.000000 -0.000107 -0.000000 -0.000000 1.000000 0.000005 0.000000 0.000000 0.000000 1.000000
1.000000 -0.000000 -0.000000 -0.119193 0.000000 1.000000 0.000000 -0.000106 0.000000 -0.000000 1.000000 0.000005 0.000000 0.000000 0.000000 1.000000
1.000000 0.000000 -0.000000 -0.119193 -0.000000 1.000000 0.000000 -0.000107 0.000000 -0.000000 1.000000 0.000005 0.000000 0.000000 0.000000 1.000000
1.000000 -0.000000 -0.000000 -0.119193 0.000000 1.000000 -0.000000 -0.000107 0.000000 0.000000 1.000000 0.000005 0.000000 0.000000 0.000000 1.000000
1.000000 -0.000000 0.000000 -0.119193 0.000000 1.000000 0.000000 -0.000107 -0.000000 -0.000000 1.000000 0.000005 0.000000 0.000000 0.000000 1.000000
1.000000 -0.000000 0.000000 -0.119193 0.000000 1.000000 -0.000000 -0.000107 -0.000000 0.000000 1.000000 0.000005 0.000000 0.000000 0.000000 1.000000
1.000000 -0.000000 0.000000 -0.119193 0.000000 1.000000 -0.000000 -0.000107 -0.000000 0.000000 1.000000 0.000005 0.000000 0.000000 0.000000 1.000000
1.000000 -0.000000 -0.000000 -0.119193 0.000000 1.000000 -0.000000 -0.000106 0.000000 0.000000 1.000000 0.000005 0.000000 0.000000 0.000000 1.000000
1.000000 0.000000 0.000000 -0.119193 -0.000000 1.000000 -0.000000 -0.000106 -0.000000 0.000000 1.000000 0.000005 0.000000 0.000000 0.000000 1.000000
1.000000 -0.000000 0.000000 -0.119193 0.000000 1.000000 0.000000 -0.000107 -0.000000 -0.000000 1.000000 0.000005 0.000000 0.000000 0.000000 1.000000
1.000000 -0.000000 0.000000 -0.119193 0.000000 1.000000 -0.000000 -0.000106 -0.000000 0.000000 1.000000 0.000005 0.000000 0.000000 0.000000 1.000000
1.000000 0.000000 -0.000000 -0.119193 -0.000000 1.000000 0.000000 -0.000107 0.000000 -0.000000 1.000000 0.000005 0.000000 0.000000 0.000000 1.000000
1.000000 -0.000000 0.000000 -0.119193 0.000000 1.000000 0.000000 -0.000107 -0.000000 -0.000000 1.000000 0.000005 0.000000 0.000000 0.000000 1.000000
1.000000 -0.000000 0.000000 -0.119193 0.000000 1.000000 0.000000 -0.000107 -0.000000 -0.000000 1.000000 0.000005 0.000000 0.000000 0.000000 1.000000
1.000000 -0.000000 0.000000 -0.119193 0.000000 1.000000 0.000000 -0.000107 -0.000000 -0.000000 1.000000 0.000005 0.000000 0.000000 0.000000 1.000000
1.000000 0.000000 0.000000 -0.119193 -0.000000 1.000000 -0.000000 -0.000106 -0.000000 0.000000 1.000000 0.000005 0.000000 0.000000 0.000000 1.000000
1.000000 -0.000000 -0.000000 -0.119193 0.000000 1.000000 -0.000000 -0.000107 0.000000 0.000000 1.000000 0.000005 0.000000 0.000000 0.000000 1.000000
1.000000 0.000000 0.000000 -0.119193 -0.000000 1.000000 0.000000 -0.000107 -0.000000 -0.000000 1.000000 0.000005 0.000000 0.000000 0.000000 1.000000
1.000000 -0.000000 0.000000 -0.119193 0.000000 1.000000 0.000000 -0.000106 -0.000000 -0.000000 1.000000 0.000005 0.000000 0.000000 0.000000 1.000000
1.000000 -0.000000 -0.000000 -0.119193 0.000000 1.000000 0.000000 -0.000107 0.000000 -0.000000 1.000000 0.000005 0.000000 0.000000 0.000000 1.000000
1.000000 0.000000 0.000000 -0.119193 -0.000000 1.000000 0.000000 -0.000107 -0.000000 -0.000000 1.000000 0.000005 0.000000 0.000000 0.000000 1.000000</float_array>
     <technique_common>
      <accessor source="#jnt_left_handmiddle4-Matrix-animation-output-transform-array" count="30" stride="16">
       <param type="float4x4"></param>
      </accessor>
     </technique_common>
    </source>
    <source id="jnt_left_handmiddle4-Interpolations">
     <Name_array id="jnt_left_handmiddle4-Interpolations-array" count="30">
 LINEAR LINEAR LINEAR LINEAR LINEAR LINEAR LINEAR LINEAR LINEAR LINEAR LINEAR
LINEAR LINEAR LINEAR LINEAR LINEAR LINEAR LINEAR LINEAR LINEAR LINEAR LINEAR LINEAR
LINEAR LINEAR LINEAR LINEAR LINEAR LINEAR LINEAR</Name_array>
     <technique_common>
      <accessor source="#jnt_left_handmiddle4-Interpolations-array" count="30">
       <param type="name"></param>
      </accessor>
     </technique_common>
    </source>
    <sampler id="jnt_left_handmiddle4-Matrix-animation-transform">
     <input semantic="INPUT" source="#jnt_left_handmiddle4-Matrix-animation-input"></input>
     <input semantic="OUTPUT" source="#jnt_left_handmiddle4-Matrix-animation-output-transform"></input>
     <input semantic="INTERPOLATION" source="#jnt_left_handmiddle4-Interpolations"></input>
    </sampler>
    <channel source="#jnt_left_handmiddle4-Matrix-animation-transform" target="jnt_left_handmiddle4/matrix"></channel>
   </animation>
  </animation>
  <animation id="jnt_left_handring1-anim" name="jnt_left_handring1">
   <animation>
    <source id="jnt_left_handring1-Matrix-animation-input">
     <float_array id="jnt_left_handring1-Matrix-animation-input-array" count="30">

0.000000 0.033333 0.066667 0.100000 0.133333 0.166667 0.200000 0.233333 0.266667 0.300000 0.333333 0.366667 0.400000 0.433333 0.466667 0.500000
0.533333 0.566667 0.600000 0.633333 0.666667 0.700000 0.733333 0.766667 0.800000 0.833333 0.866667 0.900000 0.933333 0.966667</float_array>
     <technique_common>
      <accessor source="#jnt_left_handring1-Matrix-animation-input-array" count="30">
       <param name="TIME" type="float"></param>
      </accessor>
     </technique_common>
    </source>
    <source id="jnt_left_handring1-Matrix-animation-output-transform">
     <float_array id="jnt_left_handring1-Matrix-animation-output-transform-array" count="480">

0.605660 0.778632 -0.164038 -0.469963 0.017593 -0.219202 -0.975521 0.076797 -0.795529 0.587948 -0.146460 -0.036647 0.000000 0.000000 0.000000 1.000000
0.605660 0.778632 -0.164038 -0.469963 0.017593 -0.219202 -0.975521 0.076797 -0.795529 0.587948 -0.146460 -0.036647 0.000000 0.000000 0.000000 1.000000
0.605660 0.778632 -0.164038 -0.469963 0.017593 -0.219202 -0.975521 0.076797 -0.795529 0.587948 -0.146460 -0.036647 0.000000 0.000000 0.000000 1.000000
0.605660 0.778632 -0.164038 -0.469963 0.017593 -0.219203 -0.975521 0.076797 -0.795529 0.587948 -0.146461 -0.036647 0.000000 0.000000 0.000000 1.000000
0.605660 0.778632 -0.164038 -0.469963 0.017593 -0.219202 -0.975521 0.076797 -0.795529 0.587948 -0.146460 -0.036647 0.000000 0.000000 0.000000 1.000000
0.605660 0.778632 -0.164038 -0.469963 0.017593 -0.219202 -0.975521 0.076797 -0.795529 0.587948 -0.146460 -0.036647 0.000000 0.000000 0.000000 1.000000
0.605660 0.778632 -0.164038 -0.469963 0.017593 -0.219203 -0.975521 0.076797 -0.795529 0.587948 -0.146461 -0.036647 0.000000 0.000000 0.000000 1.000000
0.605660 0.778632 -0.164038 -0.469963 0.017593 -0.219202 -0.975521 0.076797 -0.795529 0.587948 -0.146460 -0.036647 0.000000 0.000000 0.000000 1.000000
0.605660 0.778632 -0.164038 -0.469963 0.017593 -0.219202 -0.975521 0.076797 -0.795529 0.587948 -0.146460 -0.036647 0.000000 0.000000 0.000000 1.000000
0.605660 0.778632 -0.164038 -0.469963 0.017593 -0.219202 -0.975521 0.076798 -0.795529 0.587948 -0.146460 -0.036647 0.000000 0.000000 0.000000 1.000000
0.605660 0.778632 -0.164038 -0.469964 0.017593 -0.219202 -0.975521 0.076798 -0.795529 0.587948 -0.146460 -0.036646 0.000000 0.000000 0.000000 1.000000
0.605660 0.778632 -0.164038 -0.469963 0.017593 -0.219202 -0.975521 0.076797 -0.795529 0.587948 -0.146460 -0.036647 0.000000 0.000000 0.000000 1.000000
0.605660 0.778632 -0.164038 -0.469964 0.017593 -0.219202 -0.975521 0.076797 -0.795529 0.587948 -0.146460 -0.036647 0.000000 0.000000 0.000000 1.000000
0.605660 0.778632 -0.164038 -0.469964 0.017593 -0.219202 -0.975521 0.076798 -0.795529 0.587948 -0.146460 -0.036646 0.000000 0.000000 0.000000 1.000000
0.605660 0.778632 -0.164038 -0.469963 0.017593 -0.219202 -0.975521 0.076798 -0.795529 0.587948 -0.146460 -0.036647 0.000000 0.000000 0.000000 1.000000
0.605660 0.778632 -0.164038 -0.469964 0.017593 -0.219202 -0.975521 0.076797 -0.795529 0.587948 -0.146460 -0.036646 0.000000 0.000000 0.000000 1.000000
0.605660 0.778632 -0.164039 -0.469963 0.017593 -0.219203 -0.975521 0.076797 -0.795529 0.587948 -0.146461 -0.036647 0.000000 0.000000 0.000000 1.000000
0.605660 0.778632 -0.164038 -0.469963 0.017593 -0.219202 -0.975521 0.076797 -0.795529 0.587948 -0.146460 -0.036647 0.000000 0.000000 0.000000 1.000000
0.605660 0.778632 -0.164038 -0.469962 0.017593 -0.219202 -0.975521 0.076797 -0.795529 0.587948 -0.146460 -0.036648 0.000000 0.000000 0.000000 1.000000
0.605660 0.778632 -0.164038 -0.469964 0.017593 -0.219203 -0.975521 0.076797 -0.795529 0.587948 -0.146461 -0.036646 0.000000 0.000000 0.000000 1.000000
0.605660 0.778632 -0.164038 -0.469963 0.017593 -0.219202 -0.975521 0.076797 -0.795529 0.587948 -0.146460 -0.036647 0.000000 0.000000 0.000000 1.000000
0.605660 0.778632 -0.164038 -0.469963 0.017593 -0.219203 -0.975521 0.076797 -0.795529 0.587948 -0.146461 -0.036647 0.000000 0.000000 0.000000 1.000000
0.605660 0.778632 -0.164038 -0.469963 0.017593 -0.219202 -0.975521 0.076797 -0.795529 0.587948 -0.146460 -0.036647 0.000000 0.000000 0.000000 1.000000
0.605660 0.778632 -0.164038 -0.469963 0.017593 -0.219202 -0.975521 0.076798 -0.795529 0.587948 -0.146460 -0.036647 0.000000 0.000000 0.000000 1.000000
0.605660 0.778632 -0.164038 -0.469964 0.017593 -0.219203 -0.975521 0.076798 -0.795529 0.587948 -0.146461 -0.036647 0.000000 0.000000 0.000000 1.000000
0.605660 0.778632 -0.164038 -0.469963 0.017593 -0.219202 -0.975521 0.076797 -0.795529 0.587948 -0.146461 -0.036647 0.000000 0.000000 0.000000 1.000000
0.605660 0.778632 -0.164038 -0.469964 0.017593 -0.219203 -0.975521 0.076797 -0.795529 0.587948 -0.146460 -0.036647 0.000000 0.000000 0.000000 1.000000
0.605660 0.778632 -0.164038 -0.469962 0.017593 -0.219202 -0.975521 0.076797 -0.795529 0.587948 -0.146460 -0.036648 0.000000 0.000000 0.000000 1.000000
0.605660 0.778632 -0.164038 -0.469964 0.017593 -0.219203 -0.975521 0.076797 -0.795529 0.587948 -0.146461 -0.036646 0.000000 0.000000 0.000000 1.000000
0.605660 0.778632 -0.164038 -0.469963 0.017593 -0.219202 -0.975521 0.076797 -0.795529 0.587948 -0.146460 -0.036647 0.000000 0.000000 0.000000 1.000000</float_array>
     <technique_common>
      <accessor source="#jnt_left_handring1-Matrix-animation-output-transform-array" count="30" stride="16">
       <param type="float4x4"></param>
      </accessor>
     </technique_common>
    </source>
    <source id="jnt_left_handring1-Interpolations">
     <Name_array id="jnt_left_handring1-Interpolations-array" count="30">
 LINEAR LINEAR LINEAR LINEAR LINEAR LINEAR LINEAR LINEAR LINEAR LINEAR LINEAR
LINEAR LINEAR LINEAR LINEAR LINEAR LINEAR LINEAR LINEAR LINEAR LINEAR LINEAR LINEAR
LINEAR LINEAR LINEAR LINEAR LINEAR LINEAR LINEAR</Name_array>
     <technique_common>
      <accessor source="#jnt_left_handring1-Interpolations-array" count="30">
       <param type="name"></param>
      </accessor>
     </technique_common>
    </source>
    <sampler id="jnt_left_handring1-Matrix-animation-transform">
     <input semantic="INPUT" source="#jnt_left_handring1-Matrix-animation-input"></input>
     <input semantic="OUTPUT" source="#jnt_left_handring1-Matrix-animation-output-transform"></input>
     <input semantic="INTERPOLATION" source="#jnt_left_handring1-Interpolations"></input>
    </sampler>
    <channel source="#jnt_left_handring1-Matrix-animation-transform" target="jnt_left_handring1/matrix"></channel>
   </animation>
  </animation>
  <animation id="jnt_left_handring2-anim" name="jnt_left_handring2">
   <animation>
    <source id="jnt_left_handring2-Matrix-animation-input">
     <float_array id="jnt_left_handring2-Matrix-animation-input-array" count="30">

0.000000 0.033333 0.066667 0.100000 0.133333 0.166667 0.200000 0.233333 0.266667 0.300000 0.333333 0.366667 0.400000 0.433333 0.466667 0.500000
0.533333 0.566667 0.600000 0.633333 0.666667 0.700000 0.733333 0.766667 0.800000 0.833333 0.866667 0.900000 0.933333 0.966667</float_array>
     <technique_common>
      <accessor source="#jnt_left_handring2-Matrix-animation-input-array" count="30">
       <param name="TIME" type="float"></param>
      </accessor>
     </technique_common>
    </source>
    <source id="jnt_left_handring2-Matrix-animation-output-transform">
     <float_array id="jnt_left_handring2-Matrix-animation-output-transform-array" count="480">

0.881478 0.472226 0.000000 -0.184233 -0.472226 0.881478 -0.000001 -0.000001 -0.000001 0.000001 1.000000 -0.000001 0.000000 0.000000 0.000000 1.000000
0.881477 0.472226 0.000000 -0.184233 -0.472226 0.881477 -0.000001 -0.000001 -0.000001 0.000001 1.000000 -0.000001 0.000000 0.000000 0.000000 1.000000
0.881477 0.472226 0.000000 -0.184233 -0.472226 0.881477 -0.000001 -0.000001 -0.000001 0.000001 1.000000 -0.000001 0.000000 0.000000 0.000000 1.000000
0.881478 0.472226 0.000000 -0.184233 -0.472226 0.881477 -0.000001 -0.000001 -0.000001 0.000001 1.000000 -0.000001 0.000000 0.000000 0.000000 1.000000
0.881477 0.472226 0.000000 -0.184233 -0.472226 0.881477 -0.000001 -0.000002 -0.000001 0.000001 1.000000 -0.000001 0.000000 0.000000 0.000000 1.000000
0.881477 0.472226 0.000000 -0.184233 -0.472226 0.881477 -0.000001 -0.000001 -0.000001 0.000001 1.000000 -0.000001 0.000000 0.000000 0.000000 1.000000
0.881478 0.472226 0.000000 -0.184233 -0.472226 0.881478 -0.000001 -0.000001 -0.000001 0.000001 1.000000 -0.000001 0.000000 0.000000 0.000000 1.000000
0.881477 0.472226 0.000000 -0.184233 -0.472226 0.881477 -0.000001 -0.000001 -0.000001 0.000001 1.000000 -0.000001 0.000000 0.000000 0.000000 1.000000
0.881478 0.472226 0.000000 -0.184233 -0.472226 0.881478 -0.000001 -0.000002 -0.000001 0.000001 1.000000 -0.000001 0.000000 0.000000 0.000000 1.000000
0.881478 0.472226 0.000000 -0.184233 -0.472226 0.881478 -0.000001 -0.000001 -0.000001 0.000001 1.000000 -0.000001 0.000000 0.000000 0.000000 1.000000
0.881477 0.472226 0.000000 -0.184233 -0.472226 0.881478 -0.000001 -0.000001 -0.000001 0.000001 1.000000 -0.000001 0.000000 0.000000 0.000000 1.000000
0.881477 0.472226 0.000000 -0.184233 -0.472226 0.881478 -0.000001 -0.000001 -0.000001 0.000001 1.000000 -0.000001 0.000000 0.000000 0.000000 1.000000
0.881477 0.472226 0.000000 -0.184232 -0.472226 0.881478 -0.000001 -0.000002 -0.000001 0.000001 1.000000 -0.000001 0.000000 0.000000 0.000000 1.000000
0.881478 0.472226 0.000000 -0.184234 -0.472226 0.881477 -0.000001 -0.000001 -0.000001 0.000001 1.000000 -0.000001 0.000000 0.000000 0.000000 1.000000
0.881478 0.472226 0.000000 -0.184233 -0.472226 0.881478 -0.000001 -0.000002 -0.000001 0.000001 1.000000 -0.000001 0.000000 0.000000 0.000000 1.000000
0.881477 0.472226 0.000000 -0.184232 -0.472226 0.881478 -0.000001 -0.000002 -0.000001 0.000001 1.000000 -0.000000 0.000000 0.000000 0.000000 1.000000
0.881478 0.472226 0.000000 -0.184233 -0.472226 0.881478 -0.000001 -0.000001 -0.000001 0.000001 1.000000 -0.000001 0.000000 0.000000 0.000000 1.000000
0.881478 0.472226 0.000000 -0.184233 -0.472226 0.881477 -0.000001 -0.000001 -0.000001 0.000001 1.000000 -0.000001 0.000000 0.000000 0.000000 1.000000
0.881478 0.472226 0.000000 -0.184234 -0.472226 0.881478 -0.000001 -0.000001 -0.000001 0.000001 1.000000 -0.000001 0.000000 0.000000 0.000000 1.000000
0.881477 0.472226 0.000000 -0.184232 -0.472226 0.881477 -0.000001 -0.000001 -0.000001 0.000001 1.000000 -0.000001 0.000000 0.000000 0.000000 1.000000
0.881477 0.472226 0.000000 -0.184234 -0.472226 0.881477 -0.000001 -0.000002 -0.000001 0.000001 1.000000 -0.000001 0.000000 0.000000 0.000000 1.000000
0.881477 0.472226 0.000000 -0.184233 -0.472226 0.881477 -0.000001 -0.000001 -0.000001 0.000001 1.000000 -0.000001 0.000000 0.000000 0.000000 1.000000
0.881478 0.472226 0.000000 -0.184233 -0.472226 0.881478 -0.000001 -0.000002 -0.000001 0.000001 1.000000 -0.000001 0.000000 0.000000 0.000000 1.000000
0.881478 0.472226 0.000000 -0.184233 -0.472226 0.881478 -0.000001 -0.000001 -0.000001 0.000001 1.000000 -0.000001 0.000000 0.000000 0.000000 1.000000
0.881478 0.472226 0.000000 -0.184233 -0.472226 0.881478 -0.000001 -0.000002 -0.000001 0.000001 1.000000 -0.000001 0.000000 0.000000 0.000000 1.000000
0.881478 0.472226 0.000000 -0.184233 -0.472226 0.881478 -0.000001 -0.000002 -0.000001 0.000001 1.000000 -0.000001 0.000000 0.000000 0.000000 1.000000
0.881477 0.472226 0.000000 -0.184234 -0.472226 0.881477 -0.000001 -0.000001 -0.000001 0.000001 1.000000 -0.000001 0.000000 0.000000 0.000000 1.000000
0.881477 0.472226 0.000000 -0.184233 -0.472226 0.881477 -0.000001 -0.000001 -0.000001 0.000001 1.000000 -0.000001 0.000000 0.000000 0.000000 1.000000
0.881477 0.472226 0.000000 -0.184233 -0.472226 0.881477 -0.000001 -0.000002 -0.000001 0.000001 1.000000 -0.000001 0.000000 0.000000 0.000000 1.000000
0.881478 0.472226 0.000000 -0.184233 -0.472226 0.881477 -0.000001 -0.000001 -0.000001 0.000001 1.000000 -0.000001 0.000000 0.000000 0.000000 1.000000</float_array>
     <technique_common>
      <accessor source="#jnt_left_handring2-Matrix-animation-output-transform-array" count="30" stride="16">
       <param type="float4x4"></param>
      </accessor>
     </technique_common>
    </source>
    <source id="jnt_left_handring2-Interpolations">
     <Name_array id="jnt_left_handring2-Interpolations-array" count="30">
 LINEAR LINEAR LINEAR LINEAR LINEAR LINEAR LINEAR LINEAR LINEAR LINEAR LINEAR
LINEAR LINEAR LINEAR LINEAR LINEAR LINEAR LINEAR LINEAR LINEAR LINEAR LINEAR LINEAR
LINEAR LINEAR LINEAR LINEAR LINEAR LINEAR LINEAR</Name_array>
     <technique_common>
      <accessor source="#jnt_left_handring2-Interpolations-array" count="30">
       <param type="name"></param>
      </accessor>
     </technique_common>
    </source>
    <sampler id="jnt_left_handring2-Matrix-animation-transform">
     <input semantic="INPUT" source="#jnt_left_handring2-Matrix-animation-input"></input>
     <input semantic="OUTPUT" source="#jnt_left_handring2-Matrix-animation-output-transform"></input>
     <input semantic="INTERPOLATION" source="#jnt_left_handring2-Interpolations"></input>
    </sampler>
    <channel source="#jnt_left_handring2-Matrix-animation-transform" target="jnt_left_handring2/matrix"></channel>
   </animation>
  </animation>
  <animation id="jnt_left_handring3-anim" name="jnt_left_handring3">
   <animation>
    <source id="jnt_left_handring3-Matrix-animation-input">
     <float_array id="jnt_left_handring3-Matrix-animation-input-array" count="30">

0.000000 0.033333 0.066667 0.100000 0.133333 0.166667 0.200000 0.233333 0.266667 0.300000 0.333333 0.366667 0.400000 0.433333 0.466667 0.500000
0.533333 0.566667 0.600000 0.633333 0.666667 0.700000 0.733333 0.766667 0.800000 0.833333 0.866667 0.900000 0.933333 0.966667</float_array>
     <technique_common>
      <accessor source="#jnt_left_handring3-Matrix-animation-input-array" count="30">
       <param name="TIME" type="float"></param>
      </accessor>
     </technique_common>
    </source>
    <source id="jnt_left_handring3-Matrix-animation-output-transform">
     <float_array id="jnt_left_handring3-Matrix-animation-output-transform-array" count="480">

0.967951 0.251140 -0.000000 -0.103958 -0.251140 0.967951 0.000001 0.000003 0.000000 -0.000001 1.000000 0.000000 0.000000 0.000000 0.000000 1.000000
0.967951 0.251140 -0.000000 -0.103958 -0.251140 0.967951 0.000001 0.000003 0.000000 -0.000001 1.000000 -0.000000 0.000000 0.000000 0.000000 1.000000
0.967951 0.251140 0.000000 -0.103958 -0.251140 0.967951 0.000001 0.000003 0.000000 -0.000001 1.000000 0.000000 0.000000 0.000000 0.000000 1.000000
0.967951 0.251140 0.000000 -0.103958 -0.251140 0.967951 0.000001 0.000002 0.000000 -0.000001 1.000000 0.000000 0.000000 0.000000 0.000000 1.000000
0.967951 0.251140 0.000000 -0.103958 -0.251140 0.967951 0.000001 0.000002 0.000000 -0.000001 1.000000 0.000000 0.000000 0.000000 0.000000 1.000000
0.967951 0.251140 0.000000 -0.103958 -0.251140 0.967951 0.000001 0.000003 0.000000 -0.000001 1.000000 -0.000000 0.000000 0.000000 0.000000 1.000000
0.967951 0.251140 0.000000 -0.103958 -0.251140 0.967951 0.000001 0.000003 0.000000 -0.000001 1.000000 -0.000000 0.000000 0.000000 0.000000 1.000000
0.967950 0.251140 0.000000 -0.103958 -0.251140 0.967951 0.000001 0.000002 0.000000 -0.000001 1.000000 0.000000 0.000000 0.000000 0.000000 1.000000
0.967951 0.251140 0.000000 -0.103958 -0.251140 0.967951 0.000001 0.000002 0.000000 -0.000001 1.000000 -0.000000 0.000000 0.000000 0.000000 1.000000
0.967951 0.251140 -0.000000 -0.103957 -0.251140 0.967951 0.000001 0.000003 0.000000 -0.000001 1.000000 0.000000 0.000000 0.000000 0.000000 1.000000
0.967951 0.251140 0.000000 -0.103958 -0.251140 0.967951 0.000001 0.000003 0.000000 -0.000001 1.000000 -0.000000 0.000000 0.000000 0.000000 1.000000
0.967951 0.251140 -0.000000 -0.103958 -0.251140 0.967951 0.000001 0.000003 0.000000 -0.000001 1.000000 0.000000 0.000000 0.000000 0.000000 1.000000
0.967951 0.251140 0.000000 -0.103958 -0.251140 0.967951 0.000001 0.000002 0.000000 -0.000001 1.000000 -0.000000 0.000000 0.000000 0.000000 1.000000
0.967951 0.251140 0.000000 -0.103958 -0.251140 0.967951 0.000001 0.000003 0.000000 -0.000001 1.000000 -0.000000 0.000000 0.000000 0.000000 1.000000
0.967951 0.251140 0.000000 -0.103958 -0.251140 0.967951 0.000001 0.000003 0.000000 -0.000001 1.000000 -0.000000 0.000000 0.000000 0.000000 1.000000
0.967951 0.251140 0.000000 -0.103957 -0.251140 0.967951 0.000001 0.000003 0.000000 -0.000001 1.000000 -0.000000 0.000000 0.000000 0.000000 1.000000
0.967951 0.251140 0.000000 -0.103958 -0.251140 0.967951 0.000001 0.000003 0.000000 -0.000001 1.000000 -0.000000 0.000000 0.000000 0.000000 1.000000
0.967951 0.251140 0.000000 -0.103958 -0.251140 0.967951 0.000001 0.000003 0.000000 -0.000001 1.000000 0.000000 0.000000 0.000000 0.000000 1.000000
0.967951 0.251140 0.000000 -0.103959 -0.251140 0.967951 0.000001 0.000003 0.000000 -0.000001 1.000000 0.000000 0.000000 0.000000 0.000000 1.000000
0.967951 0.251140 0.000000 -0.103959 -0.251140 0.967951 0.000001 0.000002 0.000000 -0.000001 1.000000 -0.000000 0.000000 0.000000 0.000000 1.000000
0.967951 0.251140 0.000000 -0.103958 -0.251140 0.967951 0.000001 0.000002 0.000000 -0.000001 1.000000 -0.000000 0.000000 0.000000 0.000000 1.000000
0.967951 0.251140 0.000000 -0.103958 -0.251140 0.967951 0.000001 0.000003 0.000000 -0.000001 1.000000 -0.000000 0.000000 0.000000 0.000000 1.000000
0.967951 0.251140 0.000000 -0.103959 -0.251140 0.967951 0.000001 0.000003 0.000000 -0.000001 1.000000 -0.000000 0.000000 0.000000 0.000000 1.000000
0.967951 0.251140 0.000000 -0.103957 -0.251140 0.967951 0.000001 0.000002 0.000000 -0.000001 1.000000 0.000000 0.000000 0.000000 0.000000 1.000000
0.967951 0.251140 0.000000 -0.103958 -0.251140 0.967950 0.000001 0.000003 0.000000 -0.000001 1.000000 -0.000000 0.000000 0.000000 0.000000 1.000000
0.967951 0.251140 0.000000 -0.103958 -0.251140 0.967951 0.000001 0.000003 0.000000 -0.000001 1.000000 0.000000 0.000000 0.000000 0.000000 1.000000
0.967951 0.251140 -0.000000 -0.103958 -0.251140 0.967951 0.000001 0.000003 0.000000 -0.000001 1.000000 -0.000000 0.000000 0.000000 0.000000 1.000000
0.967951 0.251140 -0.000000 -0.103958 -0.251140 0.967951 0.000001 0.000002 0.000000 -0.000001 1.000000 -0.000000 0.000000 0.000000 0.000000 1.000000
0.967951 0.251140 0.000000 -0.103958 -0.251140 0.967951 0.000001 0.000002 0.000000 -0.000001 1.000000 -0.000000 0.000000 0.000000 0.000000 1.000000
0.967951 0.251140 0.000000 -0.103957 -0.251140 0.967951 0.000001 0.000004 0.000000 -0.000001 1.000000 0.000000 0.000000 0.000000 0.000000 1.000000</float_array>
     <technique_common>
      <accessor source="#jnt_left_handring3-Matrix-animation-output-transform-array" count="30" stride="16">
       <param type="float4x4"></param>
      </accessor>
     </technique_common>
    </source>
    <source id="jnt_left_handring3-Interpolations">
     <Name_array id="jnt_left_handring3-Interpolations-array" count="30">
 LINEAR LINEAR LINEAR LINEAR LINEAR LINEAR LINEAR LINEAR LINEAR LINEAR LINEAR
LINEAR LINEAR LINEAR LINEAR LINEAR LINEAR LINEAR LINEAR LINEAR LINEAR LINEAR LINEAR
LINEAR LINEAR LINEAR LINEAR LINEAR LINEAR LINEAR</Name_array>
     <technique_common>
      <accessor source="#jnt_left_handring3-Interpolations-array" count="30">
       <param type="name"></param>
      </accessor>
     </technique_common>
    </source>
    <sampler id="jnt_left_handring3-Matrix-animation-transform">
     <input semantic="INPUT" source="#jnt_left_handring3-Matrix-animation-input"></input>
     <input semantic="OUTPUT" source="#jnt_left_handring3-Matrix-animation-output-transform"></input>
     <input semantic="INTERPOLATION" source="#jnt_left_handring3-Interpolations"></input>
    </sampler>
    <channel source="#jnt_left_handring3-Matrix-animation-transform" target="jnt_left_handring3/matrix"></channel>
   </animation>
  </animation>
  <animation id="jnt_left_handring4-anim" name="jnt_left_handring4">
   <animation>
    <source id="jnt_left_handring4-Matrix-animation-input">
     <float_array id="jnt_left_handring4-Matrix-animation-input-array" count="30">

0.000000 0.033333 0.066667 0.100000 0.133333 0.166667 0.200000 0.233333 0.266667 0.300000 0.333333 0.366667 0.400000 0.433333 0.466667 0.500000
0.533333 0.566667 0.600000 0.633333 0.666667 0.700000 0.733333 0.766667 0.800000 0.833333 0.866667 0.900000 0.933333 0.966667</float_array>
     <technique_common>
      <accessor source="#jnt_left_handring4-Matrix-animation-input-array" count="30">
       <param name="TIME" type="float"></param>
      </accessor>
     </technique_common>
    </source>
    <source id="jnt_left_handring4-Matrix-animation-output-transform">
     <float_array id="jnt_left_handring4-Matrix-animation-output-transform-array" count="480">

1.000000 0.000000 0.000000 -0.120246 -0.000000 1.000000 0.000000 -0.000105 -0.000000 -0.000000 1.000000 0.000017 0.000000 0.000000 0.000000 1.000000
1.000000 0.000000 -0.000000 -0.120246 -0.000000 1.000000 -0.000000 -0.000105 0.000000 0.000000 1.000000 0.000017 0.000000 0.000000 0.000000 1.000000
1.000000 0.000000 0.000000 -0.120246 -0.000000 1.000000 0.000000 -0.000105 -0.000000 -0.000000 1.000000 0.000017 0.000000 0.000000 0.000000 1.000000
1.000000 0.000000 -0.000000 -0.120246 -0.000000 1.000000 -0.000000 -0.000105 0.000000 0.000000 1.000000 0.000017 0.000000 0.000000 0.000000 1.000000
1.000000 0.000000 0.000000 -0.120246 -0.000000 1.000000 0.000000 -0.000105 -0.000000 -0.000000 1.000000 0.000017 0.000000 0.000000 0.000000 1.000000
1.000000 0.000000 0.000000 -0.120246 -0.000000 1.000000 -0.000000 -0.000105 -0.000000 0.000000 1.000000 0.000017 0.000000 0.000000 0.000000 1.000000
1.000000 0.000000 0.000000 -0.120246 -0.000000 1.000000 -0.000000 -0.000105 -0.000000 0.000000 1.000000 0.000017 0.000000 0.000000 0.000000 1.000000
1.000000 0.000000 -0.000000 -0.120246 -0.000000 1.000000 0.000000 -0.000105 0.000000 -0.000000 1.000000 0.000017 0.000000 0.000000 0.000000 1.000000
1.000000 0.000000 0.000000 -0.120246 -0.000000 1.000000 -0.000000 -0.000105 -0.000000 0.000000 1.000000 0.000017 0.000000 0.000000 0.000000 1.000000
1.000000 0.000000 -0.000000 -0.120246 -0.000000 1.000000 -0.000000 -0.000105 0.000000 0.000000 1.000000 0.000017 0.000000 0.000000 0.000000 1.000000
1.000000 0.000000 -0.000000 -0.120246 -0.000000 1.000000 -0.000000 -0.000105 0.000000 0.000000 1.000000 0.000017 0.000000 0.000000 0.000000 1.000000
1.000000 0.000000 -0.000000 -0.120246 -0.000000 1.000000 -0.000000 -0.000105 0.000000 0.000000 1.000000 0.000017 0.000000 0.000000 0.000000 1.000000
1.000000 0.000000 -0.000000 -0.120245 -0.000000 1.000000 0.000000 -0.000105 0.000000 -0.000000 1.000000 0.000017 0.000000 0.000000 0.000000 1.000000
1.000000 0.000000 -0.000000 -0.120246 -0.000000 1.000000 -0.000000 -0.000105 0.000000 0.000000 1.000000 0.000017 0.000000 0.000000 0.000000 1.000000
1.000000 0.000000 0.000000 -0.120246 -0.000000 1.000000 -0.000000 -0.000105 -0.000000 0.000000 1.000000 0.000018 0.000000 0.000000 0.000000 1.000000
1.000000 0.000000 0.000000 -0.120246 -0.000000 1.000000 0.000000 -0.000105 -0.000000 -0.000000 1.000000 0.000017 0.000000 0.000000 0.000000 1.000000
1.000000 0.000000 0.000000 -0.120246 -0.000000 1.000000 -0.000000 -0.000105 -0.000000 0.000000 1.000000 0.000017 0.000000 0.000000 0.000000 1.000000
1.000000 0.000000 -0.000000 -0.120246 -0.000000 1.000000 0.000000 -0.000105 0.000000 -0.000000 1.000000 0.000017 0.000000 0.000000 0.000000 1.000000
1.000000 0.000000 -0.000000 -0.120246 -0.000000 1.000000 0.000000 -0.000105 0.000000 -0.000000 1.000000 0.000017 0.000000 0.000000 0.000000 1.000000
1.000000 0.000000 -0.000000 -0.120246 -0.000000 1.000000 -0.000000 -0.000105 0.000000 0.000000 1.000000 0.000017 0.000000 0.000000 0.000000 1.000000
1.000000 0.000000 0.000000 -0.120246 -0.000000 1.000000 -0.000000 -0.000105 -0.000000 0.000000 1.000000 0.000017 0.000000 0.000000 0.000000 1.000000
1.000000 0.000000 -0.000000 -0.120246 -0.000000 1.000000 -0.000000 -0.000105 0.000000 0.000000 1.000000 0.000017 0.000000 0.000000 0.000000 1.000000
1.000000 0.000000 0.000000 -0.120246 -0.000000 1.000000 -0.000000 -0.000105 -0.000000 0.000000 1.000000 0.000017 0.000000 0.000000 0.000000 1.000000
1.000000 0.000000 0.000000 -0.120246 -0.000000 1.000000 0.000000 -0.000105 -0.000000 -0.000000 1.000000 0.000017 0.000000 0.000000 0.000000 1.000000
1.000000 0.000000 0.000000 -0.120246 -0.000000 1.000000 0.000000 -0.000105 -0.000000 -0.000000 1.000000 0.000017 0.000000 0.000000 0.000000 1.000000
1.000000 0.000000 -0.000000 -0.120246 -0.000000 1.000000 -0.000000 -0.000105 0.000000 0.000000 1.000000 0.000017 0.000000 0.000000 0.000000 1.000000
1.000000 0.000000 -0.000000 -0.120246 -0.000000 1.000000 0.000000 -0.000105 0.000000 -0.000000 1.000000 0.000017 0.000000 0.000000 0.000000 1.000000
1.000000 0.000000 -0.000000 -0.120246 -0.000000 1.000000 0.000000 -0.000105 0.000000 -0.000000 1.000000 0.000017 0.000000 0.000000 0.000000 1.000000
1.000000 0.000000 0.000000 -0.120246 -0.000000 1.000000 -0.000000 -0.000105 -0.000000 0.000000 1.000000 0.000017 0.000000 0.000000 0.000000 1.000000
1.000000 0.000000 0.000000 -0.120246 -0.000000 1.000000 0.000000 -0.000105 -0.000000 -0.000000 1.000000 0.000017 0.000000 0.000000 0.000000 1.000000</float_array>
     <technique_common>
      <accessor source="#jnt_left_handring4-Matrix-animation-output-transform-array" count="30" stride="16">
       <param type="float4x4"></param>
      </accessor>
     </technique_common>
    </source>
    <source id="jnt_left_handring4-Interpolations">
     <Name_array id="jnt_left_handring4-Interpolations-array" count="30">
 LINEAR LINEAR LINEAR LINEAR LINEAR LINEAR LINEAR LINEAR LINEAR LINEAR LINEAR
LINEAR LINEAR LINEAR LINEAR LINEAR LINEAR LINEAR LINEAR LINEAR LINEAR LINEAR LINEAR
LINEAR LINEAR LINEAR LINEAR LINEAR LINEAR LINEAR</Name_array>
     <technique_common>
      <accessor source="#jnt_left_handring4-Interpolations-array" count="30">
       <param type="name"></param>
      </accessor>
     </technique_common>
    </source>
    <sampler id="jnt_left_handring4-Matrix-animation-transform">
     <input semantic="INPUT" source="#jnt_left_handring4-Matrix-animation-input"></input>
     <input semantic="OUTPUT" source="#jnt_left_handring4-Matrix-animation-output-transform"></input>
     <input semantic="INTERPOLATION" source="#jnt_left_handring4-Interpolations"></input>
    </sampler>
    <channel source="#jnt_left_handring4-Matrix-animation-transform" target="jnt_left_handring4/matrix"></channel>
   </animation>
  </animation>
  <animation id="jnt_left_handpinky1-anim" name="jnt_left_handpinky1">
   <animation>
    <source id="jnt_left_handpinky1-Matrix-animation-input">
     <float_array id="jnt_left_handpinky1-Matrix-animation-input-array" count="30">

0.000000 0.033333 0.066667 0.100000 0.133333 0.166667 0.200000 0.233333 0.266667 0.300000 0.333333 0.366667 0.400000 0.433333 0.466667 0.500000
0.533333 0.566667 0.600000 0.633333 0.666667 0.700000 0.733333 0.766667 0.800000 0.833333 0.866667 0.900000 0.933333 0.966667</float_array>
     <technique_common>
      <accessor source="#jnt_left_handpinky1-Matrix-animation-input-array" count="30">
       <param name="TIME" type="float"></param>
      </accessor>
     </technique_common>
    </source>
    <source id="jnt_left_handpinky1-Matrix-animation-output-transform">
     <float_array id="jnt_left_handpinky1-Matrix-animation-output-transform-array" count="480">

0.536721 0.840265 -0.076716 -0.407613 0.103818 -0.155996 -0.982287 0.208155 -0.837348 0.519250 -0.170961 0.012224 0.000000 0.000000 0.000000 1.000000
0.536721 0.840265 -0.076715 -0.407612 0.103818 -0.155996 -0.982287 0.208155 -0.837348 0.519250 -0.170961 0.012223 0.000000 0.000000 0.000000 1.000000
0.536721 0.840265 -0.076715 -0.407612 0.103818 -0.155996 -0.982287 0.208155 -0.837348 0.519249 -0.170960 0.012223 0.000000 0.000000 0.000000 1.000000
0.536721 0.840265 -0.076716 -0.407612 0.103818 -0.155996 -0.982287 0.208155 -0.837349 0.519249 -0.170961 0.012224 0.000000 0.000000 0.000000 1.000000
0.536721 0.840265 -0.076715 -0.407612 0.103818 -0.155996 -0.982287 0.208156 -0.837349 0.519249 -0.170960 0.012223 0.000000 0.000000 0.000000 1.000000
0.536721 0.840265 -0.076715 -0.407612 0.103818 -0.155996 -0.982287 0.208155 -0.837348 0.519250 -0.170961 0.012223 0.000000 0.000000 0.000000 1.000000
0.536721 0.840265 -0.076715 -0.407613 0.103818 -0.155996 -0.982287 0.208156 -0.837348 0.519250 -0.170961 0.012223 0.000000 0.000000 0.000000 1.000000
0.536721 0.840265 -0.076715 -0.407612 0.103818 -0.155996 -0.982287 0.208155 -0.837348 0.519250 -0.170961 0.012223 0.000000 0.000000 0.000000 1.000000
0.536721 0.840265 -0.076716 -0.407612 0.103818 -0.155996 -0.982287 0.208155 -0.837349 0.519250 -0.170961 0.012223 0.000000 0.000000 0.000000 1.000000
0.536721 0.840265 -0.076715 -0.407613 0.103818 -0.155996 -0.982287 0.208155 -0.837348 0.519250 -0.170961 0.012223 0.000000 0.000000 0.000000 1.000000
0.536721 0.840265 -0.076715 -0.407612 0.103818 -0.155996 -0.982287 0.208155 -0.837348 0.519250 -0.170961 0.012223 0.000000 0.000000 0.000000 1.000000
0.536721 0.840265 -0.076715 -0.407612 0.103818 -0.155996 -0.982287 0.208155 -0.837348 0.519250 -0.170960 0.012223 0.000000 0.000000 0.000000 1.000000
0.536721 0.840265 -0.076715 -0.407613 0.103818 -0.155996 -0.982287 0.208155 -0.837348 0.519250 -0.170960 0.012223 0.000000 0.000000 0.000000 1.000000
0.536721 0.840265 -0.076715 -0.407613 0.103818 -0.155996 -0.982287 0.208156 -0.837349 0.519250 -0.170961 0.012224 0.000000 0.000000 0.000000 1.000000
0.536721 0.840265 -0.076715 -0.407612 0.103818 -0.155996 -0.982287 0.208156 -0.837348 0.519250 -0.170960 0.012223 0.000000 0.000000 0.000000 1.000000
0.536721 0.840265 -0.076715 -0.407612 0.103818 -0.155996 -0.982287 0.208155 -0.837348 0.519250 -0.170960 0.012223 0.000000 0.000000 0.000000 1.000000
0.536721 0.840265 -0.076715 -0.407612 0.103818 -0.155996 -0.982287 0.208155 -0.837348 0.519250 -0.170961 0.012224 0.000000 0.000000 0.000000 1.000000
0.536721 0.840265 -0.076716 -0.407613 0.103818 -0.155996 -0.982287 0.208156 -0.837348 0.519250 -0.170961 0.012223 0.000000 0.000000 0.000000 1.000000
0.536721 0.840265 -0.076716 -0.407613 0.103818 -0.155996 -0.982287 0.208155 -0.837349 0.519250 -0.170961 0.012224 0.000000 0.000000 0.000000 1.000000
0.536721 0.840265 -0.076715 -0.407612 0.103818 -0.155996 -0.982287 0.208155 -0.837349 0.519250 -0.170961 0.012223 0.000000 0.000000 0.000000 1.000000
0.536721 0.840265 -0.076715 -0.407612 0.103818 -0.155996 -0.982287 0.208155 -0.837348 0.519250 -0.170961 0.012224 0.000000 0.000000 0.000000 1.000000
0.536721 0.840265 -0.076715 -0.407613 0.103818 -0.155996 -0.982287 0.208155 -0.837348 0.519250 -0.170960 0.012223 0.000000 0.000000 0.000000 1.000000
0.536721 0.840265 -0.076716 -0.407612 0.103818 -0.155996 -0.982287 0.208156 -0.837348 0.519250 -0.170961 0.012223 0.000000 0.000000 0.000000 1.000000
0.536721 0.840265 -0.076715 -0.407612 0.103818 -0.155996 -0.982287 0.208156 -0.837348 0.519250 -0.170961 0.012223 0.000000 0.000000 0.000000 1.000000
0.536721 0.840265 -0.076715 -0.407612 0.103818 -0.155996 -0.982287 0.208155 -0.837348 0.519250 -0.170961 0.012223 0.000000 0.000000 0.000000 1.000000
0.536721 0.840265 -0.076715 -0.407612 0.103818 -0.155996 -0.982287 0.208155 -0.837348 0.519250 -0.170961 0.012223 0.000000 0.000000 0.000000 1.000000
0.536721 0.840265 -0.076715 -0.407612 0.103818 -0.155996 -0.982287 0.208156 -0.837348 0.519250 -0.170960 0.012223 0.000000 0.000000 0.000000 1.000000
0.536721 0.840265 -0.076715 -0.407612 0.103818 -0.155996 -0.982287 0.208155 -0.837348 0.519250 -0.170960 0.012223 0.000000 0.000000 0.000000 1.000000
0.536721 0.840265 -0.076715 -0.407613 0.103818 -0.155996 -0.982287 0.208155 -0.837349 0.519250 -0.170961 0.012224 0.000000 0.000000 0.000000 1.000000
0.536721 0.840265 -0.076715 -0.407612 0.103818 -0.155996 -0.982287 0.208155 -0.837348 0.519250 -0.170961 0.012223 0.000000 0.000000 0.000000 1.000000</float_array>
     <technique_common>
      <accessor source="#jnt_left_handpinky1-Matrix-animation-output-transform-array" count="30" stride="16">
       <param type="float4x4"></param>
      </accessor>
     </technique_common>
    </source>
    <source id="jnt_left_handpinky1-Interpolations">
     <Name_array id="jnt_left_handpinky1-Interpolations-array" count="30">
 LINEAR LINEAR LINEAR LINEAR LINEAR LINEAR LINEAR LINEAR LINEAR LINEAR LINEAR
LINEAR LINEAR LINEAR LINEAR LINEAR LINEAR LINEAR LINEAR LINEAR LINEAR LINEAR LINEAR
LINEAR LINEAR LINEAR LINEAR LINEAR LINEAR LINEAR</Name_array>
     <technique_common>
      <accessor source="#jnt_left_handpinky1-Interpolations-array" count="30">
       <param type="name"></param>
      </accessor>
     </technique_common>
    </source>
    <sampler id="jnt_left_handpinky1-Matrix-animation-transform">
     <input semantic="INPUT" source="#jnt_left_handpinky1-Matrix-animation-input"></input>
     <input semantic="OUTPUT" source="#jnt_left_handpinky1-Matrix-animation-output-transform"></input>
     <input semantic="INTERPOLATION" source="#jnt_left_handpinky1-Interpolations"></input>
    </sampler>
    <channel source="#jnt_left_handpinky1-Matrix-animation-transform" target="jnt_left_handpinky1/matrix"></channel>
   </animation>
  </animation>
  <animation id="jnt_left_handpinky2-anim" name="jnt_left_handpinky2">
   <animation>
    <source id="jnt_left_handpinky2-Matrix-animation-input">
     <float_array id="jnt_left_handpinky2-Matrix-animation-input-array" count="30">

0.000000 0.033333 0.066667 0.100000 0.133333 0.166667 0.200000 0.233333 0.266667 0.300000 0.333333 0.366667 0.400000 0.433333 0.466667 0.500000
0.533333 0.566667 0.600000 0.633333 0.666667 0.700000 0.733333 0.766667 0.800000 0.833333 0.866667 0.900000 0.933333 0.966667</float_array>
     <technique_common>
      <accessor source="#jnt_left_handpinky2-Matrix-animation-input-array" count="30">
       <param name="TIME" type="float"></param>
      </accessor>
     </technique_common>
    </source>
    <source id="jnt_left_handpinky2-Matrix-animation-output-transform">
     <float_array id="jnt_left_handpinky2-Matrix-animation-output-transform-array" count="480">

0.822138 0.569288 0.000001 -0.148503 -0.569288 0.822138 -0.000000 0.000001 -0.000001 -0.000000 1.000000 -0.000001 0.000000 0.000000 0.000000 1.000000
0.822138 0.569288 0.000001 -0.148503 -0.569288 0.822138 -0.000000 0.000002 -0.000001 -0.000000 1.000000 -0.000001 0.000000 0.000000 0.000000 1.000000
0.822138 0.569288 0.000001 -0.148503 -0.569288 0.822138 -0.000000 0.000001 -0.000001 -0.000000 1.000000 -0.000001 0.000000 0.000000 0.000000 1.000000
0.822138 0.569288 0.000001 -0.148503 -0.569288 0.822138 -0.000000 0.000001 -0.000001 -0.000000 1.000000 -0.000001 0.000000 0.000000 0.000000 1.000000
0.822138 0.569288 0.000001 -0.148504 -0.569288 0.822138 -0.000000 0.000001 -0.000001 -0.000000 1.000000 -0.000001 0.000000 0.000000 0.000000 1.000000
0.822138 0.569288 0.000001 -0.148503 -0.569288 0.822138 -0.000000 0.000001 -0.000001 -0.000000 1.000000 -0.000001 0.000000 0.000000 0.000000 1.000000
0.822138 0.569288 0.000001 -0.148503 -0.569288 0.822138 -0.000000 0.000001 -0.000001 -0.000000 1.000000 -0.000001 0.000000 0.000000 0.000000 1.000000
0.822138 0.569288 0.000001 -0.148503 -0.569288 0.822139 -0.000000 0.000001 -0.000001 -0.000000 1.000000 -0.000001 0.000000 0.000000 0.000000 1.000000
0.822138 0.569288 0.000001 -0.148504 -0.569288 0.822138 -0.000000 0.000002 -0.000001 -0.000000 1.000000 -0.000001 0.000000 0.000000 0.000000 1.000000
0.822138 0.569288 0.000001 -0.148502 -0.569288 0.822138 -0.000000 0.000002 -0.000001 -0.000000 1.000000 -0.000000 0.000000 0.000000 0.000000 1.000000
0.822138 0.569288 0.000001 -0.148504 -0.569288 0.822138 -0.000000 0.000001 -0.000001 -0.000000 1.000000 -0.000001 0.000000 0.000000 0.000000 1.000000
0.822138 0.569288 0.000001 -0.148502 -0.569288 0.822138 -0.000000 0.000001 -0.000001 -0.000000 1.000000 -0.000001 0.000000 0.000000 0.000000 1.000000
0.822138 0.569288 0.000001 -0.148503 -0.569288 0.822139 -0.000000 0.000001 -0.000001 -0.000000 1.000000 -0.000002 0.000000 0.000000 0.000000 1.000000
0.822138 0.569288 0.000001 -0.148502 -0.569288 0.822138 -0.000000 0.000001 -0.000001 -0.000000 1.000000 -0.000000 0.000000 0.000000 0.000000 1.000000
0.822138 0.569288 0.000001 -0.148503 -0.569288 0.822138 -0.000000 0.000001 -0.000001 -0.000000 1.000000 -0.000001 0.000000 0.000000 0.000000 1.000000
0.822138 0.569288 0.000001 -0.148503 -0.569288 0.822138 -0.000000 0.000002 -0.000001 -0.000000 1.000000 -0.000001 0.000000 0.000000 0.000000 1.000000
0.822138 0.569288 0.000001 -0.148504 -0.569288 0.822138 -0.000000 0.000001 -0.000001 -0.000000 1.000000 -0.000001 0.000000 0.000000 0.000000 1.000000
0.822138 0.569288 0.000001 -0.148504 -0.569288 0.822138 -0.000000 0.000001 -0.000001 -0.000000 1.000000 -0.000001 0.000000 0.000000 0.000000 1.000000
0.822138 0.569288 0.000001 -0.148503 -0.569288 0.822138 -0.000000 0.000001 -0.000001 -0.000000 1.000000 -0.000001 0.000000 0.000000 0.000000 1.000000
0.822138 0.569288 0.000001 -0.148502 -0.569288 0.822138 -0.000000 0.000001 -0.000001 -0.000000 1.000000 -0.000001 0.000000 0.000000 0.000000 1.000000
0.822138 0.569288 0.000001 -0.148503 -0.569288 0.822138 -0.000000 0.000001 -0.000001 -0.000000 1.000000 -0.000001 0.000000 0.000000 0.000000 1.000000
0.822138 0.569288 0.000001 -0.148502 -0.569288 0.822138 -0.000000 0.000000 -0.000001 -0.000000 1.000000 -0.000001 0.000000 0.000000 0.000000 1.000000
0.822138 0.569288 0.000001 -0.148503 -0.569288 0.822138 -0.000000 0.000002 -0.000001 -0.000000 1.000000 -0.000001 0.000000 0.000000 0.000000 1.000000
0.822138 0.569288 0.000001 -0.148504 -0.569288 0.822138 -0.000000 0.000001 -0.000001 -0.000000 1.000000 -0.000001 0.000000 0.000000 0.000000 1.000000
0.822138 0.569288 0.000001 -0.148503 -0.569288 0.822138 -0.000000 0.000002 -0.000001 -0.000000 1.000000 -0.000001 0.000000 0.000000 0.000000 1.000000
0.822138 0.569288 0.000001 -0.148503 -0.569288 0.822138 -0.000000 0.000001 -0.000001 -0.000000 1.000000 -0.000001 0.000000 0.000000 0.000000 1.000000
0.822138 0.569288 0.000001 -0.148503 -0.569288 0.822138 -0.000000 0.000001 -0.000001 -0.000000 1.000000 -0.000001 0.000000 0.000000 0.000000 1.000000
0.822138 0.569288 0.000001 -0.148503 -0.569288 0.822138 -0.000000 0.000001 -0.000001 -0.000000 1.000000 -0.000001 0.000000 0.000000 0.000000 1.000000
0.822139 0.569288 0.000001 -0.148503 -0.569288 0.822138 -0.000000 0.000001 -0.000001 -0.000000 1.000000 -0.000001 0.000000 0.000000 0.000000 1.000000
0.822138 0.569288 0.000001 -0.148504 -0.569288 0.822138 -0.000000 0.000001 -0.000001 -0.000000 1.000000 -0.000001 0.000000 0.000000 0.000000 1.000000</float_array>
     <technique_common>
      <accessor source="#jnt_left_handpinky2-Matrix-animation-output-transform-array" count="30" stride="16">
       <param type="float4x4"></param>
      </accessor>
     </technique_common>
    </source>
    <source id="jnt_left_handpinky2-Interpolations">
     <Name_array id="jnt_left_handpinky2-Interpolations-array" count="30">
 LINEAR LINEAR LINEAR LINEAR LINEAR LINEAR LINEAR LINEAR LINEAR LINEAR LINEAR
LINEAR LINEAR LINEAR LINEAR LINEAR LINEAR LINEAR LINEAR LINEAR LINEAR LINEAR LINEAR
LINEAR LINEAR LINEAR LINEAR LINEAR LINEAR LINEAR</Name_array>
     <technique_common>
      <accessor source="#jnt_left_handpinky2-Interpolations-array" count="30">
       <param type="name"></param>
      </accessor>
     </technique_common>
    </source>
    <sampler id="jnt_left_handpinky2-Matrix-animation-transform">
     <input semantic="INPUT" source="#jnt_left_handpinky2-Matrix-animation-input"></input>
     <input semantic="OUTPUT" source="#jnt_left_handpinky2-Matrix-animation-output-transform"></input>
     <input semantic="INTERPOLATION" source="#jnt_left_handpinky2-Interpolations"></input>
    </sampler>
    <channel source="#jnt_left_handpinky2-Matrix-animation-transform" target="jnt_left_handpinky2/matrix"></channel>
   </animation>
  </animation>
  <animation id="jnt_left_handpinky3-anim" name="jnt_left_handpinky3">
   <animation>
    <source id="jnt_left_handpinky3-Matrix-animation-input">
     <float_array id="jnt_left_handpinky3-Matrix-animation-input-array" count="30">

0.000000 0.033333 0.066667 0.100000 0.133333 0.166667 0.200000 0.233333 0.266667 0.300000 0.333333 0.366667 0.400000 0.433333 0.466667 0.500000
0.533333 0.566667 0.600000 0.633333 0.666667 0.700000 0.733333 0.766667 0.800000 0.833333 0.866667 0.900000 0.933333 0.966667</float_array>
     <technique_common>
      <accessor source="#jnt_left_handpinky3-Matrix-animation-input-array" count="30">
       <param name="TIME" type="float"></param>
      </accessor>
     </technique_common>
    </source>
    <source id="jnt_left_handpinky3-Matrix-animation-output-transform">
     <float_array id="jnt_left_handpinky3-Matrix-animation-output-transform-array" count="480">

0.936795 0.349878 -0.000000 -0.075474 -0.349878 0.936795 -0.000001 0.000002 0.000000 0.000001 1.000000 0.000000 0.000000 0.000000 0.000000 1.000000
0.936795 0.349878 -0.000000 -0.075474 -0.349878 0.936795 -0.000001 0.000001 0.000000 0.000001 1.000000 0.000000 0.000000 0.000000 0.000000 1.000000
0.936795 0.349879 -0.000000 -0.075474 -0.349879 0.936795 -0.000001 0.000001 0.000000 0.000001 1.000000 0.000000 0.000000 0.000000 0.000000 1.000000
0.936795 0.349878 -0.000000 -0.075474 -0.349878 0.936795 -0.000001 0.000002 0.000000 0.000001 1.000000 0.000000 0.000000 0.000000 0.000000 1.000000
0.936795 0.349878 -0.000000 -0.075474 -0.349878 0.936795 -0.000001 0.000002 0.000000 0.000001 1.000000 0.000001 0.000000 0.000000 0.000000 1.000000
0.936795 0.349878 -0.000000 -0.075474 -0.349878 0.936795 -0.000001 0.000002 0.000000 0.000001 1.000000 -0.000000 0.000000 0.000000 0.000000 1.000000
0.936795 0.349878 -0.000000 -0.075474 -0.349878 0.936795 -0.000001 0.000002 0.000000 0.000001 1.000000 -0.000000 0.000000 0.000000 0.000000 1.000000
0.936795 0.349878 -0.000000 -0.075474 -0.349878 0.936795 -0.000001 0.000003 0.000000 0.000001 1.000000 -0.000000 0.000000 0.000000 0.000000 1.000000
0.936795 0.349879 -0.000000 -0.075474 -0.349878 0.936795 -0.000001 0.000003 0.000000 0.000001 1.000000 -0.000000 0.000000 0.000000 0.000000 1.000000
0.936795 0.349878 -0.000000 -0.075474 -0.349878 0.936795 -0.000001 0.000003 0.000000 0.000001 1.000000 0.000000 0.000000 0.000000 0.000000 1.000000
0.936795 0.349878 -0.000000 -0.075474 -0.349878 0.936795 -0.000001 0.000002 0.000000 0.000001 1.000000 0.000000 0.000000 0.000000 0.000000 1.000000
0.936795 0.349878 -0.000000 -0.075474 -0.349878 0.936795 -0.000001 0.000002 0.000000 0.000001 1.000000 0.000000 0.000000 0.000000 0.000000 1.000000
0.936795 0.349878 -0.000000 -0.075475 -0.349878 0.936795 -0.000001 0.000002 0.000000 0.000001 1.000000 0.000000 0.000000 0.000000 0.000000 1.000000
0.936795 0.349878 -0.000000 -0.075474 -0.349878 0.936795 -0.000001 0.000002 0.000000 0.000001 1.000000 -0.000001 0.000000 0.000000 0.000000 1.000000
0.936795 0.349878 -0.000000 -0.075474 -0.349878 0.936795 -0.000001 0.000002 0.000000 0.000001 1.000000 -0.000000 0.000000 0.000000 0.000000 1.000000
0.936795 0.349878 -0.000000 -0.075474 -0.349878 0.936795 -0.000001 0.000002 0.000000 0.000001 1.000000 0.000000 0.000000 0.000000 0.000000 1.000000
0.936795 0.349878 -0.000000 -0.075474 -0.349878 0.936795 -0.000001 0.000001 0.000000 0.000001 1.000000 -0.000000 0.000000 0.000000 0.000000 1.000000
0.936795 0.349878 -0.000000 -0.075474 -0.349878 0.936795 -0.000001 0.000001 0.000000 0.000001 1.000000 0.000000 0.000000 0.000000 0.000000 1.000000
0.936795 0.349878 -0.000000 -0.075474 -0.349878 0.936795 -0.000001 0.000003 0.000000 0.000001 1.000000 0.000000 0.000000 0.000000 0.000000 1.000000
0.936795 0.349878 -0.000000 -0.075474 -0.349878 0.936795 -0.000001 0.000002 0.000000 0.000001 1.000000 0.000000 0.000000 0.000000 0.000000 1.000000
0.936795 0.349878 -0.000000 -0.075474 -0.349878 0.936795 -0.000001 0.000002 0.000000 0.000001 1.000000 -0.000000 0.000000 0.000000 0.000000 1.000000
0.936795 0.349878 -0.000000 -0.075474 -0.349878 0.936795 -0.000001 0.000002 0.000000 0.000001 1.000000 0.000000 0.000000 0.000000 0.000000 1.000000
0.936795 0.349878 -0.000000 -0.075474 -0.349878 0.936795 -0.000001 0.000002 0.000000 0.000001 1.000000 0.000000 0.000000 0.000000 0.000000 1.000000
0.936795 0.349878 -0.000000 -0.075474 -0.349878 0.936795 -0.000001 0.000002 0.000000 0.000001 1.000000 -0.000000 0.000000 0.000000 0.000000 1.000000
0.936795 0.349878 -0.000000 -0.075474 -0.349878 0.936795 -0.000001 0.000002 0.000000 0.000001 1.000000 -0.000000 0.000000 0.000000 0.000000 1.000000
0.936795 0.349878 -0.000000 -0.075474 -0.349878 0.936795 -0.000001 0.000001 0.000000 0.000001 1.000000 0.000000 0.000000 0.000000 0.000000 1.000000
0.936795 0.349878 -0.000000 -0.075474 -0.349878 0.936795 -0.000001 0.000002 0.000000 0.000001 1.000000 0.000000 0.000000 0.000000 0.000000 1.000000
0.936795 0.349878 -0.000000 -0.075473 -0.349878 0.936795 -0.000001 0.000002 0.000000 0.000001 1.000000 -0.000000 0.000000 0.000000 0.000000 1.000000
0.936795 0.349878 -0.000000 -0.075473 -0.349878 0.936795 -0.000001 0.000003 0.000000 0.000001 1.000000 -0.000000 0.000000 0.000000 0.000000 1.000000
0.936795 0.349878 -0.000000 -0.075474 -0.349878 0.936795 -0.000001 0.000002 0.000000 0.000001 1.000000 0.000000 0.000000 0.000000 0.000000 1.000000</float_array>
     <technique_common>
      <accessor source="#jnt_left_handpinky3-Matrix-animation-output-transform-array" count="30" stride="16">
       <param type="float4x4"></param>
      </accessor>
     </technique_common>
    </source>
    <source id="jnt_left_handpinky3-Interpolations">
     <Name_array id="jnt_left_handpinky3-Interpolations-array" count="30">
 LINEAR LINEAR LINEAR LINEAR LINEAR LINEAR LINEAR LINEAR LINEAR LINEAR LINEAR
LINEAR LINEAR LINEAR LINEAR LINEAR LINEAR LINEAR LINEAR LINEAR LINEAR LINEAR LINEAR
LINEAR LINEAR LINEAR LINEAR LINEAR LINEAR LINEAR</Name_array>
     <technique_common>
      <accessor source="#jnt_left_handpinky3-Interpolations-array" count="30">
       <param type="name"></param>
      </accessor>
     </technique_common>
    </source>
    <sampler id="jnt_left_handpinky3-Matrix-animation-transform">
     <input semantic="INPUT" source="#jnt_left_handpinky3-Matrix-animation-input"></input>
     <input semantic="OUTPUT" source="#jnt_left_handpinky3-Matrix-animation-output-transform"></input>
     <input semantic="INTERPOLATION" source="#jnt_left_handpinky3-Interpolations"></input>
    </sampler>
    <channel source="#jnt_left_handpinky3-Matrix-animation-transform" target="jnt_left_handpinky3/matrix"></channel>
   </animation>
  </animation>
  <animation id="jnt_left_handpinky4-anim" name="jnt_left_handpinky4">
   <animation>
    <source id="jnt_left_handpinky4-Matrix-animation-input">
     <float_array id="jnt_left_handpinky4-Matrix-animation-input-array" count="30">

0.000000 0.033333 0.066667 0.100000 0.133333 0.166667 0.200000 0.233333 0.266667 0.300000 0.333333 0.366667 0.400000 0.433333 0.466667 0.500000
0.533333 0.566667 0.600000 0.633333 0.666667 0.700000 0.733333 0.766667 0.800000 0.833333 0.866667 0.900000 0.933333 0.966667</float_array>
     <technique_common>
      <accessor source="#jnt_left_handpinky4-Matrix-animation-input-array" count="30">
       <param name="TIME" type="float"></param>
      </accessor>
     </technique_common>
    </source>
    <source id="jnt_left_handpinky4-Matrix-animation-output-transform">
     <float_array id="jnt_left_handpinky4-Matrix-animation-output-transform-array" count="480">

1.000000 0.000000 -0.000000 -0.101158 -0.000000 1.000000 0.000000 -0.000003 0.000000 0.000000 1.000000 0.000000 0.000000 0.000000 0.000000 1.000000
1.000000 0.000001 -0.000000 -0.101158 -0.000001 1.000000 -0.000000 -0.000003 0.000000 0.000000 1.000000 0.000000 0.000000 0.000000 0.000000 1.000000
1.000000 0.000000 0.000000 -0.101158 -0.000000 1.000000 -0.000000 -0.000003 -0.000000 0.000000 1.000000 -0.000000 0.000000 0.000000 0.000000 1.000000
1.000000 0.000000 -0.000000 -0.101158 -0.000000 1.000000 -0.000000 -0.000003 0.000000 0.000000 1.000000 -0.000000 0.000000 0.000000 0.000000 1.000000
1.000000 0.000000 0.000000 -0.101158 -0.000000 1.000000 -0.000000 -0.000003 -0.000000 0.000000 1.000000 -0.000000 0.000000 0.000000 0.000000 1.000000
1.000000 0.000000 0.000000 -0.101158 -0.000000 1.000000 -0.000000 -0.000003 -0.000000 0.000000 1.000000 -0.000000 0.000000 0.000000 0.000000 1.000000
1.000000 0.000000 0.000000 -0.101158 -0.000000 1.000000 0.000000 -0.000003 -0.000000 -0.000000 1.000000 0.000000 0.000000 0.000000 0.000000 1.000000
1.000000 0.000001 0.000000 -0.101158 -0.000001 1.000000 -0.000000 -0.000003 -0.000000 0.000000 1.000000 0.000000 0.000000 0.000000 0.000000 1.000000
1.000000 0.000000 0.000000 -0.101158 -0.000000 1.000000 -0.000000 -0.000003 -0.000000 0.000000 1.000000 0.000000 0.000000 0.000000 0.000000 1.000000
1.000000 0.000001 -0.000000 -0.101158 -0.000001 1.000000 -0.000000 -0.000003 0.000000 0.000000 1.000000 -0.000000 0.000000 0.000000 0.000000 1.000000
1.000000 0.000000 0.000000 -0.101158 -0.000000 1.000000 -0.000000 -0.000003 -0.000000 0.000000 1.000000 -0.000000 0.000000 0.000000 0.000000 1.000000
1.000000 0.000000 0.000000 -0.101158 -0.000000 1.000000 -0.000000 -0.000003 -0.000000 0.000000 1.000000 0.000000 0.000000 0.000000 0.000000 1.000000
1.000000 0.000001 0.000000 -0.101158 -0.000001 1.000000 0.000000 -0.000003 -0.000000 -0.000000 1.000000 -0.000000 0.000000 0.000000 0.000000 1.000000
1.000000 0.000000 -0.000000 -0.101158 -0.000000 1.000000 -0.000000 -0.000003 0.000000 0.000000 1.000000 0.000000 0.000000 0.000000 0.000000 1.000000
1.000000 0.000000 0.000000 -0.101158 -0.000000 1.000000 0.000000 -0.000003 -0.000000 -0.000000 1.000000 0.000000 0.000000 0.000000 0.000000 1.000000
1.000000 0.000000 0.000000 -0.101158 -0.000000 1.000000 -0.000000 -0.000003 -0.000000 0.000000 1.000000 -0.000000 0.000000 0.000000 0.000000 1.000000
1.000000 0.000001 -0.000000 -0.101158 -0.000001 1.000000 -0.000000 -0.000004 0.000000 0.000000 1.000000 0.000000 0.000000 0.000000 0.000000 1.000000
1.000000 0.000000 0.000000 -0.101158 -0.000000 1.000000 -0.000000 -0.000003 -0.000000 0.000000 1.000000 -0.000000 0.000000 0.000000 0.000000 1.000000
1.000000 0.000000 -0.000000 -0.101158 -0.000000 1.000000 -0.000000 -0.000003 0.000000 0.000000 1.000000 0.000000 0.000000 0.000000 0.000000 1.000000
1.000000 0.000001 -0.000000 -0.101158 -0.000001 1.000000 0.000000 -0.000003 0.000000 -0.000000 1.000000 0.000000 0.000000 0.000000 0.000000 1.000000
1.000000 0.000000 0.000000 -0.101158 -0.000000 1.000000 -0.000000 -0.000004 -0.000000 0.000000 1.000000 -0.000000 0.000000 0.000000 0.000000 1.000000
1.000000 0.000001 0.000000 -0.101158 -0.000001 1.000000 -0.000000 -0.000003 -0.000000 0.000000 1.000000 -0.000000 0.000000 0.000000 0.000000 1.000000
1.000000 0.000000 0.000000 -0.101158 -0.000000 1.000000 -0.000000 -0.000003 -0.000000 0.000000 1.000000 0.000000 0.000000 0.000000 0.000000 1.000000
1.000000 0.000001 0.000000 -0.101158 -0.000001 1.000000 -0.000000 -0.000003 -0.000000 0.000000 1.000000 0.000000 0.000000 0.000000 0.000000 1.000000
1.000000 0.000001 -0.000000 -0.101158 -0.000001 1.000000 -0.000000 -0.000003 0.000000 0.000000 1.000000 -0.000000 0.000000 0.000000 0.000000 1.000000
1.000000 0.000000 -0.000000 -0.101158 -0.000000 1.000000 -0.000000 -0.000003 0.000000 0.000000 1.000000 0.000000 0.000000 0.000000 0.000000 1.000000
1.000000 0.000000 -0.000000 -0.101158 -0.000000 1.000000 -0.000000 -0.000003 0.000000 0.000000 1.000000 0.000000 0.000000 0.000000 0.000000 1.000000
1.000000 0.000000 0.000000 -0.101158 -0.000000 1.000000 0.000000 -0.000003 -0.000000 -0.000000 1.000000 0.000000 0.000000 0.000000 0.000000 1.000000
1.000000 0.000000 -0.000000 -0.101158 -0.000000 1.000000 -0.000000 -0.000003 0.000000 0.000000 1.000000 0.000000 0.000000 0.000000 0.000000 1.000000
1.000000 0.000000 0.000000 -0.101158 -0.000000 1.000000 -0.000000 -0.000003 -0.000000 0.000000 1.000000 0.000000 0.000000 0.000000 0.000000 1.000000</float_array>
     <technique_common>
      <accessor source="#jnt_left_handpinky4-Matrix-animation-output-transform-array" count="30" stride="16">
       <param type="float4x4"></param>
      </accessor>
     </technique_common>
    </source>
    <source id="jnt_left_handpinky4-Interpolations">
     <Name_array id="jnt_left_handpinky4-Interpolations-array" count="30">
 LINEAR LINEAR LINEAR LINEAR LINEAR LINEAR LINEAR LINEAR LINEAR LINEAR LINEAR
LINEAR LINEAR LINEAR LINEAR LINEAR LINEAR LINEAR LINEAR LINEAR LINEAR LINEAR LINEAR
LINEAR LINEAR LINEAR LINEAR LINEAR LINEAR LINEAR</Name_array>
     <technique_common>
      <accessor source="#jnt_left_handpinky4-Interpolations-array" count="30">
       <param type="name"></param>
      </accessor>
     </technique_common>
    </source>
    <sampler id="jnt_left_handpinky4-Matrix-animation-transform">
     <input semantic="INPUT" source="#jnt_left_handpinky4-Matrix-animation-input"></input>
     <input semantic="OUTPUT" source="#jnt_left_handpinky4-Matrix-animation-output-transform"></input>
     <input semantic="INTERPOLATION" source="#jnt_left_handpinky4-Interpolations"></input>
    </sampler>
    <channel source="#jnt_left_handpinky4-Matrix-animation-transform" target="jnt_left_handpinky4/matrix"></channel>
   </animation>
  </animation>
  <animation id="jnt_right_armroot-anim" name="jnt_right_armroot">
   <animation>
    <source id="jnt_right_armroot-Matrix-animation-input">
     <float_array id="jnt_right_armroot-Matrix-animation-input-array" count="30">

0.000000 0.033333 0.066667 0.100000 0.133333 0.166667 0.200000 0.233333 0.266667 0.300000 0.333333 0.366667 0.400000 0.433333 0.466667 0.500000
0.533333 0.566667 0.600000 0.633333 0.666667 0.700000 0.733333 0.766667 0.800000 0.833333 0.866667 0.900000 0.933333 0.966667</float_array>
     <technique_common>
      <accessor source="#jnt_right_armroot-Matrix-animation-input-array" count="30">
       <param name="TIME" type="float"></param>
      </accessor>
     </technique_common>
    </source>
    <source id="jnt_right_armroot-Matrix-animation-output-transform">
     <float_array id="jnt_right_armroot-Matrix-animation-output-transform-array" count="480">

1.000000 -0.000004 -0.000000 -1.159978 0.000004 1.000000 -0.000000 -0.738130 0.000000 0.000000 1.000000 0.820651 0.000000 0.000000 0.000000 1.000000
1.000000 -0.000004 -0.000000 -1.159978 0.000004 1.000000 -0.000000 -0.738130 0.000000 0.000000 1.000000 0.820651 0.000000 0.000000 0.000000 1.000000
1.000000 -0.000004 -0.000000 -1.159978 0.000004 1.000000 -0.000000 -0.738130 0.000000 0.000000 1.000000 0.820651 0.000000 0.000000 0.000000 1.000000
1.000000 -0.000004 -0.000000 -1.159978 0.000004 1.000000 -0.000000 -0.738130 0.000000 0.000000 1.000000 0.820651 0.000000 0.000000 0.000000 1.000000
1.000000 -0.000004 -0.000000 -1.159978 0.000004 1.000000 -0.000000 -0.738130 0.000000 0.000000 1.000000 0.820651 0.000000 0.000000 0.000000 1.000000
1.000000 -0.000004 -0.000000 -1.159978 0.000004 1.000000 -0.000000 -0.738130 0.000000 0.000000 1.000000 0.820651 0.000000 0.000000 0.000000 1.000000
1.000000 -0.000004 -0.000000 -1.159978 0.000004 1.000000 -0.000000 -0.738130 0.000000 0.000000 1.000000 0.820651 0.000000 0.000000 0.000000 1.000000
1.000000 -0.000004 -0.000000 -1.159978 0.000004 1.000000 -0.000000 -0.738130 0.000000 0.000000 1.000000 0.820651 0.000000 0.000000 0.000000 1.000000
1.000000 -0.000004 -0.000000 -1.159978 0.000004 1.000000 -0.000000 -0.738130 0.000000 0.000000 1.000000 0.820651 0.000000 0.000000 0.000000 1.000000
1.000000 -0.000004 -0.000000 -1.159978 0.000004 1.000000 -0.000000 -0.738130 0.000000 0.000000 1.000000 0.820651 0.000000 0.000000 0.000000 1.000000
1.000000 -0.000004 -0.000000 -1.159978 0.000004 1.000000 -0.000000 -0.738130 0.000000 0.000000 1.000000 0.820651 0.000000 0.000000 0.000000 1.000000
1.000000 -0.000004 -0.000000 -1.159978 0.000004 1.000000 -0.000000 -0.738130 0.000000 0.000000 1.000000 0.820651 0.000000 0.000000 0.000000 1.000000
1.000000 -0.000004 -0.000000 -1.159978 0.000004 1.000000 -0.000000 -0.738130 0.000000 0.000000 1.000000 0.820651 0.000000 0.000000 0.000000 1.000000
1.000000 -0.000004 -0.000000 -1.159978 0.000004 1.000000 -0.000000 -0.738130 0.000000 0.000000 1.000000 0.820651 0.000000 0.000000 0.000000 1.000000
1.000000 -0.000004 -0.000000 -1.159978 0.000004 1.000000 -0.000000 -0.738130 0.000000 0.000000 1.000000 0.820651 0.000000 0.000000 0.000000 1.000000
1.000000 -0.000004 -0.000000 -1.159978 0.000004 1.000000 -0.000000 -0.738130 0.000000 0.000000 1.000000 0.820651 0.000000 0.000000 0.000000 1.000000
1.000000 -0.000004 -0.000000 -1.159978 0.000004 1.000000 -0.000000 -0.738130 0.000000 0.000000 1.000000 0.820651 0.000000 0.000000 0.000000 1.000000
1.000000 -0.000004 -0.000000 -1.159978 0.000004 1.000000 -0.000000 -0.738130 0.000000 0.000000 1.000000 0.820651 0.000000 0.000000 0.000000 1.000000
1.000000 -0.000004 -0.000000 -1.159978 0.000004 1.000000 -0.000000 -0.738130 0.000000 0.000000 1.000000 0.820651 0.000000 0.000000 0.000000 1.000000
1.000000 -0.000004 -0.000000 -1.159978 0.000004 1.000000 -0.000000 -0.738130 0.000000 0.000000 1.000000 0.820651 0.000000 0.000000 0.000000 1.000000
1.000000 -0.000004 -0.000000 -1.159978 0.000004 1.000000 -0.000000 -0.738130 0.000000 0.000000 1.000000 0.820651 0.000000 0.000000 0.000000 1.000000
1.000000 -0.000004 -0.000000 -1.159978 0.000004 1.000000 -0.000000 -0.738130 0.000000 0.000000 1.000000 0.820651 0.000000 0.000000 0.000000 1.000000
1.000000 -0.000004 -0.000000 -1.159978 0.000004 1.000000 -0.000000 -0.738130 0.000000 0.000000 1.000000 0.820651 0.000000 0.000000 0.000000 1.000000
1.000000 -0.000004 -0.000000 -1.159978 0.000004 1.000000 -0.000000 -0.738130 0.000000 0.000000 1.000000 0.820651 0.000000 0.000000 0.000000 1.000000
1.000000 -0.000004 -0.000000 -1.159978 0.000004 1.000000 -0.000000 -0.738130 0.000000 0.000000 1.000000 0.820651 0.000000 0.000000 0.000000 1.000000
1.000000 -0.000004 -0.000000 -1.159978 0.000004 1.000000 -0.000000 -0.738130 0.000000 0.000000 1.000000 0.820651 0.000000 0.000000 0.000000 1.000000
1.000000 -0.000004 -0.000000 -1.159978 0.000004 1.000000 -0.000000 -0.738130 0.000000 0.000000 1.000000 0.820651 0.000000 0.000000 0.000000 1.000000
1.000000 -0.000004 -0.000000 -1.159978 0.000004 1.000000 -0.000000 -0.738130 0.000000 0.000000 1.000000 0.820651 0.000000 0.000000 0.000000 1.000000
1.000000 -0.000004 -0.000000 -1.159978 0.000004 1.000000 -0.000000 -0.738130 0.000000 0.000000 1.000000 0.820651 0.000000 0.000000 0.000000 1.000000
1.000000 -0.000004 -0.000000 -1.159978 0.000004 1.000000 -0.000000 -0.738130 0.000000 0.000000 1.000000 0.820651 0.000000 0.000000 0.000000 1.000000</float_array>
     <technique_common>
      <accessor source="#jnt_right_armroot-Matrix-animation-output-transform-array" count="30" stride="16">
       <param type="float4x4"></param>
      </accessor>
     </technique_common>
    </source>
    <source id="jnt_right_armroot-Interpolations">
     <Name_array id="jnt_right_armroot-Interpolations-array" count="30">
 LINEAR LINEAR LINEAR LINEAR LINEAR LINEAR LINEAR LINEAR LINEAR LINEAR LINEAR
LINEAR LINEAR LINEAR LINEAR LINEAR LINEAR LINEAR LINEAR LINEAR LINEAR LINEAR LINEAR
LINEAR LINEAR LINEAR LINEAR LINEAR LINEAR LINEAR</Name_array>
     <technique_common>
      <accessor source="#jnt_right_armroot-Interpolations-array" count="30">
       <param type="name"></param>
      </accessor>
     </technique_common>
    </source>
    <sampler id="jnt_right_armroot-Matrix-animation-transform">
     <input semantic="INPUT" source="#jnt_right_armroot-Matrix-animation-input"></input>
     <input semantic="OUTPUT" source="#jnt_right_armroot-Matrix-animation-output-transform"></input>
     <input semantic="INTERPOLATION" source="#jnt_right_armroot-Interpolations"></input>
    </sampler>
    <channel source="#jnt_right_armroot-Matrix-animation-transform" target="jnt_right_armroot/matrix"></channel>
   </animation>
  </animation>
  <animation id="jnt_right_shoulder-anim" name="jnt_right_shoulder">
   <animation>
    <source id="jnt_right_shoulder-Matrix-animation-input">
     <float_array id="jnt_right_shoulder-Matrix-animation-input-array" count="30">

0.000000 0.033333 0.066667 0.100000 0.133333 0.166667 0.200000 0.233333 0.266667 0.300000 0.333333 0.366667 0.400000 0.433333 0.466667 0.500000
0.533333 0.566667 0.600000 0.633333 0.666667 0.700000 0.733333 0.766667 0.800000 0.833333 0.866667 0.900000 0.933333 0.966667</float_array>
     <technique_common>
      <accessor source="#jnt_right_shoulder-Matrix-animation-input-array" count="30">
       <param name="TIME" type="float"></param>
      </accessor>
     </technique_common>
    </source>
    <source id="jnt_right_shoulder-Matrix-animation-output-transform">
     <float_array id="jnt_right_shoulder-Matrix-animation-output-transform-array" count="480">

0.019288 -0.092831 0.995495 0.635987 -0.352003 0.931300 0.093665 0.114390 -0.935800 -0.352224 -0.014713 -0.266187 0.000000 0.000000 0.000000 1.000000
0.019288 -0.092831 0.995495 0.635987 -0.352003 0.931300 0.093665 0.114390 -0.935800 -0.352224 -0.014713 -0.266187 0.000000 0.000000 0.000000 1.000000
0.019288 -0.092831 0.995495 0.635987 -0.352003 0.931300 0.093665 0.114390 -0.935800 -0.352224 -0.014713 -0.266187 0.000000 0.000000 0.000000 1.000000
0.019288 -0.092831 0.995495 0.635987 -0.352003 0.931300 0.093665 0.114390 -0.935800 -0.352224 -0.014713 -0.266187 0.000000 0.000000 0.000000 1.000000
0.019288 -0.092831 0.995495 0.635987 -0.352003 0.931300 0.093665 0.114390 -0.935800 -0.352224 -0.014713 -0.266187 0.000000 0.000000 0.000000 1.000000
0.019288 -0.092831 0.995495 0.635987 -0.352003 0.931300 0.093665 0.114390 -0.935800 -0.352224 -0.014713 -0.266187 0.000000 0.000000 0.000000 1.000000
0.019288 -0.092831 0.995495 0.635987 -0.352003 0.931300 0.093665 0.114390 -0.935800 -0.352224 -0.014713 -0.266187 0.000000 0.000000 0.000000 1.000000
0.019288 -0.092831 0.995495 0.635987 -0.352003 0.931300 0.093665 0.114390 -0.935800 -0.352224 -0.014713 -0.266187 0.000000 0.000000 0.000000 1.000000
0.019288 -0.092831 0.995495 0.635987 -0.352003 0.931300 0.093665 0.114390 -0.935800 -0.352224 -0.014713 -0.266187 0.000000 0.000000 0.000000 1.000000
0.019288 -0.092831 0.995495 0.635987 -0.352003 0.931300 0.093665 0.114390 -0.935800 -0.352224 -0.014713 -0.266187 0.000000 0.000000 0.000000 1.000000
0.019288 -0.092831 0.995495 0.635987 -0.352003 0.931300 0.093665 0.114390 -0.935800 -0.352224 -0.014713 -0.266187 0.000000 0.000000 0.000000 1.000000
0.019288 -0.092831 0.995495 0.635987 -0.352003 0.931300 0.093665 0.114390 -0.935800 -0.352224 -0.014713 -0.266187 0.000000 0.000000 0.000000 1.000000
0.019288 -0.092831 0.995495 0.635987 -0.352003 0.931300 0.093665 0.114390 -0.935800 -0.352224 -0.014713 -0.266187 0.000000 0.000000 0.000000 1.000000
0.019288 -0.092831 0.995495 0.635987 -0.352003 0.931300 0.093665 0.114390 -0.935800 -0.352224 -0.014713 -0.266187 0.000000 0.000000 0.000000 1.000000
0.019288 -0.092831 0.995495 0.635987 -0.352003 0.931300 0.093665 0.114390 -0.935800 -0.352224 -0.014713 -0.266187 0.000000 0.000000 0.000000 1.000000
0.019288 -0.092831 0.995495 0.635987 -0.352003 0.931300 0.093665 0.114390 -0.935800 -0.352224 -0.014713 -0.266187 0.000000 0.000000 0.000000 1.000000
0.019288 -0.092831 0.995495 0.635987 -0.352003 0.931300 0.093665 0.114390 -0.935800 -0.352224 -0.014713 -0.266187 0.000000 0.000000 0.000000 1.000000
0.019288 -0.092831 0.995495 0.635987 -0.352003 0.931300 0.093665 0.114390 -0.935800 -0.352224 -0.014713 -0.266187 0.000000 0.000000 0.000000 1.000000
0.019288 -0.092831 0.995495 0.635987 -0.352003 0.931300 0.093665 0.114390 -0.935800 -0.352224 -0.014713 -0.266187 0.000000 0.000000 0.000000 1.000000
0.019288 -0.092831 0.995495 0.635987 -0.352003 0.931300 0.093665 0.114390 -0.935800 -0.352224 -0.014713 -0.266187 0.000000 0.000000 0.000000 1.000000
0.019288 -0.092831 0.995495 0.635987 -0.352003 0.931300 0.093665 0.114390 -0.935800 -0.352224 -0.014713 -0.266187 0.000000 0.000000 0.000000 1.000000
0.019288 -0.092831 0.995495 0.635987 -0.352003 0.931300 0.093665 0.114390 -0.935800 -0.352224 -0.014713 -0.266187 0.000000 0.000000 0.000000 1.000000
0.019288 -0.092831 0.995495 0.635987 -0.352003 0.931300 0.093665 0.114390 -0.935800 -0.352224 -0.014713 -0.266187 0.000000 0.000000 0.000000 1.000000
0.019288 -0.092831 0.995495 0.635987 -0.352003 0.931300 0.093665 0.114390 -0.935800 -0.352224 -0.014713 -0.266187 0.000000 0.000000 0.000000 1.000000
0.019288 -0.092831 0.995495 0.635987 -0.352003 0.931300 0.093665 0.114390 -0.935800 -0.352224 -0.014713 -0.266187 0.000000 0.000000 0.000000 1.000000
0.019288 -0.092831 0.995495 0.635987 -0.352003 0.931300 0.093665 0.114390 -0.935800 -0.352224 -0.014713 -0.266187 0.000000 0.000000 0.000000 1.000000
0.019288 -0.092831 0.995495 0.635987 -0.352003 0.931300 0.093665 0.114390 -0.935800 -0.352224 -0.014713 -0.266187 0.000000 0.000000 0.000000 1.000000
0.019288 -0.092831 0.995495 0.635987 -0.352003 0.931300 0.093665 0.114390 -0.935800 -0.352224 -0.014713 -0.266187 0.000000 0.000000 0.000000 1.000000
0.019288 -0.092831 0.995495 0.635987 -0.352003 0.931300 0.093665 0.114390 -0.935800 -0.352224 -0.014713 -0.266187 0.000000 0.000000 0.000000 1.000000
0.019288 -0.092831 0.995495 0.635987 -0.352003 0.931300 0.093665 0.114390 -0.935800 -0.352224 -0.014713 -0.266187 0.000000 0.000000 0.000000 1.000000</float_array>
     <technique_common>
      <accessor source="#jnt_right_shoulder-Matrix-animation-output-transform-array" count="30" stride="16">
       <param type="float4x4"></param>
      </accessor>
     </technique_common>
    </source>
    <source id="jnt_right_shoulder-Interpolations">
     <Name_array id="jnt_right_shoulder-Interpolations-array" count="30">
 LINEAR LINEAR LINEAR LINEAR LINEAR LINEAR LINEAR LINEAR LINEAR LINEAR LINEAR
LINEAR LINEAR LINEAR LINEAR LINEAR LINEAR LINEAR LINEAR LINEAR LINEAR LINEAR LINEAR
LINEAR LINEAR LINEAR LINEAR LINEAR LINEAR LINEAR</Name_array>
     <technique_common>
      <accessor source="#jnt_right_shoulder-Interpolations-array" count="30">
       <param type="name"></param>
      </accessor>
     </technique_common>
    </source>
    <sampler id="jnt_right_shoulder-Matrix-animation-transform">
     <input semantic="INPUT" source="#jnt_right_shoulder-Matrix-animation-input"></input>
     <input semantic="OUTPUT" source="#jnt_right_shoulder-Matrix-animation-output-transform"></input>
     <input semantic="INTERPOLATION" source="#jnt_right_shoulder-Interpolations"></input>
    </sampler>
    <channel source="#jnt_right_shoulder-Matrix-animation-transform" target="jnt_right_shoulder/matrix"></channel>
   </animation>
  </animation>
  <animation id="jnt_right_arm-anim" name="jnt_right_arm">
   <animation>
    <source id="jnt_right_arm-Matrix-animation-input">
     <float_array id="jnt_right_arm-Matrix-animation-input-array" count="30">

0.000000 0.033333 0.066667 0.100000 0.133333 0.166667 0.200000 0.233333 0.266667 0.300000 0.333333 0.366667 0.400000 0.433333 0.466667 0.500000
0.533333 0.566667 0.600000 0.633333 0.666667 0.700000 0.733333 0.766667 0.800000 0.833333 0.866667 0.900000 0.933333 0.966667</float_array>
     <technique_common>
      <accessor source="#jnt_right_arm-Matrix-animation-input-array" count="30">
       <param name="TIME" type="float"></param>
      </accessor>
     </technique_common>
    </source>
    <source id="jnt_right_arm-Matrix-animation-output-transform">
     <float_array id="jnt_right_arm-Matrix-animation-output-transform-array" count="480">

0.213320 -0.976778 -0.019921 0.525417 -0.159349 -0.014669 -0.987113 0.032447 0.963900 0.213745 -0.158778 -0.009491 0.000000 0.000000 0.000000 1.000000
0.243999 -0.967493 -0.066483 0.525417 -0.159907 0.027478 -0.986749 0.032447 0.956501 0.251397 -0.148004 -0.009491 0.000000 0.000000 0.000000 1.000000
0.318812 -0.931381 -0.175745 0.525417 -0.158173 0.130539 -0.978744 0.032447 0.934527 0.339833 -0.105702 -0.009491 0.000000 0.000000 0.000000 1.000000
0.410893 -0.863541 -0.292339 0.525417 -0.145848 0.254267 -0.956073 0.032447 0.899942 0.435481 -0.021469 -0.009491 0.000000 0.000000 0.000000 1.000000
0.499076 -0.783669 -0.369846 0.525417 -0.113788 0.363838 -0.924485 0.032447 0.859055 0.503473 0.092410 -0.009491 0.000000 0.000000 0.000000 1.000000
0.571746 -0.720219 -0.392926 0.525417 -0.059120 0.441513 -0.895304 0.032447 0.818298 0.535116 0.209854 -0.009491 0.000000 0.000000 0.000000 1.000000
0.621567 -0.689881 -0.371103 0.525417 0.011489 0.481709 -0.876255 0.032447 0.783277 0.540388 0.307340 -0.009491 0.000000 0.000000 0.000000 1.000000
0.645639 -0.692203 -0.322499 0.525417 0.083006 0.483428 -0.871439 0.032447 0.759118 0.535866 0.369577 -0.009491 0.000000 0.000000 0.000000 1.000000
0.644609 -0.718747 -0.260539 0.525417 0.141091 0.446779 -0.883448 0.032447 0.751380 0.532719 0.389407 -0.009491 0.000000 0.000000 0.000000 1.000000
0.627078 -0.756423 -0.186004 0.525417 0.187899 0.378622 -0.906277 0.032447 0.755955 0.533356 0.379556 -0.009491 0.000000 0.000000 0.000000 1.000000
0.590588 -0.799454 -0.109903 0.525417 0.213065 0.285839 -0.934290 0.032447 0.778337 0.528364 0.339149 -0.009491 0.000000 0.000000 0.000000 1.000000
0.541045 -0.839403 -0.051691 0.525417 0.201297 0.188934 -0.961136 0.032447 0.816548 0.509612 0.271191 -0.009491 0.000000 0.000000 0.000000 1.000000
0.499598 -0.866053 -0.018801 0.525417 0.149537 0.107601 -0.982884 0.032447 0.853253 0.488235 0.183264 -0.009491 0.000000 0.000000 0.000000 1.000000
0.488834 -0.872165 -0.019193 0.525417 0.084592 0.069286 -0.994004 0.032447 0.868266 0.484279 0.107647 -0.009491 0.000000 0.000000 0.000000 1.000000
0.515130 -0.854922 -0.061228 0.525417 0.020226 0.083540 -0.996299 0.032447 0.856874 0.511985 0.060325 -0.009491 0.000000 0.000000 0.000000 1.000000
0.525677 -0.843871 -0.107445 0.525417 -0.041437 0.100753 -0.994048 0.032447 0.849675 0.527000 0.017996 -0.009491 0.000000 0.000000 0.000000 1.000000
0.521989 -0.842126 -0.135464 0.525417 -0.118046 0.085964 -0.989280 0.032447 0.844744 0.532384 -0.054537 -0.009491 0.000000 0.000000 0.000000 1.000000
0.504429 -0.855079 -0.119964 0.525417 -0.170764 0.037398 -0.984602 0.032447 0.846399 0.517147 -0.127152 -0.009491 0.000000 0.000000 0.000000 1.000000
0.489092 -0.867570 -0.090064 0.525417 -0.187983 -0.004015 -0.982164 0.032447 0.851735 0.497298 -0.165052 -0.009491 0.000000 0.000000 0.000000 1.000000
0.486452 -0.869607 -0.084539 0.525417 -0.188605 -0.010039 -0.982001 0.032447 0.853108 0.493641 -0.168895 -0.009491 0.000000 0.000000 0.000000 1.000000
0.487627 -0.868851 -0.085537 0.525417 -0.185445 -0.007340 -0.982627 0.032447 0.853130 0.495017 -0.164704 -0.009491 0.000000 0.000000 0.000000 1.000000
0.489684 -0.867521 -0.087270 0.525417 -0.179863 -0.002570 -0.983688 0.032447 0.853147 0.497393 -0.157294 -0.009491 0.000000 0.000000 0.000000 1.000000
0.492316 -0.865808 -0.089446 0.525417 -0.172595 0.003618 -0.984986 0.032447 0.853133 0.500362 -0.147653 -0.009491 0.000000 0.000000 0.000000 1.000000
0.495218 -0.863904 -0.091802 0.525417 -0.164428 0.010556 -0.986332 0.032447 0.853067 0.503544 -0.136822 -0.009491 0.000000 0.000000 0.000000 1.000000
0.498103 -0.861983 -0.094228 0.525417 -0.156366 0.017597 -0.987542 0.032447 0.852903 0.506631 -0.126020 -0.009491 0.000000 0.000000 0.000000 1.000000
0.500655 -0.860250 -0.096505 0.525417 -0.149146 0.024094 -0.988521 0.032447 0.852702 0.509301 -0.116241 -0.009491 0.000000 0.000000 0.000000 1.000000
0.502658 -0.858860 -0.098455 0.525417 -0.143829 0.029215 -0.989171 0.032447 0.852437 0.511375 -0.108844 -0.009491 0.000000 0.000000 0.000000 1.000000
0.504109 -0.857823 -0.100058 0.525417 -0.140889 0.032621 -0.989487 0.032447 0.852070 0.512907 -0.104414 -0.009491 0.000000 0.000000 0.000000 1.000000
0.505162 -0.857054 -0.101333 0.525417 -0.139662 0.034685 -0.989591 0.032447 0.851649 0.514056 -0.102176 -0.009491 0.000000 0.000000 0.000000 1.000000
0.505804 -0.856575 -0.102184 0.525417 -0.139454 0.035704 -0.989584 0.032447 0.851302 0.514785 -0.101394 -0.009491 0.000000 0.000000 0.000000 1.000000</float_array>
     <technique_common>
      <accessor source="#jnt_right_arm-Matrix-animation-output-transform-array" count="30" stride="16">
       <param type="float4x4"></param>
      </accessor>
     </technique_common>
    </source>
    <source id="jnt_right_arm-Interpolations">
     <Name_array id="jnt_right_arm-Interpolations-array" count="30">
 LINEAR LINEAR LINEAR LINEAR LINEAR LINEAR LINEAR LINEAR LINEAR LINEAR LINEAR
LINEAR LINEAR LINEAR LINEAR LINEAR LINEAR LINEAR LINEAR LINEAR LINEAR LINEAR LINEAR
LINEAR LINEAR LINEAR LINEAR LINEAR LINEAR LINEAR</Name_array>
     <technique_common>
      <accessor source="#jnt_right_arm-Interpolations-array" count="30">
       <param type="name"></param>
      </accessor>
     </technique_common>
    </source>
    <sampler id="jnt_right_arm-Matrix-animation-transform">
     <input semantic="INPUT" source="#jnt_right_arm-Matrix-animation-input"></input>
     <input semantic="OUTPUT" source="#jnt_right_arm-Matrix-animation-output-transform"></input>
     <input semantic="INTERPOLATION" source="#jnt_right_arm-Interpolations"></input>
    </sampler>
    <channel source="#jnt_right_arm-Matrix-animation-transform" target="jnt_right_arm/matrix"></channel>
   </animation>
  </animation>
  <animation id="jnt_right_armroll-anim" name="jnt_right_armroll">
   <animation>
    <source id="jnt_right_armroll-Matrix-animation-input">
     <float_array id="jnt_right_armroll-Matrix-animation-input-array" count="30">

0.000000 0.033333 0.066667 0.100000 0.133333 0.166667 0.200000 0.233333 0.266667 0.300000 0.333333 0.366667 0.400000 0.433333 0.466667 0.500000
0.533333 0.566667 0.600000 0.633333 0.666667 0.700000 0.733333 0.766667 0.800000 0.833333 0.866667 0.900000 0.933333 0.966667</float_array>
     <technique_common>
      <accessor source="#jnt_right_armroll-Matrix-animation-input-array" count="30">
       <param name="TIME" type="float"></param>
      </accessor>
     </technique_common>
    </source>
    <source id="jnt_right_armroll-Matrix-animation-output-transform">
     <float_array id="jnt_right_armroll-Matrix-animation-output-transform-array" count="480">

1.000000 0.000000 -0.000000 0.421995 -0.000000 1.000000 0.000000 -0.000002 0.000000 -0.000000 1.000000 0.000004 0.000000 0.000000 0.000000 1.000000
1.000000 0.000000 -0.000000 0.421995 -0.000000 1.000000 -0.000000 -0.000002 0.000000 0.000000 1.000000 0.000004 0.000000 0.000000 0.000000 1.000000
1.000000 0.000000 -0.000000 0.421995 -0.000000 1.000000 0.000000 -0.000002 0.000000 -0.000000 1.000000 0.000004 0.000000 0.000000 0.000000 1.000000
1.000000 0.000000 -0.000000 0.421995 -0.000000 1.000000 -0.000000 -0.000002 0.000000 0.000000 1.000000 0.000004 0.000000 0.000000 0.000000 1.000000
1.000000 0.000000 -0.000000 0.421995 -0.000000 1.000000 0.000000 -0.000002 0.000000 -0.000000 1.000000 0.000004 0.000000 0.000000 0.000000 1.000000
1.000000 0.000000 -0.000000 0.421995 -0.000000 1.000000 0.000000 -0.000002 0.000000 -0.000000 1.000000 0.000004 0.000000 0.000000 0.000000 1.000000
1.000000 0.000000 -0.000000 0.421995 -0.000000 1.000000 0.000000 -0.000002 0.000000 -0.000000 1.000000 0.000004 0.000000 0.000000 0.000000 1.000000
1.000000 0.000000 -0.000000 0.421995 -0.000000 1.000000 -0.000000 -0.000002 0.000000 0.000000 1.000000 0.000004 0.000000 0.000000 0.000000 1.000000
1.000000 0.000000 -0.000000 0.421995 -0.000000 1.000000 0.000000 -0.000002 0.000000 -0.000000 1.000000 0.000004 0.000000 0.000000 0.000000 1.000000
1.000000 0.000000 -0.000000 0.421995 -0.000000 1.000000 0.000000 -0.000002 0.000000 -0.000000 1.000000 0.000004 0.000000 0.000000 0.000000 1.000000
1.000000 0.000000 -0.000000 0.421995 -0.000000 1.000000 0.000000 -0.000002 0.000000 -0.000000 1.000000 0.000004 0.000000 0.000000 0.000000 1.000000
1.000000 0.000000 -0.000000 0.421995 -0.000000 1.000000 -0.000000 -0.000002 0.000000 0.000000 1.000000 0.000004 0.000000 0.000000 0.000000 1.000000
1.000000 0.000000 -0.000000 0.421995 -0.000000 1.000000 0.000000 -0.000002 0.000000 -0.000000 1.000000 0.000004 0.000000 0.000000 0.000000 1.000000
1.000000 0.000000 -0.000000 0.421995 -0.000000 1.000000 0.000000 -0.000002 0.000000 -0.000000 1.000000 0.000004 0.000000 0.000000 0.000000 1.000000
1.000000 0.000000 -0.000000 0.421995 -0.000000 1.000000 0.000000 -0.000002 0.000000 -0.000000 1.000000 0.000004 0.000000 0.000000 0.000000 1.000000
1.000000 0.000000 -0.000000 0.421995 -0.000000 1.000000 0.000000 -0.000002 0.000000 -0.000000 1.000000 0.000004 0.000000 0.000000 0.000000 1.000000
1.000000 0.000000 -0.000000 0.421995 -0.000000 1.000000 0.000000 -0.000002 0.000000 -0.000000 1.000000 0.000004 0.000000 0.000000 0.000000 1.000000
1.000000 0.000000 -0.000000 0.421994 -0.000000 1.000000 -0.000000 -0.000002 0.000000 0.000000 1.000000 0.000004 0.000000 0.000000 0.000000 1.000000
1.000000 0.000000 -0.000000 0.421995 -0.000000 1.000000 -0.000000 -0.000002 0.000000 0.000000 1.000000 0.000004 0.000000 0.000000 0.000000 1.000000
1.000000 0.000000 -0.000000 0.421994 -0.000000 1.000000 -0.000000 -0.000002 0.000000 0.000000 1.000000 0.000004 0.000000 0.000000 0.000000 1.000000
1.000000 0.000000 -0.000000 0.421995 -0.000000 1.000000 -0.000000 -0.000002 0.000000 0.000000 1.000000 0.000004 0.000000 0.000000 0.000000 1.000000
1.000000 0.000000 -0.000000 0.421995 -0.000000 1.000000 0.000000 -0.000002 0.000000 -0.000000 1.000000 0.000004 0.000000 0.000000 0.000000 1.000000
1.000000 0.000000 -0.000000 0.421995 -0.000000 1.000000 -0.000000 -0.000002 0.000000 0.000000 1.000000 0.000004 0.000000 0.000000 0.000000 1.000000
1.000000 0.000000 0.000000 0.421995 -0.000000 1.000000 -0.000000 -0.000002 -0.000000 0.000000 1.000000 0.000004 0.000000 0.000000 0.000000 1.000000
1.000000 0.000000 -0.000000 0.421995 -0.000000 1.000000 -0.000000 -0.000003 0.000000 0.000000 1.000000 0.000004 0.000000 0.000000 0.000000 1.000000
1.000000 0.000000 -0.000000 0.421995 -0.000000 1.000000 0.000000 -0.000003 0.000000 -0.000000 1.000000 0.000004 0.000000 0.000000 0.000000 1.000000
1.000000 0.000000 -0.000000 0.421995 -0.000000 1.000000 0.000000 -0.000002 0.000000 -0.000000 1.000000 0.000004 0.000000 0.000000 0.000000 1.000000
1.000000 0.000000 -0.000000 0.421994 -0.000000 1.000000 0.000000 -0.000002 0.000000 -0.000000 1.000000 0.000004 0.000000 0.000000 0.000000 1.000000
1.000000 0.000000 -0.000000 0.421995 -0.000000 1.000000 0.000000 -0.000002 0.000000 -0.000000 1.000000 0.000004 0.000000 0.000000 0.000000 1.000000
1.000000 0.000000 -0.000000 0.421995 -0.000000 1.000000 0.000000 -0.000003 0.000000 -0.000000 1.000000 0.000004 0.000000 0.000000 0.000000 1.000000</float_array>
     <technique_common>
      <accessor source="#jnt_right_armroll-Matrix-animation-output-transform-array" count="30" stride="16">
       <param type="float4x4"></param>
      </accessor>
     </technique_common>
    </source>
    <source id="jnt_right_armroll-Interpolations">
     <Name_array id="jnt_right_armroll-Interpolations-array" count="30">
 LINEAR LINEAR LINEAR LINEAR LINEAR LINEAR LINEAR LINEAR LINEAR LINEAR LINEAR
LINEAR LINEAR LINEAR LINEAR LINEAR LINEAR LINEAR LINEAR LINEAR LINEAR LINEAR LINEAR
LINEAR LINEAR LINEAR LINEAR LINEAR LINEAR LINEAR</Name_array>
     <technique_common>
      <accessor source="#jnt_right_armroll-Interpolations-array" count="30">
       <param type="name"></param>
      </accessor>
     </technique_common>
    </source>
    <sampler id="jnt_right_armroll-Matrix-animation-transform">
     <input semantic="INPUT" source="#jnt_right_armroll-Matrix-animation-input"></input>
     <input semantic="OUTPUT" source="#jnt_right_armroll-Matrix-animation-output-transform"></input>
     <input semantic="INTERPOLATION" source="#jnt_right_armroll-Interpolations"></input>
    </sampler>
    <channel source="#jnt_right_armroll-Matrix-animation-transform" target="jnt_right_armroll/matrix"></channel>
   </animation>
  </animation>
  <animation id="jnt_right_forearm-anim" name="jnt_right_forearm">
   <animation>
    <source id="jnt_right_forearm-Matrix-animation-input">
     <float_array id="jnt_right_forearm-Matrix-animation-input-array" count="30">

0.000000 0.033333 0.066667 0.100000 0.133333 0.166667 0.200000 0.233333 0.266667 0.300000 0.333333 0.366667 0.400000 0.433333 0.466667 0.500000
0.533333 0.566667 0.600000 0.633333 0.666667 0.700000 0.733333 0.766667 0.800000 0.833333 0.866667 0.900000 0.933333 0.966667</float_array>
     <technique_common>
      <accessor source="#jnt_right_forearm-Matrix-animation-input-array" count="30">
       <param name="TIME" type="float"></param>
      </accessor>
     </technique_common>
    </source>
    <source id="jnt_right_forearm-Matrix-animation-output-transform">
     <float_array id="jnt_right_forearm-Matrix-animation-output-transform-array" count="480">

-0.489913 -0.091328 0.866974 0.843981 0.364134 0.882150 0.298693 -0.000002 -0.792081 0.462028 -0.398921 -0.000003 0.000000 0.000000 0.000000 1.000000
-0.479418 -0.117113 0.869737 0.843981 0.383634 0.863378 0.327724 -0.000001 -0.789293 0.490778 -0.368990 -0.000003 0.000000 0.000000 0.000000 1.000000
-0.442148 -0.182408 0.878198 0.843981 0.435220 0.812485 0.387880 -0.000002 -0.784276 0.553710 -0.279851 -0.000003 0.000000 0.000000 0.000000 1.000000
-0.366882 -0.267378 0.891014 0.843981 0.507393 0.745277 0.432567 -0.000002 -0.779712 0.610795 -0.137763 -0.000003 0.000000 0.000000 0.000000 1.000000
-0.249642 -0.349240 0.903166 0.843981 0.584136 0.689573 0.428105 -0.000002 -0.772311 0.634445 0.031857 -0.000003 0.000000 0.000000 0.000000 1.000000
-0.102591 -0.406729 0.907770 0.843981 0.647375 0.665573 0.371374 -0.000001 -0.755236 0.625767 0.195024 -0.000003 0.000000 0.000000 0.000000 1.000000
0.046297 -0.424911 0.904050 0.843981 0.682629 0.674196 0.281919 -0.000002 -0.729298 0.604078 0.321269 -0.000003 0.000000 0.000000 0.000000 1.000000
0.157424 -0.400992 0.902453 0.843981 0.688614 0.699594 0.190733 -0.000001 -0.707834 0.591417 0.386261 -0.000003 0.000000 0.000000 0.000000 1.000000
0.199247 -0.333160 0.921577 0.843981 0.672025 0.730914 0.118940 -0.000002 -0.713220 0.595625 0.369524 -0.000003 0.000000 0.000000 0.000000 1.000000
0.205751 -0.210308 0.955739 0.843981 0.629330 0.776334 0.035349 -0.000002 -0.749407 0.594202 0.292084 -0.000003 0.000000 0.000000 0.000000 1.000000
0.215059 -0.065023 0.974434 0.843981 0.560253 0.825479 -0.068565 -0.000001 -0.799917 0.560675 0.213956 -0.000003 0.000000 0.000000 0.000000 1.000000
0.253024 0.054866 0.965903 0.843981 0.474495 0.863026 -0.173319 -0.000001 -0.843109 0.502170 0.192332 -0.000003 0.000000 0.000000 0.000000 1.000000
0.296826 0.142475 0.944243 0.843981 0.386879 0.886080 -0.255316 -0.000001 -0.873052 0.441092 0.207891 -0.000003 0.000000 0.000000 0.000000 1.000000
0.322616 0.182862 0.928698 0.843981 0.330861 0.897480 -0.291652 -0.000001 -0.886820 0.401362 0.229039 -0.000003 0.000000 0.000000 0.000000 1.000000
0.310323 0.178265 0.933767 0.843981 0.321405 0.904741 -0.279538 -0.000002 -0.894650 0.386864 0.223467 -0.000003 0.000000 0.000000 0.000000 1.000000
0.311599 0.172298 0.934462 0.843981 0.300457 0.915101 -0.268917 -0.000002 -0.901461 0.364560 0.233376 -0.000003 0.000000 0.000000 0.000000 1.000000
0.301618 0.165681 0.938923 0.843981 0.271972 0.928917 -0.251283 -0.000001 -0.913815 0.331153 0.235117 -0.000003 0.000000 0.000000 0.000000 1.000000
0.349157 0.160183 0.923271 0.843981 0.228605 0.940951 -0.249703 -0.000001 -0.908751 0.298250 0.291921 -0.000003 0.000000 0.000000 0.000000 1.000000
0.413472 0.154463 0.897319 0.843981 0.195975 0.947310 -0.253371 -0.000002 -0.889176 0.280614 0.361415 -0.000003 0.000000 0.000000 0.000000 1.000000
0.425504 0.153148 0.891903 0.843981 0.191239 0.948101 -0.254033 -0.000002 -0.884519 0.278659 0.374133 -0.000003 0.000000 0.000000 0.000000 1.000000
0.424248 0.151877 0.892718 0.843981 0.194327 0.947598 -0.253564 -0.000002 -0.884449 0.281054 0.372503 -0.000003 0.000000 0.000000 0.000000 1.000000
0.422013 0.149634 0.894155 0.843981 0.199776 0.946692 -0.252713 -0.000002 -0.884304 0.285280 0.369623 -0.000003 0.000000 0.000000 0.000000 1.000000
0.419137 0.146725 0.895988 0.843981 0.206821 0.945480 -0.251579 -0.000001 -0.884053 0.290755 0.365940 -0.000003 0.000000 0.000000 0.000000 1.000000
0.415886 0.143471 0.898028 0.843981 0.214698 0.944075 -0.250256 -0.000001 -0.883710 0.296883 0.361825 -0.000003 0.000000 0.000000 0.000000 1.000000
0.412187 0.140201 0.900247 0.843981 0.222689 0.942618 -0.248760 -0.000002 -0.883465 0.303011 0.357314 -0.000003 0.000000 0.000000 0.000000 1.000000
0.408448 0.137199 0.902411 0.843981 0.230040 0.941255 -0.247225 -0.000002 -0.883319 0.308569 0.352893 -0.000003 0.000000 0.000000 0.000000 1.000000
0.404527 0.134902 0.904521 0.843981 0.235992 0.940165 -0.245760 -0.000002 -0.883553 0.312876 0.348487 -0.000003 0.000000 0.000000 0.000000 1.000000
0.400823 0.133374 0.906395 0.843981 0.240134 0.939462 -0.244431 -0.000001 -0.884125 0.315630 0.344530 -0.000003 0.000000 0.000000 0.000000 1.000000
0.397906 0.132370 0.907826 0.843981 0.242745 0.939079 -0.243323 -0.000001 -0.884729 0.317190 0.341533 -0.000003 0.000000 0.000000 0.000000 1.000000
0.395981 0.131820 0.908747 0.843980 0.244107 0.938922 -0.242565 -0.000002 -0.885218 0.317883 0.339617 -0.000003 0.000000 0.000000 0.000000 1.000000</float_array>
     <technique_common>
      <accessor source="#jnt_right_forearm-Matrix-animation-output-transform-array" count="30" stride="16">
       <param type="float4x4"></param>
      </accessor>
     </technique_common>
    </source>
    <source id="jnt_right_forearm-Interpolations">
     <Name_array id="jnt_right_forearm-Interpolations-array" count="30">
 LINEAR LINEAR LINEAR LINEAR LINEAR LINEAR LINEAR LINEAR LINEAR LINEAR LINEAR
LINEAR LINEAR LINEAR LINEAR LINEAR LINEAR LINEAR LINEAR LINEAR LINEAR LINEAR LINEAR
LINEAR LINEAR LINEAR LINEAR LINEAR LINEAR LINEAR</Name_array>
     <technique_common>
      <accessor source="#jnt_right_forearm-Interpolations-array" count="30">
       <param type="name"></param>
      </accessor>
     </technique_common>
    </source>
    <sampler id="jnt_right_forearm-Matrix-animation-transform">
     <input semantic="INPUT" source="#jnt_right_forearm-Matrix-animation-input"></input>
     <input semantic="OUTPUT" source="#jnt_right_forearm-Matrix-animation-output-transform"></input>
     <input semantic="INTERPOLATION" source="#jnt_right_forearm-Interpolations"></input>
    </sampler>
    <channel source="#jnt_right_forearm-Matrix-animation-transform" target="jnt_right_forearm/matrix"></channel>
   </animation>
  </animation>
  <animation id="jnt_right_forearmroll-anim" name="jnt_right_forearmroll">
   <animation>
    <source id="jnt_right_forearmroll-Matrix-animation-input">
     <float_array id="jnt_right_forearmroll-Matrix-animation-input-array" count="30">

0.000000 0.033333 0.066667 0.100000 0.133333 0.166667 0.200000 0.233333 0.266667 0.300000 0.333333 0.366667 0.400000 0.433333 0.466667 0.500000
0.533333 0.566667 0.600000 0.633333 0.666667 0.700000 0.733333 0.766667 0.800000 0.833333 0.866667 0.900000 0.933333 0.966667</float_array>
     <technique_common>
      <accessor source="#jnt_right_forearmroll-Matrix-animation-input-array" count="30">
       <param name="TIME" type="float"></param>
      </accessor>
     </technique_common>
    </source>
    <source id="jnt_right_forearmroll-Matrix-animation-output-transform">
     <float_array id="jnt_right_forearmroll-Matrix-animation-output-transform-array" count="480">

1.000000 0.000001 0.000000 0.487001 -0.000001 1.000000 -0.000000 -0.000000 -0.000000 0.000000 1.000000 0.000003 0.000000 0.000000 0.000000 1.000000
1.000000 0.000001 0.000000 0.487001 -0.000001 1.000000 -0.000000 -0.000000 -0.000000 0.000000 1.000000 0.000004 0.000000 0.000000 0.000000 1.000000
1.000000 0.000001 0.000000 0.487001 -0.000001 1.000000 -0.000000 -0.000000 -0.000000 0.000000 1.000000 0.000004 0.000000 0.000000 0.000000 1.000000
1.000000 0.000001 0.000000 0.487001 -0.000001 1.000000 -0.000000 -0.000000 -0.000000 0.000000 1.000000 0.000004 0.000000 0.000000 0.000000 1.000000
1.000000 0.000001 0.000000 0.487001 -0.000001 1.000000 -0.000000 -0.000000 -0.000000 0.000000 1.000000 0.000004 0.000000 0.000000 0.000000 1.000000
1.000000 0.000001 0.000000 0.487001 -0.000001 1.000000 -0.000000 -0.000000 -0.000000 0.000000 1.000000 0.000004 0.000000 0.000000 0.000000 1.000000
1.000000 0.000001 0.000000 0.487001 -0.000001 1.000000 -0.000000 -0.000000 -0.000000 0.000000 1.000000 0.000003 0.000000 0.000000 0.000000 1.000000
1.000000 0.000001 0.000000 0.487001 -0.000001 1.000000 -0.000000 -0.000000 -0.000000 0.000000 1.000000 0.000003 0.000000 0.000000 0.000000 1.000000
1.000000 0.000001 0.000000 0.487001 -0.000001 1.000000 -0.000000 -0.000000 -0.000000 0.000000 1.000000 0.000003 0.000000 0.000000 0.000000 1.000000
1.000000 0.000001 0.000000 0.487001 -0.000001 1.000000 -0.000000 0.000000 -0.000000 0.000000 1.000000 0.000003 0.000000 0.000000 0.000000 1.000000
1.000000 0.000001 0.000000 0.487001 -0.000001 1.000000 -0.000000 -0.000000 -0.000000 0.000000 1.000000 0.000004 0.000000 0.000000 0.000000 1.000000
1.000000 0.000001 0.000000 0.487001 -0.000001 1.000000 -0.000000 -0.000000 -0.000000 0.000000 1.000000 0.000005 0.000000 0.000000 0.000000 1.000000
1.000000 0.000001 0.000000 0.487001 -0.000001 1.000000 -0.000000 -0.000000 -0.000000 0.000000 1.000000 0.000004 0.000000 0.000000 0.000000 1.000000
1.000000 0.000001 0.000000 0.487001 -0.000001 1.000000 -0.000000 -0.000000 -0.000000 0.000000 1.000000 0.000004 0.000000 0.000000 0.000000 1.000000
1.000000 0.000001 0.000000 0.487001 -0.000001 1.000000 -0.000000 -0.000001 -0.000000 0.000000 1.000000 0.000003 0.000000 0.000000 0.000000 1.000000
1.000000 0.000001 0.000000 0.487001 -0.000001 1.000000 0.000000 -0.000000 -0.000000 -0.000000 1.000000 0.000004 0.000000 0.000000 0.000000 1.000000
1.000000 0.000001 0.000000 0.487001 -0.000001 1.000000 -0.000000 -0.000000 -0.000000 0.000000 1.000000 0.000003 0.000000 0.000000 0.000000 1.000000
1.000000 0.000001 0.000000 0.487001 -0.000001 1.000000 -0.000000 -0.000000 -0.000000 0.000000 1.000000 0.000004 0.000000 0.000000 0.000000 1.000000
1.000000 0.000001 0.000000 0.487000 -0.000001 1.000000 -0.000000 -0.000000 -0.000000 0.000000 1.000000 0.000004 0.000000 0.000000 0.000000 1.000000
1.000000 0.000001 0.000000 0.487000 -0.000001 1.000000 -0.000000 -0.000001 -0.000000 0.000000 1.000000 0.000004 0.000000 0.000000 0.000000 1.000000
1.000000 0.000001 0.000000 0.487001 -0.000001 1.000000 -0.000000 0.000000 -0.000000 0.000000 1.000000 0.000004 0.000000 0.000000 0.000000 1.000000
1.000000 0.000001 0.000000 0.487001 -0.000001 1.000000 -0.000000 -0.000000 -0.000000 0.000000 1.000000 0.000004 0.000000 0.000000 0.000000 1.000000
1.000000 0.000001 0.000000 0.487001 -0.000001 1.000000 -0.000000 0.000000 -0.000000 0.000000 1.000000 0.000003 0.000000 0.000000 0.000000 1.000000
1.000000 0.000001 0.000000 0.487001 -0.000001 1.000000 -0.000000 -0.000000 -0.000000 0.000000 1.000000 0.000004 0.000000 0.000000 0.000000 1.000000
1.000000 0.000001 0.000000 0.487001 -0.000001 1.000000 -0.000000 -0.000000 -0.000000 0.000000 1.000000 0.000004 0.000000 0.000000 0.000000 1.000000
1.000000 0.000001 0.000000 0.487000 -0.000001 1.000000 -0.000000 -0.000001 -0.000000 0.000000 1.000000 0.000004 0.000000 0.000000 0.000000 1.000000
1.000000 0.000001 0.000000 0.487001 -0.000001 1.000000 -0.000000 -0.000001 -0.000000 0.000000 1.000000 0.000004 0.000000 0.000000 0.000000 1.000000
1.000000 0.000001 0.000000 0.487000 -0.000001 1.000000 -0.000000 -0.000001 -0.000000 0.000000 1.000000 0.000004 0.000000 0.000000 0.000000 1.000000
1.000000 0.000001 0.000000 0.487001 -0.000001 1.000000 -0.000000 -0.000000 -0.000000 0.000000 1.000000 0.000004 0.000000 0.000000 0.000000 1.000000
1.000000 0.000001 0.000000 0.487001 -0.000001 1.000000 -0.000000 0.000000 -0.000000 0.000000 1.000000 0.000004 0.000000 0.000000 0.000000 1.000000</float_array>
     <technique_common>
      <accessor source="#jnt_right_forearmroll-Matrix-animation-output-transform-array" count="30" stride="16">
       <param type="float4x4"></param>
      </accessor>
     </technique_common>
    </source>
    <source id="jnt_right_forearmroll-Interpolations">
     <Name_array id="jnt_right_forearmroll-Interpolations-array" count="30">
 LINEAR LINEAR LINEAR LINEAR LINEAR LINEAR LINEAR LINEAR LINEAR LINEAR LINEAR
LINEAR LINEAR LINEAR LINEAR LINEAR LINEAR LINEAR LINEAR LINEAR LINEAR LINEAR LINEAR
LINEAR LINEAR LINEAR LINEAR LINEAR LINEAR LINEAR</Name_array>
     <technique_common>
      <accessor source="#jnt_right_forearmroll-Interpolations-array" count="30">
       <param type="name"></param>
      </accessor>
     </technique_common>
    </source>
    <sampler id="jnt_right_forearmroll-Matrix-animation-transform">
     <input semantic="INPUT" source="#jnt_right_forearmroll-Matrix-animation-input"></input>
     <input semantic="OUTPUT" source="#jnt_right_forearmroll-Matrix-animation-output-transform"></input>
     <input semantic="INTERPOLATION" source="#jnt_right_forearmroll-Interpolations"></input>
    </sampler>
    <channel source="#jnt_right_forearmroll-Matrix-animation-transform" target="jnt_right_forearmroll/matrix"></channel>
   </animation>
  </animation>
  <animation id="jnt_right_hand-anim" name="jnt_right_hand">
   <animation>
    <source id="jnt_right_hand-Matrix-animation-input">
     <float_array id="jnt_right_hand-Matrix-animation-input-array" count="30">

0.000000 0.033333 0.066667 0.100000 0.133333 0.166667 0.200000 0.233333 0.266667 0.300000 0.333333 0.366667 0.400000 0.433333 0.466667 0.500000
0.533333 0.566667 0.600000 0.633333 0.666667 0.700000 0.733333 0.766667 0.800000 0.833333 0.866667 0.900000 0.933333 0.966667</float_array>
     <technique_common>
      <accessor source="#jnt_right_hand-Matrix-animation-input-array" count="30">
       <param name="TIME" type="float"></param>
      </accessor>
     </technique_common>
    </source>
    <source id="jnt_right_hand-Matrix-animation-output-transform">
     <float_array id="jnt_right_hand-Matrix-animation-output-transform-array" count="480">

0.914005 0.340123 0.221159 0.975261 -0.181002 0.829729 -0.528005 -0.000000 -0.363089 0.442569 0.819938 0.000002 0.000000 0.000000 0.000000 1.000000
0.913644 0.333874 0.231909 0.975261 -0.173781 0.836509 -0.519666 -0.000000 -0.367497 0.434489 0.822293 0.000002 0.000000 0.000000 0.000000 1.000000
0.912771 0.314876 0.260196 0.975261 -0.151584 0.852628 -0.500048 -0.000000 -0.379304 0.416988 0.825984 0.000002 0.000000 0.000000 0.000000 1.000000
0.911460 0.283283 0.298314 0.975261 -0.114177 0.870846 -0.478112 -0.000000 -0.395227 0.401720 0.826085 0.000003 0.000000 0.000000 0.000000 1.000000
0.909982 0.244061 0.335213 0.975261 -0.066993 0.884342 -0.462008 -0.000000 -0.409201 0.397962 0.821085 0.000002 0.000000 0.000000 0.000000 1.000000
0.909551 0.208884 0.359284 0.975261 -0.022886 0.888373 -0.458552 -0.000000 -0.414962 0.408853 0.812801 0.000002 0.000000 0.000000 0.000000 1.000000
0.913857 0.188911 0.359414 0.975261 0.003296 0.881696 -0.471807 -0.000000 -0.406023 0.432349 0.805121 0.000002 0.000000 0.000000 0.000000 1.000000
0.928404 0.189511 0.319612 0.975261 -0.003060 0.864031 -0.503430 -0.000000 -0.371559 0.466408 0.802749 0.000002 0.000000 0.000000 0.000000 1.000000
0.953639 0.202443 0.222689 0.975261 -0.047759 0.832365 -0.552166 -0.000000 -0.297141 0.515932 0.803444 0.000002 0.000000 0.000000 0.000000 1.000000
0.972390 0.210266 0.101220 0.975261 -0.106197 0.784951 -0.610389 -0.000000 -0.207797 0.582787 0.785608 0.000002 0.000000 0.000000 0.000000 1.000000
0.978392 0.206547 0.009384 0.975261 -0.149772 0.739282 -0.656529 -0.000000 -0.142541 0.640937 0.754242 0.000002 0.000000 0.000000 0.000000 1.000000
0.973409 0.228666 -0.013680 0.975261 -0.176753 0.711749 -0.679832 -0.000000 -0.145717 0.664172 0.733240 0.000003 0.000000 0.000000 0.000000 1.000000
0.958359 0.285380 0.010277 0.975261 -0.199858 0.695996 -0.689672 -0.000000 -0.203971 0.658899 0.724049 0.000002 0.000000 0.000000 0.000000 1.000000
0.937299 0.344614 0.052066 0.975261 -0.214903 0.689068 -0.692100 -0.000001 -0.274384 0.637516 0.719921 0.000003 0.000000 0.000000 0.000000 1.000000
0.920289 0.378596 0.098656 0.975261 -0.210246 0.691227 -0.691376 -0.000000 -0.329946 0.615524 0.715727 0.000002 0.000000 0.000000 0.000000 1.000000
0.884597 0.433261 0.172547 0.975261 -0.206175 0.695195 -0.688618 -0.000001 -0.418306 0.573575 0.704295 0.000002 0.000000 0.000000 0.000000 1.000000
0.835874 0.492195 0.243021 0.975261 -0.220254 0.706254 -0.672824 -0.000001 -0.502796 0.508870 0.698747 0.000002 0.000000 0.000000 0.000000 1.000000
0.763097 0.559558 0.323386 0.975261 -0.253094 0.719150 -0.647122 -0.000000 -0.594665 0.411970 0.690401 0.000003 0.000000 0.000000 0.000000 1.000000
0.698552 0.603501 0.384464 0.975261 -0.281572 0.725778 -0.627665 -0.000000 -0.657832 0.330203 0.676922 0.000002 0.000000 0.000000 0.000000 1.000000
0.688232 0.609252 0.393889 0.975261 -0.285550 0.726588 -0.624924 -0.000000 -0.666932 0.317618 0.674033 0.000003 0.000000 0.000000 0.000000 1.000000
0.692855 0.606261 0.390385 0.975261 -0.283504 0.726824 -0.625582 -0.000000 -0.663007 0.322761 0.675460 0.000002 0.000000 0.000000 0.000000 1.000000
0.700961 0.600890 0.384167 0.975261 -0.279896 0.727212 -0.626754 -0.000000 -0.655982 0.331803 0.677934 0.000002 0.000000 0.000000 0.000000 1.000000
0.711334 0.593778 0.376075 0.975261 -0.275236 0.727663 -0.628293 -0.000000 -0.646722 0.343416 0.681040 0.000002 0.000000 0.000000 0.000000 1.000000
0.722807 0.585584 0.366936 0.975261 -0.270029 0.728101 -0.630043 -0.000000 -0.636109 0.356316 0.684400 0.000002 0.000000 0.000000 0.000000 1.000000
0.734380 0.576955 0.357504 0.975261 -0.264719 0.728476 -0.631860 -0.000000 -0.624988 0.369387 0.687709 0.000002 0.000000 0.000000 0.000000 1.000000
0.744955 0.568733 0.348690 0.975261 -0.259770 0.728731 -0.633617 -0.000001 -0.614461 0.381437 0.690611 0.000003 0.000000 0.000000 0.000000 1.000000
0.753667 0.561745 0.341216 0.975261 -0.255778 0.728903 -0.635041 -0.000000 -0.605445 0.391334 0.693032 0.000002 0.000000 0.000000 0.000000 1.000000
0.759780 0.556696 0.335893 0.975261 -0.253045 0.729067 -0.635947 -0.000001 -0.598918 0.398184 0.694799 0.000003 0.000000 0.000000 0.000000 1.000000
0.763503 0.553512 0.332698 0.975261 -0.251365 0.729249 -0.636405 -0.000000 -0.594878 0.402269 0.695917 0.000002 0.000000 0.000000 0.000000 1.000000
0.765372 0.551863 0.331139 0.975261 -0.250515 0.729401 -0.636566 -0.000000 -0.592831 0.404255 0.696513 0.000002 0.000000 0.000000 0.000000 1.000000</float_array>
     <technique_common>
      <accessor source="#jnt_right_hand-Matrix-animation-output-transform-array" count="30" stride="16">
       <param type="float4x4"></param>
      </accessor>
     </technique_common>
    </source>
    <source id="jnt_right_hand-Interpolations">
     <Name_array id="jnt_right_hand-Interpolations-array" count="30">
 LINEAR LINEAR LINEAR LINEAR LINEAR LINEAR LINEAR LINEAR LINEAR LINEAR LINEAR
LINEAR LINEAR LINEAR LINEAR LINEAR LINEAR LINEAR LINEAR LINEAR LINEAR LINEAR LINEAR
LINEAR LINEAR LINEAR LINEAR LINEAR LINEAR LINEAR</Name_array>
     <technique_common>
      <accessor source="#jnt_right_hand-Interpolations-array" count="30">
       <param type="name"></param>
      </accessor>
     </technique_common>
    </source>
    <sampler id="jnt_right_hand-Matrix-animation-transform">
     <input semantic="INPUT" source="#jnt_right_hand-Matrix-animation-input"></input>
     <input semantic="OUTPUT" source="#jnt_right_hand-Matrix-animation-output-transform"></input>
     <input semantic="INTERPOLATION" source="#jnt_right_hand-Interpolations"></input>
    </sampler>
    <channel source="#jnt_right_hand-Matrix-animation-transform" target="jnt_right_hand/matrix"></channel>
   </animation>
  </animation>
  <animation id="jnt_right_handthumb1-anim" name="jnt_right_handthumb1">
   <animation>
    <source id="jnt_right_handthumb1-Matrix-animation-input">
     <float_array id="jnt_right_handthumb1-Matrix-animation-input-array" count="30">

0.000000 0.033333 0.066667 0.100000 0.133333 0.166667 0.200000 0.233333 0.266667 0.300000 0.333333 0.366667 0.400000 0.433333 0.466667 0.500000
0.533333 0.566667 0.600000 0.633333 0.666667 0.700000 0.733333 0.766667 0.800000 0.833333 0.866667 0.900000 0.933333 0.966667</float_array>
     <technique_common>
      <accessor source="#jnt_right_handthumb1-Matrix-animation-input-array" count="30">
       <param name="TIME" type="float"></param>
      </accessor>
     </technique_common>
    </source>
    <source id="jnt_right_handthumb1-Matrix-animation-output-transform">
     <float_array id="jnt_right_handthumb1-Matrix-animation-output-transform-array" count="480">

0.840651 -0.501489 0.204487 0.060226 0.200669 0.639129 0.742459 0.203940 -0.503029 -0.583115 0.637917 -0.155682 0.000000 0.000000 0.000000 1.000000
0.840651 -0.501489 0.204487 0.060226 0.200669 0.639129 0.742459 0.203939 -0.503029 -0.583115 0.637918 -0.155682 0.000000 0.000000 0.000000 1.000000
0.840651 -0.501489 0.204487 0.060226 0.200669 0.639129 0.742460 0.203940 -0.503029 -0.583115 0.637917 -0.155681 0.000000 0.000000 0.000000 1.000000
0.840650 -0.501489 0.204487 0.060226 0.200669 0.639129 0.742459 0.203939 -0.503029 -0.583115 0.637917 -0.155682 0.000000 0.000000 0.000000 1.000000
0.840651 -0.501489 0.204487 0.060226 0.200669 0.639129 0.742460 0.203940 -0.503029 -0.583115 0.637917 -0.155682 0.000000 0.000000 0.000000 1.000000
0.840651 -0.501489 0.204487 0.060227 0.200669 0.639129 0.742459 0.203940 -0.503029 -0.583115 0.637917 -0.155682 0.000000 0.000000 0.000000 1.000000
0.840651 -0.501489 0.204487 0.060227 0.200669 0.639129 0.742459 0.203940 -0.503029 -0.583115 0.637917 -0.155682 0.000000 0.000000 0.000000 1.000000
0.840651 -0.501489 0.204487 0.060227 0.200669 0.639129 0.742459 0.203939 -0.503029 -0.583115 0.637917 -0.155682 0.000000 0.000000 0.000000 1.000000
0.840651 -0.501489 0.204487 0.060226 0.200669 0.639129 0.742460 0.203939 -0.503029 -0.583115 0.637917 -0.155682 0.000000 0.000000 0.000000 1.000000
0.840651 -0.501489 0.204487 0.060227 0.200669 0.639129 0.742460 0.203939 -0.503029 -0.583115 0.637917 -0.155682 0.000000 0.000000 0.000000 1.000000
0.840651 -0.501489 0.204487 0.060227 0.200669 0.639129 0.742459 0.203939 -0.503029 -0.583115 0.637918 -0.155682 0.000000 0.000000 0.000000 1.000000
0.840650 -0.501489 0.204487 0.060227 0.200669 0.639129 0.742459 0.203940 -0.503029 -0.583115 0.637917 -0.155682 0.000000 0.000000 0.000000 1.000000
0.840651 -0.501489 0.204487 0.060227 0.200669 0.639129 0.742459 0.203939 -0.503029 -0.583115 0.637918 -0.155682 0.000000 0.000000 0.000000 1.000000
0.840651 -0.501489 0.204487 0.060227 0.200669 0.639129 0.742460 0.203940 -0.503029 -0.583115 0.637918 -0.155682 0.000000 0.000000 0.000000 1.000000
0.840651 -0.501489 0.204487 0.060227 0.200669 0.639129 0.742460 0.203938 -0.503029 -0.583115 0.637918 -0.155682 0.000000 0.000000 0.000000 1.000000
0.840651 -0.501489 0.204487 0.060226 0.200669 0.639129 0.742459 0.203940 -0.503029 -0.583115 0.637918 -0.155682 0.000000 0.000000 0.000000 1.000000
0.840651 -0.501489 0.204487 0.060226 0.200669 0.639129 0.742460 0.203939 -0.503029 -0.583115 0.637918 -0.155683 0.000000 0.000000 0.000000 1.000000
0.840650 -0.501489 0.204487 0.060226 0.200669 0.639129 0.742459 0.203939 -0.503029 -0.583115 0.637917 -0.155682 0.000000 0.000000 0.000000 1.000000
0.840651 -0.501489 0.204487 0.060226 0.200669 0.639129 0.742460 0.203940 -0.503029 -0.583115 0.637918 -0.155682 0.000000 0.000000 0.000000 1.000000
0.840651 -0.501489 0.204487 0.060227 0.200669 0.639129 0.742459 0.203939 -0.503029 -0.583115 0.637918 -0.155682 0.000000 0.000000 0.000000 1.000000
0.840651 -0.501489 0.204487 0.060226 0.200669 0.639129 0.742459 0.203940 -0.503029 -0.583115 0.637918 -0.155682 0.000000 0.000000 0.000000 1.000000
0.840651 -0.501489 0.204487 0.060227 0.200669 0.639129 0.742460 0.203940 -0.503029 -0.583115 0.637918 -0.155682 0.000000 0.000000 0.000000 1.000000
0.840651 -0.501489 0.204487 0.060226 0.200669 0.639129 0.742459 0.203939 -0.503029 -0.583115 0.637918 -0.155682 0.000000 0.000000 0.000000 1.000000
0.840651 -0.501489 0.204487 0.060226 0.200669 0.639129 0.742460 0.203940 -0.503029 -0.583115 0.637918 -0.155682 0.000000 0.000000 0.000000 1.000000
0.840651 -0.501489 0.204487 0.060227 0.200669 0.639129 0.742460 0.203939 -0.503029 -0.583115 0.637918 -0.155682 0.000000 0.000000 0.000000 1.000000
0.840651 -0.501489 0.204487 0.060227 0.200669 0.639129 0.742460 0.203939 -0.503029 -0.583115 0.637918 -0.155682 0.000000 0.000000 0.000000 1.000000
0.840650 -0.501489 0.204487 0.060227 0.200669 0.639129 0.742459 0.203939 -0.503029 -0.583115 0.637917 -0.155682 0.000000 0.000000 0.000000 1.000000
0.840651 -0.501489 0.204487 0.060226 0.200669 0.639129 0.742459 0.203940 -0.503029 -0.583115 0.637917 -0.155682 0.000000 0.000000 0.000000 1.000000
0.840651 -0.501489 0.204487 0.060227 0.200669 0.639129 0.742460 0.203939 -0.503029 -0.583115 0.637917 -0.155682 0.000000 0.000000 0.000000 1.000000
0.840651 -0.501489 0.204487 0.060227 0.200669 0.639129 0.742459 0.203938 -0.503029 -0.583115 0.637917 -0.155682 0.000000 0.000000 0.000000 1.000000</float_array>
     <technique_common>
      <accessor source="#jnt_right_handthumb1-Matrix-animation-output-transform-array" count="30" stride="16">
       <param type="float4x4"></param>
      </accessor>
     </technique_common>
    </source>
    <source id="jnt_right_handthumb1-Interpolations">
     <Name_array id="jnt_right_handthumb1-Interpolations-array" count="30">
 LINEAR LINEAR LINEAR LINEAR LINEAR LINEAR LINEAR LINEAR LINEAR LINEAR LINEAR
LINEAR LINEAR LINEAR LINEAR LINEAR LINEAR LINEAR LINEAR LINEAR LINEAR LINEAR LINEAR
LINEAR LINEAR LINEAR LINEAR LINEAR LINEAR LINEAR</Name_array>
     <technique_common>
      <accessor source="#jnt_right_handthumb1-Interpolations-array" count="30">
       <param type="name"></param>
      </accessor>
     </technique_common>
    </source>
    <sampler id="jnt_right_handthumb1-Matrix-animation-transform">
     <input semantic="INPUT" source="#jnt_right_handthumb1-Matrix-animation-input"></input>
     <input semantic="OUTPUT" source="#jnt_right_handthumb1-Matrix-animation-output-transform"></input>
     <input semantic="INTERPOLATION" source="#jnt_right_handthumb1-Interpolations"></input>
    </sampler>
    <channel source="#jnt_right_handthumb1-Matrix-animation-transform" target="jnt_right_handthumb1/matrix"></channel>
   </animation>
  </animation>
  <animation id="jnt_right_handthumb2-anim" name="jnt_right_handthumb2">
   <animation>
    <source id="jnt_right_handthumb2-Matrix-animation-input">
     <float_array id="jnt_right_handthumb2-Matrix-animation-input-array" count="30">

0.000000 0.033333 0.066667 0.100000 0.133333 0.166667 0.200000 0.233333 0.266667 0.300000 0.333333 0.366667 0.400000 0.433333 0.466667 0.500000
0.533333 0.566667 0.600000 0.633333 0.666667 0.700000 0.733333 0.766667 0.800000 0.833333 0.866667 0.900000 0.933333 0.966667</float_array>
     <technique_common>
      <accessor source="#jnt_right_handthumb2-Matrix-animation-input-array" count="30">
       <param name="TIME" type="float"></param>
      </accessor>
     </technique_common>
    </source>
    <source id="jnt_right_handthumb2-Matrix-animation-output-transform">
     <float_array id="jnt_right_handthumb2-Matrix-animation-output-transform-array" count="480">

0.925479 0.378800 -0.000001 0.213224 -0.378800 0.925479 -0.000003 -0.000000 -0.000001 0.000003 1.000000 0.000000 0.000000 0.000000 0.000000 1.000000
0.925479 0.378800 -0.000001 0.213224 -0.378800 0.925479 -0.000003 -0.000000 -0.000001 0.000003 1.000000 -0.000000 0.000000 0.000000 0.000000 1.000000
0.925479 0.378800 -0.000001 0.213224 -0.378800 0.925479 -0.000003 -0.000000 -0.000001 0.000003 1.000000 0.000001 0.000000 0.000000 0.000000 1.000000
0.925479 0.378800 -0.000001 0.213224 -0.378799 0.925479 -0.000003 -0.000001 -0.000001 0.000003 1.000000 -0.000000 0.000000 0.000000 0.000000 1.000000
0.925479 0.378799 -0.000001 0.213224 -0.378799 0.925479 -0.000003 -0.000001 -0.000001 0.000003 1.000000 0.000000 0.000000 0.000000 0.000000 1.000000
0.925479 0.378800 -0.000001 0.213224 -0.378800 0.925479 -0.000003 -0.000000 -0.000001 0.000003 1.000000 -0.000000 0.000000 0.000000 0.000000 1.000000
0.925479 0.378800 -0.000001 0.213224 -0.378800 0.925479 -0.000003 -0.000001 -0.000001 0.000003 1.000000 0.000000 0.000000 0.000000 0.000000 1.000000
0.925479 0.378799 -0.000001 0.213224 -0.378799 0.925479 -0.000003 -0.000000 -0.000001 0.000003 1.000000 0.000000 0.000000 0.000000 0.000000 1.000000
0.925479 0.378799 -0.000001 0.213224 -0.378799 0.925478 -0.000003 -0.000000 -0.000001 0.000003 1.000000 0.000000 0.000000 0.000000 0.000000 1.000000
0.925479 0.378799 -0.000001 0.213224 -0.378800 0.925479 -0.000003 -0.000001 -0.000001 0.000003 1.000000 0.000000 0.000000 0.000000 0.000000 1.000000
0.925479 0.378799 -0.000001 0.213224 -0.378799 0.925479 -0.000003 -0.000001 -0.000001 0.000003 1.000000 0.000000 0.000000 0.000000 0.000000 1.000000
0.925479 0.378800 -0.000001 0.213224 -0.378800 0.925479 -0.000003 -0.000001 -0.000001 0.000003 1.000000 0.000000 0.000000 0.000000 0.000000 1.000000
0.925479 0.378800 -0.000001 0.213224 -0.378800 0.925479 -0.000003 -0.000001 -0.000001 0.000003 1.000000 0.000000 0.000000 0.000000 0.000000 1.000000
0.925479 0.378800 -0.000001 0.213224 -0.378800 0.925479 -0.000003 -0.000001 -0.000001 0.000003 1.000000 -0.000001 0.000000 0.000000 0.000000 1.000000
0.925479 0.378800 -0.000001 0.213224 -0.378800 0.925479 -0.000003 0.000001 -0.000001 0.000003 1.000000 0.000000 0.000000 0.000000 0.000000 1.000000
0.925479 0.378800 -0.000001 0.213224 -0.378800 0.925479 -0.000003 0.000000 -0.000001 0.000004 1.000000 -0.000000 0.000000 0.000000 0.000000 1.000000
0.925479 0.378800 -0.000001 0.213224 -0.378800 0.925479 -0.000003 -0.000001 -0.000001 0.000004 1.000000 -0.000000 0.000000 0.000000 0.000000 1.000000
0.925479 0.378799 -0.000001 0.213224 -0.378799 0.925479 -0.000003 -0.000000 -0.000001 0.000003 1.000000 -0.000000 0.000000 0.000000 0.000000 1.000000
0.925479 0.378799 -0.000001 0.213224 -0.378799 0.925479 -0.000003 0.000000 -0.000001 0.000003 1.000000 -0.000000 0.000000 0.000000 0.000000 1.000000
0.925479 0.378800 -0.000001 0.213224 -0.378800 0.925478 -0.000003 -0.000001 -0.000001 0.000003 1.000000 0.000000 0.000000 0.000000 0.000000 1.000000
0.925479 0.378800 -0.000001 0.213224 -0.378800 0.925479 -0.000003 -0.000000 -0.000001 0.000003 1.000000 0.000001 0.000000 0.000000 0.000000 1.000000
0.925479 0.378800 -0.000001 0.213224 -0.378800 0.925479 -0.000003 -0.000000 -0.000001 0.000003 1.000000 0.000001 0.000000 0.000000 0.000000 1.000000
0.925479 0.378799 -0.000001 0.213224 -0.378799 0.925479 -0.000003 -0.000000 -0.000001 0.000003 1.000000 -0.000000 0.000000 0.000000 0.000000 1.000000
0.925479 0.378800 -0.000001 0.213224 -0.378800 0.925479 -0.000003 -0.000000 -0.000001 0.000003 1.000000 -0.000000 0.000000 0.000000 0.000000 1.000000
0.925479 0.378800 -0.000001 0.213224 -0.378800 0.925479 -0.000003 -0.000001 -0.000001 0.000003 1.000000 -0.000000 0.000000 0.000000 0.000000 1.000000
0.925479 0.378799 -0.000001 0.213224 -0.378800 0.925479 -0.000003 -0.000001 -0.000001 0.000003 1.000000 0.000000 0.000000 0.000000 0.000000 1.000000
0.925479 0.378800 -0.000001 0.213224 -0.378800 0.925479 -0.000003 -0.000001 -0.000001 0.000003 1.000000 -0.000000 0.000000 0.000000 0.000000 1.000000
0.925479 0.378800 -0.000001 0.213224 -0.378800 0.925479 -0.000003 -0.000000 -0.000001 0.000003 1.000000 -0.000000 0.000000 0.000000 0.000000 1.000000
0.925479 0.378800 -0.000001 0.213224 -0.378800 0.925479 -0.000003 -0.000001 -0.000001 0.000003 1.000000 0.000001 0.000000 0.000000 0.000000 1.000000
0.925479 0.378800 -0.000001 0.213224 -0.378800 0.925479 -0.000003 0.000000 -0.000001 0.000003 1.000000 -0.000000 0.000000 0.000000 0.000000 1.000000</float_array>
     <technique_common>
      <accessor source="#jnt_right_handthumb2-Matrix-animation-output-transform-array" count="30" stride="16">
       <param type="float4x4"></param>
      </accessor>
     </technique_common>
    </source>
    <source id="jnt_right_handthumb2-Interpolations">
     <Name_array id="jnt_right_handthumb2-Interpolations-array" count="30">
 LINEAR LINEAR LINEAR LINEAR LINEAR LINEAR LINEAR LINEAR LINEAR LINEAR LINEAR
LINEAR LINEAR LINEAR LINEAR LINEAR LINEAR LINEAR LINEAR LINEAR LINEAR LINEAR LINEAR
LINEAR LINEAR LINEAR LINEAR LINEAR LINEAR LINEAR</Name_array>
     <technique_common>
      <accessor source="#jnt_right_handthumb2-Interpolations-array" count="30">
       <param type="name"></param>
      </accessor>
     </technique_common>
    </source>
    <sampler id="jnt_right_handthumb2-Matrix-animation-transform">
     <input semantic="INPUT" source="#jnt_right_handthumb2-Matrix-animation-input"></input>
     <input semantic="OUTPUT" source="#jnt_right_handthumb2-Matrix-animation-output-transform"></input>
     <input semantic="INTERPOLATION" source="#jnt_right_handthumb2-Interpolations"></input>
    </sampler>
    <channel source="#jnt_right_handthumb2-Matrix-animation-transform" target="jnt_right_handthumb2/matrix"></channel>
   </animation>
  </animation>
  <animation id="jnt_right_handthumb3-anim" name="jnt_right_handthumb3">
   <animation>
    <source id="jnt_right_handthumb3-Matrix-animation-input">
     <float_array id="jnt_right_handthumb3-Matrix-animation-input-array" count="30">

0.000000 0.033333 0.066667 0.100000 0.133333 0.166667 0.200000 0.233333 0.266667 0.300000 0.333333 0.366667 0.400000 0.433333 0.466667 0.500000
0.533333 0.566667 0.600000 0.633333 0.666667 0.700000 0.733333 0.766667 0.800000 0.833333 0.866667 0.900000 0.933333 0.966667</float_array>
     <technique_common>
      <accessor source="#jnt_right_handthumb3-Matrix-animation-input-array" count="30">
       <param name="TIME" type="float"></param>
      </accessor>
     </technique_common>
    </source>
    <source id="jnt_right_handthumb3-Matrix-animation-output-transform">
     <float_array id="jnt_right_handthumb3-Matrix-animation-output-transform-array" count="480">

0.947989 0.318304 0.000001 0.141882 -0.318304 0.947988 0.000006 -0.000001 0.000001 -0.000006 1.000000 0.000023 0.000000 0.000000 0.000000 1.000000
0.947989 0.318305 0.000001 0.141882 -0.318305 0.947989 0.000006 -0.000001 0.000001 -0.000006 1.000000 0.000023 0.000000 0.000000 0.000000 1.000000
0.947989 0.318304 0.000001 0.141883 -0.318304 0.947989 0.000006 -0.000001 0.000001 -0.000006 1.000000 0.000023 0.000000 0.000000 0.000000 1.000000
0.947989 0.318304 0.000001 0.141882 -0.318304 0.947989 0.000006 -0.000000 0.000001 -0.000006 1.000000 0.000022 0.000000 0.000000 0.000000 1.000000
0.947988 0.318304 0.000001 0.141882 -0.318304 0.947988 0.000006 -0.000001 0.000001 -0.000006 1.000000 0.000023 0.000000 0.000000 0.000000 1.000000
0.947988 0.318304 0.000001 0.141882 -0.318304 0.947988 0.000006 -0.000001 0.000001 -0.000006 1.000000 0.000022 0.000000 0.000000 0.000000 1.000000
0.947989 0.318304 0.000001 0.141882 -0.318304 0.947989 0.000006 -0.000001 0.000001 -0.000006 1.000000 0.000022 0.000000 0.000000 0.000000 1.000000
0.947988 0.318304 0.000001 0.141882 -0.318304 0.947989 0.000006 -0.000001 0.000001 -0.000006 1.000000 0.000023 0.000000 0.000000 0.000000 1.000000
0.947989 0.318305 0.000001 0.141882 -0.318305 0.947989 0.000006 -0.000001 0.000001 -0.000006 1.000000 0.000024 0.000000 0.000000 0.000000 1.000000
0.947989 0.318304 0.000001 0.141882 -0.318304 0.947988 0.000006 -0.000001 0.000001 -0.000006 1.000000 0.000024 0.000000 0.000000 0.000000 1.000000
0.947989 0.318305 0.000001 0.141882 -0.318305 0.947989 0.000006 -0.000000 0.000001 -0.000006 1.000000 0.000023 0.000000 0.000000 0.000000 1.000000
0.947989 0.318304 0.000001 0.141882 -0.318305 0.947989 0.000006 0.000000 0.000001 -0.000006 1.000000 0.000023 0.000000 0.000000 0.000000 1.000000
0.947988 0.318304 0.000001 0.141882 -0.318304 0.947989 0.000006 -0.000001 0.000001 -0.000006 1.000000 0.000023 0.000000 0.000000 0.000000 1.000000
0.947988 0.318304 0.000001 0.141882 -0.318304 0.947988 0.000006 -0.000001 0.000001 -0.000006 1.000000 0.000023 0.000000 0.000000 0.000000 1.000000
0.947988 0.318304 0.000001 0.141882 -0.318304 0.947988 0.000006 -0.000000 0.000001 -0.000006 1.000000 0.000023 0.000000 0.000000 0.000000 1.000000
0.947988 0.318304 0.000001 0.141882 -0.318304 0.947989 0.000006 -0.000000 0.000001 -0.000006 1.000000 0.000023 0.000000 0.000000 0.000000 1.000000
0.947989 0.318304 0.000001 0.141882 -0.318304 0.947989 0.000006 -0.000000 0.000001 -0.000006 1.000000 0.000023 0.000000 0.000000 0.000000 1.000000
0.947989 0.318304 0.000001 0.141882 -0.318304 0.947988 0.000006 -0.000001 0.000001 -0.000006 1.000000 0.000023 0.000000 0.000000 0.000000 1.000000
0.947989 0.318304 0.000001 0.141882 -0.318304 0.947989 0.000006 -0.000001 0.000001 -0.000006 1.000000 0.000023 0.000000 0.000000 0.000000 1.000000
0.947989 0.318304 0.000001 0.141882 -0.318304 0.947989 0.000006 -0.000001 0.000001 -0.000006 1.000000 0.000023 0.000000 0.000000 0.000000 1.000000
0.947988 0.318304 0.000001 0.141882 -0.318304 0.947988 0.000006 -0.000001 0.000001 -0.000006 1.000000 0.000022 0.000000 0.000000 0.000000 1.000000
0.947989 0.318304 0.000001 0.141882 -0.318304 0.947988 0.000006 -0.000001 0.000001 -0.000006 1.000000 0.000024 0.000000 0.000000 0.000000 1.000000
0.947989 0.318304 0.000001 0.141882 -0.318304 0.947988 0.000006 -0.000000 0.000001 -0.000006 1.000000 0.000022 0.000000 0.000000 0.000000 1.000000
0.947989 0.318304 0.000001 0.141882 -0.318304 0.947989 0.000006 -0.000001 0.000001 -0.000006 1.000000 0.000023 0.000000 0.000000 0.000000 1.000000
0.947989 0.318304 0.000001 0.141882 -0.318304 0.947989 0.000006 -0.000001 0.000001 -0.000006 1.000000 0.000022 0.000000 0.000000 0.000000 1.000000
0.947989 0.318304 0.000001 0.141882 -0.318304 0.947988 0.000006 -0.000001 0.000001 -0.000006 1.000000 0.000023 0.000000 0.000000 0.000000 1.000000
0.947989 0.318305 0.000001 0.141882 -0.318305 0.947989 0.000006 -0.000001 0.000001 -0.000006 1.000000 0.000023 0.000000 0.000000 0.000000 1.000000
0.947988 0.318304 0.000001 0.141882 -0.318304 0.947989 0.000006 -0.000001 0.000001 -0.000006 1.000000 0.000023 0.000000 0.000000 0.000000 1.000000
0.947989 0.318305 0.000001 0.141882 -0.318304 0.947989 0.000006 -0.000001 0.000001 -0.000006 1.000000 0.000023 0.000000 0.000000 0.000000 1.000000
0.947989 0.318304 0.000001 0.141882 -0.318304 0.947989 0.000006 -0.000000 0.000001 -0.000006 1.000000 0.000023 0.000000 0.000000 0.000000 1.000000</float_array>
     <technique_common>
      <accessor source="#jnt_right_handthumb3-Matrix-animation-output-transform-array" count="30" stride="16">
       <param type="float4x4"></param>
      </accessor>
     </technique_common>
    </source>
    <source id="jnt_right_handthumb3-Interpolations">
     <Name_array id="jnt_right_handthumb3-Interpolations-array" count="30">
 LINEAR LINEAR LINEAR LINEAR LINEAR LINEAR LINEAR LINEAR LINEAR LINEAR LINEAR
LINEAR LINEAR LINEAR LINEAR LINEAR LINEAR LINEAR LINEAR LINEAR LINEAR LINEAR LINEAR
LINEAR LINEAR LINEAR LINEAR LINEAR LINEAR LINEAR</Name_array>
     <technique_common>
      <accessor source="#jnt_right_handthumb3-Interpolations-array" count="30">
       <param type="name"></param>
      </accessor>
     </technique_common>
    </source>
    <sampler id="jnt_right_handthumb3-Matrix-animation-transform">
     <input semantic="INPUT" source="#jnt_right_handthumb3-Matrix-animation-input"></input>
     <input semantic="OUTPUT" source="#jnt_right_handthumb3-Matrix-animation-output-transform"></input>
     <input semantic="INTERPOLATION" source="#jnt_right_handthumb3-Interpolations"></input>
    </sampler>
    <channel source="#jnt_right_handthumb3-Matrix-animation-transform" target="jnt_right_handthumb3/matrix"></channel>
   </animation>
  </animation>
  <animation id="jnt_right_handthumb4-anim" name="jnt_right_handthumb4">
   <animation>
    <source id="jnt_right_handthumb4-Matrix-animation-input">
     <float_array id="jnt_right_handthumb4-Matrix-animation-input-array" count="30">

0.000000 0.033333 0.066667 0.100000 0.133333 0.166667 0.200000 0.233333 0.266667 0.300000 0.333333 0.366667 0.400000 0.433333 0.466667 0.500000
0.533333 0.566667 0.600000 0.633333 0.666667 0.700000 0.733333 0.766667 0.800000 0.833333 0.866667 0.900000 0.933333 0.966667</float_array>
     <technique_common>
      <accessor source="#jnt_right_handthumb4-Matrix-animation-input-array" count="30">
       <param name="TIME" type="float"></param>
      </accessor>
     </technique_common>
    </source>
    <source id="jnt_right_handthumb4-Matrix-animation-output-transform">
     <float_array id="jnt_right_handthumb4-Matrix-animation-output-transform-array" count="480">

1.000000 -0.000002 0.000000 0.122606 0.000002 1.000000 -0.000000 0.000000 0.000000 0.000000 1.000000 0.000000 0.000000 0.000000 0.000000 1.000000
1.000000 -0.000002 -0.000000 0.122606 0.000002 1.000000 -0.000000 0.000001 0.000000 0.000000 1.000000 0.000000 0.000000 0.000000 0.000000 1.000000
1.000000 -0.000002 -0.000000 0.122606 0.000002 1.000000 -0.000000 0.000001 0.000000 0.000000 1.000000 -0.000000 0.000000 0.000000 0.000000 1.000000
1.000000 -0.000002 -0.000000 0.122606 0.000002 1.000000 -0.000000 0.000000 0.000000 0.000000 1.000000 0.000000 0.000000 0.000000 0.000000 1.000000
1.000000 -0.000002 -0.000000 0.122606 0.000002 1.000000 -0.000000 0.000001 0.000000 0.000000 1.000000 0.000000 0.000000 0.000000 0.000000 1.000000
1.000000 -0.000002 0.000000 0.122606 0.000002 1.000000 -0.000000 0.000001 -0.000000 0.000000 1.000000 0.000000 0.000000 0.000000 0.000000 1.000000
1.000000 -0.000002 -0.000000 0.122606 0.000002 1.000000 -0.000000 0.000001 0.000000 0.000000 1.000000 -0.000000 0.000000 0.000000 0.000000 1.000000
1.000000 -0.000002 -0.000000 0.122606 0.000002 1.000000 -0.000000 0.000000 0.000000 0.000000 1.000000 -0.000000 0.000000 0.000000 0.000000 1.000000
1.000000 -0.000002 -0.000000 0.122606 0.000002 1.000000 -0.000000 0.000001 0.000000 0.000000 1.000000 -0.000000 0.000000 0.000000 0.000000 1.000000
1.000000 -0.000002 -0.000000 0.122606 0.000002 1.000000 0.000000 0.000000 0.000000 -0.000000 1.000000 -0.000000 0.000000 0.000000 0.000000 1.000000
1.000000 -0.000002 -0.000000 0.122606 0.000002 1.000000 -0.000000 0.000001 0.000000 0.000000 1.000000 -0.000000 0.000000 0.000000 0.000000 1.000000
1.000000 -0.000002 -0.000000 0.122606 0.000002 1.000000 -0.000000 0.000000 0.000000 0.000000 1.000000 -0.000000 0.000000 0.000000 0.000000 1.000000
1.000000 -0.000002 -0.000000 0.122606 0.000002 1.000000 -0.000000 0.000001 0.000000 0.000000 1.000000 -0.000001 0.000000 0.000000 0.000000 1.000000
1.000000 -0.000002 -0.000000 0.122606 0.000002 1.000000 -0.000000 0.000001 0.000000 0.000000 1.000000 0.000000 0.000000 0.000000 0.000000 1.000000
1.000000 -0.000002 -0.000000 0.122606 0.000002 1.000000 0.000000 0.000001 0.000000 -0.000000 1.000000 0.000000 0.000000 0.000000 0.000000 1.000000
1.000000 -0.000002 -0.000000 0.122606 0.000002 1.000000 -0.000000 0.000000 0.000000 0.000000 1.000000 -0.000000 0.000000 0.000000 0.000000 1.000000
1.000000 -0.000002 -0.000000 0.122606 0.000002 1.000000 0.000000 0.000001 0.000000 -0.000000 1.000000 0.000000 0.000000 0.000000 0.000000 1.000000
1.000000 -0.000002 -0.000000 0.122606 0.000002 1.000000 -0.000000 0.000000 0.000000 0.000000 1.000000 0.000000 0.000000 0.000000 0.000000 1.000000
1.000000 -0.000002 -0.000000 0.122606 0.000002 1.000000 -0.000000 0.000000 0.000000 0.000000 1.000000 0.000000 0.000000 0.000000 0.000000 1.000000
1.000000 -0.000002 -0.000000 0.122606 0.000002 1.000000 -0.000000 0.000000 0.000000 0.000000 1.000000 -0.000000 0.000000 0.000000 0.000000 1.000000
1.000000 -0.000002 -0.000000 0.122606 0.000002 1.000000 -0.000000 0.000001 0.000000 0.000000 1.000000 0.000000 0.000000 0.000000 0.000000 1.000000
1.000000 -0.000002 -0.000000 0.122606 0.000002 1.000000 -0.000000 0.000001 0.000000 0.000000 1.000000 -0.000000 0.000000 0.000000 0.000000 1.000000
1.000000 -0.000002 -0.000000 0.122606 0.000002 1.000000 -0.000000 0.000001 0.000000 0.000000 1.000000 0.000000 0.000000 0.000000 0.000000 1.000000
1.000000 -0.000002 0.000000 0.122606 0.000002 1.000000 -0.000000 0.000000 -0.000000 0.000000 1.000000 0.000000 0.000000 0.000000 0.000000 1.000000
1.000000 -0.000002 -0.000000 0.122606 0.000002 1.000000 -0.000000 0.000001 0.000000 0.000000 1.000000 0.000000 0.000000 0.000000 0.000000 1.000000
1.000000 -0.000002 -0.000000 0.122606 0.000002 1.000000 -0.000000 0.000000 0.000000 0.000000 1.000000 0.000000 0.000000 0.000000 0.000000 1.000000
1.000000 -0.000002 -0.000000 0.122606 0.000002 1.000000 -0.000000 0.000000 0.000000 0.000000 1.000000 -0.000000 0.000000 0.000000 0.000000 1.000000
1.000000 -0.000002 -0.000000 0.122606 0.000002 1.000000 -0.000000 0.000000 0.000000 0.000000 1.000000 -0.000000 0.000000 0.000000 0.000000 1.000000
1.000000 -0.000002 -0.000000 0.122606 0.000002 1.000000 0.000000 0.000001 0.000000 -0.000000 1.000000 0.000000 0.000000 0.000000 0.000000 1.000000
1.000000 -0.000002 -0.000000 0.122606 0.000002 1.000000 -0.000000 0.000000 0.000000 0.000000 1.000000 0.000000 0.000000 0.000000 0.000000 1.000000</float_array>
     <technique_common>
      <accessor source="#jnt_right_handthumb4-Matrix-animation-output-transform-array" count="30" stride="16">
       <param type="float4x4"></param>
      </accessor>
     </technique_common>
    </source>
    <source id="jnt_right_handthumb4-Interpolations">
     <Name_array id="jnt_right_handthumb4-Interpolations-array" count="30">
 LINEAR LINEAR LINEAR LINEAR LINEAR LINEAR LINEAR LINEAR LINEAR LINEAR LINEAR
LINEAR LINEAR LINEAR LINEAR LINEAR LINEAR LINEAR LINEAR LINEAR LINEAR LINEAR LINEAR
LINEAR LINEAR LINEAR LINEAR LINEAR LINEAR LINEAR</Name_array>
     <technique_common>
      <accessor source="#jnt_right_handthumb4-Interpolations-array" count="30">
       <param type="name"></param>
      </accessor>
     </technique_common>
    </source>
    <sampler id="jnt_right_handthumb4-Matrix-animation-transform">
     <input semantic="INPUT" source="#jnt_right_handthumb4-Matrix-animation-input"></input>
     <input semantic="OUTPUT" source="#jnt_right_handthumb4-Matrix-animation-output-transform"></input>
     <input semantic="INTERPOLATION" source="#jnt_right_handthumb4-Interpolations"></input>
    </sampler>
    <channel source="#jnt_right_handthumb4-Matrix-animation-transform" target="jnt_right_handthumb4/matrix"></channel>
   </animation>
  </animation>
  <animation id="jnt_right_handindex1-anim" name="jnt_right_handindex1">
   <animation>
    <source id="jnt_right_handindex1-Matrix-animation-input">
     <float_array id="jnt_right_handindex1-Matrix-animation-input-array" count="30">

0.000000 0.033333 0.066667 0.100000 0.133333 0.166667 0.200000 0.233333 0.266667 0.300000 0.333333 0.366667 0.400000 0.433333 0.466667 0.500000
0.533333 0.566667 0.600000 0.633333 0.666667 0.700000 0.733333 0.766667 0.800000 0.833333 0.866667 0.900000 0.933333 0.966667</float_array>
     <technique_common>
      <accessor source="#jnt_right_handindex1-Matrix-animation-input-array" count="30">
       <param name="TIME" type="float"></param>
      </accessor>
     </technique_common>
    </source>
    <source id="jnt_right_handindex1-Matrix-animation-output-transform">
     <float_array id="jnt_right_handindex1-Matrix-animation-output-transform-array" count="480">

0.773118 0.581355 -0.253605 0.494373 -0.340123 0.042509 -0.939420 0.203977 -0.535356 0.812539 0.230597 0.029845 0.000000 0.000000 0.000000 1.000000
0.773118 0.581355 -0.253605 0.494372 -0.340123 0.042510 -0.939420 0.203977 -0.535356 0.812539 0.230597 0.029845 0.000000 0.000000 0.000000 1.000000
0.773118 0.581355 -0.253605 0.494372 -0.340123 0.042510 -0.939420 0.203977 -0.535356 0.812539 0.230597 0.029845 0.000000 0.000000 0.000000 1.000000
0.773118 0.581355 -0.253605 0.494372 -0.340123 0.042510 -0.939420 0.203977 -0.535356 0.812539 0.230597 0.029846 0.000000 0.000000 0.000000 1.000000
0.773118 0.581355 -0.253605 0.494373 -0.340123 0.042509 -0.939420 0.203977 -0.535356 0.812539 0.230597 0.029845 0.000000 0.000000 0.000000 1.000000
0.773118 0.581355 -0.253605 0.494372 -0.340123 0.042510 -0.939420 0.203978 -0.535356 0.812539 0.230597 0.029844 0.000000 0.000000 0.000000 1.000000
0.773118 0.581355 -0.253605 0.494373 -0.340123 0.042510 -0.939420 0.203977 -0.535356 0.812539 0.230597 0.029845 0.000000 0.000000 0.000000 1.000000
0.773118 0.581355 -0.253605 0.494373 -0.340123 0.042509 -0.939420 0.203977 -0.535356 0.812539 0.230597 0.029844 0.000000 0.000000 0.000000 1.000000
0.773118 0.581355 -0.253605 0.494372 -0.340123 0.042510 -0.939420 0.203977 -0.535356 0.812539 0.230597 0.029845 0.000000 0.000000 0.000000 1.000000
0.773118 0.581355 -0.253605 0.494373 -0.340123 0.042509 -0.939420 0.203976 -0.535356 0.812539 0.230597 0.029845 0.000000 0.000000 0.000000 1.000000
0.773118 0.581355 -0.253605 0.494372 -0.340123 0.042509 -0.939420 0.203977 -0.535356 0.812539 0.230597 0.029845 0.000000 0.000000 0.000000 1.000000
0.773118 0.581355 -0.253605 0.494373 -0.340123 0.042510 -0.939420 0.203978 -0.535356 0.812539 0.230597 0.029845 0.000000 0.000000 0.000000 1.000000
0.773118 0.581355 -0.253605 0.494372 -0.340123 0.042510 -0.939420 0.203977 -0.535356 0.812539 0.230597 0.029845 0.000000 0.000000 0.000000 1.000000
0.773118 0.581355 -0.253605 0.494373 -0.340123 0.042510 -0.939420 0.203978 -0.535356 0.812539 0.230597 0.029845 0.000000 0.000000 0.000000 1.000000
0.773118 0.581355 -0.253605 0.494373 -0.340123 0.042509 -0.939420 0.203977 -0.535356 0.812539 0.230597 0.029845 0.000000 0.000000 0.000000 1.000000
0.773118 0.581355 -0.253605 0.494373 -0.340123 0.042510 -0.939420 0.203977 -0.535356 0.812539 0.230597 0.029845 0.000000 0.000000 0.000000 1.000000
0.773118 0.581355 -0.253605 0.494372 -0.340123 0.042509 -0.939420 0.203977 -0.535355 0.812539 0.230597 0.029844 0.000000 0.000000 0.000000 1.000000
0.773118 0.581355 -0.253605 0.494373 -0.340123 0.042510 -0.939420 0.203977 -0.535356 0.812539 0.230597 0.029845 0.000000 0.000000 0.000000 1.000000
0.773118 0.581355 -0.253605 0.494372 -0.340123 0.042510 -0.939420 0.203978 -0.535356 0.812539 0.230597 0.029845 0.000000 0.000000 0.000000 1.000000
0.773118 0.581355 -0.253605 0.494373 -0.340123 0.042510 -0.939420 0.203977 -0.535356 0.812539 0.230597 0.029844 0.000000 0.000000 0.000000 1.000000
0.773118 0.581355 -0.253605 0.494373 -0.340123 0.042510 -0.939420 0.203977 -0.535355 0.812539 0.230597 0.029845 0.000000 0.000000 0.000000 1.000000
0.773118 0.581355 -0.253605 0.494373 -0.340123 0.042509 -0.939420 0.203978 -0.535356 0.812539 0.230596 0.029845 0.000000 0.000000 0.000000 1.000000
0.773118 0.581355 -0.253605 0.494372 -0.340123 0.042509 -0.939420 0.203977 -0.535355 0.812539 0.230597 0.029845 0.000000 0.000000 0.000000 1.000000
0.773118 0.581355 -0.253605 0.494372 -0.340123 0.042510 -0.939420 0.203977 -0.535356 0.812539 0.230597 0.029845 0.000000 0.000000 0.000000 1.000000
0.773118 0.581355 -0.253605 0.494372 -0.340123 0.042510 -0.939420 0.203977 -0.535355 0.812539 0.230597 0.029845 0.000000 0.000000 0.000000 1.000000
0.773118 0.581355 -0.253605 0.494373 -0.340123 0.042509 -0.939420 0.203977 -0.535356 0.812539 0.230597 0.029845 0.000000 0.000000 0.000000 1.000000
0.773118 0.581355 -0.253605 0.494372 -0.340123 0.042509 -0.939420 0.203977 -0.535356 0.812539 0.230597 0.029844 0.000000 0.000000 0.000000 1.000000
0.773118 0.581355 -0.253605 0.494372 -0.340123 0.042509 -0.939420 0.203977 -0.535355 0.812539 0.230597 0.029845 0.000000 0.000000 0.000000 1.000000
0.773118 0.581355 -0.253605 0.494373 -0.340123 0.042509 -0.939420 0.203976 -0.535355 0.812539 0.230597 0.029845 0.000000 0.000000 0.000000 1.000000
0.773118 0.581355 -0.253605 0.494372 -0.340123 0.042510 -0.939420 0.203977 -0.535356 0.812539 0.230597 0.029845 0.000000 0.000000 0.000000 1.000000</float_array>
     <technique_common>
      <accessor source="#jnt_right_handindex1-Matrix-animation-output-transform-array" count="30" stride="16">
       <param type="float4x4"></param>
      </accessor>
     </technique_common>
    </source>
    <source id="jnt_right_handindex1-Interpolations">
     <Name_array id="jnt_right_handindex1-Interpolations-array" count="30">
 LINEAR LINEAR LINEAR LINEAR LINEAR LINEAR LINEAR LINEAR LINEAR LINEAR LINEAR
LINEAR LINEAR LINEAR LINEAR LINEAR LINEAR LINEAR LINEAR LINEAR LINEAR LINEAR LINEAR
LINEAR LINEAR LINEAR LINEAR LINEAR LINEAR LINEAR</Name_array>
     <technique_common>
      <accessor source="#jnt_right_handindex1-Interpolations-array" count="30">
       <param type="name"></param>
      </accessor>
     </technique_common>
    </source>
    <sampler id="jnt_right_handindex1-Matrix-animation-transform">
     <input semantic="INPUT" source="#jnt_right_handindex1-Matrix-animation-input"></input>
     <input semantic="OUTPUT" source="#jnt_right_handindex1-Matrix-animation-output-transform"></input>
     <input semantic="INTERPOLATION" source="#jnt_right_handindex1-Interpolations"></input>
    </sampler>
    <channel source="#jnt_right_handindex1-Matrix-animation-transform" target="jnt_right_handindex1/matrix"></channel>
   </animation>
  </animation>
  <animation id="jnt_right_handindex2-anim" name="jnt_right_handindex2">
   <animation>
    <source id="jnt_right_handindex2-Matrix-animation-input">
     <float_array id="jnt_right_handindex2-Matrix-animation-input-array" count="30">

0.000000 0.033333 0.066667 0.100000 0.133333 0.166667 0.200000 0.233333 0.266667 0.300000 0.333333 0.366667 0.400000 0.433333 0.466667 0.500000
0.533333 0.566667 0.600000 0.633333 0.666667 0.700000 0.733333 0.766667 0.800000 0.833333 0.866667 0.900000 0.933333 0.966667</float_array>
     <technique_common>
      <accessor source="#jnt_right_handindex2-Matrix-animation-input-array" count="30">
       <param name="TIME" type="float"></param>
      </accessor>
     </technique_common>
    </source>
    <source id="jnt_right_handindex2-Matrix-animation-output-transform">
     <float_array id="jnt_right_handindex2-Matrix-animation-output-transform-array" count="480">

0.980654 0.195750 -0.000000 0.145440 -0.195750 0.980654 -0.000000 -0.001121 0.000000 0.000000 1.000000 -0.000039 0.000000 0.000000 0.000000 1.000000
0.980654 0.195750 -0.000000 0.145440 -0.195750 0.980654 -0.000000 -0.001121 0.000000 0.000000 1.000000 -0.000039 0.000000 0.000000 0.000000 1.000000
0.980654 0.195750 -0.000000 0.145440 -0.195750 0.980654 -0.000000 -0.001120 0.000000 0.000000 1.000000 -0.000039 0.000000 0.000000 0.000000 1.000000
0.980654 0.195750 -0.000000 0.145439 -0.195750 0.980654 -0.000000 -0.001120 0.000000 0.000000 1.000000 -0.000039 0.000000 0.000000 0.000000 1.000000
0.980654 0.195750 -0.000000 0.145439 -0.195750 0.980654 -0.000000 -0.001121 0.000000 0.000000 1.000000 -0.000039 0.000000 0.000000 0.000000 1.000000
0.980654 0.195750 -0.000000 0.145440 -0.195750 0.980654 -0.000000 -0.001121 0.000000 0.000000 1.000000 -0.000039 0.000000 0.000000 0.000000 1.000000
0.980654 0.195750 -0.000000 0.145441 -0.195750 0.980654 -0.000000 -0.001121 0.000000 0.000000 1.000000 -0.000039 0.000000 0.000000 0.000000 1.000000
0.980654 0.195750 -0.000000 0.145440 -0.195750 0.980654 -0.000000 -0.001120 0.000000 0.000000 1.000000 -0.000039 0.000000 0.000000 0.000000 1.000000
0.980654 0.195750 -0.000000 0.145440 -0.195750 0.980654 -0.000000 -0.001120 0.000000 0.000000 1.000000 -0.000039 0.000000 0.000000 0.000000 1.000000
0.980654 0.195750 -0.000000 0.145440 -0.195750 0.980654 -0.000000 -0.001121 0.000000 0.000000 1.000000 -0.000039 0.000000 0.000000 0.000000 1.000000
0.980654 0.195750 -0.000000 0.145440 -0.195750 0.980654 -0.000000 -0.001121 0.000000 0.000000 1.000000 -0.000039 0.000000 0.000000 0.000000 1.000000
0.980654 0.195750 -0.000000 0.145440 -0.195750 0.980654 -0.000000 -0.001121 0.000000 0.000000 1.000000 -0.000039 0.000000 0.000000 0.000000 1.000000
0.980654 0.195750 -0.000000 0.145440 -0.195750 0.980654 -0.000000 -0.001121 0.000000 0.000000 1.000000 -0.000038 0.000000 0.000000 0.000000 1.000000
0.980654 0.195750 -0.000000 0.145440 -0.195750 0.980654 -0.000000 -0.001120 0.000000 0.000000 1.000000 -0.000039 0.000000 0.000000 0.000000 1.000000
0.980654 0.195750 -0.000000 0.145440 -0.195750 0.980654 -0.000000 -0.001121 0.000000 0.000000 1.000000 -0.000039 0.000000 0.000000 0.000000 1.000000
0.980654 0.195750 -0.000000 0.145440 -0.195750 0.980654 -0.000000 -0.001121 0.000000 0.000000 1.000000 -0.000039 0.000000 0.000000 0.000000 1.000000
0.980654 0.195750 -0.000000 0.145440 -0.195750 0.980654 -0.000000 -0.001121 0.000000 0.000000 1.000000 -0.000038 0.000000 0.000000 0.000000 1.000000
0.980654 0.195750 -0.000000 0.145440 -0.195750 0.980654 -0.000000 -0.001121 0.000000 0.000000 1.000000 -0.000039 0.000000 0.000000 0.000000 1.000000
0.980654 0.195750 -0.000000 0.145440 -0.195750 0.980654 -0.000000 -0.001121 0.000000 0.000000 1.000000 -0.000039 0.000000 0.000000 0.000000 1.000000
0.980654 0.195750 -0.000000 0.145439 -0.195750 0.980654 -0.000000 -0.001121 0.000000 0.000000 1.000000 -0.000039 0.000000 0.000000 0.000000 1.000000
0.980654 0.195750 -0.000000 0.145440 -0.195750 0.980654 -0.000000 -0.001120 0.000000 0.000000 1.000000 -0.000039 0.000000 0.000000 0.000000 1.000000
0.980654 0.195750 -0.000000 0.145441 -0.195750 0.980654 -0.000000 -0.001121 0.000000 0.000000 1.000000 -0.000040 0.000000 0.000000 0.000000 1.000000
0.980654 0.195750 -0.000000 0.145440 -0.195750 0.980654 -0.000000 -0.001120 0.000000 0.000000 1.000000 -0.000038 0.000000 0.000000 0.000000 1.000000
0.980654 0.195750 -0.000000 0.145440 -0.195750 0.980654 -0.000000 -0.001121 0.000000 0.000000 1.000000 -0.000039 0.000000 0.000000 0.000000 1.000000
0.980654 0.195750 -0.000000 0.145440 -0.195750 0.980654 -0.000000 -0.001121 0.000000 0.000000 1.000000 -0.000039 0.000000 0.000000 0.000000 1.000000
0.980654 0.195750 -0.000000 0.145440 -0.195750 0.980654 -0.000000 -0.001121 0.000000 0.000000 1.000000 -0.000039 0.000000 0.000000 0.000000 1.000000
0.980654 0.195750 -0.000000 0.145440 -0.195750 0.980654 -0.000000 -0.001121 0.000000 0.000000 1.000000 -0.000039 0.000000 0.000000 0.000000 1.000000
0.980654 0.195750 -0.000000 0.145440 -0.195750 0.980654 -0.000000 -0.001121 0.000000 0.000000 1.000000 -0.000039 0.000000 0.000000 0.000000 1.000000
0.980654 0.195750 -0.000000 0.145441 -0.195750 0.980654 -0.000000 -0.001121 0.000000 0.000000 1.000000 -0.000039 0.000000 0.000000 0.000000 1.000000
0.980654 0.195750 -0.000000 0.145440 -0.195750 0.980654 -0.000000 -0.001121 0.000000 0.000000 1.000000 -0.000039 0.000000 0.000000 0.000000 1.000000</float_array>
     <technique_common>
      <accessor source="#jnt_right_handindex2-Matrix-animation-output-transform-array" count="30" stride="16">
       <param type="float4x4"></param>
      </accessor>
     </technique_common>
    </source>
    <source id="jnt_right_handindex2-Interpolations">
     <Name_array id="jnt_right_handindex2-Interpolations-array" count="30">
 LINEAR LINEAR LINEAR LINEAR LINEAR LINEAR LINEAR LINEAR LINEAR LINEAR LINEAR
LINEAR LINEAR LINEAR LINEAR LINEAR LINEAR LINEAR LINEAR LINEAR LINEAR LINEAR LINEAR
LINEAR LINEAR LINEAR LINEAR LINEAR LINEAR LINEAR</Name_array>
     <technique_common>
      <accessor source="#jnt_right_handindex2-Interpolations-array" count="30">
       <param type="name"></param>
      </accessor>
     </technique_common>
    </source>
    <sampler id="jnt_right_handindex2-Matrix-animation-transform">
     <input semantic="INPUT" source="#jnt_right_handindex2-Matrix-animation-input"></input>
     <input semantic="OUTPUT" source="#jnt_right_handindex2-Matrix-animation-output-transform"></input>
     <input semantic="INTERPOLATION" source="#jnt_right_handindex2-Interpolations"></input>
    </sampler>
    <channel source="#jnt_right_handindex2-Matrix-animation-transform" target="jnt_right_handindex2/matrix"></channel>
   </animation>
  </animation>
  <animation id="jnt_right_handindex3-anim" name="jnt_right_handindex3">
   <animation>
    <source id="jnt_right_handindex3-Matrix-animation-input">
     <float_array id="jnt_right_handindex3-Matrix-animation-input-array" count="30">

0.000000 0.033333 0.066667 0.100000 0.133333 0.166667 0.200000 0.233333 0.266667 0.300000 0.333333 0.366667 0.400000 0.433333 0.466667 0.500000
0.533333 0.566667 0.600000 0.633333 0.666667 0.700000 0.733333 0.766667 0.800000 0.833333 0.866667 0.900000 0.933333 0.966667</float_array>
     <technique_common>
      <accessor source="#jnt_right_handindex3-Matrix-animation-input-array" count="30">
       <param name="TIME" type="float"></param>
      </accessor>
     </technique_common>
    </source>
    <source id="jnt_right_handindex3-Matrix-animation-output-transform">
     <float_array id="jnt_right_handindex3-Matrix-animation-output-transform-array" count="480">

0.999666 0.025823 -0.000000 0.093746 -0.025823 0.999667 0.000000 0.000000 0.000000 -0.000000 1.000000 0.000000 0.000000 0.000000 0.000000 1.000000
0.999667 0.025823 -0.000000 0.093746 -0.025823 0.999667 0.000000 0.000000 0.000000 -0.000000 1.000000 0.000000 0.000000 0.000000 0.000000 1.000000
0.999667 0.025823 -0.000000 0.093745 -0.025823 0.999666 0.000000 0.000000 0.000000 -0.000000 1.000000 -0.000000 0.000000 0.000000 0.000000 1.000000
0.999666 0.025823 -0.000000 0.093746 -0.025823 0.999667 0.000000 0.000000 0.000000 -0.000000 1.000000 -0.000000 0.000000 0.000000 0.000000 1.000000
0.999666 0.025823 -0.000000 0.093746 -0.025823 0.999667 0.000000 0.000000 0.000000 -0.000000 1.000000 -0.000000 0.000000 0.000000 0.000000 1.000000
0.999666 0.025823 -0.000000 0.093746 -0.025823 0.999667 0.000000 0.000000 0.000000 -0.000000 1.000000 0.000000 0.000000 0.000000 0.000000 1.000000
0.999667 0.025823 -0.000000 0.093746 -0.025823 0.999667 0.000000 0.000000 0.000000 -0.000000 1.000000 0.000000 0.000000 0.000000 0.000000 1.000000
0.999667 0.025823 -0.000000 0.093745 -0.025823 0.999667 0.000000 0.000000 0.000000 -0.000000 1.000000 -0.000000 0.000000 0.000000 0.000000 1.000000
0.999666 0.025823 -0.000000 0.093746 -0.025823 0.999667 0.000000 0.000000 0.000000 -0.000000 1.000000 0.000001 0.000000 0.000000 0.000000 1.000000
0.999667 0.025823 -0.000000 0.093746 -0.025823 0.999667 0.000000 0.000000 0.000000 -0.000000 1.000000 0.000000 0.000000 0.000000 0.000000 1.000000
0.999667 0.025823 -0.000000 0.093746 -0.025823 0.999667 0.000000 0.000000 0.000000 -0.000000 1.000000 -0.000000 0.000000 0.000000 0.000000 1.000000
0.999667 0.025823 -0.000000 0.093746 -0.025823 0.999667 0.000000 0.000000 0.000000 -0.000000 1.000000 -0.000001 0.000000 0.000000 0.000000 1.000000
0.999666 0.025823 -0.000000 0.093746 -0.025823 0.999667 0.000000 0.000000 0.000000 -0.000000 1.000000 -0.000000 0.000000 0.000000 0.000000 1.000000
0.999667 0.025823 -0.000000 0.093746 -0.025823 0.999667 0.000000 0.000000 0.000000 -0.000000 1.000000 -0.000001 0.000000 0.000000 0.000000 1.000000
0.999667 0.025823 -0.000000 0.093746 -0.025823 0.999666 0.000000 0.000000 0.000000 -0.000000 1.000000 -0.000000 0.000000 0.000000 0.000000 1.000000
0.999666 0.025823 -0.000000 0.093746 -0.025823 0.999666 0.000000 -0.000000 0.000000 -0.000000 1.000000 -0.000000 0.000000 0.000000 0.000000 1.000000
0.999666 0.025823 -0.000000 0.093746 -0.025823 0.999667 0.000000 0.000000 0.000000 -0.000000 1.000000 0.000000 0.000000 0.000000 0.000000 1.000000
0.999666 0.025823 -0.000000 0.093747 -0.025823 0.999667 0.000000 -0.000000 0.000000 -0.000000 1.000000 -0.000000 0.000000 0.000000 0.000000 1.000000
0.999666 0.025823 -0.000000 0.093746 -0.025823 0.999667 0.000000 0.000000 0.000000 -0.000000 1.000000 -0.000001 0.000000 0.000000 0.000000 1.000000
0.999667 0.025823 -0.000000 0.093746 -0.025823 0.999667 0.000000 0.000000 0.000000 -0.000000 1.000000 -0.000000 0.000000 0.000000 0.000000 1.000000
0.999667 0.025823 -0.000000 0.093746 -0.025823 0.999667 0.000000 0.000000 0.000000 -0.000000 1.000000 -0.000000 0.000000 0.000000 0.000000 1.000000
0.999666 0.025823 -0.000000 0.093746 -0.025823 0.999666 0.000000 -0.000000 0.000000 -0.000000 1.000000 -0.000000 0.000000 0.000000 0.000000 1.000000
0.999667 0.025823 -0.000000 0.093746 -0.025823 0.999667 0.000000 0.000000 0.000000 -0.000000 1.000000 -0.000000 0.000000 0.000000 0.000000 1.000000
0.999667 0.025823 -0.000000 0.093746 -0.025823 0.999667 0.000000 0.000000 0.000000 -0.000000 1.000000 -0.000000 0.000000 0.000000 0.000000 1.000000
0.999667 0.025823 -0.000000 0.093746 -0.025823 0.999667 0.000000 0.000000 0.000000 -0.000000 1.000000 -0.000000 0.000000 0.000000 0.000000 1.000000
0.999667 0.025823 -0.000000 0.093745 -0.025823 0.999667 0.000000 0.000000 0.000000 -0.000000 1.000000 0.000000 0.000000 0.000000 0.000000 1.000000
0.999666 0.025823 -0.000000 0.093746 -0.025823 0.999667 0.000000 0.000000 0.000000 -0.000000 1.000000 -0.000000 0.000000 0.000000 0.000000 1.000000
0.999667 0.025823 -0.000000 0.093745 -0.025823 0.999667 0.000000 -0.000000 0.000000 -0.000000 1.000000 -0.000000 0.000000 0.000000 0.000000 1.000000
0.999667 0.025823 -0.000000 0.093746 -0.025823 0.999667 0.000000 0.000000 0.000000 -0.000000 1.000000 -0.000001 0.000000 0.000000 0.000000 1.000000
0.999667 0.025823 -0.000000 0.093747 -0.025823 0.999667 0.000000 0.000000 0.000000 -0.000000 1.000000 0.000000 0.000000 0.000000 0.000000 1.000000</float_array>
     <technique_common>
      <accessor source="#jnt_right_handindex3-Matrix-animation-output-transform-array" count="30" stride="16">
       <param type="float4x4"></param>
      </accessor>
     </technique_common>
    </source>
    <source id="jnt_right_handindex3-Interpolations">
     <Name_array id="jnt_right_handindex3-Interpolations-array" count="30">
 LINEAR LINEAR LINEAR LINEAR LINEAR LINEAR LINEAR LINEAR LINEAR LINEAR LINEAR
LINEAR LINEAR LINEAR LINEAR LINEAR LINEAR LINEAR LINEAR LINEAR LINEAR LINEAR LINEAR
LINEAR LINEAR LINEAR LINEAR LINEAR LINEAR LINEAR</Name_array>
     <technique_common>
      <accessor source="#jnt_right_handindex3-Interpolations-array" count="30">
       <param type="name"></param>
      </accessor>
     </technique_common>
    </source>
    <sampler id="jnt_right_handindex3-Matrix-animation-transform">
     <input semantic="INPUT" source="#jnt_right_handindex3-Matrix-animation-input"></input>
     <input semantic="OUTPUT" source="#jnt_right_handindex3-Matrix-animation-output-transform"></input>
     <input semantic="INTERPOLATION" source="#jnt_right_handindex3-Interpolations"></input>
    </sampler>
    <channel source="#jnt_right_handindex3-Matrix-animation-transform" target="jnt_right_handindex3/matrix"></channel>
   </animation>
  </animation>
  <animation id="jnt_right_handindex4-anim" name="jnt_right_handindex4">
   <animation>
    <source id="jnt_right_handindex4-Matrix-animation-input">
     <float_array id="jnt_right_handindex4-Matrix-animation-input-array" count="30">

0.000000 0.033333 0.066667 0.100000 0.133333 0.166667 0.200000 0.233333 0.266667 0.300000 0.333333 0.366667 0.400000 0.433333 0.466667 0.500000
0.533333 0.566667 0.600000 0.633333 0.666667 0.700000 0.733333 0.766667 0.800000 0.833333 0.866667 0.900000 0.933333 0.966667</float_array>
     <technique_common>
      <accessor source="#jnt_right_handindex4-Matrix-animation-input-array" count="30">
       <param name="TIME" type="float"></param>
      </accessor>
     </technique_common>
    </source>
    <source id="jnt_right_handindex4-Matrix-animation-output-transform">
     <float_array id="jnt_right_handindex4-Matrix-animation-output-transform-array" count="480">

1.000000 0.000000 0.000000 0.107088 -0.000000 1.000000 0.000000 -0.000052 -0.000000 -0.000000 1.000000 0.001503 0.000000 0.000000 0.000000 1.000000
1.000000 0.000000 0.000000 0.107088 -0.000000 1.000000 -0.000000 -0.000052 -0.000000 0.000000 1.000000 0.001503 0.000000 0.000000 0.000000 1.000000
1.000000 -0.000000 -0.000000 0.107088 0.000000 1.000000 0.000000 -0.000052 0.000000 -0.000000 1.000000 0.001503 0.000000 0.000000 0.000000 1.000000
1.000000 0.000000 -0.000000 0.107088 -0.000000 1.000000 0.000000 -0.000052 0.000000 -0.000000 1.000000 0.001503 0.000000 0.000000 0.000000 1.000000
1.000000 -0.000000 0.000000 0.107088 0.000000 1.000000 0.000000 -0.000052 -0.000000 -0.000000 1.000000 0.001503 0.000000 0.000000 0.000000 1.000000
1.000000 0.000000 -0.000000 0.107088 -0.000000 1.000000 0.000000 -0.000052 0.000000 -0.000000 1.000000 0.001503 0.000000 0.000000 0.000000 1.000000
1.000000 -0.000000 0.000000 0.107088 0.000000 1.000000 -0.000000 -0.000052 -0.000000 0.000000 1.000000 0.001503 0.000000 0.000000 0.000000 1.000000
1.000000 0.000000 -0.000000 0.107088 -0.000000 1.000000 0.000000 -0.000052 0.000000 -0.000000 1.000000 0.001503 0.000000 0.000000 0.000000 1.000000
1.000000 0.000000 -0.000000 0.107088 -0.000000 1.000000 0.000000 -0.000052 0.000000 -0.000000 1.000000 0.001503 0.000000 0.000000 0.000000 1.000000
1.000000 0.000000 0.000000 0.107088 -0.000000 1.000000 0.000000 -0.000052 -0.000000 -0.000000 1.000000 0.001503 0.000000 0.000000 0.000000 1.000000
1.000000 -0.000000 0.000000 0.107088 0.000000 1.000000 -0.000000 -0.000052 -0.000000 0.000000 1.000000 0.001503 0.000000 0.000000 0.000000 1.000000
1.000000 -0.000000 0.000000 0.107088 0.000000 1.000000 -0.000000 -0.000052 -0.000000 0.000000 1.000000 0.001503 0.000000 0.000000 0.000000 1.000000
1.000000 -0.000000 -0.000000 0.107088 0.000000 1.000000 -0.000000 -0.000052 0.000000 0.000000 1.000000 0.001503 0.000000 0.000000 0.000000 1.000000
1.000000 -0.000000 0.000000 0.107088 0.000000 1.000000 -0.000000 -0.000052 -0.000000 0.000000 1.000000 0.001503 0.000000 0.000000 0.000000 1.000000
1.000000 0.000000 -0.000000 0.107088 -0.000000 1.000000 0.000000 -0.000052 0.000000 -0.000000 1.000000 0.001503 0.000000 0.000000 0.000000 1.000000
1.000000 0.000000 0.000000 0.107088 -0.000000 1.000000 -0.000000 -0.000052 -0.000000 0.000000 1.000000 0.001503 0.000000 0.000000 0.000000 1.000000
1.000000 -0.000000 -0.000000 0.107088 0.000000 1.000000 -0.000000 -0.000052 0.000000 0.000000 1.000000 0.001503 0.000000 0.000000 0.000000 1.000000
1.000000 0.000000 -0.000000 0.107088 -0.000000 1.000000 -0.000000 -0.000052 0.000000 0.000000 1.000000 0.001503 0.000000 0.000000 0.000000 1.000000
1.000000 0.000000 -0.000000 0.107088 -0.000000 1.000000 -0.000000 -0.000052 0.000000 0.000000 1.000000 0.001503 0.000000 0.000000 0.000000 1.000000
1.000000 0.000000 -0.000000 0.107088 -0.000000 1.000000 -0.000000 -0.000052 0.000000 0.000000 1.000000 0.001503 0.000000 0.000000 0.000000 1.000000
1.000000 -0.000000 0.000000 0.107088 0.000000 1.000000 -0.000000 -0.000052 -0.000000 0.000000 1.000000 0.001503 0.000000 0.000000 0.000000 1.000000
1.000000 -0.000000 -0.000000 0.107088 0.000000 1.000000 -0.000000 -0.000052 0.000000 0.000000 1.000000 0.001503 0.000000 0.000000 0.000000 1.000000
1.000000 -0.000000 0.000000 0.107088 0.000000 1.000000 -0.000000 -0.000052 -0.000000 0.000000 1.000000 0.001503 0.000000 0.000000 0.000000 1.000000
1.000000 -0.000000 0.000000 0.107088 0.000000 1.000000 -0.000000 -0.000052 -0.000000 0.000000 1.000000 0.001503 0.000000 0.000000 0.000000 1.000000
1.000000 -0.000000 0.000000 0.107088 0.000000 1.000000 0.000000 -0.000052 -0.000000 -0.000000 1.000000 0.001503 0.000000 0.000000 0.000000 1.000000
1.000000 -0.000000 0.000000 0.107088 0.000000 1.000000 -0.000000 -0.000052 -0.000000 0.000000 1.000000 0.001503 0.000000 0.000000 0.000000 1.000000
1.000000 0.000000 -0.000000 0.107088 -0.000000 1.000000 -0.000000 -0.000052 0.000000 0.000000 1.000000 0.001503 0.000000 0.000000 0.000000 1.000000
1.000000 0.000000 -0.000000 0.107088 -0.000000 1.000000 -0.000000 -0.000052 0.000000 0.000000 1.000000 0.001503 0.000000 0.000000 0.000000 1.000000
1.000000 -0.000000 -0.000000 0.107088 0.000000 1.000000 -0.000000 -0.000052 0.000000 0.000000 1.000000 0.001503 0.000000 0.000000 0.000000 1.000000
1.000000 0.000000 0.000000 0.107088 -0.000000 1.000000 0.000000 -0.000052 -0.000000 -0.000000 1.000000 0.001503 0.000000 0.000000 0.000000 1.000000</float_array>
     <technique_common>
      <accessor source="#jnt_right_handindex4-Matrix-animation-output-transform-array" count="30" stride="16">
       <param type="float4x4"></param>
      </accessor>
     </technique_common>
    </source>
    <source id="jnt_right_handindex4-Interpolations">
     <Name_array id="jnt_right_handindex4-Interpolations-array" count="30">
 LINEAR LINEAR LINEAR LINEAR LINEAR LINEAR LINEAR LINEAR LINEAR LINEAR LINEAR
LINEAR LINEAR LINEAR LINEAR LINEAR LINEAR LINEAR LINEAR LINEAR LINEAR LINEAR LINEAR
LINEAR LINEAR LINEAR LINEAR LINEAR LINEAR LINEAR</Name_array>
     <technique_common>
      <accessor source="#jnt_right_handindex4-Interpolations-array" count="30">
       <param type="name"></param>
      </accessor>
     </technique_common>
    </source>
    <sampler id="jnt_right_handindex4-Matrix-animation-transform">
     <input semantic="INPUT" source="#jnt_right_handindex4-Matrix-animation-input"></input>
     <input semantic="OUTPUT" source="#jnt_right_handindex4-Matrix-animation-output-transform"></input>
     <input semantic="INTERPOLATION" source="#jnt_right_handindex4-Interpolations"></input>
    </sampler>
    <channel source="#jnt_right_handindex4-Matrix-animation-transform" target="jnt_right_handindex4/matrix"></channel>
   </animation>
  </animation>
  <animation id="jnt_right_weapon-anim" name="jnt_right_weapon">
   <animation>
    <source id="jnt_right_weapon-Matrix-animation-input">
     <float_array id="jnt_right_weapon-Matrix-animation-input-array" count="30">

0.000000 0.033333 0.066667 0.100000 0.133333 0.166667 0.200000 0.233333 0.266667 0.300000 0.333333 0.366667 0.400000 0.433333 0.466667 0.500000
0.533333 0.566667 0.600000 0.633333 0.666667 0.700000 0.733333 0.766667 0.800000 0.833333 0.866667 0.900000 0.933333 0.966667</float_array>
     <technique_common>
      <accessor source="#jnt_right_weapon-Matrix-animation-input-array" count="30">
       <param name="TIME" type="float"></param>
      </accessor>
     </technique_common>
    </source>
    <source id="jnt_right_weapon-Matrix-animation-output-transform">
     <float_array id="jnt_right_weapon-Matrix-animation-output-transform-array" count="480">

-0.236786 -0.111367 0.965158 0.408330 0.102325 0.985025 0.138763 0.002724 -0.966158 0.131617 -0.221844 -0.174393 0.000000 0.000000 0.000000 1.000000
-0.236786 -0.111367 0.965158 0.408330 0.102326 0.985025 0.138763 0.002724 -0.966158 0.131617 -0.221845 -0.174393 0.000000 0.000000 0.000000 1.000000
-0.236786 -0.111367 0.965158 0.408330 0.102326 0.985025 0.138763 0.002724 -0.966158 0.131617 -0.221844 -0.174393 0.000000 0.000000 0.000000 1.000000
-0.236786 -0.111367 0.965158 0.408330 0.102326 0.985025 0.138763 0.002724 -0.966158 0.131617 -0.221844 -0.174393 0.000000 0.000000 0.000000 1.000000
-0.236786 -0.111367 0.965158 0.408330 0.102325 0.985025 0.138763 0.002724 -0.966158 0.131617 -0.221844 -0.174393 0.000000 0.000000 0.000000 1.000000
-0.236786 -0.111367 0.965158 0.408330 0.102326 0.985025 0.138763 0.002724 -0.966158 0.131617 -0.221844 -0.174393 0.000000 0.000000 0.000000 1.000000
-0.236786 -0.111367 0.965158 0.408330 0.102326 0.985025 0.138763 0.002724 -0.966158 0.131617 -0.221844 -0.174393 0.000000 0.000000 0.000000 1.000000
-0.236786 -0.111367 0.965158 0.408330 0.102326 0.985025 0.138763 0.002724 -0.966158 0.131617 -0.221844 -0.174393 0.000000 0.000000 0.000000 1.000000
-0.236786 -0.111367 0.965158 0.408330 0.102326 0.985025 0.138763 0.002724 -0.966158 0.131617 -0.221844 -0.174393 0.000000 0.000000 0.000000 1.000000
-0.236786 -0.111367 0.965158 0.408330 0.102326 0.985025 0.138763 0.002724 -0.966158 0.131617 -0.221844 -0.174393 0.000000 0.000000 0.000000 1.000000
-0.236786 -0.111367 0.965158 0.408330 0.102326 0.985025 0.138763 0.002724 -0.966158 0.131617 -0.221844 -0.174393 0.000000 0.000000 0.000000 1.000000
-0.236786 -0.111367 0.965158 0.408330 0.102326 0.985025 0.138763 0.002724 -0.966158 0.131617 -0.221844 -0.174393 0.000000 0.000000 0.000000 1.000000
-0.236786 -0.111367 0.965158 0.408330 0.102326 0.985025 0.138763 0.002724 -0.966158 0.131617 -0.221844 -0.174393 0.000000 0.000000 0.000000 1.000000
-0.236786 -0.111367 0.965158 0.408330 0.102326 0.985025 0.138763 0.002724 -0.966158 0.131617 -0.221844 -0.174393 0.000000 0.000000 0.000000 1.000000
-0.236786 -0.111367 0.965158 0.408330 0.102326 0.985025 0.138763 0.002724 -0.966158 0.131617 -0.221844 -0.174393 0.000000 0.000000 0.000000 1.000000
-0.236786 -0.111367 0.965158 0.408330 0.102326 0.985025 0.138763 0.002724 -0.966158 0.131617 -0.221844 -0.174393 0.000000 0.000000 0.000000 1.000000
-0.236786 -0.111367 0.965158 0.408330 0.102326 0.985025 0.138763 0.002724 -0.966158 0.131617 -0.221844 -0.174393 0.000000 0.000000 0.000000 1.000000
-0.236786 -0.111367 0.965158 0.408330 0.102325 0.985025 0.138763 0.002724 -0.966158 0.131617 -0.221844 -0.174393 0.000000 0.000000 0.000000 1.000000
-0.236786 -0.111367 0.965158 0.408330 0.102326 0.985025 0.138763 0.002724 -0.966158 0.131617 -0.221844 -0.174393 0.000000 0.000000 0.000000 1.000000
-0.236786 -0.111367 0.965158 0.408330 0.102326 0.985025 0.138763 0.002724 -0.966158 0.131617 -0.221844 -0.174393 0.000000 0.000000 0.000000 1.000000
-0.236786 -0.111367 0.965158 0.408330 0.102326 0.985025 0.138763 0.002724 -0.966158 0.131617 -0.221844 -0.174393 0.000000 0.000000 0.000000 1.000000
-0.236786 -0.111367 0.965158 0.408330 0.102326 0.985025 0.138763 0.002725 -0.966158 0.131617 -0.221844 -0.174393 0.000000 0.000000 0.000000 1.000000
-0.236786 -0.111367 0.965158 0.408330 0.102325 0.985025 0.138763 0.002724 -0.966158 0.131617 -0.221844 -0.174393 0.000000 0.000000 0.000000 1.000000
-0.236786 -0.111367 0.965158 0.408330 0.102326 0.985025 0.138763 0.002725 -0.966158 0.131617 -0.221844 -0.174393 0.000000 0.000000 0.000000 1.000000
-0.236786 -0.111367 0.965158 0.408330 0.102326 0.985025 0.138763 0.002724 -0.966158 0.131617 -0.221844 -0.174393 0.000000 0.000000 0.000000 1.000000
-0.236786 -0.111367 0.965158 0.408330 0.102326 0.985025 0.138763 0.002724 -0.966158 0.131617 -0.221844 -0.174393 0.000000 0.000000 0.000000 1.000000
-0.236786 -0.111367 0.965158 0.408330 0.102326 0.985025 0.138763 0.002724 -0.966158 0.131617 -0.221844 -0.174393 0.000000 0.000000 0.000000 1.000000
-0.236786 -0.111367 0.965158 0.408330 0.102326 0.985025 0.138763 0.002724 -0.966158 0.131617 -0.221844 -0.174393 0.000000 0.000000 0.000000 1.000000
-0.236786 -0.111367 0.965158 0.408330 0.102326 0.985025 0.138763 0.002724 -0.966158 0.131617 -0.221844 -0.174393 0.000000 0.000000 0.000000 1.000000
-0.236786 -0.111367 0.965158 0.408330 0.102326 0.985025 0.138763 0.002724 -0.966158 0.131617 -0.221844 -0.174393 0.000000 0.000000 0.000000 1.000000</float_array>
     <technique_common>
      <accessor source="#jnt_right_weapon-Matrix-animation-output-transform-array" count="30" stride="16">
       <param type="float4x4"></param>
      </accessor>
     </technique_common>
    </source>
    <source id="jnt_right_weapon-Interpolations">
     <Name_array id="jnt_right_weapon-Interpolations-array" count="30">
 LINEAR LINEAR LINEAR LINEAR LINEAR LINEAR LINEAR LINEAR LINEAR LINEAR LINEAR
LINEAR LINEAR LINEAR LINEAR LINEAR LINEAR LINEAR LINEAR LINEAR LINEAR LINEAR LINEAR
LINEAR LINEAR LINEAR LINEAR LINEAR LINEAR LINEAR</Name_array>
     <technique_common>
      <accessor source="#jnt_right_weapon-Interpolations-array" count="30">
       <param type="name"></param>
      </accessor>
     </technique_common>
    </source>
    <sampler id="jnt_right_weapon-Matrix-animation-transform">
     <input semantic="INPUT" source="#jnt_right_weapon-Matrix-animation-input"></input>
     <input semantic="OUTPUT" source="#jnt_right_weapon-Matrix-animation-output-transform"></input>
     <input semantic="INTERPOLATION" source="#jnt_right_weapon-Interpolations"></input>
    </sampler>
    <channel source="#jnt_right_weapon-Matrix-animation-transform" target="jnt_right_weapon/matrix"></channel>
   </animation>
  </animation>
  <animation id="jnt_right_handmiddle1-anim" name="jnt_right_handmiddle1">
   <animation>
    <source id="jnt_right_handmiddle1-Matrix-animation-input">
     <float_array id="jnt_right_handmiddle1-Matrix-animation-input-array" count="30">

0.000000 0.033333 0.066667 0.100000 0.133333 0.166667 0.200000 0.233333 0.266667 0.300000 0.333333 0.366667 0.400000 0.433333 0.466667 0.500000
0.533333 0.566667 0.600000 0.633333 0.666667 0.700000 0.733333 0.766667 0.800000 0.833333 0.866667 0.900000 0.933333 0.966667</float_array>
     <technique_common>
      <accessor source="#jnt_right_handmiddle1-Matrix-animation-input-array" count="30">
       <param name="TIME" type="float"></param>
      </accessor>
     </technique_common>
    </source>
    <source id="jnt_right_handmiddle1-Matrix-animation-output-transform">
     <float_array id="jnt_right_handmiddle1-Matrix-animation-output-transform-array" count="480">

0.368560 0.925868 -0.083257 0.489245 -0.066291 -0.063157 -0.995799 0.062066 -0.927237 0.372531 0.038099 0.036303 0.000000 0.000000 0.000000 1.000000
0.368560 0.925868 -0.083257 0.489245 -0.066291 -0.063157 -0.995800 0.062066 -0.927237 0.372531 0.038099 0.036303 0.000000 0.000000 0.000000 1.000000
0.368560 0.925868 -0.083256 0.489245 -0.066291 -0.063156 -0.995800 0.062066 -0.927237 0.372531 0.038099 0.036303 0.000000 0.000000 0.000000 1.000000
0.368560 0.925868 -0.083256 0.489245 -0.066291 -0.063157 -0.995799 0.062066 -0.927237 0.372531 0.038099 0.036302 0.000000 0.000000 0.000000 1.000000
0.368560 0.925868 -0.083256 0.489245 -0.066291 -0.063156 -0.995800 0.062067 -0.927237 0.372531 0.038100 0.036303 0.000000 0.000000 0.000000 1.000000
0.368560 0.925868 -0.083257 0.489245 -0.066291 -0.063157 -0.995799 0.062066 -0.927237 0.372531 0.038099 0.036302 0.000000 0.000000 0.000000 1.000000
0.368560 0.925868 -0.083257 0.489245 -0.066291 -0.063157 -0.995799 0.062067 -0.927237 0.372531 0.038099 0.036303 0.000000 0.000000 0.000000 1.000000
0.368560 0.925868 -0.083257 0.489245 -0.066291 -0.063157 -0.995799 0.062066 -0.927237 0.372531 0.038099 0.036303 0.000000 0.000000 0.000000 1.000000
0.368560 0.925868 -0.083257 0.489245 -0.066291 -0.063157 -0.995799 0.062065 -0.927237 0.372531 0.038099 0.036303 0.000000 0.000000 0.000000 1.000000
0.368560 0.925868 -0.083257 0.489245 -0.066291 -0.063157 -0.995800 0.062065 -0.927237 0.372531 0.038099 0.036303 0.000000 0.000000 0.000000 1.000000
0.368560 0.925868 -0.083257 0.489245 -0.066291 -0.063157 -0.995800 0.062066 -0.927237 0.372531 0.038099 0.036302 0.000000 0.000000 0.000000 1.000000
0.368560 0.925868 -0.083257 0.489245 -0.066291 -0.063157 -0.995800 0.062066 -0.927237 0.372531 0.038099 0.036303 0.000000 0.000000 0.000000 1.000000
0.368560 0.925868 -0.083257 0.489245 -0.066291 -0.063157 -0.995800 0.062067 -0.927237 0.372531 0.038099 0.036303 0.000000 0.000000 0.000000 1.000000
0.368560 0.925868 -0.083256 0.489245 -0.066291 -0.063157 -0.995799 0.062066 -0.927237 0.372531 0.038099 0.036303 0.000000 0.000000 0.000000 1.000000
0.368560 0.925868 -0.083257 0.489245 -0.066291 -0.063157 -0.995799 0.062066 -0.927237 0.372531 0.038099 0.036303 0.000000 0.000000 0.000000 1.000000
0.368560 0.925868 -0.083256 0.489245 -0.066291 -0.063156 -0.995799 0.062066 -0.927237 0.372531 0.038099 0.036303 0.000000 0.000000 0.000000 1.000000
0.368560 0.925868 -0.083257 0.489245 -0.066291 -0.063157 -0.995800 0.062066 -0.927237 0.372531 0.038099 0.036303 0.000000 0.000000 0.000000 1.000000
0.368560 0.925868 -0.083257 0.489245 -0.066291 -0.063157 -0.995800 0.062065 -0.927237 0.372531 0.038099 0.036303 0.000000 0.000000 0.000000 1.000000
0.368560 0.925868 -0.083257 0.489245 -0.066291 -0.063157 -0.995800 0.062067 -0.927237 0.372531 0.038099 0.036302 0.000000 0.000000 0.000000 1.000000
0.368560 0.925868 -0.083257 0.489245 -0.066290 -0.063157 -0.995800 0.062066 -0.927237 0.372531 0.038099 0.036302 0.000000 0.000000 0.000000 1.000000
0.368560 0.925868 -0.083257 0.489245 -0.066291 -0.063157 -0.995799 0.062066 -0.927237 0.372531 0.038099 0.036303 0.000000 0.000000 0.000000 1.000000
0.368560 0.925868 -0.083256 0.489245 -0.066291 -0.063157 -0.995799 0.062067 -0.927237 0.372531 0.038099 0.036303 0.000000 0.000000 0.000000 1.000000
0.368560 0.925868 -0.083257 0.489245 -0.066291 -0.063157 -0.995799 0.062065 -0.927237 0.372531 0.038099 0.036303 0.000000 0.000000 0.000000 1.000000
0.368560 0.925868 -0.083257 0.489245 -0.066291 -0.063157 -0.995800 0.062067 -0.927237 0.372531 0.038099 0.036303 0.000000 0.000000 0.000000 1.000000
0.368560 0.925868 -0.083256 0.489245 -0.066291 -0.063157 -0.995800 0.062065 -0.927237 0.372531 0.038099 0.036303 0.000000 0.000000 0.000000 1.000000
0.368560 0.925868 -0.083257 0.489245 -0.066291 -0.063157 -0.995799 0.062066 -0.927237 0.372531 0.038099 0.036303 0.000000 0.000000 0.000000 1.000000
0.368560 0.925868 -0.083257 0.489245 -0.066291 -0.063157 -0.995799 0.062065 -0.927237 0.372531 0.038099 0.036303 0.000000 0.000000 0.000000 1.000000
0.368560 0.925868 -0.083257 0.489245 -0.066291 -0.063157 -0.995799 0.062066 -0.927237 0.372531 0.038099 0.036303 0.000000 0.000000 0.000000 1.000000
0.368560 0.925868 -0.083257 0.489245 -0.066291 -0.063157 -0.995799 0.062066 -0.927237 0.372531 0.038099 0.036303 0.000000 0.000000 0.000000 1.000000
0.368560 0.925868 -0.083256 0.489245 -0.066291 -0.063156 -0.995799 0.062065 -0.927237 0.372531 0.038099 0.036303 0.000000 0.000000 0.000000 1.000000</float_array>
     <technique_common>
      <accessor source="#jnt_right_handmiddle1-Matrix-animation-output-transform-array" count="30" stride="16">
       <param type="float4x4"></param>
      </accessor>
     </technique_common>
    </source>
    <source id="jnt_right_handmiddle1-Interpolations">
     <Name_array id="jnt_right_handmiddle1-Interpolations-array" count="30">
 LINEAR LINEAR LINEAR LINEAR LINEAR LINEAR LINEAR LINEAR LINEAR LINEAR LINEAR
LINEAR LINEAR LINEAR LINEAR LINEAR LINEAR LINEAR LINEAR LINEAR LINEAR LINEAR LINEAR
LINEAR LINEAR LINEAR LINEAR LINEAR LINEAR LINEAR</Name_array>
     <technique_common>
      <accessor source="#jnt_right_handmiddle1-Interpolations-array" count="30">
       <param type="name"></param>
      </accessor>
     </technique_common>
    </source>
    <sampler id="jnt_right_handmiddle1-Matrix-animation-transform">
     <input semantic="INPUT" source="#jnt_right_handmiddle1-Matrix-animation-input"></input>
     <input semantic="OUTPUT" source="#jnt_right_handmiddle1-Matrix-animation-output-transform"></input>
     <input semantic="INTERPOLATION" source="#jnt_right_handmiddle1-Interpolations"></input>
    </sampler>
    <channel source="#jnt_right_handmiddle1-Matrix-animation-transform" target="jnt_right_handmiddle1/matrix"></channel>
   </animation>
  </animation>
  <animation id="jnt_right_handmiddle2-anim" name="jnt_right_handmiddle2">
   <animation>
    <source id="jnt_right_handmiddle2-Matrix-animation-input">
     <float_array id="jnt_right_handmiddle2-Matrix-animation-input-array" count="30">

0.000000 0.033333 0.066667 0.100000 0.133333 0.166667 0.200000 0.233333 0.266667 0.300000 0.333333 0.366667 0.400000 0.433333 0.466667 0.500000
0.533333 0.566667 0.600000 0.633333 0.666667 0.700000 0.733333 0.766667 0.800000 0.833333 0.866667 0.900000 0.933333 0.966667</float_array>
     <technique_common>
      <accessor source="#jnt_right_handmiddle2-Matrix-animation-input-array" count="30">
       <param name="TIME" type="float"></param>
      </accessor>
     </technique_common>
    </source>
    <source id="jnt_right_handmiddle2-Matrix-animation-output-transform">
     <float_array id="jnt_right_handmiddle2-Matrix-animation-output-transform-array" count="480">

0.739923 0.672691 -0.000000 0.176685 -0.672692 0.739923 -0.000000 0.000000 0.000000 0.000000 1.000000 -0.000000 0.000000 0.000000 0.000000 1.000000
0.739923 0.672692 -0.000000 0.176685 -0.672692 0.739923 -0.000000 0.000001 0.000000 0.000000 1.000000 0.000000 0.000000 0.000000 0.000000 1.000000
0.739923 0.672691 -0.000000 0.176685 -0.672691 0.739923 -0.000000 0.000001 0.000000 0.000000 1.000000 0.000000 0.000000 0.000000 0.000000 1.000000
0.739923 0.672691 -0.000000 0.176685 -0.672691 0.739923 -0.000000 0.000000 0.000000 0.000000 1.000000 -0.000000 0.000000 0.000000 0.000000 1.000000
0.739923 0.672691 -0.000000 0.176685 -0.672691 0.739923 -0.000000 0.000001 0.000000 0.000000 1.000000 0.000000 0.000000 0.000000 0.000000 1.000000
0.739923 0.672691 -0.000000 0.176686 -0.672691 0.739923 -0.000000 0.000000 0.000000 0.000000 1.000000 0.000000 0.000000 0.000000 0.000000 1.000000
0.739923 0.672691 -0.000000 0.176685 -0.672691 0.739923 -0.000000 0.000001 0.000000 0.000000 1.000000 -0.000000 0.000000 0.000000 0.000000 1.000000
0.739923 0.672691 -0.000000 0.176685 -0.672691 0.739923 -0.000000 0.000000 0.000000 0.000000 1.000000 -0.000000 0.000000 0.000000 0.000000 1.000000
0.739923 0.672691 -0.000000 0.176685 -0.672691 0.739923 -0.000000 0.000001 0.000000 0.000000 1.000000 0.000000 0.000000 0.000000 0.000000 1.000000
0.739923 0.672691 -0.000000 0.176685 -0.672691 0.739923 -0.000000 0.000001 0.000000 0.000000 1.000000 -0.000000 0.000000 0.000000 0.000000 1.000000
0.739923 0.672691 -0.000000 0.176685 -0.672691 0.739923 -0.000000 0.000001 0.000000 0.000000 1.000000 -0.000000 0.000000 0.000000 0.000000 1.000000
0.739923 0.672691 -0.000000 0.176685 -0.672691 0.739923 -0.000000 0.000001 0.000000 0.000000 1.000000 -0.000001 0.000000 0.000000 0.000000 1.000000
0.739923 0.672691 -0.000000 0.176685 -0.672691 0.739923 -0.000000 0.000001 0.000000 0.000000 1.000000 -0.000001 0.000000 0.000000 0.000000 1.000000
0.739923 0.672691 -0.000000 0.176685 -0.672692 0.739923 -0.000000 0.000001 0.000000 0.000000 1.000000 -0.000000 0.000000 0.000000 0.000000 1.000000
0.739923 0.672691 -0.000000 0.176685 -0.672691 0.739923 -0.000000 0.000000 0.000000 0.000000 1.000000 -0.000001 0.000000 0.000000 0.000000 1.000000
0.739923 0.672691 -0.000000 0.176685 -0.672692 0.739923 -0.000000 0.000001 0.000000 0.000000 1.000000 0.000000 0.000000 0.000000 0.000000 1.000000
0.739923 0.672691 -0.000000 0.176685 -0.672692 0.739923 -0.000000 0.000001 0.000000 0.000000 1.000000 0.000001 0.000000 0.000000 0.000000 1.000000
0.739923 0.672691 -0.000000 0.176685 -0.672692 0.739923 -0.000000 0.000001 0.000000 0.000000 1.000000 -0.000000 0.000000 0.000000 0.000000 1.000000
0.739923 0.672691 -0.000000 0.176685 -0.672691 0.739923 -0.000000 0.000000 0.000000 0.000000 1.000000 -0.000000 0.000000 0.000000 0.000000 1.000000
0.739923 0.672691 -0.000000 0.176685 -0.672691 0.739923 -0.000000 0.000001 0.000000 0.000000 1.000000 -0.000000 0.000000 0.000000 0.000000 1.000000
0.739923 0.672691 -0.000000 0.176685 -0.672691 0.739923 -0.000000 0.000001 0.000000 0.000000 1.000000 0.000001 0.000000 0.000000 0.000000 1.000000
0.739923 0.672691 -0.000000 0.176685 -0.672692 0.739923 -0.000000 0.000000 0.000000 0.000000 1.000000 -0.000000 0.000000 0.000000 0.000000 1.000000
0.739923 0.672691 -0.000000 0.176685 -0.672691 0.739923 -0.000000 0.000001 0.000000 0.000000 1.000000 0.000000 0.000000 0.000000 0.000000 1.000000
0.739923 0.672692 -0.000000 0.176685 -0.672692 0.739923 -0.000000 0.000001 0.000000 0.000000 1.000000 -0.000000 0.000000 0.000000 0.000000 1.000000
0.739923 0.672691 -0.000000 0.176685 -0.672691 0.739923 -0.000000 0.000001 0.000000 0.000000 1.000000 -0.000001 0.000000 0.000000 0.000000 1.000000
0.739923 0.672691 -0.000000 0.176685 -0.672691 0.739923 -0.000000 0.000000 0.000000 0.000000 1.000000 -0.000000 0.000000 0.000000 0.000000 1.000000
0.739923 0.672691 -0.000000 0.176685 -0.672691 0.739923 -0.000000 0.000001 0.000000 0.000000 1.000000 0.000000 0.000000 0.000000 0.000000 1.000000
0.739923 0.672691 -0.000000 0.176685 -0.672691 0.739923 -0.000000 0.000001 0.000000 0.000000 1.000000 0.000000 0.000000 0.000000 0.000000 1.000000
0.739923 0.672691 -0.000000 0.176685 -0.672692 0.739923 -0.000000 0.000000 0.000000 0.000000 1.000000 0.000001 0.000000 0.000000 0.000000 1.000000
0.739923 0.672691 -0.000000 0.176685 -0.672691 0.739923 -0.000000 0.000000 0.000000 0.000000 1.000000 -0.000001 0.000000 0.000000 0.000000 1.000000</float_array>
     <technique_common>
      <accessor source="#jnt_right_handmiddle2-Matrix-animation-output-transform-array" count="30" stride="16">
       <param type="float4x4"></param>
      </accessor>
     </technique_common>
    </source>
    <source id="jnt_right_handmiddle2-Interpolations">
     <Name_array id="jnt_right_handmiddle2-Interpolations-array" count="30">
 LINEAR LINEAR LINEAR LINEAR LINEAR LINEAR LINEAR LINEAR LINEAR LINEAR LINEAR
LINEAR LINEAR LINEAR LINEAR LINEAR LINEAR LINEAR LINEAR LINEAR LINEAR LINEAR LINEAR
LINEAR LINEAR LINEAR LINEAR LINEAR LINEAR LINEAR</Name_array>
     <technique_common>
      <accessor source="#jnt_right_handmiddle2-Interpolations-array" count="30">
       <param type="name"></param>
      </accessor>
     </technique_common>
    </source>
    <sampler id="jnt_right_handmiddle2-Matrix-animation-transform">
     <input semantic="INPUT" source="#jnt_right_handmiddle2-Matrix-animation-input"></input>
     <input semantic="OUTPUT" source="#jnt_right_handmiddle2-Matrix-animation-output-transform"></input>
     <input semantic="INTERPOLATION" source="#jnt_right_handmiddle2-Interpolations"></input>
    </sampler>
    <channel source="#jnt_right_handmiddle2-Matrix-animation-transform" target="jnt_right_handmiddle2/matrix"></channel>
   </animation>
  </animation>
  <animation id="jnt_right_handmiddle3-anim" name="jnt_right_handmiddle3">
   <animation>
    <source id="jnt_right_handmiddle3-Matrix-animation-input">
     <float_array id="jnt_right_handmiddle3-Matrix-animation-input-array" count="30">

0.000000 0.033333 0.066667 0.100000 0.133333 0.166667 0.200000 0.233333 0.266667 0.300000 0.333333 0.366667 0.400000 0.433333 0.466667 0.500000
0.533333 0.566667 0.600000 0.633333 0.666667 0.700000 0.733333 0.766667 0.800000 0.833333 0.866667 0.900000 0.933333 0.966667</float_array>
     <technique_common>
      <accessor source="#jnt_right_handmiddle3-Matrix-animation-input-array" count="30">
       <param name="TIME" type="float"></param>
      </accessor>
     </technique_common>
    </source>
    <source id="jnt_right_handmiddle3-Matrix-animation-output-transform">
     <float_array id="jnt_right_handmiddle3-Matrix-animation-output-transform-array" count="480">

0.869501 0.493932 -0.000000 0.108374 -0.493932 0.869501 0.000000 -0.000000 0.000000 -0.000000 1.000000 -0.000000 0.000000 0.000000 0.000000 1.000000
0.869501 0.493932 -0.000000 0.108374 -0.493932 0.869501 0.000000 0.000000 0.000000 -0.000000 1.000000 -0.000000 0.000000 0.000000 0.000000 1.000000
0.869500 0.493932 0.000000 0.108374 -0.493932 0.869501 0.000000 -0.000000 0.000000 -0.000000 1.000000 0.000000 0.000000 0.000000 0.000000 1.000000
0.869501 0.493932 -0.000000 0.108374 -0.493932 0.869501 0.000000 0.000001 0.000000 -0.000000 1.000000 -0.000000 0.000000 0.000000 0.000000 1.000000
0.869501 0.493932 -0.000000 0.108374 -0.493932 0.869501 0.000000 -0.000001 0.000000 -0.000000 1.000000 -0.000000 0.000000 0.000000 0.000000 1.000000
0.869500 0.493932 0.000000 0.108374 -0.493932 0.869500 0.000000 0.000000 0.000000 -0.000000 1.000000 -0.000000 0.000000 0.000000 0.000000 1.000000
0.869501 0.493932 0.000000 0.108375 -0.493932 0.869501 0.000000 0.000001 0.000000 -0.000000 1.000000 0.000000 0.000000 0.000000 0.000000 1.000000
0.869501 0.493932 -0.000000 0.108374 -0.493932 0.869501 0.000000 0.000000 0.000000 -0.000000 1.000000 -0.000001 0.000000 0.000000 0.000000 1.000000
0.869501 0.493932 -0.000000 0.108374 -0.493932 0.869501 0.000000 0.000000 0.000000 -0.000000 1.000000 -0.000000 0.000000 0.000000 0.000000 1.000000
0.869501 0.493932 0.000000 0.108374 -0.493932 0.869501 0.000000 -0.000000 0.000000 -0.000000 1.000000 0.000001 0.000000 0.000000 0.000000 1.000000
0.869501 0.493932 -0.000000 0.108374 -0.493932 0.869501 0.000000 0.000000 0.000000 -0.000000 1.000000 0.000001 0.000000 0.000000 0.000000 1.000000
0.869501 0.493932 -0.000000 0.108374 -0.493932 0.869501 0.000000 0.000000 0.000000 -0.000000 1.000000 -0.000001 0.000000 0.000000 0.000000 1.000000
0.869501 0.493932 -0.000000 0.108374 -0.493932 0.869501 0.000000 0.000000 0.000000 -0.000000 1.000000 -0.000001 0.000000 0.000000 0.000000 1.000000
0.869501 0.493932 -0.000000 0.108374 -0.493932 0.869501 0.000000 0.000000 0.000000 -0.000000 1.000000 0.000000 0.000000 0.000000 0.000000 1.000000
0.869501 0.493932 -0.000000 0.108374 -0.493932 0.869501 0.000000 0.000000 0.000000 -0.000000 1.000000 -0.000001 0.000000 0.000000 0.000000 1.000000
0.869501 0.493932 -0.000000 0.108374 -0.493932 0.869501 0.000000 0.000000 0.000000 -0.000000 1.000000 -0.000001 0.000000 0.000000 0.000000 1.000000
0.869501 0.493932 0.000000 0.108374 -0.493932 0.869501 0.000000 0.000000 0.000000 -0.000000 1.000000 0.000000 0.000000 0.000000 0.000000 1.000000
0.869501 0.493932 -0.000000 0.108374 -0.493932 0.869501 0.000000 -0.000000 0.000000 -0.000000 1.000000 0.000001 0.000000 0.000000 0.000000 1.000000
0.869501 0.493932 -0.000000 0.108374 -0.493932 0.869501 0.000000 0.000000 0.000000 -0.000000 1.000000 -0.000000 0.000000 0.000000 0.000000 1.000000
0.869500 0.493932 -0.000000 0.108374 -0.493932 0.869501 0.000000 -0.000000 0.000000 -0.000000 1.000000 -0.000001 0.000000 0.000000 0.000000 1.000000
0.869501 0.493932 0.000000 0.108374 -0.493932 0.869501 0.000000 0.000000 0.000000 -0.000000 1.000000 0.000000 0.000000 0.000000 0.000000 1.000000
0.869501 0.493932 -0.000000 0.108374 -0.493932 0.869501 0.000000 0.000000 0.000000 -0.000000 1.000000 -0.000000 0.000000 0.000000 0.000000 1.000000
0.869501 0.493932 -0.000000 0.108374 -0.493932 0.869501 0.000000 0.000001 0.000000 -0.000000 1.000000 -0.000001 0.000000 0.000000 0.000000 1.000000
0.869501 0.493932 -0.000000 0.108374 -0.493932 0.869501 0.000000 0.000000 0.000000 -0.000000 1.000000 0.000001 0.000000 0.000000 0.000000 1.000000
0.869501 0.493932 -0.000000 0.108374 -0.493932 0.869501 0.000000 0.000000 0.000000 -0.000000 1.000000 0.000001 0.000000 0.000000 0.000000 1.000000
0.869501 0.493932 -0.000000 0.108374 -0.493932 0.869501 0.000000 0.000000 0.000000 -0.000000 1.000000 0.000001 0.000000 0.000000 0.000000 1.000000
0.869501 0.493932 0.000000 0.108374 -0.493932 0.869501 0.000000 0.000000 0.000000 -0.000000 1.000000 0.000001 0.000000 0.000000 0.000000 1.000000
0.869501 0.493932 -0.000000 0.108374 -0.493932 0.869501 0.000000 0.000000 0.000000 -0.000000 1.000000 -0.000001 0.000000 0.000000 0.000000 1.000000
0.869501 0.493932 -0.000000 0.108374 -0.493932 0.869501 0.000000 0.000000 0.000000 -0.000000 1.000000 -0.000000 0.000000 0.000000 0.000000 1.000000
0.869501 0.493932 -0.000000 0.108374 -0.493932 0.869501 0.000000 -0.000000 0.000000 -0.000000 1.000000 -0.000001 0.000000 0.000000 0.000000 1.000000</float_array>
     <technique_common>
      <accessor source="#jnt_right_handmiddle3-Matrix-animation-output-transform-array" count="30" stride="16">
       <param type="float4x4"></param>
      </accessor>
     </technique_common>
    </source>
    <source id="jnt_right_handmiddle3-Interpolations">
     <Name_array id="jnt_right_handmiddle3-Interpolations-array" count="30">
 LINEAR LINEAR LINEAR LINEAR LINEAR LINEAR LINEAR LINEAR LINEAR LINEAR LINEAR
LINEAR LINEAR LINEAR LINEAR LINEAR LINEAR LINEAR LINEAR LINEAR LINEAR LINEAR LINEAR
LINEAR LINEAR LINEAR LINEAR LINEAR LINEAR LINEAR</Name_array>
     <technique_common>
      <accessor source="#jnt_right_handmiddle3-Interpolations-array" count="30">
       <param type="name"></param>
      </accessor>
     </technique_common>
    </source>
    <sampler id="jnt_right_handmiddle3-Matrix-animation-transform">
     <input semantic="INPUT" source="#jnt_right_handmiddle3-Matrix-animation-input"></input>
     <input semantic="OUTPUT" source="#jnt_right_handmiddle3-Matrix-animation-output-transform"></input>
     <input semantic="INTERPOLATION" source="#jnt_right_handmiddle3-Interpolations"></input>
    </sampler>
    <channel source="#jnt_right_handmiddle3-Matrix-animation-transform" target="jnt_right_handmiddle3/matrix"></channel>
   </animation>
  </animation>
  <animation id="jnt_right_handmiddle4-anim" name="jnt_right_handmiddle4">
   <animation>
    <source id="jnt_right_handmiddle4-Matrix-animation-input">
     <float_array id="jnt_right_handmiddle4-Matrix-animation-input-array" count="30">

0.000000 0.033333 0.066667 0.100000 0.133333 0.166667 0.200000 0.233333 0.266667 0.300000 0.333333 0.366667 0.400000 0.433333 0.466667 0.500000
0.533333 0.566667 0.600000 0.633333 0.666667 0.700000 0.733333 0.766667 0.800000 0.833333 0.866667 0.900000 0.933333 0.966667</float_array>
     <technique_common>
      <accessor source="#jnt_right_handmiddle4-Matrix-animation-input-array" count="30">
       <param name="TIME" type="float"></param>
      </accessor>
     </technique_common>
    </source>
    <source id="jnt_right_handmiddle4-Matrix-animation-output-transform">
     <float_array id="jnt_right_handmiddle4-Matrix-animation-output-transform-array" count="480">

1.000000 0.000000 0.000000 0.119191 -0.000000 1.000000 0.000000 0.000105 -0.000000 -0.000000 1.000000 -0.000005 0.000000 0.000000 0.000000 1.000000
1.000000 0.000000 -0.000000 0.119191 -0.000000 1.000000 0.000000 0.000105 0.000000 -0.000000 1.000000 -0.000005 0.000000 0.000000 0.000000 1.000000
1.000000 0.000000 0.000000 0.119191 -0.000000 1.000000 0.000000 0.000105 -0.000000 -0.000000 1.000000 -0.000005 0.000000 0.000000 0.000000 1.000000
1.000000 0.000000 -0.000000 0.119191 -0.000000 1.000000 0.000000 0.000105 0.000000 -0.000000 1.000000 -0.000005 0.000000 0.000000 0.000000 1.000000
1.000000 0.000000 -0.000000 0.119191 -0.000000 1.000000 -0.000000 0.000105 0.000000 0.000000 1.000000 -0.000005 0.000000 0.000000 0.000000 1.000000
1.000000 0.000000 0.000000 0.119191 -0.000000 1.000000 -0.000000 0.000105 -0.000000 0.000000 1.000000 -0.000005 0.000000 0.000000 0.000000 1.000000
1.000000 0.000000 -0.000000 0.119191 -0.000000 1.000000 -0.000000 0.000105 0.000000 0.000000 1.000000 -0.000005 0.000000 0.000000 0.000000 1.000000
1.000000 0.000000 -0.000000 0.119191 -0.000000 1.000000 0.000000 0.000105 0.000000 -0.000000 1.000000 -0.000005 0.000000 0.000000 0.000000 1.000000
1.000000 0.000000 -0.000000 0.119191 -0.000000 1.000000 0.000000 0.000105 0.000000 -0.000000 1.000000 -0.000005 0.000000 0.000000 0.000000 1.000000
1.000000 0.000000 -0.000000 0.119191 -0.000000 1.000000 -0.000000 0.000105 0.000000 0.000000 1.000000 -0.000005 0.000000 0.000000 0.000000 1.000000
1.000000 0.000000 0.000000 0.119191 -0.000000 1.000000 0.000000 0.000105 -0.000000 -0.000000 1.000000 -0.000004 0.000000 0.000000 0.000000 1.000000
1.000000 0.000000 -0.000000 0.119191 -0.000000 1.000000 0.000000 0.000105 0.000000 -0.000000 1.000000 -0.000005 0.000000 0.000000 0.000000 1.000000
1.000000 0.000000 -0.000000 0.119191 -0.000000 1.000000 -0.000000 0.000105 0.000000 0.000000 1.000000 -0.000005 0.000000 0.000000 0.000000 1.000000
1.000000 0.000000 -0.000000 0.119191 -0.000000 1.000000 0.000000 0.000105 0.000000 -0.000000 1.000000 -0.000005 0.000000 0.000000 0.000000 1.000000
1.000000 0.000000 -0.000000 0.119191 -0.000000 1.000000 0.000000 0.000105 0.000000 -0.000000 1.000000 -0.000005 0.000000 0.000000 0.000000 1.000000
1.000000 0.000000 -0.000000 0.119191 -0.000000 1.000000 0.000000 0.000105 0.000000 -0.000000 1.000000 -0.000005 0.000000 0.000000 0.000000 1.000000
1.000000 0.000000 0.000000 0.119191 -0.000000 1.000000 0.000000 0.000105 -0.000000 -0.000000 1.000000 -0.000005 0.000000 0.000000 0.000000 1.000000
1.000000 0.000000 0.000000 0.119191 -0.000000 1.000000 -0.000000 0.000105 -0.000000 0.000000 1.000000 -0.000005 0.000000 0.000000 0.000000 1.000000
1.000000 0.000000 0.000000 0.119191 -0.000000 1.000000 0.000000 0.000105 -0.000000 -0.000000 1.000000 -0.000005 0.000000 0.000000 0.000000 1.000000
1.000000 0.000000 -0.000000 0.119191 -0.000000 1.000000 0.000000 0.000105 0.000000 -0.000000 1.000000 -0.000005 0.000000 0.000000 0.000000 1.000000
1.000000 0.000000 0.000000 0.119191 -0.000000 1.000000 -0.000000 0.000105 -0.000000 0.000000 1.000000 -0.000005 0.000000 0.000000 0.000000 1.000000
1.000000 0.000000 0.000000 0.119191 -0.000000 1.000000 0.000000 0.000105 -0.000000 -0.000000 1.000000 -0.000005 0.000000 0.000000 0.000000 1.000000
1.000000 0.000000 -0.000000 0.119191 -0.000000 1.000000 0.000000 0.000105 0.000000 -0.000000 1.000000 -0.000006 0.000000 0.000000 0.000000 1.000000
1.000000 0.000000 -0.000000 0.119191 -0.000000 1.000000 -0.000000 0.000105 0.000000 0.000000 1.000000 -0.000005 0.000000 0.000000 0.000000 1.000000
1.000000 0.000000 -0.000000 0.119191 -0.000000 1.000000 0.000000 0.000105 0.000000 -0.000000 1.000000 -0.000005 0.000000 0.000000 0.000000 1.000000
1.000000 0.000000 0.000000 0.119191 -0.000000 1.000000 0.000000 0.000105 -0.000000 -0.000000 1.000000 -0.000005 0.000000 0.000000 0.000000 1.000000
1.000000 0.000000 0.000000 0.119191 -0.000000 1.000000 0.000000 0.000105 -0.000000 -0.000000 1.000000 -0.000005 0.000000 0.000000 0.000000 1.000000
1.000000 0.000000 0.000000 0.119191 -0.000000 1.000000 0.000000 0.000105 -0.000000 -0.000000 1.000000 -0.000005 0.000000 0.000000 0.000000 1.000000
1.000000 0.000000 0.000000 0.119191 -0.000000 1.000000 0.000000 0.000105 -0.000000 -0.000000 1.000000 -0.000005 0.000000 0.000000 0.000000 1.000000
1.000000 0.000000 -0.000000 0.119191 -0.000000 1.000000 0.000000 0.000105 0.000000 -0.000000 1.000000 -0.000005 0.000000 0.000000 0.000000 1.000000</float_array>
     <technique_common>
      <accessor source="#jnt_right_handmiddle4-Matrix-animation-output-transform-array" count="30" stride="16">
       <param type="float4x4"></param>
      </accessor>
     </technique_common>
    </source>
    <source id="jnt_right_handmiddle4-Interpolations">
     <Name_array id="jnt_right_handmiddle4-Interpolations-array" count="30">
 LINEAR LINEAR LINEAR LINEAR LINEAR LINEAR LINEAR LINEAR LINEAR LINEAR LINEAR
LINEAR LINEAR LINEAR LINEAR LINEAR LINEAR LINEAR LINEAR LINEAR LINEAR LINEAR LINEAR
LINEAR LINEAR LINEAR LINEAR LINEAR LINEAR LINEAR</Name_array>
     <technique_common>
      <accessor source="#jnt_right_handmiddle4-Interpolations-array" count="30">
       <param type="name"></param>
      </accessor>
     </technique_common>
    </source>
    <sampler id="jnt_right_handmiddle4-Matrix-animation-transform">
     <input semantic="INPUT" source="#jnt_right_handmiddle4-Matrix-animation-input"></input>
     <input semantic="OUTPUT" source="#jnt_right_handmiddle4-Matrix-animation-output-transform"></input>
     <input semantic="INTERPOLATION" source="#jnt_right_handmiddle4-Interpolations"></input>
    </sampler>
    <channel source="#jnt_right_handmiddle4-Matrix-animation-transform" target="jnt_right_handmiddle4/matrix"></channel>
   </animation>
  </animation>
  <animation id="jnt_right_handring1-anim" name="jnt_right_handring1">
   <animation>
    <source id="jnt_right_handring1-Matrix-animation-input">
     <float_array id="jnt_right_handring1-Matrix-animation-input-array" count="30">

0.000000 0.033333 0.066667 0.100000 0.133333 0.166667 0.200000 0.233333 0.266667 0.300000 0.333333 0.366667 0.400000 0.433333 0.466667 0.500000
0.533333 0.566667 0.600000 0.633333 0.666667 0.700000 0.733333 0.766667 0.800000 0.833333 0.866667 0.900000 0.933333 0.966667</float_array>
     <technique_common>
      <accessor source="#jnt_right_handring1-Matrix-animation-input-array" count="30">
       <param name="TIME" type="float"></param>
      </accessor>
     </technique_common>
    </source>
    <source id="jnt_right_handring1-Matrix-animation-output-transform">
     <float_array id="jnt_right_handring1-Matrix-animation-output-transform-array" count="480">

0.355831 0.903711 -0.238097 0.469962 -0.059672 -0.232282 -0.970817 -0.076798 -0.932643 0.359654 -0.028727 0.036646 0.000000 0.000000 0.000000 1.000000
0.355831 0.903712 -0.238097 0.469962 -0.059672 -0.232282 -0.970817 -0.076798 -0.932644 0.359654 -0.028727 0.036646 0.000000 0.000000 0.000000 1.000000
0.355831 0.903711 -0.238097 0.469962 -0.059672 -0.232282 -0.970817 -0.076798 -0.932643 0.359654 -0.028727 0.036646 0.000000 0.000000 0.000000 1.000000
0.355830 0.903712 -0.238097 0.469962 -0.059672 -0.232282 -0.970816 -0.076798 -0.932643 0.359654 -0.028727 0.036646 0.000000 0.000000 0.000000 1.000000
0.355831 0.903712 -0.238097 0.469962 -0.059672 -0.232281 -0.970817 -0.076798 -0.932644 0.359654 -0.028727 0.036646 0.000000 0.000000 0.000000 1.000000
0.355831 0.903712 -0.238097 0.469962 -0.059672 -0.232281 -0.970817 -0.076798 -0.932644 0.359654 -0.028727 0.036646 0.000000 0.000000 0.000000 1.000000
0.355831 0.903711 -0.238097 0.469962 -0.059672 -0.232282 -0.970816 -0.076798 -0.932643 0.359654 -0.028727 0.036646 0.000000 0.000000 0.000000 1.000000
0.355831 0.903712 -0.238097 0.469962 -0.059671 -0.232281 -0.970817 -0.076798 -0.932644 0.359654 -0.028727 0.036646 0.000000 0.000000 0.000000 1.000000
0.355831 0.903711 -0.238097 0.469962 -0.059672 -0.232281 -0.970816 -0.076798 -0.932643 0.359654 -0.028727 0.036646 0.000000 0.000000 0.000000 1.000000
0.355831 0.903711 -0.238097 0.469962 -0.059672 -0.232282 -0.970816 -0.076799 -0.932643 0.359654 -0.028727 0.036646 0.000000 0.000000 0.000000 1.000000
0.355831 0.903712 -0.238097 0.469962 -0.059672 -0.232282 -0.970816 -0.076798 -0.932643 0.359654 -0.028727 0.036646 0.000000 0.000000 0.000000 1.000000
0.355831 0.903712 -0.238097 0.469962 -0.059672 -0.232282 -0.970817 -0.076798 -0.932644 0.359654 -0.028727 0.036646 0.000000 0.000000 0.000000 1.000000
0.355830 0.903711 -0.238097 0.469962 -0.059672 -0.232282 -0.970816 -0.076798 -0.932643 0.359654 -0.028727 0.036646 0.000000 0.000000 0.000000 1.000000
0.355831 0.903712 -0.238097 0.469962 -0.059672 -0.232282 -0.970817 -0.076798 -0.932643 0.359654 -0.028727 0.036646 0.000000 0.000000 0.000000 1.000000
0.355830 0.903711 -0.238097 0.469962 -0.059672 -0.232282 -0.970816 -0.076798 -0.932643 0.359654 -0.028727 0.036646 0.000000 0.000000 0.000000 1.000000
0.355831 0.903712 -0.238097 0.469962 -0.059672 -0.232282 -0.970817 -0.076797 -0.932643 0.359654 -0.028727 0.036646 0.000000 0.000000 0.000000 1.000000
0.355831 0.903712 -0.238097 0.469962 -0.059672 -0.232282 -0.970817 -0.076798 -0.932643 0.359654 -0.028727 0.036646 0.000000 0.000000 0.000000 1.000000
0.355831 0.903712 -0.238097 0.469962 -0.059672 -0.232282 -0.970817 -0.076798 -0.932644 0.359654 -0.028727 0.036646 0.000000 0.000000 0.000000 1.000000
0.355830 0.903711 -0.238097 0.469962 -0.059672 -0.232282 -0.970816 -0.076798 -0.932643 0.359654 -0.028727 0.036646 0.000000 0.000000 0.000000 1.000000
0.355831 0.903712 -0.238097 0.469963 -0.059672 -0.232281 -0.970817 -0.076798 -0.932643 0.359654 -0.028727 0.036646 0.000000 0.000000 0.000000 1.000000
0.355831 0.903712 -0.238097 0.469963 -0.059672 -0.232282 -0.970816 -0.076798 -0.932643 0.359654 -0.028727 0.036646 0.000000 0.000000 0.000000 1.000000
0.355831 0.903711 -0.238097 0.469963 -0.059672 -0.232282 -0.970816 -0.076798 -0.932643 0.359654 -0.028727 0.036646 0.000000 0.000000 0.000000 1.000000
0.355831 0.903711 -0.238097 0.469961 -0.059672 -0.232281 -0.970816 -0.076798 -0.932643 0.359654 -0.028727 0.036646 0.000000 0.000000 0.000000 1.000000
0.355830 0.903711 -0.238097 0.469962 -0.059672 -0.232282 -0.970816 -0.076798 -0.932643 0.359654 -0.028727 0.036646 0.000000 0.000000 0.000000 1.000000
0.355831 0.903711 -0.238097 0.469962 -0.059672 -0.232282 -0.970816 -0.076798 -0.932643 0.359654 -0.028727 0.036646 0.000000 0.000000 0.000000 1.000000
0.355831 0.903712 -0.238097 0.469963 -0.059672 -0.232281 -0.970816 -0.076798 -0.932643 0.359654 -0.028727 0.036646 0.000000 0.000000 0.000000 1.000000
0.355831 0.903712 -0.238097 0.469962 -0.059672 -0.232282 -0.970816 -0.076798 -0.932643 0.359654 -0.028727 0.036646 0.000000 0.000000 0.000000 1.000000
0.355831 0.903712 -0.238097 0.469962 -0.059672 -0.232282 -0.970816 -0.076798 -0.932643 0.359654 -0.028727 0.036646 0.000000 0.000000 0.000000 1.000000
0.355831 0.903711 -0.238097 0.469962 -0.059672 -0.232282 -0.970817 -0.076798 -0.932643 0.359654 -0.028727 0.036646 0.000000 0.000000 0.000000 1.000000
0.355831 0.903711 -0.238097 0.469962 -0.059672 -0.232282 -0.970816 -0.076799 -0.932644 0.359654 -0.028727 0.036646 0.000000 0.000000 0.000000 1.000000</float_array>
     <technique_common>
      <accessor source="#jnt_right_handring1-Matrix-animation-output-transform-array" count="30" stride="16">
       <param type="float4x4"></param>
      </accessor>
     </technique_common>
    </source>
    <source id="jnt_right_handring1-Interpolations">
     <Name_array id="jnt_right_handring1-Interpolations-array" count="30">
 LINEAR LINEAR LINEAR LINEAR LINEAR LINEAR LINEAR LINEAR LINEAR LINEAR LINEAR
LINEAR LINEAR LINEAR LINEAR LINEAR LINEAR LINEAR LINEAR LINEAR LINEAR LINEAR LINEAR
LINEAR LINEAR LINEAR LINEAR LINEAR LINEAR LINEAR</Name_array>
     <technique_common>
      <accessor source="#jnt_right_handring1-Interpolations-array" count="30">
       <param type="name"></param>
      </accessor>
     </technique_common>
    </source>
    <sampler id="jnt_right_handring1-Matrix-animation-transform">
     <input semantic="INPUT" source="#jnt_right_handring1-Matrix-animation-input"></input>
     <input semantic="OUTPUT" source="#jnt_right_handring1-Matrix-animation-output-transform"></input>
     <input semantic="INTERPOLATION" source="#jnt_right_handring1-Interpolations"></input>
    </sampler>
    <channel source="#jnt_right_handring1-Matrix-animation-transform" target="jnt_right_handring1/matrix"></channel>
   </animation>
  </animation>
  <animation id="jnt_right_handring2-anim" name="jnt_right_handring2">
   <animation>
    <source id="jnt_right_handring2-Matrix-animation-input">
     <float_array id="jnt_right_handring2-Matrix-animation-input-array" count="30">

0.000000 0.033333 0.066667 0.100000 0.133333 0.166667 0.200000 0.233333 0.266667 0.300000 0.333333 0.366667 0.400000 0.433333 0.466667 0.500000
0.533333 0.566667 0.600000 0.633333 0.666667 0.700000 0.733333 0.766667 0.800000 0.833333 0.866667 0.900000 0.933333 0.966667</float_array>
     <technique_common>
      <accessor source="#jnt_right_handring2-Matrix-animation-input-array" count="30">
       <param name="TIME" type="float"></param>
      </accessor>
     </technique_common>
    </source>
    <source id="jnt_right_handring2-Matrix-animation-output-transform">
     <float_array id="jnt_right_handring2-Matrix-animation-output-transform-array" count="480">

0.729500 0.683981 -0.000001 0.184241 -0.683981 0.729500 -0.000001 0.000000 -0.000000 0.000001 1.000000 0.000000 0.000000 0.000000 0.000000 1.000000
0.729500 0.683981 -0.000001 0.184240 -0.683981 0.729500 -0.000001 0.000001 -0.000000 0.000001 1.000000 0.000000 0.000000 0.000000 0.000000 1.000000
0.729500 0.683981 -0.000001 0.184241 -0.683981 0.729500 -0.000001 0.000000 -0.000000 0.000001 1.000000 0.000000 0.000000 0.000000 0.000000 1.000000
0.729500 0.683981 -0.000001 0.184241 -0.683981 0.729500 -0.000001 0.000000 -0.000000 0.000001 1.000000 -0.000000 0.000000 0.000000 0.000000 1.000000
0.729500 0.683981 -0.000001 0.184241 -0.683981 0.729500 -0.000001 -0.000000 -0.000000 0.000001 1.000000 0.000000 0.000000 0.000000 0.000000 1.000000
0.729500 0.683981 -0.000001 0.184241 -0.683981 0.729500 -0.000001 0.000000 -0.000000 0.000001 1.000000 0.000000 0.000000 0.000000 0.000000 1.000000
0.729500 0.683981 -0.000001 0.184241 -0.683981 0.729500 -0.000001 0.000001 -0.000000 0.000001 1.000000 0.000000 0.000000 0.000000 0.000000 1.000000
0.729500 0.683981 -0.000001 0.184242 -0.683981 0.729500 -0.000001 -0.000000 -0.000000 0.000001 1.000000 -0.000000 0.000000 0.000000 0.000000 1.000000
0.729500 0.683981 -0.000001 0.184241 -0.683981 0.729500 -0.000001 0.000000 -0.000000 0.000001 1.000000 -0.000000 0.000000 0.000000 0.000000 1.000000
0.729500 0.683981 -0.000001 0.184241 -0.683981 0.729500 -0.000001 0.000000 -0.000000 0.000001 1.000000 0.000001 0.000000 0.000000 0.000000 1.000000
0.729500 0.683981 -0.000001 0.184241 -0.683981 0.729500 -0.000001 0.000000 -0.000000 0.000001 1.000000 -0.000000 0.000000 0.000000 0.000000 1.000000
0.729500 0.683981 -0.000001 0.184241 -0.683981 0.729500 -0.000001 0.000000 -0.000000 0.000001 1.000000 0.000000 0.000000 0.000000 0.000000 1.000000
0.729500 0.683981 -0.000001 0.184241 -0.683981 0.729500 -0.000001 0.000000 -0.000000 0.000001 1.000000 0.000000 0.000000 0.000000 0.000000 1.000000
0.729500 0.683981 -0.000001 0.184241 -0.683981 0.729500 -0.000001 0.000000 -0.000000 0.000001 1.000000 0.000000 0.000000 0.000000 0.000000 1.000000
0.729500 0.683981 -0.000001 0.184241 -0.683981 0.729500 -0.000001 0.000000 -0.000000 0.000001 1.000000 -0.000001 0.000000 0.000000 0.000000 1.000000
0.729500 0.683981 -0.000001 0.184241 -0.683981 0.729500 -0.000001 0.000000 -0.000000 0.000001 1.000000 0.000000 0.000000 0.000000 0.000000 1.000000
0.729500 0.683981 -0.000001 0.184241 -0.683981 0.729500 -0.000001 0.000000 -0.000000 0.000001 1.000000 -0.000001 0.000000 0.000000 0.000000 1.000000
0.729500 0.683981 -0.000001 0.184241 -0.683981 0.729500 -0.000001 0.000000 -0.000000 0.000001 1.000000 -0.000000 0.000000 0.000000 0.000000 1.000000
0.729500 0.683981 -0.000001 0.184241 -0.683981 0.729500 -0.000001 0.000000 -0.000000 0.000001 1.000000 -0.000000 0.000000 0.000000 0.000000 1.000000
0.729500 0.683981 -0.000001 0.184241 -0.683981 0.729500 -0.000001 0.000000 -0.000000 0.000001 1.000000 -0.000000 0.000000 0.000000 0.000000 1.000000
0.729500 0.683981 -0.000001 0.184241 -0.683981 0.729500 -0.000001 0.000000 -0.000000 0.000001 1.000000 -0.000001 0.000000 0.000000 0.000000 1.000000
0.729500 0.683981 -0.000001 0.184241 -0.683981 0.729500 -0.000001 0.000001 -0.000000 0.000001 1.000000 -0.000000 0.000000 0.000000 0.000000 1.000000
0.729500 0.683981 -0.000001 0.184241 -0.683981 0.729500 -0.000001 0.000000 -0.000000 0.000001 1.000000 -0.000000 0.000000 0.000000 0.000000 1.000000
0.729500 0.683981 -0.000001 0.184241 -0.683981 0.729500 -0.000001 0.000000 -0.000000 0.000001 1.000000 -0.000000 0.000000 0.000000 0.000000 1.000000
0.729500 0.683981 -0.000001 0.184241 -0.683981 0.729500 -0.000001 0.000000 -0.000000 0.000001 1.000000 -0.000000 0.000000 0.000000 0.000000 1.000000
0.729500 0.683981 -0.000001 0.184241 -0.683981 0.729500 -0.000001 0.000000 -0.000000 0.000001 1.000000 -0.000000 0.000000 0.000000 0.000000 1.000000
0.729500 0.683981 -0.000001 0.184241 -0.683981 0.729500 -0.000001 0.000000 -0.000000 0.000001 1.000000 -0.000000 0.000000 0.000000 0.000000 1.000000
0.729500 0.683981 -0.000001 0.184241 -0.683981 0.729500 -0.000001 -0.000000 -0.000000 0.000001 1.000000 0.000000 0.000000 0.000000 0.000000 1.000000
0.729500 0.683981 -0.000001 0.184241 -0.683981 0.729500 -0.000001 0.000000 -0.000000 0.000001 1.000000 0.000000 0.000000 0.000000 0.000000 1.000000
0.729500 0.683981 -0.000001 0.184241 -0.683981 0.729500 -0.000001 0.000000 -0.000000 0.000001 1.000000 0.000000 0.000000 0.000000 0.000000 1.000000</float_array>
     <technique_common>
      <accessor source="#jnt_right_handring2-Matrix-animation-output-transform-array" count="30" stride="16">
       <param type="float4x4"></param>
      </accessor>
     </technique_common>
    </source>
    <source id="jnt_right_handring2-Interpolations">
     <Name_array id="jnt_right_handring2-Interpolations-array" count="30">
 LINEAR LINEAR LINEAR LINEAR LINEAR LINEAR LINEAR LINEAR LINEAR LINEAR LINEAR
LINEAR LINEAR LINEAR LINEAR LINEAR LINEAR LINEAR LINEAR LINEAR LINEAR LINEAR LINEAR
LINEAR LINEAR LINEAR LINEAR LINEAR LINEAR LINEAR</Name_array>
     <technique_common>
      <accessor source="#jnt_right_handring2-Interpolations-array" count="30">
       <param type="name"></param>
      </accessor>
     </technique_common>
    </source>
    <sampler id="jnt_right_handring2-Matrix-animation-transform">
     <input semantic="INPUT" source="#jnt_right_handring2-Matrix-animation-input"></input>
     <input semantic="OUTPUT" source="#jnt_right_handring2-Matrix-animation-output-transform"></input>
     <input semantic="INTERPOLATION" source="#jnt_right_handring2-Interpolations"></input>
    </sampler>
    <channel source="#jnt_right_handring2-Matrix-animation-transform" target="jnt_right_handring2/matrix"></channel>
   </animation>
  </animation>
  <animation id="jnt_right_handring3-anim" name="jnt_right_handring3">
   <animation>
    <source id="jnt_right_handring3-Matrix-animation-input">
     <float_array id="jnt_right_handring3-Matrix-animation-input-array" count="30">

0.000000 0.033333 0.066667 0.100000 0.133333 0.166667 0.200000 0.233333 0.266667 0.300000 0.333333 0.366667 0.400000 0.433333 0.466667 0.500000
0.533333 0.566667 0.600000 0.633333 0.666667 0.700000 0.733333 0.766667 0.800000 0.833333 0.866667 0.900000 0.933333 0.966667</float_array>
     <technique_common>
      <accessor source="#jnt_right_handring3-Matrix-animation-input-array" count="30">
       <param name="TIME" type="float"></param>
      </accessor>
     </technique_common>
    </source>
    <source id="jnt_right_handring3-Matrix-animation-output-transform">
     <float_array id="jnt_right_handring3-Matrix-animation-output-transform-array" count="480">

0.870175 0.492743 0.000000 0.103951 -0.492743 0.870175 0.000001 0.000001 0.000000 -0.000001 1.000000 0.000000 0.000000 0.000000 0.000000 1.000000
0.870175 0.492743 -0.000000 0.103951 -0.492742 0.870175 0.000001 0.000001 0.000000 -0.000001 1.000000 -0.000000 0.000000 0.000000 0.000000 1.000000
0.870175 0.492743 0.000000 0.103951 -0.492743 0.870175 0.000001 0.000001 0.000000 -0.000001 1.000000 -0.000000 0.000000 0.000000 0.000000 1.000000
0.870175 0.492743 0.000000 0.103951 -0.492743 0.870175 0.000001 0.000001 0.000000 -0.000001 1.000000 -0.000000 0.000000 0.000000 0.000000 1.000000
0.870175 0.492743 0.000000 0.103951 -0.492743 0.870175 0.000001 -0.000000 0.000000 -0.000001 1.000000 -0.000000 0.000000 0.000000 0.000000 1.000000
0.870175 0.492742 0.000000 0.103951 -0.492742 0.870175 0.000001 0.000000 0.000000 -0.000001 1.000000 -0.000000 0.000000 0.000000 0.000000 1.000000
0.870175 0.492742 0.000000 0.103952 -0.492742 0.870175 0.000001 0.000001 0.000000 -0.000001 1.000000 0.000000 0.000000 0.000000 0.000000 1.000000
0.870175 0.492742 0.000000 0.103952 -0.492742 0.870175 0.000001 0.000001 0.000000 -0.000001 1.000000 -0.000000 0.000000 0.000000 0.000000 1.000000
0.870175 0.492743 0.000000 0.103951 -0.492742 0.870175 0.000001 0.000001 0.000000 -0.000001 1.000000 0.000001 0.000000 0.000000 0.000000 1.000000
0.870175 0.492742 0.000000 0.103951 -0.492742 0.870175 0.000001 0.000001 0.000000 -0.000001 1.000000 -0.000000 0.000000 0.000000 0.000000 1.000000
0.870175 0.492743 0.000000 0.103951 -0.492743 0.870175 0.000001 0.000001 0.000000 -0.000001 1.000000 -0.000001 0.000000 0.000000 0.000000 1.000000
0.870175 0.492743 0.000000 0.103951 -0.492743 0.870175 0.000001 0.000001 0.000000 -0.000001 1.000000 -0.000001 0.000000 0.000000 0.000000 1.000000
0.870175 0.492743 0.000000 0.103951 -0.492743 0.870175 0.000001 0.000001 0.000000 -0.000001 1.000000 0.000000 0.000000 0.000000 0.000000 1.000000
0.870175 0.492742 0.000000 0.103951 -0.492742 0.870175 0.000001 0.000001 0.000000 -0.000001 1.000000 -0.000000 0.000000 0.000000 0.000000 1.000000
0.870175 0.492743 0.000000 0.103951 -0.492743 0.870175 0.000001 0.000001 0.000000 -0.000001 1.000000 -0.000000 0.000000 0.000000 0.000000 1.000000
0.870175 0.492742 0.000000 0.103951 -0.492742 0.870175 0.000001 0.000001 0.000000 -0.000001 1.000000 0.000000 0.000000 0.000000 0.000000 1.000000
0.870175 0.492743 0.000000 0.103951 -0.492743 0.870175 0.000001 0.000001 0.000000 -0.000001 1.000000 -0.000000 0.000000 0.000000 0.000000 1.000000
0.870175 0.492743 0.000000 0.103951 -0.492742 0.870175 0.000001 0.000001 0.000000 -0.000001 1.000000 -0.000000 0.000000 0.000000 0.000000 1.000000
0.870175 0.492743 0.000000 0.103951 -0.492743 0.870175 0.000001 0.000001 0.000000 -0.000001 1.000000 -0.000001 0.000000 0.000000 0.000000 1.000000
0.870175 0.492743 0.000000 0.103951 -0.492743 0.870175 0.000001 0.000001 0.000000 -0.000001 1.000000 -0.000000 0.000000 0.000000 0.000000 1.000000
0.870175 0.492743 0.000000 0.103951 -0.492743 0.870175 0.000001 0.000001 0.000000 -0.000001 1.000000 0.000000 0.000000 0.000000 0.000000 1.000000
0.870175 0.492743 0.000000 0.103951 -0.492742 0.870176 0.000001 0.000001 0.000000 -0.000001 1.000000 0.000000 0.000000 0.000000 0.000000 1.000000
0.870175 0.492742 0.000000 0.103951 -0.492742 0.870175 0.000001 0.000001 0.000000 -0.000001 1.000000 -0.000001 0.000000 0.000000 0.000000 1.000000
0.870175 0.492743 0.000000 0.103951 -0.492743 0.870175 0.000001 0.000001 0.000000 -0.000001 1.000000 -0.000000 0.000000 0.000000 0.000000 1.000000
0.870175 0.492743 0.000000 0.103951 -0.492743 0.870175 0.000001 0.000001 0.000000 -0.000001 1.000000 0.000000 0.000000 0.000000 0.000000 1.000000
0.870175 0.492743 0.000000 0.103951 -0.492743 0.870175 0.000001 0.000001 0.000000 -0.000001 1.000000 0.000001 0.000000 0.000000 0.000000 1.000000
0.870175 0.492743 0.000000 0.103951 -0.492743 0.870175 0.000001 0.000001 0.000000 -0.000001 1.000000 -0.000001 0.000000 0.000000 0.000000 1.000000
0.870175 0.492743 0.000000 0.103951 -0.492743 0.870175 0.000001 0.000001 0.000000 -0.000001 1.000000 0.000001 0.000000 0.000000 0.000000 1.000000
0.870175 0.492743 0.000000 0.103951 -0.492743 0.870175 0.000001 0.000001 0.000000 -0.000001 1.000000 0.000000 0.000000 0.000000 0.000000 1.000000
0.870175 0.492742 0.000000 0.103951 -0.492742 0.870175 0.000001 0.000001 0.000000 -0.000001 1.000000 -0.000000 0.000000 0.000000 0.000000 1.000000</float_array>
     <technique_common>
      <accessor source="#jnt_right_handring3-Matrix-animation-output-transform-array" count="30" stride="16">
       <param type="float4x4"></param>
      </accessor>
     </technique_common>
    </source>
    <source id="jnt_right_handring3-Interpolations">
     <Name_array id="jnt_right_handring3-Interpolations-array" count="30">
 LINEAR LINEAR LINEAR LINEAR LINEAR LINEAR LINEAR LINEAR LINEAR LINEAR LINEAR
LINEAR LINEAR LINEAR LINEAR LINEAR LINEAR LINEAR LINEAR LINEAR LINEAR LINEAR LINEAR
LINEAR LINEAR LINEAR LINEAR LINEAR LINEAR LINEAR</Name_array>
     <technique_common>
      <accessor source="#jnt_right_handring3-Interpolations-array" count="30">
       <param type="name"></param>
      </accessor>
     </technique_common>
    </source>
    <sampler id="jnt_right_handring3-Matrix-animation-transform">
     <input semantic="INPUT" source="#jnt_right_handring3-Matrix-animation-input"></input>
     <input semantic="OUTPUT" source="#jnt_right_handring3-Matrix-animation-output-transform"></input>
     <input semantic="INTERPOLATION" source="#jnt_right_handring3-Interpolations"></input>
    </sampler>
    <channel source="#jnt_right_handring3-Matrix-animation-transform" target="jnt_right_handring3/matrix"></channel>
   </animation>
  </animation>
  <animation id="jnt_right_handring4-anim" name="jnt_right_handring4">
   <animation>
    <source id="jnt_right_handring4-Matrix-animation-input">
     <float_array id="jnt_right_handring4-Matrix-animation-input-array" count="30">

0.000000 0.033333 0.066667 0.100000 0.133333 0.166667 0.200000 0.233333 0.266667 0.300000 0.333333 0.366667 0.400000 0.433333 0.466667 0.500000
0.533333 0.566667 0.600000 0.633333 0.666667 0.700000 0.733333 0.766667 0.800000 0.833333 0.866667 0.900000 0.933333 0.966667</float_array>
     <technique_common>
      <accessor source="#jnt_right_handring4-Matrix-animation-input-array" count="30">
       <param name="TIME" type="float"></param>
      </accessor>
     </technique_common>
    </source>
    <source id="jnt_right_handring4-Matrix-animation-output-transform">
     <float_array id="jnt_right_handring4-Matrix-animation-output-transform-array" count="480">

1.000000 0.000000 -0.000000 0.120247 -0.000000 1.000000 0.000000 0.000103 0.000000 -0.000000 1.000000 -0.000016 0.000000 0.000000 0.000000 1.000000
1.000000 -0.000000 0.000000 0.120247 0.000000 1.000000 0.000000 0.000103 -0.000000 -0.000000 1.000000 -0.000016 0.000000 0.000000 0.000000 1.000000
1.000000 0.000000 -0.000000 0.120247 -0.000000 1.000000 0.000000 0.000103 0.000000 -0.000000 1.000000 -0.000016 0.000000 0.000000 0.000000 1.000000
1.000000 0.000000 -0.000000 0.120247 -0.000000 1.000000 0.000000 0.000103 0.000000 -0.000000 1.000000 -0.000016 0.000000 0.000000 0.000000 1.000000
1.000000 -0.000000 -0.000000 0.120247 0.000000 1.000000 0.000000 0.000103 0.000000 -0.000000 1.000000 -0.000016 0.000000 0.000000 0.000000 1.000000
1.000000 -0.000000 0.000000 0.120247 0.000000 1.000000 0.000000 0.000103 -0.000000 -0.000000 1.000000 -0.000016 0.000000 0.000000 0.000000 1.000000
1.000000 0.000000 -0.000000 0.120247 -0.000000 1.000000 0.000000 0.000103 0.000000 -0.000000 1.000000 -0.000016 0.000000 0.000000 0.000000 1.000000
1.000000 0.000000 0.000000 0.120247 -0.000000 1.000000 0.000000 0.000103 -0.000000 -0.000000 1.000000 -0.000016 0.000000 0.000000 0.000000 1.000000
1.000000 -0.000000 -0.000000 0.120247 0.000000 1.000000 0.000000 0.000103 0.000000 -0.000000 1.000000 -0.000016 0.000000 0.000000 0.000000 1.000000
1.000000 -0.000000 0.000000 0.120247 0.000000 1.000000 0.000000 0.000103 -0.000000 -0.000000 1.000000 -0.000016 0.000000 0.000000 0.000000 1.000000
1.000000 -0.000000 0.000000 0.120247 0.000000 1.000000 0.000000 0.000103 -0.000000 -0.000000 1.000000 -0.000016 0.000000 0.000000 0.000000 1.000000
1.000000 -0.000000 -0.000000 0.120247 0.000000 1.000000 0.000000 0.000103 0.000000 -0.000000 1.000000 -0.000016 0.000000 0.000000 0.000000 1.000000
1.000000 -0.000000 -0.000000 0.120247 0.000000 1.000000 0.000000 0.000103 0.000000 -0.000000 1.000000 -0.000016 0.000000 0.000000 0.000000 1.000000
1.000000 0.000000 -0.000000 0.120247 -0.000000 1.000000 0.000000 0.000103 0.000000 -0.000000 1.000000 -0.000016 0.000000 0.000000 0.000000 1.000000
1.000000 0.000000 -0.000000 0.120247 -0.000000 1.000000 0.000000 0.000103 0.000000 -0.000000 1.000000 -0.000016 0.000000 0.000000 0.000000 1.000000
1.000000 -0.000000 -0.000000 0.120247 0.000000 1.000000 0.000000 0.000103 0.000000 -0.000000 1.000000 -0.000016 0.000000 0.000000 0.000000 1.000000
1.000000 -0.000000 -0.000000 0.120247 0.000000 1.000000 0.000000 0.000103 0.000000 -0.000000 1.000000 -0.000016 0.000000 0.000000 0.000000 1.000000
1.000000 -0.000000 0.000000 0.120247 0.000000 1.000000 0.000000 0.000103 -0.000000 -0.000000 1.000000 -0.000016 0.000000 0.000000 0.000000 1.000000
1.000000 0.000000 -0.000000 0.120247 -0.000000 1.000000 0.000000 0.000103 0.000000 -0.000000 1.000000 -0.000016 0.000000 0.000000 0.000000 1.000000
1.000000 -0.000000 0.000000 0.120247 0.000000 1.000000 0.000000 0.000103 -0.000000 -0.000000 1.000000 -0.000016 0.000000 0.000000 0.000000 1.000000
1.000000 0.000000 -0.000000 0.120247 -0.000000 1.000000 0.000000 0.000103 0.000000 -0.000000 1.000000 -0.000016 0.000000 0.000000 0.000000 1.000000
1.000000 -0.000000 -0.000000 0.120247 0.000000 1.000000 0.000000 0.000103 0.000000 -0.000000 1.000000 -0.000016 0.000000 0.000000 0.000000 1.000000
1.000000 -0.000000 0.000000 0.120247 0.000000 1.000000 0.000000 0.000103 -0.000000 -0.000000 1.000000 -0.000016 0.000000 0.000000 0.000000 1.000000
1.000000 -0.000000 0.000000 0.120247 0.000000 1.000000 0.000000 0.000103 -0.000000 -0.000000 1.000000 -0.000016 0.000000 0.000000 0.000000 1.000000
1.000000 0.000000 -0.000000 0.120247 -0.000000 1.000000 0.000000 0.000103 0.000000 -0.000000 1.000000 -0.000016 0.000000 0.000000 0.000000 1.000000
1.000000 -0.000000 0.000000 0.120247 0.000000 1.000000 0.000000 0.000103 -0.000000 -0.000000 1.000000 -0.000016 0.000000 0.000000 0.000000 1.000000
1.000000 0.000000 -0.000000 0.120247 -0.000000 1.000000 0.000000 0.000103 0.000000 -0.000000 1.000000 -0.000016 0.000000 0.000000 0.000000 1.000000
1.000000 0.000000 -0.000000 0.120247 -0.000000 1.000000 0.000000 0.000103 0.000000 -0.000000 1.000000 -0.000016 0.000000 0.000000 0.000000 1.000000
1.000000 0.000000 0.000000 0.120247 -0.000000 1.000000 0.000000 0.000103 -0.000000 -0.000000 1.000000 -0.000016 0.000000 0.000000 0.000000 1.000000
1.000000 0.000000 -0.000000 0.120247 -0.000000 1.000000 0.000000 0.000103 0.000000 -0.000000 1.000000 -0.000016 0.000000 0.000000 0.000000 1.000000</float_array>
     <technique_common>
      <accessor source="#jnt_right_handring4-Matrix-animation-output-transform-array" count="30" stride="16">
       <param type="float4x4"></param>
      </accessor>
     </technique_common>
    </source>
    <source id="jnt_right_handring4-Interpolations">
     <Name_array id="jnt_right_handring4-Interpolations-array" count="30">
 LINEAR LINEAR LINEAR LINEAR LINEAR LINEAR LINEAR LINEAR LINEAR LINEAR LINEAR
LINEAR LINEAR LINEAR LINEAR LINEAR LINEAR LINEAR LINEAR LINEAR LINEAR LINEAR LINEAR
LINEAR LINEAR LINEAR LINEAR LINEAR LINEAR LINEAR</Name_array>
     <technique_common>
      <accessor source="#jnt_right_handring4-Interpolations-array" count="30">
       <param type="name"></param>
      </accessor>
     </technique_common>
    </source>
    <sampler id="jnt_right_handring4-Matrix-animation-transform">
     <input semantic="INPUT" source="#jnt_right_handring4-Matrix-animation-input"></input>
     <input semantic="OUTPUT" source="#jnt_right_handring4-Matrix-animation-output-transform"></input>
     <input semantic="INTERPOLATION" source="#jnt_right_handring4-Interpolations"></input>
    </sampler>
    <channel source="#jnt_right_handring4-Matrix-animation-transform" target="jnt_right_handring4/matrix"></channel>
   </animation>
  </animation>
  <animation id="jnt_right_handpinky1-anim" name="jnt_right_handpinky1">
   <animation>
    <source id="jnt_right_handpinky1-Matrix-animation-input">
     <float_array id="jnt_right_handpinky1-Matrix-animation-input-array" count="30">

0.000000 0.033333 0.066667 0.100000 0.133333 0.166667 0.200000 0.233333 0.266667 0.300000 0.333333 0.366667 0.400000 0.433333 0.466667 0.500000
0.533333 0.566667 0.600000 0.633333 0.666667 0.700000 0.733333 0.766667 0.800000 0.833333 0.866667 0.900000 0.933333 0.966667</float_array>
     <technique_common>
      <accessor source="#jnt_right_handpinky1-Matrix-animation-input-array" count="30">
       <param name="TIME" type="float"></param>
      </accessor>
     </technique_common>
    </source>
    <source id="jnt_right_handpinky1-Matrix-animation-output-transform">
     <float_array id="jnt_right_handpinky1-Matrix-animation-output-transform-array" count="480">

0.385619 0.904000 -0.184611 0.407608 -0.085970 -0.164011 -0.982705 -0.208155 -0.918644 0.394821 0.014471 -0.012229 0.000000 0.000000 0.000000 1.000000
0.385619 0.904000 -0.184611 0.407608 -0.085970 -0.164012 -0.982705 -0.208155 -0.918644 0.394821 0.014471 -0.012229 0.000000 0.000000 0.000000 1.000000
0.385619 0.904000 -0.184611 0.407608 -0.085970 -0.164011 -0.982705 -0.208155 -0.918644 0.394821 0.014471 -0.012229 0.000000 0.000000 0.000000 1.000000
0.385619 0.904000 -0.184611 0.407609 -0.085970 -0.164011 -0.982705 -0.208155 -0.918644 0.394821 0.014471 -0.012229 0.000000 0.000000 0.000000 1.000000
0.385619 0.904000 -0.184610 0.407608 -0.085969 -0.164011 -0.982705 -0.208155 -0.918644 0.394821 0.014471 -0.012230 0.000000 0.000000 0.000000 1.000000
0.385619 0.904000 -0.184610 0.407608 -0.085969 -0.164011 -0.982705 -0.208155 -0.918644 0.394821 0.014471 -0.012229 0.000000 0.000000 0.000000 1.000000
0.385619 0.904000 -0.184611 0.407608 -0.085970 -0.164011 -0.982705 -0.208155 -0.918644 0.394821 0.014471 -0.012229 0.000000 0.000000 0.000000 1.000000
0.385619 0.904000 -0.184611 0.407609 -0.085969 -0.164011 -0.982705 -0.208155 -0.918644 0.394821 0.014471 -0.012230 0.000000 0.000000 0.000000 1.000000
0.385619 0.904000 -0.184610 0.407609 -0.085970 -0.164011 -0.982705 -0.208155 -0.918644 0.394821 0.014471 -0.012229 0.000000 0.000000 0.000000 1.000000
0.385619 0.904000 -0.184610 0.407608 -0.085969 -0.164011 -0.982705 -0.208156 -0.918644 0.394821 0.014471 -0.012230 0.000000 0.000000 0.000000 1.000000
0.385619 0.904000 -0.184610 0.407608 -0.085970 -0.164011 -0.982705 -0.208155 -0.918644 0.394821 0.014471 -0.012229 0.000000 0.000000 0.000000 1.000000
0.385619 0.904000 -0.184611 0.407609 -0.085969 -0.164011 -0.982705 -0.208155 -0.918644 0.394821 0.014471 -0.012229 0.000000 0.000000 0.000000 1.000000
0.385619 0.904000 -0.184610 0.407608 -0.085969 -0.164011 -0.982705 -0.208155 -0.918644 0.394821 0.014471 -0.012230 0.000000 0.000000 0.000000 1.000000
0.385619 0.904000 -0.184611 0.407608 -0.085970 -0.164011 -0.982705 -0.208155 -0.918644 0.394821 0.014471 -0.012229 0.000000 0.000000 0.000000 1.000000
0.385619 0.904000 -0.184611 0.407608 -0.085970 -0.164011 -0.982705 -0.208155 -0.918644 0.394821 0.014471 -0.012229 0.000000 0.000000 0.000000 1.000000
0.385619 0.904000 -0.184611 0.407609 -0.085969 -0.164011 -0.982705 -0.208155 -0.918644 0.394821 0.014471 -0.012230 0.000000 0.000000 0.000000 1.000000
0.385619 0.904000 -0.184610 0.407609 -0.085969 -0.164011 -0.982705 -0.208155 -0.918644 0.394821 0.014471 -0.012230 0.000000 0.000000 0.000000 1.000000
0.385619 0.904000 -0.184610 0.407608 -0.085969 -0.164011 -0.982705 -0.208155 -0.918644 0.394821 0.014471 -0.012230 0.000000 0.000000 0.000000 1.000000
0.385619 0.904000 -0.184611 0.407609 -0.085970 -0.164011 -0.982705 -0.208155 -0.918644 0.394821 0.014471 -0.012230 0.000000 0.000000 0.000000 1.000000
0.385619 0.904000 -0.184610 0.407608 -0.085970 -0.164011 -0.982705 -0.208155 -0.918644 0.394821 0.014471 -0.012230 0.000000 0.000000 0.000000 1.000000
0.385619 0.904000 -0.184611 0.407609 -0.085970 -0.164011 -0.982705 -0.208155 -0.918644 0.394821 0.014471 -0.012229 0.000000 0.000000 0.000000 1.000000
0.385619 0.904000 -0.184611 0.407609 -0.085969 -0.164011 -0.982705 -0.208155 -0.918644 0.394821 0.014471 -0.012230 0.000000 0.000000 0.000000 1.000000
0.385619 0.904000 -0.184611 0.407608 -0.085970 -0.164011 -0.982705 -0.208155 -0.918644 0.394821 0.014471 -0.012229 0.000000 0.000000 0.000000 1.000000
0.385619 0.904000 -0.184611 0.407609 -0.085970 -0.164011 -0.982705 -0.208155 -0.918644 0.394821 0.014471 -0.012229 0.000000 0.000000 0.000000 1.000000
0.385619 0.904000 -0.184610 0.407609 -0.085969 -0.164011 -0.982705 -0.208155 -0.918644 0.394821 0.014471 -0.012230 0.000000 0.000000 0.000000 1.000000
0.385619 0.904001 -0.184610 0.407609 -0.085969 -0.164011 -0.982705 -0.208155 -0.918644 0.394821 0.014471 -0.012229 0.000000 0.000000 0.000000 1.000000
0.385619 0.904000 -0.184610 0.407609 -0.085970 -0.164011 -0.982705 -0.208155 -0.918644 0.394821 0.014471 -0.012229 0.000000 0.000000 0.000000 1.000000
0.385619 0.904000 -0.184610 0.407608 -0.085969 -0.164011 -0.982705 -0.208155 -0.918644 0.394821 0.014471 -0.012229 0.000000 0.000000 0.000000 1.000000
0.385619 0.904000 -0.184611 0.407609 -0.085970 -0.164011 -0.982705 -0.208155 -0.918644 0.394821 0.014471 -0.012230 0.000000 0.000000 0.000000 1.000000
0.385619 0.904000 -0.184610 0.407608 -0.085969 -0.164011 -0.982705 -0.208156 -0.918644 0.394821 0.014471 -0.012229 0.000000 0.000000 0.000000 1.000000</float_array>
     <technique_common>
      <accessor source="#jnt_right_handpinky1-Matrix-animation-output-transform-array" count="30" stride="16">
       <param type="float4x4"></param>
      </accessor>
     </technique_common>
    </source>
    <source id="jnt_right_handpinky1-Interpolations">
     <Name_array id="jnt_right_handpinky1-Interpolations-array" count="30">
 LINEAR LINEAR LINEAR LINEAR LINEAR LINEAR LINEAR LINEAR LINEAR LINEAR LINEAR
LINEAR LINEAR LINEAR LINEAR LINEAR LINEAR LINEAR LINEAR LINEAR LINEAR LINEAR LINEAR
LINEAR LINEAR LINEAR LINEAR LINEAR LINEAR LINEAR</Name_array>
     <technique_common>
      <accessor source="#jnt_right_handpinky1-Interpolations-array" count="30">
       <param type="name"></param>
      </accessor>
     </technique_common>
    </source>
    <sampler id="jnt_right_handpinky1-Matrix-animation-transform">
     <input semantic="INPUT" source="#jnt_right_handpinky1-Matrix-animation-input"></input>
     <input semantic="OUTPUT" source="#jnt_right_handpinky1-Matrix-animation-output-transform"></input>
     <input semantic="INTERPOLATION" source="#jnt_right_handpinky1-Interpolations"></input>
    </sampler>
    <channel source="#jnt_right_handpinky1-Matrix-animation-transform" target="jnt_right_handpinky1/matrix"></channel>
   </animation>
  </animation>
  <animation id="jnt_right_handpinky2-anim" name="jnt_right_handpinky2">
   <animation>
    <source id="jnt_right_handpinky2-Matrix-animation-input">
     <float_array id="jnt_right_handpinky2-Matrix-animation-input-array" count="30">

0.000000 0.033333 0.066667 0.100000 0.133333 0.166667 0.200000 0.233333 0.266667 0.300000 0.333333 0.366667 0.400000 0.433333 0.466667 0.500000
0.533333 0.566667 0.600000 0.633333 0.666667 0.700000 0.733333 0.766667 0.800000 0.833333 0.866667 0.900000 0.933333 0.966667</float_array>
     <technique_common>
      <accessor source="#jnt_right_handpinky2-Matrix-animation-input-array" count="30">
       <param name="TIME" type="float"></param>
      </accessor>
     </technique_common>
    </source>
    <source id="jnt_right_handpinky2-Matrix-animation-output-transform">
     <float_array id="jnt_right_handpinky2-Matrix-animation-output-transform-array" count="480">

0.734578 0.678524 -0.000001 0.148507 -0.678524 0.734578 -0.000001 0.000001 -0.000000 0.000001 1.000000 0.000000 0.000000 0.000000 0.000000 1.000000
0.734578 0.678524 -0.000000 0.148507 -0.678524 0.734578 -0.000001 0.000001 -0.000000 0.000001 1.000000 0.000000 0.000000 0.000000 0.000000 1.000000
0.734578 0.678524 -0.000001 0.148507 -0.678524 0.734578 -0.000001 0.000001 -0.000000 0.000001 1.000000 -0.000000 0.000000 0.000000 0.000000 1.000000
0.734578 0.678524 -0.000001 0.148507 -0.678524 0.734578 -0.000001 0.000001 -0.000000 0.000001 1.000000 0.000000 0.000000 0.000000 0.000000 1.000000
0.734578 0.678524 -0.000001 0.148507 -0.678524 0.734578 -0.000001 0.000001 -0.000000 0.000001 1.000000 0.000000 0.000000 0.000000 0.000000 1.000000
0.734578 0.678524 -0.000001 0.148508 -0.678524 0.734578 -0.000001 0.000001 -0.000000 0.000001 1.000000 0.000000 0.000000 0.000000 0.000000 1.000000
0.734578 0.678524 -0.000001 0.148508 -0.678524 0.734578 -0.000001 0.000001 -0.000000 0.000001 1.000000 -0.000000 0.000000 0.000000 0.000000 1.000000
0.734579 0.678524 -0.000001 0.148507 -0.678524 0.734578 -0.000001 0.000001 -0.000000 0.000001 1.000000 0.000000 0.000000 0.000000 0.000000 1.000000
0.734578 0.678524 -0.000001 0.148507 -0.678524 0.734578 -0.000001 0.000001 -0.000000 0.000001 1.000000 0.000000 0.000000 0.000000 0.000000 1.000000
0.734578 0.678524 -0.000001 0.148507 -0.678524 0.734579 -0.000001 0.000001 -0.000000 0.000001 1.000000 0.000000 0.000000 0.000000 0.000000 1.000000
0.734578 0.678524 -0.000001 0.148507 -0.678524 0.734578 -0.000001 0.000001 -0.000000 0.000001 1.000000 0.000000 0.000000 0.000000 0.000000 1.000000
0.734578 0.678524 -0.000001 0.148507 -0.678524 0.734578 -0.000001 0.000001 -0.000000 0.000001 1.000000 -0.000000 0.000000 0.000000 0.000000 1.000000
0.734578 0.678524 -0.000001 0.148507 -0.678524 0.734578 -0.000001 0.000001 -0.000000 0.000001 1.000000 0.000000 0.000000 0.000000 0.000000 1.000000
0.734579 0.678524 -0.000001 0.148507 -0.678524 0.734579 -0.000001 0.000001 -0.000000 0.000001 1.000000 0.000001 0.000000 0.000000 0.000000 1.000000
0.734578 0.678524 -0.000001 0.148507 -0.678524 0.734578 -0.000001 0.000001 -0.000000 0.000001 1.000000 0.000000 0.000000 0.000000 0.000000 1.000000
0.734579 0.678524 -0.000001 0.148507 -0.678524 0.734579 -0.000001 0.000001 -0.000000 0.000001 1.000000 -0.000000 0.000000 0.000000 0.000000 1.000000
0.734578 0.678524 -0.000001 0.148508 -0.678524 0.734578 -0.000001 0.000001 -0.000000 0.000001 1.000000 -0.000000 0.000000 0.000000 0.000000 1.000000
0.734578 0.678524 -0.000001 0.148507 -0.678524 0.734578 -0.000001 0.000001 -0.000000 0.000001 1.000000 0.000000 0.000000 0.000000 0.000000 1.000000
0.734578 0.678524 -0.000001 0.148507 -0.678524 0.734578 -0.000001 0.000001 -0.000000 0.000001 1.000000 -0.000000 0.000000 0.000000 0.000000 1.000000
0.734578 0.678524 -0.000001 0.148507 -0.678524 0.734578 -0.000001 0.000000 -0.000000 0.000001 1.000000 -0.000000 0.000000 0.000000 0.000000 1.000000
0.734578 0.678524 -0.000001 0.148507 -0.678524 0.734578 -0.000001 0.000001 -0.000000 0.000001 1.000000 -0.000001 0.000000 0.000000 0.000000 1.000000
0.734578 0.678524 -0.000001 0.148507 -0.678524 0.734578 -0.000001 0.000000 -0.000000 0.000001 1.000000 0.000001 0.000000 0.000000 0.000000 1.000000
0.734578 0.678524 -0.000001 0.148507 -0.678524 0.734578 -0.000001 0.000001 -0.000000 0.000001 1.000000 0.000000 0.000000 0.000000 0.000000 1.000000
0.734578 0.678524 -0.000001 0.148507 -0.678524 0.734578 -0.000001 0.000001 -0.000000 0.000001 1.000000 0.000000 0.000000 0.000000 0.000000 1.000000
0.734578 0.678524 -0.000001 0.148507 -0.678524 0.734578 -0.000001 0.000001 -0.000000 0.000001 1.000000 -0.000001 0.000000 0.000000 0.000000 1.000000
0.734579 0.678524 -0.000001 0.148507 -0.678524 0.734578 -0.000001 0.000001 -0.000000 0.000001 1.000000 0.000000 0.000000 0.000000 0.000000 1.000000
0.734579 0.678524 -0.000001 0.148507 -0.678524 0.734579 -0.000001 0.000000 -0.000000 0.000001 1.000000 0.000000 0.000000 0.000000 0.000000 1.000000
0.734578 0.678524 -0.000001 0.148507 -0.678524 0.734578 -0.000001 0.000001 -0.000000 0.000001 1.000000 -0.000000 0.000000 0.000000 0.000000 1.000000
0.734578 0.678524 -0.000001 0.148506 -0.678524 0.734578 -0.000001 0.000001 -0.000000 0.000001 1.000000 -0.000001 0.000000 0.000000 0.000000 1.000000
0.734578 0.678524 -0.000001 0.148507 -0.678524 0.734578 -0.000001 0.000001 -0.000000 0.000001 1.000000 0.000000 0.000000 0.000000 0.000000 1.000000</float_array>
     <technique_common>
      <accessor source="#jnt_right_handpinky2-Matrix-animation-output-transform-array" count="30" stride="16">
       <param type="float4x4"></param>
      </accessor>
     </technique_common>
    </source>
    <source id="jnt_right_handpinky2-Interpolations">
     <Name_array id="jnt_right_handpinky2-Interpolations-array" count="30">
 LINEAR LINEAR LINEAR LINEAR LINEAR LINEAR LINEAR LINEAR LINEAR LINEAR LINEAR
LINEAR LINEAR LINEAR LINEAR LINEAR LINEAR LINEAR LINEAR LINEAR LINEAR LINEAR LINEAR
LINEAR LINEAR LINEAR LINEAR LINEAR LINEAR LINEAR</Name_array>
     <technique_common>
      <accessor source="#jnt_right_handpinky2-Interpolations-array" count="30">
       <param type="name"></param>
      </accessor>
     </technique_common>
    </source>
    <sampler id="jnt_right_handpinky2-Matrix-animation-transform">
     <input semantic="INPUT" source="#jnt_right_handpinky2-Matrix-animation-input"></input>
     <input semantic="OUTPUT" source="#jnt_right_handpinky2-Matrix-animation-output-transform"></input>
     <input semantic="INTERPOLATION" source="#jnt_right_handpinky2-Interpolations"></input>
    </sampler>
    <channel source="#jnt_right_handpinky2-Matrix-animation-transform" target="jnt_right_handpinky2/matrix"></channel>
   </animation>
  </animation>
  <animation id="jnt_right_handpinky3-anim" name="jnt_right_handpinky3">
   <animation>
    <source id="jnt_right_handpinky3-Matrix-animation-input">
     <float_array id="jnt_right_handpinky3-Matrix-animation-input-array" count="30">

0.000000 0.033333 0.066667 0.100000 0.133333 0.166667 0.200000 0.233333 0.266667 0.300000 0.333333 0.366667 0.400000 0.433333 0.466667 0.500000
0.533333 0.566667 0.600000 0.633333 0.666667 0.700000 0.733333 0.766667 0.800000 0.833333 0.866667 0.900000 0.933333 0.966667</float_array>
     <technique_common>
      <accessor source="#jnt_right_handpinky3-Matrix-animation-input-array" count="30">
       <param name="TIME" type="float"></param>
      </accessor>
     </technique_common>
    </source>
    <source id="jnt_right_handpinky3-Matrix-animation-output-transform">
     <float_array id="jnt_right_handpinky3-Matrix-animation-output-transform-array" count="480">

0.878731 0.477317 -0.000000 0.075471 -0.477317 0.878731 0.000002 -0.000001 0.000001 -0.000001 1.000000 -0.000000 0.000000 0.000000 0.000000 1.000000
0.878731 0.477317 0.000000 0.075471 -0.477317 0.878731 0.000002 -0.000002 0.000001 -0.000001 1.000000 0.000000 0.000000 0.000000 0.000000 1.000000
0.878731 0.477317 0.000000 0.075471 -0.477317 0.878731 0.000002 -0.000001 0.000001 -0.000001 1.000000 -0.000000 0.000000 0.000000 0.000000 1.000000
0.878731 0.477317 -0.000000 0.075471 -0.477317 0.878732 0.000002 -0.000001 0.000001 -0.000001 1.000000 -0.000000 0.000000 0.000000 0.000000 1.000000
0.878732 0.477317 -0.000000 0.075471 -0.477317 0.878732 0.000002 -0.000001 0.000001 -0.000001 1.000000 -0.000000 0.000000 0.000000 0.000000 1.000000
0.878731 0.477317 -0.000000 0.075471 -0.477317 0.878731 0.000002 -0.000001 0.000001 -0.000001 1.000000 -0.000000 0.000000 0.000000 0.000000 1.000000
0.878731 0.477317 -0.000000 0.075470 -0.477317 0.878731 0.000002 -0.000002 0.000001 -0.000001 1.000000 0.000000 0.000000 0.000000 0.000000 1.000000
0.878731 0.477317 -0.000000 0.075472 -0.477317 0.878731 0.000002 -0.000001 0.000001 -0.000001 1.000000 -0.000000 0.000000 0.000000 0.000000 1.000000
0.878731 0.477317 -0.000000 0.075471 -0.477317 0.878731 0.000002 -0.000001 0.000001 -0.000001 1.000000 -0.000000 0.000000 0.000000 0.000000 1.000000
0.878731 0.477317 -0.000000 0.075471 -0.477317 0.878731 0.000002 -0.000001 0.000001 -0.000001 1.000000 0.000000 0.000000 0.000000 0.000000 1.000000
0.878731 0.477317 0.000000 0.075471 -0.477317 0.878731 0.000002 -0.000001 0.000001 -0.000001 1.000000 -0.000000 0.000000 0.000000 0.000000 1.000000
0.878731 0.477317 -0.000000 0.075471 -0.477317 0.878731 0.000002 -0.000001 0.000001 -0.000001 1.000000 0.000000 0.000000 0.000000 0.000000 1.000000
0.878731 0.477317 -0.000000 0.075471 -0.477317 0.878731 0.000002 -0.000001 0.000001 -0.000001 1.000000 -0.000001 0.000000 0.000000 0.000000 1.000000
0.878731 0.477317 -0.000000 0.075471 -0.477317 0.878731 0.000002 -0.000001 0.000001 -0.000001 1.000000 -0.000000 0.000000 0.000000 0.000000 1.000000
0.878731 0.477317 -0.000000 0.075471 -0.477317 0.878731 0.000002 -0.000002 0.000001 -0.000001 1.000000 -0.000000 0.000000 0.000000 0.000000 1.000000
0.878731 0.477317 -0.000000 0.075471 -0.477317 0.878731 0.000002 -0.000001 0.000001 -0.000001 1.000000 -0.000000 0.000000 0.000000 0.000000 1.000000
0.878731 0.477317 -0.000000 0.075471 -0.477317 0.878731 0.000002 -0.000001 0.000001 -0.000001 1.000000 -0.000001 0.000000 0.000000 0.000000 1.000000
0.878731 0.477317 -0.000000 0.075471 -0.477317 0.878731 0.000002 -0.000001 0.000001 -0.000001 1.000000 -0.000000 0.000000 0.000000 0.000000 1.000000
0.878731 0.477317 -0.000000 0.075471 -0.477317 0.878731 0.000002 -0.000001 0.000001 -0.000001 1.000000 0.000001 0.000000 0.000000 0.000000 1.000000
0.878731 0.477317 0.000000 0.075471 -0.477317 0.878731 0.000002 -0.000002 0.000001 -0.000001 1.000000 0.000001 0.000000 0.000000 0.000000 1.000000
0.878731 0.477317 0.000000 0.075471 -0.477317 0.878731 0.000002 -0.000002 0.000001 -0.000001 1.000000 -0.000001 0.000000 0.000000 0.000000 1.000000
0.878731 0.477317 -0.000000 0.075471 -0.477317 0.878731 0.000002 -0.000001 0.000001 -0.000001 1.000000 -0.000000 0.000000 0.000000 0.000000 1.000000
0.878731 0.477317 0.000000 0.075471 -0.477317 0.878731 0.000002 -0.000002 0.000001 -0.000001 1.000000 -0.000000 0.000000 0.000000 0.000000 1.000000
0.878732 0.477317 0.000000 0.075471 -0.477317 0.878731 0.000002 -0.000001 0.000001 -0.000001 1.000000 0.000000 0.000000 0.000000 0.000000 1.000000
0.878732 0.477317 -0.000000 0.075471 -0.477317 0.878731 0.000002 -0.000001 0.000001 -0.000001 1.000000 0.000000 0.000000 0.000000 0.000000 1.000000
0.878732 0.477317 -0.000000 0.075471 -0.477317 0.878732 0.000002 -0.000002 0.000001 -0.000001 1.000000 -0.000000 0.000000 0.000000 0.000000 1.000000
0.878731 0.477317 -0.000000 0.075471 -0.477317 0.878731 0.000002 -0.000001 0.000001 -0.000001 1.000000 -0.000001 0.000000 0.000000 0.000000 1.000000
0.878731 0.477317 0.000000 0.075471 -0.477317 0.878731 0.000002 -0.000001 0.000001 -0.000001 1.000000 0.000000 0.000000 0.000000 0.000000 1.000000
0.878731 0.477317 -0.000000 0.075471 -0.477317 0.878731 0.000002 -0.000001 0.000001 -0.000001 1.000000 0.000000 0.000000 0.000000 0.000000 1.000000
0.878731 0.477317 -0.000000 0.075471 -0.477317 0.878731 0.000002 -0.000001 0.000001 -0.000001 1.000000 0.000001 0.000000 0.000000 0.000000 1.000000</float_array>
     <technique_common>
      <accessor source="#jnt_right_handpinky3-Matrix-animation-output-transform-array" count="30" stride="16">
       <param type="float4x4"></param>
      </accessor>
     </technique_common>
    </source>
    <source id="jnt_right_handpinky3-Interpolations">
     <Name_array id="jnt_right_handpinky3-Interpolations-array" count="30">
 LINEAR LINEAR LINEAR LINEAR LINEAR LINEAR LINEAR LINEAR LINEAR LINEAR LINEAR
LINEAR LINEAR LINEAR LINEAR LINEAR LINEAR LINEAR LINEAR LINEAR LINEAR LINEAR LINEAR
LINEAR LINEAR LINEAR LINEAR LINEAR LINEAR LINEAR</Name_array>
     <technique_common>
      <accessor source="#jnt_right_handpinky3-Interpolations-array" count="30">
       <param type="name"></param>
      </accessor>
     </technique_common>
    </source>
    <sampler id="jnt_right_handpinky3-Matrix-animation-transform">
     <input semantic="INPUT" source="#jnt_right_handpinky3-Matrix-animation-input"></input>
     <input semantic="OUTPUT" source="#jnt_right_handpinky3-Matrix-animation-output-transform"></input>
     <input semantic="INTERPOLATION" source="#jnt_right_handpinky3-Interpolations"></input>
    </sampler>
    <channel source="#jnt_right_handpinky3-Matrix-animation-transform" target="jnt_right_handpinky3/matrix"></channel>
   </animation>
  </animation>
  <animation id="jnt_right_handpinky4-anim" name="jnt_right_handpinky4">
   <animation>
    <source id="jnt_right_handpinky4-Matrix-animation-input">
     <float_array id="jnt_right_handpinky4-Matrix-animation-input-array" count="30">

0.000000 0.033333 0.066667 0.100000 0.133333 0.166667 0.200000 0.233333 0.266667 0.300000 0.333333 0.366667 0.400000 0.433333 0.466667 0.500000
0.533333 0.566667 0.600000 0.633333 0.666667 0.700000 0.733333 0.766667 0.800000 0.833333 0.866667 0.900000 0.933333 0.966667</float_array>
     <technique_common>
      <accessor source="#jnt_right_handpinky4-Matrix-animation-input-array" count="30">
       <param name="TIME" type="float"></param>
      </accessor>
     </technique_common>
    </source>
    <source id="jnt_right_handpinky4-Matrix-animation-output-transform">
     <float_array id="jnt_right_handpinky4-Matrix-animation-output-transform-array" count="480">

1.000000 0.000000 0.000000 0.101152 -0.000000 1.000000 -0.000000 0.000000 -0.000000 0.000000 1.000000 -0.000000 0.000000 0.000000 0.000000 1.000000
1.000000 -0.000000 0.000000 0.101152 0.000000 1.000000 0.000000 -0.000000 -0.000000 -0.000000 1.000000 0.000000 0.000000 0.000000 0.000000 1.000000
1.000000 -0.000000 -0.000000 0.101152 0.000000 1.000000 0.000000 0.000000 0.000000 -0.000000 1.000000 0.000000 0.000000 0.000000 0.000000 1.000000
1.000000 -0.000000 0.000000 0.101152 0.000000 1.000000 0.000000 0.000000 -0.000000 -0.000000 1.000000 0.000000 0.000000 0.000000 0.000000 1.000000
1.000000 0.000000 -0.000000 0.101152 -0.000000 1.000000 -0.000000 0.000000 0.000000 0.000000 1.000000 -0.000000 0.000000 0.000000 0.000000 1.000000
1.000000 -0.000000 0.000000 0.101152 0.000000 1.000000 -0.000000 -0.000000 -0.000000 0.000000 1.000000 -0.000000 0.000000 0.000000 0.000000 1.000000
1.000000 0.000000 0.000000 0.101152 -0.000000 1.000000 -0.000000 0.000000 -0.000000 0.000000 1.000000 -0.000000 0.000000 0.000000 0.000000 1.000000
1.000000 0.000000 0.000000 0.101152 -0.000000 1.000000 -0.000000 0.000000 -0.000000 0.000000 1.000000 -0.000000 0.000000 0.000000 0.000000 1.000000
1.000000 0.000000 -0.000000 0.101152 -0.000000 1.000000 0.000000 0.000000 -0.000000 -0.000000 1.000000 0.000000 0.000000 0.000000 0.000000 1.000000
1.000000 -0.000000 -0.000000 0.101152 0.000000 1.000000 -0.000000 0.000000 0.000000 0.000000 1.000000 -0.000000 0.000000 0.000000 0.000000 1.000000
1.000000 -0.000000 0.000000 0.101152 0.000000 1.000000 0.000000 0.000000 -0.000000 -0.000000 1.000000 0.000000 0.000000 0.000000 0.000000 1.000000
1.000000 0.000000 0.000000 0.101152 -0.000000 1.000000 -0.000000 0.000000 -0.000000 0.000000 1.000000 0.000000 0.000000 0.000000 0.000000 1.000000
1.000000 -0.000000 0.000000 0.101152 0.000000 1.000000 -0.000000 0.000000 -0.000000 0.000000 1.000000 -0.000001 0.000000 0.000000 0.000000 1.000000
1.000000 0.000000 0.000000 0.101152 -0.000000 1.000000 -0.000000 0.000000 -0.000000 0.000000 1.000000 0.000000 0.000000 0.000000 0.000000 1.000000
1.000000 -0.000000 0.000000 0.101152 0.000000 1.000000 -0.000000 0.000000 -0.000000 0.000000 1.000000 -0.000000 0.000000 0.000000 0.000000 1.000000
1.000000 0.000000 -0.000000 0.101152 -0.000000 1.000000 -0.000000 0.000000 0.000000 0.000000 1.000000 0.000000 0.000000 0.000000 0.000000 1.000000
1.000000 -0.000000 -0.000000 0.101152 0.000000 1.000000 0.000000 0.000000 0.000000 -0.000000 1.000000 0.000000 0.000000 0.000000 0.000000 1.000000
1.000000 -0.000000 0.000000 0.101152 0.000000 1.000000 -0.000000 0.000000 -0.000000 0.000000 1.000000 -0.000000 0.000000 0.000000 0.000000 1.000000
1.000000 0.000000 0.000000 0.101152 -0.000000 1.000000 -0.000000 0.000000 -0.000000 0.000000 1.000000 -0.000000 0.000000 0.000000 0.000000 1.000000
1.000000 0.000000 -0.000000 0.101152 -0.000000 1.000000 0.000000 0.000000 0.000000 -0.000000 1.000000 0.000000 0.000000 0.000000 0.000000 1.000000
1.000000 -0.000000 0.000000 0.101152 0.000000 1.000000 -0.000000 -0.000000 -0.000000 0.000000 1.000000 0.000000 0.000000 0.000000 0.000000 1.000000
1.000000 -0.000000 -0.000000 0.101152 0.000000 1.000000 0.000000 0.000000 0.000000 -0.000000 1.000000 -0.000000 0.000000 0.000000 0.000000 1.000000
1.000000 -0.000000 -0.000000 0.101152 0.000000 1.000000 0.000000 -0.000000 0.000000 -0.000000 1.000000 -0.000000 0.000000 0.000000 0.000000 1.000000
1.000000 0.000000 -0.000000 0.101152 -0.000000 1.000000 -0.000000 0.000000 0.000000 0.000000 1.000000 -0.000000 0.000000 0.000000 0.000000 1.000000
1.000000 0.000000 -0.000000 0.101152 -0.000000 1.000000 -0.000000 0.000000 0.000000 0.000000 1.000000 0.000000 0.000000 0.000000 0.000000 1.000000
1.000000 -0.000000 0.000000 0.101152 0.000000 1.000000 -0.000000 0.000000 -0.000000 0.000000 1.000000 0.000000 0.000000 0.000000 0.000000 1.000000
1.000000 -0.000000 -0.000000 0.101152 0.000000 1.000000 0.000000 0.000000 -0.000000 -0.000000 1.000000 -0.000000 0.000000 0.000000 0.000000 1.000000
1.000000 0.000000 -0.000000 0.101152 -0.000000 1.000000 -0.000000 -0.000000 0.000000 0.000000 1.000000 0.000000 0.000000 0.000000 0.000000 1.000000
1.000000 -0.000000 -0.000000 0.101152 0.000000 1.000000 0.000000 0.000000 0.000000 -0.000000 1.000000 0.000000 0.000000 0.000000 0.000000 1.000000
1.000000 -0.000000 0.000000 0.101152 0.000000 1.000000 -0.000000 -0.000000 -0.000000 0.000000 1.000000 0.000000 0.000000 0.000000 0.000000 1.000000</float_array>
     <technique_common>
      <accessor source="#jnt_right_handpinky4-Matrix-animation-output-transform-array" count="30" stride="16">
       <param type="float4x4"></param>
      </accessor>
     </technique_common>
    </source>
    <source id="jnt_right_handpinky4-Interpolations">
     <Name_array id="jnt_right_handpinky4-Interpolations-array" count="30">
 LINEAR LINEAR LINEAR LINEAR LINEAR LINEAR LINEAR LINEAR LINEAR LINEAR LINEAR
LINEAR LINEAR LINEAR LINEAR LINEAR LINEAR LINEAR LINEAR LINEAR LINEAR LINEAR LINEAR
LINEAR LINEAR LINEAR LINEAR LINEAR LINEAR LINEAR</Name_array>
     <technique_common>
      <accessor source="#jnt_right_handpinky4-Interpolations-array" count="30">
       <param type="name"></param>
      </accessor>
     </technique_common>
    </source>
    <sampler id="jnt_right_handpinky4-Matrix-animation-transform">
     <input semantic="INPUT" source="#jnt_right_handpinky4-Matrix-animation-input"></input>
     <input semantic="OUTPUT" source="#jnt_right_handpinky4-Matrix-animation-output-transform"></input>
     <input semantic="INTERPOLATION" source="#jnt_right_handpinky4-Interpolations"></input>
    </sampler>
    <channel source="#jnt_right_handpinky4-Matrix-animation-transform" target="jnt_right_handpinky4/matrix"></channel>
   </animation>
  </animation>
  <animation id="jnt_backpack-anim" name="jnt_backpack">
   <animation>
    <source id="jnt_backpack-Matrix-animation-input">
     <float_array id="jnt_backpack-Matrix-animation-input-array" count="30">

0.000000 0.033333 0.066667 0.100000 0.133333 0.166667 0.200000 0.233333 0.266667 0.300000 0.333333 0.366667 0.400000 0.433333 0.466667 0.500000
0.533333 0.566667 0.600000 0.633333 0.666667 0.700000 0.733333 0.766667 0.800000 0.833333 0.866667 0.900000 0.933333 0.966667</float_array>
     <technique_common>
      <accessor source="#jnt_backpack-Matrix-animation-input-array" count="30">
       <param name="TIME" type="float"></param>
      </accessor>
     </technique_common>
    </source>
    <source id="jnt_backpack-Matrix-animation-output-transform">
     <float_array id="jnt_backpack-Matrix-animation-output-transform-array" count="480">

0.000000 0.995068 -0.099191 0.682545 -0.000000 0.099191 0.995068 -0.705658 1.000000 -0.000000 0.000000 -0.000000 0.000000 0.000000 0.000000 1.000000
0.000000 0.995068 -0.099191 0.682545 -0.000000 0.099191 0.995068 -0.705658 1.000000 -0.000000 0.000000 -0.000000 0.000000 0.000000 0.000000 1.000000
0.000000 0.995068 -0.099191 0.682545 -0.000000 0.099191 0.995068 -0.705658 1.000000 -0.000000 0.000000 -0.000000 0.000000 0.000000 0.000000 1.000000
0.000000 0.995068 -0.099191 0.682545 -0.000000 0.099191 0.995068 -0.705658 1.000000 -0.000000 0.000000 -0.000000 0.000000 0.000000 0.000000 1.000000
0.000000 0.995068 -0.099191 0.682545 -0.000000 0.099191 0.995068 -0.705658 1.000000 -0.000000 0.000000 -0.000000 0.000000 0.000000 0.000000 1.000000
0.000000 0.995068 -0.099191 0.682545 -0.000000 0.099191 0.995068 -0.705658 1.000000 -0.000000 0.000000 -0.000000 0.000000 0.000000 0.000000 1.000000
0.000000 0.995068 -0.099191 0.682545 -0.000000 0.099191 0.995068 -0.705658 1.000000 -0.000000 0.000000 -0.000000 0.000000 0.000000 0.000000 1.000000
0.000000 0.995068 -0.099191 0.682545 -0.000000 0.099191 0.995068 -0.705658 1.000000 -0.000000 0.000000 -0.000000 0.000000 0.000000 0.000000 1.000000
0.000000 0.995068 -0.099191 0.682545 -0.000000 0.099191 0.995068 -0.705658 1.000000 -0.000000 0.000000 -0.000000 0.000000 0.000000 0.000000 1.000000
0.000000 0.995068 -0.099191 0.682545 -0.000000 0.099191 0.995068 -0.705658 1.000000 -0.000000 0.000000 -0.000000 0.000000 0.000000 0.000000 1.000000
0.000000 0.995068 -0.099191 0.682545 -0.000000 0.099191 0.995068 -0.705658 1.000000 -0.000000 0.000000 -0.000000 0.000000 0.000000 0.000000 1.000000
0.000000 0.995068 -0.099191 0.682545 -0.000000 0.099191 0.995068 -0.705658 1.000000 -0.000000 0.000000 -0.000000 0.000000 0.000000 0.000000 1.000000
0.000000 0.995068 -0.099191 0.682545 -0.000000 0.099191 0.995068 -0.705658 1.000000 -0.000000 0.000000 -0.000000 0.000000 0.000000 0.000000 1.000000
0.000000 0.995068 -0.099191 0.682545 -0.000000 0.099191 0.995068 -0.705658 1.000000 -0.000000 0.000000 -0.000000 0.000000 0.000000 0.000000 1.000000
0.000000 0.995068 -0.099191 0.682545 -0.000000 0.099191 0.995068 -0.705658 1.000000 -0.000000 0.000000 -0.000000 0.000000 0.000000 0.000000 1.000000
0.000000 0.995068 -0.099191 0.682545 -0.000000 0.099191 0.995068 -0.705658 1.000000 -0.000000 0.000000 -0.000000 0.000000 0.000000 0.000000 1.000000
0.000000 0.995068 -0.099191 0.682545 -0.000000 0.099191 0.995068 -0.705658 1.000000 -0.000000 0.000000 -0.000000 0.000000 0.000000 0.000000 1.000000
0.000000 0.995068 -0.099191 0.682545 -0.000000 0.099191 0.995068 -0.705658 1.000000 -0.000000 0.000000 -0.000000 0.000000 0.000000 0.000000 1.000000
0.000000 0.995068 -0.099191 0.682545 -0.000000 0.099191 0.995068 -0.705658 1.000000 -0.000000 0.000000 -0.000000 0.000000 0.000000 0.000000 1.000000
0.000000 0.995068 -0.099191 0.682545 -0.000000 0.099191 0.995068 -0.705658 1.000000 -0.000000 0.000000 -0.000000 0.000000 0.000000 0.000000 1.000000
0.000000 0.995068 -0.099191 0.682545 -0.000000 0.099191 0.995068 -0.705658 1.000000 -0.000000 0.000000 -0.000000 0.000000 0.000000 0.000000 1.000000
0.000000 0.995068 -0.099191 0.682545 -0.000000 0.099191 0.995068 -0.705658 1.000000 -0.000000 0.000000 -0.000000 0.000000 0.000000 0.000000 1.000000
0.000000 0.995068 -0.099191 0.682545 -0.000000 0.099191 0.995068 -0.705658 1.000000 -0.000000 0.000000 -0.000000 0.000000 0.000000 0.000000 1.000000
0.000000 0.995068 -0.099191 0.682545 -0.000000 0.099191 0.995068 -0.705658 1.000000 -0.000000 0.000000 -0.000000 0.000000 0.000000 0.000000 1.000000
0.000000 0.995068 -0.099191 0.682545 -0.000000 0.099191 0.995068 -0.705658 1.000000 -0.000000 0.000000 -0.000000 0.000000 0.000000 0.000000 1.000000
0.000000 0.995068 -0.099191 0.682545 -0.000000 0.099191 0.995068 -0.705658 1.000000 -0.000000 0.000000 -0.000000 0.000000 0.000000 0.000000 1.000000
0.000000 0.995068 -0.099191 0.682545 -0.000000 0.099191 0.995068 -0.705658 1.000000 -0.000000 0.000000 -0.000000 0.000000 0.000000 0.000000 1.000000
0.000000 0.995068 -0.099191 0.682545 -0.000000 0.099191 0.995068 -0.705658 1.000000 -0.000000 0.000000 -0.000000 0.000000 0.000000 0.000000 1.000000
0.000000 0.995068 -0.099191 0.682545 -0.000000 0.099191 0.995068 -0.705658 1.000000 -0.000000 0.000000 -0.000000 0.000000 0.000000 0.000000 1.000000
0.000000 0.995068 -0.099191 0.682545 -0.000000 0.099191 0.995068 -0.705658 1.000000 -0.000000 0.000000 -0.000000 0.000000 0.000000 0.000000 1.000000</float_array>
     <technique_common>
      <accessor source="#jnt_backpack-Matrix-animation-output-transform-array" count="30" stride="16">
       <param type="float4x4"></param>
      </accessor>
     </technique_common>
    </source>
    <source id="jnt_backpack-Interpolations">
     <Name_array id="jnt_backpack-Interpolations-array" count="30">
 LINEAR LINEAR LINEAR LINEAR LINEAR LINEAR LINEAR LINEAR LINEAR LINEAR LINEAR
LINEAR LINEAR LINEAR LINEAR LINEAR LINEAR LINEAR LINEAR LINEAR LINEAR LINEAR LINEAR
LINEAR LINEAR LINEAR LINEAR LINEAR LINEAR LINEAR</Name_array>
     <technique_common>
      <accessor source="#jnt_backpack-Interpolations-array" count="30">
       <param type="name"></param>
      </accessor>
     </technique_common>
    </source>
    <sampler id="jnt_backpack-Matrix-animation-transform">
     <input semantic="INPUT" source="#jnt_backpack-Matrix-animation-input"></input>
     <input semantic="OUTPUT" source="#jnt_backpack-Matrix-animation-output-transform"></input>
     <input semantic="INTERPOLATION" source="#jnt_backpack-Interpolations"></input>
    </sampler>
    <channel source="#jnt_backpack-Matrix-animation-transform" target="jnt_backpack/matrix"></channel>
   </animation>
  </animation>
  <animation id="jnt_camera-anim" name="jnt_camera">
   <animation>
    <source id="jnt_camera-Matrix-animation-input">
     <float_array id="jnt_camera-Matrix-animation-input-array" count="30">

0.000000 0.033333 0.066667 0.100000 0.133333 0.166667 0.200000 0.233333 0.266667 0.300000 0.333333 0.366667 0.400000 0.433333 0.466667 0.500000
0.533333 0.566667 0.600000 0.633333 0.666667 0.700000 0.733333 0.766667 0.800000 0.833333 0.866667 0.900000 0.933333 0.966667</float_array>
     <technique_common>
      <accessor source="#jnt_camera-Matrix-animation-input-array" count="30">
       <param name="TIME" type="float"></param>
      </accessor>
     </technique_common>
    </source>
    <source id="jnt_camera-Matrix-animation-output-transform">
     <float_array id="jnt_camera-Matrix-animation-output-transform-array" count="480">

1.000000 -0.000000 -0.000000 0.000000 0.000000 0.999988 0.004912 1.193611 0.000000 -0.004912 0.999988 0.007402 0.000000 0.000000 0.000000 1.000000
1.000000 -0.000000 -0.000000 0.000000 0.000000 0.999988 0.004912 1.193611 0.000000 -0.004912 0.999988 0.007402 0.000000 0.000000 0.000000 1.000000
1.000000 -0.000000 -0.000000 0.000000 0.000000 0.999988 0.004912 1.193611 0.000000 -0.004912 0.999988 0.007402 0.000000 0.000000 0.000000 1.000000
1.000000 -0.000000 -0.000000 0.000000 0.000000 0.999988 0.004912 1.193611 0.000000 -0.004912 0.999988 0.007402 0.000000 0.000000 0.000000 1.000000
1.000000 -0.000000 -0.000000 0.000000 0.000000 0.999988 0.004912 1.193611 0.000000 -0.004912 0.999988 0.007402 0.000000 0.000000 0.000000 1.000000
1.000000 -0.000000 -0.000000 0.000000 0.000000 0.999988 0.004912 1.193611 0.000000 -0.004912 0.999988 0.007402 0.000000 0.000000 0.000000 1.000000
1.000000 -0.000000 -0.000000 0.000000 0.000000 0.999988 0.004912 1.193611 0.000000 -0.004912 0.999988 0.007402 0.000000 0.000000 0.000000 1.000000
1.000000 -0.000000 -0.000000 0.000000 0.000000 0.999988 0.004912 1.193611 0.000000 -0.004912 0.999988 0.007402 0.000000 0.000000 0.000000 1.000000
1.000000 -0.000000 -0.000000 0.000000 0.000000 0.999988 0.004912 1.193611 0.000000 -0.004912 0.999988 0.007402 0.000000 0.000000 0.000000 1.000000
1.000000 -0.000000 -0.000000 0.000000 0.000000 0.999988 0.004912 1.193611 0.000000 -0.004912 0.999988 0.007402 0.000000 0.000000 0.000000 1.000000
1.000000 -0.000000 -0.000000 0.000000 0.000000 0.999988 0.004912 1.193611 0.000000 -0.004912 0.999988 0.007402 0.000000 0.000000 0.000000 1.000000
1.000000 -0.000000 -0.000000 0.000000 0.000000 0.999988 0.004912 1.193611 0.000000 -0.004912 0.999988 0.007402 0.000000 0.000000 0.000000 1.000000
1.000000 -0.000000 -0.000000 0.000000 0.000000 0.999988 0.004912 1.193611 0.000000 -0.004912 0.999988 0.007402 0.000000 0.000000 0.000000 1.000000
1.000000 -0.000000 -0.000000 0.000000 0.000000 0.999988 0.004912 1.193611 0.000000 -0.004912 0.999988 0.007402 0.000000 0.000000 0.000000 1.000000
1.000000 -0.000000 -0.000000 0.000000 0.000000 0.999988 0.004912 1.193611 0.000000 -0.004912 0.999988 0.007402 0.000000 0.000000 0.000000 1.000000
1.000000 -0.000000 -0.000000 0.000000 0.000000 0.999988 0.004912 1.193611 0.000000 -0.004912 0.999988 0.007402 0.000000 0.000000 0.000000 1.000000
1.000000 -0.000000 -0.000000 0.000000 0.000000 0.999988 0.004912 1.193611 0.000000 -0.004912 0.999988 0.007402 0.000000 0.000000 0.000000 1.000000
1.000000 -0.000000 -0.000000 0.000000 0.000000 0.999988 0.004912 1.193611 0.000000 -0.004912 0.999988 0.007402 0.000000 0.000000 0.000000 1.000000
1.000000 -0.000000 -0.000000 0.000000 0.000000 0.999988 0.004912 1.193611 0.000000 -0.004912 0.999988 0.007402 0.000000 0.000000 0.000000 1.000000
1.000000 -0.000000 -0.000000 0.000000 0.000000 0.999988 0.004912 1.193611 0.000000 -0.004912 0.999988 0.007402 0.000000 0.000000 0.000000 1.000000
1.000000 -0.000000 -0.000000 0.000000 0.000000 0.999988 0.004912 1.193611 0.000000 -0.004912 0.999988 0.007402 0.000000 0.000000 0.000000 1.000000
1.000000 -0.000000 -0.000000 0.000000 0.000000 0.999988 0.004912 1.193611 0.000000 -0.004912 0.999988 0.007402 0.000000 0.000000 0.000000 1.000000
1.000000 -0.000000 -0.000000 0.000000 0.000000 0.999988 0.004912 1.193611 0.000000 -0.004912 0.999988 0.007402 0.000000 0.000000 0.000000 1.000000
1.000000 -0.000000 -0.000000 0.000000 0.000000 0.999988 0.004912 1.193611 0.000000 -0.004912 0.999988 0.007402 0.000000 0.000000 0.000000 1.000000
1.000000 -0.000000 -0.000000 0.000000 0.000000 0.999988 0.004912 1.193611 0.000000 -0.004912 0.999988 0.007402 0.000000 0.000000 0.000000 1.000000
1.000000 -0.000000 -0.000000 0.000000 0.000000 0.999988 0.004912 1.193611 0.000000 -0.004912 0.999988 0.007402 0.000000 0.000000 0.000000 1.000000
1.000000 -0.000000 -0.000000 0.000000 0.000000 0.999988 0.004912 1.193611 0.000000 -0.004912 0.999988 0.007402 0.000000 0.000000 0.000000 1.000000
1.000000 -0.000000 -0.000000 0.000000 0.000000 0.999988 0.004912 1.193611 0.000000 -0.004912 0.999988 0.007402 0.000000 0.000000 0.000000 1.000000
1.000000 -0.000000 -0.000000 0.000000 0.000000 0.999988 0.004912 1.193611 0.000000 -0.004912 0.999988 0.007402 0.000000 0.000000 0.000000 1.000000
1.000000 -0.000000 -0.000000 0.000000 0.000000 0.999988 0.004912 1.193611 0.000000 -0.004912 0.999988 0.007402 0.000000 0.000000 0.000000 1.000000</float_array>
     <technique_common>
      <accessor source="#jnt_camera-Matrix-animation-output-transform-array" count="30" stride="16">
       <param type="float4x4"></param>
      </accessor>
     </technique_common>
    </source>
    <source id="jnt_camera-Interpolations">
     <Name_array id="jnt_camera-Interpolations-array" count="30">
 LINEAR LINEAR LINEAR LINEAR LINEAR LINEAR LINEAR LINEAR LINEAR LINEAR LINEAR
LINEAR LINEAR LINEAR LINEAR LINEAR LINEAR LINEAR LINEAR LINEAR LINEAR LINEAR LINEAR
LINEAR LINEAR LINEAR LINEAR LINEAR LINEAR LINEAR</Name_array>
     <technique_common>
      <accessor source="#jnt_camera-Interpolations-array" count="30">
       <param type="name"></param>
      </accessor>
     </technique_common>
    </source>
    <sampler id="jnt_camera-Matrix-animation-transform">
     <input semantic="INPUT" source="#jnt_camera-Matrix-animation-input"></input>
     <input semantic="OUTPUT" source="#jnt_camera-Matrix-animation-output-transform"></input>
     <input semantic="INTERPOLATION" source="#jnt_camera-Interpolations"></input>
    </sampler>
    <channel source="#jnt_camera-Matrix-animation-transform" target="jnt_camera/matrix"></channel>
   </animation>
  </animation>
  <animation id="jnt_right_upleg-anim" name="jnt_right_upleg">
   <animation>
    <source id="jnt_right_upleg-Matrix-animation-input">
     <float_array id="jnt_right_upleg-Matrix-animation-input-array" count="30">

0.000000 0.033333 0.066667 0.100000 0.133333 0.166667 0.200000 0.233333 0.266667 0.300000 0.333333 0.366667 0.400000 0.433333 0.466667 0.500000
0.533333 0.566667 0.600000 0.633333 0.666667 0.700000 0.733333 0.766667 0.800000 0.833333 0.866667 0.900000 0.933333 0.966667</float_array>
     <technique_common>
      <accessor source="#jnt_right_upleg-Matrix-animation-input-array" count="30">
       <param name="TIME" type="float"></param>
      </accessor>
     </technique_common>
    </source>
    <source id="jnt_right_upleg-Matrix-animation-output-transform">
     <float_array id="jnt_right_upleg-Matrix-animation-output-transform-array" count="480">

-0.112562 -0.332887 -0.936224 -0.446779 -0.993503 0.053585 0.100396 -0.111214 0.016747 0.941443 -0.336756 0.043020 0.000000 0.000000 0.000000 1.000000
-0.112562 -0.332887 -0.936224 -0.446779 -0.993503 0.053585 0.100396 -0.111214 0.016747 0.941443 -0.336756 0.043020 0.000000 0.000000 0.000000 1.000000
-0.112562 -0.332887 -0.936224 -0.446779 -0.993503 0.053585 0.100396 -0.111214 0.016747 0.941443 -0.336756 0.043020 0.000000 0.000000 0.000000 1.000000
-0.112562 -0.332887 -0.936224 -0.446779 -0.993503 0.053585 0.100396 -0.111214 0.016747 0.941443 -0.336756 0.043020 0.000000 0.000000 0.000000 1.000000
-0.112562 -0.332887 -0.936224 -0.446779 -0.993503 0.053585 0.100396 -0.111214 0.016747 0.941443 -0.336756 0.043020 0.000000 0.000000 0.000000 1.000000
-0.112562 -0.332887 -0.936224 -0.446779 -0.993503 0.053585 0.100396 -0.111214 0.016747 0.941443 -0.336756 0.043020 0.000000 0.000000 0.000000 1.000000
-0.112562 -0.332887 -0.936224 -0.446779 -0.993503 0.053585 0.100396 -0.111214 0.016747 0.941443 -0.336756 0.043020 0.000000 0.000000 0.000000 1.000000
-0.112562 -0.332887 -0.936224 -0.446779 -0.993503 0.053585 0.100396 -0.111214 0.016747 0.941443 -0.336756 0.043020 0.000000 0.000000 0.000000 1.000000
-0.112562 -0.332887 -0.936224 -0.446779 -0.993503 0.053585 0.100396 -0.111214 0.016747 0.941443 -0.336756 0.043020 0.000000 0.000000 0.000000 1.000000
-0.112562 -0.332887 -0.936224 -0.446779 -0.993503 0.053585 0.100396 -0.111214 0.016747 0.941443 -0.336756 0.043020 0.000000 0.000000 0.000000 1.000000
-0.112562 -0.332887 -0.936224 -0.446779 -0.993503 0.053585 0.100396 -0.111214 0.016747 0.941443 -0.336756 0.043020 0.000000 0.000000 0.000000 1.000000
-0.112562 -0.332887 -0.936224 -0.446779 -0.993503 0.053585 0.100396 -0.111214 0.016747 0.941443 -0.336756 0.043020 0.000000 0.000000 0.000000 1.000000
-0.112562 -0.332887 -0.936224 -0.446779 -0.993503 0.053585 0.100396 -0.111214 0.016747 0.941443 -0.336756 0.043020 0.000000 0.000000 0.000000 1.000000
-0.112562 -0.332887 -0.936224 -0.446779 -0.993503 0.053585 0.100396 -0.111214 0.016747 0.941443 -0.336756 0.043020 0.000000 0.000000 0.000000 1.000000
-0.112562 -0.332887 -0.936224 -0.446779 -0.993503 0.053585 0.100396 -0.111214 0.016747 0.941443 -0.336756 0.043020 0.000000 0.000000 0.000000 1.000000
-0.112562 -0.332887 -0.936224 -0.446779 -0.993503 0.053585 0.100396 -0.111214 0.016747 0.941443 -0.336756 0.043020 0.000000 0.000000 0.000000 1.000000
-0.112562 -0.332887 -0.936224 -0.446779 -0.993503 0.053585 0.100396 -0.111214 0.016747 0.941443 -0.336756 0.043020 0.000000 0.000000 0.000000 1.000000
-0.112562 -0.332887 -0.936224 -0.446779 -0.993503 0.053585 0.100396 -0.111214 0.016747 0.941443 -0.336756 0.043020 0.000000 0.000000 0.000000 1.000000
-0.112562 -0.332887 -0.936224 -0.446779 -0.993503 0.053585 0.100396 -0.111214 0.016747 0.941443 -0.336756 0.043020 0.000000 0.000000 0.000000 1.000000
-0.112562 -0.332887 -0.936224 -0.446779 -0.993503 0.053585 0.100396 -0.111214 0.016747 0.941443 -0.336756 0.043020 0.000000 0.000000 0.000000 1.000000
-0.112562 -0.332887 -0.936224 -0.446779 -0.993503 0.053585 0.100396 -0.111214 0.016747 0.941443 -0.336756 0.043020 0.000000 0.000000 0.000000 1.000000
-0.112562 -0.332887 -0.936224 -0.446779 -0.993503 0.053585 0.100396 -0.111214 0.016747 0.941443 -0.336756 0.043020 0.000000 0.000000 0.000000 1.000000
-0.112562 -0.332887 -0.936224 -0.446779 -0.993503 0.053585 0.100396 -0.111214 0.016747 0.941443 -0.336756 0.043020 0.000000 0.000000 0.000000 1.000000
-0.112562 -0.332887 -0.936224 -0.446779 -0.993503 0.053585 0.100396 -0.111214 0.016747 0.941443 -0.336756 0.043020 0.000000 0.000000 0.000000 1.000000
-0.112562 -0.332887 -0.936224 -0.446779 -0.993503 0.053585 0.100396 -0.111214 0.016747 0.941443 -0.336756 0.043020 0.000000 0.000000 0.000000 1.000000
-0.112562 -0.332887 -0.936224 -0.446779 -0.993503 0.053585 0.100396 -0.111214 0.016747 0.941443 -0.336756 0.043020 0.000000 0.000000 0.000000 1.000000
-0.112562 -0.332887 -0.936224 -0.446779 -0.993503 0.053585 0.100396 -0.111214 0.016747 0.941443 -0.336756 0.043020 0.000000 0.000000 0.000000 1.000000
-0.112562 -0.332887 -0.936224 -0.446779 -0.993503 0.053585 0.100396 -0.111214 0.016747 0.941443 -0.336756 0.043020 0.000000 0.000000 0.000000 1.000000
-0.112562 -0.332887 -0.936224 -0.446779 -0.993503 0.053585 0.100396 -0.111214 0.016747 0.941443 -0.336756 0.043020 0.000000 0.000000 0.000000 1.000000
-0.112562 -0.332887 -0.936224 -0.446779 -0.993503 0.053585 0.100396 -0.111214 0.016747 0.941443 -0.336756 0.043020 0.000000 0.000000 0.000000 1.000000</float_array>
     <technique_common>
      <accessor source="#jnt_right_upleg-Matrix-animation-output-transform-array" count="30" stride="16">
       <param type="float4x4"></param>
      </accessor>
     </technique_common>
    </source>
    <source id="jnt_right_upleg-Interpolations">
     <Name_array id="jnt_right_upleg-Interpolations-array" count="30">
 LINEAR LINEAR LINEAR LINEAR LINEAR LINEAR LINEAR LINEAR LINEAR LINEAR LINEAR
LINEAR LINEAR LINEAR LINEAR LINEAR LINEAR LINEAR LINEAR LINEAR LINEAR LINEAR LINEAR
LINEAR LINEAR LINEAR LINEAR LINEAR LINEAR LINEAR</Name_array>
     <technique_common>
      <accessor source="#jnt_right_upleg-Interpolations-array" count="30">
       <param type="name"></param>
      </accessor>
     </technique_common>
    </source>
    <sampler id="jnt_right_upleg-Matrix-animation-transform">
     <input semantic="INPUT" source="#jnt_right_upleg-Matrix-animation-input"></input>
     <input semantic="OUTPUT" source="#jnt_right_upleg-Matrix-animation-output-transform"></input>
     <input semantic="INTERPOLATION" source="#jnt_right_upleg-Interpolations"></input>
    </sampler>
    <channel source="#jnt_right_upleg-Matrix-animation-transform" target="jnt_right_upleg/matrix"></channel>
   </animation>
  </animation>
  <animation id="jnt_right_uplegroll-anim" name="jnt_right_uplegroll">
   <animation>
    <source id="jnt_right_uplegroll-Matrix-animation-input">
     <float_array id="jnt_right_uplegroll-Matrix-animation-input-array" count="30">

0.000000 0.033333 0.066667 0.100000 0.133333 0.166667 0.200000 0.233333 0.266667 0.300000 0.333333 0.366667 0.400000 0.433333 0.466667 0.500000
0.533333 0.566667 0.600000 0.633333 0.666667 0.700000 0.733333 0.766667 0.800000 0.833333 0.866667 0.900000 0.933333 0.966667</float_array>
     <technique_common>
      <accessor source="#jnt_right_uplegroll-Matrix-animation-input-array" count="30">
       <param name="TIME" type="float"></param>
      </accessor>
     </technique_common>
    </source>
    <source id="jnt_right_uplegroll-Matrix-animation-output-transform">
     <float_array id="jnt_right_uplegroll-Matrix-animation-output-transform-array" count="480">

1.000000 -0.000000 0.000000 0.430000 0.000000 1.000000 0.000000 0.000000 -0.000000 -0.000000 1.000000 -0.000000 0.000000 0.000000 0.000000 1.000000
1.000000 -0.000000 0.000000 0.430000 0.000000 1.000000 0.000000 0.000000 -0.000000 -0.000000 1.000000 -0.000000 0.000000 0.000000 0.000000 1.000000
1.000000 -0.000000 0.000000 0.430000 0.000000 1.000000 0.000000 0.000000 -0.000000 -0.000000 1.000000 -0.000000 0.000000 0.000000 0.000000 1.000000
1.000000 -0.000000 0.000000 0.430000 0.000000 1.000000 0.000000 0.000000 -0.000000 -0.000000 1.000000 -0.000000 0.000000 0.000000 0.000000 1.000000
1.000000 -0.000000 0.000000 0.430000 0.000000 1.000000 0.000000 0.000000 -0.000000 -0.000000 1.000000 -0.000000 0.000000 0.000000 0.000000 1.000000
1.000000 -0.000000 0.000000 0.430000 0.000000 1.000000 0.000000 0.000000 -0.000000 -0.000000 1.000000 -0.000000 0.000000 0.000000 0.000000 1.000000
1.000000 -0.000000 0.000000 0.430000 0.000000 1.000000 0.000000 0.000000 -0.000000 -0.000000 1.000000 -0.000000 0.000000 0.000000 0.000000 1.000000
1.000000 -0.000000 0.000000 0.430000 0.000000 1.000000 0.000000 0.000000 -0.000000 -0.000000 1.000000 -0.000000 0.000000 0.000000 0.000000 1.000000
1.000000 -0.000000 0.000000 0.430000 0.000000 1.000000 0.000000 0.000000 -0.000000 -0.000000 1.000000 -0.000000 0.000000 0.000000 0.000000 1.000000
1.000000 -0.000000 0.000000 0.430000 0.000000 1.000000 0.000000 0.000000 -0.000000 -0.000000 1.000000 -0.000000 0.000000 0.000000 0.000000 1.000000
1.000000 -0.000000 0.000000 0.430000 0.000000 1.000000 0.000000 0.000000 -0.000000 -0.000000 1.000000 -0.000000 0.000000 0.000000 0.000000 1.000000
1.000000 -0.000000 0.000000 0.430000 0.000000 1.000000 0.000000 0.000000 -0.000000 -0.000000 1.000000 -0.000000 0.000000 0.000000 0.000000 1.000000
1.000000 -0.000000 0.000000 0.430000 0.000000 1.000000 0.000000 0.000000 -0.000000 -0.000000 1.000000 -0.000000 0.000000 0.000000 0.000000 1.000000
1.000000 -0.000000 0.000000 0.430000 0.000000 1.000000 0.000000 0.000000 -0.000000 -0.000000 1.000000 -0.000000 0.000000 0.000000 0.000000 1.000000
1.000000 -0.000000 0.000000 0.430000 0.000000 1.000000 0.000000 0.000000 -0.000000 -0.000000 1.000000 -0.000000 0.000000 0.000000 0.000000 1.000000
1.000000 -0.000000 0.000000 0.430000 0.000000 1.000000 0.000000 0.000000 -0.000000 -0.000000 1.000000 -0.000000 0.000000 0.000000 0.000000 1.000000
1.000000 -0.000000 0.000000 0.430000 0.000000 1.000000 0.000000 0.000000 -0.000000 -0.000000 1.000000 -0.000000 0.000000 0.000000 0.000000 1.000000
1.000000 -0.000000 0.000000 0.430000 0.000000 1.000000 0.000000 0.000000 -0.000000 -0.000000 1.000000 -0.000000 0.000000 0.000000 0.000000 1.000000
1.000000 -0.000000 0.000000 0.430000 0.000000 1.000000 0.000000 0.000000 -0.000000 -0.000000 1.000000 -0.000000 0.000000 0.000000 0.000000 1.000000
1.000000 -0.000000 0.000000 0.430000 0.000000 1.000000 0.000000 0.000000 -0.000000 -0.000000 1.000000 -0.000000 0.000000 0.000000 0.000000 1.000000
1.000000 -0.000000 0.000000 0.430000 0.000000 1.000000 0.000000 0.000000 -0.000000 -0.000000 1.000000 -0.000000 0.000000 0.000000 0.000000 1.000000
1.000000 -0.000000 0.000000 0.430000 0.000000 1.000000 0.000000 0.000000 -0.000000 -0.000000 1.000000 -0.000000 0.000000 0.000000 0.000000 1.000000
1.000000 -0.000000 0.000000 0.430000 0.000000 1.000000 0.000000 0.000000 -0.000000 -0.000000 1.000000 -0.000000 0.000000 0.000000 0.000000 1.000000
1.000000 -0.000000 0.000000 0.430000 0.000000 1.000000 0.000000 0.000000 -0.000000 -0.000000 1.000000 -0.000000 0.000000 0.000000 0.000000 1.000000
1.000000 -0.000000 0.000000 0.430000 0.000000 1.000000 0.000000 0.000000 -0.000000 -0.000000 1.000000 -0.000000 0.000000 0.000000 0.000000 1.000000
1.000000 -0.000000 0.000000 0.430000 0.000000 1.000000 0.000000 0.000000 -0.000000 -0.000000 1.000000 -0.000000 0.000000 0.000000 0.000000 1.000000
1.000000 -0.000000 0.000000 0.430000 0.000000 1.000000 0.000000 0.000000 -0.000000 -0.000000 1.000000 -0.000000 0.000000 0.000000 0.000000 1.000000
1.000000 -0.000000 0.000000 0.430000 0.000000 1.000000 0.000000 0.000000 -0.000000 -0.000000 1.000000 -0.000000 0.000000 0.000000 0.000000 1.000000
1.000000 -0.000000 0.000000 0.430000 0.000000 1.000000 0.000000 0.000000 -0.000000 -0.000000 1.000000 -0.000000 0.000000 0.000000 0.000000 1.000000
1.000000 -0.000000 0.000000 0.430000 0.000000 1.000000 0.000000 0.000000 -0.000000 -0.000000 1.000000 -0.000000 0.000000 0.000000 0.000000 1.000000</float_array>
     <technique_common>
      <accessor source="#jnt_right_uplegroll-Matrix-animation-output-transform-array" count="30" stride="16">
       <param type="float4x4"></param>
      </accessor>
     </technique_common>
    </source>
    <source id="jnt_right_uplegroll-Interpolations">
     <Name_array id="jnt_right_uplegroll-Interpolations-array" count="30">
 LINEAR LINEAR LINEAR LINEAR LINEAR LINEAR LINEAR LINEAR LINEAR LINEAR LINEAR
LINEAR LINEAR LINEAR LINEAR LINEAR LINEAR LINEAR LINEAR LINEAR LINEAR LINEAR LINEAR
LINEAR LINEAR LINEAR LINEAR LINEAR LINEAR LINEAR</Name_array>
     <technique_common>
      <accessor source="#jnt_right_uplegroll-Interpolations-array" count="30">
       <param type="name"></param>
      </accessor>
     </technique_common>
    </source>
    <sampler id="jnt_right_uplegroll-Matrix-animation-transform">
     <input semantic="INPUT" source="#jnt_right_uplegroll-Matrix-animation-input"></input>
     <input semantic="OUTPUT" source="#jnt_right_uplegroll-Matrix-animation-output-transform"></input>
     <input semantic="INTERPOLATION" source="#jnt_right_uplegroll-Interpolations"></input>
    </sampler>
    <channel source="#jnt_right_uplegroll-Matrix-animation-transform" target="jnt_right_uplegroll/matrix"></channel>
   </animation>
  </animation>
  <animation id="jnt_right_leg-anim" name="jnt_right_leg">
   <animation>
    <source id="jnt_right_leg-Matrix-animation-input">
     <float_array id="jnt_right_leg-Matrix-animation-input-array" count="30">

0.000000 0.033333 0.066667 0.100000 0.133333 0.166667 0.200000 0.233333 0.266667 0.300000 0.333333 0.366667 0.400000 0.433333 0.466667 0.500000
0.533333 0.566667 0.600000 0.633333 0.666667 0.700000 0.733333 0.766667 0.800000 0.833333 0.866667 0.900000 0.933333 0.966667</float_array>
     <technique_common>
      <accessor source="#jnt_right_leg-Matrix-animation-input-array" count="30">
       <param name="TIME" type="float"></param>
      </accessor>
     </technique_common>
    </source>
    <source id="jnt_right_leg-Matrix-animation-output-transform">
     <float_array id="jnt_right_leg-Matrix-animation-output-transform-array" count="480">

0.968055 0.250270 -0.015278 0.860324 -0.240256 0.943300 0.229042 0.000000 0.071735 -0.218055 0.973296 -0.000000 0.000000 0.000000 0.000000 1.000000
0.968055 0.250270 -0.015278 0.860324 -0.240256 0.943300 0.229042 0.000000 0.071735 -0.218055 0.973296 -0.000000 0.000000 0.000000 0.000000 1.000000
0.968055 0.250270 -0.015278 0.860324 -0.240256 0.943300 0.229042 0.000000 0.071735 -0.218055 0.973296 -0.000000 0.000000 0.000000 0.000000 1.000000
0.968055 0.250270 -0.015278 0.860324 -0.240256 0.943300 0.229042 0.000000 0.071735 -0.218055 0.973296 -0.000000 0.000000 0.000000 0.000000 1.000000
0.968055 0.250270 -0.015278 0.860324 -0.240256 0.943300 0.229042 0.000000 0.071735 -0.218055 0.973296 -0.000000 0.000000 0.000000 0.000000 1.000000
0.968055 0.250270 -0.015278 0.860324 -0.240256 0.943300 0.229042 0.000000 0.071735 -0.218055 0.973296 -0.000000 0.000000 0.000000 0.000000 1.000000
0.968055 0.250270 -0.015278 0.860324 -0.240256 0.943300 0.229042 0.000000 0.071735 -0.218055 0.973296 -0.000000 0.000000 0.000000 0.000000 1.000000
0.968055 0.250270 -0.015278 0.860324 -0.240256 0.943300 0.229042 0.000000 0.071735 -0.218055 0.973296 -0.000000 0.000000 0.000000 0.000000 1.000000
0.968055 0.250270 -0.015278 0.860324 -0.240256 0.943300 0.229042 0.000000 0.071735 -0.218055 0.973296 -0.000000 0.000000 0.000000 0.000000 1.000000
0.968055 0.250270 -0.015278 0.860324 -0.240256 0.943300 0.229042 0.000000 0.071735 -0.218055 0.973296 -0.000000 0.000000 0.000000 0.000000 1.000000
0.968055 0.250270 -0.015278 0.860324 -0.240256 0.943300 0.229042 0.000000 0.071735 -0.218055 0.973296 -0.000000 0.000000 0.000000 0.000000 1.000000
0.968055 0.250270 -0.015278 0.860324 -0.240256 0.943300 0.229042 0.000000 0.071735 -0.218055 0.973296 -0.000000 0.000000 0.000000 0.000000 1.000000
0.968055 0.250270 -0.015278 0.860324 -0.240256 0.943300 0.229042 0.000000 0.071735 -0.218055 0.973296 -0.000000 0.000000 0.000000 0.000000 1.000000
0.968055 0.250270 -0.015278 0.860324 -0.240256 0.943300 0.229042 0.000000 0.071735 -0.218055 0.973296 -0.000000 0.000000 0.000000 0.000000 1.000000
0.968055 0.250270 -0.015278 0.860324 -0.240256 0.943300 0.229042 0.000000 0.071735 -0.218055 0.973296 -0.000000 0.000000 0.000000 0.000000 1.000000
0.968055 0.250270 -0.015278 0.860324 -0.240256 0.943300 0.229042 0.000000 0.071735 -0.218055 0.973296 -0.000000 0.000000 0.000000 0.000000 1.000000
0.968055 0.250270 -0.015278 0.860324 -0.240256 0.943300 0.229042 0.000000 0.071735 -0.218055 0.973296 -0.000000 0.000000 0.000000 0.000000 1.000000
0.968055 0.250270 -0.015278 0.860324 -0.240256 0.943300 0.229042 0.000000 0.071735 -0.218055 0.973296 -0.000000 0.000000 0.000000 0.000000 1.000000
0.968055 0.250270 -0.015278 0.860324 -0.240256 0.943300 0.229042 0.000000 0.071735 -0.218055 0.973296 -0.000000 0.000000 0.000000 0.000000 1.000000
0.968055 0.250270 -0.015278 0.860324 -0.240256 0.943300 0.229042 0.000000 0.071735 -0.218055 0.973296 -0.000000 0.000000 0.000000 0.000000 1.000000
0.968055 0.250270 -0.015278 0.860324 -0.240256 0.943300 0.229042 0.000000 0.071735 -0.218055 0.973296 -0.000000 0.000000 0.000000 0.000000 1.000000
0.968055 0.250270 -0.015278 0.860324 -0.240256 0.943300 0.229042 0.000000 0.071735 -0.218055 0.973296 -0.000000 0.000000 0.000000 0.000000 1.000000
0.968055 0.250270 -0.015278 0.860324 -0.240256 0.943300 0.229042 0.000000 0.071735 -0.218055 0.973296 -0.000000 0.000000 0.000000 0.000000 1.000000
0.968055 0.250270 -0.015278 0.860324 -0.240256 0.943300 0.229042 0.000000 0.071735 -0.218055 0.973296 -0.000000 0.000000 0.000000 0.000000 1.000000
0.968055 0.250270 -0.015278 0.860324 -0.240256 0.943300 0.229042 0.000000 0.071735 -0.218055 0.973296 -0.000000 0.000000 0.000000 0.000000 1.000000
0.968055 0.250270 -0.015278 0.860324 -0.240256 0.943300 0.229042 0.000000 0.071735 -0.218055 0.973296 -0.000000 0.000000 0.000000 0.000000 1.000000
0.968055 0.250270 -0.015278 0.860324 -0.240256 0.943300 0.229042 0.000000 0.071735 -0.218055 0.973296 -0.000000 0.000000 0.000000 0.000000 1.000000
0.968055 0.250270 -0.015278 0.860324 -0.240256 0.943300 0.229042 0.000000 0.071735 -0.218055 0.973296 -0.000000 0.000000 0.000000 0.000000 1.000000
0.968055 0.250270 -0.015278 0.860324 -0.240256 0.943300 0.229042 0.000000 0.071735 -0.218055 0.973296 -0.000000 0.000000 0.000000 0.000000 1.000000
0.968055 0.250270 -0.015278 0.860324 -0.240256 0.943300 0.229042 0.000000 0.071735 -0.218055 0.973296 -0.000000 0.000000 0.000000 0.000000 1.000000</float_array>
     <technique_common>
      <accessor source="#jnt_right_leg-Matrix-animation-output-transform-array" count="30" stride="16">
       <param type="float4x4"></param>
      </accessor>
     </technique_common>
    </source>
    <source id="jnt_right_leg-Interpolations">
     <Name_array id="jnt_right_leg-Interpolations-array" count="30">
 LINEAR LINEAR LINEAR LINEAR LINEAR LINEAR LINEAR LINEAR LINEAR LINEAR LINEAR
LINEAR LINEAR LINEAR LINEAR LINEAR LINEAR LINEAR LINEAR LINEAR LINEAR LINEAR LINEAR
LINEAR LINEAR LINEAR LINEAR LINEAR LINEAR LINEAR</Name_array>
     <technique_common>
      <accessor source="#jnt_right_leg-Interpolations-array" count="30">
       <param type="name"></param>
      </accessor>
     </technique_common>
    </source>
    <sampler id="jnt_right_leg-Matrix-animation-transform">
     <input semantic="INPUT" source="#jnt_right_leg-Matrix-animation-input"></input>
     <input semantic="OUTPUT" source="#jnt_right_leg-Matrix-animation-output-transform"></input>
     <input semantic="INTERPOLATION" source="#jnt_right_leg-Interpolations"></input>
    </sampler>
    <channel source="#jnt_right_leg-Matrix-animation-transform" target="jnt_right_leg/matrix"></channel>
   </animation>
  </animation>
  <animation id="jnt_right_legroll-anim" name="jnt_right_legroll">
   <animation>
    <source id="jnt_right_legroll-Matrix-animation-input">
     <float_array id="jnt_right_legroll-Matrix-animation-input-array" count="30">

0.000000 0.033333 0.066667 0.100000 0.133333 0.166667 0.200000 0.233333 0.266667 0.300000 0.333333 0.366667 0.400000 0.433333 0.466667 0.500000
0.533333 0.566667 0.600000 0.633333 0.666667 0.700000 0.733333 0.766667 0.800000 0.833333 0.866667 0.900000 0.933333 0.966667</float_array>
     <technique_common>
      <accessor source="#jnt_right_legroll-Matrix-animation-input-array" count="30">
       <param name="TIME" type="float"></param>
      </accessor>
     </technique_common>
    </source>
    <source id="jnt_right_legroll-Matrix-animation-output-transform">
     <float_array id="jnt_right_legroll-Matrix-animation-output-transform-array" count="480">

1.000000 0.000000 0.000000 0.384000 -0.000000 1.000000 0.000000 -0.000000 -0.000000 -0.000000 1.000000 0.000000 0.000000 0.000000 0.000000 1.000000
1.000000 0.000000 0.000000 0.384000 -0.000000 1.000000 0.000000 -0.000000 -0.000000 -0.000000 1.000000 0.000000 0.000000 0.000000 0.000000 1.000000
1.000000 0.000000 0.000000 0.384000 -0.000000 1.000000 0.000000 -0.000000 -0.000000 -0.000000 1.000000 0.000000 0.000000 0.000000 0.000000 1.000000
1.000000 0.000000 0.000000 0.384000 -0.000000 1.000000 0.000000 -0.000000 -0.000000 -0.000000 1.000000 0.000000 0.000000 0.000000 0.000000 1.000000
1.000000 0.000000 0.000000 0.384000 -0.000000 1.000000 0.000000 -0.000000 -0.000000 -0.000000 1.000000 0.000000 0.000000 0.000000 0.000000 1.000000
1.000000 0.000000 0.000000 0.384000 -0.000000 1.000000 0.000000 -0.000000 -0.000000 -0.000000 1.000000 0.000000 0.000000 0.000000 0.000000 1.000000
1.000000 0.000000 0.000000 0.384000 -0.000000 1.000000 0.000000 -0.000000 -0.000000 -0.000000 1.000000 0.000000 0.000000 0.000000 0.000000 1.000000
1.000000 0.000000 0.000000 0.384000 -0.000000 1.000000 0.000000 -0.000000 -0.000000 -0.000000 1.000000 0.000000 0.000000 0.000000 0.000000 1.000000
1.000000 0.000000 0.000000 0.384000 -0.000000 1.000000 0.000000 -0.000000 -0.000000 -0.000000 1.000000 0.000000 0.000000 0.000000 0.000000 1.000000
1.000000 0.000000 0.000000 0.384000 -0.000000 1.000000 0.000000 -0.000000 -0.000000 -0.000000 1.000000 0.000000 0.000000 0.000000 0.000000 1.000000
1.000000 0.000000 0.000000 0.384000 -0.000000 1.000000 0.000000 -0.000000 -0.000000 -0.000000 1.000000 0.000000 0.000000 0.000000 0.000000 1.000000
1.000000 0.000000 0.000000 0.384000 -0.000000 1.000000 0.000000 -0.000000 -0.000000 -0.000000 1.000000 0.000000 0.000000 0.000000 0.000000 1.000000
1.000000 0.000000 0.000000 0.384000 -0.000000 1.000000 0.000000 -0.000000 -0.000000 -0.000000 1.000000 0.000000 0.000000 0.000000 0.000000 1.000000
1.000000 0.000000 0.000000 0.384000 -0.000000 1.000000 0.000000 -0.000000 -0.000000 -0.000000 1.000000 0.000000 0.000000 0.000000 0.000000 1.000000
1.000000 0.000000 0.000000 0.384000 -0.000000 1.000000 0.000000 -0.000000 -0.000000 -0.000000 1.000000 0.000000 0.000000 0.000000 0.000000 1.000000
1.000000 0.000000 0.000000 0.384000 -0.000000 1.000000 0.000000 -0.000000 -0.000000 -0.000000 1.000000 0.000000 0.000000 0.000000 0.000000 1.000000
1.000000 0.000000 0.000000 0.384000 -0.000000 1.000000 0.000000 -0.000000 -0.000000 -0.000000 1.000000 0.000000 0.000000 0.000000 0.000000 1.000000
1.000000 0.000000 0.000000 0.384000 -0.000000 1.000000 0.000000 -0.000000 -0.000000 -0.000000 1.000000 0.000000 0.000000 0.000000 0.000000 1.000000
1.000000 0.000000 0.000000 0.384000 -0.000000 1.000000 0.000000 -0.000000 -0.000000 -0.000000 1.000000 0.000000 0.000000 0.000000 0.000000 1.000000
1.000000 0.000000 0.000000 0.384000 -0.000000 1.000000 0.000000 -0.000000 -0.000000 -0.000000 1.000000 0.000000 0.000000 0.000000 0.000000 1.000000
1.000000 0.000000 0.000000 0.384000 -0.000000 1.000000 0.000000 -0.000000 -0.000000 -0.000000 1.000000 0.000000 0.000000 0.000000 0.000000 1.000000
1.000000 0.000000 0.000000 0.384000 -0.000000 1.000000 0.000000 -0.000000 -0.000000 -0.000000 1.000000 0.000000 0.000000 0.000000 0.000000 1.000000
1.000000 0.000000 0.000000 0.384000 -0.000000 1.000000 0.000000 -0.000000 -0.000000 -0.000000 1.000000 0.000000 0.000000 0.000000 0.000000 1.000000
1.000000 0.000000 0.000000 0.384000 -0.000000 1.000000 0.000000 -0.000000 -0.000000 -0.000000 1.000000 0.000000 0.000000 0.000000 0.000000 1.000000
1.000000 0.000000 0.000000 0.384000 -0.000000 1.000000 0.000000 -0.000000 -0.000000 -0.000000 1.000000 0.000000 0.000000 0.000000 0.000000 1.000000
1.000000 0.000000 0.000000 0.384000 -0.000000 1.000000 0.000000 -0.000000 -0.000000 -0.000000 1.000000 0.000000 0.000000 0.000000 0.000000 1.000000
1.000000 0.000000 0.000000 0.384000 -0.000000 1.000000 0.000000 -0.000000 -0.000000 -0.000000 1.000000 0.000000 0.000000 0.000000 0.000000 1.000000
1.000000 0.000000 0.000000 0.384000 -0.000000 1.000000 0.000000 -0.000000 -0.000000 -0.000000 1.000000 0.000000 0.000000 0.000000 0.000000 1.000000
1.000000 0.000000 0.000000 0.384000 -0.000000 1.000000 0.000000 -0.000000 -0.000000 -0.000000 1.000000 0.000000 0.000000 0.000000 0.000000 1.000000
1.000000 0.000000 0.000000 0.384000 -0.000000 1.000000 0.000000 -0.000000 -0.000000 -0.000000 1.000000 0.000000 0.000000 0.000000 0.000000 1.000000</float_array>
     <technique_common>
      <accessor source="#jnt_right_legroll-Matrix-animation-output-transform-array" count="30" stride="16">
       <param type="float4x4"></param>
      </accessor>
     </technique_common>
    </source>
    <source id="jnt_right_legroll-Interpolations">
     <Name_array id="jnt_right_legroll-Interpolations-array" count="30">
 LINEAR LINEAR LINEAR LINEAR LINEAR LINEAR LINEAR LINEAR LINEAR LINEAR LINEAR
LINEAR LINEAR LINEAR LINEAR LINEAR LINEAR LINEAR LINEAR LINEAR LINEAR LINEAR LINEAR
LINEAR LINEAR LINEAR LINEAR LINEAR LINEAR LINEAR</Name_array>
     <technique_common>
      <accessor source="#jnt_right_legroll-Interpolations-array" count="30">
       <param type="name"></param>
      </accessor>
     </technique_common>
    </source>
    <sampler id="jnt_right_legroll-Matrix-animation-transform">
     <input semantic="INPUT" source="#jnt_right_legroll-Matrix-animation-input"></input>
     <input semantic="OUTPUT" source="#jnt_right_legroll-Matrix-animation-output-transform"></input>
     <input semantic="INTERPOLATION" source="#jnt_right_legroll-Interpolations"></input>
    </sampler>
    <channel source="#jnt_right_legroll-Matrix-animation-transform" target="jnt_right_legroll/matrix"></channel>
   </animation>
  </animation>
  <animation id="jnt_right_foot-anim" name="jnt_right_foot">
   <animation>
    <source id="jnt_right_foot-Matrix-animation-input">
     <float_array id="jnt_right_foot-Matrix-animation-input-array" count="30">

0.000000 0.033333 0.066667 0.100000 0.133333 0.166667 0.200000 0.233333 0.266667 0.300000 0.333333 0.366667 0.400000 0.433333 0.466667 0.500000
0.533333 0.566667 0.600000 0.633333 0.666667 0.700000 0.733333 0.766667 0.800000 0.833333 0.866667 0.900000 0.933333 0.966667</float_array>
     <technique_common>
      <accessor source="#jnt_right_foot-Matrix-animation-input-array" count="30">
       <param name="TIME" type="float"></param>
      </accessor>
     </technique_common>
    </source>
    <source id="jnt_right_foot-Matrix-animation-output-transform">
     <float_array id="jnt_right_foot-Matrix-animation-output-transform-array" count="480">

0.278762 -0.954826 0.102953 0.768144 0.945566 0.291630 0.144415 -0.000001 -0.167916 0.057091 0.984147 0.000000 0.000000 0.000000 0.000000 1.000000
0.278762 -0.954826 0.102953 0.768144 0.945566 0.291630 0.144415 -0.000001 -0.167916 0.057091 0.984147 0.000000 0.000000 0.000000 0.000000 1.000000
0.278762 -0.954826 0.102953 0.768144 0.945566 0.291630 0.144415 -0.000001 -0.167916 0.057091 0.984147 0.000000 0.000000 0.000000 0.000000 1.000000
0.278762 -0.954826 0.102953 0.768144 0.945566 0.291630 0.144415 -0.000001 -0.167916 0.057091 0.984147 0.000000 0.000000 0.000000 0.000000 1.000000
0.278762 -0.954826 0.102953 0.768144 0.945566 0.291630 0.144415 -0.000001 -0.167916 0.057091 0.984147 0.000000 0.000000 0.000000 0.000000 1.000000
0.278762 -0.954826 0.102953 0.768144 0.945566 0.291630 0.144415 -0.000001 -0.167916 0.057091 0.984147 0.000000 0.000000 0.000000 0.000000 1.000000
0.278762 -0.954826 0.102953 0.768144 0.945566 0.291630 0.144415 -0.000001 -0.167916 0.057091 0.984147 0.000000 0.000000 0.000000 0.000000 1.000000
0.278762 -0.954826 0.102953 0.768144 0.945566 0.291630 0.144415 -0.000001 -0.167916 0.057091 0.984147 0.000000 0.000000 0.000000 0.000000 1.000000
0.278762 -0.954826 0.102953 0.768144 0.945566 0.291630 0.144415 -0.000001 -0.167916 0.057091 0.984147 0.000000 0.000000 0.000000 0.000000 1.000000
0.278762 -0.954826 0.102953 0.768144 0.945566 0.291630 0.144415 -0.000001 -0.167916 0.057091 0.984147 0.000000 0.000000 0.000000 0.000000 1.000000
0.278762 -0.954826 0.102953 0.768144 0.945566 0.291630 0.144415 -0.000001 -0.167916 0.057091 0.984147 0.000000 0.000000 0.000000 0.000000 1.000000
0.278762 -0.954826 0.102953 0.768144 0.945566 0.291630 0.144415 -0.000001 -0.167916 0.057091 0.984147 0.000000 0.000000 0.000000 0.000000 1.000000
0.278762 -0.954826 0.102953 0.768144 0.945566 0.291630 0.144415 -0.000001 -0.167916 0.057091 0.984147 0.000000 0.000000 0.000000 0.000000 1.000000
0.278762 -0.954826 0.102953 0.768144 0.945566 0.291630 0.144415 -0.000001 -0.167916 0.057091 0.984147 0.000000 0.000000 0.000000 0.000000 1.000000
0.278762 -0.954826 0.102953 0.768144 0.945566 0.291630 0.144415 -0.000001 -0.167916 0.057091 0.984147 0.000000 0.000000 0.000000 0.000000 1.000000
0.278762 -0.954826 0.102953 0.768144 0.945566 0.291630 0.144415 -0.000001 -0.167916 0.057091 0.984147 0.000000 0.000000 0.000000 0.000000 1.000000
0.278762 -0.954826 0.102953 0.768144 0.945566 0.291630 0.144415 -0.000001 -0.167916 0.057091 0.984147 0.000000 0.000000 0.000000 0.000000 1.000000
0.278762 -0.954826 0.102953 0.768144 0.945566 0.291630 0.144415 -0.000001 -0.167916 0.057091 0.984147 0.000000 0.000000 0.000000 0.000000 1.000000
0.278762 -0.954826 0.102953 0.768144 0.945566 0.291630 0.144415 -0.000001 -0.167916 0.057091 0.984147 0.000000 0.000000 0.000000 0.000000 1.000000
0.278762 -0.954826 0.102953 0.768144 0.945566 0.291630 0.144415 -0.000001 -0.167916 0.057091 0.984147 0.000000 0.000000 0.000000 0.000000 1.000000
0.278762 -0.954826 0.102953 0.768144 0.945566 0.291630 0.144415 -0.000001 -0.167916 0.057091 0.984147 0.000000 0.000000 0.000000 0.000000 1.000000
0.278762 -0.954826 0.102953 0.768144 0.945566 0.291630 0.144415 -0.000001 -0.167916 0.057091 0.984147 0.000000 0.000000 0.000000 0.000000 1.000000
0.278762 -0.954826 0.102953 0.768144 0.945566 0.291630 0.144415 -0.000001 -0.167916 0.057091 0.984147 0.000000 0.000000 0.000000 0.000000 1.000000
0.278762 -0.954826 0.102953 0.768144 0.945566 0.291630 0.144415 -0.000001 -0.167916 0.057091 0.984147 0.000000 0.000000 0.000000 0.000000 1.000000
0.278762 -0.954826 0.102953 0.768144 0.945566 0.291630 0.144415 -0.000001 -0.167916 0.057091 0.984147 0.000000 0.000000 0.000000 0.000000 1.000000
0.278762 -0.954826 0.102953 0.768144 0.945566 0.291630 0.144415 -0.000001 -0.167916 0.057091 0.984147 0.000000 0.000000 0.000000 0.000000 1.000000
0.278762 -0.954826 0.102953 0.768144 0.945566 0.291630 0.144415 -0.000001 -0.167916 0.057091 0.984147 0.000000 0.000000 0.000000 0.000000 1.000000
0.278762 -0.954826 0.102953 0.768144 0.945566 0.291630 0.144415 -0.000001 -0.167916 0.057091 0.984147 0.000000 0.000000 0.000000 0.000000 1.000000
0.278762 -0.954826 0.102953 0.768144 0.945566 0.291630 0.144415 -0.000001 -0.167916 0.057091 0.984147 0.000000 0.000000 0.000000 0.000000 1.000000
0.278762 -0.954826 0.102953 0.768144 0.945566 0.291630 0.144415 -0.000001 -0.167916 0.057091 0.984147 0.000000 0.000000 0.000000 0.000000 1.000000</float_array>
     <technique_common>
      <accessor source="#jnt_right_foot-Matrix-animation-output-transform-array" count="30" stride="16">
       <param type="float4x4"></param>
      </accessor>
     </technique_common>
    </source>
    <source id="jnt_right_foot-Interpolations">
     <Name_array id="jnt_right_foot-Interpolations-array" count="30">
 LINEAR LINEAR LINEAR LINEAR LINEAR LINEAR LINEAR LINEAR LINEAR LINEAR LINEAR
LINEAR LINEAR LINEAR LINEAR LINEAR LINEAR LINEAR LINEAR LINEAR LINEAR LINEAR LINEAR
LINEAR LINEAR LINEAR LINEAR LINEAR LINEAR LINEAR</Name_array>
     <technique_common>
      <accessor source="#jnt_right_foot-Interpolations-array" count="30">
       <param type="name"></param>
      </accessor>
     </technique_common>
    </source>
    <sampler id="jnt_right_foot-Matrix-animation-transform">
     <input semantic="INPUT" source="#jnt_right_foot-Matrix-animation-input"></input>
     <input semantic="OUTPUT" source="#jnt_right_foot-Matrix-animation-output-transform"></input>
     <input semantic="INTERPOLATION" source="#jnt_right_foot-Interpolations"></input>
    </sampler>
    <channel source="#jnt_right_foot-Matrix-animation-transform" target="jnt_right_foot/matrix"></channel>
   </animation>
  </animation>
  <animation id="jnt_right_toebase-anim" name="jnt_right_toebase">
   <animation>
    <source id="jnt_right_toebase-Matrix-animation-input">
     <float_array id="jnt_right_toebase-Matrix-animation-input-array" count="30">

0.000000 0.033333 0.066667 0.100000 0.133333 0.166667 0.200000 0.233333 0.266667 0.300000 0.333333 0.366667 0.400000 0.433333 0.466667 0.500000
0.533333 0.566667 0.600000 0.633333 0.666667 0.700000 0.733333 0.766667 0.800000 0.833333 0.866667 0.900000 0.933333 0.966667</float_array>
     <technique_common>
      <accessor source="#jnt_right_toebase-Matrix-animation-input-array" count="30">
       <param name="TIME" type="float"></param>
      </accessor>
     </technique_common>
    </source>
    <source id="jnt_right_toebase-Matrix-animation-output-transform">
     <float_array id="jnt_right_toebase-Matrix-animation-output-transform-array" count="480">

0.918936 -0.394407 -0.000000 0.441847 0.394407 0.918936 0.000000 -0.000000 0.000000 -0.000000 1.000000 0.000000 0.000000 0.000000 0.000000 1.000000
0.918936 -0.394407 -0.000000 0.441847 0.394407 0.918936 0.000000 -0.000000 0.000000 -0.000000 1.000000 0.000000 0.000000 0.000000 0.000000 1.000000
0.918936 -0.394407 -0.000000 0.441847 0.394407 0.918936 0.000000 -0.000000 0.000000 -0.000000 1.000000 0.000000 0.000000 0.000000 0.000000 1.000000
0.918936 -0.394407 -0.000000 0.441847 0.394407 0.918936 0.000000 -0.000000 0.000000 -0.000000 1.000000 0.000000 0.000000 0.000000 0.000000 1.000000
0.918936 -0.394407 -0.000000 0.441847 0.394407 0.918936 0.000000 -0.000000 0.000000 -0.000000 1.000000 0.000000 0.000000 0.000000 0.000000 1.000000
0.918936 -0.394407 -0.000000 0.441847 0.394407 0.918936 0.000000 -0.000000 0.000000 -0.000000 1.000000 0.000000 0.000000 0.000000 0.000000 1.000000
0.918936 -0.394407 -0.000000 0.441847 0.394407 0.918936 0.000000 -0.000000 0.000000 -0.000000 1.000000 0.000000 0.000000 0.000000 0.000000 1.000000
0.918936 -0.394407 -0.000000 0.441847 0.394407 0.918936 0.000000 -0.000000 0.000000 -0.000000 1.000000 0.000000 0.000000 0.000000 0.000000 1.000000
0.918936 -0.394407 -0.000000 0.441847 0.394407 0.918936 0.000000 -0.000000 0.000000 -0.000000 1.000000 0.000000 0.000000 0.000000 0.000000 1.000000
0.918936 -0.394407 -0.000000 0.441847 0.394407 0.918936 0.000000 -0.000000 0.000000 -0.000000 1.000000 0.000000 0.000000 0.000000 0.000000 1.000000
0.918936 -0.394407 -0.000000 0.441847 0.394407 0.918936 0.000000 -0.000000 0.000000 -0.000000 1.000000 0.000000 0.000000 0.000000 0.000000 1.000000
0.918936 -0.394407 -0.000000 0.441847 0.394407 0.918936 0.000000 -0.000000 0.000000 -0.000000 1.000000 0.000000 0.000000 0.000000 0.000000 1.000000
0.918936 -0.394407 -0.000000 0.441847 0.394407 0.918936 0.000000 -0.000000 0.000000 -0.000000 1.000000 0.000000 0.000000 0.000000 0.000000 1.000000
0.918936 -0.394407 -0.000000 0.441847 0.394407 0.918936 0.000000 -0.000000 0.000000 -0.000000 1.000000 0.000000 0.000000 0.000000 0.000000 1.000000
0.918936 -0.394407 -0.000000 0.441847 0.394407 0.918936 0.000000 -0.000000 0.000000 -0.000000 1.000000 0.000000 0.000000 0.000000 0.000000 1.000000
0.918936 -0.394407 -0.000000 0.441847 0.394407 0.918936 0.000000 -0.000000 0.000000 -0.000000 1.000000 0.000000 0.000000 0.000000 0.000000 1.000000
0.918936 -0.394407 -0.000000 0.441847 0.394407 0.918936 0.000000 -0.000000 0.000000 -0.000000 1.000000 0.000000 0.000000 0.000000 0.000000 1.000000
0.918936 -0.394407 -0.000000 0.441847 0.394407 0.918936 0.000000 -0.000000 0.000000 -0.000000 1.000000 0.000000 0.000000 0.000000 0.000000 1.000000
0.918936 -0.394407 -0.000000 0.441847 0.394407 0.918936 0.000000 -0.000000 0.000000 -0.000000 1.000000 0.000000 0.000000 0.000000 0.000000 1.000000
0.918936 -0.394407 -0.000000 0.441847 0.394407 0.918936 0.000000 -0.000000 0.000000 -0.000000 1.000000 0.000000 0.000000 0.000000 0.000000 1.000000
0.918936 -0.394407 -0.000000 0.441847 0.394407 0.918936 0.000000 -0.000000 0.000000 -0.000000 1.000000 0.000000 0.000000 0.000000 0.000000 1.000000
0.918936 -0.394407 -0.000000 0.441847 0.394407 0.918936 0.000000 -0.000000 0.000000 -0.000000 1.000000 0.000000 0.000000 0.000000 0.000000 1.000000
0.918936 -0.394407 -0.000000 0.441847 0.394407 0.918936 0.000000 -0.000000 0.000000 -0.000000 1.000000 0.000000 0.000000 0.000000 0.000000 1.000000
0.918936 -0.394407 -0.000000 0.441847 0.394407 0.918936 0.000000 -0.000000 0.000000 -0.000000 1.000000 0.000000 0.000000 0.000000 0.000000 1.000000
0.918936 -0.394407 -0.000000 0.441847 0.394407 0.918936 0.000000 -0.000000 0.000000 -0.000000 1.000000 0.000000 0.000000 0.000000 0.000000 1.000000
0.918936 -0.394407 -0.000000 0.441847 0.394407 0.918936 0.000000 -0.000000 0.000000 -0.000000 1.000000 0.000000 0.000000 0.000000 0.000000 1.000000
0.918936 -0.394407 -0.000000 0.441847 0.394407 0.918936 0.000000 -0.000000 0.000000 -0.000000 1.000000 0.000000 0.000000 0.000000 0.000000 1.000000
0.918936 -0.394407 -0.000000 0.441847 0.394407 0.918936 0.000000 -0.000000 0.000000 -0.000000 1.000000 0.000000 0.000000 0.000000 0.000000 1.000000
0.918936 -0.394407 -0.000000 0.441847 0.394407 0.918936 0.000000 -0.000000 0.000000 -0.000000 1.000000 0.000000 0.000000 0.000000 0.000000 1.000000
0.918936 -0.394407 -0.000000 0.441847 0.394407 0.918936 0.000000 -0.000000 0.000000 -0.000000 1.000000 0.000000 0.000000 0.000000 0.000000 1.000000</float_array>
     <technique_common>
      <accessor source="#jnt_right_toebase-Matrix-animation-output-transform-array" count="30" stride="16">
       <param type="float4x4"></param>
      </accessor>
     </technique_common>
    </source>
    <source id="jnt_right_toebase-Interpolations">
     <Name_array id="jnt_right_toebase-Interpolations-array" count="30">
 LINEAR LINEAR LINEAR LINEAR LINEAR LINEAR LINEAR LINEAR LINEAR LINEAR LINEAR
LINEAR LINEAR LINEAR LINEAR LINEAR LINEAR LINEAR LINEAR LINEAR LINEAR LINEAR LINEAR
LINEAR LINEAR LINEAR LINEAR LINEAR LINEAR LINEAR</Name_array>
     <technique_common>
      <accessor source="#jnt_right_toebase-Interpolations-array" count="30">
       <param type="name"></param>
      </accessor>
     </technique_common>
    </source>
    <sampler id="jnt_right_toebase-Matrix-animation-transform">
     <input semantic="INPUT" source="#jnt_right_toebase-Matrix-animation-input"></input>
     <input semantic="OUTPUT" source="#jnt_right_toebase-Matrix-animation-output-transform"></input>
     <input semantic="INTERPOLATION" source="#jnt_right_toebase-Interpolations"></input>
    </sampler>
    <channel source="#jnt_right_toebase-Matrix-animation-transform" target="jnt_right_toebase/matrix"></channel>
   </animation>
  </animation>
  <animation id="jnt_right_toeend-anim" name="jnt_right_toeend">
   <animation>
    <source id="jnt_right_toeend-Matrix-animation-input">
     <float_array id="jnt_right_toeend-Matrix-animation-input-array" count="30">

0.000000 0.033333 0.066667 0.100000 0.133333 0.166667 0.200000 0.233333 0.266667 0.300000 0.333333 0.366667 0.400000 0.433333 0.466667 0.500000
0.533333 0.566667 0.600000 0.633333 0.666667 0.700000 0.733333 0.766667 0.800000 0.833333 0.866667 0.900000 0.933333 0.966667</float_array>
     <technique_common>
      <accessor source="#jnt_right_toeend-Matrix-animation-input-array" count="30">
       <param name="TIME" type="float"></param>
      </accessor>
     </technique_common>
    </source>
    <source id="jnt_right_toeend-Matrix-animation-output-transform">
     <float_array id="jnt_right_toeend-Matrix-animation-output-transform-array" count="480">

1.000000 -0.000001 -0.000000 0.379397 0.000001 1.000000 -0.000000 0.000000 0.000000 0.000000 1.000000 0.000000 0.000000 0.000000 0.000000 1.000000
1.000000 -0.000001 -0.000000 0.379397 0.000001 1.000000 -0.000000 0.000000 0.000000 0.000000 1.000000 0.000000 0.000000 0.000000 0.000000 1.000000
1.000000 -0.000001 -0.000000 0.379397 0.000001 1.000000 -0.000000 0.000000 0.000000 0.000000 1.000000 0.000000 0.000000 0.000000 0.000000 1.000000
1.000000 -0.000001 -0.000000 0.379397 0.000001 1.000000 -0.000000 0.000000 0.000000 0.000000 1.000000 0.000000 0.000000 0.000000 0.000000 1.000000
1.000000 -0.000001 -0.000000 0.379397 0.000001 1.000000 -0.000000 0.000000 0.000000 0.000000 1.000000 0.000000 0.000000 0.000000 0.000000 1.000000
1.000000 -0.000001 -0.000000 0.379397 0.000001 1.000000 -0.000000 0.000000 0.000000 0.000000 1.000000 0.000000 0.000000 0.000000 0.000000 1.000000
1.000000 -0.000001 -0.000000 0.379397 0.000001 1.000000 -0.000000 0.000000 0.000000 0.000000 1.000000 0.000000 0.000000 0.000000 0.000000 1.000000
1.000000 -0.000001 -0.000000 0.379397 0.000001 1.000000 -0.000000 0.000000 0.000000 0.000000 1.000000 0.000000 0.000000 0.000000 0.000000 1.000000
1.000000 -0.000001 -0.000000 0.379397 0.000001 1.000000 -0.000000 0.000000 0.000000 0.000000 1.000000 0.000000 0.000000 0.000000 0.000000 1.000000
1.000000 -0.000001 -0.000000 0.379397 0.000001 1.000000 -0.000000 0.000000 0.000000 0.000000 1.000000 0.000000 0.000000 0.000000 0.000000 1.000000
1.000000 -0.000001 -0.000000 0.379397 0.000001 1.000000 -0.000000 0.000000 0.000000 0.000000 1.000000 0.000000 0.000000 0.000000 0.000000 1.000000
1.000000 -0.000001 -0.000000 0.379397 0.000001 1.000000 -0.000000 0.000000 0.000000 0.000000 1.000000 0.000000 0.000000 0.000000 0.000000 1.000000
1.000000 -0.000001 -0.000000 0.379397 0.000001 1.000000 -0.000000 0.000000 0.000000 0.000000 1.000000 0.000000 0.000000 0.000000 0.000000 1.000000
1.000000 -0.000001 -0.000000 0.379397 0.000001 1.000000 -0.000000 0.000000 0.000000 0.000000 1.000000 0.000000 0.000000 0.000000 0.000000 1.000000
1.000000 -0.000001 -0.000000 0.379397 0.000001 1.000000 -0.000000 0.000000 0.000000 0.000000 1.000000 0.000000 0.000000 0.000000 0.000000 1.000000
1.000000 -0.000001 -0.000000 0.379397 0.000001 1.000000 -0.000000 0.000000 0.000000 0.000000 1.000000 0.000000 0.000000 0.000000 0.000000 1.000000
1.000000 -0.000001 -0.000000 0.379397 0.000001 1.000000 -0.000000 0.000000 0.000000 0.000000 1.000000 0.000000 0.000000 0.000000 0.000000 1.000000
1.000000 -0.000001 -0.000000 0.379397 0.000001 1.000000 -0.000000 0.000000 0.000000 0.000000 1.000000 0.000000 0.000000 0.000000 0.000000 1.000000
1.000000 -0.000001 -0.000000 0.379397 0.000001 1.000000 -0.000000 0.000000 0.000000 0.000000 1.000000 0.000000 0.000000 0.000000 0.000000 1.000000
1.000000 -0.000001 -0.000000 0.379397 0.000001 1.000000 -0.000000 0.000000 0.000000 0.000000 1.000000 0.000000 0.000000 0.000000 0.000000 1.000000
1.000000 -0.000001 -0.000000 0.379397 0.000001 1.000000 -0.000000 0.000000 0.000000 0.000000 1.000000 0.000000 0.000000 0.000000 0.000000 1.000000
1.000000 -0.000001 -0.000000 0.379397 0.000001 1.000000 -0.000000 0.000000 0.000000 0.000000 1.000000 0.000000 0.000000 0.000000 0.000000 1.000000
1.000000 -0.000001 -0.000000 0.379397 0.000001 1.000000 -0.000000 0.000000 0.000000 0.000000 1.000000 0.000000 0.000000 0.000000 0.000000 1.000000
1.000000 -0.000001 -0.000000 0.379397 0.000001 1.000000 -0.000000 0.000000 0.000000 0.000000 1.000000 0.000000 0.000000 0.000000 0.000000 1.000000
1.000000 -0.000001 -0.000000 0.379397 0.000001 1.000000 -0.000000 0.000000 0.000000 0.000000 1.000000 0.000000 0.000000 0.000000 0.000000 1.000000
1.000000 -0.000001 -0.000000 0.379397 0.000001 1.000000 -0.000000 0.000000 0.000000 0.000000 1.000000 0.000000 0.000000 0.000000 0.000000 1.000000
1.000000 -0.000001 -0.000000 0.379397 0.000001 1.000000 -0.000000 0.000000 0.000000 0.000000 1.000000 0.000000 0.000000 0.000000 0.000000 1.000000
1.000000 -0.000001 -0.000000 0.379397 0.000001 1.000000 -0.000000 0.000000 0.000000 0.000000 1.000000 0.000000 0.000000 0.000000 0.000000 1.000000
1.000000 -0.000001 -0.000000 0.379397 0.000001 1.000000 -0.000000 0.000000 0.000000 0.000000 1.000000 0.000000 0.000000 0.000000 0.000000 1.000000
1.000000 -0.000001 -0.000000 0.379397 0.000001 1.000000 -0.000000 0.000000 0.000000 0.000000 1.000000 0.000000 0.000000 0.000000 0.000000 1.000000</float_array>
     <technique_common>
      <accessor source="#jnt_right_toeend-Matrix-animation-output-transform-array" count="30" stride="16">
       <param type="float4x4"></param>
      </accessor>
     </technique_common>
    </source>
    <source id="jnt_right_toeend-Interpolations">
     <Name_array id="jnt_right_toeend-Interpolations-array" count="30">
 LINEAR LINEAR LINEAR LINEAR LINEAR LINEAR LINEAR LINEAR LINEAR LINEAR LINEAR
LINEAR LINEAR LINEAR LINEAR LINEAR LINEAR LINEAR LINEAR LINEAR LINEAR LINEAR LINEAR
LINEAR LINEAR LINEAR LINEAR LINEAR LINEAR LINEAR</Name_array>
     <technique_common>
      <accessor source="#jnt_right_toeend-Interpolations-array" count="30">
       <param type="name"></param>
      </accessor>
     </technique_common>
    </source>
    <sampler id="jnt_right_toeend-Matrix-animation-transform">
     <input semantic="INPUT" source="#jnt_right_toeend-Matrix-animation-input"></input>
     <input semantic="OUTPUT" source="#jnt_right_toeend-Matrix-animation-output-transform"></input>
     <input semantic="INTERPOLATION" source="#jnt_right_toeend-Interpolations"></input>
    </sampler>
    <channel source="#jnt_right_toeend-Matrix-animation-transform" target="jnt_right_toeend/matrix"></channel>
   </animation>
  </animation>
  <animation id="jnt_left_upleg-anim" name="jnt_left_upleg">
   <animation>
    <source id="jnt_left_upleg-Matrix-animation-input">
     <float_array id="jnt_left_upleg-Matrix-animation-input-array" count="30">

0.000000 0.033333 0.066667 0.100000 0.133333 0.166667 0.200000 0.233333 0.266667 0.300000 0.333333 0.366667 0.400000 0.433333 0.466667 0.500000
0.533333 0.566667 0.600000 0.633333 0.666667 0.700000 0.733333 0.766667 0.800000 0.833333 0.866667 0.900000 0.933333 0.966667</float_array>
     <technique_common>
      <accessor source="#jnt_left_upleg-Matrix-animation-input-array" count="30">
       <param name="TIME" type="float"></param>
      </accessor>
     </technique_common>
    </source>
    <source id="jnt_left_upleg-Matrix-animation-output-transform">
     <float_array id="jnt_left_upleg-Matrix-animation-output-transform-array" count="480">

0.112561 0.332886 -0.936224 0.446779 -0.993504 0.053590 -0.100393 -0.111213 0.016753 0.941443 0.336756 0.043020 0.000000 0.000000 0.000000 1.000000
0.112561 0.332886 -0.936224 0.446779 -0.993504 0.053590 -0.100393 -0.111213 0.016753 0.941443 0.336756 0.043020 0.000000 0.000000 0.000000 1.000000
0.112561 0.332886 -0.936224 0.446779 -0.993504 0.053590 -0.100393 -0.111213 0.016753 0.941443 0.336756 0.043020 0.000000 0.000000 0.000000 1.000000
0.112561 0.332886 -0.936224 0.446779 -0.993504 0.053590 -0.100393 -0.111213 0.016753 0.941443 0.336756 0.043020 0.000000 0.000000 0.000000 1.000000
0.112561 0.332886 -0.936224 0.446779 -0.993504 0.053590 -0.100393 -0.111213 0.016753 0.941443 0.336756 0.043020 0.000000 0.000000 0.000000 1.000000
0.112561 0.332886 -0.936224 0.446779 -0.993504 0.053590 -0.100393 -0.111213 0.016753 0.941443 0.336756 0.043020 0.000000 0.000000 0.000000 1.000000
0.112561 0.332886 -0.936224 0.446779 -0.993504 0.053590 -0.100393 -0.111213 0.016753 0.941443 0.336756 0.043020 0.000000 0.000000 0.000000 1.000000
0.112561 0.332886 -0.936224 0.446779 -0.993504 0.053590 -0.100393 -0.111213 0.016753 0.941443 0.336756 0.043020 0.000000 0.000000 0.000000 1.000000
0.112561 0.332886 -0.936224 0.446779 -0.993504 0.053590 -0.100393 -0.111213 0.016753 0.941443 0.336756 0.043020 0.000000 0.000000 0.000000 1.000000
0.112561 0.332886 -0.936224 0.446779 -0.993504 0.053590 -0.100393 -0.111213 0.016753 0.941443 0.336756 0.043020 0.000000 0.000000 0.000000 1.000000
0.112561 0.332886 -0.936224 0.446779 -0.993504 0.053590 -0.100393 -0.111213 0.016753 0.941443 0.336756 0.043020 0.000000 0.000000 0.000000 1.000000
0.112561 0.332886 -0.936224 0.446779 -0.993504 0.053590 -0.100393 -0.111213 0.016753 0.941443 0.336756 0.043020 0.000000 0.000000 0.000000 1.000000
0.112561 0.332886 -0.936224 0.446779 -0.993504 0.053590 -0.100393 -0.111213 0.016753 0.941443 0.336756 0.043020 0.000000 0.000000 0.000000 1.000000
0.112561 0.332886 -0.936224 0.446779 -0.993504 0.053590 -0.100393 -0.111213 0.016753 0.941443 0.336756 0.043020 0.000000 0.000000 0.000000 1.000000
0.112561 0.332886 -0.936224 0.446779 -0.993504 0.053590 -0.100393 -0.111213 0.016753 0.941443 0.336756 0.043020 0.000000 0.000000 0.000000 1.000000
0.112561 0.332886 -0.936224 0.446779 -0.993504 0.053590 -0.100393 -0.111213 0.016753 0.941443 0.336756 0.043020 0.000000 0.000000 0.000000 1.000000
0.112561 0.332886 -0.936224 0.446779 -0.993504 0.053590 -0.100393 -0.111213 0.016753 0.941443 0.336756 0.043020 0.000000 0.000000 0.000000 1.000000
0.112561 0.332886 -0.936224 0.446779 -0.993504 0.053590 -0.100393 -0.111213 0.016753 0.941443 0.336756 0.043020 0.000000 0.000000 0.000000 1.000000
0.112561 0.332886 -0.936224 0.446779 -0.993504 0.053590 -0.100393 -0.111213 0.016753 0.941443 0.336756 0.043020 0.000000 0.000000 0.000000 1.000000
0.112561 0.332886 -0.936224 0.446779 -0.993504 0.053590 -0.100393 -0.111213 0.016753 0.941443 0.336756 0.043020 0.000000 0.000000 0.000000 1.000000
0.112561 0.332886 -0.936224 0.446779 -0.993504 0.053590 -0.100393 -0.111213 0.016753 0.941443 0.336756 0.043020 0.000000 0.000000 0.000000 1.000000
0.112561 0.332886 -0.936224 0.446779 -0.993504 0.053590 -0.100393 -0.111213 0.016753 0.941443 0.336756 0.043020 0.000000 0.000000 0.000000 1.000000
0.112561 0.332886 -0.936224 0.446779 -0.993504 0.053590 -0.100393 -0.111213 0.016753 0.941443 0.336756 0.043020 0.000000 0.000000 0.000000 1.000000
0.112561 0.332886 -0.936224 0.446779 -0.993504 0.053590 -0.100393 -0.111213 0.016753 0.941443 0.336756 0.043020 0.000000 0.000000 0.000000 1.000000
0.112561 0.332886 -0.936224 0.446779 -0.993504 0.053590 -0.100393 -0.111213 0.016753 0.941443 0.336756 0.043020 0.000000 0.000000 0.000000 1.000000
0.112561 0.332886 -0.936224 0.446779 -0.993504 0.053590 -0.100393 -0.111213 0.016753 0.941443 0.336756 0.043020 0.000000 0.000000 0.000000 1.000000
0.112561 0.332886 -0.936224 0.446779 -0.993504 0.053590 -0.100393 -0.111213 0.016753 0.941443 0.336756 0.043020 0.000000 0.000000 0.000000 1.000000
0.112561 0.332886 -0.936224 0.446779 -0.993504 0.053590 -0.100393 -0.111213 0.016753 0.941443 0.336756 0.043020 0.000000 0.000000 0.000000 1.000000
0.112561 0.332886 -0.936224 0.446779 -0.993504 0.053590 -0.100393 -0.111213 0.016753 0.941443 0.336756 0.043020 0.000000 0.000000 0.000000 1.000000
0.112561 0.332886 -0.936224 0.446779 -0.993504 0.053590 -0.100393 -0.111213 0.016753 0.941443 0.336756 0.043020 0.000000 0.000000 0.000000 1.000000</float_array>
     <technique_common>
      <accessor source="#jnt_left_upleg-Matrix-animation-output-transform-array" count="30" stride="16">
       <param type="float4x4"></param>
      </accessor>
     </technique_common>
    </source>
    <source id="jnt_left_upleg-Interpolations">
     <Name_array id="jnt_left_upleg-Interpolations-array" count="30">
 LINEAR LINEAR LINEAR LINEAR LINEAR LINEAR LINEAR LINEAR LINEAR LINEAR LINEAR
LINEAR LINEAR LINEAR LINEAR LINEAR LINEAR LINEAR LINEAR LINEAR LINEAR LINEAR LINEAR
LINEAR LINEAR LINEAR LINEAR LINEAR LINEAR LINEAR</Name_array>
     <technique_common>
      <accessor source="#jnt_left_upleg-Interpolations-array" count="30">
       <param type="name"></param>
      </accessor>
     </technique_common>
    </source>
    <sampler id="jnt_left_upleg-Matrix-animation-transform">
     <input semantic="INPUT" source="#jnt_left_upleg-Matrix-animation-input"></input>
     <input semantic="OUTPUT" source="#jnt_left_upleg-Matrix-animation-output-transform"></input>
     <input semantic="INTERPOLATION" source="#jnt_left_upleg-Interpolations"></input>
    </sampler>
    <channel source="#jnt_left_upleg-Matrix-animation-transform" target="jnt_left_upleg/matrix"></channel>
   </animation>
  </animation>
  <animation id="jnt_left_uplegroll-anim" name="jnt_left_uplegroll">
   <animation>
    <source id="jnt_left_uplegroll-Matrix-animation-input">
     <float_array id="jnt_left_uplegroll-Matrix-animation-input-array" count="30">

0.000000 0.033333 0.066667 0.100000 0.133333 0.166667 0.200000 0.233333 0.266667 0.300000 0.333333 0.366667 0.400000 0.433333 0.466667 0.500000
0.533333 0.566667 0.600000 0.633333 0.666667 0.700000 0.733333 0.766667 0.800000 0.833333 0.866667 0.900000 0.933333 0.966667</float_array>
     <technique_common>
      <accessor source="#jnt_left_uplegroll-Matrix-animation-input-array" count="30">
       <param name="TIME" type="float"></param>
      </accessor>
     </technique_common>
    </source>
    <source id="jnt_left_uplegroll-Matrix-animation-output-transform">
     <float_array id="jnt_left_uplegroll-Matrix-animation-output-transform-array" count="480">

1.000000 -0.000000 -0.000000 0.430000 0.000000 1.000000 -0.000000 -0.000000 0.000000 0.000000 1.000000 0.000000 0.000000 0.000000 0.000000 1.000000
1.000000 -0.000000 -0.000000 0.430000 0.000000 1.000000 -0.000000 -0.000000 0.000000 0.000000 1.000000 0.000000 0.000000 0.000000 0.000000 1.000000
1.000000 -0.000000 -0.000000 0.430000 0.000000 1.000000 -0.000000 -0.000000 0.000000 0.000000 1.000000 0.000000 0.000000 0.000000 0.000000 1.000000
1.000000 -0.000000 -0.000000 0.430000 0.000000 1.000000 -0.000000 -0.000000 0.000000 0.000000 1.000000 0.000000 0.000000 0.000000 0.000000 1.000000
1.000000 -0.000000 -0.000000 0.430000 0.000000 1.000000 -0.000000 -0.000000 0.000000 0.000000 1.000000 0.000000 0.000000 0.000000 0.000000 1.000000
1.000000 -0.000000 -0.000000 0.430000 0.000000 1.000000 -0.000000 -0.000000 0.000000 0.000000 1.000000 0.000000 0.000000 0.000000 0.000000 1.000000
1.000000 -0.000000 -0.000000 0.430000 0.000000 1.000000 -0.000000 -0.000000 0.000000 0.000000 1.000000 0.000000 0.000000 0.000000 0.000000 1.000000
1.000000 -0.000000 -0.000000 0.430000 0.000000 1.000000 -0.000000 -0.000000 0.000000 0.000000 1.000000 0.000000 0.000000 0.000000 0.000000 1.000000
1.000000 -0.000000 -0.000000 0.430000 0.000000 1.000000 -0.000000 -0.000000 0.000000 0.000000 1.000000 0.000000 0.000000 0.000000 0.000000 1.000000
1.000000 -0.000000 -0.000000 0.430000 0.000000 1.000000 -0.000000 -0.000000 0.000000 0.000000 1.000000 0.000000 0.000000 0.000000 0.000000 1.000000
1.000000 -0.000000 -0.000000 0.430000 0.000000 1.000000 -0.000000 -0.000000 0.000000 0.000000 1.000000 0.000000 0.000000 0.000000 0.000000 1.000000
1.000000 -0.000000 -0.000000 0.430000 0.000000 1.000000 -0.000000 -0.000000 0.000000 0.000000 1.000000 0.000000 0.000000 0.000000 0.000000 1.000000
1.000000 -0.000000 -0.000000 0.430000 0.000000 1.000000 -0.000000 -0.000000 0.000000 0.000000 1.000000 0.000000 0.000000 0.000000 0.000000 1.000000
1.000000 -0.000000 -0.000000 0.430000 0.000000 1.000000 -0.000000 -0.000000 0.000000 0.000000 1.000000 0.000000 0.000000 0.000000 0.000000 1.000000
1.000000 -0.000000 -0.000000 0.430000 0.000000 1.000000 -0.000000 -0.000000 0.000000 0.000000 1.000000 0.000000 0.000000 0.000000 0.000000 1.000000
1.000000 -0.000000 -0.000000 0.430000 0.000000 1.000000 -0.000000 -0.000000 0.000000 0.000000 1.000000 0.000000 0.000000 0.000000 0.000000 1.000000
1.000000 -0.000000 -0.000000 0.430000 0.000000 1.000000 -0.000000 -0.000000 0.000000 0.000000 1.000000 0.000000 0.000000 0.000000 0.000000 1.000000
1.000000 -0.000000 -0.000000 0.430000 0.000000 1.000000 -0.000000 -0.000000 0.000000 0.000000 1.000000 0.000000 0.000000 0.000000 0.000000 1.000000
1.000000 -0.000000 -0.000000 0.430000 0.000000 1.000000 -0.000000 -0.000000 0.000000 0.000000 1.000000 0.000000 0.000000 0.000000 0.000000 1.000000
1.000000 -0.000000 -0.000000 0.430000 0.000000 1.000000 -0.000000 -0.000000 0.000000 0.000000 1.000000 0.000000 0.000000 0.000000 0.000000 1.000000
1.000000 -0.000000 -0.000000 0.430000 0.000000 1.000000 -0.000000 -0.000000 0.000000 0.000000 1.000000 0.000000 0.000000 0.000000 0.000000 1.000000
1.000000 -0.000000 -0.000000 0.430000 0.000000 1.000000 -0.000000 -0.000000 0.000000 0.000000 1.000000 0.000000 0.000000 0.000000 0.000000 1.000000
1.000000 -0.000000 -0.000000 0.430000 0.000000 1.000000 -0.000000 -0.000000 0.000000 0.000000 1.000000 0.000000 0.000000 0.000000 0.000000 1.000000
1.000000 -0.000000 -0.000000 0.430000 0.000000 1.000000 -0.000000 -0.000000 0.000000 0.000000 1.000000 0.000000 0.000000 0.000000 0.000000 1.000000
1.000000 -0.000000 -0.000000 0.430000 0.000000 1.000000 -0.000000 -0.000000 0.000000 0.000000 1.000000 0.000000 0.000000 0.000000 0.000000 1.000000
1.000000 -0.000000 -0.000000 0.430000 0.000000 1.000000 -0.000000 -0.000000 0.000000 0.000000 1.000000 0.000000 0.000000 0.000000 0.000000 1.000000
1.000000 -0.000000 -0.000000 0.430000 0.000000 1.000000 -0.000000 -0.000000 0.000000 0.000000 1.000000 0.000000 0.000000 0.000000 0.000000 1.000000
1.000000 -0.000000 -0.000000 0.430000 0.000000 1.000000 -0.000000 -0.000000 0.000000 0.000000 1.000000 0.000000 0.000000 0.000000 0.000000 1.000000
1.000000 -0.000000 -0.000000 0.430000 0.000000 1.000000 -0.000000 -0.000000 0.000000 0.000000 1.000000 0.000000 0.000000 0.000000 0.000000 1.000000
1.000000 -0.000000 -0.000000 0.430000 0.000000 1.000000 -0.000000 -0.000000 0.000000 0.000000 1.000000 0.000000 0.000000 0.000000 0.000000 1.000000</float_array>
     <technique_common>
      <accessor source="#jnt_left_uplegroll-Matrix-animation-output-transform-array" count="30" stride="16">
       <param type="float4x4"></param>
      </accessor>
     </technique_common>
    </source>
    <source id="jnt_left_uplegroll-Interpolations">
     <Name_array id="jnt_left_uplegroll-Interpolations-array" count="30">
 LINEAR LINEAR LINEAR LINEAR LINEAR LINEAR LINEAR LINEAR LINEAR LINEAR LINEAR
LINEAR LINEAR LINEAR LINEAR LINEAR LINEAR LINEAR LINEAR LINEAR LINEAR LINEAR LINEAR
LINEAR LINEAR LINEAR LINEAR LINEAR LINEAR LINEAR</Name_array>
     <technique_common>
      <accessor source="#jnt_left_uplegroll-Interpolations-array" count="30">
       <param type="name"></param>
      </accessor>
     </technique_common>
    </source>
    <sampler id="jnt_left_uplegroll-Matrix-animation-transform">
     <input semantic="INPUT" source="#jnt_left_uplegroll-Matrix-animation-input"></input>
     <input semantic="OUTPUT" source="#jnt_left_uplegroll-Matrix-animation-output-transform"></input>
     <input semantic="INTERPOLATION" source="#jnt_left_uplegroll-Interpolations"></input>
    </sampler>
    <channel source="#jnt_left_uplegroll-Matrix-animation-transform" target="jnt_left_uplegroll/matrix"></channel>
   </animation>
  </animation>
  <animation id="jnt_left_leg-anim" name="jnt_left_leg">
   <animation>
    <source id="jnt_left_leg-Matrix-animation-input">
     <float_array id="jnt_left_leg-Matrix-animation-input-array" count="30">

0.000000 0.033333 0.066667 0.100000 0.133333 0.166667 0.200000 0.233333 0.266667 0.300000 0.333333 0.366667 0.400000 0.433333 0.466667 0.500000
0.533333 0.566667 0.600000 0.633333 0.666667 0.700000 0.733333 0.766667 0.800000 0.833333 0.866667 0.900000 0.933333 0.966667</float_array>
     <technique_common>
      <accessor source="#jnt_left_leg-Matrix-animation-input-array" count="30">
       <param name="TIME" type="float"></param>
      </accessor>
     </technique_common>
    </source>
    <source id="jnt_left_leg-Matrix-animation-output-transform">
     <float_array id="jnt_left_leg-Matrix-animation-output-transform-array" count="480">

0.968052 0.250284 0.015281 0.860328 -0.240268 0.943298 -0.229044 -0.000000 -0.071741 0.218054 0.973296 0.000001 0.000000 0.000000 0.000000 1.000000
0.968052 0.250284 0.015281 0.860328 -0.240268 0.943298 -0.229044 -0.000000 -0.071741 0.218054 0.973296 0.000001 0.000000 0.000000 0.000000 1.000000
0.968052 0.250284 0.015281 0.860328 -0.240268 0.943298 -0.229044 -0.000000 -0.071741 0.218054 0.973296 0.000001 0.000000 0.000000 0.000000 1.000000
0.968052 0.250284 0.015281 0.860328 -0.240268 0.943298 -0.229044 -0.000000 -0.071741 0.218054 0.973296 0.000001 0.000000 0.000000 0.000000 1.000000
0.968052 0.250284 0.015281 0.860328 -0.240268 0.943298 -0.229044 -0.000000 -0.071741 0.218054 0.973296 0.000001 0.000000 0.000000 0.000000 1.000000
0.968052 0.250284 0.015281 0.860328 -0.240268 0.943298 -0.229044 -0.000000 -0.071741 0.218054 0.973296 0.000001 0.000000 0.000000 0.000000 1.000000
0.968052 0.250284 0.015281 0.860328 -0.240268 0.943298 -0.229044 -0.000000 -0.071741 0.218054 0.973296 0.000001 0.000000 0.000000 0.000000 1.000000
0.968052 0.250284 0.015281 0.860328 -0.240268 0.943298 -0.229044 -0.000000 -0.071741 0.218054 0.973296 0.000001 0.000000 0.000000 0.000000 1.000000
0.968052 0.250284 0.015281 0.860328 -0.240268 0.943298 -0.229044 -0.000000 -0.071741 0.218054 0.973296 0.000001 0.000000 0.000000 0.000000 1.000000
0.968052 0.250284 0.015281 0.860328 -0.240268 0.943298 -0.229044 -0.000000 -0.071741 0.218054 0.973296 0.000001 0.000000 0.000000 0.000000 1.000000
0.968052 0.250284 0.015281 0.860328 -0.240268 0.943298 -0.229044 -0.000000 -0.071741 0.218054 0.973296 0.000001 0.000000 0.000000 0.000000 1.000000
0.968052 0.250284 0.015281 0.860328 -0.240268 0.943298 -0.229044 -0.000000 -0.071741 0.218054 0.973296 0.000001 0.000000 0.000000 0.000000 1.000000
0.968052 0.250284 0.015281 0.860328 -0.240268 0.943298 -0.229044 -0.000000 -0.071741 0.218054 0.973296 0.000001 0.000000 0.000000 0.000000 1.000000
0.968052 0.250284 0.015281 0.860328 -0.240268 0.943298 -0.229044 -0.000000 -0.071741 0.218054 0.973296 0.000001 0.000000 0.000000 0.000000 1.000000
0.968052 0.250284 0.015281 0.860328 -0.240268 0.943298 -0.229044 -0.000000 -0.071741 0.218054 0.973296 0.000001 0.000000 0.000000 0.000000 1.000000
0.968052 0.250284 0.015281 0.860328 -0.240268 0.943298 -0.229044 -0.000000 -0.071741 0.218054 0.973296 0.000001 0.000000 0.000000 0.000000 1.000000
0.968052 0.250284 0.015281 0.860328 -0.240268 0.943298 -0.229044 -0.000000 -0.071741 0.218054 0.973296 0.000001 0.000000 0.000000 0.000000 1.000000
0.968052 0.250284 0.015281 0.860328 -0.240268 0.943298 -0.229044 -0.000000 -0.071741 0.218054 0.973296 0.000001 0.000000 0.000000 0.000000 1.000000
0.968052 0.250284 0.015281 0.860328 -0.240268 0.943298 -0.229044 -0.000000 -0.071741 0.218054 0.973296 0.000001 0.000000 0.000000 0.000000 1.000000
0.968052 0.250284 0.015281 0.860328 -0.240268 0.943298 -0.229044 -0.000000 -0.071741 0.218054 0.973296 0.000001 0.000000 0.000000 0.000000 1.000000
0.968052 0.250284 0.015281 0.860328 -0.240268 0.943298 -0.229044 -0.000000 -0.071741 0.218054 0.973296 0.000001 0.000000 0.000000 0.000000 1.000000
0.968052 0.250284 0.015281 0.860328 -0.240268 0.943298 -0.229044 -0.000000 -0.071741 0.218054 0.973296 0.000001 0.000000 0.000000 0.000000 1.000000
0.968052 0.250284 0.015281 0.860328 -0.240268 0.943298 -0.229044 -0.000000 -0.071741 0.218054 0.973296 0.000001 0.000000 0.000000 0.000000 1.000000
0.968052 0.250284 0.015281 0.860328 -0.240268 0.943298 -0.229044 -0.000000 -0.071741 0.218054 0.973296 0.000001 0.000000 0.000000 0.000000 1.000000
0.968052 0.250284 0.015281 0.860328 -0.240268 0.943298 -0.229044 -0.000000 -0.071741 0.218054 0.973296 0.000001 0.000000 0.000000 0.000000 1.000000
0.968052 0.250284 0.015281 0.860328 -0.240268 0.943298 -0.229044 -0.000000 -0.071741 0.218054 0.973296 0.000001 0.000000 0.000000 0.000000 1.000000
0.968052 0.250284 0.015281 0.860328 -0.240268 0.943298 -0.229044 -0.000000 -0.071741 0.218054 0.973296 0.000001 0.000000 0.000000 0.000000 1.000000
0.968052 0.250284 0.015281 0.860328 -0.240268 0.943298 -0.229044 -0.000000 -0.071741 0.218054 0.973296 0.000001 0.000000 0.000000 0.000000 1.000000
0.968052 0.250284 0.015281 0.860328 -0.240268 0.943298 -0.229044 -0.000000 -0.071741 0.218054 0.973296 0.000001 0.000000 0.000000 0.000000 1.000000
0.968052 0.250284 0.015281 0.860328 -0.240268 0.943298 -0.229044 -0.000000 -0.071741 0.218054 0.973296 0.000001 0.000000 0.000000 0.000000 1.000000</float_array>
     <technique_common>
      <accessor source="#jnt_left_leg-Matrix-animation-output-transform-array" count="30" stride="16">
       <param type="float4x4"></param>
      </accessor>
     </technique_common>
    </source>
    <source id="jnt_left_leg-Interpolations">
     <Name_array id="jnt_left_leg-Interpolations-array" count="30">
 LINEAR LINEAR LINEAR LINEAR LINEAR LINEAR LINEAR LINEAR LINEAR LINEAR LINEAR
LINEAR LINEAR LINEAR LINEAR LINEAR LINEAR LINEAR LINEAR LINEAR LINEAR LINEAR LINEAR
LINEAR LINEAR LINEAR LINEAR LINEAR LINEAR LINEAR</Name_array>
     <technique_common>
      <accessor source="#jnt_left_leg-Interpolations-array" count="30">
       <param type="name"></param>
      </accessor>
     </technique_common>
    </source>
    <sampler id="jnt_left_leg-Matrix-animation-transform">
     <input semantic="INPUT" source="#jnt_left_leg-Matrix-animation-input"></input>
     <input semantic="OUTPUT" source="#jnt_left_leg-Matrix-animation-output-transform"></input>
     <input semantic="INTERPOLATION" source="#jnt_left_leg-Interpolations"></input>
    </sampler>
    <channel source="#jnt_left_leg-Matrix-animation-transform" target="jnt_left_leg/matrix"></channel>
   </animation>
  </animation>
  <animation id="jnt_left_legroll-anim" name="jnt_left_legroll">
   <animation>
    <source id="jnt_left_legroll-Matrix-animation-input">
     <float_array id="jnt_left_legroll-Matrix-animation-input-array" count="30">

0.000000 0.033333 0.066667 0.100000 0.133333 0.166667 0.200000 0.233333 0.266667 0.300000 0.333333 0.366667 0.400000 0.433333 0.466667 0.500000
0.533333 0.566667 0.600000 0.633333 0.666667 0.700000 0.733333 0.766667 0.800000 0.833333 0.866667 0.900000 0.933333 0.966667</float_array>
     <technique_common>
      <accessor source="#jnt_left_legroll-Matrix-animation-input-array" count="30">
       <param name="TIME" type="float"></param>
      </accessor>
     </technique_common>
    </source>
    <source id="jnt_left_legroll-Matrix-animation-output-transform">
     <float_array id="jnt_left_legroll-Matrix-animation-output-transform-array" count="480">

1.000000 -0.000000 -0.000000 0.384000 0.000000 1.000000 -0.000000 0.000000 0.000000 0.000000 1.000000 0.000000 0.000000 0.000000 0.000000 1.000000
1.000000 -0.000000 -0.000000 0.384000 0.000000 1.000000 -0.000000 0.000000 0.000000 0.000000 1.000000 0.000000 0.000000 0.000000 0.000000 1.000000
1.000000 -0.000000 -0.000000 0.384000 0.000000 1.000000 -0.000000 0.000000 0.000000 0.000000 1.000000 0.000000 0.000000 0.000000 0.000000 1.000000
1.000000 -0.000000 -0.000000 0.384000 0.000000 1.000000 -0.000000 0.000000 0.000000 0.000000 1.000000 0.000000 0.000000 0.000000 0.000000 1.000000
1.000000 -0.000000 -0.000000 0.384000 0.000000 1.000000 -0.000000 0.000000 0.000000 0.000000 1.000000 0.000000 0.000000 0.000000 0.000000 1.000000
1.000000 -0.000000 -0.000000 0.384000 0.000000 1.000000 -0.000000 0.000000 0.000000 0.000000 1.000000 0.000000 0.000000 0.000000 0.000000 1.000000
1.000000 -0.000000 -0.000000 0.384000 0.000000 1.000000 -0.000000 0.000000 0.000000 0.000000 1.000000 0.000000 0.000000 0.000000 0.000000 1.000000
1.000000 -0.000000 -0.000000 0.384000 0.000000 1.000000 -0.000000 0.000000 0.000000 0.000000 1.000000 0.000000 0.000000 0.000000 0.000000 1.000000
1.000000 -0.000000 -0.000000 0.384000 0.000000 1.000000 -0.000000 0.000000 0.000000 0.000000 1.000000 0.000000 0.000000 0.000000 0.000000 1.000000
1.000000 -0.000000 -0.000000 0.384000 0.000000 1.000000 -0.000000 0.000000 0.000000 0.000000 1.000000 0.000000 0.000000 0.000000 0.000000 1.000000
1.000000 -0.000000 -0.000000 0.384000 0.000000 1.000000 -0.000000 0.000000 0.000000 0.000000 1.000000 0.000000 0.000000 0.000000 0.000000 1.000000
1.000000 -0.000000 -0.000000 0.384000 0.000000 1.000000 -0.000000 0.000000 0.000000 0.000000 1.000000 0.000000 0.000000 0.000000 0.000000 1.000000
1.000000 -0.000000 -0.000000 0.384000 0.000000 1.000000 -0.000000 0.000000 0.000000 0.000000 1.000000 0.000000 0.000000 0.000000 0.000000 1.000000
1.000000 -0.000000 -0.000000 0.384000 0.000000 1.000000 -0.000000 0.000000 0.000000 0.000000 1.000000 0.000000 0.000000 0.000000 0.000000 1.000000
1.000000 -0.000000 -0.000000 0.384000 0.000000 1.000000 -0.000000 0.000000 0.000000 0.000000 1.000000 0.000000 0.000000 0.000000 0.000000 1.000000
1.000000 -0.000000 -0.000000 0.384000 0.000000 1.000000 -0.000000 0.000000 0.000000 0.000000 1.000000 0.000000 0.000000 0.000000 0.000000 1.000000
1.000000 -0.000000 -0.000000 0.384000 0.000000 1.000000 -0.000000 0.000000 0.000000 0.000000 1.000000 0.000000 0.000000 0.000000 0.000000 1.000000
1.000000 -0.000000 -0.000000 0.384000 0.000000 1.000000 -0.000000 0.000000 0.000000 0.000000 1.000000 0.000000 0.000000 0.000000 0.000000 1.000000
1.000000 -0.000000 -0.000000 0.384000 0.000000 1.000000 -0.000000 0.000000 0.000000 0.000000 1.000000 0.000000 0.000000 0.000000 0.000000 1.000000
1.000000 -0.000000 -0.000000 0.384000 0.000000 1.000000 -0.000000 0.000000 0.000000 0.000000 1.000000 0.000000 0.000000 0.000000 0.000000 1.000000
1.000000 -0.000000 -0.000000 0.384000 0.000000 1.000000 -0.000000 0.000000 0.000000 0.000000 1.000000 0.000000 0.000000 0.000000 0.000000 1.000000
1.000000 -0.000000 -0.000000 0.384000 0.000000 1.000000 -0.000000 0.000000 0.000000 0.000000 1.000000 0.000000 0.000000 0.000000 0.000000 1.000000
1.000000 -0.000000 -0.000000 0.384000 0.000000 1.000000 -0.000000 0.000000 0.000000 0.000000 1.000000 0.000000 0.000000 0.000000 0.000000 1.000000
1.000000 -0.000000 -0.000000 0.384000 0.000000 1.000000 -0.000000 0.000000 0.000000 0.000000 1.000000 0.000000 0.000000 0.000000 0.000000 1.000000
1.000000 -0.000000 -0.000000 0.384000 0.000000 1.000000 -0.000000 0.000000 0.000000 0.000000 1.000000 0.000000 0.000000 0.000000 0.000000 1.000000
1.000000 -0.000000 -0.000000 0.384000 0.000000 1.000000 -0.000000 0.000000 0.000000 0.000000 1.000000 0.000000 0.000000 0.000000 0.000000 1.000000
1.000000 -0.000000 -0.000000 0.384000 0.000000 1.000000 -0.000000 0.000000 0.000000 0.000000 1.000000 0.000000 0.000000 0.000000 0.000000 1.000000
1.000000 -0.000000 -0.000000 0.384000 0.000000 1.000000 -0.000000 0.000000 0.000000 0.000000 1.000000 0.000000 0.000000 0.000000 0.000000 1.000000
1.000000 -0.000000 -0.000000 0.384000 0.000000 1.000000 -0.000000 0.000000 0.000000 0.000000 1.000000 0.000000 0.000000 0.000000 0.000000 1.000000
1.000000 -0.000000 -0.000000 0.384000 0.000000 1.000000 -0.000000 0.000000 0.000000 0.000000 1.000000 0.000000 0.000000 0.000000 0.000000 1.000000</float_array>
     <technique_common>
      <accessor source="#jnt_left_legroll-Matrix-animation-output-transform-array" count="30" stride="16">
       <param type="float4x4"></param>
      </accessor>
     </technique_common>
    </source>
    <source id="jnt_left_legroll-Interpolations">
     <Name_array id="jnt_left_legroll-Interpolations-array" count="30">
 LINEAR LINEAR LINEAR LINEAR LINEAR LINEAR LINEAR LINEAR LINEAR LINEAR LINEAR
LINEAR LINEAR LINEAR LINEAR LINEAR LINEAR LINEAR LINEAR LINEAR LINEAR LINEAR LINEAR
LINEAR LINEAR LINEAR LINEAR LINEAR LINEAR LINEAR</Name_array>
     <technique_common>
      <accessor source="#jnt_left_legroll-Interpolations-array" count="30">
       <param type="name"></param>
      </accessor>
     </technique_common>
    </source>
    <sampler id="jnt_left_legroll-Matrix-animation-transform">
     <input semantic="INPUT" source="#jnt_left_legroll-Matrix-animation-input"></input>
     <input semantic="OUTPUT" source="#jnt_left_legroll-Matrix-animation-output-transform"></input>
     <input semantic="INTERPOLATION" source="#jnt_left_legroll-Interpolations"></input>
    </sampler>
    <channel source="#jnt_left_legroll-Matrix-animation-transform" target="jnt_left_legroll/matrix"></channel>
   </animation>
  </animation>
  <animation id="jnt_left_foot-anim" name="jnt_left_foot">
   <animation>
    <source id="jnt_left_foot-Matrix-animation-input">
     <float_array id="jnt_left_foot-Matrix-animation-input-array" count="30">

0.000000 0.033333 0.066667 0.100000 0.133333 0.166667 0.200000 0.233333 0.266667 0.300000 0.333333 0.366667 0.400000 0.433333 0.466667 0.500000
0.533333 0.566667 0.600000 0.633333 0.666667 0.700000 0.733333 0.766667 0.800000 0.833333 0.866667 0.900000 0.933333 0.966667</float_array>
     <technique_common>
      <accessor source="#jnt_left_foot-Matrix-animation-input-array" count="30">
       <param name="TIME" type="float"></param>
      </accessor>
     </technique_common>
    </source>
    <source id="jnt_left_foot-Matrix-animation-output-transform">
     <float_array id="jnt_left_foot-Matrix-animation-output-transform-array" count="480">

0.278754 -0.954828 -0.102953 0.768142 0.945569 0.291623 -0.144416 0.000000 0.167916 -0.057093 0.984147 -0.000001 0.000000 0.000000 0.000000 1.000000
0.278754 -0.954828 -0.102953 0.768142 0.945569 0.291623 -0.144416 0.000000 0.167916 -0.057093 0.984147 -0.000001 0.000000 0.000000 0.000000 1.000000
0.278754 -0.954828 -0.102953 0.768142 0.945569 0.291623 -0.144416 0.000000 0.167916 -0.057093 0.984147 -0.000001 0.000000 0.000000 0.000000 1.000000
0.278754 -0.954828 -0.102953 0.768142 0.945569 0.291623 -0.144416 0.000000 0.167916 -0.057093 0.984147 -0.000001 0.000000 0.000000 0.000000 1.000000
0.278754 -0.954828 -0.102953 0.768142 0.945569 0.291623 -0.144416 0.000000 0.167916 -0.057093 0.984147 -0.000001 0.000000 0.000000 0.000000 1.000000
0.278754 -0.954828 -0.102953 0.768142 0.945569 0.291623 -0.144416 0.000000 0.167916 -0.057093 0.984147 -0.000001 0.000000 0.000000 0.000000 1.000000
0.278754 -0.954828 -0.102953 0.768142 0.945569 0.291623 -0.144416 0.000000 0.167916 -0.057093 0.984147 -0.000001 0.000000 0.000000 0.000000 1.000000
0.278754 -0.954828 -0.102953 0.768142 0.945569 0.291623 -0.144416 0.000000 0.167916 -0.057093 0.984147 -0.000001 0.000000 0.000000 0.000000 1.000000
0.278754 -0.954828 -0.102953 0.768142 0.945569 0.291623 -0.144416 0.000000 0.167916 -0.057093 0.984147 -0.000001 0.000000 0.000000 0.000000 1.000000
0.278754 -0.954828 -0.102953 0.768142 0.945569 0.291623 -0.144416 0.000000 0.167916 -0.057093 0.984147 -0.000001 0.000000 0.000000 0.000000 1.000000
0.278754 -0.954828 -0.102953 0.768142 0.945569 0.291623 -0.144416 0.000000 0.167916 -0.057093 0.984147 -0.000001 0.000000 0.000000 0.000000 1.000000
0.278754 -0.954828 -0.102953 0.768142 0.945569 0.291623 -0.144416 0.000000 0.167916 -0.057093 0.984147 -0.000001 0.000000 0.000000 0.000000 1.000000
0.278754 -0.954828 -0.102953 0.768142 0.945569 0.291623 -0.144416 0.000000 0.167916 -0.057093 0.984147 -0.000001 0.000000 0.000000 0.000000 1.000000
0.278754 -0.954828 -0.102953 0.768142 0.945569 0.291623 -0.144416 0.000000 0.167916 -0.057093 0.984147 -0.000001 0.000000 0.000000 0.000000 1.000000
0.278754 -0.954828 -0.102953 0.768142 0.945569 0.291623 -0.144416 0.000000 0.167916 -0.057093 0.984147 -0.000001 0.000000 0.000000 0.000000 1.000000
0.278754 -0.954828 -0.102953 0.768142 0.945569 0.291623 -0.144416 0.000000 0.167916 -0.057093 0.984147 -0.000001 0.000000 0.000000 0.000000 1.000000
0.278754 -0.954828 -0.102953 0.768142 0.945569 0.291623 -0.144416 0.000000 0.167916 -0.057093 0.984147 -0.000001 0.000000 0.000000 0.000000 1.000000
0.278754 -0.954828 -0.102953 0.768142 0.945569 0.291623 -0.144416 0.000000 0.167916 -0.057093 0.984147 -0.000001 0.000000 0.000000 0.000000 1.000000
0.278754 -0.954828 -0.102953 0.768142 0.945569 0.291623 -0.144416 0.000000 0.167916 -0.057093 0.984147 -0.000001 0.000000 0.000000 0.000000 1.000000
0.278754 -0.954828 -0.102953 0.768142 0.945569 0.291623 -0.144416 0.000000 0.167916 -0.057093 0.984147 -0.000001 0.000000 0.000000 0.000000 1.000000
0.278754 -0.954828 -0.102953 0.768142 0.945569 0.291623 -0.144416 0.000000 0.167916 -0.057093 0.984147 -0.000001 0.000000 0.000000 0.000000 1.000000
0.278754 -0.954828 -0.102953 0.768142 0.945569 0.291623 -0.144416 0.000000 0.167916 -0.057093 0.984147 -0.000001 0.000000 0.000000 0.000000 1.000000
0.278754 -0.954828 -0.102953 0.768142 0.945569 0.291623 -0.144416 0.000000 0.167916 -0.057093 0.984147 -0.000001 0.000000 0.000000 0.000000 1.000000
0.278754 -0.954828 -0.102953 0.768142 0.945569 0.291623 -0.144416 0.000000 0.167916 -0.057093 0.984147 -0.000001 0.000000 0.000000 0.000000 1.000000
0.278754 -0.954828 -0.102953 0.768142 0.945569 0.291623 -0.144416 0.000000 0.167916 -0.057093 0.984147 -0.000001 0.000000 0.000000 0.000000 1.000000
0.278754 -0.954828 -0.102953 0.768142 0.945569 0.291623 -0.144416 0.000000 0.167916 -0.057093 0.984147 -0.000001 0.000000 0.000000 0.000000 1.000000
0.278754 -0.954828 -0.102953 0.768142 0.945569 0.291623 -0.144416 0.000000 0.167916 -0.057093 0.984147 -0.000001 0.000000 0.000000 0.000000 1.000000
0.278754 -0.954828 -0.102953 0.768142 0.945569 0.291623 -0.144416 0.000000 0.167916 -0.057093 0.984147 -0.000001 0.000000 0.000000 0.000000 1.000000
0.278754 -0.954828 -0.102953 0.768142 0.945569 0.291623 -0.144416 0.000000 0.167916 -0.057093 0.984147 -0.000001 0.000000 0.000000 0.000000 1.000000
0.278754 -0.954828 -0.102953 0.768142 0.945569 0.291623 -0.144416 0.000000 0.167916 -0.057093 0.984147 -0.000001 0.000000 0.000000 0.000000 1.000000</float_array>
     <technique_common>
      <accessor source="#jnt_left_foot-Matrix-animation-output-transform-array" count="30" stride="16">
       <param type="float4x4"></param>
      </accessor>
     </technique_common>
    </source>
    <source id="jnt_left_foot-Interpolations">
     <Name_array id="jnt_left_foot-Interpolations-array" count="30">
 LINEAR LINEAR LINEAR LINEAR LINEAR LINEAR LINEAR LINEAR LINEAR LINEAR LINEAR
LINEAR LINEAR LINEAR LINEAR LINEAR LINEAR LINEAR LINEAR LINEAR LINEAR LINEAR LINEAR
LINEAR LINEAR LINEAR LINEAR LINEAR LINEAR LINEAR</Name_array>
     <technique_common>
      <accessor source="#jnt_left_foot-Interpolations-array" count="30">
       <param type="name"></param>
      </accessor>
     </technique_common>
    </source>
    <sampler id="jnt_left_foot-Matrix-animation-transform">
     <input semantic="INPUT" source="#jnt_left_foot-Matrix-animation-input"></input>
     <input semantic="OUTPUT" source="#jnt_left_foot-Matrix-animation-output-transform"></input>
     <input semantic="INTERPOLATION" source="#jnt_left_foot-Interpolations"></input>
    </sampler>
    <channel source="#jnt_left_foot-Matrix-animation-transform" target="jnt_left_foot/matrix"></channel>
   </animation>
  </animation>
  <animation id="jnt_left_toebase-anim" name="jnt_left_toebase">
   <animation>
    <source id="jnt_left_toebase-Matrix-animation-input">
     <float_array id="jnt_left_toebase-Matrix-animation-input-array" count="30">

0.000000 0.033333 0.066667 0.100000 0.133333 0.166667 0.200000 0.233333 0.266667 0.300000 0.333333 0.366667 0.400000 0.433333 0.466667 0.500000
0.533333 0.566667 0.600000 0.633333 0.666667 0.700000 0.733333 0.766667 0.800000 0.833333 0.866667 0.900000 0.933333 0.966667</float_array>
     <technique_common>
      <accessor source="#jnt_left_toebase-Matrix-animation-input-array" count="30">
       <param name="TIME" type="float"></param>
      </accessor>
     </technique_common>
    </source>
    <source id="jnt_left_toebase-Matrix-animation-output-transform">
     <float_array id="jnt_left_toebase-Matrix-animation-output-transform-array" count="480">

0.918936 -0.394408 0.000000 0.441847 0.394408 0.918936 -0.000000 0.000000 0.000000 0.000000 1.000000 -0.000000 0.000000 0.000000 0.000000 1.000000
0.918936 -0.394408 0.000000 0.441847 0.394408 0.918936 -0.000000 0.000000 0.000000 0.000000 1.000000 -0.000000 0.000000 0.000000 0.000000 1.000000
0.918936 -0.394408 0.000000 0.441847 0.394408 0.918936 -0.000000 0.000000 0.000000 0.000000 1.000000 -0.000000 0.000000 0.000000 0.000000 1.000000
0.918936 -0.394408 0.000000 0.441847 0.394408 0.918936 -0.000000 0.000000 0.000000 0.000000 1.000000 -0.000000 0.000000 0.000000 0.000000 1.000000
0.918936 -0.394408 0.000000 0.441847 0.394408 0.918936 -0.000000 0.000000 0.000000 0.000000 1.000000 -0.000000 0.000000 0.000000 0.000000 1.000000
0.918936 -0.394408 0.000000 0.441847 0.394408 0.918936 -0.000000 0.000000 0.000000 0.000000 1.000000 -0.000000 0.000000 0.000000 0.000000 1.000000
0.918936 -0.394408 0.000000 0.441847 0.394408 0.918936 -0.000000 0.000000 0.000000 0.000000 1.000000 -0.000000 0.000000 0.000000 0.000000 1.000000
0.918936 -0.394408 0.000000 0.441847 0.394408 0.918936 -0.000000 0.000000 0.000000 0.000000 1.000000 -0.000000 0.000000 0.000000 0.000000 1.000000
0.918936 -0.394408 0.000000 0.441847 0.394408 0.918936 -0.000000 0.000000 0.000000 0.000000 1.000000 -0.000000 0.000000 0.000000 0.000000 1.000000
0.918936 -0.394408 0.000000 0.441847 0.394408 0.918936 -0.000000 0.000000 0.000000 0.000000 1.000000 -0.000000 0.000000 0.000000 0.000000 1.000000
0.918936 -0.394408 0.000000 0.441847 0.394408 0.918936 -0.000000 0.000000 0.000000 0.000000 1.000000 -0.000000 0.000000 0.000000 0.000000 1.000000
0.918936 -0.394408 0.000000 0.441847 0.394408 0.918936 -0.000000 0.000000 0.000000 0.000000 1.000000 -0.000000 0.000000 0.000000 0.000000 1.000000
0.918936 -0.394408 0.000000 0.441847 0.394408 0.918936 -0.000000 0.000000 0.000000 0.000000 1.000000 -0.000000 0.000000 0.000000 0.000000 1.000000
0.918936 -0.394408 0.000000 0.441847 0.394408 0.918936 -0.000000 0.000000 0.000000 0.000000 1.000000 -0.000000 0.000000 0.000000 0.000000 1.000000
0.918936 -0.394408 0.000000 0.441847 0.394408 0.918936 -0.000000 0.000000 0.000000 0.000000 1.000000 -0.000000 0.000000 0.000000 0.000000 1.000000
0.918936 -0.394408 0.000000 0.441847 0.394408 0.918936 -0.000000 0.000000 0.000000 0.000000 1.000000 -0.000000 0.000000 0.000000 0.000000 1.000000
0.918936 -0.394408 0.000000 0.441847 0.394408 0.918936 -0.000000 0.000000 0.000000 0.000000 1.000000 -0.000000 0.000000 0.000000 0.000000 1.000000
0.918936 -0.394408 0.000000 0.441847 0.394408 0.918936 -0.000000 0.000000 0.000000 0.000000 1.000000 -0.000000 0.000000 0.000000 0.000000 1.000000
0.918936 -0.394408 0.000000 0.441847 0.394408 0.918936 -0.000000 0.000000 0.000000 0.000000 1.000000 -0.000000 0.000000 0.000000 0.000000 1.000000
0.918936 -0.394408 0.000000 0.441847 0.394408 0.918936 -0.000000 0.000000 0.000000 0.000000 1.000000 -0.000000 0.000000 0.000000 0.000000 1.000000
0.918936 -0.394408 0.000000 0.441847 0.394408 0.918936 -0.000000 0.000000 0.000000 0.000000 1.000000 -0.000000 0.000000 0.000000 0.000000 1.000000
0.918936 -0.394408 0.000000 0.441847 0.394408 0.918936 -0.000000 0.000000 0.000000 0.000000 1.000000 -0.000000 0.000000 0.000000 0.000000 1.000000
0.918936 -0.394408 0.000000 0.441847 0.394408 0.918936 -0.000000 0.000000 0.000000 0.000000 1.000000 -0.000000 0.000000 0.000000 0.000000 1.000000
0.918936 -0.394408 0.000000 0.441847 0.394408 0.918936 -0.000000 0.000000 0.000000 0.000000 1.000000 -0.000000 0.000000 0.000000 0.000000 1.000000
0.918936 -0.394408 0.000000 0.441847 0.394408 0.918936 -0.000000 0.000000 0.000000 0.000000 1.000000 -0.000000 0.000000 0.000000 0.000000 1.000000
0.918936 -0.394408 0.000000 0.441847 0.394408 0.918936 -0.000000 0.000000 0.000000 0.000000 1.000000 -0.000000 0.000000 0.000000 0.000000 1.000000
0.918936 -0.394408 0.000000 0.441847 0.394408 0.918936 -0.000000 0.000000 0.000000 0.000000 1.000000 -0.000000 0.000000 0.000000 0.000000 1.000000
0.918936 -0.394408 0.000000 0.441847 0.394408 0.918936 -0.000000 0.000000 0.000000 0.000000 1.000000 -0.000000 0.000000 0.000000 0.000000 1.000000
0.918936 -0.394408 0.000000 0.441847 0.394408 0.918936 -0.000000 0.000000 0.000000 0.000000 1.000000 -0.000000 0.000000 0.000000 0.000000 1.000000
0.918936 -0.394408 0.000000 0.441847 0.394408 0.918936 -0.000000 0.000000 0.000000 0.000000 1.000000 -0.000000 0.000000 0.000000 0.000000 1.000000</float_array>
     <technique_common>
      <accessor source="#jnt_left_toebase-Matrix-animation-output-transform-array" count="30" stride="16">
       <param type="float4x4"></param>
      </accessor>
     </technique_common>
    </source>
    <source id="jnt_left_toebase-Interpolations">
     <Name_array id="jnt_left_toebase-Interpolations-array" count="30">
 LINEAR LINEAR LINEAR LINEAR LINEAR LINEAR LINEAR LINEAR LINEAR LINEAR LINEAR
LINEAR LINEAR LINEAR LINEAR LINEAR LINEAR LINEAR LINEAR LINEAR LINEAR LINEAR LINEAR
LINEAR LINEAR LINEAR LINEAR LINEAR LINEAR LINEAR</Name_array>
     <technique_common>
      <accessor source="#jnt_left_toebase-Interpolations-array" count="30">
       <param type="name"></param>
      </accessor>
     </technique_common>
    </source>
    <sampler id="jnt_left_toebase-Matrix-animation-transform">
     <input semantic="INPUT" source="#jnt_left_toebase-Matrix-animation-input"></input>
     <input semantic="OUTPUT" source="#jnt_left_toebase-Matrix-animation-output-transform"></input>
     <input semantic="INTERPOLATION" source="#jnt_left_toebase-Interpolations"></input>
    </sampler>
    <channel source="#jnt_left_toebase-Matrix-animation-transform" target="jnt_left_toebase/matrix"></channel>
   </animation>
  </animation>
  <animation id="jnt_left_toeend-anim" name="jnt_left_toeend">
   <animation>
    <source id="jnt_left_toeend-Matrix-animation-input">
     <float_array id="jnt_left_toeend-Matrix-animation-input-array" count="30">

0.000000 0.033333 0.066667 0.100000 0.133333 0.166667 0.200000 0.233333 0.266667 0.300000 0.333333 0.366667 0.400000 0.433333 0.466667 0.500000
0.533333 0.566667 0.600000 0.633333 0.666667 0.700000 0.733333 0.766667 0.800000 0.833333 0.866667 0.900000 0.933333 0.966667</float_array>
     <technique_common>
      <accessor source="#jnt_left_toeend-Matrix-animation-input-array" count="30">
       <param name="TIME" type="float"></param>
      </accessor>
     </technique_common>
    </source>
    <source id="jnt_left_toeend-Matrix-animation-output-transform">
     <float_array id="jnt_left_toeend-Matrix-animation-output-transform-array" count="480">

1.000000 -0.000001 -0.000000 0.379397 0.000001 1.000000 -0.000000 -0.000000 0.000000 0.000000 1.000000 -0.000000 0.000000 0.000000 0.000000 1.000000
1.000000 -0.000001 -0.000000 0.379397 0.000001 1.000000 -0.000000 -0.000000 0.000000 0.000000 1.000000 -0.000000 0.000000 0.000000 0.000000 1.000000
1.000000 -0.000001 -0.000000 0.379397 0.000001 1.000000 -0.000000 -0.000000 0.000000 0.000000 1.000000 -0.000000 0.000000 0.000000 0.000000 1.000000
1.000000 -0.000001 -0.000000 0.379397 0.000001 1.000000 -0.000000 -0.000000 0.000000 0.000000 1.000000 -0.000000 0.000000 0.000000 0.000000 1.000000
1.000000 -0.000001 -0.000000 0.379397 0.000001 1.000000 -0.000000 -0.000000 0.000000 0.000000 1.000000 -0.000000 0.000000 0.000000 0.000000 1.000000
1.000000 -0.000001 -0.000000 0.379397 0.000001 1.000000 -0.000000 -0.000000 0.000000 0.000000 1.000000 -0.000000 0.000000 0.000000 0.000000 1.000000
1.000000 -0.000001 -0.000000 0.379397 0.000001 1.000000 -0.000000 -0.000000 0.000000 0.000000 1.000000 -0.000000 0.000000 0.000000 0.000000 1.000000
1.000000 -0.000001 -0.000000 0.379397 0.000001 1.000000 -0.000000 -0.000000 0.000000 0.000000 1.000000 -0.000000 0.000000 0.000000 0.000000 1.000000
1.000000 -0.000001 -0.000000 0.379397 0.000001 1.000000 -0.000000 -0.000000 0.000000 0.000000 1.000000 -0.000000 0.000000 0.000000 0.000000 1.000000
1.000000 -0.000001 -0.000000 0.379397 0.000001 1.000000 -0.000000 -0.000000 0.000000 0.000000 1.000000 -0.000000 0.000000 0.000000 0.000000 1.000000
1.000000 -0.000001 -0.000000 0.379397 0.000001 1.000000 -0.000000 -0.000000 0.000000 0.000000 1.000000 -0.000000 0.000000 0.000000 0.000000 1.000000
1.000000 -0.000001 -0.000000 0.379397 0.000001 1.000000 -0.000000 -0.000000 0.000000 0.000000 1.000000 -0.000000 0.000000 0.000000 0.000000 1.000000
1.000000 -0.000001 -0.000000 0.379397 0.000001 1.000000 -0.000000 -0.000000 0.000000 0.000000 1.000000 -0.000000 0.000000 0.000000 0.000000 1.000000
1.000000 -0.000001 -0.000000 0.379397 0.000001 1.000000 -0.000000 -0.000000 0.000000 0.000000 1.000000 -0.000000 0.000000 0.000000 0.000000 1.000000
1.000000 -0.000001 -0.000000 0.379397 0.000001 1.000000 -0.000000 -0.000000 0.000000 0.000000 1.000000 -0.000000 0.000000 0.000000 0.000000 1.000000
1.000000 -0.000001 -0.000000 0.379397 0.000001 1.000000 -0.000000 -0.000000 0.000000 0.000000 1.000000 -0.000000 0.000000 0.000000 0.000000 1.000000
1.000000 -0.000001 -0.000000 0.379397 0.000001 1.000000 -0.000000 -0.000000 0.000000 0.000000 1.000000 -0.000000 0.000000 0.000000 0.000000 1.000000
1.000000 -0.000001 -0.000000 0.379397 0.000001 1.000000 -0.000000 -0.000000 0.000000 0.000000 1.000000 -0.000000 0.000000 0.000000 0.000000 1.000000
1.000000 -0.000001 -0.000000 0.379397 0.000001 1.000000 -0.000000 -0.000000 0.000000 0.000000 1.000000 -0.000000 0.000000 0.000000 0.000000 1.000000
1.000000 -0.000001 -0.000000 0.379397 0.000001 1.000000 -0.000000 -0.000000 0.000000 0.000000 1.000000 -0.000000 0.000000 0.000000 0.000000 1.000000
1.000000 -0.000001 -0.000000 0.379397 0.000001 1.000000 -0.000000 -0.000000 0.000000 0.000000 1.000000 -0.000000 0.000000 0.000000 0.000000 1.000000
1.000000 -0.000001 -0.000000 0.379397 0.000001 1.000000 -0.000000 -0.000000 0.000000 0.000000 1.000000 -0.000000 0.000000 0.000000 0.000000 1.000000
1.000000 -0.000001 -0.000000 0.379397 0.000001 1.000000 -0.000000 -0.000000 0.000000 0.000000 1.000000 -0.000000 0.000000 0.000000 0.000000 1.000000
1.000000 -0.000001 -0.000000 0.379397 0.000001 1.000000 -0.000000 -0.000000 0.000000 0.000000 1.000000 -0.000000 0.000000 0.000000 0.000000 1.000000
1.000000 -0.000001 -0.000000 0.379397 0.000001 1.000000 -0.000000 -0.000000 0.000000 0.000000 1.000000 -0.000000 0.000000 0.000000 0.000000 1.000000
1.000000 -0.000001 -0.000000 0.379397 0.000001 1.000000 -0.000000 -0.000000 0.000000 0.000000 1.000000 -0.000000 0.000000 0.000000 0.000000 1.000000
1.000000 -0.000001 -0.000000 0.379397 0.000001 1.000000 -0.000000 -0.000000 0.000000 0.000000 1.000000 -0.000000 0.000000 0.000000 0.000000 1.000000
1.000000 -0.000001 -0.000000 0.379397 0.000001 1.000000 -0.000000 -0.000000 0.000000 0.000000 1.000000 -0.000000 0.000000 0.000000 0.000000 1.000000
1.000000 -0.000001 -0.000000 0.379397 0.000001 1.000000 -0.000000 -0.000000 0.000000 0.000000 1.000000 -0.000000 0.000000 0.000000 0.000000 1.000000
1.000000 -0.000001 -0.000000 0.379397 0.000001 1.000000 -0.000000 -0.000000 0.000000 0.000000 1.000000 -0.000000 0.000000 0.000000 0.000000 1.000000</float_array>
     <technique_common>
      <accessor source="#jnt_left_toeend-Matrix-animation-output-transform-array" count="30" stride="16">
       <param type="float4x4"></param>
      </accessor>
     </technique_common>
    </source>
    <source id="jnt_left_toeend-Interpolations">
     <Name_array id="jnt_left_toeend-Interpolations-array" count="30">
 LINEAR LINEAR LINEAR LINEAR LINEAR LINEAR LINEAR LINEAR LINEAR LINEAR LINEAR
LINEAR LINEAR LINEAR LINEAR LINEAR LINEAR LINEAR LINEAR LINEAR LINEAR LINEAR LINEAR
LINEAR LINEAR LINEAR LINEAR LINEAR LINEAR LINEAR</Name_array>
     <technique_common>
      <accessor source="#jnt_left_toeend-Interpolations-array" count="30">
       <param type="name"></param>
      </accessor>
     </technique_common>
    </source>
    <sampler id="jnt_left_toeend-Matrix-animation-transform">
     <input semantic="INPUT" source="#jnt_left_toeend-Matrix-animation-input"></input>
     <input semantic="OUTPUT" source="#jnt_left_toeend-Matrix-animation-output-transform"></input>
     <input semantic="INTERPOLATION" source="#jnt_left_toeend-Interpolations"></input>
    </sampler>
    <channel source="#jnt_left_toeend-Matrix-animation-transform" target="jnt_left_toeend/matrix"></channel>
   </animation>
  </animation>
 </library_animations>
 <library_visual_scenes>
  <visual_scene id="Scene" name="Scene">
   <node name="HIK_root_jnt" id="HIK_root_jnt" sid="HIK_root_jnt" type="JOINT">
    <matrix sid="matrix">1.000000 0.000000 0.000000 0.000000 0.000000 1.000000 -0.000000 0.000000 0.000000 0.000000 1.000000 0.000000 0.000000 0.000000 0.000000 1.000000</matrix>
    <extra>
     <technique profile="FCOLLADA">
      <visibility>1.000000</visibility>
     </technique>
    </extra>
   </node>
   <node name="root_jnt" id="root_jnt" sid="root_jnt" type="JOINT">
    <matrix sid="matrix">1.000000 0.000000 0.000000 0.000000 0.000000 1.000000 -0.000000 0.000000 0.000000 0.000000 1.000000 0.000000 0.000000 0.000000 0.000000 1.000000</matrix>
    <extra>
     <technique profile="FCOLLADA">
      <visibility>1.000000</visibility>
     </technique>
    </extra>
    <node name="jnt_hips" id="jnt_hips" sid="jnt_hips" type="JOINT">
     <matrix sid="matrix">1.000000 0.000000 0.000000 0.000000 -0.000000 0.999997 -0.002456 2.061423 -0.000000 0.002456 0.999997 -0.094053 0.000000 0.000000 0.000000 1.000000</matrix>
     <extra>
      <technique profile="FCOLLADA">
       <visibility>1.000000</visibility>
      </technique>
     </extra>
     <node name="jnt_height" id="jnt_height" sid="jnt_height" type="JOINT">
      <matrix sid="matrix">1.000000 0.000000 0.000000 -0.000000 -0.000000 0.999997 -0.002456 -0.000000 -0.000000 0.002456 0.999997 0.000000 0.000000 0.000000 0.000000 1.000000</matrix>
      <extra>
       <technique profile="FCOLLADA">
        <visibility>1.000000</visibility>
       </technique>
      </extra>
      <node name="jnt_spine1" id="jnt_spine1" sid="jnt_spine1" type="JOINT">
       <matrix sid="matrix">0.000000 0.000000 1.000000 0.000000 0.999914 -0.013155 -0.000000 0.212132 0.013155 0.999914 -0.000000 0.023482 0.000000 0.000000 0.000000 1.000000</matrix>
       <extra>
        <technique profile="FCOLLADA">
         <visibility>1.000000</visibility>
        </technique>
       </extra>
       <node name="jnt_spine2" id="jnt_spine2" sid="jnt_spine2" type="JOINT">
        <matrix sid="matrix">0.998580 0.053271 -0.000000 0.426848 -0.053271 0.998580 -0.000000 0.000003 0.000000 0.000000 1.000000 -0.000000 0.000000 0.000000 0.000000 1.000000</matrix>
        <extra>
         <technique profile="FCOLLADA">
          <visibility>1.000000</visibility>
         </technique>
        </extra>
        <node name="jnt_spine3" id="jnt_spine3" sid="jnt_spine3" type="JOINT">
         <matrix sid="matrix">0.997528 0.070262 -0.000000 0.555067 -0.070262 0.997528 -0.000000 0.000000 0.000000 0.000000 1.000000 -0.000000 0.000000 0.000000 0.000000 1.000000</matrix>
         <extra>
          <technique profile="FCOLLADA">
           <visibility>1.000000</visibility>
          </technique>
         </extra>
         <node name="jnt_neck" id="jnt_neck" sid="jnt_neck" type="JOINT">
          <matrix sid="matrix">0.999409 -0.034365 -0.000000 0.867450 0.034365 0.999409 -0.000000 0.171573 0.000000 0.000000 1.000000 -0.000000 0.000000 0.000000 0.000000 1.000000</matrix>
          <extra>
           <technique profile="FCOLLADA">
            <visibility>1.000000</visibility>
           </technique>
          </extra>
          <node name="jnt_head" id="jnt_head" sid="jnt_head" type="JOINT">
           <matrix sid="matrix">0.999537 -0.030417 -0.000001 0.273591 0.030417 0.999537 0.000000 0.000002 0.000001 -0.000000 1.000000 -0.000000 0.000000 0.000000 0.000000 1.000000</matrix>
           <extra>
            <technique profile="FCOLLADA">
             <visibility>1.000000</visibility>
            </technique>
           </extra>
           <node name="jnt_headappend" id="jnt_headappend" sid="jnt_headappend" type="JOINT">
            <matrix sid="matrix">1.000000 0.000000 -0.000000 0.000001 -0.000000 1.000000 0.000000 0.000000 0.000000 -0.000000 1.000000 -0.000000 0.000000 0.000000 0.000000 1.000000</matrix>
            <extra>
             <technique profile="FCOLLADA">
              <visibility>1.000000</visibility>
             </technique>
            </extra>
           </node>
          </node>
         </node>
         <node name="jnt_left_armroot" id="jnt_left_armroot" sid="jnt_left_armroot" type="JOINT">
          <matrix sid="matrix">0.999937 -0.010412 -0.004204 -0.857250 0.010594 0.998888 0.045934 0.597269 0.003721 -0.045975 0.998936 -0.437203 0.000000 0.000000 0.000000 1.000000</matrix>
          <extra>
           <technique profile="FCOLLADA">
            <visibility>1.000000</visibility>
           </technique>
          </extra>
          <node name="jnt_left_shoulder" id="jnt_left_shoulder" sid="jnt_left_shoulder" type="JOINT">
           <matrix sid="matrix">-0.019289 0.092831 -0.995495 0.635987 0.352002 -0.931301 -0.093665 0.114390 -0.935800 -0.352223 -0.014713 0.266187 0.000000 0.000000 0.000000 1.000000</matrix>
           <extra>
            <technique profile="FCOLLADA">
             <visibility>1.000000</visibility>
            </technique>
           </extra>
           <node name="jnt_left_arm" id="jnt_left_arm" sid="jnt_left_arm" type="JOINT">
            <matrix sid="matrix">-0.154170 -0.717001 -0.679809 -0.525417 0.265205 -0.692815 0.670576 -0.032447 -0.951787 -0.076906 0.296964 0.009492 0.000000 0.000000 0.000000 1.000000</matrix>
            <extra>
             <technique profile="FCOLLADA">
              <visibility>1.000000</visibility>
             </technique>
            </extra>
            <node name="jnt_left_armroll" id="jnt_left_armroll" sid="jnt_left_armroll" type="JOINT">
             <matrix sid="matrix">1.000000 -0.000000 0.000000 -0.421995 0.000000 1.000000 0.000000 0.000002 -0.000000 -0.000000 1.000000 -0.000004 0.000000 0.000000 0.000000 1.000000</matrix>
             <extra>
              <technique profile="FCOLLADA">
               <visibility>1.000000</visibility>
              </technique>
             </extra>
            </node>
            <node name="jnt_left_forearm" id="jnt_left_forearm" sid="jnt_left_forearm" type="JOINT">
             <matrix sid="matrix">0.999661 0.025335 0.006016 -0.843981 -0.023646 0.786487 0.617153 0.000001 0.010904 -0.617086 0.786820 0.000003 0.000000 0.000000 0.000000 1.000000</matrix>
             <extra>
              <technique profile="FCOLLADA">
               <visibility>1.000000</visibility>
              </technique>
             </extra>
             <node name="jnt_left_forearmroll" id="jnt_left_forearmroll" sid="jnt_left_forearmroll" type="JOINT">
              <matrix sid="matrix">1.000000 0.000001 -0.000000 -0.487001 -0.000001 1.000000 -0.000000 -0.000001 0.000000 0.000000 1.000000 -0.000004 0.000000 0.000000 0.000000 1.000000</matrix>
              <extra>
               <technique profile="FCOLLADA">
                <visibility>1.000000</visibility>
               </technique>
              </extra>
             </node>
             <node name="jnt_left_hand" id="jnt_left_hand" sid="jnt_left_hand" type="JOINT">
              <matrix sid="matrix">0.021793 0.665359 0.746205 -0.975262 -0.856540 -0.372516 0.357172 -0.000001 0.515622 -0.646937 0.561788 0.000000 0.000000 0.000000 0.000000 1.000000</matrix>
              <extra>
               <technique profile="FCOLLADA">
                <visibility>1.000000</visibility>
               </technique>
              </extra>
              <node name="jnt_left_handthumb1" id="jnt_left_handthumb1" sid="jnt_left_handthumb1" type="JOINT">
               <matrix sid="matrix">0.847245 -0.522545 -0.095504 -0.060229 0.457005 0.625381 0.632491 -0.203939 -0.270779 -0.579521 0.768657 0.155678 0.000000 0.000000 0.000000 1.000000</matrix>
               <extra>
                <technique profile="FCOLLADA">
                 <visibility>1.000000</visibility>
                </technique>
               </extra>
               <node name="jnt_left_handthumb2" id="jnt_left_handthumb2" sid="jnt_left_handthumb2" type="JOINT">
                <matrix sid="matrix">0.936673 0.350206 -0.000001 -0.213227 -0.350206 0.936673 -0.000003 -0.000002 -0.000001 0.000003 1.000000 0.000004 0.000000 0.000000 0.000000 1.000000</matrix>
                <extra>
                 <technique profile="FCOLLADA">
                  <visibility>1.000000</visibility>
                 </technique>
                </extra>
                <node name="jnt_left_handthumb3" id="jnt_left_handthumb3" sid="jnt_left_handthumb3" type="JOINT">
                 <matrix sid="matrix">0.957316 0.289044 -0.000001 -0.141879 -0.289044 0.957316 -0.000003 0.000003 0.000000 0.000003 1.000000 -0.000027 0.000000 0.000000 0.000000 1.000000</matrix>
                 <extra>
                  <technique profile="FCOLLADA">
                   <visibility>1.000000</visibility>
                  </technique>
                 </extra>
                 <node name="jnt_left_handthumb4" id="jnt_left_handthumb4" sid="jnt_left_handthumb4" type="JOINT">
                  <matrix sid="matrix">1.000000 -0.000000 0.000000 -0.122601 0.000000 1.000000 0.000000 -0.000006 -0.000000 -0.000000 1.000000 0.000005 0.000000 0.000000 0.000000 1.000000</matrix>
                  <extra>
                   <technique profile="FCOLLADA">
                    <visibility>1.000000</visibility>
                   </technique>
                  </extra>
                 </node>
                </node>
               </node>
              </node>
              <node name="jnt_left_handindex1" id="jnt_left_handindex1" sid="jnt_left_handindex1" type="JOINT">
               <matrix sid="matrix">0.803118 0.595024 -0.030790 -0.494375 -0.069847 0.042702 -0.996644 -0.203977 -0.591712 0.802573 0.075855 -0.029847 0.000000 0.000000 0.000000 1.000000</matrix>
               <extra>
                <technique profile="FCOLLADA">
                 <visibility>1.000000</visibility>
                </technique>
               </extra>
               <node name="jnt_left_handindex2" id="jnt_left_handindex2" sid="jnt_left_handindex2" type="JOINT">
                <matrix sid="matrix">0.977194 0.212348 -0.000000 -0.145432 -0.212348 0.977194 -0.000000 0.001125 0.000000 0.000000 1.000000 0.000040 0.000000 0.000000 0.000000 1.000000</matrix>
                <extra>
                 <technique profile="FCOLLADA">
                  <visibility>1.000000</visibility>
                 </technique>
                </extra>
                <node name="jnt_left_handindex3" id="jnt_left_handindex3" sid="jnt_left_handindex3" type="JOINT">
                 <matrix sid="matrix">0.999087 0.042728 -0.000000 -0.093752 -0.042728 0.999086 0.000001 0.000003 0.000000 -0.000001 1.000000 -0.000000 0.000000 0.000000 0.000000 1.000000</matrix>
                 <extra>
                  <technique profile="FCOLLADA">
                   <visibility>1.000000</visibility>
                  </technique>
                 </extra>
                 <node name="jnt_left_handindex4" id="jnt_left_handindex4" sid="jnt_left_handindex4" type="JOINT">
                  <matrix sid="matrix">1.000000 0.000000 0.000000 -0.107084 -0.000000 1.000000 -0.000000 0.000049 -0.000000 0.000000 1.000000 -0.001504 0.000000 0.000000 0.000000 1.000000</matrix>
                  <extra>
                   <technique profile="FCOLLADA">
                    <visibility>1.000000</visibility>
                   </technique>
                  </extra>
                 </node>
                </node>
               </node>
              </node>
              <node name="jnt_left_weapon" id="jnt_left_weapon" sid="jnt_left_weapon" type="JOINT">
               <matrix sid="matrix">-0.068652 -0.108939 -0.991679 -0.369354 0.108715 -0.988918 0.101111 -0.054074 -0.991705 -0.100868 0.079734 0.296616 0.000000 0.000000 0.000000 1.000000</matrix>
               <extra>
                <technique profile="FCOLLADA">
                 <visibility>1.000000</visibility>
                </technique>
               </extra>
              </node>
              <node name="jnt_left_handmiddle1" id="jnt_left_handmiddle1" sid="jnt_left_handmiddle1" type="JOINT">
               <matrix sid="matrix">0.640058 0.767591 -0.033615 -0.489248 0.010231 -0.052262 -0.998581 -0.062066 -0.768258 0.638806 -0.041303 -0.036308 0.000000 0.000000 0.000000 1.000000</matrix>
               <extra>
                <technique profile="FCOLLADA">
                 <visibility>1.000000</visibility>
                </technique>
               </extra>
               <node name="jnt_left_handmiddle2" id="jnt_left_handmiddle2" sid="jnt_left_handmiddle2" type="JOINT">
                <matrix sid="matrix">0.910363 0.413810 -0.000000 -0.176688 -0.413810 0.910363 0.000000 0.000003 0.000000 -0.000000 1.000000 0.000000 0.000000 0.000000 0.000000 1.000000</matrix>
                <extra>
                 <technique profile="FCOLLADA">
                  <visibility>1.000000</visibility>
                 </technique>
                </extra>
                <node name="jnt_left_handmiddle3" id="jnt_left_handmiddle3" sid="jnt_left_handmiddle3" type="JOINT">
                 <matrix sid="matrix">0.978982 0.203949 0.000000 -0.108367 -0.203949 0.978981 0.000000 0.000002 -0.000000 -0.000000 1.000000 -0.000000 0.000000 0.000000 0.000000 1.000000</matrix>
                 <extra>
                  <technique profile="FCOLLADA">
                   <visibility>1.000000</visibility>
                  </technique>
                 </extra>
                 <node name="jnt_left_handmiddle4" id="jnt_left_handmiddle4" sid="jnt_left_handmiddle4" type="JOINT">
                  <matrix sid="matrix">1.000000 0.000000 -0.000000 -0.119193 0.000000 1.000000 0.000000 -0.000107 0.000000 -0.000000 1.000000 0.000005 0.000000 0.000000 0.000000 1.000000</matrix>
                  <extra>
                   <technique profile="FCOLLADA">
                    <visibility>1.000000</visibility>
                   </technique>
                  </extra>
                 </node>
                </node>
               </node>
              </node>
              <node name="jnt_left_handring1" id="jnt_left_handring1" sid="jnt_left_handring1" type="JOINT">
               <matrix sid="matrix">0.605660 0.778632 -0.164038 -0.469963 0.017593 -0.219202 -0.975521 0.076797 -0.795529 0.587948 -0.146460 -0.036647 0.000000 0.000000 0.000000 1.000000</matrix>
               <extra>
                <technique profile="FCOLLADA">
                 <visibility>1.000000</visibility>
                </technique>
               </extra>
               <node name="jnt_left_handring2" id="jnt_left_handring2" sid="jnt_left_handring2" type="JOINT">
                <matrix sid="matrix">0.881478 0.472226 0.000000 -0.184233 -0.472226 0.881478 -0.000001 -0.000001 -0.000001 0.000001 1.000000 -0.000001 0.000000 0.000000 0.000000 1.000000</matrix>
                <extra>
                 <technique profile="FCOLLADA">
                  <visibility>1.000000</visibility>
                 </technique>
                </extra>
                <node name="jnt_left_handring3" id="jnt_left_handring3" sid="jnt_left_handring3" type="JOINT">
                 <matrix sid="matrix">0.967951 0.251140 -0.000000 -0.103958 -0.251140 0.967951 0.000001 0.000003 0.000000 -0.000001 1.000000 0.000000 0.000000 0.000000 0.000000 1.000000</matrix>
                 <extra>
                  <technique profile="FCOLLADA">
                   <visibility>1.000000</visibility>
                  </technique>
                 </extra>
                 <node name="jnt_left_handring4" id="jnt_left_handring4" sid="jnt_left_handring4" type="JOINT">
                  <matrix sid="matrix">1.000000 0.000000 0.000000 -0.120246 -0.000000 1.000000 0.000000 -0.000105 -0.000000 -0.000000 1.000000 0.000017 0.000000 0.000000 0.000000 1.000000</matrix>
                  <extra>
                   <technique profile="FCOLLADA">
                    <visibility>1.000000</visibility>
                   </technique>
                  </extra>
                 </node>
                </node>
               </node>
              </node>
              <node name="jnt_left_handpinky1" id="jnt_left_handpinky1" sid="jnt_left_handpinky1" type="JOINT">
               <matrix sid="matrix">0.536721 0.840265 -0.076716 -0.407613 0.103818 -0.155996 -0.982287 0.208155 -0.837348 0.519250 -0.170961 0.012224 0.000000 0.000000 0.000000 1.000000</matrix>
               <extra>
                <technique profile="FCOLLADA">
                 <visibility>1.000000</visibility>
                </technique>
               </extra>
               <node name="jnt_left_handpinky2" id="jnt_left_handpinky2" sid="jnt_left_handpinky2" type="JOINT">
                <matrix sid="matrix">0.822138 0.569288 0.000001 -0.148503 -0.569288 0.822138 -0.000000 0.000001 -0.000001 -0.000000 1.000000 -0.000001 0.000000 0.000000 0.000000 1.000000</matrix>
                <extra>
                 <technique profile="FCOLLADA">
                  <visibility>1.000000</visibility>
                 </technique>
                </extra>
                <node name="jnt_left_handpinky3" id="jnt_left_handpinky3" sid="jnt_left_handpinky3" type="JOINT">
                 <matrix sid="matrix">0.936795 0.349878 -0.000000 -0.075474 -0.349878 0.936795 -0.000001 0.000002 0.000000 0.000001 1.000000 0.000000 0.000000 0.000000 0.000000 1.000000</matrix>
                 <extra>
                  <technique profile="FCOLLADA">
                   <visibility>1.000000</visibility>
                  </technique>
                 </extra>
                 <node name="jnt_left_handpinky4" id="jnt_left_handpinky4" sid="jnt_left_handpinky4" type="JOINT">
                  <matrix sid="matrix">1.000000 0.000000 -0.000000 -0.101158 -0.000000 1.000000 0.000000 -0.000003 0.000000 0.000000 1.000000 0.000000 0.000000 0.000000 0.000000 1.000000</matrix>
                  <extra>
                   <technique profile="FCOLLADA">
                    <visibility>1.000000</visibility>
                   </technique>
                  </extra>
                 </node>
                </node>
               </node>
              </node>
             </node>
            </node>
           </node>
          </node>
         </node>
         <node name="jnt_right_armroot" id="jnt_right_armroot" sid="jnt_right_armroot" type="JOINT">
          <matrix sid="matrix">1.000000 -0.000004 -0.000000 -1.159978 0.000004 1.000000 -0.000000 -0.738130 0.000000 0.000000 1.000000 0.820651 0.000000 0.000000 0.000000 1.000000</matrix>
          <extra>
           <technique profile="FCOLLADA">
            <visibility>1.000000</visibility>
           </technique>
          </extra>
          <node name="jnt_right_shoulder" id="jnt_right_shoulder" sid="jnt_right_shoulder" type="JOINT">
           <matrix sid="matrix">0.019288 -0.092831 0.995495 0.635987 -0.352003 0.931300 0.093665 0.114390 -0.935800 -0.352224 -0.014713 -0.266187 0.000000 0.000000 0.000000 1.000000</matrix>
           <extra>
            <technique profile="FCOLLADA">
             <visibility>1.000000</visibility>
            </technique>
           </extra>
           <node name="jnt_right_arm" id="jnt_right_arm" sid="jnt_right_arm" type="JOINT">
            <matrix sid="matrix">0.213320 -0.976778 -0.019921 0.525417 -0.159349 -0.014669 -0.987113 0.032447 0.963900 0.213745 -0.158778 -0.009491 0.000000 0.000000 0.000000 1.000000</matrix>
            <extra>
             <technique profile="FCOLLADA">
              <visibility>1.000000</visibility>
             </technique>
            </extra>
            <node name="jnt_right_armroll" id="jnt_right_armroll" sid="jnt_right_armroll" type="JOINT">
             <matrix sid="matrix">1.000000 0.000000 -0.000000 0.421995 -0.000000 1.000000 0.000000 -0.000002 0.000000 -0.000000 1.000000 0.000004 0.000000 0.000000 0.000000 1.000000</matrix>
             <extra>
              <technique profile="FCOLLADA">
               <visibility>1.000000</visibility>
              </technique>
             </extra>
            </node>
            <node name="jnt_right_forearm" id="jnt_right_forearm" sid="jnt_right_forearm" type="JOINT">
             <matrix sid="matrix">-0.489913 -0.091328 0.866974 0.843981 0.364134 0.882150 0.298693 -0.000002 -0.792081 0.462028 -0.398921 -0.000003 0.000000 0.000000 0.000000 1.000000</matrix>
             <extra>
              <technique profile="FCOLLADA">
               <visibility>1.000000</visibility>
              </technique>
             </extra>
             <node name="jnt_right_forearmroll" id="jnt_right_forearmroll" sid="jnt_right_forearmroll" type="JOINT">
              <matrix sid="matrix">1.000000 0.000001 0.000000 0.487001 -0.000001 1.000000 -0.000000 -0.000000 -0.000000 0.000000 1.000000 0.000003 0.000000 0.000000 0.000000 1.000000</matrix>
              <extra>
               <technique profile="FCOLLADA">
                <visibility>1.000000</visibility>
               </technique>
              </extra>
             </node>
             <node name="jnt_right_hand" id="jnt_right_hand" sid="jnt_right_hand" type="JOINT">
              <matrix sid="matrix">0.914005 0.340123 0.221159 0.975261 -0.181002 0.829729 -0.528005 -0.000000 -0.363089 0.442569 0.819938 0.000002 0.000000 0.000000 0.000000 1.000000</matrix>
              <extra>
               <technique profile="FCOLLADA">
                <visibility>1.000000</visibility>
               </technique>
              </extra>
              <node name="jnt_right_handthumb1" id="jnt_right_handthumb1" sid="jnt_right_handthumb1" type="JOINT">
               <matrix sid="matrix">0.840651 -0.501489 0.204487 0.060226 0.200669 0.639129 0.742459 0.203940 -0.503029 -0.583115 0.637917 -0.155682 0.000000 0.000000 0.000000 1.000000</matrix>
               <extra>
                <technique profile="FCOLLADA">
                 <visibility>1.000000</visibility>
                </technique>
               </extra>
               <node name="jnt_right_handthumb2" id="jnt_right_handthumb2" sid="jnt_right_handthumb2" type="JOINT">
                <matrix sid="matrix">0.925479 0.378800 -0.000001 0.213224 -0.378800 0.925479 -0.000003 -0.000000 -0.000001 0.000003 1.000000 0.000000 0.000000 0.000000 0.000000 1.000000</matrix>
                <extra>
                 <technique profile="FCOLLADA">
                  <visibility>1.000000</visibility>
                 </technique>
                </extra>
                <node name="jnt_right_handthumb3" id="jnt_right_handthumb3" sid="jnt_right_handthumb3" type="JOINT">
                 <matrix sid="matrix">0.947989 0.318304 0.000001 0.141882 -0.318304 0.947988 0.000006 -0.000001 0.000001 -0.000006 1.000000 0.000023 0.000000 0.000000 0.000000 1.000000</matrix>
                 <extra>
                  <technique profile="FCOLLADA">
                   <visibility>1.000000</visibility>
                  </technique>
                 </extra>
                 <node name="jnt_right_handthumb4" id="jnt_right_handthumb4" sid="jnt_right_handthumb4" type="JOINT">
                  <matrix sid="matrix">1.000000 -0.000002 0.000000 0.122606 0.000002 1.000000 -0.000000 0.000000 0.000000 0.000000 1.000000 0.000000 0.000000 0.000000 0.000000 1.000000</matrix>
                  <extra>
                   <technique profile="FCOLLADA">
                    <visibility>1.000000</visibility>
                   </technique>
                  </extra>
                 </node>
                </node>
               </node>
              </node>
              <node name="jnt_right_handindex1" id="jnt_right_handindex1" sid="jnt_right_handindex1" type="JOINT">
               <matrix sid="matrix">0.773118 0.581355 -0.253605 0.494373 -0.340123 0.042509 -0.939420 0.203977 -0.535356 0.812539 0.230597 0.029845 0.000000 0.000000 0.000000 1.000000</matrix>
               <extra>
                <technique profile="FCOLLADA">
                 <visibility>1.000000</visibility>
                </technique>
               </extra>
               <node name="jnt_right_handindex2" id="jnt_right_handindex2" sid="jnt_right_handindex2" type="JOINT">
                <matrix sid="matrix">0.980654 0.195750 -0.000000 0.145440 -0.195750 0.980654 -0.000000 -0.001121 0.000000 0.000000 1.000000 -0.000039 0.000000 0.000000 0.000000 1.000000</matrix>
                <extra>
                 <technique profile="FCOLLADA">
                  <visibility>1.000000</visibility>
                 </technique>
                </extra>
                <node name="jnt_right_handindex3" id="jnt_right_handindex3" sid="jnt_right_handindex3" type="JOINT">
                 <matrix sid="matrix">0.999666 0.025823 -0.000000 0.093746 -0.025823 0.999667 0.000000 0.000000 0.000000 -0.000000 1.000000 0.000000 0.000000 0.000000 0.000000 1.000000</matrix>
                 <extra>
                  <technique profile="FCOLLADA">
                   <visibility>1.000000</visibility>
                  </technique>
                 </extra>
                 <node name="jnt_right_handindex4" id="jnt_right_handindex4" sid="jnt_right_handindex4" type="JOINT">
                  <matrix sid="matrix">1.000000 0.000000 0.000000 0.107088 -0.000000 1.000000 0.000000 -0.000052 -0.000000 -0.000000 1.000000 0.001503 0.000000 0.000000 0.000000 1.000000</matrix>
                  <extra>
                   <technique profile="FCOLLADA">
                    <visibility>1.000000</visibility>
                   </technique>
                  </extra>
                 </node>
                </node>
               </node>
              </node>
              <node name="jnt_right_weapon" id="jnt_right_weapon" sid="jnt_right_weapon" type="JOINT">
               <matrix sid="matrix">-0.236786 -0.111367 0.965158 0.408330 0.102325 0.985025 0.138763 0.002724 -0.966158 0.131617 -0.221844 -0.174393 0.000000 0.000000 0.000000 1.000000</matrix>
               <extra>
                <technique profile="FCOLLADA">
                 <visibility>1.000000</visibility>
                </technique>
               </extra>
              </node>
              <node name="jnt_right_handmiddle1" id="jnt_right_handmiddle1" sid="jnt_right_handmiddle1" type="JOINT">
               <matrix sid="matrix">0.368560 0.925868 -0.083257 0.489245 -0.066291 -0.063157 -0.995799 0.062066 -0.927237 0.372531 0.038099 0.036303 0.000000 0.000000 0.000000 1.000000</matrix>
               <extra>
                <technique profile="FCOLLADA">
                 <visibility>1.000000</visibility>
                </technique>
               </extra>
               <node name="jnt_right_handmiddle2" id="jnt_right_handmiddle2" sid="jnt_right_handmiddle2" type="JOINT">
                <matrix sid="matrix">0.739923 0.672691 -0.000000 0.176685 -0.672692 0.739923 -0.000000 0.000000 0.000000 0.000000 1.000000 -0.000000 0.000000 0.000000 0.000000 1.000000</matrix>
                <extra>
                 <technique profile="FCOLLADA">
                  <visibility>1.000000</visibility>
                 </technique>
                </extra>
                <node name="jnt_right_handmiddle3" id="jnt_right_handmiddle3" sid="jnt_right_handmiddle3" type="JOINT">
                 <matrix sid="matrix">0.869501 0.493932 -0.000000 0.108374 -0.493932 0.869501 0.000000 -0.000000 0.000000 -0.000000 1.000000 -0.000000 0.000000 0.000000 0.000000 1.000000</matrix>
                 <extra>
                  <technique profile="FCOLLADA">
                   <visibility>1.000000</visibility>
                  </technique>
                 </extra>
                 <node name="jnt_right_handmiddle4" id="jnt_right_handmiddle4" sid="jnt_right_handmiddle4" type="JOINT">
                  <matrix sid="matrix">1.000000 0.000000 0.000000 0.119191 -0.000000 1.000000 0.000000 0.000105 -0.000000 -0.000000 1.000000 -0.000005 0.000000 0.000000 0.000000 1.000000</matrix>
                  <extra>
                   <technique profile="FCOLLADA">
                    <visibility>1.000000</visibility>
                   </technique>
                  </extra>
                 </node>
                </node>
               </node>
              </node>
              <node name="jnt_right_handring1" id="jnt_right_handring1" sid="jnt_right_handring1" type="JOINT">
               <matrix sid="matrix">0.355831 0.903711 -0.238097 0.469962 -0.059672 -0.232282 -0.970817 -0.076798 -0.932643 0.359654 -0.028727 0.036646 0.000000 0.000000 0.000000 1.000000</matrix>
               <extra>
                <technique profile="FCOLLADA">
                 <visibility>1.000000</visibility>
                </technique>
               </extra>
               <node name="jnt_right_handring2" id="jnt_right_handring2" sid="jnt_right_handring2" type="JOINT">
                <matrix sid="matrix">0.729500 0.683981 -0.000001 0.184241 -0.683981 0.729500 -0.000001 0.000000 -0.000000 0.000001 1.000000 0.000000 0.000000 0.000000 0.000000 1.000000</matrix>
                <extra>
                 <technique profile="FCOLLADA">
                  <visibility>1.000000</visibility>
                 </technique>
                </extra>
                <node name="jnt_right_handring3" id="jnt_right_handring3" sid="jnt_right_handring3" type="JOINT">
                 <matrix sid="matrix">0.870175 0.492743 0.000000 0.103951 -0.492743 0.870175 0.000001 0.000001 0.000000 -0.000001 1.000000 0.000000 0.000000 0.000000 0.000000 1.000000</matrix>
                 <extra>
                  <technique profile="FCOLLADA">
                   <visibility>1.000000</visibility>
                  </technique>
                 </extra>
                 <node name="jnt_right_handring4" id="jnt_right_handring4" sid="jnt_right_handring4" type="JOINT">
                  <matrix sid="matrix">1.000000 0.000000 -0.000000 0.120247 -0.000000 1.000000 0.000000 0.000103 0.000000 -0.000000 1.000000 -0.000016 0.000000 0.000000 0.000000 1.000000</matrix>
                  <extra>
                   <technique profile="FCOLLADA">
                    <visibility>1.000000</visibility>
                   </technique>
                  </extra>
                 </node>
                </node>
               </node>
              </node>
              <node name="jnt_right_handpinky1" id="jnt_right_handpinky1" sid="jnt_right_handpinky1" type="JOINT">
               <matrix sid="matrix">0.385619 0.904000 -0.184611 0.407608 -0.085970 -0.164011 -0.982705 -0.208155 -0.918644 0.394821 0.014471 -0.012229 0.000000 0.000000 0.000000 1.000000</matrix>
               <extra>
                <technique profile="FCOLLADA">
                 <visibility>1.000000</visibility>
                </technique>
               </extra>
               <node name="jnt_right_handpinky2" id="jnt_right_handpinky2" sid="jnt_right_handpinky2" type="JOINT">
                <matrix sid="matrix">0.734578 0.678524 -0.000001 0.148507 -0.678524 0.734578 -0.000001 0.000001 -0.000000 0.000001 1.000000 0.000000 0.000000 0.000000 0.000000 1.000000</matrix>
                <extra>
                 <technique profile="FCOLLADA">
                  <visibility>1.000000</visibility>
                 </technique>
                </extra>
                <node name="jnt_right_handpinky3" id="jnt_right_handpinky3" sid="jnt_right_handpinky3" type="JOINT">
                 <matrix sid="matrix">0.878731 0.477317 -0.000000 0.075471 -0.477317 0.878731 0.000002 -0.000001 0.000001 -0.000001 1.000000 -0.000000 0.000000 0.000000 0.000000 1.000000</matrix>
                 <extra>
                  <technique profile="FCOLLADA">
                   <visibility>1.000000</visibility>
                  </technique>
                 </extra>
                 <node name="jnt_right_handpinky4" id="jnt_right_handpinky4" sid="jnt_right_handpinky4" type="JOINT">
                  <matrix sid="matrix">1.000000 0.000000 0.000000 0.101152 -0.000000 1.000000 -0.000000 0.000000 -0.000000 0.000000 1.000000 -0.000000 0.000000 0.000000 0.000000 1.000000</matrix>
                  <extra>
                   <technique profile="FCOLLADA">
                    <visibility>1.000000</visibility>
                   </technique>
                  </extra>
                 </node>
                </node>
               </node>
              </node>
             </node>
            </node>
           </node>
          </node>
         </node>
         <node name="jnt_backpack" id="jnt_backpack" sid="jnt_backpack" type="JOINT">
          <matrix sid="matrix">0.000000 0.995068 -0.099191 0.682545 -0.000000 0.099191 0.995068 -0.705658 1.000000 -0.000000 0.000000 -0.000000 0.000000 0.000000 0.000000 1.000000</matrix>
          <extra>
           <technique profile="FCOLLADA">
            <visibility>1.000000</visibility>
           </technique>
          </extra>
         </node>
        </node>
       </node>
      </node>
      <node name="jnt_camera" id="jnt_camera" sid="jnt_camera" type="JOINT">
       <matrix sid="matrix">1.000000 -0.000000 -0.000000 0.000000 0.000000 0.999988 0.004912 1.193611 0.000000 -0.004912 0.999988 0.007402 0.000000 0.000000 0.000000 1.000000</matrix>
       <extra>
        <technique profile="FCOLLADA">
         <visibility>1.000000</visibility>
        </technique>
       </extra>
      </node>
     </node>
     <node name="jnt_right_upleg" id="jnt_right_upleg" sid="jnt_right_upleg" type="JOINT">
      <matrix sid="matrix">-0.112562 -0.332887 -0.936224 -0.446779 -0.993503 0.053585 0.100396 -0.111214 0.016747 0.941443 -0.336756 0.043020 0.000000 0.000000 0.000000 1.000000</matrix>
      <extra>
       <technique profile="FCOLLADA">
        <visibility>1.000000</visibility>
       </technique>
      </extra>
      <node name="jnt_right_uplegroll" id="jnt_right_uplegroll" sid="jnt_right_uplegroll" type="JOINT">
       <matrix sid="matrix">1.000000 -0.000000 0.000000 0.430000 0.000000 1.000000 0.000000 0.000000 -0.000000 -0.000000 1.000000 -0.000000 0.000000 0.000000 0.000000 1.000000</matrix>
       <extra>
        <technique profile="FCOLLADA">
         <visibility>1.000000</visibility>
        </technique>
       </extra>
      </node>
      <node name="jnt_right_leg" id="jnt_right_leg" sid="jnt_right_leg" type="JOINT">
       <matrix sid="matrix">0.968055 0.250270 -0.015278 0.860324 -0.240256 0.943300 0.229042 0.000000 0.071735 -0.218055 0.973296 -0.000000 0.000000 0.000000 0.000000 1.000000</matrix>
       <extra>
        <technique profile="FCOLLADA">
         <visibility>1.000000</visibility>
        </technique>
       </extra>
       <node name="jnt_right_legroll" id="jnt_right_legroll" sid="jnt_right_legroll" type="JOINT">
        <matrix sid="matrix">1.000000 0.000000 0.000000 0.384000 -0.000000 1.000000 0.000000 -0.000000 -0.000000 -0.000000 1.000000 0.000000 0.000000 0.000000 0.000000 1.000000</matrix>
        <extra>
         <technique profile="FCOLLADA">
          <visibility>1.000000</visibility>
         </technique>
        </extra>
       </node>
       <node name="jnt_right_foot" id="jnt_right_foot" sid="jnt_right_foot" type="JOINT">
        <matrix sid="matrix">0.278762 -0.954826 0.102953 0.768144 0.945566 0.291630 0.144415 -0.000001 -0.167916 0.057091 0.984147 0.000000 0.000000 0.000000 0.000000 1.000000</matrix>
        <extra>
         <technique profile="FCOLLADA">
          <visibility>1.000000</visibility>
         </technique>
        </extra>
        <node name="jnt_right_toebase" id="jnt_right_toebase" sid="jnt_right_toebase" type="JOINT">
         <matrix sid="matrix">0.918936 -0.394407 -0.000000 0.441847 0.394407 0.918936 0.000000 -0.000000 0.000000 -0.000000 1.000000 0.000000 0.000000 0.000000 0.000000 1.000000</matrix>
         <extra>
          <technique profile="FCOLLADA">
           <visibility>1.000000</visibility>
          </technique>
         </extra>
         <node name="jnt_right_toeend" id="jnt_right_toeend" sid="jnt_right_toeend" type="JOINT">
          <matrix sid="matrix">1.000000 -0.000001 -0.000000 0.379397 0.000001 1.000000 -0.000000 0.000000 0.000000 0.000000 1.000000 0.000000 0.000000 0.000000 0.000000 1.000000</matrix>
          <extra>
           <technique profile="FCOLLADA">
            <visibility>1.000000</visibility>
           </technique>
          </extra>
         </node>
        </node>
       </node>
      </node>
     </node>
     <node name="jnt_left_upleg" id="jnt_left_upleg" sid="jnt_left_upleg" type="JOINT">
      <matrix sid="matrix">0.112561 0.332886 -0.936224 0.446779 -0.993504 0.053590 -0.100393 -0.111213 0.016753 0.941443 0.336756 0.043020 0.000000 0.000000 0.000000 1.000000</matrix>
      <extra>
       <technique profile="FCOLLADA">
        <visibility>1.000000</visibility>
       </technique>
      </extra>
      <node name="jnt_left_uplegroll" id="jnt_left_uplegroll" sid="jnt_left_uplegroll" type="JOINT">
       <matrix sid="matrix">1.000000 -0.000000 -0.000000 0.430000 0.000000 1.000000 -0.000000 -0.000000 0.000000 0.000000 1.000000 0.000000 0.000000 0.000000 0.000000 1.000000</matrix>
       <extra>
        <technique profile="FCOLLADA">
         <visibility>1.000000</visibility>
        </technique>
       </extra>
      </node>
      <node name="jnt_left_leg" id="jnt_left_leg" sid="jnt_left_leg" type="JOINT">
       <matrix sid="matrix">0.968052 0.250284 0.015281 0.860328 -0.240268 0.943298 -0.229044 -0.000000 -0.071741 0.218054 0.973296 0.000001 0.000000 0.000000 0.000000 1.000000</matrix>
       <extra>
        <technique profile="FCOLLADA">
         <visibility>1.000000</visibility>
        </technique>
       </extra>
       <node name="jnt_left_legroll" id="jnt_left_legroll" sid="jnt_left_legroll" type="JOINT">
        <matrix sid="matrix">1.000000 -0.000000 -0.000000 0.384000 0.000000 1.000000 -0.000000 0.000000 0.000000 0.000000 1.000000 0.000000 0.000000 0.000000 0.000000 1.000000</matrix>
        <extra>
         <technique profile="FCOLLADA">
          <visibility>1.000000</visibility>
         </technique>
        </extra>
       </node>
       <node name="jnt_left_foot" id="jnt_left_foot" sid="jnt_left_foot" type="JOINT">
        <matrix sid="matrix">0.278754 -0.954828 -0.102953 0.768142 0.945569 0.291623 -0.144416 0.000000 0.167916 -0.057093 0.984147 -0.000001 0.000000 0.000000 0.000000 1.000000</matrix>
        <extra>
         <technique profile="FCOLLADA">
          <visibility>1.000000</visibility>
         </technique>
        </extra>
        <node name="jnt_left_toebase" id="jnt_left_toebase" sid="jnt_left_toebase" type="JOINT">
         <matrix sid="matrix">0.918936 -0.394408 0.000000 0.441847 0.394408 0.918936 -0.000000 0.000000 0.000000 0.000000 1.000000 -0.000000 0.000000 0.000000 0.000000 1.000000</matrix>
         <extra>
          <technique profile="FCOLLADA">
           <visibility>1.000000</visibility>
          </technique>
         </extra>
         <node name="jnt_left_toeend" id="jnt_left_toeend" sid="jnt_left_toeend" type="JOINT">
          <matrix sid="matrix">1.000000 -0.000001 -0.000000 0.379397 0.000001 1.000000 -0.000000 -0.000000 0.000000 0.000000 1.000000 -0.000000 0.000000 0.000000 0.000000 1.000000</matrix>
          <extra>
           <technique profile="FCOLLADA">
            <visibility>1.000000</visibility>
           </technique>
          </extra>
         </node>
        </node>
       </node>
      </node>
     </node>
    </node>
   </node>
   <extra>
    <technique profile="MAX3D">
     <frame_rate>60.000000</frame_rate>
    </technique>
    <technique profile="FCOLLADA">
     <start_time>0.000000</start_time>
     <end_time>1.000000</end_time>
    </technique>
   </extra>
  </visual_scene>
 </library_visual_scenes>
 <scene>
  <instance_visual_scene url="#Scene"></instance_visual_scene>
 </scene>
</COLLADA>
